year,month,county,reporting_unit,election_type,office,party,candidate,total_votes,votes
2001,APRIL,ADAMS,ADAMS TOWN WARDS 1 - 6,SPRING GENERAL,JUSTICE OF THE SUPREME COURT,NONPARTISAN,"DAVID T PROSSER, JR.",54,54
2001,APRIL,ADAMS,ADAMS TOWN WARDS 1 - 6,SPRING GENERAL,JUSTICE OF THE SUPREME COURT,NONPARTISAN,SCATTERING,54,0
2001,APRIL,ADAMS,BIG FLATS TOWN WARDS 1 - 4,SPRING GENERAL,JUSTICE OF THE SUPREME COURT,NONPARTISAN,"DAVID T PROSSER, JR.",167,167
2001,APRIL,ADAMS,BIG FLATS TOWN WARDS 1 - 4,SPRING GENERAL,JUSTICE OF THE SUPREME COURT,NONPARTISAN,SCATTERING,167,0
2001,APRIL,ADAMS,COLBURN TOWN WARD 1,SPRING GENERAL,JUSTICE OF THE SUPREME COURT,NONPARTISAN,"DAVID T PROSSER, JR.",20,20
2001,APRIL,ADAMS,COLBURN TOWN WARD 1,SPRING GENERAL,JUSTICE OF THE SUPREME COURT,NONPARTISAN,SCATTERING,20,0
2001,APRIL,ADAMS,DELL PRAIRIE TOWN WARDS 1 & 2,SPRING GENERAL,JUSTICE OF THE SUPREME COURT,NONPARTISAN,"DAVID T PROSSER, JR.",127,127
2001,APRIL,ADAMS,DELL PRAIRIE TOWN WARDS 1 & 2,SPRING GENERAL,JUSTICE OF THE SUPREME COURT,NONPARTISAN,SCATTERING,127,0
2001,APRIL,ADAMS,EASTON TOWN WARDS 1 & 2,SPRING GENERAL,JUSTICE OF THE SUPREME COURT,NONPARTISAN,"DAVID T PROSSER, JR.",92,92
2001,APRIL,ADAMS,EASTON TOWN WARDS 1 & 2,SPRING GENERAL,JUSTICE OF THE SUPREME COURT,NONPARTISAN,SCATTERING,92,0
2001,APRIL,ADAMS,JACKSON TOWN WARD 1,SPRING GENERAL,JUSTICE OF THE SUPREME COURT,NONPARTISAN,"DAVID T PROSSER, JR.",133,133
2001,APRIL,ADAMS,JACKSON TOWN WARD 1,SPRING GENERAL,JUSTICE OF THE SUPREME COURT,NONPARTISAN,SCATTERING,133,0
2001,APRIL,ADAMS,LEOLA TOWN WARD 1,SPRING GENERAL,JUSTICE OF THE SUPREME COURT,NONPARTISAN,"DAVID T PROSSER, JR.",26,26
2001,APRIL,ADAMS,LEOLA TOWN WARD 1,SPRING GENERAL,JUSTICE OF THE SUPREME COURT,NONPARTISAN,SCATTERING,26,0
2001,APRIL,ADAMS,LINCOLN TOWN WARD 1,SPRING GENERAL,JUSTICE OF THE SUPREME COURT,NONPARTISAN,"DAVID T PROSSER, JR.",32,32
2001,APRIL,ADAMS,LINCOLN TOWN WARD 1,SPRING GENERAL,JUSTICE OF THE SUPREME COURT,NONPARTISAN,SCATTERING,32,0
2001,APRIL,ADAMS,MONROE TOWN WARD 1,SPRING GENERAL,JUSTICE OF THE SUPREME COURT,NONPARTISAN,"DAVID T PROSSER, JR.",93,93
2001,APRIL,ADAMS,MONROE TOWN WARD 1,SPRING GENERAL,JUSTICE OF THE SUPREME COURT,NONPARTISAN,SCATTERING,93,0
2001,APRIL,ADAMS,NEW CHESTER TOWN WARDS 1 - 3,SPRING GENERAL,JUSTICE OF THE SUPREME COURT,NONPARTISAN,"DAVID T PROSSER, JR.",113,113
2001,APRIL,ADAMS,NEW CHESTER TOWN WARDS 1 - 3,SPRING GENERAL,JUSTICE OF THE SUPREME COURT,NONPARTISAN,SCATTERING,113,0
2001,APRIL,ADAMS,NEW HAVEN TOWN WARD 1,SPRING GENERAL,JUSTICE OF THE SUPREME COURT,NONPARTISAN,"DAVID T PROSSER, JR.",216,216
2001,APRIL,ADAMS,NEW HAVEN TOWN WARD 1,SPRING GENERAL,JUSTICE OF THE SUPREME COURT,NONPARTISAN,SCATTERING,216,0
2001,APRIL,ADAMS,PRESTON TOWN WARDS 1 - 3,SPRING GENERAL,JUSTICE OF THE SUPREME COURT,NONPARTISAN,"DAVID T PROSSER, JR.",77,77
2001,APRIL,ADAMS,PRESTON TOWN WARDS 1 - 3,SPRING GENERAL,JUSTICE OF THE SUPREME COURT,NONPARTISAN,SCATTERING,77,0
2001,APRIL,ADAMS,QUINCY TOWN WARDS 1 & 2,SPRING GENERAL,JUSTICE OF THE SUPREME COURT,NONPARTISAN,"DAVID T PROSSER, JR.",125,125
2001,APRIL,ADAMS,QUINCY TOWN WARDS 1 & 2,SPRING GENERAL,JUSTICE OF THE SUPREME COURT,NONPARTISAN,SCATTERING,125,0
2001,APRIL,ADAMS,RICHFIELD TOWN WARD 1,SPRING GENERAL,JUSTICE OF THE SUPREME COURT,NONPARTISAN,"DAVID T PROSSER, JR.",20,20
2001,APRIL,ADAMS,RICHFIELD TOWN WARD 1,SPRING GENERAL,JUSTICE OF THE SUPREME COURT,NONPARTISAN,SCATTERING,20,0
2001,APRIL,ADAMS,ROME TOWN WARDS 1 - 3,SPRING GENERAL,JUSTICE OF THE SUPREME COURT,NONPARTISAN,"DAVID T PROSSER, JR.",727,727
2001,APRIL,ADAMS,ROME TOWN WARDS 1 - 3,SPRING GENERAL,JUSTICE OF THE SUPREME COURT,NONPARTISAN,SCATTERING,727,0
2001,APRIL,ADAMS,SPRINGVILLE TOWN WARD 1,SPRING GENERAL,JUSTICE OF THE SUPREME COURT,NONPARTISAN,"DAVID T PROSSER, JR.",75,75
2001,APRIL,ADAMS,SPRINGVILLE TOWN WARD 1,SPRING GENERAL,JUSTICE OF THE SUPREME COURT,NONPARTISAN,SCATTERING,75,0
2001,APRIL,ADAMS,STRONGS PRAIRIE TOWN WARDS 1 - 3,SPRING GENERAL,JUSTICE OF THE SUPREME COURT,NONPARTISAN,"DAVID T PROSSER, JR.",80,80
2001,APRIL,ADAMS,STRONGS PRAIRIE TOWN WARDS 1 - 3,SPRING GENERAL,JUSTICE OF THE SUPREME COURT,NONPARTISAN,SCATTERING,80,0
2001,APRIL,ADAMS,FRIENDSHIP VILLAGE WARD 1,SPRING GENERAL,JUSTICE OF THE SUPREME COURT,NONPARTISAN,"DAVID T PROSSER, JR.",60,59
2001,APRIL,ADAMS,FRIENDSHIP VILLAGE WARD 1,SPRING GENERAL,JUSTICE OF THE SUPREME COURT,NONPARTISAN,SCATTERING,60,1
2001,APRIL,ADAMS,ADAMS CITY WARDS 1 - 4,SPRING GENERAL,JUSTICE OF THE SUPREME COURT,NONPARTISAN,"DAVID T PROSSER, JR.",101,101
2001,APRIL,ADAMS,ADAMS CITY WARDS 1 - 4,SPRING GENERAL,JUSTICE OF THE SUPREME COURT,NONPARTISAN,SCATTERING,101,0
2001,APRIL,ADAMS,WISCONSIN DELLS CITY WARD 5,SPRING GENERAL,JUSTICE OF THE SUPREME COURT,NONPARTISAN,"DAVID T PROSSER, JR.",1,1
2001,APRIL,ADAMS,WISCONSIN DELLS CITY WARD 5,SPRING GENERAL,JUSTICE OF THE SUPREME COURT,NONPARTISAN,SCATTERING,1,0
2001,APRIL,ASHLAND,AGENDA TOWN WARD 1,SPRING GENERAL,JUSTICE OF THE SUPREME COURT,NONPARTISAN,"DAVID T PROSSER, JR.",62,62
2001,APRIL,ASHLAND,AGENDA TOWN WARD 1,SPRING GENERAL,JUSTICE OF THE SUPREME COURT,NONPARTISAN,SCATTERING,62,0
2001,APRIL,ASHLAND,ASHLAND TOWN WARD 1,SPRING GENERAL,JUSTICE OF THE SUPREME COURT,NONPARTISAN,"DAVID T PROSSER, JR.",65,65
2001,APRIL,ASHLAND,ASHLAND TOWN WARD 1,SPRING GENERAL,JUSTICE OF THE SUPREME COURT,NONPARTISAN,SCATTERING,65,0
2001,APRIL,ASHLAND,CHIPPEWA TOWN WARD 1,SPRING GENERAL,JUSTICE OF THE SUPREME COURT,NONPARTISAN,"DAVID T PROSSER, JR.",158,158
2001,APRIL,ASHLAND,CHIPPEWA TOWN WARD 1,SPRING GENERAL,JUSTICE OF THE SUPREME COURT,NONPARTISAN,SCATTERING,158,0
2001,APRIL,ASHLAND,GINGLES TOWN WARD 1,SPRING GENERAL,JUSTICE OF THE SUPREME COURT,NONPARTISAN,"DAVID T PROSSER, JR.",148,148
2001,APRIL,ASHLAND,GINGLES TOWN WARD 1,SPRING GENERAL,JUSTICE OF THE SUPREME COURT,NONPARTISAN,SCATTERING,148,0
2001,APRIL,ASHLAND,GORDON TOWN WARD 1,SPRING GENERAL,JUSTICE OF THE SUPREME COURT,NONPARTISAN,"DAVID T PROSSER, JR.",98,98
2001,APRIL,ASHLAND,GORDON TOWN WARD 1,SPRING GENERAL,JUSTICE OF THE SUPREME COURT,NONPARTISAN,SCATTERING,98,0
2001,APRIL,ASHLAND,JACOBS TOWN WARDS 1 & 2,SPRING GENERAL,JUSTICE OF THE SUPREME COURT,NONPARTISAN,"DAVID T PROSSER, JR.",118,118
2001,APRIL,ASHLAND,JACOBS TOWN WARDS 1 & 2,SPRING GENERAL,JUSTICE OF THE SUPREME COURT,NONPARTISAN,SCATTERING,118,0
2001,APRIL,ASHLAND,LA POINTE TOWN WARD 1,SPRING GENERAL,JUSTICE OF THE SUPREME COURT,NONPARTISAN,"DAVID T PROSSER, JR.",91,90
2001,APRIL,ASHLAND,LA POINTE TOWN WARD 1,SPRING GENERAL,JUSTICE OF THE SUPREME COURT,NONPARTISAN,SCATTERING,91,1
2001,APRIL,ASHLAND,MARENGO TOWN WARD 1,SPRING GENERAL,JUSTICE OF THE SUPREME COURT,NONPARTISAN,"DAVID T PROSSER, JR.",34,34
2001,APRIL,ASHLAND,MARENGO TOWN WARD 1,SPRING GENERAL,JUSTICE OF THE SUPREME COURT,NONPARTISAN,SCATTERING,34,0
2001,APRIL,ASHLAND,MORSE TOWN WARD 1,SPRING GENERAL,JUSTICE OF THE SUPREME COURT,NONPARTISAN,"DAVID T PROSSER, JR.",50,50
2001,APRIL,ASHLAND,MORSE TOWN WARD 1,SPRING GENERAL,JUSTICE OF THE SUPREME COURT,NONPARTISAN,SCATTERING,50,0
2001,APRIL,ASHLAND,PEEKSVILLE TOWN WARD 1,SPRING GENERAL,JUSTICE OF THE SUPREME COURT,NONPARTISAN,"DAVID T PROSSER, JR.",35,35
2001,APRIL,ASHLAND,PEEKSVILLE TOWN WARD 1,SPRING GENERAL,JUSTICE OF THE SUPREME COURT,NONPARTISAN,SCATTERING,35,0
2001,APRIL,ASHLAND,SANBORN TOWN WARDS 1 & 2,SPRING GENERAL,JUSTICE OF THE SUPREME COURT,NONPARTISAN,"DAVID T PROSSER, JR.",122,120
2001,APRIL,ASHLAND,SANBORN TOWN WARDS 1 & 2,SPRING GENERAL,JUSTICE OF THE SUPREME COURT,NONPARTISAN,SCATTERING,122,2
2001,APRIL,ASHLAND,SHANAGOLDEN TOWN WARD 1,SPRING GENERAL,JUSTICE OF THE SUPREME COURT,NONPARTISAN,"DAVID T PROSSER, JR.",48,48
2001,APRIL,ASHLAND,SHANAGOLDEN TOWN WARD 1,SPRING GENERAL,JUSTICE OF THE SUPREME COURT,NONPARTISAN,SCATTERING,48,0
2001,APRIL,ASHLAND,WHITE RIVER TOWN WARD 1,SPRING GENERAL,JUSTICE OF THE SUPREME COURT,NONPARTISAN,"DAVID T PROSSER, JR.",99,99
2001,APRIL,ASHLAND,WHITE RIVER TOWN WARD 1,SPRING GENERAL,JUSTICE OF THE SUPREME COURT,NONPARTISAN,SCATTERING,99,0
2001,APRIL,ASHLAND,BUTTERNUT VILLAGE WARDS 1 & 2,SPRING GENERAL,JUSTICE OF THE SUPREME COURT,NONPARTISAN,"DAVID T PROSSER, JR.",85,85
2001,APRIL,ASHLAND,BUTTERNUT VILLAGE WARDS 1 & 2,SPRING GENERAL,JUSTICE OF THE SUPREME COURT,NONPARTISAN,SCATTERING,85,0
2001,APRIL,ASHLAND,ASHLAND CITY WARD 1,SPRING GENERAL,JUSTICE OF THE SUPREME COURT,NONPARTISAN,"DAVID T PROSSER, JR.",62,62
2001,APRIL,ASHLAND,ASHLAND CITY WARD 1,SPRING GENERAL,JUSTICE OF THE SUPREME COURT,NONPARTISAN,SCATTERING,62,0
2001,APRIL,ASHLAND,ASHLAND CITY WARD 2,SPRING GENERAL,JUSTICE OF THE SUPREME COURT,NONPARTISAN,"DAVID T PROSSER, JR.",62,62
2001,APRIL,ASHLAND,ASHLAND CITY WARD 2,SPRING GENERAL,JUSTICE OF THE SUPREME COURT,NONPARTISAN,SCATTERING,62,0
2001,APRIL,ASHLAND,ASHLAND CITY WARD 3,SPRING GENERAL,JUSTICE OF THE SUPREME COURT,NONPARTISAN,"DAVID T PROSSER, JR.",59,59
2001,APRIL,ASHLAND,ASHLAND CITY WARD 3,SPRING GENERAL,JUSTICE OF THE SUPREME COURT,NONPARTISAN,SCATTERING,59,0
2001,APRIL,ASHLAND,ASHLAND CITY WARD 4,SPRING GENERAL,JUSTICE OF THE SUPREME COURT,NONPARTISAN,"DAVID T PROSSER, JR.",97,97
2001,APRIL,ASHLAND,ASHLAND CITY WARD 4,SPRING GENERAL,JUSTICE OF THE SUPREME COURT,NONPARTISAN,SCATTERING,97,0
2001,APRIL,ASHLAND,ASHLAND CITY WARD 5,SPRING GENERAL,JUSTICE OF THE SUPREME COURT,NONPARTISAN,"DAVID T PROSSER, JR.",52,52
2001,APRIL,ASHLAND,ASHLAND CITY WARD 5,SPRING GENERAL,JUSTICE OF THE SUPREME COURT,NONPARTISAN,SCATTERING,52,0
2001,APRIL,ASHLAND,ASHLAND CITY WARD 6,SPRING GENERAL,JUSTICE OF THE SUPREME COURT,NONPARTISAN,"DAVID T PROSSER, JR.",91,91
2001,APRIL,ASHLAND,ASHLAND CITY WARD 6,SPRING GENERAL,JUSTICE OF THE SUPREME COURT,NONPARTISAN,SCATTERING,91,0
2001,APRIL,ASHLAND,ASHLAND CITY WARD 7,SPRING GENERAL,JUSTICE OF THE SUPREME COURT,NONPARTISAN,"DAVID T PROSSER, JR.",44,44
2001,APRIL,ASHLAND,ASHLAND CITY WARD 7,SPRING GENERAL,JUSTICE OF THE SUPREME COURT,NONPARTISAN,SCATTERING,44,0
2001,APRIL,ASHLAND,ASHLAND CITY WARD 8,SPRING GENERAL,JUSTICE OF THE SUPREME COURT,NONPARTISAN,"DAVID T PROSSER, JR.",38,38
2001,APRIL,ASHLAND,ASHLAND CITY WARD 8,SPRING GENERAL,JUSTICE OF THE SUPREME COURT,NONPARTISAN,SCATTERING,38,0
2001,APRIL,ASHLAND,ASHLAND CITY WARD 9,SPRING GENERAL,JUSTICE OF THE SUPREME COURT,NONPARTISAN,"DAVID T PROSSER, JR.",25,25
2001,APRIL,ASHLAND,ASHLAND CITY WARD 9,SPRING GENERAL,JUSTICE OF THE SUPREME COURT,NONPARTISAN,SCATTERING,25,0
2001,APRIL,ASHLAND,ASHLAND CITY WARD 10,SPRING GENERAL,JUSTICE OF THE SUPREME COURT,NONPARTISAN,"DAVID T PROSSER, JR.",40,40
2001,APRIL,ASHLAND,ASHLAND CITY WARD 10,SPRING GENERAL,JUSTICE OF THE SUPREME COURT,NONPARTISAN,SCATTERING,40,0
2001,APRIL,ASHLAND,ASHLAND CITY WARD 11,SPRING GENERAL,JUSTICE OF THE SUPREME COURT,NONPARTISAN,"DAVID T PROSSER, JR.",38,38
2001,APRIL,ASHLAND,ASHLAND CITY WARD 11,SPRING GENERAL,JUSTICE OF THE SUPREME COURT,NONPARTISAN,SCATTERING,38,0
2001,APRIL,ASHLAND,MELLEN CITY WARDS 1 - 4,SPRING GENERAL,JUSTICE OF THE SUPREME COURT,NONPARTISAN,"DAVID T PROSSER, JR.",216,216
2001,APRIL,ASHLAND,MELLEN CITY WARDS 1 - 4,SPRING GENERAL,JUSTICE OF THE SUPREME COURT,NONPARTISAN,SCATTERING,216,0
2001,APRIL,BARRON,ALMENA TOWN WARDS 1 & 2,SPRING GENERAL,JUSTICE OF THE SUPREME COURT,NONPARTISAN,"DAVID T PROSSER, JR.",151,151
2001,APRIL,BARRON,ALMENA TOWN WARDS 1 & 2,SPRING GENERAL,JUSTICE OF THE SUPREME COURT,NONPARTISAN,SCATTERING,151,0
2001,APRIL,BARRON,ARLAND TOWN WARDS 1 & 2,SPRING GENERAL,JUSTICE OF THE SUPREME COURT,NONPARTISAN,"DAVID T PROSSER, JR.",64,64
2001,APRIL,BARRON,ARLAND TOWN WARDS 1 & 2,SPRING GENERAL,JUSTICE OF THE SUPREME COURT,NONPARTISAN,SCATTERING,64,0
2001,APRIL,BARRON,BARRON TOWN WARDS 1 & 2,SPRING GENERAL,JUSTICE OF THE SUPREME COURT,NONPARTISAN,"DAVID T PROSSER, JR.",107,107
2001,APRIL,BARRON,BARRON TOWN WARDS 1 & 2,SPRING GENERAL,JUSTICE OF THE SUPREME COURT,NONPARTISAN,SCATTERING,107,0
2001,APRIL,BARRON,BEAR LAKE TOWN WARD 1,SPRING GENERAL,JUSTICE OF THE SUPREME COURT,NONPARTISAN,"DAVID T PROSSER, JR.",60,60
2001,APRIL,BARRON,BEAR LAKE TOWN WARD 1,SPRING GENERAL,JUSTICE OF THE SUPREME COURT,NONPARTISAN,SCATTERING,60,0
2001,APRIL,BARRON,CEDAR LAKE TOWN WARD 1,SPRING GENERAL,JUSTICE OF THE SUPREME COURT,NONPARTISAN,"DAVID T PROSSER, JR.",194,194
2001,APRIL,BARRON,CEDAR LAKE TOWN WARD 1,SPRING GENERAL,JUSTICE OF THE SUPREME COURT,NONPARTISAN,SCATTERING,194,0
2001,APRIL,BARRON,CHETEK TOWN WARD 1,SPRING GENERAL,JUSTICE OF THE SUPREME COURT,NONPARTISAN,"DAVID T PROSSER, JR.",301,301
2001,APRIL,BARRON,CHETEK TOWN WARD 1,SPRING GENERAL,JUSTICE OF THE SUPREME COURT,NONPARTISAN,SCATTERING,301,0
2001,APRIL,BARRON,CLINTON TOWN WARDS 1 & 2,SPRING GENERAL,JUSTICE OF THE SUPREME COURT,NONPARTISAN,"DAVID T PROSSER, JR.",49,49
2001,APRIL,BARRON,CLINTON TOWN WARDS 1 & 2,SPRING GENERAL,JUSTICE OF THE SUPREME COURT,NONPARTISAN,SCATTERING,49,0
2001,APRIL,BARRON,CRYSTAL LAKE TOWN WARD 1,SPRING GENERAL,JUSTICE OF THE SUPREME COURT,NONPARTISAN,"DAVID T PROSSER, JR.",120,120
2001,APRIL,BARRON,CRYSTAL LAKE TOWN WARD 1,SPRING GENERAL,JUSTICE OF THE SUPREME COURT,NONPARTISAN,SCATTERING,120,0
2001,APRIL,BARRON,CUMBERLAND TOWN WARD 1,SPRING GENERAL,JUSTICE OF THE SUPREME COURT,NONPARTISAN,"DAVID T PROSSER, JR.",180,180
2001,APRIL,BARRON,CUMBERLAND TOWN WARD 1,SPRING GENERAL,JUSTICE OF THE SUPREME COURT,NONPARTISAN,SCATTERING,180,0
2001,APRIL,BARRON,DALLAS TOWN WARD 1,SPRING GENERAL,JUSTICE OF THE SUPREME COURT,NONPARTISAN,"DAVID T PROSSER, JR.",56,56
2001,APRIL,BARRON,DALLAS TOWN WARD 1,SPRING GENERAL,JUSTICE OF THE SUPREME COURT,NONPARTISAN,SCATTERING,56,0
2001,APRIL,BARRON,DOVRE TOWN WARD 1,SPRING GENERAL,JUSTICE OF THE SUPREME COURT,NONPARTISAN,"DAVID T PROSSER, JR.",124,124
2001,APRIL,BARRON,DOVRE TOWN WARD 1,SPRING GENERAL,JUSTICE OF THE SUPREME COURT,NONPARTISAN,SCATTERING,124,0
2001,APRIL,BARRON,DOYLE TOWN WARD 1,SPRING GENERAL,JUSTICE OF THE SUPREME COURT,NONPARTISAN,"DAVID T PROSSER, JR.",67,67
2001,APRIL,BARRON,DOYLE TOWN WARD 1,SPRING GENERAL,JUSTICE OF THE SUPREME COURT,NONPARTISAN,SCATTERING,67,0
2001,APRIL,BARRON,LAKELAND TOWN WARD 1,SPRING GENERAL,JUSTICE OF THE SUPREME COURT,NONPARTISAN,"DAVID T PROSSER, JR.",110,110
2001,APRIL,BARRON,LAKELAND TOWN WARD 1,SPRING GENERAL,JUSTICE OF THE SUPREME COURT,NONPARTISAN,SCATTERING,110,0
2001,APRIL,BARRON,MAPLE GROVE TOWN WARDS 1 & 2,SPRING GENERAL,JUSTICE OF THE SUPREME COURT,NONPARTISAN,"DAVID T PROSSER, JR.",89,89
2001,APRIL,BARRON,MAPLE GROVE TOWN WARDS 1 & 2,SPRING GENERAL,JUSTICE OF THE SUPREME COURT,NONPARTISAN,SCATTERING,89,0
2001,APRIL,BARRON,MAPLE PLAIN TOWN WARD 1,SPRING GENERAL,JUSTICE OF THE SUPREME COURT,NONPARTISAN,"DAVID T PROSSER, JR.",71,71
2001,APRIL,BARRON,MAPLE PLAIN TOWN WARD 1,SPRING GENERAL,JUSTICE OF THE SUPREME COURT,NONPARTISAN,SCATTERING,71,0
2001,APRIL,BARRON,OAK GROVE TOWN WARDS 1 & 2,SPRING GENERAL,JUSTICE OF THE SUPREME COURT,NONPARTISAN,"DAVID T PROSSER, JR.",58,58
2001,APRIL,BARRON,OAK GROVE TOWN WARDS 1 & 2,SPRING GENERAL,JUSTICE OF THE SUPREME COURT,NONPARTISAN,SCATTERING,58,0
2001,APRIL,BARRON,PRAIRIE FARM TOWN WARD 1,SPRING GENERAL,JUSTICE OF THE SUPREME COURT,NONPARTISAN,"DAVID T PROSSER, JR.",183,183
2001,APRIL,BARRON,PRAIRIE FARM TOWN WARD 1,SPRING GENERAL,JUSTICE OF THE SUPREME COURT,NONPARTISAN,SCATTERING,183,0
2001,APRIL,BARRON,PRAIRIE LAKE TOWN WARDS 1 & 2,SPRING GENERAL,JUSTICE OF THE SUPREME COURT,NONPARTISAN,"DAVID T PROSSER, JR.",121,121
2001,APRIL,BARRON,PRAIRIE LAKE TOWN WARDS 1 & 2,SPRING GENERAL,JUSTICE OF THE SUPREME COURT,NONPARTISAN,SCATTERING,121,0
2001,APRIL,BARRON,RICE LAKE TOWN WARDS 1 - 5,SPRING GENERAL,JUSTICE OF THE SUPREME COURT,NONPARTISAN,"DAVID T PROSSER, JR.",282,282
2001,APRIL,BARRON,RICE LAKE TOWN WARDS 1 - 5,SPRING GENERAL,JUSTICE OF THE SUPREME COURT,NONPARTISAN,SCATTERING,282,0
2001,APRIL,BARRON,SIOUX CREEK TOWN WARD 1,SPRING GENERAL,JUSTICE OF THE SUPREME COURT,NONPARTISAN,"DAVID T PROSSER, JR.",49,49
2001,APRIL,BARRON,SIOUX CREEK TOWN WARD 1,SPRING GENERAL,JUSTICE OF THE SUPREME COURT,NONPARTISAN,SCATTERING,49,0
2001,APRIL,BARRON,STANFOLD TOWN WARDS 1 - 3,SPRING GENERAL,JUSTICE OF THE SUPREME COURT,NONPARTISAN,"DAVID T PROSSER, JR.",60,60
2001,APRIL,BARRON,STANFOLD TOWN WARDS 1 - 3,SPRING GENERAL,JUSTICE OF THE SUPREME COURT,NONPARTISAN,SCATTERING,60,0
2001,APRIL,BARRON,STANLEY TOWN WARDS 1 - 4,SPRING GENERAL,JUSTICE OF THE SUPREME COURT,NONPARTISAN,"DAVID T PROSSER, JR.",153,153
2001,APRIL,BARRON,STANLEY TOWN WARDS 1 - 4,SPRING GENERAL,JUSTICE OF THE SUPREME COURT,NONPARTISAN,SCATTERING,153,0
2001,APRIL,BARRON,SUMNER TOWN WARD 1,SPRING GENERAL,JUSTICE OF THE SUPREME COURT,NONPARTISAN,"DAVID T PROSSER, JR.",149,149
2001,APRIL,BARRON,SUMNER TOWN WARD 1,SPRING GENERAL,JUSTICE OF THE SUPREME COURT,NONPARTISAN,SCATTERING,149,0
2001,APRIL,BARRON,TURTLE LAKE TOWN WARD 1,SPRING GENERAL,JUSTICE OF THE SUPREME COURT,NONPARTISAN,"DAVID T PROSSER, JR.",22,22
2001,APRIL,BARRON,TURTLE LAKE TOWN WARD 1,SPRING GENERAL,JUSTICE OF THE SUPREME COURT,NONPARTISAN,SCATTERING,22,0
2001,APRIL,BARRON,VANCE CREEK TOWN WARD 1,SPRING GENERAL,JUSTICE OF THE SUPREME COURT,NONPARTISAN,"DAVID T PROSSER, JR.",76,76
2001,APRIL,BARRON,VANCE CREEK TOWN WARD 1,SPRING GENERAL,JUSTICE OF THE SUPREME COURT,NONPARTISAN,SCATTERING,76,0
2001,APRIL,BARRON,ALMENA VILLAGE WARD 1,SPRING GENERAL,JUSTICE OF THE SUPREME COURT,NONPARTISAN,"DAVID T PROSSER, JR.",32,32
2001,APRIL,BARRON,ALMENA VILLAGE WARD 1,SPRING GENERAL,JUSTICE OF THE SUPREME COURT,NONPARTISAN,SCATTERING,32,0
2001,APRIL,BARRON,CAMERON VILLAGE WARD 1,SPRING GENERAL,JUSTICE OF THE SUPREME COURT,NONPARTISAN,"DAVID T PROSSER, JR.",45,45
2001,APRIL,BARRON,CAMERON VILLAGE WARD 1,SPRING GENERAL,JUSTICE OF THE SUPREME COURT,NONPARTISAN,SCATTERING,45,0
2001,APRIL,BARRON,DALLAS VILLAGE WARD 1,SPRING GENERAL,JUSTICE OF THE SUPREME COURT,NONPARTISAN,"DAVID T PROSSER, JR.",36,36
2001,APRIL,BARRON,DALLAS VILLAGE WARD 1,SPRING GENERAL,JUSTICE OF THE SUPREME COURT,NONPARTISAN,SCATTERING,36,0
2001,APRIL,BARRON,HAUGEN VILLAGE WARD 1,SPRING GENERAL,JUSTICE OF THE SUPREME COURT,NONPARTISAN,"DAVID T PROSSER, JR.",38,38
2001,APRIL,BARRON,HAUGEN VILLAGE WARD 1,SPRING GENERAL,JUSTICE OF THE SUPREME COURT,NONPARTISAN,SCATTERING,38,0
2001,APRIL,BARRON,NEW AUBURN VILLAGE WARD 2,SPRING GENERAL,JUSTICE OF THE SUPREME COURT,NONPARTISAN,"DAVID T PROSSER, JR.",4,4
2001,APRIL,BARRON,NEW AUBURN VILLAGE WARD 2,SPRING GENERAL,JUSTICE OF THE SUPREME COURT,NONPARTISAN,SCATTERING,4,0
2001,APRIL,BARRON,PRAIRIE FARM VILLAGE WARD 1,SPRING GENERAL,JUSTICE OF THE SUPREME COURT,NONPARTISAN,"DAVID T PROSSER, JR.",116,116
2001,APRIL,BARRON,PRAIRIE FARM VILLAGE WARD 1,SPRING GENERAL,JUSTICE OF THE SUPREME COURT,NONPARTISAN,SCATTERING,116,0
2001,APRIL,BARRON,TURTLE LAKE VILLAGE WARD 1,SPRING GENERAL,JUSTICE OF THE SUPREME COURT,NONPARTISAN,"DAVID T PROSSER, JR.",146,146
2001,APRIL,BARRON,TURTLE LAKE VILLAGE WARD 1,SPRING GENERAL,JUSTICE OF THE SUPREME COURT,NONPARTISAN,SCATTERING,146,0
2001,APRIL,BARRON,BARRON CITY WARDS 1 - 5,SPRING GENERAL,JUSTICE OF THE SUPREME COURT,NONPARTISAN,"DAVID T PROSSER, JR.",269,269
2001,APRIL,BARRON,BARRON CITY WARDS 1 - 5,SPRING GENERAL,JUSTICE OF THE SUPREME COURT,NONPARTISAN,SCATTERING,269,0
2001,APRIL,BARRON,CHETEK CITY WARDS 1 - 5,SPRING GENERAL,JUSTICE OF THE SUPREME COURT,NONPARTISAN,"DAVID T PROSSER, JR.",208,208
2001,APRIL,BARRON,CHETEK CITY WARDS 1 - 5,SPRING GENERAL,JUSTICE OF THE SUPREME COURT,NONPARTISAN,SCATTERING,208,0
2001,APRIL,BARRON,CUMBERLAND CITY WARDS 1 - 5,SPRING GENERAL,JUSTICE OF THE SUPREME COURT,NONPARTISAN,"DAVID T PROSSER, JR.",204,204
2001,APRIL,BARRON,CUMBERLAND CITY WARDS 1 - 5,SPRING GENERAL,JUSTICE OF THE SUPREME COURT,NONPARTISAN,SCATTERING,204,0
2001,APRIL,BARRON,RICE LAKE CITY WARDS 1 - 3,SPRING GENERAL,JUSTICE OF THE SUPREME COURT,NONPARTISAN,"DAVID T PROSSER, JR.",69,69
2001,APRIL,BARRON,RICE LAKE CITY WARDS 1 - 3,SPRING GENERAL,JUSTICE OF THE SUPREME COURT,NONPARTISAN,SCATTERING,69,0
2001,APRIL,BARRON,RICE LAKE CITY WARDS 4 - 6,SPRING GENERAL,JUSTICE OF THE SUPREME COURT,NONPARTISAN,"DAVID T PROSSER, JR.",57,57
2001,APRIL,BARRON,RICE LAKE CITY WARDS 4 - 6,SPRING GENERAL,JUSTICE OF THE SUPREME COURT,NONPARTISAN,SCATTERING,57,0
2001,APRIL,BARRON,RICE LAKE CITY WARDS 7 - 9,SPRING GENERAL,JUSTICE OF THE SUPREME COURT,NONPARTISAN,"DAVID T PROSSER, JR.",76,76
2001,APRIL,BARRON,RICE LAKE CITY WARDS 7 - 9,SPRING GENERAL,JUSTICE OF THE SUPREME COURT,NONPARTISAN,SCATTERING,76,0
2001,APRIL,BARRON,"RICE LAKE CITY WARDS 10, 13 & 14",SPRING GENERAL,JUSTICE OF THE SUPREME COURT,NONPARTISAN,"DAVID T PROSSER, JR.",139,139
2001,APRIL,BARRON,"RICE LAKE CITY WARDS 10, 13 & 14",SPRING GENERAL,JUSTICE OF THE SUPREME COURT,NONPARTISAN,SCATTERING,139,0
2001,APRIL,BARRON,RICE LAKE CITY WARDS 11 & 12,SPRING GENERAL,JUSTICE OF THE SUPREME COURT,NONPARTISAN,"DAVID T PROSSER, JR.",123,123
2001,APRIL,BARRON,RICE LAKE CITY WARDS 11 & 12,SPRING GENERAL,JUSTICE OF THE SUPREME COURT,NONPARTISAN,SCATTERING,123,0
2001,APRIL,BARRON,RICE LAKE CITY WARDS 15 & 16,SPRING GENERAL,JUSTICE OF THE SUPREME COURT,NONPARTISAN,"DAVID T PROSSER, JR.",39,39
2001,APRIL,BARRON,RICE LAKE CITY WARDS 15 & 16,SPRING GENERAL,JUSTICE OF THE SUPREME COURT,NONPARTISAN,SCATTERING,39,0
2001,APRIL,BARRON,RICE LAKE CITY WARDS 17 & 18,SPRING GENERAL,JUSTICE OF THE SUPREME COURT,NONPARTISAN,"DAVID T PROSSER, JR.",90,90
2001,APRIL,BARRON,RICE LAKE CITY WARDS 17 & 18,SPRING GENERAL,JUSTICE OF THE SUPREME COURT,NONPARTISAN,SCATTERING,90,0
2001,APRIL,BARRON,RICE LAKE CITY WARDS 19 & 20,SPRING GENERAL,JUSTICE OF THE SUPREME COURT,NONPARTISAN,"DAVID T PROSSER, JR.",85,85
2001,APRIL,BARRON,RICE LAKE CITY WARDS 19 & 20,SPRING GENERAL,JUSTICE OF THE SUPREME COURT,NONPARTISAN,SCATTERING,85,0
2001,APRIL,BAYFIELD,BARKSDALE TOWN WARD 1,SPRING GENERAL,JUSTICE OF THE SUPREME COURT,NONPARTISAN,"DAVID T PROSSER, JR.",184,184
2001,APRIL,BAYFIELD,BARKSDALE TOWN WARD 1,SPRING GENERAL,JUSTICE OF THE SUPREME COURT,NONPARTISAN,SCATTERING,184,0
2001,APRIL,BAYFIELD,BARNES TOWN WARD 1,SPRING GENERAL,JUSTICE OF THE SUPREME COURT,NONPARTISAN,"DAVID T PROSSER, JR.",348,348
2001,APRIL,BAYFIELD,BARNES TOWN WARD 1,SPRING GENERAL,JUSTICE OF THE SUPREME COURT,NONPARTISAN,SCATTERING,348,0
2001,APRIL,BAYFIELD,BAYFIELD TOWN WARDS 1 - 3,SPRING GENERAL,JUSTICE OF THE SUPREME COURT,NONPARTISAN,"DAVID T PROSSER, JR.",169,169
2001,APRIL,BAYFIELD,BAYFIELD TOWN WARDS 1 - 3,SPRING GENERAL,JUSTICE OF THE SUPREME COURT,NONPARTISAN,SCATTERING,169,0
2001,APRIL,BAYFIELD,BAYVIEW TOWN WARD 1,SPRING GENERAL,JUSTICE OF THE SUPREME COURT,NONPARTISAN,"DAVID T PROSSER, JR.",169,169
2001,APRIL,BAYFIELD,BAYVIEW TOWN WARD 1,SPRING GENERAL,JUSTICE OF THE SUPREME COURT,NONPARTISAN,SCATTERING,169,0
2001,APRIL,BAYFIELD,BELL TOWN WARD 1,SPRING GENERAL,JUSTICE OF THE SUPREME COURT,NONPARTISAN,"DAVID T PROSSER, JR.",76,76
2001,APRIL,BAYFIELD,BELL TOWN WARD 1,SPRING GENERAL,JUSTICE OF THE SUPREME COURT,NONPARTISAN,SCATTERING,76,0
2001,APRIL,BAYFIELD,CABLE TOWN WARD 1,SPRING GENERAL,JUSTICE OF THE SUPREME COURT,NONPARTISAN,"DAVID T PROSSER, JR.",294,294
2001,APRIL,BAYFIELD,CABLE TOWN WARD 1,SPRING GENERAL,JUSTICE OF THE SUPREME COURT,NONPARTISAN,SCATTERING,294,0
2001,APRIL,BAYFIELD,CLOVER TOWN WARD 1,SPRING GENERAL,JUSTICE OF THE SUPREME COURT,NONPARTISAN,"DAVID T PROSSER, JR.",105,105
2001,APRIL,BAYFIELD,CLOVER TOWN WARD 1,SPRING GENERAL,JUSTICE OF THE SUPREME COURT,NONPARTISAN,SCATTERING,105,0
2001,APRIL,BAYFIELD,DELTA TOWN WARD 1,SPRING GENERAL,JUSTICE OF THE SUPREME COURT,NONPARTISAN,"DAVID T PROSSER, JR.",88,88
2001,APRIL,BAYFIELD,DELTA TOWN WARD 1,SPRING GENERAL,JUSTICE OF THE SUPREME COURT,NONPARTISAN,SCATTERING,88,0
2001,APRIL,BAYFIELD,DRUMMOND TOWN WARD 1,SPRING GENERAL,JUSTICE OF THE SUPREME COURT,NONPARTISAN,"DAVID T PROSSER, JR.",123,123
2001,APRIL,BAYFIELD,DRUMMOND TOWN WARD 1,SPRING GENERAL,JUSTICE OF THE SUPREME COURT,NONPARTISAN,SCATTERING,123,0
2001,APRIL,BAYFIELD,EILEEN TOWN WARDS 1 & 2,SPRING GENERAL,JUSTICE OF THE SUPREME COURT,NONPARTISAN,"DAVID T PROSSER, JR.",164,164
2001,APRIL,BAYFIELD,EILEEN TOWN WARDS 1 & 2,SPRING GENERAL,JUSTICE OF THE SUPREME COURT,NONPARTISAN,SCATTERING,164,0
2001,APRIL,BAYFIELD,GRAND VIEW TOWN WARD 1,SPRING GENERAL,JUSTICE OF THE SUPREME COURT,NONPARTISAN,"DAVID T PROSSER, JR.",190,190
2001,APRIL,BAYFIELD,GRAND VIEW TOWN WARD 1,SPRING GENERAL,JUSTICE OF THE SUPREME COURT,NONPARTISAN,SCATTERING,190,0
2001,APRIL,BAYFIELD,HUGHES TOWN WARD 1,SPRING GENERAL,JUSTICE OF THE SUPREME COURT,NONPARTISAN,"DAVID T PROSSER, JR.",131,131
2001,APRIL,BAYFIELD,HUGHES TOWN WARD 1,SPRING GENERAL,JUSTICE OF THE SUPREME COURT,NONPARTISAN,SCATTERING,131,0
2001,APRIL,BAYFIELD,IRON RIVER TOWN WARD 1,SPRING GENERAL,JUSTICE OF THE SUPREME COURT,NONPARTISAN,"DAVID T PROSSER, JR.",203,203
2001,APRIL,BAYFIELD,IRON RIVER TOWN WARD 1,SPRING GENERAL,JUSTICE OF THE SUPREME COURT,NONPARTISAN,SCATTERING,203,0
2001,APRIL,BAYFIELD,KELLY TOWN WARD 1,SPRING GENERAL,JUSTICE OF THE SUPREME COURT,NONPARTISAN,"DAVID T PROSSER, JR.",84,84
2001,APRIL,BAYFIELD,KELLY TOWN WARD 1,SPRING GENERAL,JUSTICE OF THE SUPREME COURT,NONPARTISAN,SCATTERING,84,0
2001,APRIL,BAYFIELD,KEYSTONE TOWN WARD 1,SPRING GENERAL,JUSTICE OF THE SUPREME COURT,NONPARTISAN,"DAVID T PROSSER, JR.",48,48
2001,APRIL,BAYFIELD,KEYSTONE TOWN WARD 1,SPRING GENERAL,JUSTICE OF THE SUPREME COURT,NONPARTISAN,SCATTERING,48,0
2001,APRIL,BAYFIELD,LINCOLN TOWN WARD 1,SPRING GENERAL,JUSTICE OF THE SUPREME COURT,NONPARTISAN,"DAVID T PROSSER, JR.",93,91
2001,APRIL,BAYFIELD,LINCOLN TOWN WARD 1,SPRING GENERAL,JUSTICE OF THE SUPREME COURT,NONPARTISAN,SCATTERING,93,2
2001,APRIL,BAYFIELD,MASON TOWN WARD 1,SPRING GENERAL,JUSTICE OF THE SUPREME COURT,NONPARTISAN,"DAVID T PROSSER, JR.",69,69
2001,APRIL,BAYFIELD,MASON TOWN WARD 1,SPRING GENERAL,JUSTICE OF THE SUPREME COURT,NONPARTISAN,SCATTERING,69,0
2001,APRIL,BAYFIELD,NAMAKAGON TOWN WARD 1,SPRING GENERAL,JUSTICE OF THE SUPREME COURT,NONPARTISAN,"DAVID T PROSSER, JR.",125,125
2001,APRIL,BAYFIELD,NAMAKAGON TOWN WARD 1,SPRING GENERAL,JUSTICE OF THE SUPREME COURT,NONPARTISAN,SCATTERING,125,0
2001,APRIL,BAYFIELD,ORIENTA TOWN WARD 1,SPRING GENERAL,JUSTICE OF THE SUPREME COURT,NONPARTISAN,"DAVID T PROSSER, JR.",33,33
2001,APRIL,BAYFIELD,ORIENTA TOWN WARD 1,SPRING GENERAL,JUSTICE OF THE SUPREME COURT,NONPARTISAN,SCATTERING,33,0
2001,APRIL,BAYFIELD,OULU TOWN WARD 1,SPRING GENERAL,JUSTICE OF THE SUPREME COURT,NONPARTISAN,"DAVID T PROSSER, JR.",123,123
2001,APRIL,BAYFIELD,OULU TOWN WARD 1,SPRING GENERAL,JUSTICE OF THE SUPREME COURT,NONPARTISAN,SCATTERING,123,0
2001,APRIL,BAYFIELD,PILSEN TOWN WARD 1,SPRING GENERAL,JUSTICE OF THE SUPREME COURT,NONPARTISAN,"DAVID T PROSSER, JR.",64,64
2001,APRIL,BAYFIELD,PILSEN TOWN WARD 1,SPRING GENERAL,JUSTICE OF THE SUPREME COURT,NONPARTISAN,SCATTERING,64,0
2001,APRIL,BAYFIELD,PORT WING TOWN WARD 1,SPRING GENERAL,JUSTICE OF THE SUPREME COURT,NONPARTISAN,"DAVID T PROSSER, JR.",102,102
2001,APRIL,BAYFIELD,PORT WING TOWN WARD 1,SPRING GENERAL,JUSTICE OF THE SUPREME COURT,NONPARTISAN,SCATTERING,102,0
2001,APRIL,BAYFIELD,RUSSELL TOWN WARD 1,SPRING GENERAL,JUSTICE OF THE SUPREME COURT,NONPARTISAN,"DAVID T PROSSER, JR.",205,205
2001,APRIL,BAYFIELD,RUSSELL TOWN WARD 1,SPRING GENERAL,JUSTICE OF THE SUPREME COURT,NONPARTISAN,SCATTERING,205,0
2001,APRIL,BAYFIELD,TRIPP TOWN WARD 1,SPRING GENERAL,JUSTICE OF THE SUPREME COURT,NONPARTISAN,"DAVID T PROSSER, JR.",30,30
2001,APRIL,BAYFIELD,TRIPP TOWN WARD 1,SPRING GENERAL,JUSTICE OF THE SUPREME COURT,NONPARTISAN,SCATTERING,30,0
2001,APRIL,BAYFIELD,WASHBURN TOWN WARD 1,SPRING GENERAL,JUSTICE OF THE SUPREME COURT,NONPARTISAN,"DAVID T PROSSER, JR.",126,126
2001,APRIL,BAYFIELD,WASHBURN TOWN WARD 1,SPRING GENERAL,JUSTICE OF THE SUPREME COURT,NONPARTISAN,SCATTERING,126,0
2001,APRIL,BAYFIELD,MASON VILLAGE WARD 1,SPRING GENERAL,JUSTICE OF THE SUPREME COURT,NONPARTISAN,"DAVID T PROSSER, JR.",28,28
2001,APRIL,BAYFIELD,MASON VILLAGE WARD 1,SPRING GENERAL,JUSTICE OF THE SUPREME COURT,NONPARTISAN,SCATTERING,28,0
2001,APRIL,BAYFIELD,BAYFIELD CITY WARDS 1 - 4,SPRING GENERAL,JUSTICE OF THE SUPREME COURT,NONPARTISAN,"DAVID T PROSSER, JR.",139,139
2001,APRIL,BAYFIELD,BAYFIELD CITY WARDS 1 - 4,SPRING GENERAL,JUSTICE OF THE SUPREME COURT,NONPARTISAN,SCATTERING,139,0
2001,APRIL,BAYFIELD,WASHBURN CITY WARD 1,SPRING GENERAL,JUSTICE OF THE SUPREME COURT,NONPARTISAN,"DAVID T PROSSER, JR.",100,100
2001,APRIL,BAYFIELD,WASHBURN CITY WARD 1,SPRING GENERAL,JUSTICE OF THE SUPREME COURT,NONPARTISAN,SCATTERING,100,0
2001,APRIL,BAYFIELD,WASHBURN CITY WARD 2,SPRING GENERAL,JUSTICE OF THE SUPREME COURT,NONPARTISAN,"DAVID T PROSSER, JR.",74,74
2001,APRIL,BAYFIELD,WASHBURN CITY WARD 2,SPRING GENERAL,JUSTICE OF THE SUPREME COURT,NONPARTISAN,SCATTERING,74,0
2001,APRIL,BAYFIELD,WASHBURN CITY WARDS 3 & 4,SPRING GENERAL,JUSTICE OF THE SUPREME COURT,NONPARTISAN,"DAVID T PROSSER, JR.",55,55
2001,APRIL,BAYFIELD,WASHBURN CITY WARDS 3 & 4,SPRING GENERAL,JUSTICE OF THE SUPREME COURT,NONPARTISAN,SCATTERING,55,0
2001,APRIL,BAYFIELD,WASHBURN CITY WARD 5,SPRING GENERAL,JUSTICE OF THE SUPREME COURT,NONPARTISAN,"DAVID T PROSSER, JR.",64,64
2001,APRIL,BAYFIELD,WASHBURN CITY WARD 5,SPRING GENERAL,JUSTICE OF THE SUPREME COURT,NONPARTISAN,SCATTERING,64,0
2001,APRIL,BAYFIELD,WASHBURN CITY WARD 6,SPRING GENERAL,JUSTICE OF THE SUPREME COURT,NONPARTISAN,"DAVID T PROSSER, JR.",93,93
2001,APRIL,BAYFIELD,WASHBURN CITY WARD 6,SPRING GENERAL,JUSTICE OF THE SUPREME COURT,NONPARTISAN,SCATTERING,93,0
2001,APRIL,BAYFIELD,WASHBURN CITY WARDS 7 & 8,SPRING GENERAL,JUSTICE OF THE SUPREME COURT,NONPARTISAN,"DAVID T PROSSER, JR.",70,70
2001,APRIL,BAYFIELD,WASHBURN CITY WARDS 7 & 8,SPRING GENERAL,JUSTICE OF THE SUPREME COURT,NONPARTISAN,SCATTERING,70,0
2001,APRIL,BROWN,BELLEVUE TOWN WARDS 1 - 6,SPRING GENERAL,JUSTICE OF THE SUPREME COURT,NONPARTISAN,"DAVID T PROSSER, JR.",596,593
2001,APRIL,BROWN,BELLEVUE TOWN WARDS 1 - 6,SPRING GENERAL,JUSTICE OF THE SUPREME COURT,NONPARTISAN,SCATTERING,596,3
2001,APRIL,BROWN,BELLEVUE TOWN WARDS 7 - 10,SPRING GENERAL,JUSTICE OF THE SUPREME COURT,NONPARTISAN,"DAVID T PROSSER, JR.",740,740
2001,APRIL,BROWN,BELLEVUE TOWN WARDS 7 - 10,SPRING GENERAL,JUSTICE OF THE SUPREME COURT,NONPARTISAN,SCATTERING,740,0
2001,APRIL,BROWN,EATON TOWN WARDS 1 & 2,SPRING GENERAL,JUSTICE OF THE SUPREME COURT,NONPARTISAN,"DAVID T PROSSER, JR.",282,282
2001,APRIL,BROWN,EATON TOWN WARDS 1 & 2,SPRING GENERAL,JUSTICE OF THE SUPREME COURT,NONPARTISAN,SCATTERING,282,0
2001,APRIL,BROWN,GLENMORE TOWN WARDS 1 & 2,SPRING GENERAL,JUSTICE OF THE SUPREME COURT,NONPARTISAN,"DAVID T PROSSER, JR.",163,163
2001,APRIL,BROWN,GLENMORE TOWN WARDS 1 & 2,SPRING GENERAL,JUSTICE OF THE SUPREME COURT,NONPARTISAN,SCATTERING,163,0
2001,APRIL,BROWN,GREEN BAY TOWN WARDS 1 & 2,SPRING GENERAL,JUSTICE OF THE SUPREME COURT,NONPARTISAN,"DAVID T PROSSER, JR.",294,293
2001,APRIL,BROWN,GREEN BAY TOWN WARDS 1 & 2,SPRING GENERAL,JUSTICE OF THE SUPREME COURT,NONPARTISAN,SCATTERING,294,1
2001,APRIL,BROWN,HOBART TOWN WARDS 1 - 6,SPRING GENERAL,JUSTICE OF THE SUPREME COURT,NONPARTISAN,"DAVID T PROSSER, JR.",1355,1353
2001,APRIL,BROWN,HOBART TOWN WARDS 1 - 6,SPRING GENERAL,JUSTICE OF THE SUPREME COURT,NONPARTISAN,SCATTERING,1355,2
2001,APRIL,BROWN,HOLLAND TOWN WARDS 1 & 2,SPRING GENERAL,JUSTICE OF THE SUPREME COURT,NONPARTISAN,"DAVID T PROSSER, JR.",252,252
2001,APRIL,BROWN,HOLLAND TOWN WARDS 1 & 2,SPRING GENERAL,JUSTICE OF THE SUPREME COURT,NONPARTISAN,SCATTERING,252,0
2001,APRIL,BROWN,HUMBOLDT TOWN WARDS 1 & 2,SPRING GENERAL,JUSTICE OF THE SUPREME COURT,NONPARTISAN,"DAVID T PROSSER, JR.",168,168
2001,APRIL,BROWN,HUMBOLDT TOWN WARDS 1 & 2,SPRING GENERAL,JUSTICE OF THE SUPREME COURT,NONPARTISAN,SCATTERING,168,0
2001,APRIL,BROWN,LAWRENCE TOWN WARDS 1 & 2,SPRING GENERAL,JUSTICE OF THE SUPREME COURT,NONPARTISAN,"DAVID T PROSSER, JR.",284,284
2001,APRIL,BROWN,LAWRENCE TOWN WARDS 1 & 2,SPRING GENERAL,JUSTICE OF THE SUPREME COURT,NONPARTISAN,SCATTERING,284,0
2001,APRIL,BROWN,LEDGEVIEW TOWN WARDS 1 & 2,SPRING GENERAL,JUSTICE OF THE SUPREME COURT,NONPARTISAN,"DAVID T PROSSER, JR.",417,416
2001,APRIL,BROWN,LEDGEVIEW TOWN WARDS 1 & 2,SPRING GENERAL,JUSTICE OF THE SUPREME COURT,NONPARTISAN,SCATTERING,417,1
2001,APRIL,BROWN,MORRISON TOWN WARDS 1 & 2,SPRING GENERAL,JUSTICE OF THE SUPREME COURT,NONPARTISAN,"DAVID T PROSSER, JR.",314,312
2001,APRIL,BROWN,MORRISON TOWN WARDS 1 & 2,SPRING GENERAL,JUSTICE OF THE SUPREME COURT,NONPARTISAN,SCATTERING,314,2
2001,APRIL,BROWN,NEW DENMARK TOWN WARDS 1 & 2,SPRING GENERAL,JUSTICE OF THE SUPREME COURT,NONPARTISAN,"DAVID T PROSSER, JR.",111,110
2001,APRIL,BROWN,NEW DENMARK TOWN WARDS 1 & 2,SPRING GENERAL,JUSTICE OF THE SUPREME COURT,NONPARTISAN,SCATTERING,111,1
2001,APRIL,BROWN,PITTSFIELD TOWN WARDS 1 - 3,SPRING GENERAL,JUSTICE OF THE SUPREME COURT,NONPARTISAN,"DAVID T PROSSER, JR.",194,194
2001,APRIL,BROWN,PITTSFIELD TOWN WARDS 1 - 3,SPRING GENERAL,JUSTICE OF THE SUPREME COURT,NONPARTISAN,SCATTERING,194,0
2001,APRIL,BROWN,ROCKLAND TOWN WARD 1,SPRING GENERAL,JUSTICE OF THE SUPREME COURT,NONPARTISAN,"DAVID T PROSSER, JR.",469,469
2001,APRIL,BROWN,ROCKLAND TOWN WARD 1,SPRING GENERAL,JUSTICE OF THE SUPREME COURT,NONPARTISAN,SCATTERING,469,0
2001,APRIL,BROWN,SCOTT TOWN WARDS 1 - 3,SPRING GENERAL,JUSTICE OF THE SUPREME COURT,NONPARTISAN,"DAVID T PROSSER, JR.",622,621
2001,APRIL,BROWN,SCOTT TOWN WARDS 1 - 3,SPRING GENERAL,JUSTICE OF THE SUPREME COURT,NONPARTISAN,SCATTERING,622,1
2001,APRIL,BROWN,SUAMICO TOWN WARDS 1 - 5,SPRING GENERAL,JUSTICE OF THE SUPREME COURT,NONPARTISAN,"DAVID T PROSSER, JR.",1010,1005
2001,APRIL,BROWN,SUAMICO TOWN WARDS 1 - 5,SPRING GENERAL,JUSTICE OF THE SUPREME COURT,NONPARTISAN,SCATTERING,1010,5
2001,APRIL,BROWN,SUAMICO TOWN WARDS 6 & 7,SPRING GENERAL,JUSTICE OF THE SUPREME COURT,NONPARTISAN,"DAVID T PROSSER, JR.",348,347
2001,APRIL,BROWN,SUAMICO TOWN WARDS 6 & 7,SPRING GENERAL,JUSTICE OF THE SUPREME COURT,NONPARTISAN,SCATTERING,348,1
2001,APRIL,BROWN,WRIGHTSTOWN TOWN WARDS 1 - 3,SPRING GENERAL,JUSTICE OF THE SUPREME COURT,NONPARTISAN,"DAVID T PROSSER, JR.",258,258
2001,APRIL,BROWN,WRIGHTSTOWN TOWN WARDS 1 - 3,SPRING GENERAL,JUSTICE OF THE SUPREME COURT,NONPARTISAN,SCATTERING,258,0
2001,APRIL,BROWN,ALLOUEZ VILLAGE WARDS 1 & 2,SPRING GENERAL,JUSTICE OF THE SUPREME COURT,NONPARTISAN,"DAVID T PROSSER, JR.",380,376
2001,APRIL,BROWN,ALLOUEZ VILLAGE WARDS 1 & 2,SPRING GENERAL,JUSTICE OF THE SUPREME COURT,NONPARTISAN,SCATTERING,380,4
2001,APRIL,BROWN,ALLOUEZ VILLAGE WARDS 3 & 4,SPRING GENERAL,JUSTICE OF THE SUPREME COURT,NONPARTISAN,"DAVID T PROSSER, JR.",370,366
2001,APRIL,BROWN,ALLOUEZ VILLAGE WARDS 3 & 4,SPRING GENERAL,JUSTICE OF THE SUPREME COURT,NONPARTISAN,SCATTERING,370,4
2001,APRIL,BROWN,ALLOUEZ VILLAGE WARDS 5 & 6,SPRING GENERAL,JUSTICE OF THE SUPREME COURT,NONPARTISAN,"DAVID T PROSSER, JR.",537,534
2001,APRIL,BROWN,ALLOUEZ VILLAGE WARDS 5 & 6,SPRING GENERAL,JUSTICE OF THE SUPREME COURT,NONPARTISAN,SCATTERING,537,3
2001,APRIL,BROWN,ALLOUEZ VILLAGE WARDS 7 & 8,SPRING GENERAL,JUSTICE OF THE SUPREME COURT,NONPARTISAN,"DAVID T PROSSER, JR.",521,516
2001,APRIL,BROWN,ALLOUEZ VILLAGE WARDS 7 & 8,SPRING GENERAL,JUSTICE OF THE SUPREME COURT,NONPARTISAN,SCATTERING,521,5
2001,APRIL,BROWN,ASHWAUBENON VILLAGE WARDS 1 & 2,SPRING GENERAL,JUSTICE OF THE SUPREME COURT,NONPARTISAN,"DAVID T PROSSER, JR.",241,239
2001,APRIL,BROWN,ASHWAUBENON VILLAGE WARDS 1 & 2,SPRING GENERAL,JUSTICE OF THE SUPREME COURT,NONPARTISAN,SCATTERING,241,2
2001,APRIL,BROWN,ASHWAUBENON VILLAGE WARDS 3 & 4,SPRING GENERAL,JUSTICE OF THE SUPREME COURT,NONPARTISAN,"DAVID T PROSSER, JR.",294,292
2001,APRIL,BROWN,ASHWAUBENON VILLAGE WARDS 3 & 4,SPRING GENERAL,JUSTICE OF THE SUPREME COURT,NONPARTISAN,SCATTERING,294,2
2001,APRIL,BROWN,ASHWAUBENON VILLAGE WARDS 5 & 6,SPRING GENERAL,JUSTICE OF THE SUPREME COURT,NONPARTISAN,"DAVID T PROSSER, JR.",300,300
2001,APRIL,BROWN,ASHWAUBENON VILLAGE WARDS 5 & 6,SPRING GENERAL,JUSTICE OF THE SUPREME COURT,NONPARTISAN,SCATTERING,300,0
2001,APRIL,BROWN,ASHWAUBENON VILLAGE WARDS 7 & 8,SPRING GENERAL,JUSTICE OF THE SUPREME COURT,NONPARTISAN,"DAVID T PROSSER, JR.",365,365
2001,APRIL,BROWN,ASHWAUBENON VILLAGE WARDS 7 & 8,SPRING GENERAL,JUSTICE OF THE SUPREME COURT,NONPARTISAN,SCATTERING,365,0
2001,APRIL,BROWN,ASHWAUBENON VILLAGE WARDS 9 & 10,SPRING GENERAL,JUSTICE OF THE SUPREME COURT,NONPARTISAN,"DAVID T PROSSER, JR.",267,267
2001,APRIL,BROWN,ASHWAUBENON VILLAGE WARDS 9 & 10,SPRING GENERAL,JUSTICE OF THE SUPREME COURT,NONPARTISAN,SCATTERING,267,0
2001,APRIL,BROWN,ASHWAUBENON VILLAGE WARDS 11 & 12,SPRING GENERAL,JUSTICE OF THE SUPREME COURT,NONPARTISAN,"DAVID T PROSSER, JR.",459,458
2001,APRIL,BROWN,ASHWAUBENON VILLAGE WARDS 11 & 12,SPRING GENERAL,JUSTICE OF THE SUPREME COURT,NONPARTISAN,SCATTERING,459,1
2001,APRIL,BROWN,ASHWAUBENON VILLAGE WARDS 13 & 14,SPRING GENERAL,JUSTICE OF THE SUPREME COURT,NONPARTISAN,"DAVID T PROSSER, JR.",27,27
2001,APRIL,BROWN,ASHWAUBENON VILLAGE WARDS 13 & 14,SPRING GENERAL,JUSTICE OF THE SUPREME COURT,NONPARTISAN,SCATTERING,27,0
2001,APRIL,BROWN,DENMARK VILLAGE WARDS 1 & 2,SPRING GENERAL,JUSTICE OF THE SUPREME COURT,NONPARTISAN,"DAVID T PROSSER, JR.",299,299
2001,APRIL,BROWN,DENMARK VILLAGE WARDS 1 & 2,SPRING GENERAL,JUSTICE OF THE SUPREME COURT,NONPARTISAN,SCATTERING,299,0
2001,APRIL,BROWN,HOWARD VILLAGE WARDS 1 - 8,SPRING GENERAL,JUSTICE OF THE SUPREME COURT,NONPARTISAN,"DAVID T PROSSER, JR.",795,792
2001,APRIL,BROWN,HOWARD VILLAGE WARDS 1 - 8,SPRING GENERAL,JUSTICE OF THE SUPREME COURT,NONPARTISAN,SCATTERING,795,3
2001,APRIL,BROWN,HOWARD VILLAGE WARDS 9 - 16,SPRING GENERAL,JUSTICE OF THE SUPREME COURT,NONPARTISAN,"DAVID T PROSSER, JR.",1167,1161
2001,APRIL,BROWN,HOWARD VILLAGE WARDS 9 - 16,SPRING GENERAL,JUSTICE OF THE SUPREME COURT,NONPARTISAN,SCATTERING,1167,6
2001,APRIL,BROWN,PULASKI VILLAGE WARDS 1 - 3,SPRING GENERAL,JUSTICE OF THE SUPREME COURT,NONPARTISAN,"DAVID T PROSSER, JR.",413,412
2001,APRIL,BROWN,PULASKI VILLAGE WARDS 1 - 3,SPRING GENERAL,JUSTICE OF THE SUPREME COURT,NONPARTISAN,SCATTERING,413,1
2001,APRIL,BROWN,WRIGHTSTOWN VILLAGE WARDS 1 & 2,SPRING GENERAL,JUSTICE OF THE SUPREME COURT,NONPARTISAN,"DAVID T PROSSER, JR.",147,147
2001,APRIL,BROWN,WRIGHTSTOWN VILLAGE WARDS 1 & 2,SPRING GENERAL,JUSTICE OF THE SUPREME COURT,NONPARTISAN,SCATTERING,147,0
2001,APRIL,BROWN,DE PERE CITY WARDS 1 - 3,SPRING GENERAL,JUSTICE OF THE SUPREME COURT,NONPARTISAN,"DAVID T PROSSER, JR.",767,764
2001,APRIL,BROWN,DE PERE CITY WARDS 1 - 3,SPRING GENERAL,JUSTICE OF THE SUPREME COURT,NONPARTISAN,SCATTERING,767,3
2001,APRIL,BROWN,DE PERE CITY WARDS 4 - 6,SPRING GENERAL,JUSTICE OF THE SUPREME COURT,NONPARTISAN,"DAVID T PROSSER, JR.",501,496
2001,APRIL,BROWN,DE PERE CITY WARDS 4 - 6,SPRING GENERAL,JUSTICE OF THE SUPREME COURT,NONPARTISAN,SCATTERING,501,5
2001,APRIL,BROWN,DE PERE CITY WARDS 7 - 9,SPRING GENERAL,JUSTICE OF THE SUPREME COURT,NONPARTISAN,"DAVID T PROSSER, JR.",308,307
2001,APRIL,BROWN,DE PERE CITY WARDS 7 - 9,SPRING GENERAL,JUSTICE OF THE SUPREME COURT,NONPARTISAN,SCATTERING,308,1
2001,APRIL,BROWN,DE PERE CITY WARDS 10 - 13,SPRING GENERAL,JUSTICE OF THE SUPREME COURT,NONPARTISAN,"DAVID T PROSSER, JR.",570,569
2001,APRIL,BROWN,DE PERE CITY WARDS 10 - 13,SPRING GENERAL,JUSTICE OF THE SUPREME COURT,NONPARTISAN,SCATTERING,570,1
2001,APRIL,BROWN,GREEN BAY CITY WARD 1,SPRING GENERAL,JUSTICE OF THE SUPREME COURT,NONPARTISAN,"DAVID T PROSSER, JR.",209,207
2001,APRIL,BROWN,GREEN BAY CITY WARD 1,SPRING GENERAL,JUSTICE OF THE SUPREME COURT,NONPARTISAN,SCATTERING,209,2
2001,APRIL,BROWN,GREEN BAY CITY WARD 2,SPRING GENERAL,JUSTICE OF THE SUPREME COURT,NONPARTISAN,"DAVID T PROSSER, JR.",155,154
2001,APRIL,BROWN,GREEN BAY CITY WARD 2,SPRING GENERAL,JUSTICE OF THE SUPREME COURT,NONPARTISAN,SCATTERING,155,1
2001,APRIL,BROWN,GREEN BAY CITY WARD 3,SPRING GENERAL,JUSTICE OF THE SUPREME COURT,NONPARTISAN,"DAVID T PROSSER, JR.",286,285
2001,APRIL,BROWN,GREEN BAY CITY WARD 3,SPRING GENERAL,JUSTICE OF THE SUPREME COURT,NONPARTISAN,SCATTERING,286,1
2001,APRIL,BROWN,GREEN BAY CITY WARD 4,SPRING GENERAL,JUSTICE OF THE SUPREME COURT,NONPARTISAN,"DAVID T PROSSER, JR.",133,133
2001,APRIL,BROWN,GREEN BAY CITY WARD 4,SPRING GENERAL,JUSTICE OF THE SUPREME COURT,NONPARTISAN,SCATTERING,133,0
2001,APRIL,BROWN,GREEN BAY CITY WARD 5,SPRING GENERAL,JUSTICE OF THE SUPREME COURT,NONPARTISAN,"DAVID T PROSSER, JR.",182,181
2001,APRIL,BROWN,GREEN BAY CITY WARD 5,SPRING GENERAL,JUSTICE OF THE SUPREME COURT,NONPARTISAN,SCATTERING,182,1
2001,APRIL,BROWN,GREEN BAY CITY WARD 6,SPRING GENERAL,JUSTICE OF THE SUPREME COURT,NONPARTISAN,"DAVID T PROSSER, JR.",246,245
2001,APRIL,BROWN,GREEN BAY CITY WARD 6,SPRING GENERAL,JUSTICE OF THE SUPREME COURT,NONPARTISAN,SCATTERING,246,1
2001,APRIL,BROWN,GREEN BAY CITY WARD 7,SPRING GENERAL,JUSTICE OF THE SUPREME COURT,NONPARTISAN,"DAVID T PROSSER, JR.",266,266
2001,APRIL,BROWN,GREEN BAY CITY WARD 7,SPRING GENERAL,JUSTICE OF THE SUPREME COURT,NONPARTISAN,SCATTERING,266,0
2001,APRIL,BROWN,GREEN BAY CITY WARD 8,SPRING GENERAL,JUSTICE OF THE SUPREME COURT,NONPARTISAN,"DAVID T PROSSER, JR.",186,185
2001,APRIL,BROWN,GREEN BAY CITY WARD 8,SPRING GENERAL,JUSTICE OF THE SUPREME COURT,NONPARTISAN,SCATTERING,186,1
2001,APRIL,BROWN,GREEN BAY CITY WARD 9,SPRING GENERAL,JUSTICE OF THE SUPREME COURT,NONPARTISAN,"DAVID T PROSSER, JR.",118,118
2001,APRIL,BROWN,GREEN BAY CITY WARD 9,SPRING GENERAL,JUSTICE OF THE SUPREME COURT,NONPARTISAN,SCATTERING,118,0
2001,APRIL,BROWN,GREEN BAY CITY WARD 10,SPRING GENERAL,JUSTICE OF THE SUPREME COURT,NONPARTISAN,"DAVID T PROSSER, JR.",117,117
2001,APRIL,BROWN,GREEN BAY CITY WARD 10,SPRING GENERAL,JUSTICE OF THE SUPREME COURT,NONPARTISAN,SCATTERING,117,0
2001,APRIL,BROWN,GREEN BAY CITY WARD 11,SPRING GENERAL,JUSTICE OF THE SUPREME COURT,NONPARTISAN,"DAVID T PROSSER, JR.",66,65
2001,APRIL,BROWN,GREEN BAY CITY WARD 11,SPRING GENERAL,JUSTICE OF THE SUPREME COURT,NONPARTISAN,SCATTERING,66,1
2001,APRIL,BROWN,GREEN BAY CITY WARD 12,SPRING GENERAL,JUSTICE OF THE SUPREME COURT,NONPARTISAN,"DAVID T PROSSER, JR.",159,158
2001,APRIL,BROWN,GREEN BAY CITY WARD 12,SPRING GENERAL,JUSTICE OF THE SUPREME COURT,NONPARTISAN,SCATTERING,159,1
2001,APRIL,BROWN,GREEN BAY CITY WARD 13,SPRING GENERAL,JUSTICE OF THE SUPREME COURT,NONPARTISAN,"DAVID T PROSSER, JR.",145,143
2001,APRIL,BROWN,GREEN BAY CITY WARD 13,SPRING GENERAL,JUSTICE OF THE SUPREME COURT,NONPARTISAN,SCATTERING,145,2
2001,APRIL,BROWN,GREEN BAY CITY WARD 14,SPRING GENERAL,JUSTICE OF THE SUPREME COURT,NONPARTISAN,"DAVID T PROSSER, JR.",60,58
2001,APRIL,BROWN,GREEN BAY CITY WARD 14,SPRING GENERAL,JUSTICE OF THE SUPREME COURT,NONPARTISAN,SCATTERING,60,2
2001,APRIL,BROWN,GREEN BAY CITY WARD 15,SPRING GENERAL,JUSTICE OF THE SUPREME COURT,NONPARTISAN,"DAVID T PROSSER, JR.",230,225
2001,APRIL,BROWN,GREEN BAY CITY WARD 15,SPRING GENERAL,JUSTICE OF THE SUPREME COURT,NONPARTISAN,SCATTERING,230,5
2001,APRIL,BROWN,GREEN BAY CITY WARD 16,SPRING GENERAL,JUSTICE OF THE SUPREME COURT,NONPARTISAN,"DAVID T PROSSER, JR.",63,62
2001,APRIL,BROWN,GREEN BAY CITY WARD 16,SPRING GENERAL,JUSTICE OF THE SUPREME COURT,NONPARTISAN,SCATTERING,63,1
2001,APRIL,BROWN,GREEN BAY CITY WARD 17,SPRING GENERAL,JUSTICE OF THE SUPREME COURT,NONPARTISAN,"DAVID T PROSSER, JR.",62,61
2001,APRIL,BROWN,GREEN BAY CITY WARD 17,SPRING GENERAL,JUSTICE OF THE SUPREME COURT,NONPARTISAN,SCATTERING,62,1
2001,APRIL,BROWN,GREEN BAY CITY WARD 18,SPRING GENERAL,JUSTICE OF THE SUPREME COURT,NONPARTISAN,"DAVID T PROSSER, JR.",49,48
2001,APRIL,BROWN,GREEN BAY CITY WARD 18,SPRING GENERAL,JUSTICE OF THE SUPREME COURT,NONPARTISAN,SCATTERING,49,1
2001,APRIL,BROWN,GREEN BAY CITY WARD 19,SPRING GENERAL,JUSTICE OF THE SUPREME COURT,NONPARTISAN,"DAVID T PROSSER, JR.",177,176
2001,APRIL,BROWN,GREEN BAY CITY WARD 19,SPRING GENERAL,JUSTICE OF THE SUPREME COURT,NONPARTISAN,SCATTERING,177,1
2001,APRIL,BROWN,GREEN BAY CITY WARD 20,SPRING GENERAL,JUSTICE OF THE SUPREME COURT,NONPARTISAN,"DAVID T PROSSER, JR.",73,73
2001,APRIL,BROWN,GREEN BAY CITY WARD 20,SPRING GENERAL,JUSTICE OF THE SUPREME COURT,NONPARTISAN,SCATTERING,73,0
2001,APRIL,BROWN,GREEN BAY CITY WARD 21,SPRING GENERAL,JUSTICE OF THE SUPREME COURT,NONPARTISAN,"DAVID T PROSSER, JR.",103,103
2001,APRIL,BROWN,GREEN BAY CITY WARD 21,SPRING GENERAL,JUSTICE OF THE SUPREME COURT,NONPARTISAN,SCATTERING,103,0
2001,APRIL,BROWN,GREEN BAY CITY WARD 22,SPRING GENERAL,JUSTICE OF THE SUPREME COURT,NONPARTISAN,"DAVID T PROSSER, JR.",91,91
2001,APRIL,BROWN,GREEN BAY CITY WARD 22,SPRING GENERAL,JUSTICE OF THE SUPREME COURT,NONPARTISAN,SCATTERING,91,0
2001,APRIL,BROWN,GREEN BAY CITY WARD 23,SPRING GENERAL,JUSTICE OF THE SUPREME COURT,NONPARTISAN,"DAVID T PROSSER, JR.",58,58
2001,APRIL,BROWN,GREEN BAY CITY WARD 23,SPRING GENERAL,JUSTICE OF THE SUPREME COURT,NONPARTISAN,SCATTERING,58,0
2001,APRIL,BROWN,GREEN BAY CITY WARD 24,SPRING GENERAL,JUSTICE OF THE SUPREME COURT,NONPARTISAN,"DAVID T PROSSER, JR.",55,55
2001,APRIL,BROWN,GREEN BAY CITY WARD 24,SPRING GENERAL,JUSTICE OF THE SUPREME COURT,NONPARTISAN,SCATTERING,55,0
2001,APRIL,BROWN,GREEN BAY CITY WARD 25,SPRING GENERAL,JUSTICE OF THE SUPREME COURT,NONPARTISAN,"DAVID T PROSSER, JR.",79,78
2001,APRIL,BROWN,GREEN BAY CITY WARD 25,SPRING GENERAL,JUSTICE OF THE SUPREME COURT,NONPARTISAN,SCATTERING,79,1
2001,APRIL,BROWN,GREEN BAY CITY WARD 26,SPRING GENERAL,JUSTICE OF THE SUPREME COURT,NONPARTISAN,"DAVID T PROSSER, JR.",123,122
2001,APRIL,BROWN,GREEN BAY CITY WARD 26,SPRING GENERAL,JUSTICE OF THE SUPREME COURT,NONPARTISAN,SCATTERING,123,1
2001,APRIL,BROWN,GREEN BAY CITY WARD 27,SPRING GENERAL,JUSTICE OF THE SUPREME COURT,NONPARTISAN,"DAVID T PROSSER, JR.",175,173
2001,APRIL,BROWN,GREEN BAY CITY WARD 27,SPRING GENERAL,JUSTICE OF THE SUPREME COURT,NONPARTISAN,SCATTERING,175,2
2001,APRIL,BROWN,GREEN BAY CITY WARD 28,SPRING GENERAL,JUSTICE OF THE SUPREME COURT,NONPARTISAN,"DAVID T PROSSER, JR.",200,200
2001,APRIL,BROWN,GREEN BAY CITY WARD 28,SPRING GENERAL,JUSTICE OF THE SUPREME COURT,NONPARTISAN,SCATTERING,200,0
2001,APRIL,BROWN,GREEN BAY CITY WARD 29,SPRING GENERAL,JUSTICE OF THE SUPREME COURT,NONPARTISAN,"DAVID T PROSSER, JR.",147,147
2001,APRIL,BROWN,GREEN BAY CITY WARD 29,SPRING GENERAL,JUSTICE OF THE SUPREME COURT,NONPARTISAN,SCATTERING,147,0
2001,APRIL,BROWN,GREEN BAY CITY WARD 30,SPRING GENERAL,JUSTICE OF THE SUPREME COURT,NONPARTISAN,"DAVID T PROSSER, JR.",215,214
2001,APRIL,BROWN,GREEN BAY CITY WARD 30,SPRING GENERAL,JUSTICE OF THE SUPREME COURT,NONPARTISAN,SCATTERING,215,1
2001,APRIL,BROWN,GREEN BAY CITY WARD 31,SPRING GENERAL,JUSTICE OF THE SUPREME COURT,NONPARTISAN,"DAVID T PROSSER, JR.",147,147
2001,APRIL,BROWN,GREEN BAY CITY WARD 31,SPRING GENERAL,JUSTICE OF THE SUPREME COURT,NONPARTISAN,SCATTERING,147,0
2001,APRIL,BROWN,GREEN BAY CITY WARD 32,SPRING GENERAL,JUSTICE OF THE SUPREME COURT,NONPARTISAN,"DAVID T PROSSER, JR.",204,203
2001,APRIL,BROWN,GREEN BAY CITY WARD 32,SPRING GENERAL,JUSTICE OF THE SUPREME COURT,NONPARTISAN,SCATTERING,204,1
2001,APRIL,BROWN,GREEN BAY CITY WARD 33,SPRING GENERAL,JUSTICE OF THE SUPREME COURT,NONPARTISAN,"DAVID T PROSSER, JR.",146,145
2001,APRIL,BROWN,GREEN BAY CITY WARD 33,SPRING GENERAL,JUSTICE OF THE SUPREME COURT,NONPARTISAN,SCATTERING,146,1
2001,APRIL,BROWN,GREEN BAY CITY WARD 34,SPRING GENERAL,JUSTICE OF THE SUPREME COURT,NONPARTISAN,"DAVID T PROSSER, JR.",56,54
2001,APRIL,BROWN,GREEN BAY CITY WARD 34,SPRING GENERAL,JUSTICE OF THE SUPREME COURT,NONPARTISAN,SCATTERING,56,2
2001,APRIL,BROWN,GREEN BAY CITY WARD 35,SPRING GENERAL,JUSTICE OF THE SUPREME COURT,NONPARTISAN,"DAVID T PROSSER, JR.",71,71
2001,APRIL,BROWN,GREEN BAY CITY WARD 35,SPRING GENERAL,JUSTICE OF THE SUPREME COURT,NONPARTISAN,SCATTERING,71,0
2001,APRIL,BROWN,GREEN BAY CITY WARD 36,SPRING GENERAL,JUSTICE OF THE SUPREME COURT,NONPARTISAN,"DAVID T PROSSER, JR.",102,100
2001,APRIL,BROWN,GREEN BAY CITY WARD 36,SPRING GENERAL,JUSTICE OF THE SUPREME COURT,NONPARTISAN,SCATTERING,102,2
2001,APRIL,BROWN,GREEN BAY CITY WARD 37,SPRING GENERAL,JUSTICE OF THE SUPREME COURT,NONPARTISAN,"DAVID T PROSSER, JR.",120,119
2001,APRIL,BROWN,GREEN BAY CITY WARD 37,SPRING GENERAL,JUSTICE OF THE SUPREME COURT,NONPARTISAN,SCATTERING,120,1
2001,APRIL,BROWN,GREEN BAY CITY WARD 38,SPRING GENERAL,JUSTICE OF THE SUPREME COURT,NONPARTISAN,"DAVID T PROSSER, JR.",167,166
2001,APRIL,BROWN,GREEN BAY CITY WARD 38,SPRING GENERAL,JUSTICE OF THE SUPREME COURT,NONPARTISAN,SCATTERING,167,1
2001,APRIL,BROWN,GREEN BAY CITY WARD 39,SPRING GENERAL,JUSTICE OF THE SUPREME COURT,NONPARTISAN,"DAVID T PROSSER, JR.",133,132
2001,APRIL,BROWN,GREEN BAY CITY WARD 39,SPRING GENERAL,JUSTICE OF THE SUPREME COURT,NONPARTISAN,SCATTERING,133,1
2001,APRIL,BROWN,GREEN BAY CITY WARD 40,SPRING GENERAL,JUSTICE OF THE SUPREME COURT,NONPARTISAN,"DAVID T PROSSER, JR.",97,97
2001,APRIL,BROWN,GREEN BAY CITY WARD 40,SPRING GENERAL,JUSTICE OF THE SUPREME COURT,NONPARTISAN,SCATTERING,97,0
2001,APRIL,BROWN,GREEN BAY CITY WARD 41,SPRING GENERAL,JUSTICE OF THE SUPREME COURT,NONPARTISAN,"DAVID T PROSSER, JR.",140,139
2001,APRIL,BROWN,GREEN BAY CITY WARD 41,SPRING GENERAL,JUSTICE OF THE SUPREME COURT,NONPARTISAN,SCATTERING,140,1
2001,APRIL,BROWN,GREEN BAY CITY WARD 42,SPRING GENERAL,JUSTICE OF THE SUPREME COURT,NONPARTISAN,"DAVID T PROSSER, JR.",183,183
2001,APRIL,BROWN,GREEN BAY CITY WARD 42,SPRING GENERAL,JUSTICE OF THE SUPREME COURT,NONPARTISAN,SCATTERING,183,0
2001,APRIL,BROWN,GREEN BAY CITY WARD 43,SPRING GENERAL,JUSTICE OF THE SUPREME COURT,NONPARTISAN,"DAVID T PROSSER, JR.",161,160
2001,APRIL,BROWN,GREEN BAY CITY WARD 43,SPRING GENERAL,JUSTICE OF THE SUPREME COURT,NONPARTISAN,SCATTERING,161,1
2001,APRIL,BROWN,GREEN BAY CITY WARD 44,SPRING GENERAL,JUSTICE OF THE SUPREME COURT,NONPARTISAN,"DAVID T PROSSER, JR.",254,254
2001,APRIL,BROWN,GREEN BAY CITY WARD 44,SPRING GENERAL,JUSTICE OF THE SUPREME COURT,NONPARTISAN,SCATTERING,254,0
2001,APRIL,BROWN,GREEN BAY CITY WARD 45,SPRING GENERAL,JUSTICE OF THE SUPREME COURT,NONPARTISAN,"DAVID T PROSSER, JR.",178,178
2001,APRIL,BROWN,GREEN BAY CITY WARD 45,SPRING GENERAL,JUSTICE OF THE SUPREME COURT,NONPARTISAN,SCATTERING,178,0
2001,APRIL,BROWN,GREEN BAY CITY WARD 46,SPRING GENERAL,JUSTICE OF THE SUPREME COURT,NONPARTISAN,"DAVID T PROSSER, JR.",157,157
2001,APRIL,BROWN,GREEN BAY CITY WARD 46,SPRING GENERAL,JUSTICE OF THE SUPREME COURT,NONPARTISAN,SCATTERING,157,0
2001,APRIL,BROWN,GREEN BAY CITY WARD 47,SPRING GENERAL,JUSTICE OF THE SUPREME COURT,NONPARTISAN,"DAVID T PROSSER, JR.",305,305
2001,APRIL,BROWN,GREEN BAY CITY WARD 47,SPRING GENERAL,JUSTICE OF THE SUPREME COURT,NONPARTISAN,SCATTERING,305,0
2001,APRIL,BROWN,GREEN BAY CITY WARD 48,SPRING GENERAL,JUSTICE OF THE SUPREME COURT,NONPARTISAN,"DAVID T PROSSER, JR.",212,212
2001,APRIL,BROWN,GREEN BAY CITY WARD 48,SPRING GENERAL,JUSTICE OF THE SUPREME COURT,NONPARTISAN,SCATTERING,212,0
2001,APRIL,BUFFALO,ALMA TOWN WARD 1,SPRING GENERAL,JUSTICE OF THE SUPREME COURT,NONPARTISAN,"DAVID T PROSSER, JR.",68,68
2001,APRIL,BUFFALO,ALMA TOWN WARD 1,SPRING GENERAL,JUSTICE OF THE SUPREME COURT,NONPARTISAN,SCATTERING,68,0
2001,APRIL,BUFFALO,BELVIDERE TOWN WARD 1,SPRING GENERAL,JUSTICE OF THE SUPREME COURT,NONPARTISAN,"DAVID T PROSSER, JR.",29,29
2001,APRIL,BUFFALO,BELVIDERE TOWN WARD 1,SPRING GENERAL,JUSTICE OF THE SUPREME COURT,NONPARTISAN,SCATTERING,29,0
2001,APRIL,BUFFALO,BUFFALO TOWN WARD 1,SPRING GENERAL,JUSTICE OF THE SUPREME COURT,NONPARTISAN,"DAVID T PROSSER, JR.",106,106
2001,APRIL,BUFFALO,BUFFALO TOWN WARD 1,SPRING GENERAL,JUSTICE OF THE SUPREME COURT,NONPARTISAN,SCATTERING,106,0
2001,APRIL,BUFFALO,CANTON TOWN WARD 1,SPRING GENERAL,JUSTICE OF THE SUPREME COURT,NONPARTISAN,"DAVID T PROSSER, JR.",23,23
2001,APRIL,BUFFALO,CANTON TOWN WARD 1,SPRING GENERAL,JUSTICE OF THE SUPREME COURT,NONPARTISAN,SCATTERING,23,0
2001,APRIL,BUFFALO,CROSS TOWN WARD 1,SPRING GENERAL,JUSTICE OF THE SUPREME COURT,NONPARTISAN,"DAVID T PROSSER, JR.",32,32
2001,APRIL,BUFFALO,CROSS TOWN WARD 1,SPRING GENERAL,JUSTICE OF THE SUPREME COURT,NONPARTISAN,SCATTERING,32,0
2001,APRIL,BUFFALO,DOVER TOWN WARD 1,SPRING GENERAL,JUSTICE OF THE SUPREME COURT,NONPARTISAN,"DAVID T PROSSER, JR.",92,92
2001,APRIL,BUFFALO,DOVER TOWN WARD 1,SPRING GENERAL,JUSTICE OF THE SUPREME COURT,NONPARTISAN,SCATTERING,92,0
2001,APRIL,BUFFALO,GILMANTON TOWN WARD 1,SPRING GENERAL,JUSTICE OF THE SUPREME COURT,NONPARTISAN,"DAVID T PROSSER, JR.",87,87
2001,APRIL,BUFFALO,GILMANTON TOWN WARD 1,SPRING GENERAL,JUSTICE OF THE SUPREME COURT,NONPARTISAN,SCATTERING,87,0
2001,APRIL,BUFFALO,GLENCOE TOWN WARD 1,SPRING GENERAL,JUSTICE OF THE SUPREME COURT,NONPARTISAN,"DAVID T PROSSER, JR.",49,49
2001,APRIL,BUFFALO,GLENCOE TOWN WARD 1,SPRING GENERAL,JUSTICE OF THE SUPREME COURT,NONPARTISAN,SCATTERING,49,0
2001,APRIL,BUFFALO,LINCOLN TOWN WARD 1,SPRING GENERAL,JUSTICE OF THE SUPREME COURT,NONPARTISAN,"DAVID T PROSSER, JR.",20,20
2001,APRIL,BUFFALO,LINCOLN TOWN WARD 1,SPRING GENERAL,JUSTICE OF THE SUPREME COURT,NONPARTISAN,SCATTERING,20,0
2001,APRIL,BUFFALO,MAXVILLE TOWN WARD 1,SPRING GENERAL,JUSTICE OF THE SUPREME COURT,NONPARTISAN,"DAVID T PROSSER, JR.",20,20
2001,APRIL,BUFFALO,MAXVILLE TOWN WARD 1,SPRING GENERAL,JUSTICE OF THE SUPREME COURT,NONPARTISAN,SCATTERING,20,0
2001,APRIL,BUFFALO,MILTON TOWN WARD 1,SPRING GENERAL,JUSTICE OF THE SUPREME COURT,NONPARTISAN,"DAVID T PROSSER, JR.",67,67
2001,APRIL,BUFFALO,MILTON TOWN WARD 1,SPRING GENERAL,JUSTICE OF THE SUPREME COURT,NONPARTISAN,SCATTERING,67,0
2001,APRIL,BUFFALO,MODENA TOWN WARD 1,SPRING GENERAL,JUSTICE OF THE SUPREME COURT,NONPARTISAN,"DAVID T PROSSER, JR.",50,50
2001,APRIL,BUFFALO,MODENA TOWN WARD 1,SPRING GENERAL,JUSTICE OF THE SUPREME COURT,NONPARTISAN,SCATTERING,50,0
2001,APRIL,BUFFALO,MONDOVI TOWN WARDS 1 & 2,SPRING GENERAL,JUSTICE OF THE SUPREME COURT,NONPARTISAN,"DAVID T PROSSER, JR.",21,21
2001,APRIL,BUFFALO,MONDOVI TOWN WARDS 1 & 2,SPRING GENERAL,JUSTICE OF THE SUPREME COURT,NONPARTISAN,SCATTERING,21,0
2001,APRIL,BUFFALO,MONTANA TOWN WARD 1,SPRING GENERAL,JUSTICE OF THE SUPREME COURT,NONPARTISAN,"DAVID T PROSSER, JR.",28,28
2001,APRIL,BUFFALO,MONTANA TOWN WARD 1,SPRING GENERAL,JUSTICE OF THE SUPREME COURT,NONPARTISAN,SCATTERING,28,0
2001,APRIL,BUFFALO,NAPLES TOWN WARD 1,SPRING GENERAL,JUSTICE OF THE SUPREME COURT,NONPARTISAN,"DAVID T PROSSER, JR.",60,60
2001,APRIL,BUFFALO,NAPLES TOWN WARD 1,SPRING GENERAL,JUSTICE OF THE SUPREME COURT,NONPARTISAN,SCATTERING,60,0
2001,APRIL,BUFFALO,NELSON TOWN WARD 1,SPRING GENERAL,JUSTICE OF THE SUPREME COURT,NONPARTISAN,"DAVID T PROSSER, JR.",42,42
2001,APRIL,BUFFALO,NELSON TOWN WARD 1,SPRING GENERAL,JUSTICE OF THE SUPREME COURT,NONPARTISAN,SCATTERING,42,0
2001,APRIL,BUFFALO,WAUMANDEE TOWN WARD 1,SPRING GENERAL,JUSTICE OF THE SUPREME COURT,NONPARTISAN,"DAVID T PROSSER, JR.",28,28
2001,APRIL,BUFFALO,WAUMANDEE TOWN WARD 1,SPRING GENERAL,JUSTICE OF THE SUPREME COURT,NONPARTISAN,SCATTERING,28,0
2001,APRIL,BUFFALO,COCHRANE VILLAGE WARD 1,SPRING GENERAL,JUSTICE OF THE SUPREME COURT,NONPARTISAN,"DAVID T PROSSER, JR.",76,76
2001,APRIL,BUFFALO,COCHRANE VILLAGE WARD 1,SPRING GENERAL,JUSTICE OF THE SUPREME COURT,NONPARTISAN,SCATTERING,76,0
2001,APRIL,BUFFALO,NELSON VILLAGE WARD 1,SPRING GENERAL,JUSTICE OF THE SUPREME COURT,NONPARTISAN,"DAVID T PROSSER, JR.",22,22
2001,APRIL,BUFFALO,NELSON VILLAGE WARD 1,SPRING GENERAL,JUSTICE OF THE SUPREME COURT,NONPARTISAN,SCATTERING,22,0
2001,APRIL,BUFFALO,ALMA CITY WARDS 1 & 2,SPRING GENERAL,JUSTICE OF THE SUPREME COURT,NONPARTISAN,"DAVID T PROSSER, JR.",124,124
2001,APRIL,BUFFALO,ALMA CITY WARDS 1 & 2,SPRING GENERAL,JUSTICE OF THE SUPREME COURT,NONPARTISAN,SCATTERING,124,0
2001,APRIL,BUFFALO,BUFFALO CITY WARD 1,SPRING GENERAL,JUSTICE OF THE SUPREME COURT,NONPARTISAN,"DAVID T PROSSER, JR.",96,96
2001,APRIL,BUFFALO,BUFFALO CITY WARD 1,SPRING GENERAL,JUSTICE OF THE SUPREME COURT,NONPARTISAN,SCATTERING,96,0
2001,APRIL,BUFFALO,FOUNTAIN CITY CITY WARDS 1 & 2,SPRING GENERAL,JUSTICE OF THE SUPREME COURT,NONPARTISAN,"DAVID T PROSSER, JR.",74,74
2001,APRIL,BUFFALO,FOUNTAIN CITY CITY WARDS 1 & 2,SPRING GENERAL,JUSTICE OF THE SUPREME COURT,NONPARTISAN,SCATTERING,74,0
2001,APRIL,BUFFALO,MONDOVI CITY WARDS 1 - 3,SPRING GENERAL,JUSTICE OF THE SUPREME COURT,NONPARTISAN,"DAVID T PROSSER, JR.",184,184
2001,APRIL,BUFFALO,MONDOVI CITY WARDS 1 - 3,SPRING GENERAL,JUSTICE OF THE SUPREME COURT,NONPARTISAN,SCATTERING,184,0
2001,APRIL,BURNETT,ANDERSON TOWN WARD 1,SPRING GENERAL,JUSTICE OF THE SUPREME COURT,NONPARTISAN,"DAVID T PROSSER, JR.",29,29
2001,APRIL,BURNETT,ANDERSON TOWN WARD 1,SPRING GENERAL,JUSTICE OF THE SUPREME COURT,NONPARTISAN,SCATTERING,29,0
2001,APRIL,BURNETT,BLAINE TOWN WARD 1,SPRING GENERAL,JUSTICE OF THE SUPREME COURT,NONPARTISAN,"DAVID T PROSSER, JR.",19,19
2001,APRIL,BURNETT,BLAINE TOWN WARD 1,SPRING GENERAL,JUSTICE OF THE SUPREME COURT,NONPARTISAN,SCATTERING,19,0
2001,APRIL,BURNETT,DANIELS TOWN WARD 1,SPRING GENERAL,JUSTICE OF THE SUPREME COURT,NONPARTISAN,"DAVID T PROSSER, JR.",82,82
2001,APRIL,BURNETT,DANIELS TOWN WARD 1,SPRING GENERAL,JUSTICE OF THE SUPREME COURT,NONPARTISAN,SCATTERING,82,0
2001,APRIL,BURNETT,DEWEY TOWN WARDS 1 & 2,SPRING GENERAL,JUSTICE OF THE SUPREME COURT,NONPARTISAN,"DAVID T PROSSER, JR.",80,80
2001,APRIL,BURNETT,DEWEY TOWN WARDS 1 & 2,SPRING GENERAL,JUSTICE OF THE SUPREME COURT,NONPARTISAN,SCATTERING,80,0
2001,APRIL,BURNETT,GRANTSBURG TOWN WARDS 1 - 4,SPRING GENERAL,JUSTICE OF THE SUPREME COURT,NONPARTISAN,"DAVID T PROSSER, JR.",71,71
2001,APRIL,BURNETT,GRANTSBURG TOWN WARDS 1 - 4,SPRING GENERAL,JUSTICE OF THE SUPREME COURT,NONPARTISAN,SCATTERING,71,0
2001,APRIL,BURNETT,JACKSON TOWN WARD 1,SPRING GENERAL,JUSTICE OF THE SUPREME COURT,NONPARTISAN,"DAVID T PROSSER, JR.",181,181
2001,APRIL,BURNETT,JACKSON TOWN WARD 1,SPRING GENERAL,JUSTICE OF THE SUPREME COURT,NONPARTISAN,SCATTERING,181,0
2001,APRIL,BURNETT,LA FOLLETTE TOWN WARDS 1 - 3,SPRING GENERAL,JUSTICE OF THE SUPREME COURT,NONPARTISAN,"DAVID T PROSSER, JR.",77,77
2001,APRIL,BURNETT,LA FOLLETTE TOWN WARDS 1 - 3,SPRING GENERAL,JUSTICE OF THE SUPREME COURT,NONPARTISAN,SCATTERING,77,0
2001,APRIL,BURNETT,LINCOLN TOWN WARDS 1 & 2,SPRING GENERAL,JUSTICE OF THE SUPREME COURT,NONPARTISAN,"DAVID T PROSSER, JR.",42,42
2001,APRIL,BURNETT,LINCOLN TOWN WARDS 1 & 2,SPRING GENERAL,JUSTICE OF THE SUPREME COURT,NONPARTISAN,SCATTERING,42,0
2001,APRIL,BURNETT,MEENON TOWN WARDS 1 - 4,SPRING GENERAL,JUSTICE OF THE SUPREME COURT,NONPARTISAN,"DAVID T PROSSER, JR.",80,80
2001,APRIL,BURNETT,MEENON TOWN WARDS 1 - 4,SPRING GENERAL,JUSTICE OF THE SUPREME COURT,NONPARTISAN,SCATTERING,80,0
2001,APRIL,BURNETT,OAKLAND TOWN WARD 1,SPRING GENERAL,JUSTICE OF THE SUPREME COURT,NONPARTISAN,"DAVID T PROSSER, JR.",46,46
2001,APRIL,BURNETT,OAKLAND TOWN WARD 1,SPRING GENERAL,JUSTICE OF THE SUPREME COURT,NONPARTISAN,SCATTERING,46,0
2001,APRIL,BURNETT,ROOSEVELT TOWN WARD 1,SPRING GENERAL,JUSTICE OF THE SUPREME COURT,NONPARTISAN,"DAVID T PROSSER, JR.",32,32
2001,APRIL,BURNETT,ROOSEVELT TOWN WARD 1,SPRING GENERAL,JUSTICE OF THE SUPREME COURT,NONPARTISAN,SCATTERING,32,0
2001,APRIL,BURNETT,RUSK TOWN WARD 1,SPRING GENERAL,JUSTICE OF THE SUPREME COURT,NONPARTISAN,"DAVID T PROSSER, JR.",35,35
2001,APRIL,BURNETT,RUSK TOWN WARD 1,SPRING GENERAL,JUSTICE OF THE SUPREME COURT,NONPARTISAN,SCATTERING,35,0
2001,APRIL,BURNETT,SAND LAKE TOWN WARD 1,SPRING GENERAL,JUSTICE OF THE SUPREME COURT,NONPARTISAN,"DAVID T PROSSER, JR.",28,28
2001,APRIL,BURNETT,SAND LAKE TOWN WARD 1,SPRING GENERAL,JUSTICE OF THE SUPREME COURT,NONPARTISAN,SCATTERING,28,0
2001,APRIL,BURNETT,SCOTT TOWN WARDS 1 & 2,SPRING GENERAL,JUSTICE OF THE SUPREME COURT,NONPARTISAN,"DAVID T PROSSER, JR.",237,237
2001,APRIL,BURNETT,SCOTT TOWN WARDS 1 & 2,SPRING GENERAL,JUSTICE OF THE SUPREME COURT,NONPARTISAN,SCATTERING,237,0
2001,APRIL,BURNETT,SIREN TOWN WARDS 1 & 2,SPRING GENERAL,JUSTICE OF THE SUPREME COURT,NONPARTISAN,"DAVID T PROSSER, JR.",80,80
2001,APRIL,BURNETT,SIREN TOWN WARDS 1 & 2,SPRING GENERAL,JUSTICE OF THE SUPREME COURT,NONPARTISAN,SCATTERING,80,0
2001,APRIL,BURNETT,SWISS TOWN WARDS 1 & 2,SPRING GENERAL,JUSTICE OF THE SUPREME COURT,NONPARTISAN,"DAVID T PROSSER, JR.",29,29
2001,APRIL,BURNETT,SWISS TOWN WARDS 1 & 2,SPRING GENERAL,JUSTICE OF THE SUPREME COURT,NONPARTISAN,SCATTERING,29,0
2001,APRIL,BURNETT,TRADE LAKE TOWN WARDS 1 & 2,SPRING GENERAL,JUSTICE OF THE SUPREME COURT,NONPARTISAN,"DAVID T PROSSER, JR.",125,125
2001,APRIL,BURNETT,TRADE LAKE TOWN WARDS 1 & 2,SPRING GENERAL,JUSTICE OF THE SUPREME COURT,NONPARTISAN,SCATTERING,125,0
2001,APRIL,BURNETT,UNION TOWN WARD 1,SPRING GENERAL,JUSTICE OF THE SUPREME COURT,NONPARTISAN,"DAVID T PROSSER, JR.",69,69
2001,APRIL,BURNETT,UNION TOWN WARD 1,SPRING GENERAL,JUSTICE OF THE SUPREME COURT,NONPARTISAN,SCATTERING,69,0
2001,APRIL,BURNETT,WEBB LAKE TOWN WARD 1,SPRING GENERAL,JUSTICE OF THE SUPREME COURT,NONPARTISAN,"DAVID T PROSSER, JR.",43,43
2001,APRIL,BURNETT,WEBB LAKE TOWN WARD 1,SPRING GENERAL,JUSTICE OF THE SUPREME COURT,NONPARTISAN,SCATTERING,43,0
2001,APRIL,BURNETT,WEST MARSHLAND TOWN WARDS 1 & 2,SPRING GENERAL,JUSTICE OF THE SUPREME COURT,NONPARTISAN,"DAVID T PROSSER, JR.",64,64
2001,APRIL,BURNETT,WEST MARSHLAND TOWN WARDS 1 & 2,SPRING GENERAL,JUSTICE OF THE SUPREME COURT,NONPARTISAN,SCATTERING,64,0
2001,APRIL,BURNETT,WOOD RIVER TOWN WARDS 1 & 2,SPRING GENERAL,JUSTICE OF THE SUPREME COURT,NONPARTISAN,"DAVID T PROSSER, JR.",90,90
2001,APRIL,BURNETT,WOOD RIVER TOWN WARDS 1 & 2,SPRING GENERAL,JUSTICE OF THE SUPREME COURT,NONPARTISAN,SCATTERING,90,0
2001,APRIL,BURNETT,GRANTSBURG VILLAGE WARDS 1 & 2,SPRING GENERAL,JUSTICE OF THE SUPREME COURT,NONPARTISAN,"DAVID T PROSSER, JR.",150,149
2001,APRIL,BURNETT,GRANTSBURG VILLAGE WARDS 1 & 2,SPRING GENERAL,JUSTICE OF THE SUPREME COURT,NONPARTISAN,SCATTERING,150,1
2001,APRIL,BURNETT,SIREN VILLAGE WARDS 1 & 2,SPRING GENERAL,JUSTICE OF THE SUPREME COURT,NONPARTISAN,"DAVID T PROSSER, JR.",73,73
2001,APRIL,BURNETT,SIREN VILLAGE WARDS 1 & 2,SPRING GENERAL,JUSTICE OF THE SUPREME COURT,NONPARTISAN,SCATTERING,73,0
2001,APRIL,BURNETT,WEBSTER VILLAGE WARD 1,SPRING GENERAL,JUSTICE OF THE SUPREME COURT,NONPARTISAN,"DAVID T PROSSER, JR.",87,87
2001,APRIL,BURNETT,WEBSTER VILLAGE WARD 1,SPRING GENERAL,JUSTICE OF THE SUPREME COURT,NONPARTISAN,SCATTERING,87,0
2001,APRIL,CALUMET,BRILLION TOWN WARDS 1 & 2,SPRING GENERAL,JUSTICE OF THE SUPREME COURT,NONPARTISAN,"DAVID T PROSSER, JR.",107,106
2001,APRIL,CALUMET,BRILLION TOWN WARDS 1 & 2,SPRING GENERAL,JUSTICE OF THE SUPREME COURT,NONPARTISAN,SCATTERING,107,1
2001,APRIL,CALUMET,BROTHERTOWN TOWN WARDS 1 & 2,SPRING GENERAL,JUSTICE OF THE SUPREME COURT,NONPARTISAN,"DAVID T PROSSER, JR.",113,113
2001,APRIL,CALUMET,BROTHERTOWN TOWN WARDS 1 & 2,SPRING GENERAL,JUSTICE OF THE SUPREME COURT,NONPARTISAN,SCATTERING,113,0
2001,APRIL,CALUMET,CHARLESTOWN TOWN WARDS 1 & 2,SPRING GENERAL,JUSTICE OF THE SUPREME COURT,NONPARTISAN,"DAVID T PROSSER, JR.",144,144
2001,APRIL,CALUMET,CHARLESTOWN TOWN WARDS 1 & 2,SPRING GENERAL,JUSTICE OF THE SUPREME COURT,NONPARTISAN,SCATTERING,144,0
2001,APRIL,CALUMET,CHILTON TOWN WARD 1,SPRING GENERAL,JUSTICE OF THE SUPREME COURT,NONPARTISAN,"DAVID T PROSSER, JR.",133,133
2001,APRIL,CALUMET,CHILTON TOWN WARD 1,SPRING GENERAL,JUSTICE OF THE SUPREME COURT,NONPARTISAN,SCATTERING,133,0
2001,APRIL,CALUMET,HARRISON TOWN WARDS 1 - 5,SPRING GENERAL,JUSTICE OF THE SUPREME COURT,NONPARTISAN,"DAVID T PROSSER, JR.",360,360
2001,APRIL,CALUMET,HARRISON TOWN WARDS 1 - 5,SPRING GENERAL,JUSTICE OF THE SUPREME COURT,NONPARTISAN,SCATTERING,360,0
2001,APRIL,CALUMET,NEW HOLSTEIN TOWN WARD 1,SPRING GENERAL,JUSTICE OF THE SUPREME COURT,NONPARTISAN,"DAVID T PROSSER, JR.",22,22
2001,APRIL,CALUMET,NEW HOLSTEIN TOWN WARD 1,SPRING GENERAL,JUSTICE OF THE SUPREME COURT,NONPARTISAN,SCATTERING,22,0
2001,APRIL,CALUMET,NEW HOLSTEIN TOWN WARDS 2 & 3,SPRING GENERAL,JUSTICE OF THE SUPREME COURT,NONPARTISAN,"DAVID T PROSSER, JR.",153,153
2001,APRIL,CALUMET,NEW HOLSTEIN TOWN WARDS 2 & 3,SPRING GENERAL,JUSTICE OF THE SUPREME COURT,NONPARTISAN,SCATTERING,153,0
2001,APRIL,CALUMET,RANTOUL TOWN WARD 1,SPRING GENERAL,JUSTICE OF THE SUPREME COURT,NONPARTISAN,"DAVID T PROSSER, JR.",82,82
2001,APRIL,CALUMET,RANTOUL TOWN WARD 1,SPRING GENERAL,JUSTICE OF THE SUPREME COURT,NONPARTISAN,SCATTERING,82,0
2001,APRIL,CALUMET,STOCKBRIDGE TOWN WARDS 1 - 3,SPRING GENERAL,JUSTICE OF THE SUPREME COURT,NONPARTISAN,"DAVID T PROSSER, JR.",220,220
2001,APRIL,CALUMET,STOCKBRIDGE TOWN WARDS 1 - 3,SPRING GENERAL,JUSTICE OF THE SUPREME COURT,NONPARTISAN,SCATTERING,220,0
2001,APRIL,CALUMET,WOODVILLE TOWN WARDS 1 & 2,SPRING GENERAL,JUSTICE OF THE SUPREME COURT,NONPARTISAN,"DAVID T PROSSER, JR.",212,211
2001,APRIL,CALUMET,WOODVILLE TOWN WARDS 1 & 2,SPRING GENERAL,JUSTICE OF THE SUPREME COURT,NONPARTISAN,SCATTERING,212,1
2001,APRIL,CALUMET,HILBERT VILLAGE WARDS 1 & 2,SPRING GENERAL,JUSTICE OF THE SUPREME COURT,NONPARTISAN,"DAVID T PROSSER, JR.",102,102
2001,APRIL,CALUMET,HILBERT VILLAGE WARDS 1 & 2,SPRING GENERAL,JUSTICE OF THE SUPREME COURT,NONPARTISAN,SCATTERING,102,0
2001,APRIL,CALUMET,POTTER VILLAGE WARD 1,SPRING GENERAL,JUSTICE OF THE SUPREME COURT,NONPARTISAN,"DAVID T PROSSER, JR.",31,31
2001,APRIL,CALUMET,POTTER VILLAGE WARD 1,SPRING GENERAL,JUSTICE OF THE SUPREME COURT,NONPARTISAN,SCATTERING,31,0
2001,APRIL,CALUMET,SHERWOOD VILLAGE WARD 1,SPRING GENERAL,JUSTICE OF THE SUPREME COURT,NONPARTISAN,"DAVID T PROSSER, JR.",233,233
2001,APRIL,CALUMET,SHERWOOD VILLAGE WARD 1,SPRING GENERAL,JUSTICE OF THE SUPREME COURT,NONPARTISAN,SCATTERING,233,0
2001,APRIL,CALUMET,STOCKBRIDGE VILLAGE WARD 1,SPRING GENERAL,JUSTICE OF THE SUPREME COURT,NONPARTISAN,"DAVID T PROSSER, JR.",160,160
2001,APRIL,CALUMET,STOCKBRIDGE VILLAGE WARD 1,SPRING GENERAL,JUSTICE OF THE SUPREME COURT,NONPARTISAN,SCATTERING,160,0
2001,APRIL,CALUMET,APPLETON CITY WARD 10,SPRING GENERAL,JUSTICE OF THE SUPREME COURT,NONPARTISAN,"DAVID T PROSSER, JR.",238,235
2001,APRIL,CALUMET,APPLETON CITY WARD 10,SPRING GENERAL,JUSTICE OF THE SUPREME COURT,NONPARTISAN,SCATTERING,238,3
2001,APRIL,CALUMET,APPLETON CITY WARD 11,SPRING GENERAL,JUSTICE OF THE SUPREME COURT,NONPARTISAN,"DAVID T PROSSER, JR.",48,47
2001,APRIL,CALUMET,APPLETON CITY WARD 11,SPRING GENERAL,JUSTICE OF THE SUPREME COURT,NONPARTISAN,SCATTERING,48,1
2001,APRIL,CALUMET,APPLETON CITY WARD 35,SPRING GENERAL,JUSTICE OF THE SUPREME COURT,NONPARTISAN,"DAVID T PROSSER, JR.",91,90
2001,APRIL,CALUMET,APPLETON CITY WARD 35,SPRING GENERAL,JUSTICE OF THE SUPREME COURT,NONPARTISAN,SCATTERING,91,1
2001,APRIL,CALUMET,APPLETON CITY WARD 37,SPRING GENERAL,JUSTICE OF THE SUPREME COURT,NONPARTISAN,"DAVID T PROSSER, JR.",175,175
2001,APRIL,CALUMET,APPLETON CITY WARD 37,SPRING GENERAL,JUSTICE OF THE SUPREME COURT,NONPARTISAN,SCATTERING,175,0
2001,APRIL,CALUMET,APPLETON CITY WARD 39,SPRING GENERAL,JUSTICE OF THE SUPREME COURT,NONPARTISAN,"DAVID T PROSSER, JR.",95,95
2001,APRIL,CALUMET,APPLETON CITY WARD 39,SPRING GENERAL,JUSTICE OF THE SUPREME COURT,NONPARTISAN,SCATTERING,95,0
2001,APRIL,CALUMET,APPLETON CITY WARD 40,SPRING GENERAL,JUSTICE OF THE SUPREME COURT,NONPARTISAN,"DAVID T PROSSER, JR.",140,139
2001,APRIL,CALUMET,APPLETON CITY WARD 40,SPRING GENERAL,JUSTICE OF THE SUPREME COURT,NONPARTISAN,SCATTERING,140,1
2001,APRIL,CALUMET,APPLETON CITY WARD 41,SPRING GENERAL,JUSTICE OF THE SUPREME COURT,NONPARTISAN,"DAVID T PROSSER, JR.",16,16
2001,APRIL,CALUMET,APPLETON CITY WARD 41,SPRING GENERAL,JUSTICE OF THE SUPREME COURT,NONPARTISAN,SCATTERING,16,0
2001,APRIL,CALUMET,APPLETON CITY WARD 52,SPRING GENERAL,JUSTICE OF THE SUPREME COURT,NONPARTISAN,"DAVID T PROSSER, JR.",7,7
2001,APRIL,CALUMET,APPLETON CITY WARD 52,SPRING GENERAL,JUSTICE OF THE SUPREME COURT,NONPARTISAN,SCATTERING,7,0
2001,APRIL,CALUMET,BRILLION CITY WARDS 1 - 4,SPRING GENERAL,JUSTICE OF THE SUPREME COURT,NONPARTISAN,"DAVID T PROSSER, JR.",330,329
2001,APRIL,CALUMET,BRILLION CITY WARDS 1 - 4,SPRING GENERAL,JUSTICE OF THE SUPREME COURT,NONPARTISAN,SCATTERING,330,1
2001,APRIL,CALUMET,CHILTON CITY WARDS 1 & 2,SPRING GENERAL,JUSTICE OF THE SUPREME COURT,NONPARTISAN,"DAVID T PROSSER, JR.",129,129
2001,APRIL,CALUMET,CHILTON CITY WARDS 1 & 2,SPRING GENERAL,JUSTICE OF THE SUPREME COURT,NONPARTISAN,SCATTERING,129,0
2001,APRIL,CALUMET,CHILTON CITY WARDS 3 & 4,SPRING GENERAL,JUSTICE OF THE SUPREME COURT,NONPARTISAN,"DAVID T PROSSER, JR.",121,121
2001,APRIL,CALUMET,CHILTON CITY WARDS 3 & 4,SPRING GENERAL,JUSTICE OF THE SUPREME COURT,NONPARTISAN,SCATTERING,121,0
2001,APRIL,CALUMET,KIEL CITY WARD 7,SPRING GENERAL,JUSTICE OF THE SUPREME COURT,NONPARTISAN,"DAVID T PROSSER, JR.",21,21
2001,APRIL,CALUMET,KIEL CITY WARD 7,SPRING GENERAL,JUSTICE OF THE SUPREME COURT,NONPARTISAN,SCATTERING,21,0
2001,APRIL,CALUMET,MENASHA CITY WARD 9,SPRING GENERAL,JUSTICE OF THE SUPREME COURT,NONPARTISAN,"DAVID T PROSSER, JR.",86,86
2001,APRIL,CALUMET,MENASHA CITY WARD 9,SPRING GENERAL,JUSTICE OF THE SUPREME COURT,NONPARTISAN,SCATTERING,86,0
2001,APRIL,CALUMET,NEW HOLSTEIN CITY WARDS 1 - 4,SPRING GENERAL,JUSTICE OF THE SUPREME COURT,NONPARTISAN,"DAVID T PROSSER, JR.",295,295
2001,APRIL,CALUMET,NEW HOLSTEIN CITY WARDS 1 - 4,SPRING GENERAL,JUSTICE OF THE SUPREME COURT,NONPARTISAN,SCATTERING,295,0
2001,APRIL,CHIPPEWA,ANSON TOWN WARDS 1 - 3,SPRING GENERAL,JUSTICE OF THE SUPREME COURT,NONPARTISAN,"DAVID T PROSSER, JR.",261,261
2001,APRIL,CHIPPEWA,ANSON TOWN WARDS 1 - 3,SPRING GENERAL,JUSTICE OF THE SUPREME COURT,NONPARTISAN,SCATTERING,261,0
2001,APRIL,CHIPPEWA,ARTHUR TOWN WARD 1,SPRING GENERAL,JUSTICE OF THE SUPREME COURT,NONPARTISAN,"DAVID T PROSSER, JR.",35,35
2001,APRIL,CHIPPEWA,ARTHUR TOWN WARD 1,SPRING GENERAL,JUSTICE OF THE SUPREME COURT,NONPARTISAN,SCATTERING,35,0
2001,APRIL,CHIPPEWA,AUBURN TOWN WARD 1,SPRING GENERAL,JUSTICE OF THE SUPREME COURT,NONPARTISAN,"DAVID T PROSSER, JR.",79,78
2001,APRIL,CHIPPEWA,AUBURN TOWN WARD 1,SPRING GENERAL,JUSTICE OF THE SUPREME COURT,NONPARTISAN,SCATTERING,79,1
2001,APRIL,CHIPPEWA,BIRCH CREEK TOWN WARD 1,SPRING GENERAL,JUSTICE OF THE SUPREME COURT,NONPARTISAN,"DAVID T PROSSER, JR.",68,68
2001,APRIL,CHIPPEWA,BIRCH CREEK TOWN WARD 1,SPRING GENERAL,JUSTICE OF THE SUPREME COURT,NONPARTISAN,SCATTERING,68,0
2001,APRIL,CHIPPEWA,BLOOMER TOWN WARD 1,SPRING GENERAL,JUSTICE OF THE SUPREME COURT,NONPARTISAN,"DAVID T PROSSER, JR.",51,51
2001,APRIL,CHIPPEWA,BLOOMER TOWN WARD 1,SPRING GENERAL,JUSTICE OF THE SUPREME COURT,NONPARTISAN,SCATTERING,51,0
2001,APRIL,CHIPPEWA,CLEVELAND TOWN WARD 1,SPRING GENERAL,JUSTICE OF THE SUPREME COURT,NONPARTISAN,"DAVID T PROSSER, JR.",49,49
2001,APRIL,CHIPPEWA,CLEVELAND TOWN WARD 1,SPRING GENERAL,JUSTICE OF THE SUPREME COURT,NONPARTISAN,SCATTERING,49,0
2001,APRIL,CHIPPEWA,COLBURN TOWN WARD 1,SPRING GENERAL,JUSTICE OF THE SUPREME COURT,NONPARTISAN,"DAVID T PROSSER, JR.",60,60
2001,APRIL,CHIPPEWA,COLBURN TOWN WARD 1,SPRING GENERAL,JUSTICE OF THE SUPREME COURT,NONPARTISAN,SCATTERING,60,0
2001,APRIL,CHIPPEWA,COOKS VALLEY TOWN WARD 1,SPRING GENERAL,JUSTICE OF THE SUPREME COURT,NONPARTISAN,"DAVID T PROSSER, JR.",44,44
2001,APRIL,CHIPPEWA,COOKS VALLEY TOWN WARD 1,SPRING GENERAL,JUSTICE OF THE SUPREME COURT,NONPARTISAN,SCATTERING,44,0
2001,APRIL,CHIPPEWA,DELMAR TOWN WARD 1,SPRING GENERAL,JUSTICE OF THE SUPREME COURT,NONPARTISAN,"DAVID T PROSSER, JR.",138,138
2001,APRIL,CHIPPEWA,DELMAR TOWN WARD 1,SPRING GENERAL,JUSTICE OF THE SUPREME COURT,NONPARTISAN,SCATTERING,138,0
2001,APRIL,CHIPPEWA,EAGLE POINT TOWN WARDS 1 - 3,SPRING GENERAL,JUSTICE OF THE SUPREME COURT,NONPARTISAN,"DAVID T PROSSER, JR.",329,329
2001,APRIL,CHIPPEWA,EAGLE POINT TOWN WARDS 1 - 3,SPRING GENERAL,JUSTICE OF THE SUPREME COURT,NONPARTISAN,SCATTERING,329,0
2001,APRIL,CHIPPEWA,EDSON TOWN WARD 1,SPRING GENERAL,JUSTICE OF THE SUPREME COURT,NONPARTISAN,"DAVID T PROSSER, JR.",62,62
2001,APRIL,CHIPPEWA,EDSON TOWN WARD 1,SPRING GENERAL,JUSTICE OF THE SUPREME COURT,NONPARTISAN,SCATTERING,62,0
2001,APRIL,CHIPPEWA,ESTELLA TOWN WARDS 1 & 2,SPRING GENERAL,JUSTICE OF THE SUPREME COURT,NONPARTISAN,"DAVID T PROSSER, JR.",30,30
2001,APRIL,CHIPPEWA,ESTELLA TOWN WARDS 1 & 2,SPRING GENERAL,JUSTICE OF THE SUPREME COURT,NONPARTISAN,SCATTERING,30,0
2001,APRIL,CHIPPEWA,GOETZ TOWN WARD 1,SPRING GENERAL,JUSTICE OF THE SUPREME COURT,NONPARTISAN,"DAVID T PROSSER, JR.",97,96
2001,APRIL,CHIPPEWA,GOETZ TOWN WARD 1,SPRING GENERAL,JUSTICE OF THE SUPREME COURT,NONPARTISAN,SCATTERING,97,1
2001,APRIL,CHIPPEWA,HALLIE TOWN WARDS 1 - 5,SPRING GENERAL,JUSTICE OF THE SUPREME COURT,NONPARTISAN,"DAVID T PROSSER, JR.",947,947
2001,APRIL,CHIPPEWA,HALLIE TOWN WARDS 1 - 5,SPRING GENERAL,JUSTICE OF THE SUPREME COURT,NONPARTISAN,SCATTERING,947,0
2001,APRIL,CHIPPEWA,HOWARD TOWN,SPRING GENERAL,JUSTICE OF THE SUPREME COURT,NONPARTISAN,"DAVID T PROSSER, JR.",65,65
2001,APRIL,CHIPPEWA,HOWARD TOWN,SPRING GENERAL,JUSTICE OF THE SUPREME COURT,NONPARTISAN,SCATTERING,65,0
2001,APRIL,CHIPPEWA,LAFAYETTE TOWN WARDS 1 - 5,SPRING GENERAL,JUSTICE OF THE SUPREME COURT,NONPARTISAN,"DAVID T PROSSER, JR.",589,589
2001,APRIL,CHIPPEWA,LAFAYETTE TOWN WARDS 1 - 5,SPRING GENERAL,JUSTICE OF THE SUPREME COURT,NONPARTISAN,SCATTERING,589,0
2001,APRIL,CHIPPEWA,LAKE HOLCOMBE TOWN WARD 1,SPRING GENERAL,JUSTICE OF THE SUPREME COURT,NONPARTISAN,"DAVID T PROSSER, JR.",65,65
2001,APRIL,CHIPPEWA,LAKE HOLCOMBE TOWN WARD 1,SPRING GENERAL,JUSTICE OF THE SUPREME COURT,NONPARTISAN,SCATTERING,65,0
2001,APRIL,CHIPPEWA,RUBY TOWN WARD 1,SPRING GENERAL,JUSTICE OF THE SUPREME COURT,NONPARTISAN,"DAVID T PROSSER, JR.",92,91
2001,APRIL,CHIPPEWA,RUBY TOWN WARD 1,SPRING GENERAL,JUSTICE OF THE SUPREME COURT,NONPARTISAN,SCATTERING,92,1
2001,APRIL,CHIPPEWA,SAMPSON TOWN WARD 1,SPRING GENERAL,JUSTICE OF THE SUPREME COURT,NONPARTISAN,"DAVID T PROSSER, JR.",132,132
2001,APRIL,CHIPPEWA,SAMPSON TOWN WARD 1,SPRING GENERAL,JUSTICE OF THE SUPREME COURT,NONPARTISAN,SCATTERING,132,0
2001,APRIL,CHIPPEWA,SIGEL TOWN WARDS 1 & 2,SPRING GENERAL,JUSTICE OF THE SUPREME COURT,NONPARTISAN,"DAVID T PROSSER, JR.",86,86
2001,APRIL,CHIPPEWA,SIGEL TOWN WARDS 1 & 2,SPRING GENERAL,JUSTICE OF THE SUPREME COURT,NONPARTISAN,SCATTERING,86,0
2001,APRIL,CHIPPEWA,TILDEN TOWN WARDS 1 & 2,SPRING GENERAL,JUSTICE OF THE SUPREME COURT,NONPARTISAN,"DAVID T PROSSER, JR.",196,196
2001,APRIL,CHIPPEWA,TILDEN TOWN WARDS 1 & 2,SPRING GENERAL,JUSTICE OF THE SUPREME COURT,NONPARTISAN,SCATTERING,196,0
2001,APRIL,CHIPPEWA,WHEATON TOWN WARDS 1 - 3,SPRING GENERAL,JUSTICE OF THE SUPREME COURT,NONPARTISAN,"DAVID T PROSSER, JR.",535,533
2001,APRIL,CHIPPEWA,WHEATON TOWN WARDS 1 - 3,SPRING GENERAL,JUSTICE OF THE SUPREME COURT,NONPARTISAN,SCATTERING,535,2
2001,APRIL,CHIPPEWA,WOODMOHR TOWN WARDS 1 & 2,SPRING GENERAL,JUSTICE OF THE SUPREME COURT,NONPARTISAN,"DAVID T PROSSER, JR.",186,186
2001,APRIL,CHIPPEWA,WOODMOHR TOWN WARDS 1 & 2,SPRING GENERAL,JUSTICE OF THE SUPREME COURT,NONPARTISAN,SCATTERING,186,0
2001,APRIL,CHIPPEWA,BOYD VILLAGE WARD 1,SPRING GENERAL,JUSTICE OF THE SUPREME COURT,NONPARTISAN,"DAVID T PROSSER, JR.",111,111
2001,APRIL,CHIPPEWA,BOYD VILLAGE WARD 1,SPRING GENERAL,JUSTICE OF THE SUPREME COURT,NONPARTISAN,SCATTERING,111,0
2001,APRIL,CHIPPEWA,CADOTT VILLAGE WARDS 1 & 2,SPRING GENERAL,JUSTICE OF THE SUPREME COURT,NONPARTISAN,"DAVID T PROSSER, JR.",108,108
2001,APRIL,CHIPPEWA,CADOTT VILLAGE WARDS 1 & 2,SPRING GENERAL,JUSTICE OF THE SUPREME COURT,NONPARTISAN,SCATTERING,108,0
2001,APRIL,CHIPPEWA,NEW AUBURN VILLAGE WARD 1,SPRING GENERAL,JUSTICE OF THE SUPREME COURT,NONPARTISAN,"DAVID T PROSSER, JR.",131,131
2001,APRIL,CHIPPEWA,NEW AUBURN VILLAGE WARD 1,SPRING GENERAL,JUSTICE OF THE SUPREME COURT,NONPARTISAN,SCATTERING,131,0
2001,APRIL,CHIPPEWA,BLOOMER CITY WARDS 1 - 5,SPRING GENERAL,JUSTICE OF THE SUPREME COURT,NONPARTISAN,"DAVID T PROSSER, JR.",224,224
2001,APRIL,CHIPPEWA,BLOOMER CITY WARDS 1 - 5,SPRING GENERAL,JUSTICE OF THE SUPREME COURT,NONPARTISAN,SCATTERING,224,0
2001,APRIL,CHIPPEWA,CHIPPEWA FALLS CITY WARD 1,SPRING GENERAL,JUSTICE OF THE SUPREME COURT,NONPARTISAN,"DAVID T PROSSER, JR.",181,181
2001,APRIL,CHIPPEWA,CHIPPEWA FALLS CITY WARD 1,SPRING GENERAL,JUSTICE OF THE SUPREME COURT,NONPARTISAN,SCATTERING,181,0
2001,APRIL,CHIPPEWA,CHIPPEWA FALLS CITY WARD 2,SPRING GENERAL,JUSTICE OF THE SUPREME COURT,NONPARTISAN,"DAVID T PROSSER, JR.",222,222
2001,APRIL,CHIPPEWA,CHIPPEWA FALLS CITY WARD 2,SPRING GENERAL,JUSTICE OF THE SUPREME COURT,NONPARTISAN,SCATTERING,222,0
2001,APRIL,CHIPPEWA,CHIPPEWA FALLS CITY WARD 3,SPRING GENERAL,JUSTICE OF THE SUPREME COURT,NONPARTISAN,"DAVID T PROSSER, JR.",365,364
2001,APRIL,CHIPPEWA,CHIPPEWA FALLS CITY WARD 3,SPRING GENERAL,JUSTICE OF THE SUPREME COURT,NONPARTISAN,SCATTERING,365,1
2001,APRIL,CHIPPEWA,CHIPPEWA FALLS CITY WARD 4,SPRING GENERAL,JUSTICE OF THE SUPREME COURT,NONPARTISAN,"DAVID T PROSSER, JR.",207,207
2001,APRIL,CHIPPEWA,CHIPPEWA FALLS CITY WARD 4,SPRING GENERAL,JUSTICE OF THE SUPREME COURT,NONPARTISAN,SCATTERING,207,0
2001,APRIL,CHIPPEWA,CHIPPEWA FALLS CITY WARD 5,SPRING GENERAL,JUSTICE OF THE SUPREME COURT,NONPARTISAN,"DAVID T PROSSER, JR.",128,125
2001,APRIL,CHIPPEWA,CHIPPEWA FALLS CITY WARD 5,SPRING GENERAL,JUSTICE OF THE SUPREME COURT,NONPARTISAN,SCATTERING,128,3
2001,APRIL,CHIPPEWA,CHIPPEWA FALLS CITY WARD 6,SPRING GENERAL,JUSTICE OF THE SUPREME COURT,NONPARTISAN,"DAVID T PROSSER, JR.",179,179
2001,APRIL,CHIPPEWA,CHIPPEWA FALLS CITY WARD 6,SPRING GENERAL,JUSTICE OF THE SUPREME COURT,NONPARTISAN,SCATTERING,179,0
2001,APRIL,CHIPPEWA,CHIPPEWA FALLS CITY WARD 7,SPRING GENERAL,JUSTICE OF THE SUPREME COURT,NONPARTISAN,"DAVID T PROSSER, JR.",205,205
2001,APRIL,CHIPPEWA,CHIPPEWA FALLS CITY WARD 7,SPRING GENERAL,JUSTICE OF THE SUPREME COURT,NONPARTISAN,SCATTERING,205,0
2001,APRIL,CHIPPEWA,CORNELL CITY WARDS 1 - 4,SPRING GENERAL,JUSTICE OF THE SUPREME COURT,NONPARTISAN,"DAVID T PROSSER, JR.",207,207
2001,APRIL,CHIPPEWA,CORNELL CITY WARDS 1 - 4,SPRING GENERAL,JUSTICE OF THE SUPREME COURT,NONPARTISAN,SCATTERING,207,0
2001,APRIL,CHIPPEWA,EAU CLAIRE CITY WARD 16,SPRING GENERAL,JUSTICE OF THE SUPREME COURT,NONPARTISAN,"DAVID T PROSSER, JR.",130,130
2001,APRIL,CHIPPEWA,EAU CLAIRE CITY WARD 16,SPRING GENERAL,JUSTICE OF THE SUPREME COURT,NONPARTISAN,SCATTERING,130,0
2001,APRIL,CHIPPEWA,STANLEY CITY WARDS 1 - 5,SPRING GENERAL,JUSTICE OF THE SUPREME COURT,NONPARTISAN,"DAVID T PROSSER, JR.",165,165
2001,APRIL,CHIPPEWA,STANLEY CITY WARDS 1 - 5,SPRING GENERAL,JUSTICE OF THE SUPREME COURT,NONPARTISAN,SCATTERING,165,0
2001,APRIL,CLARK,BEAVER TOWN WARDS 1 & 2,SPRING GENERAL,JUSTICE OF THE SUPREME COURT,NONPARTISAN,"DAVID T PROSSER, JR.",88,88
2001,APRIL,CLARK,BEAVER TOWN WARDS 1 & 2,SPRING GENERAL,JUSTICE OF THE SUPREME COURT,NONPARTISAN,SCATTERING,88,0
2001,APRIL,CLARK,BUTLER TOWN WARD 1,SPRING GENERAL,JUSTICE OF THE SUPREME COURT,NONPARTISAN,"DAVID T PROSSER, JR.",37,37
2001,APRIL,CLARK,BUTLER TOWN WARD 1,SPRING GENERAL,JUSTICE OF THE SUPREME COURT,NONPARTISAN,SCATTERING,37,0
2001,APRIL,CLARK,COLBY TOWN WARDS 1 & 2,SPRING GENERAL,JUSTICE OF THE SUPREME COURT,NONPARTISAN,"DAVID T PROSSER, JR.",81,81
2001,APRIL,CLARK,COLBY TOWN WARDS 1 & 2,SPRING GENERAL,JUSTICE OF THE SUPREME COURT,NONPARTISAN,SCATTERING,81,0
2001,APRIL,CLARK,DEWHURST TOWN WARD 1,SPRING GENERAL,JUSTICE OF THE SUPREME COURT,NONPARTISAN,"DAVID T PROSSER, JR.",47,47
2001,APRIL,CLARK,DEWHURST TOWN WARD 1,SPRING GENERAL,JUSTICE OF THE SUPREME COURT,NONPARTISAN,SCATTERING,47,0
2001,APRIL,CLARK,EATON TOWN WARDS 1 - 3,SPRING GENERAL,JUSTICE OF THE SUPREME COURT,NONPARTISAN,"DAVID T PROSSER, JR.",148,148
2001,APRIL,CLARK,EATON TOWN WARDS 1 - 3,SPRING GENERAL,JUSTICE OF THE SUPREME COURT,NONPARTISAN,SCATTERING,148,0
2001,APRIL,CLARK,FOSTER TOWN WARD 1,SPRING GENERAL,JUSTICE OF THE SUPREME COURT,NONPARTISAN,"DAVID T PROSSER, JR.",27,27
2001,APRIL,CLARK,FOSTER TOWN WARD 1,SPRING GENERAL,JUSTICE OF THE SUPREME COURT,NONPARTISAN,SCATTERING,27,0
2001,APRIL,CLARK,FREMONT TOWN WARDS 1 & 2,SPRING GENERAL,JUSTICE OF THE SUPREME COURT,NONPARTISAN,"DAVID T PROSSER, JR.",152,152
2001,APRIL,CLARK,FREMONT TOWN WARDS 1 & 2,SPRING GENERAL,JUSTICE OF THE SUPREME COURT,NONPARTISAN,SCATTERING,152,0
2001,APRIL,CLARK,GRANT TOWN WARDS 1 - 3,SPRING GENERAL,JUSTICE OF THE SUPREME COURT,NONPARTISAN,"DAVID T PROSSER, JR.",56,56
2001,APRIL,CLARK,GRANT TOWN WARDS 1 - 3,SPRING GENERAL,JUSTICE OF THE SUPREME COURT,NONPARTISAN,SCATTERING,56,0
2001,APRIL,CLARK,GREEN GROVE TOWN WARD 1,SPRING GENERAL,JUSTICE OF THE SUPREME COURT,NONPARTISAN,"DAVID T PROSSER, JR.",98,98
2001,APRIL,CLARK,GREEN GROVE TOWN WARD 1,SPRING GENERAL,JUSTICE OF THE SUPREME COURT,NONPARTISAN,SCATTERING,98,0
2001,APRIL,CLARK,HENDREN TOWN WARD 1,SPRING GENERAL,JUSTICE OF THE SUPREME COURT,NONPARTISAN,"DAVID T PROSSER, JR.",104,103
2001,APRIL,CLARK,HENDREN TOWN WARD 1,SPRING GENERAL,JUSTICE OF THE SUPREME COURT,NONPARTISAN,SCATTERING,104,1
2001,APRIL,CLARK,HEWETT TOWN WARD 1,SPRING GENERAL,JUSTICE OF THE SUPREME COURT,NONPARTISAN,"DAVID T PROSSER, JR.",57,57
2001,APRIL,CLARK,HEWETT TOWN WARD 1,SPRING GENERAL,JUSTICE OF THE SUPREME COURT,NONPARTISAN,SCATTERING,57,0
2001,APRIL,CLARK,HIXON TOWN WARDS 1 & 2,SPRING GENERAL,JUSTICE OF THE SUPREME COURT,NONPARTISAN,"DAVID T PROSSER, JR.",95,95
2001,APRIL,CLARK,HIXON TOWN WARDS 1 & 2,SPRING GENERAL,JUSTICE OF THE SUPREME COURT,NONPARTISAN,SCATTERING,95,0
2001,APRIL,CLARK,HOARD TOWN WARDS 1 & 2,SPRING GENERAL,JUSTICE OF THE SUPREME COURT,NONPARTISAN,"DAVID T PROSSER, JR.",69,69
2001,APRIL,CLARK,HOARD TOWN WARDS 1 & 2,SPRING GENERAL,JUSTICE OF THE SUPREME COURT,NONPARTISAN,SCATTERING,69,0
2001,APRIL,CLARK,LEVIS TOWN WARD 1,SPRING GENERAL,JUSTICE OF THE SUPREME COURT,NONPARTISAN,"DAVID T PROSSER, JR.",92,92
2001,APRIL,CLARK,LEVIS TOWN WARD 1,SPRING GENERAL,JUSTICE OF THE SUPREME COURT,NONPARTISAN,SCATTERING,92,0
2001,APRIL,CLARK,LONGWOOD TOWN WARDS 1 & 2,SPRING GENERAL,JUSTICE OF THE SUPREME COURT,NONPARTISAN,"DAVID T PROSSER, JR.",114,114
2001,APRIL,CLARK,LONGWOOD TOWN WARDS 1 & 2,SPRING GENERAL,JUSTICE OF THE SUPREME COURT,NONPARTISAN,SCATTERING,114,0
2001,APRIL,CLARK,LOYAL TOWN WARDS 1 & 2,SPRING GENERAL,JUSTICE OF THE SUPREME COURT,NONPARTISAN,"DAVID T PROSSER, JR.",85,85
2001,APRIL,CLARK,LOYAL TOWN WARDS 1 & 2,SPRING GENERAL,JUSTICE OF THE SUPREME COURT,NONPARTISAN,SCATTERING,85,0
2001,APRIL,CLARK,LYNN TOWN WARDS 1 & 2,SPRING GENERAL,JUSTICE OF THE SUPREME COURT,NONPARTISAN,"DAVID T PROSSER, JR.",64,64
2001,APRIL,CLARK,LYNN TOWN WARDS 1 & 2,SPRING GENERAL,JUSTICE OF THE SUPREME COURT,NONPARTISAN,SCATTERING,64,0
2001,APRIL,CLARK,MAYVILLE TOWN WARDS 1 & 2,SPRING GENERAL,JUSTICE OF THE SUPREME COURT,NONPARTISAN,"DAVID T PROSSER, JR.",72,72
2001,APRIL,CLARK,MAYVILLE TOWN WARDS 1 & 2,SPRING GENERAL,JUSTICE OF THE SUPREME COURT,NONPARTISAN,SCATTERING,72,0
2001,APRIL,CLARK,MEAD TOWN WARD 1,SPRING GENERAL,JUSTICE OF THE SUPREME COURT,NONPARTISAN,"DAVID T PROSSER, JR.",74,74
2001,APRIL,CLARK,MEAD TOWN WARD 1,SPRING GENERAL,JUSTICE OF THE SUPREME COURT,NONPARTISAN,SCATTERING,74,0
2001,APRIL,CLARK,MENTOR TOWN WARD 1,SPRING GENERAL,JUSTICE OF THE SUPREME COURT,NONPARTISAN,"DAVID T PROSSER, JR.",62,62
2001,APRIL,CLARK,MENTOR TOWN WARD 1,SPRING GENERAL,JUSTICE OF THE SUPREME COURT,NONPARTISAN,SCATTERING,62,0
2001,APRIL,CLARK,PINE VALLEY TOWN WARDS 1 & 2,SPRING GENERAL,JUSTICE OF THE SUPREME COURT,NONPARTISAN,"DAVID T PROSSER, JR.",240,240
2001,APRIL,CLARK,PINE VALLEY TOWN WARDS 1 & 2,SPRING GENERAL,JUSTICE OF THE SUPREME COURT,NONPARTISAN,SCATTERING,240,0
2001,APRIL,CLARK,RESEBURG TOWN WARDS 1 & 2,SPRING GENERAL,JUSTICE OF THE SUPREME COURT,NONPARTISAN,"DAVID T PROSSER, JR.",75,75
2001,APRIL,CLARK,RESEBURG TOWN WARDS 1 & 2,SPRING GENERAL,JUSTICE OF THE SUPREME COURT,NONPARTISAN,SCATTERING,75,0
2001,APRIL,CLARK,SEIF TOWN WARD 1,SPRING GENERAL,JUSTICE OF THE SUPREME COURT,NONPARTISAN,"DAVID T PROSSER, JR.",58,58
2001,APRIL,CLARK,SEIF TOWN WARD 1,SPRING GENERAL,JUSTICE OF THE SUPREME COURT,NONPARTISAN,SCATTERING,58,0
2001,APRIL,CLARK,SHERMAN TOWN WARD 1,SPRING GENERAL,JUSTICE OF THE SUPREME COURT,NONPARTISAN,"DAVID T PROSSER, JR.",49,49
2001,APRIL,CLARK,SHERMAN TOWN WARD 1,SPRING GENERAL,JUSTICE OF THE SUPREME COURT,NONPARTISAN,SCATTERING,49,0
2001,APRIL,CLARK,SHERWOOD TOWN WARD 1,SPRING GENERAL,JUSTICE OF THE SUPREME COURT,NONPARTISAN,"DAVID T PROSSER, JR.",65,65
2001,APRIL,CLARK,SHERWOOD TOWN WARD 1,SPRING GENERAL,JUSTICE OF THE SUPREME COURT,NONPARTISAN,SCATTERING,65,0
2001,APRIL,CLARK,THORP TOWN WARD 1,SPRING GENERAL,JUSTICE OF THE SUPREME COURT,NONPARTISAN,"DAVID T PROSSER, JR.",130,130
2001,APRIL,CLARK,THORP TOWN WARD 1,SPRING GENERAL,JUSTICE OF THE SUPREME COURT,NONPARTISAN,SCATTERING,130,0
2001,APRIL,CLARK,UNITY TOWN WARD 1,SPRING GENERAL,JUSTICE OF THE SUPREME COURT,NONPARTISAN,"DAVID T PROSSER, JR.",95,95
2001,APRIL,CLARK,UNITY TOWN WARD 1,SPRING GENERAL,JUSTICE OF THE SUPREME COURT,NONPARTISAN,SCATTERING,95,0
2001,APRIL,CLARK,WARNER TOWN WARD 1,SPRING GENERAL,JUSTICE OF THE SUPREME COURT,NONPARTISAN,"DAVID T PROSSER, JR.",140,140
2001,APRIL,CLARK,WARNER TOWN WARD 1,SPRING GENERAL,JUSTICE OF THE SUPREME COURT,NONPARTISAN,SCATTERING,140,0
2001,APRIL,CLARK,WASHBURN TOWN WARD 1,SPRING GENERAL,JUSTICE OF THE SUPREME COURT,NONPARTISAN,"DAVID T PROSSER, JR.",26,26
2001,APRIL,CLARK,WASHBURN TOWN WARD 1,SPRING GENERAL,JUSTICE OF THE SUPREME COURT,NONPARTISAN,SCATTERING,26,0
2001,APRIL,CLARK,WESTON TOWN WARDS 1 & 2,SPRING GENERAL,JUSTICE OF THE SUPREME COURT,NONPARTISAN,"DAVID T PROSSER, JR.",50,50
2001,APRIL,CLARK,WESTON TOWN WARDS 1 & 2,SPRING GENERAL,JUSTICE OF THE SUPREME COURT,NONPARTISAN,SCATTERING,50,0
2001,APRIL,CLARK,WITHEE TOWN WARD 1,SPRING GENERAL,JUSTICE OF THE SUPREME COURT,NONPARTISAN,"DAVID T PROSSER, JR.",145,145
2001,APRIL,CLARK,WITHEE TOWN WARD 1,SPRING GENERAL,JUSTICE OF THE SUPREME COURT,NONPARTISAN,SCATTERING,145,0
2001,APRIL,CLARK,WORDEN TOWN WARD 1,SPRING GENERAL,JUSTICE OF THE SUPREME COURT,NONPARTISAN,"DAVID T PROSSER, JR.",77,77
2001,APRIL,CLARK,WORDEN TOWN WARD 1,SPRING GENERAL,JUSTICE OF THE SUPREME COURT,NONPARTISAN,SCATTERING,77,0
2001,APRIL,CLARK,YORK TOWN WARD 1,SPRING GENERAL,JUSTICE OF THE SUPREME COURT,NONPARTISAN,"DAVID T PROSSER, JR.",71,71
2001,APRIL,CLARK,YORK TOWN WARD 1,SPRING GENERAL,JUSTICE OF THE SUPREME COURT,NONPARTISAN,SCATTERING,71,0
2001,APRIL,CLARK,CURTISS VILLAGE WARD 1,SPRING GENERAL,JUSTICE OF THE SUPREME COURT,NONPARTISAN,"DAVID T PROSSER, JR.",49,49
2001,APRIL,CLARK,CURTISS VILLAGE WARD 1,SPRING GENERAL,JUSTICE OF THE SUPREME COURT,NONPARTISAN,SCATTERING,49,0
2001,APRIL,CLARK,DORCHESTER VILLAGE WARD 1,SPRING GENERAL,JUSTICE OF THE SUPREME COURT,NONPARTISAN,"DAVID T PROSSER, JR.",78,78
2001,APRIL,CLARK,DORCHESTER VILLAGE WARD 1,SPRING GENERAL,JUSTICE OF THE SUPREME COURT,NONPARTISAN,SCATTERING,78,0
2001,APRIL,CLARK,GRANTON VILLAGE WARD 1,SPRING GENERAL,JUSTICE OF THE SUPREME COURT,NONPARTISAN,"DAVID T PROSSER, JR.",47,47
2001,APRIL,CLARK,GRANTON VILLAGE WARD 1,SPRING GENERAL,JUSTICE OF THE SUPREME COURT,NONPARTISAN,SCATTERING,47,0
2001,APRIL,CLARK,UNITY VILLAGE WARD 2,SPRING GENERAL,JUSTICE OF THE SUPREME COURT,NONPARTISAN,"DAVID T PROSSER, JR.",20,20
2001,APRIL,CLARK,UNITY VILLAGE WARD 2,SPRING GENERAL,JUSTICE OF THE SUPREME COURT,NONPARTISAN,SCATTERING,20,0
2001,APRIL,CLARK,WITHEE VILLAGE WARD 1,SPRING GENERAL,JUSTICE OF THE SUPREME COURT,NONPARTISAN,"DAVID T PROSSER, JR.",114,114
2001,APRIL,CLARK,WITHEE VILLAGE WARD 1,SPRING GENERAL,JUSTICE OF THE SUPREME COURT,NONPARTISAN,SCATTERING,114,0
2001,APRIL,CLARK,ABBOTSFORD CITY WARD 2,SPRING GENERAL,JUSTICE OF THE SUPREME COURT,NONPARTISAN,"DAVID T PROSSER, JR.",131,131
2001,APRIL,CLARK,ABBOTSFORD CITY WARD 2,SPRING GENERAL,JUSTICE OF THE SUPREME COURT,NONPARTISAN,SCATTERING,131,0
2001,APRIL,CLARK,ABBOTSFORD CITY WARD 3,SPRING GENERAL,JUSTICE OF THE SUPREME COURT,NONPARTISAN,"DAVID T PROSSER, JR.",93,93
2001,APRIL,CLARK,ABBOTSFORD CITY WARD 3,SPRING GENERAL,JUSTICE OF THE SUPREME COURT,NONPARTISAN,SCATTERING,93,0
2001,APRIL,CLARK,ABBOTSFORD CITY WARD 4,SPRING GENERAL,JUSTICE OF THE SUPREME COURT,NONPARTISAN,"DAVID T PROSSER, JR.",135,134
2001,APRIL,CLARK,ABBOTSFORD CITY WARD 4,SPRING GENERAL,JUSTICE OF THE SUPREME COURT,NONPARTISAN,SCATTERING,135,1
2001,APRIL,CLARK,COLBY CITY WARD 2,SPRING GENERAL,JUSTICE OF THE SUPREME COURT,NONPARTISAN,"DAVID T PROSSER, JR.",68,68
2001,APRIL,CLARK,COLBY CITY WARD 2,SPRING GENERAL,JUSTICE OF THE SUPREME COURT,NONPARTISAN,SCATTERING,68,0
2001,APRIL,CLARK,COLBY CITY WARD 3,SPRING GENERAL,JUSTICE OF THE SUPREME COURT,NONPARTISAN,"DAVID T PROSSER, JR.",61,61
2001,APRIL,CLARK,COLBY CITY WARD 3,SPRING GENERAL,JUSTICE OF THE SUPREME COURT,NONPARTISAN,SCATTERING,61,0
2001,APRIL,CLARK,COLBY CITY WARD 4,SPRING GENERAL,JUSTICE OF THE SUPREME COURT,NONPARTISAN,"DAVID T PROSSER, JR.",51,51
2001,APRIL,CLARK,COLBY CITY WARD 4,SPRING GENERAL,JUSTICE OF THE SUPREME COURT,NONPARTISAN,SCATTERING,51,0
2001,APRIL,CLARK,GREENWOOD CITY WARD 1,SPRING GENERAL,JUSTICE OF THE SUPREME COURT,NONPARTISAN,"DAVID T PROSSER, JR.",183,183
2001,APRIL,CLARK,GREENWOOD CITY WARD 1,SPRING GENERAL,JUSTICE OF THE SUPREME COURT,NONPARTISAN,SCATTERING,183,0
2001,APRIL,CLARK,GREENWOOD CITY WARD 2,SPRING GENERAL,JUSTICE OF THE SUPREME COURT,NONPARTISAN,"DAVID T PROSSER, JR.",146,146
2001,APRIL,CLARK,GREENWOOD CITY WARD 2,SPRING GENERAL,JUSTICE OF THE SUPREME COURT,NONPARTISAN,SCATTERING,146,0
2001,APRIL,CLARK,LOYAL CITY WARD 1,SPRING GENERAL,JUSTICE OF THE SUPREME COURT,NONPARTISAN,"DAVID T PROSSER, JR.",101,101
2001,APRIL,CLARK,LOYAL CITY WARD 1,SPRING GENERAL,JUSTICE OF THE SUPREME COURT,NONPARTISAN,SCATTERING,101,0
2001,APRIL,CLARK,LOYAL CITY WARDS 2 & 3,SPRING GENERAL,JUSTICE OF THE SUPREME COURT,NONPARTISAN,"DAVID T PROSSER, JR.",88,88
2001,APRIL,CLARK,LOYAL CITY WARDS 2 & 3,SPRING GENERAL,JUSTICE OF THE SUPREME COURT,NONPARTISAN,SCATTERING,88,0
2001,APRIL,CLARK,NEILLSVILLE CITY WARD 1,SPRING GENERAL,JUSTICE OF THE SUPREME COURT,NONPARTISAN,"DAVID T PROSSER, JR.",49,49
2001,APRIL,CLARK,NEILLSVILLE CITY WARD 1,SPRING GENERAL,JUSTICE OF THE SUPREME COURT,NONPARTISAN,SCATTERING,49,0
2001,APRIL,CLARK,NEILLSVILLE CITY WARD 2,SPRING GENERAL,JUSTICE OF THE SUPREME COURT,NONPARTISAN,"DAVID T PROSSER, JR.",40,40
2001,APRIL,CLARK,NEILLSVILLE CITY WARD 2,SPRING GENERAL,JUSTICE OF THE SUPREME COURT,NONPARTISAN,SCATTERING,40,0
2001,APRIL,CLARK,NEILLSVILLE CITY WARD 3,SPRING GENERAL,JUSTICE OF THE SUPREME COURT,NONPARTISAN,"DAVID T PROSSER, JR.",48,48
2001,APRIL,CLARK,NEILLSVILLE CITY WARD 3,SPRING GENERAL,JUSTICE OF THE SUPREME COURT,NONPARTISAN,SCATTERING,48,0
2001,APRIL,CLARK,NEILLSVILLE CITY WARD 4,SPRING GENERAL,JUSTICE OF THE SUPREME COURT,NONPARTISAN,"DAVID T PROSSER, JR.",59,59
2001,APRIL,CLARK,NEILLSVILLE CITY WARD 4,SPRING GENERAL,JUSTICE OF THE SUPREME COURT,NONPARTISAN,SCATTERING,59,0
2001,APRIL,CLARK,NEILLSVILLE CITY WARD 5,SPRING GENERAL,JUSTICE OF THE SUPREME COURT,NONPARTISAN,"DAVID T PROSSER, JR.",42,42
2001,APRIL,CLARK,NEILLSVILLE CITY WARD 5,SPRING GENERAL,JUSTICE OF THE SUPREME COURT,NONPARTISAN,SCATTERING,42,0
2001,APRIL,CLARK,OWEN CITY WARDS 1 - 3,SPRING GENERAL,JUSTICE OF THE SUPREME COURT,NONPARTISAN,"DAVID T PROSSER, JR.",216,216
2001,APRIL,CLARK,OWEN CITY WARDS 1 - 3,SPRING GENERAL,JUSTICE OF THE SUPREME COURT,NONPARTISAN,SCATTERING,216,0
2001,APRIL,CLARK,THORP CITY WARD 1,SPRING GENERAL,JUSTICE OF THE SUPREME COURT,NONPARTISAN,"DAVID T PROSSER, JR.",42,42
2001,APRIL,CLARK,THORP CITY WARD 1,SPRING GENERAL,JUSTICE OF THE SUPREME COURT,NONPARTISAN,SCATTERING,42,0
2001,APRIL,CLARK,THORP CITY WARD 2,SPRING GENERAL,JUSTICE OF THE SUPREME COURT,NONPARTISAN,"DAVID T PROSSER, JR.",40,40
2001,APRIL,CLARK,THORP CITY WARD 2,SPRING GENERAL,JUSTICE OF THE SUPREME COURT,NONPARTISAN,SCATTERING,40,0
2001,APRIL,CLARK,THORP CITY WARD 3,SPRING GENERAL,JUSTICE OF THE SUPREME COURT,NONPARTISAN,"DAVID T PROSSER, JR.",48,47
2001,APRIL,CLARK,THORP CITY WARD 3,SPRING GENERAL,JUSTICE OF THE SUPREME COURT,NONPARTISAN,SCATTERING,48,1
2001,APRIL,CLARK,THORP CITY WARD 4,SPRING GENERAL,JUSTICE OF THE SUPREME COURT,NONPARTISAN,"DAVID T PROSSER, JR.",23,23
2001,APRIL,CLARK,THORP CITY WARD 4,SPRING GENERAL,JUSTICE OF THE SUPREME COURT,NONPARTISAN,SCATTERING,23,0
2001,APRIL,CLARK,THORP CITY WARD 5,SPRING GENERAL,JUSTICE OF THE SUPREME COURT,NONPARTISAN,"DAVID T PROSSER, JR.",59,59
2001,APRIL,CLARK,THORP CITY WARD 5,SPRING GENERAL,JUSTICE OF THE SUPREME COURT,NONPARTISAN,SCATTERING,59,0
2001,APRIL,CLARK,THORP CITY WARD 6,SPRING GENERAL,JUSTICE OF THE SUPREME COURT,NONPARTISAN,"DAVID T PROSSER, JR.",13,13
2001,APRIL,CLARK,THORP CITY WARD 6,SPRING GENERAL,JUSTICE OF THE SUPREME COURT,NONPARTISAN,SCATTERING,13,0
2001,APRIL,COLUMBIA,ARLINGTON TOWN WARD 1,SPRING GENERAL,JUSTICE OF THE SUPREME COURT,NONPARTISAN,"DAVID T PROSSER, JR.",73,73
2001,APRIL,COLUMBIA,ARLINGTON TOWN WARD 1,SPRING GENERAL,JUSTICE OF THE SUPREME COURT,NONPARTISAN,SCATTERING,73,0
2001,APRIL,COLUMBIA,CALEDONIA TOWN WARDS 1 & 2,SPRING GENERAL,JUSTICE OF THE SUPREME COURT,NONPARTISAN,"DAVID T PROSSER, JR.",79,79
2001,APRIL,COLUMBIA,CALEDONIA TOWN WARDS 1 & 2,SPRING GENERAL,JUSTICE OF THE SUPREME COURT,NONPARTISAN,SCATTERING,79,0
2001,APRIL,COLUMBIA,COLUMBUS TOWN WARDS 1 & 2,SPRING GENERAL,JUSTICE OF THE SUPREME COURT,NONPARTISAN,"DAVID T PROSSER, JR.",92,92
2001,APRIL,COLUMBIA,COLUMBUS TOWN WARDS 1 & 2,SPRING GENERAL,JUSTICE OF THE SUPREME COURT,NONPARTISAN,SCATTERING,92,0
2001,APRIL,COLUMBIA,COURTLAND TOWN WARD 1,SPRING GENERAL,JUSTICE OF THE SUPREME COURT,NONPARTISAN,"DAVID T PROSSER, JR.",45,45
2001,APRIL,COLUMBIA,COURTLAND TOWN WARD 1,SPRING GENERAL,JUSTICE OF THE SUPREME COURT,NONPARTISAN,SCATTERING,45,0
2001,APRIL,COLUMBIA,DEKORRA TOWN WARDS 1 - 3,SPRING GENERAL,JUSTICE OF THE SUPREME COURT,NONPARTISAN,"DAVID T PROSSER, JR.",309,308
2001,APRIL,COLUMBIA,DEKORRA TOWN WARDS 1 - 3,SPRING GENERAL,JUSTICE OF THE SUPREME COURT,NONPARTISAN,SCATTERING,309,1
2001,APRIL,COLUMBIA,FORT WINNEBAGO TOWN WARD 1,SPRING GENERAL,JUSTICE OF THE SUPREME COURT,NONPARTISAN,"DAVID T PROSSER, JR.",63,63
2001,APRIL,COLUMBIA,FORT WINNEBAGO TOWN WARD 1,SPRING GENERAL,JUSTICE OF THE SUPREME COURT,NONPARTISAN,SCATTERING,63,0
2001,APRIL,COLUMBIA,FOUNTAIN PRAIRIE TOWN WARDS 1 & 2,SPRING GENERAL,JUSTICE OF THE SUPREME COURT,NONPARTISAN,"DAVID T PROSSER, JR.",165,165
2001,APRIL,COLUMBIA,FOUNTAIN PRAIRIE TOWN WARDS 1 & 2,SPRING GENERAL,JUSTICE OF THE SUPREME COURT,NONPARTISAN,SCATTERING,165,0
2001,APRIL,COLUMBIA,HAMPDEN TOWN WARD 1,SPRING GENERAL,JUSTICE OF THE SUPREME COURT,NONPARTISAN,"DAVID T PROSSER, JR.",67,67
2001,APRIL,COLUMBIA,HAMPDEN TOWN WARD 1,SPRING GENERAL,JUSTICE OF THE SUPREME COURT,NONPARTISAN,SCATTERING,67,0
2001,APRIL,COLUMBIA,LEEDS TOWN WARDS 1 & 2,SPRING GENERAL,JUSTICE OF THE SUPREME COURT,NONPARTISAN,"DAVID T PROSSER, JR.",86,86
2001,APRIL,COLUMBIA,LEEDS TOWN WARDS 1 & 2,SPRING GENERAL,JUSTICE OF THE SUPREME COURT,NONPARTISAN,SCATTERING,86,0
2001,APRIL,COLUMBIA,LEWISTON TOWN WARDS 1 - 3,SPRING GENERAL,JUSTICE OF THE SUPREME COURT,NONPARTISAN,"DAVID T PROSSER, JR.",279,279
2001,APRIL,COLUMBIA,LEWISTON TOWN WARDS 1 - 3,SPRING GENERAL,JUSTICE OF THE SUPREME COURT,NONPARTISAN,SCATTERING,279,0
2001,APRIL,COLUMBIA,LODI TOWN WARDS 1 - 3,SPRING GENERAL,JUSTICE OF THE SUPREME COURT,NONPARTISAN,"DAVID T PROSSER, JR.",222,221
2001,APRIL,COLUMBIA,LODI TOWN WARDS 1 - 3,SPRING GENERAL,JUSTICE OF THE SUPREME COURT,NONPARTISAN,SCATTERING,222,1
2001,APRIL,COLUMBIA,LOWVILLE TOWN WARD 1,SPRING GENERAL,JUSTICE OF THE SUPREME COURT,NONPARTISAN,"DAVID T PROSSER, JR.",136,136
2001,APRIL,COLUMBIA,LOWVILLE TOWN WARD 1,SPRING GENERAL,JUSTICE OF THE SUPREME COURT,NONPARTISAN,SCATTERING,136,0
2001,APRIL,COLUMBIA,MARCELLON TOWN WARDS 1 & 2,SPRING GENERAL,JUSTICE OF THE SUPREME COURT,NONPARTISAN,"DAVID T PROSSER, JR.",88,87
2001,APRIL,COLUMBIA,MARCELLON TOWN WARDS 1 & 2,SPRING GENERAL,JUSTICE OF THE SUPREME COURT,NONPARTISAN,SCATTERING,88,1
2001,APRIL,COLUMBIA,NEWPORT TOWN WARD 1,SPRING GENERAL,JUSTICE OF THE SUPREME COURT,NONPARTISAN,"DAVID T PROSSER, JR.",73,73
2001,APRIL,COLUMBIA,NEWPORT TOWN WARD 1,SPRING GENERAL,JUSTICE OF THE SUPREME COURT,NONPARTISAN,SCATTERING,73,0
2001,APRIL,COLUMBIA,OTSEGO TOWN WARDS 1 & 2,SPRING GENERAL,JUSTICE OF THE SUPREME COURT,NONPARTISAN,"DAVID T PROSSER, JR.",77,77
2001,APRIL,COLUMBIA,OTSEGO TOWN WARDS 1 & 2,SPRING GENERAL,JUSTICE OF THE SUPREME COURT,NONPARTISAN,SCATTERING,77,0
2001,APRIL,COLUMBIA,PACIFIC TOWN WARDS 1 - 3,SPRING GENERAL,JUSTICE OF THE SUPREME COURT,NONPARTISAN,"DAVID T PROSSER, JR.",227,227
2001,APRIL,COLUMBIA,PACIFIC TOWN WARDS 1 - 3,SPRING GENERAL,JUSTICE OF THE SUPREME COURT,NONPARTISAN,SCATTERING,227,0
2001,APRIL,COLUMBIA,RANDOLPH TOWN WARD 1,SPRING GENERAL,JUSTICE OF THE SUPREME COURT,NONPARTISAN,"DAVID T PROSSER, JR.",83,83
2001,APRIL,COLUMBIA,RANDOLPH TOWN WARD 1,SPRING GENERAL,JUSTICE OF THE SUPREME COURT,NONPARTISAN,SCATTERING,83,0
2001,APRIL,COLUMBIA,SCOTT TOWN WARD 1,SPRING GENERAL,JUSTICE OF THE SUPREME COURT,NONPARTISAN,"DAVID T PROSSER, JR.",49,49
2001,APRIL,COLUMBIA,SCOTT TOWN WARD 1,SPRING GENERAL,JUSTICE OF THE SUPREME COURT,NONPARTISAN,SCATTERING,49,0
2001,APRIL,COLUMBIA,SPRINGVALE TOWN WARDS 1 & 2,SPRING GENERAL,JUSTICE OF THE SUPREME COURT,NONPARTISAN,"DAVID T PROSSER, JR.",117,117
2001,APRIL,COLUMBIA,SPRINGVALE TOWN WARDS 1 & 2,SPRING GENERAL,JUSTICE OF THE SUPREME COURT,NONPARTISAN,SCATTERING,117,0
2001,APRIL,COLUMBIA,WEST POINT TOWN WARDS 1 & 2,SPRING GENERAL,JUSTICE OF THE SUPREME COURT,NONPARTISAN,"DAVID T PROSSER, JR.",197,197
2001,APRIL,COLUMBIA,WEST POINT TOWN WARDS 1 & 2,SPRING GENERAL,JUSTICE OF THE SUPREME COURT,NONPARTISAN,SCATTERING,197,0
2001,APRIL,COLUMBIA,WYOCENA TOWN WARDS 1 - 3,SPRING GENERAL,JUSTICE OF THE SUPREME COURT,NONPARTISAN,"DAVID T PROSSER, JR.",139,139
2001,APRIL,COLUMBIA,WYOCENA TOWN WARDS 1 - 3,SPRING GENERAL,JUSTICE OF THE SUPREME COURT,NONPARTISAN,SCATTERING,139,0
2001,APRIL,COLUMBIA,ARLINGTON VILLAGE WARD 1,SPRING GENERAL,JUSTICE OF THE SUPREME COURT,NONPARTISAN,"DAVID T PROSSER, JR.",87,87
2001,APRIL,COLUMBIA,ARLINGTON VILLAGE WARD 1,SPRING GENERAL,JUSTICE OF THE SUPREME COURT,NONPARTISAN,SCATTERING,87,0
2001,APRIL,COLUMBIA,CAMBRIA VILLAGE WARDS 1 & 2,SPRING GENERAL,JUSTICE OF THE SUPREME COURT,NONPARTISAN,"DAVID T PROSSER, JR.",207,207
2001,APRIL,COLUMBIA,CAMBRIA VILLAGE WARDS 1 & 2,SPRING GENERAL,JUSTICE OF THE SUPREME COURT,NONPARTISAN,SCATTERING,207,0
2001,APRIL,COLUMBIA,DOYLESTOWN VILLAGE WARD 1,SPRING GENERAL,JUSTICE OF THE SUPREME COURT,NONPARTISAN,"DAVID T PROSSER, JR.",104,104
2001,APRIL,COLUMBIA,DOYLESTOWN VILLAGE WARD 1,SPRING GENERAL,JUSTICE OF THE SUPREME COURT,NONPARTISAN,SCATTERING,104,0
2001,APRIL,COLUMBIA,FALL RIVER VILLAGE WARD 1,SPRING GENERAL,JUSTICE OF THE SUPREME COURT,NONPARTISAN,"DAVID T PROSSER, JR.",163,163
2001,APRIL,COLUMBIA,FALL RIVER VILLAGE WARD 1,SPRING GENERAL,JUSTICE OF THE SUPREME COURT,NONPARTISAN,SCATTERING,163,0
2001,APRIL,COLUMBIA,FRIESLAND VILLAGE WARD 1,SPRING GENERAL,JUSTICE OF THE SUPREME COURT,NONPARTISAN,"DAVID T PROSSER, JR.",55,55
2001,APRIL,COLUMBIA,FRIESLAND VILLAGE WARD 1,SPRING GENERAL,JUSTICE OF THE SUPREME COURT,NONPARTISAN,SCATTERING,55,0
2001,APRIL,COLUMBIA,PARDEEVILLE VILLAGE WARDS 1 - 3,SPRING GENERAL,JUSTICE OF THE SUPREME COURT,NONPARTISAN,"DAVID T PROSSER, JR.",217,217
2001,APRIL,COLUMBIA,PARDEEVILLE VILLAGE WARDS 1 - 3,SPRING GENERAL,JUSTICE OF THE SUPREME COURT,NONPARTISAN,SCATTERING,217,0
2001,APRIL,COLUMBIA,POYNETTE VILLAGE WARDS 1 - 3,SPRING GENERAL,JUSTICE OF THE SUPREME COURT,NONPARTISAN,"DAVID T PROSSER, JR.",303,301
2001,APRIL,COLUMBIA,POYNETTE VILLAGE WARDS 1 - 3,SPRING GENERAL,JUSTICE OF THE SUPREME COURT,NONPARTISAN,SCATTERING,303,2
2001,APRIL,COLUMBIA,RANDOLPH VILLAGE WARD 3,SPRING GENERAL,JUSTICE OF THE SUPREME COURT,NONPARTISAN,"DAVID T PROSSER, JR.",53,53
2001,APRIL,COLUMBIA,RANDOLPH VILLAGE WARD 3,SPRING GENERAL,JUSTICE OF THE SUPREME COURT,NONPARTISAN,SCATTERING,53,0
2001,APRIL,COLUMBIA,RIO VILLAGE WARD 1,SPRING GENERAL,JUSTICE OF THE SUPREME COURT,NONPARTISAN,"DAVID T PROSSER, JR.",211,210
2001,APRIL,COLUMBIA,RIO VILLAGE WARD 1,SPRING GENERAL,JUSTICE OF THE SUPREME COURT,NONPARTISAN,SCATTERING,211,1
2001,APRIL,COLUMBIA,WYOCENA VILLAGE WARD 1,SPRING GENERAL,JUSTICE OF THE SUPREME COURT,NONPARTISAN,"DAVID T PROSSER, JR.",99,99
2001,APRIL,COLUMBIA,WYOCENA VILLAGE WARD 1,SPRING GENERAL,JUSTICE OF THE SUPREME COURT,NONPARTISAN,SCATTERING,99,0
2001,APRIL,COLUMBIA,COLUMBUS CITY WARDS 1 & 2,SPRING GENERAL,JUSTICE OF THE SUPREME COURT,NONPARTISAN,"DAVID T PROSSER, JR.",210,210
2001,APRIL,COLUMBIA,COLUMBUS CITY WARDS 1 & 2,SPRING GENERAL,JUSTICE OF THE SUPREME COURT,NONPARTISAN,SCATTERING,210,0
2001,APRIL,COLUMBIA,COLUMBUS CITY WARDS 3 - 5,SPRING GENERAL,JUSTICE OF THE SUPREME COURT,NONPARTISAN,"DAVID T PROSSER, JR.",126,125
2001,APRIL,COLUMBIA,COLUMBUS CITY WARDS 3 - 5,SPRING GENERAL,JUSTICE OF THE SUPREME COURT,NONPARTISAN,SCATTERING,126,1
2001,APRIL,COLUMBIA,COLUMBUS CITY WARDS 6 - 8,SPRING GENERAL,JUSTICE OF THE SUPREME COURT,NONPARTISAN,"DAVID T PROSSER, JR.",113,113
2001,APRIL,COLUMBIA,COLUMBUS CITY WARDS 6 - 8,SPRING GENERAL,JUSTICE OF THE SUPREME COURT,NONPARTISAN,SCATTERING,113,0
2001,APRIL,COLUMBIA,LODI CITY WARDS 1 - 6,SPRING GENERAL,JUSTICE OF THE SUPREME COURT,NONPARTISAN,"DAVID T PROSSER, JR.",231,231
2001,APRIL,COLUMBIA,LODI CITY WARDS 1 - 6,SPRING GENERAL,JUSTICE OF THE SUPREME COURT,NONPARTISAN,SCATTERING,231,0
2001,APRIL,COLUMBIA,PORTAGE CITY WARDS 1 & 2,SPRING GENERAL,JUSTICE OF THE SUPREME COURT,NONPARTISAN,"DAVID T PROSSER, JR.",71,71
2001,APRIL,COLUMBIA,PORTAGE CITY WARDS 1 & 2,SPRING GENERAL,JUSTICE OF THE SUPREME COURT,NONPARTISAN,SCATTERING,71,0
2001,APRIL,COLUMBIA,PORTAGE CITY WARDS 3 & 4,SPRING GENERAL,JUSTICE OF THE SUPREME COURT,NONPARTISAN,"DAVID T PROSSER, JR.",112,112
2001,APRIL,COLUMBIA,PORTAGE CITY WARDS 3 & 4,SPRING GENERAL,JUSTICE OF THE SUPREME COURT,NONPARTISAN,SCATTERING,112,0
2001,APRIL,COLUMBIA,PORTAGE CITY WARDS 5 & 6,SPRING GENERAL,JUSTICE OF THE SUPREME COURT,NONPARTISAN,"DAVID T PROSSER, JR.",307,306
2001,APRIL,COLUMBIA,PORTAGE CITY WARDS 5 & 6,SPRING GENERAL,JUSTICE OF THE SUPREME COURT,NONPARTISAN,SCATTERING,307,1
2001,APRIL,COLUMBIA,PORTAGE CITY WARDS 7 & 8,SPRING GENERAL,JUSTICE OF THE SUPREME COURT,NONPARTISAN,"DAVID T PROSSER, JR.",151,151
2001,APRIL,COLUMBIA,PORTAGE CITY WARDS 7 & 8,SPRING GENERAL,JUSTICE OF THE SUPREME COURT,NONPARTISAN,SCATTERING,151,0
2001,APRIL,COLUMBIA,PORTAGE CITY WARDS 9 & 10,SPRING GENERAL,JUSTICE OF THE SUPREME COURT,NONPARTISAN,"DAVID T PROSSER, JR.",137,136
2001,APRIL,COLUMBIA,PORTAGE CITY WARDS 9 & 10,SPRING GENERAL,JUSTICE OF THE SUPREME COURT,NONPARTISAN,SCATTERING,137,1
2001,APRIL,COLUMBIA,PORTAGE CITY WARDS 11 & 12,SPRING GENERAL,JUSTICE OF THE SUPREME COURT,NONPARTISAN,"DAVID T PROSSER, JR.",201,201
2001,APRIL,COLUMBIA,PORTAGE CITY WARDS 11 & 12,SPRING GENERAL,JUSTICE OF THE SUPREME COURT,NONPARTISAN,SCATTERING,201,0
2001,APRIL,COLUMBIA,PORTAGE CITY WARDS 13 & 14,SPRING GENERAL,JUSTICE OF THE SUPREME COURT,NONPARTISAN,"DAVID T PROSSER, JR.",115,113
2001,APRIL,COLUMBIA,PORTAGE CITY WARDS 13 & 14,SPRING GENERAL,JUSTICE OF THE SUPREME COURT,NONPARTISAN,SCATTERING,115,2
2001,APRIL,COLUMBIA,PORTAGE CITY WARDS 15 & 16,SPRING GENERAL,JUSTICE OF THE SUPREME COURT,NONPARTISAN,"DAVID T PROSSER, JR.",138,137
2001,APRIL,COLUMBIA,PORTAGE CITY WARDS 15 & 16,SPRING GENERAL,JUSTICE OF THE SUPREME COURT,NONPARTISAN,SCATTERING,138,1
2001,APRIL,COLUMBIA,PORTAGE CITY WARDS 17 & 18,SPRING GENERAL,JUSTICE OF THE SUPREME COURT,NONPARTISAN,"DAVID T PROSSER, JR.",157,157
2001,APRIL,COLUMBIA,PORTAGE CITY WARDS 17 & 18,SPRING GENERAL,JUSTICE OF THE SUPREME COURT,NONPARTISAN,SCATTERING,157,0
2001,APRIL,COLUMBIA,WISCONSIN DELLS CITY WARD 1,SPRING GENERAL,JUSTICE OF THE SUPREME COURT,NONPARTISAN,"DAVID T PROSSER, JR.",47,46
2001,APRIL,COLUMBIA,WISCONSIN DELLS CITY WARD 1,SPRING GENERAL,JUSTICE OF THE SUPREME COURT,NONPARTISAN,SCATTERING,47,1
2001,APRIL,COLUMBIA,WISCONSIN DELLS CITY WARD 2,SPRING GENERAL,JUSTICE OF THE SUPREME COURT,NONPARTISAN,"DAVID T PROSSER, JR.",55,55
2001,APRIL,COLUMBIA,WISCONSIN DELLS CITY WARD 2,SPRING GENERAL,JUSTICE OF THE SUPREME COURT,NONPARTISAN,SCATTERING,55,0
2001,APRIL,COLUMBIA,WISCONSIN DELLS CITY WARD 3,SPRING GENERAL,JUSTICE OF THE SUPREME COURT,NONPARTISAN,"DAVID T PROSSER, JR.",55,55
2001,APRIL,COLUMBIA,WISCONSIN DELLS CITY WARD 3,SPRING GENERAL,JUSTICE OF THE SUPREME COURT,NONPARTISAN,SCATTERING,55,0
2001,APRIL,CRAWFORD,BRIDGEPORT TOWN WARD 1,SPRING GENERAL,JUSTICE OF THE SUPREME COURT,NONPARTISAN,"DAVID T PROSSER, JR.",83,83
2001,APRIL,CRAWFORD,BRIDGEPORT TOWN WARD 1,SPRING GENERAL,JUSTICE OF THE SUPREME COURT,NONPARTISAN,SCATTERING,83,0
2001,APRIL,CRAWFORD,CLAYTON TOWN WARDS 1 & 2,SPRING GENERAL,JUSTICE OF THE SUPREME COURT,NONPARTISAN,"DAVID T PROSSER, JR.",170,170
2001,APRIL,CRAWFORD,CLAYTON TOWN WARDS 1 & 2,SPRING GENERAL,JUSTICE OF THE SUPREME COURT,NONPARTISAN,SCATTERING,170,0
2001,APRIL,CRAWFORD,EASTMAN TOWN WARDS 1 & 2,SPRING GENERAL,JUSTICE OF THE SUPREME COURT,NONPARTISAN,"DAVID T PROSSER, JR.",61,61
2001,APRIL,CRAWFORD,EASTMAN TOWN WARDS 1 & 2,SPRING GENERAL,JUSTICE OF THE SUPREME COURT,NONPARTISAN,SCATTERING,61,0
2001,APRIL,CRAWFORD,FREEMAN TOWN WARD 1,SPRING GENERAL,JUSTICE OF THE SUPREME COURT,NONPARTISAN,"DAVID T PROSSER, JR.",48,48
2001,APRIL,CRAWFORD,FREEMAN TOWN WARD 1,SPRING GENERAL,JUSTICE OF THE SUPREME COURT,NONPARTISAN,SCATTERING,48,0
2001,APRIL,CRAWFORD,HANEY TOWN WARD 1,SPRING GENERAL,JUSTICE OF THE SUPREME COURT,NONPARTISAN,"DAVID T PROSSER, JR.",29,29
2001,APRIL,CRAWFORD,HANEY TOWN WARD 1,SPRING GENERAL,JUSTICE OF THE SUPREME COURT,NONPARTISAN,SCATTERING,29,0
2001,APRIL,CRAWFORD,MARIETTA TOWN WARD 1,SPRING GENERAL,JUSTICE OF THE SUPREME COURT,NONPARTISAN,"DAVID T PROSSER, JR.",45,45
2001,APRIL,CRAWFORD,MARIETTA TOWN WARD 1,SPRING GENERAL,JUSTICE OF THE SUPREME COURT,NONPARTISAN,SCATTERING,45,0
2001,APRIL,CRAWFORD,PRAIRIE DU CHIEN TOWN WARD 1,SPRING GENERAL,JUSTICE OF THE SUPREME COURT,NONPARTISAN,"DAVID T PROSSER, JR.",71,71
2001,APRIL,CRAWFORD,PRAIRIE DU CHIEN TOWN WARD 1,SPRING GENERAL,JUSTICE OF THE SUPREME COURT,NONPARTISAN,SCATTERING,71,0
2001,APRIL,CRAWFORD,SCOTT TOWN WARD 1,SPRING GENERAL,JUSTICE OF THE SUPREME COURT,NONPARTISAN,"DAVID T PROSSER, JR.",78,78
2001,APRIL,CRAWFORD,SCOTT TOWN WARD 1,SPRING GENERAL,JUSTICE OF THE SUPREME COURT,NONPARTISAN,SCATTERING,78,0
2001,APRIL,CRAWFORD,SENECA TOWN WARD 1,SPRING GENERAL,JUSTICE OF THE SUPREME COURT,NONPARTISAN,"DAVID T PROSSER, JR.",136,136
2001,APRIL,CRAWFORD,SENECA TOWN WARD 1,SPRING GENERAL,JUSTICE OF THE SUPREME COURT,NONPARTISAN,SCATTERING,136,0
2001,APRIL,CRAWFORD,UTICA TOWN WARD 1,SPRING GENERAL,JUSTICE OF THE SUPREME COURT,NONPARTISAN,"DAVID T PROSSER, JR.",190,189
2001,APRIL,CRAWFORD,UTICA TOWN WARD 1,SPRING GENERAL,JUSTICE OF THE SUPREME COURT,NONPARTISAN,SCATTERING,190,1
2001,APRIL,CRAWFORD,WAUZEKA TOWN WARDS 1 & 2,SPRING GENERAL,JUSTICE OF THE SUPREME COURT,NONPARTISAN,"DAVID T PROSSER, JR.",42,42
2001,APRIL,CRAWFORD,WAUZEKA TOWN WARDS 1 & 2,SPRING GENERAL,JUSTICE OF THE SUPREME COURT,NONPARTISAN,SCATTERING,42,0
2001,APRIL,CRAWFORD,BELL CENTER VILLAGE WARD 1,SPRING GENERAL,JUSTICE OF THE SUPREME COURT,NONPARTISAN,"DAVID T PROSSER, JR.",15,15
2001,APRIL,CRAWFORD,BELL CENTER VILLAGE WARD 1,SPRING GENERAL,JUSTICE OF THE SUPREME COURT,NONPARTISAN,SCATTERING,15,0
2001,APRIL,CRAWFORD,DE SOTO VILLAGE WARD 2,SPRING GENERAL,JUSTICE OF THE SUPREME COURT,NONPARTISAN,"DAVID T PROSSER, JR.",14,14
2001,APRIL,CRAWFORD,DE SOTO VILLAGE WARD 2,SPRING GENERAL,JUSTICE OF THE SUPREME COURT,NONPARTISAN,SCATTERING,14,0
2001,APRIL,CRAWFORD,EASTMAN VILLAGE WARD 1,SPRING GENERAL,JUSTICE OF THE SUPREME COURT,NONPARTISAN,"DAVID T PROSSER, JR.",49,49
2001,APRIL,CRAWFORD,EASTMAN VILLAGE WARD 1,SPRING GENERAL,JUSTICE OF THE SUPREME COURT,NONPARTISAN,SCATTERING,49,0
2001,APRIL,CRAWFORD,FERRYVILLE VILLAGE WARD 1,SPRING GENERAL,JUSTICE OF THE SUPREME COURT,NONPARTISAN,"DAVID T PROSSER, JR.",68,68
2001,APRIL,CRAWFORD,FERRYVILLE VILLAGE WARD 1,SPRING GENERAL,JUSTICE OF THE SUPREME COURT,NONPARTISAN,SCATTERING,68,0
2001,APRIL,CRAWFORD,GAYS MILLS VILLAGE WARD 1,SPRING GENERAL,JUSTICE OF THE SUPREME COURT,NONPARTISAN,"DAVID T PROSSER, JR.",90,90
2001,APRIL,CRAWFORD,GAYS MILLS VILLAGE WARD 1,SPRING GENERAL,JUSTICE OF THE SUPREME COURT,NONPARTISAN,SCATTERING,90,0
2001,APRIL,CRAWFORD,LYNXVILLE VILLAGE WARD 1,SPRING GENERAL,JUSTICE OF THE SUPREME COURT,NONPARTISAN,"DAVID T PROSSER, JR.",37,37
2001,APRIL,CRAWFORD,LYNXVILLE VILLAGE WARD 1,SPRING GENERAL,JUSTICE OF THE SUPREME COURT,NONPARTISAN,SCATTERING,37,0
2001,APRIL,CRAWFORD,MOUNT STERLING VILLAGE WARD 1,SPRING GENERAL,JUSTICE OF THE SUPREME COURT,NONPARTISAN,"DAVID T PROSSER, JR.",52,52
2001,APRIL,CRAWFORD,MOUNT STERLING VILLAGE WARD 1,SPRING GENERAL,JUSTICE OF THE SUPREME COURT,NONPARTISAN,SCATTERING,52,0
2001,APRIL,CRAWFORD,SOLDIERS GROVE VILLAGE WARD 1,SPRING GENERAL,JUSTICE OF THE SUPREME COURT,NONPARTISAN,"DAVID T PROSSER, JR.",165,165
2001,APRIL,CRAWFORD,SOLDIERS GROVE VILLAGE WARD 1,SPRING GENERAL,JUSTICE OF THE SUPREME COURT,NONPARTISAN,SCATTERING,165,0
2001,APRIL,CRAWFORD,STEUBEN VILLAGE WARD 1,SPRING GENERAL,JUSTICE OF THE SUPREME COURT,NONPARTISAN,"DAVID T PROSSER, JR.",33,33
2001,APRIL,CRAWFORD,STEUBEN VILLAGE WARD 1,SPRING GENERAL,JUSTICE OF THE SUPREME COURT,NONPARTISAN,SCATTERING,33,0
2001,APRIL,CRAWFORD,WAUZEKA VILLAGE WARD 1,SPRING GENERAL,JUSTICE OF THE SUPREME COURT,NONPARTISAN,"DAVID T PROSSER, JR.",112,111
2001,APRIL,CRAWFORD,WAUZEKA VILLAGE WARD 1,SPRING GENERAL,JUSTICE OF THE SUPREME COURT,NONPARTISAN,SCATTERING,112,1
2001,APRIL,CRAWFORD,PRAIRIE DU CHIEN CITY WARD 1,SPRING GENERAL,JUSTICE OF THE SUPREME COURT,NONPARTISAN,"DAVID T PROSSER, JR.",122,122
2001,APRIL,CRAWFORD,PRAIRIE DU CHIEN CITY WARD 1,SPRING GENERAL,JUSTICE OF THE SUPREME COURT,NONPARTISAN,SCATTERING,122,0
2001,APRIL,CRAWFORD,PRAIRIE DU CHIEN CITY WARD 2,SPRING GENERAL,JUSTICE OF THE SUPREME COURT,NONPARTISAN,"DAVID T PROSSER, JR.",85,85
2001,APRIL,CRAWFORD,PRAIRIE DU CHIEN CITY WARD 2,SPRING GENERAL,JUSTICE OF THE SUPREME COURT,NONPARTISAN,SCATTERING,85,0
2001,APRIL,CRAWFORD,PRAIRIE DU CHIEN CITY WARD 3,SPRING GENERAL,JUSTICE OF THE SUPREME COURT,NONPARTISAN,"DAVID T PROSSER, JR.",93,93
2001,APRIL,CRAWFORD,PRAIRIE DU CHIEN CITY WARD 3,SPRING GENERAL,JUSTICE OF THE SUPREME COURT,NONPARTISAN,SCATTERING,93,0
2001,APRIL,CRAWFORD,PRAIRIE DU CHIEN CITY WARD 4,SPRING GENERAL,JUSTICE OF THE SUPREME COURT,NONPARTISAN,"DAVID T PROSSER, JR.",62,62
2001,APRIL,CRAWFORD,PRAIRIE DU CHIEN CITY WARD 4,SPRING GENERAL,JUSTICE OF THE SUPREME COURT,NONPARTISAN,SCATTERING,62,0
2001,APRIL,CRAWFORD,PRAIRIE DU CHIEN CITY WARD 5,SPRING GENERAL,JUSTICE OF THE SUPREME COURT,NONPARTISAN,"DAVID T PROSSER, JR.",118,118
2001,APRIL,CRAWFORD,PRAIRIE DU CHIEN CITY WARD 5,SPRING GENERAL,JUSTICE OF THE SUPREME COURT,NONPARTISAN,SCATTERING,118,0
2001,APRIL,CRAWFORD,PRAIRIE DU CHIEN CITY WARD 6,SPRING GENERAL,JUSTICE OF THE SUPREME COURT,NONPARTISAN,"DAVID T PROSSER, JR.",120,120
2001,APRIL,CRAWFORD,PRAIRIE DU CHIEN CITY WARD 6,SPRING GENERAL,JUSTICE OF THE SUPREME COURT,NONPARTISAN,SCATTERING,120,0
2001,APRIL,DANE,ALBION TOWN WARDS 1 - 3,SPRING GENERAL,JUSTICE OF THE SUPREME COURT,NONPARTISAN,"DAVID T PROSSER, JR.",188,188
2001,APRIL,DANE,ALBION TOWN WARDS 1 - 3,SPRING GENERAL,JUSTICE OF THE SUPREME COURT,NONPARTISAN,SCATTERING,188,0
2001,APRIL,DANE,BERRY TOWN WARDS 1 & 2,SPRING GENERAL,JUSTICE OF THE SUPREME COURT,NONPARTISAN,"DAVID T PROSSER, JR.",361,361
2001,APRIL,DANE,BERRY TOWN WARDS 1 & 2,SPRING GENERAL,JUSTICE OF THE SUPREME COURT,NONPARTISAN,SCATTERING,361,0
2001,APRIL,DANE,BLACK EARTH TOWN WARD 1,SPRING GENERAL,JUSTICE OF THE SUPREME COURT,NONPARTISAN,"DAVID T PROSSER, JR.",75,75
2001,APRIL,DANE,BLACK EARTH TOWN WARD 1,SPRING GENERAL,JUSTICE OF THE SUPREME COURT,NONPARTISAN,SCATTERING,75,0
2001,APRIL,DANE,BLOOMING GROVE TOWN WARDS 1 - 3,SPRING GENERAL,JUSTICE OF THE SUPREME COURT,NONPARTISAN,"DAVID T PROSSER, JR.",222,222
2001,APRIL,DANE,BLOOMING GROVE TOWN WARDS 1 - 3,SPRING GENERAL,JUSTICE OF THE SUPREME COURT,NONPARTISAN,SCATTERING,222,0
2001,APRIL,DANE,BLUE MOUNDS TOWN WARD 1,SPRING GENERAL,JUSTICE OF THE SUPREME COURT,NONPARTISAN,"DAVID T PROSSER, JR.",114,114
2001,APRIL,DANE,BLUE MOUNDS TOWN WARD 1,SPRING GENERAL,JUSTICE OF THE SUPREME COURT,NONPARTISAN,SCATTERING,114,0
2001,APRIL,DANE,BRISTOL TOWN WARDS 1 & 2,SPRING GENERAL,JUSTICE OF THE SUPREME COURT,NONPARTISAN,"DAVID T PROSSER, JR.",565,562
2001,APRIL,DANE,BRISTOL TOWN WARDS 1 & 2,SPRING GENERAL,JUSTICE OF THE SUPREME COURT,NONPARTISAN,SCATTERING,565,3
2001,APRIL,DANE,BURKE TOWN WARDS 1 - 4,SPRING GENERAL,JUSTICE OF THE SUPREME COURT,NONPARTISAN,"DAVID T PROSSER, JR.",390,389
2001,APRIL,DANE,BURKE TOWN WARDS 1 - 4,SPRING GENERAL,JUSTICE OF THE SUPREME COURT,NONPARTISAN,SCATTERING,390,1
2001,APRIL,DANE,CHRISTIANA TOWN WARDS 1 & 2,SPRING GENERAL,JUSTICE OF THE SUPREME COURT,NONPARTISAN,"DAVID T PROSSER, JR.",282,280
2001,APRIL,DANE,CHRISTIANA TOWN WARDS 1 & 2,SPRING GENERAL,JUSTICE OF THE SUPREME COURT,NONPARTISAN,SCATTERING,282,2
2001,APRIL,DANE,COTTAGE GROVE TOWN WARDS 1 - 5,SPRING GENERAL,JUSTICE OF THE SUPREME COURT,NONPARTISAN,"DAVID T PROSSER, JR.",464,462
2001,APRIL,DANE,COTTAGE GROVE TOWN WARDS 1 - 5,SPRING GENERAL,JUSTICE OF THE SUPREME COURT,NONPARTISAN,SCATTERING,464,2
2001,APRIL,DANE,CROSS PLAINS TOWN WARDS 1 & 2,SPRING GENERAL,JUSTICE OF THE SUPREME COURT,NONPARTISAN,"DAVID T PROSSER, JR.",311,311
2001,APRIL,DANE,CROSS PLAINS TOWN WARDS 1 & 2,SPRING GENERAL,JUSTICE OF THE SUPREME COURT,NONPARTISAN,SCATTERING,311,0
2001,APRIL,DANE,DANE TOWN WARD 1,SPRING GENERAL,JUSTICE OF THE SUPREME COURT,NONPARTISAN,"DAVID T PROSSER, JR.",101,101
2001,APRIL,DANE,DANE TOWN WARD 1,SPRING GENERAL,JUSTICE OF THE SUPREME COURT,NONPARTISAN,SCATTERING,101,0
2001,APRIL,DANE,DEERFIELD TOWN WARDS 1 & 2,SPRING GENERAL,JUSTICE OF THE SUPREME COURT,NONPARTISAN,"DAVID T PROSSER, JR.",374,370
2001,APRIL,DANE,DEERFIELD TOWN WARDS 1 & 2,SPRING GENERAL,JUSTICE OF THE SUPREME COURT,NONPARTISAN,SCATTERING,374,4
2001,APRIL,DANE,DUNKIRK TOWN WARDS 1 - 3,SPRING GENERAL,JUSTICE OF THE SUPREME COURT,NONPARTISAN,"DAVID T PROSSER, JR.",429,429
2001,APRIL,DANE,DUNKIRK TOWN WARDS 1 - 3,SPRING GENERAL,JUSTICE OF THE SUPREME COURT,NONPARTISAN,SCATTERING,429,0
2001,APRIL,DANE,DUNN TOWN WARDS 1 - 8,SPRING GENERAL,JUSTICE OF THE SUPREME COURT,NONPARTISAN,"DAVID T PROSSER, JR.",618,617
2001,APRIL,DANE,DUNN TOWN WARDS 1 - 8,SPRING GENERAL,JUSTICE OF THE SUPREME COURT,NONPARTISAN,SCATTERING,618,1
2001,APRIL,DANE,MADISON TOWN WARDS 1 - 13,SPRING GENERAL,JUSTICE OF THE SUPREME COURT,NONPARTISAN,"DAVID T PROSSER, JR.",275,270
2001,APRIL,DANE,MADISON TOWN WARDS 1 - 13,SPRING GENERAL,JUSTICE OF THE SUPREME COURT,NONPARTISAN,SCATTERING,275,5
2001,APRIL,DANE,MADISON TOWN WARD 14,SPRING GENERAL,JUSTICE OF THE SUPREME COURT,NONPARTISAN,"DAVID T PROSSER, JR.",61,61
2001,APRIL,DANE,MADISON TOWN WARD 14,SPRING GENERAL,JUSTICE OF THE SUPREME COURT,NONPARTISAN,SCATTERING,61,0
2001,APRIL,DANE,MAZOMANIE TOWN WARD 1,SPRING GENERAL,JUSTICE OF THE SUPREME COURT,NONPARTISAN,"DAVID T PROSSER, JR.",126,126
2001,APRIL,DANE,MAZOMANIE TOWN WARD 1,SPRING GENERAL,JUSTICE OF THE SUPREME COURT,NONPARTISAN,SCATTERING,126,0
2001,APRIL,DANE,MEDINA TOWN WARDS 1 & 2,SPRING GENERAL,JUSTICE OF THE SUPREME COURT,NONPARTISAN,"DAVID T PROSSER, JR.",176,176
2001,APRIL,DANE,MEDINA TOWN WARDS 1 & 2,SPRING GENERAL,JUSTICE OF THE SUPREME COURT,NONPARTISAN,SCATTERING,176,0
2001,APRIL,DANE,MIDDLETON TOWN WARDS 1 - 4,SPRING GENERAL,JUSTICE OF THE SUPREME COURT,NONPARTISAN,"DAVID T PROSSER, JR.",453,450
2001,APRIL,DANE,MIDDLETON TOWN WARDS 1 - 4,SPRING GENERAL,JUSTICE OF THE SUPREME COURT,NONPARTISAN,SCATTERING,453,3
2001,APRIL,DANE,MONTROSE TOWN WARDS 1 & 2,SPRING GENERAL,JUSTICE OF THE SUPREME COURT,NONPARTISAN,"DAVID T PROSSER, JR.",149,149
2001,APRIL,DANE,MONTROSE TOWN WARDS 1 & 2,SPRING GENERAL,JUSTICE OF THE SUPREME COURT,NONPARTISAN,SCATTERING,149,0
2001,APRIL,DANE,OREGON TOWN WARDS 1 - 3,SPRING GENERAL,JUSTICE OF THE SUPREME COURT,NONPARTISAN,"DAVID T PROSSER, JR.",612,610
2001,APRIL,DANE,OREGON TOWN WARDS 1 - 3,SPRING GENERAL,JUSTICE OF THE SUPREME COURT,NONPARTISAN,SCATTERING,612,2
2001,APRIL,DANE,PERRY TOWN WARD 1,SPRING GENERAL,JUSTICE OF THE SUPREME COURT,NONPARTISAN,"DAVID T PROSSER, JR.",202,202
2001,APRIL,DANE,PERRY TOWN WARD 1,SPRING GENERAL,JUSTICE OF THE SUPREME COURT,NONPARTISAN,SCATTERING,202,0
2001,APRIL,DANE,PLEASANT SPRINGS TOWN WARDS 1 - 3,SPRING GENERAL,JUSTICE OF THE SUPREME COURT,NONPARTISAN,"DAVID T PROSSER, JR.",497,495
2001,APRIL,DANE,PLEASANT SPRINGS TOWN WARDS 1 - 3,SPRING GENERAL,JUSTICE OF THE SUPREME COURT,NONPARTISAN,SCATTERING,497,2
2001,APRIL,DANE,PRIMROSE TOWN WARD 1,SPRING GENERAL,JUSTICE OF THE SUPREME COURT,NONPARTISAN,"DAVID T PROSSER, JR.",176,176
2001,APRIL,DANE,PRIMROSE TOWN WARD 1,SPRING GENERAL,JUSTICE OF THE SUPREME COURT,NONPARTISAN,SCATTERING,176,0
2001,APRIL,DANE,ROXBURY TOWN WARDS 1 & 2,SPRING GENERAL,JUSTICE OF THE SUPREME COURT,NONPARTISAN,"DAVID T PROSSER, JR.",171,171
2001,APRIL,DANE,ROXBURY TOWN WARDS 1 & 2,SPRING GENERAL,JUSTICE OF THE SUPREME COURT,NONPARTISAN,SCATTERING,171,0
2001,APRIL,DANE,RUTLAND TOWN WARDS 1 & 2,SPRING GENERAL,JUSTICE OF THE SUPREME COURT,NONPARTISAN,"DAVID T PROSSER, JR.",220,219
2001,APRIL,DANE,RUTLAND TOWN WARDS 1 & 2,SPRING GENERAL,JUSTICE OF THE SUPREME COURT,NONPARTISAN,SCATTERING,220,1
2001,APRIL,DANE,SPRINGDALE TOWN WARDS 1 & 2,SPRING GENERAL,JUSTICE OF THE SUPREME COURT,NONPARTISAN,"DAVID T PROSSER, JR.",446,446
2001,APRIL,DANE,SPRINGDALE TOWN WARDS 1 & 2,SPRING GENERAL,JUSTICE OF THE SUPREME COURT,NONPARTISAN,SCATTERING,446,0
2001,APRIL,DANE,SPRINGFIELD TOWN WARDS 1 - 3,SPRING GENERAL,JUSTICE OF THE SUPREME COURT,NONPARTISAN,"DAVID T PROSSER, JR.",372,370
2001,APRIL,DANE,SPRINGFIELD TOWN WARDS 1 - 3,SPRING GENERAL,JUSTICE OF THE SUPREME COURT,NONPARTISAN,SCATTERING,372,2
2001,APRIL,DANE,SUN PRAIRIE TOWN WARDS 1 - 3,SPRING GENERAL,JUSTICE OF THE SUPREME COURT,NONPARTISAN,"DAVID T PROSSER, JR.",262,260
2001,APRIL,DANE,SUN PRAIRIE TOWN WARDS 1 - 3,SPRING GENERAL,JUSTICE OF THE SUPREME COURT,NONPARTISAN,SCATTERING,262,2
2001,APRIL,DANE,VERMONT TOWN WARD 1,SPRING GENERAL,JUSTICE OF THE SUPREME COURT,NONPARTISAN,"DAVID T PROSSER, JR.",196,191
2001,APRIL,DANE,VERMONT TOWN WARD 1,SPRING GENERAL,JUSTICE OF THE SUPREME COURT,NONPARTISAN,SCATTERING,196,5
2001,APRIL,DANE,VERONA TOWN WARDS 1 - 4,SPRING GENERAL,JUSTICE OF THE SUPREME COURT,NONPARTISAN,"DAVID T PROSSER, JR.",424,424
2001,APRIL,DANE,VERONA TOWN WARDS 1 - 4,SPRING GENERAL,JUSTICE OF THE SUPREME COURT,NONPARTISAN,SCATTERING,424,0
2001,APRIL,DANE,VIENNA TOWN WARDS 1 & 2,SPRING GENERAL,JUSTICE OF THE SUPREME COURT,NONPARTISAN,"DAVID T PROSSER, JR.",151,151
2001,APRIL,DANE,VIENNA TOWN WARDS 1 & 2,SPRING GENERAL,JUSTICE OF THE SUPREME COURT,NONPARTISAN,SCATTERING,151,0
2001,APRIL,DANE,WESTPORT TOWN WARDS 1 - 6,SPRING GENERAL,JUSTICE OF THE SUPREME COURT,NONPARTISAN,"DAVID T PROSSER, JR.",737,733
2001,APRIL,DANE,WESTPORT TOWN WARDS 1 - 6,SPRING GENERAL,JUSTICE OF THE SUPREME COURT,NONPARTISAN,SCATTERING,737,4
2001,APRIL,DANE,WINDSOR TOWN WARDS 1 - 7,SPRING GENERAL,JUSTICE OF THE SUPREME COURT,NONPARTISAN,"DAVID T PROSSER, JR.",532,531
2001,APRIL,DANE,WINDSOR TOWN WARDS 1 - 7,SPRING GENERAL,JUSTICE OF THE SUPREME COURT,NONPARTISAN,SCATTERING,532,1
2001,APRIL,DANE,YORK TOWN WARD 1,SPRING GENERAL,JUSTICE OF THE SUPREME COURT,NONPARTISAN,"DAVID T PROSSER, JR.",93,93
2001,APRIL,DANE,YORK TOWN WARD 1,SPRING GENERAL,JUSTICE OF THE SUPREME COURT,NONPARTISAN,SCATTERING,93,0
2001,APRIL,DANE,BELLEVILLE VILLAGE WARDS 1 & 2,SPRING GENERAL,JUSTICE OF THE SUPREME COURT,NONPARTISAN,"DAVID T PROSSER, JR.",334,332
2001,APRIL,DANE,BELLEVILLE VILLAGE WARDS 1 & 2,SPRING GENERAL,JUSTICE OF THE SUPREME COURT,NONPARTISAN,SCATTERING,334,2
2001,APRIL,DANE,BLACK EARTH VILLAGE WARDS 1 & 2,SPRING GENERAL,JUSTICE OF THE SUPREME COURT,NONPARTISAN,"DAVID T PROSSER, JR.",273,273
2001,APRIL,DANE,BLACK EARTH VILLAGE WARDS 1 & 2,SPRING GENERAL,JUSTICE OF THE SUPREME COURT,NONPARTISAN,SCATTERING,273,0
2001,APRIL,DANE,BLUE MOUNDS VILLAGE WARD 1,SPRING GENERAL,JUSTICE OF THE SUPREME COURT,NONPARTISAN,"DAVID T PROSSER, JR.",65,65
2001,APRIL,DANE,BLUE MOUNDS VILLAGE WARD 1,SPRING GENERAL,JUSTICE OF THE SUPREME COURT,NONPARTISAN,SCATTERING,65,0
2001,APRIL,DANE,BROOKLYN VILLAGE WARD 1,SPRING GENERAL,JUSTICE OF THE SUPREME COURT,NONPARTISAN,"DAVID T PROSSER, JR.",110,110
2001,APRIL,DANE,BROOKLYN VILLAGE WARD 1,SPRING GENERAL,JUSTICE OF THE SUPREME COURT,NONPARTISAN,SCATTERING,110,0
2001,APRIL,DANE,CAMBRIDGE VILLAGE WARD 1,SPRING GENERAL,JUSTICE OF THE SUPREME COURT,NONPARTISAN,"DAVID T PROSSER, JR.",310,308
2001,APRIL,DANE,CAMBRIDGE VILLAGE WARD 1,SPRING GENERAL,JUSTICE OF THE SUPREME COURT,NONPARTISAN,SCATTERING,310,2
2001,APRIL,DANE,COTTAGE GROVE VILLAGE WARDS 1 & 2,SPRING GENERAL,JUSTICE OF THE SUPREME COURT,NONPARTISAN,"DAVID T PROSSER, JR.",405,404
2001,APRIL,DANE,COTTAGE GROVE VILLAGE WARDS 1 & 2,SPRING GENERAL,JUSTICE OF THE SUPREME COURT,NONPARTISAN,SCATTERING,405,1
2001,APRIL,DANE,CROSS PLAINS VILLAGE WARDS 1 - 4,SPRING GENERAL,JUSTICE OF THE SUPREME COURT,NONPARTISAN,"DAVID T PROSSER, JR.",220,219
2001,APRIL,DANE,CROSS PLAINS VILLAGE WARDS 1 - 4,SPRING GENERAL,JUSTICE OF THE SUPREME COURT,NONPARTISAN,SCATTERING,220,1
2001,APRIL,DANE,DANE VILLAGE WARD 1,SPRING GENERAL,JUSTICE OF THE SUPREME COURT,NONPARTISAN,"DAVID T PROSSER, JR.",38,37
2001,APRIL,DANE,DANE VILLAGE WARD 1,SPRING GENERAL,JUSTICE OF THE SUPREME COURT,NONPARTISAN,SCATTERING,38,1
2001,APRIL,DANE,DEERFIELD VILLAGE WARDS 1 - 3,SPRING GENERAL,JUSTICE OF THE SUPREME COURT,NONPARTISAN,"DAVID T PROSSER, JR.",489,489
2001,APRIL,DANE,DEERFIELD VILLAGE WARDS 1 - 3,SPRING GENERAL,JUSTICE OF THE SUPREME COURT,NONPARTISAN,SCATTERING,489,0
2001,APRIL,DANE,DE FOREST VILLAGE WARDS 1 - 6,SPRING GENERAL,JUSTICE OF THE SUPREME COURT,NONPARTISAN,"DAVID T PROSSER, JR.",887,885
2001,APRIL,DANE,DE FOREST VILLAGE WARDS 1 - 6,SPRING GENERAL,JUSTICE OF THE SUPREME COURT,NONPARTISAN,SCATTERING,887,2
2001,APRIL,DANE,MAPLE BLUFF VILLAGE WARDS 1 & 2,SPRING GENERAL,JUSTICE OF THE SUPREME COURT,NONPARTISAN,"DAVID T PROSSER, JR.",331,329
2001,APRIL,DANE,MAPLE BLUFF VILLAGE WARDS 1 & 2,SPRING GENERAL,JUSTICE OF THE SUPREME COURT,NONPARTISAN,SCATTERING,331,2
2001,APRIL,DANE,MARSHALL VILLAGE WARDS 1 - 3,SPRING GENERAL,JUSTICE OF THE SUPREME COURT,NONPARTISAN,"DAVID T PROSSER, JR.",320,319
2001,APRIL,DANE,MARSHALL VILLAGE WARDS 1 - 3,SPRING GENERAL,JUSTICE OF THE SUPREME COURT,NONPARTISAN,SCATTERING,320,1
2001,APRIL,DANE,MAZOMANIE VILLAGE WARDS 1 & 2,SPRING GENERAL,JUSTICE OF THE SUPREME COURT,NONPARTISAN,"DAVID T PROSSER, JR.",307,307
2001,APRIL,DANE,MAZOMANIE VILLAGE WARDS 1 & 2,SPRING GENERAL,JUSTICE OF THE SUPREME COURT,NONPARTISAN,SCATTERING,307,0
2001,APRIL,DANE,MCFARLAND VILLAGE WARDS 1 - 6,SPRING GENERAL,JUSTICE OF THE SUPREME COURT,NONPARTISAN,"DAVID T PROSSER, JR.",900,897
2001,APRIL,DANE,MCFARLAND VILLAGE WARDS 1 - 6,SPRING GENERAL,JUSTICE OF THE SUPREME COURT,NONPARTISAN,SCATTERING,900,3
2001,APRIL,DANE,MOUNT HOREB VILLAGE WARDS 1 - 5,SPRING GENERAL,JUSTICE OF THE SUPREME COURT,NONPARTISAN,"DAVID T PROSSER, JR.",1059,1055
2001,APRIL,DANE,MOUNT HOREB VILLAGE WARDS 1 - 5,SPRING GENERAL,JUSTICE OF THE SUPREME COURT,NONPARTISAN,SCATTERING,1059,4
2001,APRIL,DANE,OREGON VILLAGE WARDS 1 - 6,SPRING GENERAL,JUSTICE OF THE SUPREME COURT,NONPARTISAN,"DAVID T PROSSER, JR.",1080,1072
2001,APRIL,DANE,OREGON VILLAGE WARDS 1 - 6,SPRING GENERAL,JUSTICE OF THE SUPREME COURT,NONPARTISAN,SCATTERING,1080,8
2001,APRIL,DANE,ROCKDALE VILLAGE WARD 1,SPRING GENERAL,JUSTICE OF THE SUPREME COURT,NONPARTISAN,"DAVID T PROSSER, JR.",48,48
2001,APRIL,DANE,ROCKDALE VILLAGE WARD 1,SPRING GENERAL,JUSTICE OF THE SUPREME COURT,NONPARTISAN,SCATTERING,48,0
2001,APRIL,DANE,SHOREWOOD HILLS VILLAGE WARDS 1 & 2,SPRING GENERAL,JUSTICE OF THE SUPREME COURT,NONPARTISAN,"DAVID T PROSSER, JR.",423,421
2001,APRIL,DANE,SHOREWOOD HILLS VILLAGE WARDS 1 & 2,SPRING GENERAL,JUSTICE OF THE SUPREME COURT,NONPARTISAN,SCATTERING,423,2
2001,APRIL,DANE,"WAUNAKEE VILLAGE WARDS 1, 6 - 9",SPRING GENERAL,JUSTICE OF THE SUPREME COURT,NONPARTISAN,"DAVID T PROSSER, JR.",839,838
2001,APRIL,DANE,"WAUNAKEE VILLAGE WARDS 1, 6 - 9",SPRING GENERAL,JUSTICE OF THE SUPREME COURT,NONPARTISAN,SCATTERING,839,1
2001,APRIL,DANE,WAUNAKEE VILLAGE WARDS 2 - 5,SPRING GENERAL,JUSTICE OF THE SUPREME COURT,NONPARTISAN,"DAVID T PROSSER, JR.",691,688
2001,APRIL,DANE,WAUNAKEE VILLAGE WARDS 2 - 5,SPRING GENERAL,JUSTICE OF THE SUPREME COURT,NONPARTISAN,SCATTERING,691,3
2001,APRIL,DANE,EDGERTON CITY WARD 7,SPRING GENERAL,JUSTICE OF THE SUPREME COURT,NONPARTISAN,"DAVID T PROSSER, JR.",0,0
2001,APRIL,DANE,EDGERTON CITY WARD 7,SPRING GENERAL,JUSTICE OF THE SUPREME COURT,NONPARTISAN,SCATTERING,0,0
2001,APRIL,DANE,FITCHBURG CITY WARDS 1 & 2,SPRING GENERAL,JUSTICE OF THE SUPREME COURT,NONPARTISAN,"DAVID T PROSSER, JR.",437,435
2001,APRIL,DANE,FITCHBURG CITY WARDS 1 & 2,SPRING GENERAL,JUSTICE OF THE SUPREME COURT,NONPARTISAN,SCATTERING,437,2
2001,APRIL,DANE,FITCHBURG CITY WARDS 3 - 5,SPRING GENERAL,JUSTICE OF THE SUPREME COURT,NONPARTISAN,"DAVID T PROSSER, JR.",350,350
2001,APRIL,DANE,FITCHBURG CITY WARDS 3 - 5,SPRING GENERAL,JUSTICE OF THE SUPREME COURT,NONPARTISAN,SCATTERING,350,0
2001,APRIL,DANE,FITCHBURG CITY WARDS 6 - 8,SPRING GENERAL,JUSTICE OF THE SUPREME COURT,NONPARTISAN,"DAVID T PROSSER, JR.",1108,1098
2001,APRIL,DANE,FITCHBURG CITY WARDS 6 - 8,SPRING GENERAL,JUSTICE OF THE SUPREME COURT,NONPARTISAN,SCATTERING,1108,10
2001,APRIL,DANE,FITCHBURG CITY WARDS 9 & 10,SPRING GENERAL,JUSTICE OF THE SUPREME COURT,NONPARTISAN,"DAVID T PROSSER, JR.",370,370
2001,APRIL,DANE,FITCHBURG CITY WARDS 9 & 10,SPRING GENERAL,JUSTICE OF THE SUPREME COURT,NONPARTISAN,SCATTERING,370,0
2001,APRIL,DANE,MADISON CITY WARD 1,SPRING GENERAL,JUSTICE OF THE SUPREME COURT,NONPARTISAN,"DAVID T PROSSER, JR.",360,356
2001,APRIL,DANE,MADISON CITY WARD 1,SPRING GENERAL,JUSTICE OF THE SUPREME COURT,NONPARTISAN,SCATTERING,360,4
2001,APRIL,DANE,MADISON CITY WARD 2,SPRING GENERAL,JUSTICE OF THE SUPREME COURT,NONPARTISAN,"DAVID T PROSSER, JR.",558,552
2001,APRIL,DANE,MADISON CITY WARD 2,SPRING GENERAL,JUSTICE OF THE SUPREME COURT,NONPARTISAN,SCATTERING,558,6
2001,APRIL,DANE,MADISON CITY WARD 3,SPRING GENERAL,JUSTICE OF THE SUPREME COURT,NONPARTISAN,"DAVID T PROSSER, JR.",554,548
2001,APRIL,DANE,MADISON CITY WARD 3,SPRING GENERAL,JUSTICE OF THE SUPREME COURT,NONPARTISAN,SCATTERING,554,6
2001,APRIL,DANE,MADISON CITY WARD 4,SPRING GENERAL,JUSTICE OF THE SUPREME COURT,NONPARTISAN,"DAVID T PROSSER, JR.",408,403
2001,APRIL,DANE,MADISON CITY WARD 4,SPRING GENERAL,JUSTICE OF THE SUPREME COURT,NONPARTISAN,SCATTERING,408,5
2001,APRIL,DANE,MADISON CITY WARD 5,SPRING GENERAL,JUSTICE OF THE SUPREME COURT,NONPARTISAN,"DAVID T PROSSER, JR.",552,547
2001,APRIL,DANE,MADISON CITY WARD 5,SPRING GENERAL,JUSTICE OF THE SUPREME COURT,NONPARTISAN,SCATTERING,552,5
2001,APRIL,DANE,MADISON CITY WARD 6,SPRING GENERAL,JUSTICE OF THE SUPREME COURT,NONPARTISAN,"DAVID T PROSSER, JR.",256,248
2001,APRIL,DANE,MADISON CITY WARD 6,SPRING GENERAL,JUSTICE OF THE SUPREME COURT,NONPARTISAN,SCATTERING,256,8
2001,APRIL,DANE,MADISON CITY WARD 7,SPRING GENERAL,JUSTICE OF THE SUPREME COURT,NONPARTISAN,"DAVID T PROSSER, JR.",404,403
2001,APRIL,DANE,MADISON CITY WARD 7,SPRING GENERAL,JUSTICE OF THE SUPREME COURT,NONPARTISAN,SCATTERING,404,1
2001,APRIL,DANE,MADISON CITY WARD 8,SPRING GENERAL,JUSTICE OF THE SUPREME COURT,NONPARTISAN,"DAVID T PROSSER, JR.",413,413
2001,APRIL,DANE,MADISON CITY WARD 8,SPRING GENERAL,JUSTICE OF THE SUPREME COURT,NONPARTISAN,SCATTERING,413,0
2001,APRIL,DANE,MADISON CITY WARD 9,SPRING GENERAL,JUSTICE OF THE SUPREME COURT,NONPARTISAN,"DAVID T PROSSER, JR.",180,176
2001,APRIL,DANE,MADISON CITY WARD 9,SPRING GENERAL,JUSTICE OF THE SUPREME COURT,NONPARTISAN,SCATTERING,180,4
2001,APRIL,DANE,MADISON CITY WARD 10,SPRING GENERAL,JUSTICE OF THE SUPREME COURT,NONPARTISAN,"DAVID T PROSSER, JR.",346,342
2001,APRIL,DANE,MADISON CITY WARD 10,SPRING GENERAL,JUSTICE OF THE SUPREME COURT,NONPARTISAN,SCATTERING,346,4
2001,APRIL,DANE,MADISON CITY WARD 11,SPRING GENERAL,JUSTICE OF THE SUPREME COURT,NONPARTISAN,"DAVID T PROSSER, JR.",508,506
2001,APRIL,DANE,MADISON CITY WARD 11,SPRING GENERAL,JUSTICE OF THE SUPREME COURT,NONPARTISAN,SCATTERING,508,2
2001,APRIL,DANE,MADISON CITY WARD 12,SPRING GENERAL,JUSTICE OF THE SUPREME COURT,NONPARTISAN,"DAVID T PROSSER, JR.",223,221
2001,APRIL,DANE,MADISON CITY WARD 12,SPRING GENERAL,JUSTICE OF THE SUPREME COURT,NONPARTISAN,SCATTERING,223,2
2001,APRIL,DANE,MADISON CITY WARD 13,SPRING GENERAL,JUSTICE OF THE SUPREME COURT,NONPARTISAN,"DAVID T PROSSER, JR.",127,126
2001,APRIL,DANE,MADISON CITY WARD 13,SPRING GENERAL,JUSTICE OF THE SUPREME COURT,NONPARTISAN,SCATTERING,127,1
2001,APRIL,DANE,MADISON CITY WARD 14,SPRING GENERAL,JUSTICE OF THE SUPREME COURT,NONPARTISAN,"DAVID T PROSSER, JR.",319,309
2001,APRIL,DANE,MADISON CITY WARD 14,SPRING GENERAL,JUSTICE OF THE SUPREME COURT,NONPARTISAN,SCATTERING,319,10
2001,APRIL,DANE,MADISON CITY WARD 15,SPRING GENERAL,JUSTICE OF THE SUPREME COURT,NONPARTISAN,"DAVID T PROSSER, JR.",372,371
2001,APRIL,DANE,MADISON CITY WARD 15,SPRING GENERAL,JUSTICE OF THE SUPREME COURT,NONPARTISAN,SCATTERING,372,1
2001,APRIL,DANE,MADISON CITY WARD 16,SPRING GENERAL,JUSTICE OF THE SUPREME COURT,NONPARTISAN,"DAVID T PROSSER, JR.",555,553
2001,APRIL,DANE,MADISON CITY WARD 16,SPRING GENERAL,JUSTICE OF THE SUPREME COURT,NONPARTISAN,SCATTERING,555,2
2001,APRIL,DANE,MADISON CITY WARD 17,SPRING GENERAL,JUSTICE OF THE SUPREME COURT,NONPARTISAN,"DAVID T PROSSER, JR.",223,219
2001,APRIL,DANE,MADISON CITY WARD 17,SPRING GENERAL,JUSTICE OF THE SUPREME COURT,NONPARTISAN,SCATTERING,223,4
2001,APRIL,DANE,MADISON CITY WARD 18,SPRING GENERAL,JUSTICE OF THE SUPREME COURT,NONPARTISAN,"DAVID T PROSSER, JR.",331,329
2001,APRIL,DANE,MADISON CITY WARD 18,SPRING GENERAL,JUSTICE OF THE SUPREME COURT,NONPARTISAN,SCATTERING,331,2
2001,APRIL,DANE,MADISON CITY WARD 19,SPRING GENERAL,JUSTICE OF THE SUPREME COURT,NONPARTISAN,"DAVID T PROSSER, JR.",730,720
2001,APRIL,DANE,MADISON CITY WARD 19,SPRING GENERAL,JUSTICE OF THE SUPREME COURT,NONPARTISAN,SCATTERING,730,10
2001,APRIL,DANE,MADISON CITY WARD 20,SPRING GENERAL,JUSTICE OF THE SUPREME COURT,NONPARTISAN,"DAVID T PROSSER, JR.",518,505
2001,APRIL,DANE,MADISON CITY WARD 20,SPRING GENERAL,JUSTICE OF THE SUPREME COURT,NONPARTISAN,SCATTERING,518,13
2001,APRIL,DANE,MADISON CITY WARD 21,SPRING GENERAL,JUSTICE OF THE SUPREME COURT,NONPARTISAN,"DAVID T PROSSER, JR.",467,445
2001,APRIL,DANE,MADISON CITY WARD 21,SPRING GENERAL,JUSTICE OF THE SUPREME COURT,NONPARTISAN,SCATTERING,467,22
2001,APRIL,DANE,MADISON CITY WARD 22,SPRING GENERAL,JUSTICE OF THE SUPREME COURT,NONPARTISAN,"DAVID T PROSSER, JR.",245,233
2001,APRIL,DANE,MADISON CITY WARD 22,SPRING GENERAL,JUSTICE OF THE SUPREME COURT,NONPARTISAN,SCATTERING,245,12
2001,APRIL,DANE,MADISON CITY WARD 23,SPRING GENERAL,JUSTICE OF THE SUPREME COURT,NONPARTISAN,"DAVID T PROSSER, JR.",57,55
2001,APRIL,DANE,MADISON CITY WARD 23,SPRING GENERAL,JUSTICE OF THE SUPREME COURT,NONPARTISAN,SCATTERING,57,2
2001,APRIL,DANE,MADISON CITY WARD 24,SPRING GENERAL,JUSTICE OF THE SUPREME COURT,NONPARTISAN,"DAVID T PROSSER, JR.",383,372
2001,APRIL,DANE,MADISON CITY WARD 24,SPRING GENERAL,JUSTICE OF THE SUPREME COURT,NONPARTISAN,SCATTERING,383,11
2001,APRIL,DANE,MADISON CITY WARD 25,SPRING GENERAL,JUSTICE OF THE SUPREME COURT,NONPARTISAN,"DAVID T PROSSER, JR.",426,411
2001,APRIL,DANE,MADISON CITY WARD 25,SPRING GENERAL,JUSTICE OF THE SUPREME COURT,NONPARTISAN,SCATTERING,426,15
2001,APRIL,DANE,MADISON CITY WARD 26,SPRING GENERAL,JUSTICE OF THE SUPREME COURT,NONPARTISAN,"DAVID T PROSSER, JR.",256,243
2001,APRIL,DANE,MADISON CITY WARD 26,SPRING GENERAL,JUSTICE OF THE SUPREME COURT,NONPARTISAN,SCATTERING,256,13
2001,APRIL,DANE,MADISON CITY WARD 27,SPRING GENERAL,JUSTICE OF THE SUPREME COURT,NONPARTISAN,"DAVID T PROSSER, JR.",128,118
2001,APRIL,DANE,MADISON CITY WARD 27,SPRING GENERAL,JUSTICE OF THE SUPREME COURT,NONPARTISAN,SCATTERING,128,10
2001,APRIL,DANE,MADISON CITY WARD 28,SPRING GENERAL,JUSTICE OF THE SUPREME COURT,NONPARTISAN,"DAVID T PROSSER, JR.",196,191
2001,APRIL,DANE,MADISON CITY WARD 28,SPRING GENERAL,JUSTICE OF THE SUPREME COURT,NONPARTISAN,SCATTERING,196,5
2001,APRIL,DANE,MADISON CITY WARD 29,SPRING GENERAL,JUSTICE OF THE SUPREME COURT,NONPARTISAN,"DAVID T PROSSER, JR.",187,174
2001,APRIL,DANE,MADISON CITY WARD 29,SPRING GENERAL,JUSTICE OF THE SUPREME COURT,NONPARTISAN,SCATTERING,187,13
2001,APRIL,DANE,MADISON CITY WARD 30,SPRING GENERAL,JUSTICE OF THE SUPREME COURT,NONPARTISAN,"DAVID T PROSSER, JR.",262,245
2001,APRIL,DANE,MADISON CITY WARD 30,SPRING GENERAL,JUSTICE OF THE SUPREME COURT,NONPARTISAN,SCATTERING,262,17
2001,APRIL,DANE,MADISON CITY WARD 31,SPRING GENERAL,JUSTICE OF THE SUPREME COURT,NONPARTISAN,"DAVID T PROSSER, JR.",149,140
2001,APRIL,DANE,MADISON CITY WARD 31,SPRING GENERAL,JUSTICE OF THE SUPREME COURT,NONPARTISAN,SCATTERING,149,9
2001,APRIL,DANE,MADISON CITY WARD 32,SPRING GENERAL,JUSTICE OF THE SUPREME COURT,NONPARTISAN,"DAVID T PROSSER, JR.",180,168
2001,APRIL,DANE,MADISON CITY WARD 32,SPRING GENERAL,JUSTICE OF THE SUPREME COURT,NONPARTISAN,SCATTERING,180,12
2001,APRIL,DANE,MADISON CITY WARD 33,SPRING GENERAL,JUSTICE OF THE SUPREME COURT,NONPARTISAN,"DAVID T PROSSER, JR.",163,157
2001,APRIL,DANE,MADISON CITY WARD 33,SPRING GENERAL,JUSTICE OF THE SUPREME COURT,NONPARTISAN,SCATTERING,163,6
2001,APRIL,DANE,MADISON CITY WARD 34,SPRING GENERAL,JUSTICE OF THE SUPREME COURT,NONPARTISAN,"DAVID T PROSSER, JR.",397,382
2001,APRIL,DANE,MADISON CITY WARD 34,SPRING GENERAL,JUSTICE OF THE SUPREME COURT,NONPARTISAN,SCATTERING,397,15
2001,APRIL,DANE,MADISON CITY WARD 35,SPRING GENERAL,JUSTICE OF THE SUPREME COURT,NONPARTISAN,"DAVID T PROSSER, JR.",373,359
2001,APRIL,DANE,MADISON CITY WARD 35,SPRING GENERAL,JUSTICE OF THE SUPREME COURT,NONPARTISAN,SCATTERING,373,14
2001,APRIL,DANE,MADISON CITY WARD 36,SPRING GENERAL,JUSTICE OF THE SUPREME COURT,NONPARTISAN,"DAVID T PROSSER, JR.",71,71
2001,APRIL,DANE,MADISON CITY WARD 36,SPRING GENERAL,JUSTICE OF THE SUPREME COURT,NONPARTISAN,SCATTERING,71,0
2001,APRIL,DANE,MADISON CITY WARD 37,SPRING GENERAL,JUSTICE OF THE SUPREME COURT,NONPARTISAN,"DAVID T PROSSER, JR.",179,179
2001,APRIL,DANE,MADISON CITY WARD 37,SPRING GENERAL,JUSTICE OF THE SUPREME COURT,NONPARTISAN,SCATTERING,179,0
2001,APRIL,DANE,MADISON CITY WARD 38,SPRING GENERAL,JUSTICE OF THE SUPREME COURT,NONPARTISAN,"DAVID T PROSSER, JR.",225,223
2001,APRIL,DANE,MADISON CITY WARD 38,SPRING GENERAL,JUSTICE OF THE SUPREME COURT,NONPARTISAN,SCATTERING,225,2
2001,APRIL,DANE,MADISON CITY WARD 39,SPRING GENERAL,JUSTICE OF THE SUPREME COURT,NONPARTISAN,"DAVID T PROSSER, JR.",70,68
2001,APRIL,DANE,MADISON CITY WARD 39,SPRING GENERAL,JUSTICE OF THE SUPREME COURT,NONPARTISAN,SCATTERING,70,2
2001,APRIL,DANE,MADISON CITY WARD 40,SPRING GENERAL,JUSTICE OF THE SUPREME COURT,NONPARTISAN,"DAVID T PROSSER, JR.",265,265
2001,APRIL,DANE,MADISON CITY WARD 40,SPRING GENERAL,JUSTICE OF THE SUPREME COURT,NONPARTISAN,SCATTERING,265,0
2001,APRIL,DANE,MADISON CITY WARD 41,SPRING GENERAL,JUSTICE OF THE SUPREME COURT,NONPARTISAN,"DAVID T PROSSER, JR.",127,118
2001,APRIL,DANE,MADISON CITY WARD 41,SPRING GENERAL,JUSTICE OF THE SUPREME COURT,NONPARTISAN,SCATTERING,127,9
2001,APRIL,DANE,MADISON CITY WARD 42,SPRING GENERAL,JUSTICE OF THE SUPREME COURT,NONPARTISAN,"DAVID T PROSSER, JR.",197,193
2001,APRIL,DANE,MADISON CITY WARD 42,SPRING GENERAL,JUSTICE OF THE SUPREME COURT,NONPARTISAN,SCATTERING,197,4
2001,APRIL,DANE,MADISON CITY WARD 43,SPRING GENERAL,JUSTICE OF THE SUPREME COURT,NONPARTISAN,"DAVID T PROSSER, JR.",69,68
2001,APRIL,DANE,MADISON CITY WARD 43,SPRING GENERAL,JUSTICE OF THE SUPREME COURT,NONPARTISAN,SCATTERING,69,1
2001,APRIL,DANE,MADISON CITY WARD 44,SPRING GENERAL,JUSTICE OF THE SUPREME COURT,NONPARTISAN,"DAVID T PROSSER, JR.",528,513
2001,APRIL,DANE,MADISON CITY WARD 44,SPRING GENERAL,JUSTICE OF THE SUPREME COURT,NONPARTISAN,SCATTERING,528,15
2001,APRIL,DANE,MADISON CITY WARD 45,SPRING GENERAL,JUSTICE OF THE SUPREME COURT,NONPARTISAN,"DAVID T PROSSER, JR.",523,512
2001,APRIL,DANE,MADISON CITY WARD 45,SPRING GENERAL,JUSTICE OF THE SUPREME COURT,NONPARTISAN,SCATTERING,523,11
2001,APRIL,DANE,MADISON CITY WARD 46,SPRING GENERAL,JUSTICE OF THE SUPREME COURT,NONPARTISAN,"DAVID T PROSSER, JR.",412,404
2001,APRIL,DANE,MADISON CITY WARD 46,SPRING GENERAL,JUSTICE OF THE SUPREME COURT,NONPARTISAN,SCATTERING,412,8
2001,APRIL,DANE,MADISON CITY WARD 47,SPRING GENERAL,JUSTICE OF THE SUPREME COURT,NONPARTISAN,"DAVID T PROSSER, JR.",493,487
2001,APRIL,DANE,MADISON CITY WARD 47,SPRING GENERAL,JUSTICE OF THE SUPREME COURT,NONPARTISAN,SCATTERING,493,6
2001,APRIL,DANE,MADISON CITY WARD 48,SPRING GENERAL,JUSTICE OF THE SUPREME COURT,NONPARTISAN,"DAVID T PROSSER, JR.",678,671
2001,APRIL,DANE,MADISON CITY WARD 48,SPRING GENERAL,JUSTICE OF THE SUPREME COURT,NONPARTISAN,SCATTERING,678,7
2001,APRIL,DANE,MADISON CITY WARD 49,SPRING GENERAL,JUSTICE OF THE SUPREME COURT,NONPARTISAN,"DAVID T PROSSER, JR.",438,435
2001,APRIL,DANE,MADISON CITY WARD 49,SPRING GENERAL,JUSTICE OF THE SUPREME COURT,NONPARTISAN,SCATTERING,438,3
2001,APRIL,DANE,MADISON CITY WARD 50,SPRING GENERAL,JUSTICE OF THE SUPREME COURT,NONPARTISAN,"DAVID T PROSSER, JR.",392,388
2001,APRIL,DANE,MADISON CITY WARD 50,SPRING GENERAL,JUSTICE OF THE SUPREME COURT,NONPARTISAN,SCATTERING,392,4
2001,APRIL,DANE,MADISON CITY WARD 51,SPRING GENERAL,JUSTICE OF THE SUPREME COURT,NONPARTISAN,"DAVID T PROSSER, JR.",449,442
2001,APRIL,DANE,MADISON CITY WARD 51,SPRING GENERAL,JUSTICE OF THE SUPREME COURT,NONPARTISAN,SCATTERING,449,7
2001,APRIL,DANE,MADISON CITY WARD 52,SPRING GENERAL,JUSTICE OF THE SUPREME COURT,NONPARTISAN,"DAVID T PROSSER, JR.",698,692
2001,APRIL,DANE,MADISON CITY WARD 52,SPRING GENERAL,JUSTICE OF THE SUPREME COURT,NONPARTISAN,SCATTERING,698,6
2001,APRIL,DANE,MADISON CITY WARD 53,SPRING GENERAL,JUSTICE OF THE SUPREME COURT,NONPARTISAN,"DAVID T PROSSER, JR.",96,94
2001,APRIL,DANE,MADISON CITY WARD 53,SPRING GENERAL,JUSTICE OF THE SUPREME COURT,NONPARTISAN,SCATTERING,96,2
2001,APRIL,DANE,MADISON CITY WARD 54,SPRING GENERAL,JUSTICE OF THE SUPREME COURT,NONPARTISAN,"DAVID T PROSSER, JR.",450,445
2001,APRIL,DANE,MADISON CITY WARD 54,SPRING GENERAL,JUSTICE OF THE SUPREME COURT,NONPARTISAN,SCATTERING,450,5
2001,APRIL,DANE,MADISON CITY WARD 55,SPRING GENERAL,JUSTICE OF THE SUPREME COURT,NONPARTISAN,"DAVID T PROSSER, JR.",574,566
2001,APRIL,DANE,MADISON CITY WARD 55,SPRING GENERAL,JUSTICE OF THE SUPREME COURT,NONPARTISAN,SCATTERING,574,8
2001,APRIL,DANE,MADISON CITY WARD 56,SPRING GENERAL,JUSTICE OF THE SUPREME COURT,NONPARTISAN,"DAVID T PROSSER, JR.",828,823
2001,APRIL,DANE,MADISON CITY WARD 56,SPRING GENERAL,JUSTICE OF THE SUPREME COURT,NONPARTISAN,SCATTERING,828,5
2001,APRIL,DANE,MADISON CITY WARD 57,SPRING GENERAL,JUSTICE OF THE SUPREME COURT,NONPARTISAN,"DAVID T PROSSER, JR.",540,538
2001,APRIL,DANE,MADISON CITY WARD 57,SPRING GENERAL,JUSTICE OF THE SUPREME COURT,NONPARTISAN,SCATTERING,540,2
2001,APRIL,DANE,MADISON CITY WARD 58,SPRING GENERAL,JUSTICE OF THE SUPREME COURT,NONPARTISAN,"DAVID T PROSSER, JR.",647,644
2001,APRIL,DANE,MADISON CITY WARD 58,SPRING GENERAL,JUSTICE OF THE SUPREME COURT,NONPARTISAN,SCATTERING,647,3
2001,APRIL,DANE,MADISON CITY WARD 59,SPRING GENERAL,JUSTICE OF THE SUPREME COURT,NONPARTISAN,"DAVID T PROSSER, JR.",562,558
2001,APRIL,DANE,MADISON CITY WARD 59,SPRING GENERAL,JUSTICE OF THE SUPREME COURT,NONPARTISAN,SCATTERING,562,4
2001,APRIL,DANE,MADISON CITY WARD 60,SPRING GENERAL,JUSTICE OF THE SUPREME COURT,NONPARTISAN,"DAVID T PROSSER, JR.",54,54
2001,APRIL,DANE,MADISON CITY WARD 60,SPRING GENERAL,JUSTICE OF THE SUPREME COURT,NONPARTISAN,SCATTERING,54,0
2001,APRIL,DANE,MADISON CITY WARD 61,SPRING GENERAL,JUSTICE OF THE SUPREME COURT,NONPARTISAN,"DAVID T PROSSER, JR.",276,272
2001,APRIL,DANE,MADISON CITY WARD 61,SPRING GENERAL,JUSTICE OF THE SUPREME COURT,NONPARTISAN,SCATTERING,276,4
2001,APRIL,DANE,MADISON CITY WARD 62,SPRING GENERAL,JUSTICE OF THE SUPREME COURT,NONPARTISAN,"DAVID T PROSSER, JR.",94,93
2001,APRIL,DANE,MADISON CITY WARD 62,SPRING GENERAL,JUSTICE OF THE SUPREME COURT,NONPARTISAN,SCATTERING,94,1
2001,APRIL,DANE,MADISON CITY WARD 63,SPRING GENERAL,JUSTICE OF THE SUPREME COURT,NONPARTISAN,"DAVID T PROSSER, JR.",491,488
2001,APRIL,DANE,MADISON CITY WARD 63,SPRING GENERAL,JUSTICE OF THE SUPREME COURT,NONPARTISAN,SCATTERING,491,3
2001,APRIL,DANE,MADISON CITY WARD 64,SPRING GENERAL,JUSTICE OF THE SUPREME COURT,NONPARTISAN,"DAVID T PROSSER, JR.",419,414
2001,APRIL,DANE,MADISON CITY WARD 64,SPRING GENERAL,JUSTICE OF THE SUPREME COURT,NONPARTISAN,SCATTERING,419,5
2001,APRIL,DANE,MADISON CITY WARD 65,SPRING GENERAL,JUSTICE OF THE SUPREME COURT,NONPARTISAN,"DAVID T PROSSER, JR.",213,211
2001,APRIL,DANE,MADISON CITY WARD 65,SPRING GENERAL,JUSTICE OF THE SUPREME COURT,NONPARTISAN,SCATTERING,213,2
2001,APRIL,DANE,MADISON CITY WARD 66,SPRING GENERAL,JUSTICE OF THE SUPREME COURT,NONPARTISAN,"DAVID T PROSSER, JR.",309,308
2001,APRIL,DANE,MADISON CITY WARD 66,SPRING GENERAL,JUSTICE OF THE SUPREME COURT,NONPARTISAN,SCATTERING,309,1
2001,APRIL,DANE,MADISON CITY WARD 67,SPRING GENERAL,JUSTICE OF THE SUPREME COURT,NONPARTISAN,"DAVID T PROSSER, JR.",493,490
2001,APRIL,DANE,MADISON CITY WARD 67,SPRING GENERAL,JUSTICE OF THE SUPREME COURT,NONPARTISAN,SCATTERING,493,3
2001,APRIL,DANE,MADISON CITY WARD 68,SPRING GENERAL,JUSTICE OF THE SUPREME COURT,NONPARTISAN,"DAVID T PROSSER, JR.",459,458
2001,APRIL,DANE,MADISON CITY WARD 68,SPRING GENERAL,JUSTICE OF THE SUPREME COURT,NONPARTISAN,SCATTERING,459,1
2001,APRIL,DANE,MADISON CITY WARD 69,SPRING GENERAL,JUSTICE OF THE SUPREME COURT,NONPARTISAN,"DAVID T PROSSER, JR.",0,0
2001,APRIL,DANE,MADISON CITY WARD 69,SPRING GENERAL,JUSTICE OF THE SUPREME COURT,NONPARTISAN,SCATTERING,0,0
2001,APRIL,DANE,MADISON CITY WARD 70,SPRING GENERAL,JUSTICE OF THE SUPREME COURT,NONPARTISAN,"DAVID T PROSSER, JR.",0,0
2001,APRIL,DANE,MADISON CITY WARD 70,SPRING GENERAL,JUSTICE OF THE SUPREME COURT,NONPARTISAN,SCATTERING,0,0
2001,APRIL,DANE,MADISON CITY WARD 71,SPRING GENERAL,JUSTICE OF THE SUPREME COURT,NONPARTISAN,"DAVID T PROSSER, JR.",1,1
2001,APRIL,DANE,MADISON CITY WARD 71,SPRING GENERAL,JUSTICE OF THE SUPREME COURT,NONPARTISAN,SCATTERING,1,0
2001,APRIL,DANE,MADISON CITY WARD 72,SPRING GENERAL,JUSTICE OF THE SUPREME COURT,NONPARTISAN,"DAVID T PROSSER, JR.",0,0
2001,APRIL,DANE,MADISON CITY WARD 72,SPRING GENERAL,JUSTICE OF THE SUPREME COURT,NONPARTISAN,SCATTERING,0,0
2001,APRIL,DANE,MADISON CITY WARD 73,SPRING GENERAL,JUSTICE OF THE SUPREME COURT,NONPARTISAN,"DAVID T PROSSER, JR.",0,0
2001,APRIL,DANE,MADISON CITY WARD 73,SPRING GENERAL,JUSTICE OF THE SUPREME COURT,NONPARTISAN,SCATTERING,0,0
2001,APRIL,DANE,MADISON CITY WARD 74,SPRING GENERAL,JUSTICE OF THE SUPREME COURT,NONPARTISAN,"DAVID T PROSSER, JR.",26,26
2001,APRIL,DANE,MADISON CITY WARD 74,SPRING GENERAL,JUSTICE OF THE SUPREME COURT,NONPARTISAN,SCATTERING,26,0
2001,APRIL,DANE,MADISON CITY WARD 75,SPRING GENERAL,JUSTICE OF THE SUPREME COURT,NONPARTISAN,"DAVID T PROSSER, JR.",0,0
2001,APRIL,DANE,MADISON CITY WARD 75,SPRING GENERAL,JUSTICE OF THE SUPREME COURT,NONPARTISAN,SCATTERING,0,0
2001,APRIL,DANE,MADISON CITY WARD 76,SPRING GENERAL,JUSTICE OF THE SUPREME COURT,NONPARTISAN,"DAVID T PROSSER, JR.",0,0
2001,APRIL,DANE,MADISON CITY WARD 76,SPRING GENERAL,JUSTICE OF THE SUPREME COURT,NONPARTISAN,SCATTERING,0,0
2001,APRIL,DANE,MADISON CITY WARD 77,SPRING GENERAL,JUSTICE OF THE SUPREME COURT,NONPARTISAN,"DAVID T PROSSER, JR.",47,46
2001,APRIL,DANE,MADISON CITY WARD 77,SPRING GENERAL,JUSTICE OF THE SUPREME COURT,NONPARTISAN,SCATTERING,47,1
2001,APRIL,DANE,MADISON CITY WARD 78,SPRING GENERAL,JUSTICE OF THE SUPREME COURT,NONPARTISAN,"DAVID T PROSSER, JR.",5,5
2001,APRIL,DANE,MADISON CITY WARD 78,SPRING GENERAL,JUSTICE OF THE SUPREME COURT,NONPARTISAN,SCATTERING,5,0
2001,APRIL,DANE,MADISON CITY WARD 79,SPRING GENERAL,JUSTICE OF THE SUPREME COURT,NONPARTISAN,"DAVID T PROSSER, JR.",0,0
2001,APRIL,DANE,MADISON CITY WARD 79,SPRING GENERAL,JUSTICE OF THE SUPREME COURT,NONPARTISAN,SCATTERING,0,0
2001,APRIL,DANE,MADISON CITY WARD 80,SPRING GENERAL,JUSTICE OF THE SUPREME COURT,NONPARTISAN,"DAVID T PROSSER, JR.",2,2
2001,APRIL,DANE,MADISON CITY WARD 80,SPRING GENERAL,JUSTICE OF THE SUPREME COURT,NONPARTISAN,SCATTERING,2,0
2001,APRIL,DANE,MADISON CITY WARD 81,SPRING GENERAL,JUSTICE OF THE SUPREME COURT,NONPARTISAN,"DAVID T PROSSER, JR.",12,12
2001,APRIL,DANE,MADISON CITY WARD 81,SPRING GENERAL,JUSTICE OF THE SUPREME COURT,NONPARTISAN,SCATTERING,12,0
2001,APRIL,DANE,MADISON CITY WARD 82,SPRING GENERAL,JUSTICE OF THE SUPREME COURT,NONPARTISAN,"DAVID T PROSSER, JR.",33,33
2001,APRIL,DANE,MADISON CITY WARD 82,SPRING GENERAL,JUSTICE OF THE SUPREME COURT,NONPARTISAN,SCATTERING,33,0
2001,APRIL,DANE,MADISON CITY WARD 83,SPRING GENERAL,JUSTICE OF THE SUPREME COURT,NONPARTISAN,"DAVID T PROSSER, JR.",1,1
2001,APRIL,DANE,MADISON CITY WARD 83,SPRING GENERAL,JUSTICE OF THE SUPREME COURT,NONPARTISAN,SCATTERING,1,0
2001,APRIL,DANE,MADISON CITY WARD 84,SPRING GENERAL,JUSTICE OF THE SUPREME COURT,NONPARTISAN,"DAVID T PROSSER, JR.",14,14
2001,APRIL,DANE,MADISON CITY WARD 84,SPRING GENERAL,JUSTICE OF THE SUPREME COURT,NONPARTISAN,SCATTERING,14,0
2001,APRIL,DANE,MADISON CITY WARD 85,SPRING GENERAL,JUSTICE OF THE SUPREME COURT,NONPARTISAN,"DAVID T PROSSER, JR.",0,0
2001,APRIL,DANE,MADISON CITY WARD 85,SPRING GENERAL,JUSTICE OF THE SUPREME COURT,NONPARTISAN,SCATTERING,0,0
2001,APRIL,DANE,MADISON CITY WARD 86,SPRING GENERAL,JUSTICE OF THE SUPREME COURT,NONPARTISAN,"DAVID T PROSSER, JR.",0,0
2001,APRIL,DANE,MADISON CITY WARD 86,SPRING GENERAL,JUSTICE OF THE SUPREME COURT,NONPARTISAN,SCATTERING,0,0
2001,APRIL,DANE,MADISON CITY WARD 87,SPRING GENERAL,JUSTICE OF THE SUPREME COURT,NONPARTISAN,"DAVID T PROSSER, JR.",0,0
2001,APRIL,DANE,MADISON CITY WARD 87,SPRING GENERAL,JUSTICE OF THE SUPREME COURT,NONPARTISAN,SCATTERING,0,0
2001,APRIL,DANE,MADISON CITY WARD 88,SPRING GENERAL,JUSTICE OF THE SUPREME COURT,NONPARTISAN,"DAVID T PROSSER, JR.",0,0
2001,APRIL,DANE,MADISON CITY WARD 88,SPRING GENERAL,JUSTICE OF THE SUPREME COURT,NONPARTISAN,SCATTERING,0,0
2001,APRIL,DANE,MADISON CITY WARD 89,SPRING GENERAL,JUSTICE OF THE SUPREME COURT,NONPARTISAN,"DAVID T PROSSER, JR.",33,33
2001,APRIL,DANE,MADISON CITY WARD 89,SPRING GENERAL,JUSTICE OF THE SUPREME COURT,NONPARTISAN,SCATTERING,33,0
2001,APRIL,DANE,MADISON CITY WARD 90,SPRING GENERAL,JUSTICE OF THE SUPREME COURT,NONPARTISAN,"DAVID T PROSSER, JR.",20,20
2001,APRIL,DANE,MADISON CITY WARD 90,SPRING GENERAL,JUSTICE OF THE SUPREME COURT,NONPARTISAN,SCATTERING,20,0
2001,APRIL,DANE,MADISON CITY WARD 91,SPRING GENERAL,JUSTICE OF THE SUPREME COURT,NONPARTISAN,"DAVID T PROSSER, JR.",10,10
2001,APRIL,DANE,MADISON CITY WARD 91,SPRING GENERAL,JUSTICE OF THE SUPREME COURT,NONPARTISAN,SCATTERING,10,0
2001,APRIL,DANE,MADISON CITY WARD 92,SPRING GENERAL,JUSTICE OF THE SUPREME COURT,NONPARTISAN,"DAVID T PROSSER, JR.",0,0
2001,APRIL,DANE,MADISON CITY WARD 92,SPRING GENERAL,JUSTICE OF THE SUPREME COURT,NONPARTISAN,SCATTERING,0,0
2001,APRIL,DANE,MADISON CITY WARD 93,SPRING GENERAL,JUSTICE OF THE SUPREME COURT,NONPARTISAN,"DAVID T PROSSER, JR.",1,1
2001,APRIL,DANE,MADISON CITY WARD 93,SPRING GENERAL,JUSTICE OF THE SUPREME COURT,NONPARTISAN,SCATTERING,1,0
2001,APRIL,DANE,MADISON CITY WARD 94,SPRING GENERAL,JUSTICE OF THE SUPREME COURT,NONPARTISAN,"DAVID T PROSSER, JR.",0,0
2001,APRIL,DANE,MADISON CITY WARD 94,SPRING GENERAL,JUSTICE OF THE SUPREME COURT,NONPARTISAN,SCATTERING,0,0
2001,APRIL,DANE,MADISON CITY WARD 95,SPRING GENERAL,JUSTICE OF THE SUPREME COURT,NONPARTISAN,"DAVID T PROSSER, JR.",0,0
2001,APRIL,DANE,MADISON CITY WARD 95,SPRING GENERAL,JUSTICE OF THE SUPREME COURT,NONPARTISAN,SCATTERING,0,0
2001,APRIL,DANE,MIDDLETON CITY WARDS 1 & 11,SPRING GENERAL,JUSTICE OF THE SUPREME COURT,NONPARTISAN,"DAVID T PROSSER, JR.",188,187
2001,APRIL,DANE,MIDDLETON CITY WARDS 1 & 11,SPRING GENERAL,JUSTICE OF THE SUPREME COURT,NONPARTISAN,SCATTERING,188,1
2001,APRIL,DANE,"MIDDLETON CITY WARDS 2, 4, 6, 8 - 10",SPRING GENERAL,JUSTICE OF THE SUPREME COURT,NONPARTISAN,"DAVID T PROSSER, JR.",724,716
2001,APRIL,DANE,"MIDDLETON CITY WARDS 2, 4, 6, 8 - 10",SPRING GENERAL,JUSTICE OF THE SUPREME COURT,NONPARTISAN,SCATTERING,724,8
2001,APRIL,DANE,MIDDLETON CITY WARD 3,SPRING GENERAL,JUSTICE OF THE SUPREME COURT,NONPARTISAN,"DAVID T PROSSER, JR.",371,364
2001,APRIL,DANE,MIDDLETON CITY WARD 3,SPRING GENERAL,JUSTICE OF THE SUPREME COURT,NONPARTISAN,SCATTERING,371,7
2001,APRIL,DANE,MIDDLETON CITY WARD 5,SPRING GENERAL,JUSTICE OF THE SUPREME COURT,NONPARTISAN,"DAVID T PROSSER, JR.",140,140
2001,APRIL,DANE,MIDDLETON CITY WARD 5,SPRING GENERAL,JUSTICE OF THE SUPREME COURT,NONPARTISAN,SCATTERING,140,0
2001,APRIL,DANE,MIDDLETON CITY WARD 7,SPRING GENERAL,JUSTICE OF THE SUPREME COURT,NONPARTISAN,"DAVID T PROSSER, JR.",183,183
2001,APRIL,DANE,MIDDLETON CITY WARD 7,SPRING GENERAL,JUSTICE OF THE SUPREME COURT,NONPARTISAN,SCATTERING,183,0
2001,APRIL,DANE,MONONA CITY WARDS 1 - 5,SPRING GENERAL,JUSTICE OF THE SUPREME COURT,NONPARTISAN,"DAVID T PROSSER, JR.",767,764
2001,APRIL,DANE,MONONA CITY WARDS 1 - 5,SPRING GENERAL,JUSTICE OF THE SUPREME COURT,NONPARTISAN,SCATTERING,767,3
2001,APRIL,DANE,MONONA CITY WARDS 6 - 10,SPRING GENERAL,JUSTICE OF THE SUPREME COURT,NONPARTISAN,"DAVID T PROSSER, JR.",524,521
2001,APRIL,DANE,MONONA CITY WARDS 6 - 10,SPRING GENERAL,JUSTICE OF THE SUPREME COURT,NONPARTISAN,SCATTERING,524,3
2001,APRIL,DANE,STOUGHTON CITY WARDS 1 - 4,SPRING GENERAL,JUSTICE OF THE SUPREME COURT,NONPARTISAN,"DAVID T PROSSER, JR.",291,291
2001,APRIL,DANE,STOUGHTON CITY WARDS 1 - 4,SPRING GENERAL,JUSTICE OF THE SUPREME COURT,NONPARTISAN,SCATTERING,291,0
2001,APRIL,DANE,STOUGHTON CITY WARDS 5 - 7,SPRING GENERAL,JUSTICE OF THE SUPREME COURT,NONPARTISAN,"DAVID T PROSSER, JR.",298,297
2001,APRIL,DANE,STOUGHTON CITY WARDS 5 - 7,SPRING GENERAL,JUSTICE OF THE SUPREME COURT,NONPARTISAN,SCATTERING,298,1
2001,APRIL,DANE,STOUGHTON CITY WARDS 8 - 10,SPRING GENERAL,JUSTICE OF THE SUPREME COURT,NONPARTISAN,"DAVID T PROSSER, JR.",345,342
2001,APRIL,DANE,STOUGHTON CITY WARDS 8 - 10,SPRING GENERAL,JUSTICE OF THE SUPREME COURT,NONPARTISAN,SCATTERING,345,3
2001,APRIL,DANE,STOUGHTON CITY WARDS 11 & 12,SPRING GENERAL,JUSTICE OF THE SUPREME COURT,NONPARTISAN,"DAVID T PROSSER, JR.",521,519
2001,APRIL,DANE,STOUGHTON CITY WARDS 11 & 12,SPRING GENERAL,JUSTICE OF THE SUPREME COURT,NONPARTISAN,SCATTERING,521,2
2001,APRIL,DANE,SUN PRAIRIE CITY WARDS 1 & 2,SPRING GENERAL,JUSTICE OF THE SUPREME COURT,NONPARTISAN,"DAVID T PROSSER, JR.",604,600
2001,APRIL,DANE,SUN PRAIRIE CITY WARDS 1 & 2,SPRING GENERAL,JUSTICE OF THE SUPREME COURT,NONPARTISAN,SCATTERING,604,4
2001,APRIL,DANE,"SUN PRAIRIE CITY WARDS 3, 4 & 11",SPRING GENERAL,JUSTICE OF THE SUPREME COURT,NONPARTISAN,"DAVID T PROSSER, JR.",400,398
2001,APRIL,DANE,"SUN PRAIRIE CITY WARDS 3, 4 & 11",SPRING GENERAL,JUSTICE OF THE SUPREME COURT,NONPARTISAN,SCATTERING,400,2
2001,APRIL,DANE,"SUN PRAIRIE CITY WARDS 5, 6 & 9",SPRING GENERAL,JUSTICE OF THE SUPREME COURT,NONPARTISAN,"DAVID T PROSSER, JR.",512,510
2001,APRIL,DANE,"SUN PRAIRIE CITY WARDS 5, 6 & 9",SPRING GENERAL,JUSTICE OF THE SUPREME COURT,NONPARTISAN,SCATTERING,512,2
2001,APRIL,DANE,"SUN PRAIRIE CITY WARDS 7, 8, 10 & 12",SPRING GENERAL,JUSTICE OF THE SUPREME COURT,NONPARTISAN,"DAVID T PROSSER, JR.",640,637
2001,APRIL,DANE,"SUN PRAIRIE CITY WARDS 7, 8, 10 & 12",SPRING GENERAL,JUSTICE OF THE SUPREME COURT,NONPARTISAN,SCATTERING,640,3
2001,APRIL,DANE,VERONA CITY WARDS 1 & 2,SPRING GENERAL,JUSTICE OF THE SUPREME COURT,NONPARTISAN,"DAVID T PROSSER, JR.",375,372
2001,APRIL,DANE,VERONA CITY WARDS 1 & 2,SPRING GENERAL,JUSTICE OF THE SUPREME COURT,NONPARTISAN,SCATTERING,375,3
2001,APRIL,DANE,VERONA CITY WARDS 3 & 4,SPRING GENERAL,JUSTICE OF THE SUPREME COURT,NONPARTISAN,"DAVID T PROSSER, JR.",212,211
2001,APRIL,DANE,VERONA CITY WARDS 3 & 4,SPRING GENERAL,JUSTICE OF THE SUPREME COURT,NONPARTISAN,SCATTERING,212,1
2001,APRIL,DANE,VERONA CITY WARDS 5 & 6,SPRING GENERAL,JUSTICE OF THE SUPREME COURT,NONPARTISAN,"DAVID T PROSSER, JR.",194,194
2001,APRIL,DANE,VERONA CITY WARDS 5 & 6,SPRING GENERAL,JUSTICE OF THE SUPREME COURT,NONPARTISAN,SCATTERING,194,0
2001,APRIL,DANE,VERONA CITY WARDS 7 & 8,SPRING GENERAL,JUSTICE OF THE SUPREME COURT,NONPARTISAN,"DAVID T PROSSER, JR.",275,275
2001,APRIL,DANE,VERONA CITY WARDS 7 & 8,SPRING GENERAL,JUSTICE OF THE SUPREME COURT,NONPARTISAN,SCATTERING,275,0
2001,APRIL,DODGE,ASHIPPUN TOWN WARDS 1 - 3,SPRING GENERAL,JUSTICE OF THE SUPREME COURT,NONPARTISAN,"DAVID T PROSSER, JR.",416,416
2001,APRIL,DODGE,ASHIPPUN TOWN WARDS 1 - 3,SPRING GENERAL,JUSTICE OF THE SUPREME COURT,NONPARTISAN,SCATTERING,416,0
2001,APRIL,DODGE,BEAVER DAM TOWN WARDS 1 - 5,SPRING GENERAL,JUSTICE OF THE SUPREME COURT,NONPARTISAN,"DAVID T PROSSER, JR.",607,607
2001,APRIL,DODGE,BEAVER DAM TOWN WARDS 1 - 5,SPRING GENERAL,JUSTICE OF THE SUPREME COURT,NONPARTISAN,SCATTERING,607,0
2001,APRIL,DODGE,BURNETT TOWN WARD 1,SPRING GENERAL,JUSTICE OF THE SUPREME COURT,NONPARTISAN,"DAVID T PROSSER, JR.",159,159
2001,APRIL,DODGE,BURNETT TOWN WARD 1,SPRING GENERAL,JUSTICE OF THE SUPREME COURT,NONPARTISAN,SCATTERING,159,0
2001,APRIL,DODGE,CALAMUS TOWN WARDS 1 & 2,SPRING GENERAL,JUSTICE OF THE SUPREME COURT,NONPARTISAN,"DAVID T PROSSER, JR.",159,159
2001,APRIL,DODGE,CALAMUS TOWN WARDS 1 & 2,SPRING GENERAL,JUSTICE OF THE SUPREME COURT,NONPARTISAN,SCATTERING,159,0
2001,APRIL,DODGE,CHESTER TOWN WARDS 1 & 2,SPRING GENERAL,JUSTICE OF THE SUPREME COURT,NONPARTISAN,"DAVID T PROSSER, JR.",65,65
2001,APRIL,DODGE,CHESTER TOWN WARDS 1 & 2,SPRING GENERAL,JUSTICE OF THE SUPREME COURT,NONPARTISAN,SCATTERING,65,0
2001,APRIL,DODGE,CLYMAN TOWN WARD 1,SPRING GENERAL,JUSTICE OF THE SUPREME COURT,NONPARTISAN,"DAVID T PROSSER, JR.",79,79
2001,APRIL,DODGE,CLYMAN TOWN WARD 1,SPRING GENERAL,JUSTICE OF THE SUPREME COURT,NONPARTISAN,SCATTERING,79,0
2001,APRIL,DODGE,ELBA TOWN WARDS 1 & 2,SPRING GENERAL,JUSTICE OF THE SUPREME COURT,NONPARTISAN,"DAVID T PROSSER, JR.",371,371
2001,APRIL,DODGE,ELBA TOWN WARDS 1 & 2,SPRING GENERAL,JUSTICE OF THE SUPREME COURT,NONPARTISAN,SCATTERING,371,0
2001,APRIL,DODGE,EMMET TOWN WARDS 1 & 2,SPRING GENERAL,JUSTICE OF THE SUPREME COURT,NONPARTISAN,"DAVID T PROSSER, JR.",260,260
2001,APRIL,DODGE,EMMET TOWN WARDS 1 & 2,SPRING GENERAL,JUSTICE OF THE SUPREME COURT,NONPARTISAN,SCATTERING,260,0
2001,APRIL,DODGE,FOX LAKE TOWN WARDS 1 - 4,SPRING GENERAL,JUSTICE OF THE SUPREME COURT,NONPARTISAN,"DAVID T PROSSER, JR.",107,107
2001,APRIL,DODGE,FOX LAKE TOWN WARDS 1 - 4,SPRING GENERAL,JUSTICE OF THE SUPREME COURT,NONPARTISAN,SCATTERING,107,0
2001,APRIL,DODGE,HERMAN TOWN WARDS 1 & 2,SPRING GENERAL,JUSTICE OF THE SUPREME COURT,NONPARTISAN,"DAVID T PROSSER, JR.",376,376
2001,APRIL,DODGE,HERMAN TOWN WARDS 1 & 2,SPRING GENERAL,JUSTICE OF THE SUPREME COURT,NONPARTISAN,SCATTERING,376,0
2001,APRIL,DODGE,HUBBARD TOWN WARDS 1 - 3,SPRING GENERAL,JUSTICE OF THE SUPREME COURT,NONPARTISAN,"DAVID T PROSSER, JR.",79,79
2001,APRIL,DODGE,HUBBARD TOWN WARDS 1 - 3,SPRING GENERAL,JUSTICE OF THE SUPREME COURT,NONPARTISAN,SCATTERING,79,0
2001,APRIL,DODGE,HUSTISFORD TOWN WARDS 1 & 2,SPRING GENERAL,JUSTICE OF THE SUPREME COURT,NONPARTISAN,"DAVID T PROSSER, JR.",111,111
2001,APRIL,DODGE,HUSTISFORD TOWN WARDS 1 & 2,SPRING GENERAL,JUSTICE OF THE SUPREME COURT,NONPARTISAN,SCATTERING,111,0
2001,APRIL,DODGE,LEBANON TOWN WARDS 1 & 2,SPRING GENERAL,JUSTICE OF THE SUPREME COURT,NONPARTISAN,"DAVID T PROSSER, JR.",112,112
2001,APRIL,DODGE,LEBANON TOWN WARDS 1 & 2,SPRING GENERAL,JUSTICE OF THE SUPREME COURT,NONPARTISAN,SCATTERING,112,0
2001,APRIL,DODGE,LEROY TOWN WARDS 1 & 2,SPRING GENERAL,JUSTICE OF THE SUPREME COURT,NONPARTISAN,"DAVID T PROSSER, JR.",177,177
2001,APRIL,DODGE,LEROY TOWN WARDS 1 & 2,SPRING GENERAL,JUSTICE OF THE SUPREME COURT,NONPARTISAN,SCATTERING,177,0
2001,APRIL,DODGE,LOMIRA TOWN WARDS 1 & 2,SPRING GENERAL,JUSTICE OF THE SUPREME COURT,NONPARTISAN,"DAVID T PROSSER, JR.",119,119
2001,APRIL,DODGE,LOMIRA TOWN WARDS 1 & 2,SPRING GENERAL,JUSTICE OF THE SUPREME COURT,NONPARTISAN,SCATTERING,119,0
2001,APRIL,DODGE,LOWELL TOWN WARDS 1 & 2,SPRING GENERAL,JUSTICE OF THE SUPREME COURT,NONPARTISAN,"DAVID T PROSSER, JR.",73,73
2001,APRIL,DODGE,LOWELL TOWN WARDS 1 & 2,SPRING GENERAL,JUSTICE OF THE SUPREME COURT,NONPARTISAN,SCATTERING,73,0
2001,APRIL,DODGE,OAK GROVE TOWN WARDS 1 & 2,SPRING GENERAL,JUSTICE OF THE SUPREME COURT,NONPARTISAN,"DAVID T PROSSER, JR.",88,88
2001,APRIL,DODGE,OAK GROVE TOWN WARDS 1 & 2,SPRING GENERAL,JUSTICE OF THE SUPREME COURT,NONPARTISAN,SCATTERING,88,0
2001,APRIL,DODGE,PORTLAND TOWN WARD 1,SPRING GENERAL,JUSTICE OF THE SUPREME COURT,NONPARTISAN,"DAVID T PROSSER, JR.",221,221
2001,APRIL,DODGE,PORTLAND TOWN WARD 1,SPRING GENERAL,JUSTICE OF THE SUPREME COURT,NONPARTISAN,SCATTERING,221,0
2001,APRIL,DODGE,RUBICON TOWN WARDS 1 - 3,SPRING GENERAL,JUSTICE OF THE SUPREME COURT,NONPARTISAN,"DAVID T PROSSER, JR.",311,311
2001,APRIL,DODGE,RUBICON TOWN WARDS 1 - 3,SPRING GENERAL,JUSTICE OF THE SUPREME COURT,NONPARTISAN,SCATTERING,311,0
2001,APRIL,DODGE,SHIELDS TOWN WARD 1,SPRING GENERAL,JUSTICE OF THE SUPREME COURT,NONPARTISAN,"DAVID T PROSSER, JR.",46,46
2001,APRIL,DODGE,SHIELDS TOWN WARD 1,SPRING GENERAL,JUSTICE OF THE SUPREME COURT,NONPARTISAN,SCATTERING,46,0
2001,APRIL,DODGE,THERESA TOWN WARDS 1 & 2,SPRING GENERAL,JUSTICE OF THE SUPREME COURT,NONPARTISAN,"DAVID T PROSSER, JR.",185,185
2001,APRIL,DODGE,THERESA TOWN WARDS 1 & 2,SPRING GENERAL,JUSTICE OF THE SUPREME COURT,NONPARTISAN,SCATTERING,185,0
2001,APRIL,DODGE,TRENTON TOWN WARDS 1 & 2,SPRING GENERAL,JUSTICE OF THE SUPREME COURT,NONPARTISAN,"DAVID T PROSSER, JR.",141,141
2001,APRIL,DODGE,TRENTON TOWN WARDS 1 & 2,SPRING GENERAL,JUSTICE OF THE SUPREME COURT,NONPARTISAN,SCATTERING,141,0
2001,APRIL,DODGE,WESTFORD TOWN WARDS 1 & 2,SPRING GENERAL,JUSTICE OF THE SUPREME COURT,NONPARTISAN,"DAVID T PROSSER, JR.",105,105
2001,APRIL,DODGE,WESTFORD TOWN WARDS 1 & 2,SPRING GENERAL,JUSTICE OF THE SUPREME COURT,NONPARTISAN,SCATTERING,105,0
2001,APRIL,DODGE,WILLIAMSTOWN TOWN WARD 1,SPRING GENERAL,JUSTICE OF THE SUPREME COURT,NONPARTISAN,"DAVID T PROSSER, JR.",82,82
2001,APRIL,DODGE,WILLIAMSTOWN TOWN WARD 1,SPRING GENERAL,JUSTICE OF THE SUPREME COURT,NONPARTISAN,SCATTERING,82,0
2001,APRIL,DODGE,BROWNSVILLE VILLAGE WARD 1,SPRING GENERAL,JUSTICE OF THE SUPREME COURT,NONPARTISAN,"DAVID T PROSSER, JR.",55,55
2001,APRIL,DODGE,BROWNSVILLE VILLAGE WARD 1,SPRING GENERAL,JUSTICE OF THE SUPREME COURT,NONPARTISAN,SCATTERING,55,0
2001,APRIL,DODGE,CLYMAN VILLAGE WARD 1,SPRING GENERAL,JUSTICE OF THE SUPREME COURT,NONPARTISAN,"DAVID T PROSSER, JR.",38,38
2001,APRIL,DODGE,CLYMAN VILLAGE WARD 1,SPRING GENERAL,JUSTICE OF THE SUPREME COURT,NONPARTISAN,SCATTERING,38,0
2001,APRIL,DODGE,HUSTISFORD VILLAGE WARD 1,SPRING GENERAL,JUSTICE OF THE SUPREME COURT,NONPARTISAN,"DAVID T PROSSER, JR.",148,148
2001,APRIL,DODGE,HUSTISFORD VILLAGE WARD 1,SPRING GENERAL,JUSTICE OF THE SUPREME COURT,NONPARTISAN,SCATTERING,148,0
2001,APRIL,DODGE,IRON RIDGE VILLAGE WARD 1,SPRING GENERAL,JUSTICE OF THE SUPREME COURT,NONPARTISAN,"DAVID T PROSSER, JR.",47,47
2001,APRIL,DODGE,IRON RIDGE VILLAGE WARD 1,SPRING GENERAL,JUSTICE OF THE SUPREME COURT,NONPARTISAN,SCATTERING,47,0
2001,APRIL,DODGE,KEKOSKEE VILLAGE WARD 1,SPRING GENERAL,JUSTICE OF THE SUPREME COURT,NONPARTISAN,"DAVID T PROSSER, JR.",93,93
2001,APRIL,DODGE,KEKOSKEE VILLAGE WARD 1,SPRING GENERAL,JUSTICE OF THE SUPREME COURT,NONPARTISAN,SCATTERING,93,0
2001,APRIL,DODGE,LOMIRA VILLAGE WARDS 1 - 3,SPRING GENERAL,JUSTICE OF THE SUPREME COURT,NONPARTISAN,"DAVID T PROSSER, JR.",118,118
2001,APRIL,DODGE,LOMIRA VILLAGE WARDS 1 - 3,SPRING GENERAL,JUSTICE OF THE SUPREME COURT,NONPARTISAN,SCATTERING,118,0
2001,APRIL,DODGE,LOWELL VILLAGE WARD 1,SPRING GENERAL,JUSTICE OF THE SUPREME COURT,NONPARTISAN,"DAVID T PROSSER, JR.",34,34
2001,APRIL,DODGE,LOWELL VILLAGE WARD 1,SPRING GENERAL,JUSTICE OF THE SUPREME COURT,NONPARTISAN,SCATTERING,34,0
2001,APRIL,DODGE,NEOSHO VILLAGE WARD 1,SPRING GENERAL,JUSTICE OF THE SUPREME COURT,NONPARTISAN,"DAVID T PROSSER, JR.",133,132
2001,APRIL,DODGE,NEOSHO VILLAGE WARD 1,SPRING GENERAL,JUSTICE OF THE SUPREME COURT,NONPARTISAN,SCATTERING,133,1
2001,APRIL,DODGE,RANDOLPH VILLAGE WARDS 1 & 2,SPRING GENERAL,JUSTICE OF THE SUPREME COURT,NONPARTISAN,"DAVID T PROSSER, JR.",158,158
2001,APRIL,DODGE,RANDOLPH VILLAGE WARDS 1 & 2,SPRING GENERAL,JUSTICE OF THE SUPREME COURT,NONPARTISAN,SCATTERING,158,0
2001,APRIL,DODGE,REESEVILLE VILLAGE WARD 1,SPRING GENERAL,JUSTICE OF THE SUPREME COURT,NONPARTISAN,"DAVID T PROSSER, JR.",57,57
2001,APRIL,DODGE,REESEVILLE VILLAGE WARD 1,SPRING GENERAL,JUSTICE OF THE SUPREME COURT,NONPARTISAN,SCATTERING,57,0
2001,APRIL,DODGE,THERESA VILLAGE WARD 1,SPRING GENERAL,JUSTICE OF THE SUPREME COURT,NONPARTISAN,"DAVID T PROSSER, JR.",229,229
2001,APRIL,DODGE,THERESA VILLAGE WARD 1,SPRING GENERAL,JUSTICE OF THE SUPREME COURT,NONPARTISAN,SCATTERING,229,0
2001,APRIL,DODGE,BEAVER DAM CITY WARD 1,SPRING GENERAL,JUSTICE OF THE SUPREME COURT,NONPARTISAN,"DAVID T PROSSER, JR.",126,126
2001,APRIL,DODGE,BEAVER DAM CITY WARD 1,SPRING GENERAL,JUSTICE OF THE SUPREME COURT,NONPARTISAN,SCATTERING,126,0
2001,APRIL,DODGE,BEAVER DAM CITY WARDS 2 & 6,SPRING GENERAL,JUSTICE OF THE SUPREME COURT,NONPARTISAN,"DAVID T PROSSER, JR.",379,379
2001,APRIL,DODGE,BEAVER DAM CITY WARDS 2 & 6,SPRING GENERAL,JUSTICE OF THE SUPREME COURT,NONPARTISAN,SCATTERING,379,0
2001,APRIL,DODGE,BEAVER DAM CITY WARD 3,SPRING GENERAL,JUSTICE OF THE SUPREME COURT,NONPARTISAN,"DAVID T PROSSER, JR.",164,164
2001,APRIL,DODGE,BEAVER DAM CITY WARD 3,SPRING GENERAL,JUSTICE OF THE SUPREME COURT,NONPARTISAN,SCATTERING,164,0
2001,APRIL,DODGE,BEAVER DAM CITY WARDS 4 & 10,SPRING GENERAL,JUSTICE OF THE SUPREME COURT,NONPARTISAN,"DAVID T PROSSER, JR.",300,300
2001,APRIL,DODGE,BEAVER DAM CITY WARDS 4 & 10,SPRING GENERAL,JUSTICE OF THE SUPREME COURT,NONPARTISAN,SCATTERING,300,0
2001,APRIL,DODGE,BEAVER DAM CITY WARD 5,SPRING GENERAL,JUSTICE OF THE SUPREME COURT,NONPARTISAN,"DAVID T PROSSER, JR.",196,195
2001,APRIL,DODGE,BEAVER DAM CITY WARD 5,SPRING GENERAL,JUSTICE OF THE SUPREME COURT,NONPARTISAN,SCATTERING,196,1
2001,APRIL,DODGE,BEAVER DAM CITY WARD 7,SPRING GENERAL,JUSTICE OF THE SUPREME COURT,NONPARTISAN,"DAVID T PROSSER, JR.",278,278
2001,APRIL,DODGE,BEAVER DAM CITY WARD 7,SPRING GENERAL,JUSTICE OF THE SUPREME COURT,NONPARTISAN,SCATTERING,278,0
2001,APRIL,DODGE,BEAVER DAM CITY WARDS 8 & 14,SPRING GENERAL,JUSTICE OF THE SUPREME COURT,NONPARTISAN,"DAVID T PROSSER, JR.",435,435
2001,APRIL,DODGE,BEAVER DAM CITY WARDS 8 & 14,SPRING GENERAL,JUSTICE OF THE SUPREME COURT,NONPARTISAN,SCATTERING,435,0
2001,APRIL,DODGE,BEAVER DAM CITY WARD 9,SPRING GENERAL,JUSTICE OF THE SUPREME COURT,NONPARTISAN,"DAVID T PROSSER, JR.",248,248
2001,APRIL,DODGE,BEAVER DAM CITY WARD 9,SPRING GENERAL,JUSTICE OF THE SUPREME COURT,NONPARTISAN,SCATTERING,248,0
2001,APRIL,DODGE,BEAVER DAM CITY WARD 11,SPRING GENERAL,JUSTICE OF THE SUPREME COURT,NONPARTISAN,"DAVID T PROSSER, JR.",265,265
2001,APRIL,DODGE,BEAVER DAM CITY WARD 11,SPRING GENERAL,JUSTICE OF THE SUPREME COURT,NONPARTISAN,SCATTERING,265,0
2001,APRIL,DODGE,BEAVER DAM CITY WARD 12,SPRING GENERAL,JUSTICE OF THE SUPREME COURT,NONPARTISAN,"DAVID T PROSSER, JR.",143,143
2001,APRIL,DODGE,BEAVER DAM CITY WARD 12,SPRING GENERAL,JUSTICE OF THE SUPREME COURT,NONPARTISAN,SCATTERING,143,0
2001,APRIL,DODGE,BEAVER DAM CITY WARD 13,SPRING GENERAL,JUSTICE OF THE SUPREME COURT,NONPARTISAN,"DAVID T PROSSER, JR.",167,167
2001,APRIL,DODGE,BEAVER DAM CITY WARD 13,SPRING GENERAL,JUSTICE OF THE SUPREME COURT,NONPARTISAN,SCATTERING,167,0
2001,APRIL,DODGE,COLUMBUS CITY WARD 9,SPRING GENERAL,JUSTICE OF THE SUPREME COURT,NONPARTISAN,"DAVID T PROSSER, JR.",0,0
2001,APRIL,DODGE,COLUMBUS CITY WARD 9,SPRING GENERAL,JUSTICE OF THE SUPREME COURT,NONPARTISAN,SCATTERING,0,0
2001,APRIL,DODGE,FOX LAKE CITY WARDS 1 - 3,SPRING GENERAL,JUSTICE OF THE SUPREME COURT,NONPARTISAN,"DAVID T PROSSER, JR.",77,77
2001,APRIL,DODGE,FOX LAKE CITY WARDS 1 - 3,SPRING GENERAL,JUSTICE OF THE SUPREME COURT,NONPARTISAN,SCATTERING,77,0
2001,APRIL,DODGE,HARTFORD CITY WARD 21,SPRING GENERAL,JUSTICE OF THE SUPREME COURT,NONPARTISAN,"DAVID T PROSSER, JR.",0,0
2001,APRIL,DODGE,HARTFORD CITY WARD 21,SPRING GENERAL,JUSTICE OF THE SUPREME COURT,NONPARTISAN,SCATTERING,0,0
2001,APRIL,DODGE,HORICON CITY WARDS 1 - 6,SPRING GENERAL,JUSTICE OF THE SUPREME COURT,NONPARTISAN,"DAVID T PROSSER, JR.",418,418
2001,APRIL,DODGE,HORICON CITY WARDS 1 - 6,SPRING GENERAL,JUSTICE OF THE SUPREME COURT,NONPARTISAN,SCATTERING,418,0
2001,APRIL,DODGE,JUNEAU CITY WARDS 1 - 3,SPRING GENERAL,JUSTICE OF THE SUPREME COURT,NONPARTISAN,"DAVID T PROSSER, JR.",204,203
2001,APRIL,DODGE,JUNEAU CITY WARDS 1 - 3,SPRING GENERAL,JUSTICE OF THE SUPREME COURT,NONPARTISAN,SCATTERING,204,1
2001,APRIL,DODGE,MAYVILLE CITY WARDS 1 - 8,SPRING GENERAL,JUSTICE OF THE SUPREME COURT,NONPARTISAN,"DAVID T PROSSER, JR.",262,262
2001,APRIL,DODGE,MAYVILLE CITY WARDS 1 - 8,SPRING GENERAL,JUSTICE OF THE SUPREME COURT,NONPARTISAN,SCATTERING,262,0
2001,APRIL,DODGE,WATERTOWN CITY WARDS 1 & 2,SPRING GENERAL,JUSTICE OF THE SUPREME COURT,NONPARTISAN,"DAVID T PROSSER, JR.",606,605
2001,APRIL,DODGE,WATERTOWN CITY WARDS 1 & 2,SPRING GENERAL,JUSTICE OF THE SUPREME COURT,NONPARTISAN,SCATTERING,606,1
2001,APRIL,DODGE,"WATERTOWN CITY WARDS 3, 4 & 7",SPRING GENERAL,JUSTICE OF THE SUPREME COURT,NONPARTISAN,"DAVID T PROSSER, JR.",452,452
2001,APRIL,DODGE,"WATERTOWN CITY WARDS 3, 4 & 7",SPRING GENERAL,JUSTICE OF THE SUPREME COURT,NONPARTISAN,SCATTERING,452,0
2001,APRIL,DODGE,"WATERTOWN CITY WARDS 5, 6 & 8",SPRING GENERAL,JUSTICE OF THE SUPREME COURT,NONPARTISAN,"DAVID T PROSSER, JR.",542,539
2001,APRIL,DODGE,"WATERTOWN CITY WARDS 5, 6 & 8",SPRING GENERAL,JUSTICE OF THE SUPREME COURT,NONPARTISAN,SCATTERING,542,3
2001,APRIL,DODGE,WATERTOWN CITY WARD 9,SPRING GENERAL,JUSTICE OF THE SUPREME COURT,NONPARTISAN,"DAVID T PROSSER, JR.",206,206
2001,APRIL,DODGE,WATERTOWN CITY WARD 9,SPRING GENERAL,JUSTICE OF THE SUPREME COURT,NONPARTISAN,SCATTERING,206,0
2001,APRIL,DODGE,WAUPUN CITY WARDS 1 & 2,SPRING GENERAL,JUSTICE OF THE SUPREME COURT,NONPARTISAN,"DAVID T PROSSER, JR.",117,117
2001,APRIL,DODGE,WAUPUN CITY WARDS 1 & 2,SPRING GENERAL,JUSTICE OF THE SUPREME COURT,NONPARTISAN,SCATTERING,117,0
2001,APRIL,DODGE,WAUPUN CITY WARDS 3 & 4,SPRING GENERAL,JUSTICE OF THE SUPREME COURT,NONPARTISAN,"DAVID T PROSSER, JR.",33,33
2001,APRIL,DODGE,WAUPUN CITY WARDS 3 & 4,SPRING GENERAL,JUSTICE OF THE SUPREME COURT,NONPARTISAN,SCATTERING,33,0
2001,APRIL,DODGE,WAUPUN CITY WARDS 5 - 7,SPRING GENERAL,JUSTICE OF THE SUPREME COURT,NONPARTISAN,"DAVID T PROSSER, JR.",102,102
2001,APRIL,DODGE,WAUPUN CITY WARDS 5 - 7,SPRING GENERAL,JUSTICE OF THE SUPREME COURT,NONPARTISAN,SCATTERING,102,0
2001,APRIL,DODGE,WAUPUN CITY WARDS 8 & 9,SPRING GENERAL,JUSTICE OF THE SUPREME COURT,NONPARTISAN,"DAVID T PROSSER, JR.",126,126
2001,APRIL,DODGE,WAUPUN CITY WARDS 8 & 9,SPRING GENERAL,JUSTICE OF THE SUPREME COURT,NONPARTISAN,SCATTERING,126,0
2001,APRIL,DOOR,BAILEYS HARBOR TOWN WARD 1,SPRING GENERAL,JUSTICE OF THE SUPREME COURT,NONPARTISAN,"DAVID T PROSSER, JR.",210,210
2001,APRIL,DOOR,BAILEYS HARBOR TOWN WARD 1,SPRING GENERAL,JUSTICE OF THE SUPREME COURT,NONPARTISAN,SCATTERING,210,0
2001,APRIL,DOOR,BRUSSELS TOWN WARDS 1 & 2,SPRING GENERAL,JUSTICE OF THE SUPREME COURT,NONPARTISAN,"DAVID T PROSSER, JR.",238,238
2001,APRIL,DOOR,BRUSSELS TOWN WARDS 1 & 2,SPRING GENERAL,JUSTICE OF THE SUPREME COURT,NONPARTISAN,SCATTERING,238,0
2001,APRIL,DOOR,CLAYBANKS TOWN WARD 1,SPRING GENERAL,JUSTICE OF THE SUPREME COURT,NONPARTISAN,"DAVID T PROSSER, JR.",112,112
2001,APRIL,DOOR,CLAYBANKS TOWN WARD 1,SPRING GENERAL,JUSTICE OF THE SUPREME COURT,NONPARTISAN,SCATTERING,112,0
2001,APRIL,DOOR,EGG HARBOR TOWN WARDS 1 & 2,SPRING GENERAL,JUSTICE OF THE SUPREME COURT,NONPARTISAN,"DAVID T PROSSER, JR.",200,200
2001,APRIL,DOOR,EGG HARBOR TOWN WARDS 1 & 2,SPRING GENERAL,JUSTICE OF THE SUPREME COURT,NONPARTISAN,SCATTERING,200,0
2001,APRIL,DOOR,FORESTVILLE TOWN WARDS 1 - 3,SPRING GENERAL,JUSTICE OF THE SUPREME COURT,NONPARTISAN,"DAVID T PROSSER, JR.",239,239
2001,APRIL,DOOR,FORESTVILLE TOWN WARDS 1 - 3,SPRING GENERAL,JUSTICE OF THE SUPREME COURT,NONPARTISAN,SCATTERING,239,0
2001,APRIL,DOOR,GARDNER TOWN WARDS 1 & 2,SPRING GENERAL,JUSTICE OF THE SUPREME COURT,NONPARTISAN,"DAVID T PROSSER, JR.",330,329
2001,APRIL,DOOR,GARDNER TOWN WARDS 1 & 2,SPRING GENERAL,JUSTICE OF THE SUPREME COURT,NONPARTISAN,SCATTERING,330,1
2001,APRIL,DOOR,GIBRALTAR TOWN WARDS 1 & 2,SPRING GENERAL,JUSTICE OF THE SUPREME COURT,NONPARTISAN,"DAVID T PROSSER, JR.",261,261
2001,APRIL,DOOR,GIBRALTAR TOWN WARDS 1 & 2,SPRING GENERAL,JUSTICE OF THE SUPREME COURT,NONPARTISAN,SCATTERING,261,0
2001,APRIL,DOOR,JACKSONPORT TOWN WARDS 1 & 2,SPRING GENERAL,JUSTICE OF THE SUPREME COURT,NONPARTISAN,"DAVID T PROSSER, JR.",123,121
2001,APRIL,DOOR,JACKSONPORT TOWN WARDS 1 & 2,SPRING GENERAL,JUSTICE OF THE SUPREME COURT,NONPARTISAN,SCATTERING,123,2
2001,APRIL,DOOR,LIBERTY GROVE TOWN WARDS 1 - 3,SPRING GENERAL,JUSTICE OF THE SUPREME COURT,NONPARTISAN,"DAVID T PROSSER, JR.",302,302
2001,APRIL,DOOR,LIBERTY GROVE TOWN WARDS 1 - 3,SPRING GENERAL,JUSTICE OF THE SUPREME COURT,NONPARTISAN,SCATTERING,302,0
2001,APRIL,DOOR,NASEWAUPEE TOWN WARDS 1 - 3,SPRING GENERAL,JUSTICE OF THE SUPREME COURT,NONPARTISAN,"DAVID T PROSSER, JR.",521,519
2001,APRIL,DOOR,NASEWAUPEE TOWN WARDS 1 - 3,SPRING GENERAL,JUSTICE OF THE SUPREME COURT,NONPARTISAN,SCATTERING,521,2
2001,APRIL,DOOR,"SEVASTOPOL TOWN WARDS 1, 3 & 4",SPRING GENERAL,JUSTICE OF THE SUPREME COURT,NONPARTISAN,"DAVID T PROSSER, JR.",290,289
2001,APRIL,DOOR,"SEVASTOPOL TOWN WARDS 1, 3 & 4",SPRING GENERAL,JUSTICE OF THE SUPREME COURT,NONPARTISAN,SCATTERING,290,1
2001,APRIL,DOOR,SEVASTOPOL TOWN WARD 2,SPRING GENERAL,JUSTICE OF THE SUPREME COURT,NONPARTISAN,"DAVID T PROSSER, JR.",42,42
2001,APRIL,DOOR,SEVASTOPOL TOWN WARD 2,SPRING GENERAL,JUSTICE OF THE SUPREME COURT,NONPARTISAN,SCATTERING,42,0
2001,APRIL,DOOR,STURGEON BAY TOWN WARDS 1 & 2,SPRING GENERAL,JUSTICE OF THE SUPREME COURT,NONPARTISAN,"DAVID T PROSSER, JR.",161,160
2001,APRIL,DOOR,STURGEON BAY TOWN WARDS 1 & 2,SPRING GENERAL,JUSTICE OF THE SUPREME COURT,NONPARTISAN,SCATTERING,161,1
2001,APRIL,DOOR,UNION TOWN WARD 1,SPRING GENERAL,JUSTICE OF THE SUPREME COURT,NONPARTISAN,"DAVID T PROSSER, JR.",241,239
2001,APRIL,DOOR,UNION TOWN WARD 1,SPRING GENERAL,JUSTICE OF THE SUPREME COURT,NONPARTISAN,SCATTERING,241,2
2001,APRIL,DOOR,WASHINGTON TOWN WARD 1,SPRING GENERAL,JUSTICE OF THE SUPREME COURT,NONPARTISAN,"DAVID T PROSSER, JR.",255,255
2001,APRIL,DOOR,WASHINGTON TOWN WARD 1,SPRING GENERAL,JUSTICE OF THE SUPREME COURT,NONPARTISAN,SCATTERING,255,0
2001,APRIL,DOOR,EGG HARBOR VILLAGE WARD 1,SPRING GENERAL,JUSTICE OF THE SUPREME COURT,NONPARTISAN,"DAVID T PROSSER, JR.",59,58
2001,APRIL,DOOR,EGG HARBOR VILLAGE WARD 1,SPRING GENERAL,JUSTICE OF THE SUPREME COURT,NONPARTISAN,SCATTERING,59,1
2001,APRIL,DOOR,EPHRAIM VILLAGE WARD 1,SPRING GENERAL,JUSTICE OF THE SUPREME COURT,NONPARTISAN,"DAVID T PROSSER, JR.",108,107
2001,APRIL,DOOR,EPHRAIM VILLAGE WARD 1,SPRING GENERAL,JUSTICE OF THE SUPREME COURT,NONPARTISAN,SCATTERING,108,1
2001,APRIL,DOOR,FORESTVILLE VILLAGE WARD 1,SPRING GENERAL,JUSTICE OF THE SUPREME COURT,NONPARTISAN,"DAVID T PROSSER, JR.",119,119
2001,APRIL,DOOR,FORESTVILLE VILLAGE WARD 1,SPRING GENERAL,JUSTICE OF THE SUPREME COURT,NONPARTISAN,SCATTERING,119,0
2001,APRIL,DOOR,SISTER BAY VILLAGE WARD 1,SPRING GENERAL,JUSTICE OF THE SUPREME COURT,NONPARTISAN,"DAVID T PROSSER, JR.",286,284
2001,APRIL,DOOR,SISTER BAY VILLAGE WARD 1,SPRING GENERAL,JUSTICE OF THE SUPREME COURT,NONPARTISAN,SCATTERING,286,2
2001,APRIL,DOOR,STURGEON BAY CITY WARDS 1 & 2,SPRING GENERAL,JUSTICE OF THE SUPREME COURT,NONPARTISAN,"DAVID T PROSSER, JR.",230,228
2001,APRIL,DOOR,STURGEON BAY CITY WARDS 1 & 2,SPRING GENERAL,JUSTICE OF THE SUPREME COURT,NONPARTISAN,SCATTERING,230,2
2001,APRIL,DOOR,STURGEON BAY CITY WARDS 3 & 4,SPRING GENERAL,JUSTICE OF THE SUPREME COURT,NONPARTISAN,"DAVID T PROSSER, JR.",273,267
2001,APRIL,DOOR,STURGEON BAY CITY WARDS 3 & 4,SPRING GENERAL,JUSTICE OF THE SUPREME COURT,NONPARTISAN,SCATTERING,273,6
2001,APRIL,DOOR,STURGEON BAY CITY WARDS 5 & 6,SPRING GENERAL,JUSTICE OF THE SUPREME COURT,NONPARTISAN,"DAVID T PROSSER, JR.",375,374
2001,APRIL,DOOR,STURGEON BAY CITY WARDS 5 & 6,SPRING GENERAL,JUSTICE OF THE SUPREME COURT,NONPARTISAN,SCATTERING,375,1
2001,APRIL,DOOR,STURGEON BAY CITY WARDS 7 & 8,SPRING GENERAL,JUSTICE OF THE SUPREME COURT,NONPARTISAN,"DAVID T PROSSER, JR.",281,280
2001,APRIL,DOOR,STURGEON BAY CITY WARDS 7 & 8,SPRING GENERAL,JUSTICE OF THE SUPREME COURT,NONPARTISAN,SCATTERING,281,1
2001,APRIL,DOOR,STURGEON BAY CITY WARDS 9 & 10,SPRING GENERAL,JUSTICE OF THE SUPREME COURT,NONPARTISAN,"DAVID T PROSSER, JR.",265,265
2001,APRIL,DOOR,STURGEON BAY CITY WARDS 9 & 10,SPRING GENERAL,JUSTICE OF THE SUPREME COURT,NONPARTISAN,SCATTERING,265,0
2001,APRIL,DOOR,STURGEON BAY CITY WARDS 11 & 12,SPRING GENERAL,JUSTICE OF THE SUPREME COURT,NONPARTISAN,"DAVID T PROSSER, JR.",231,231
2001,APRIL,DOOR,STURGEON BAY CITY WARDS 11 & 12,SPRING GENERAL,JUSTICE OF THE SUPREME COURT,NONPARTISAN,SCATTERING,231,0
2001,APRIL,DOOR,STURGEON BAY CITY WARDS 13 & 14,SPRING GENERAL,JUSTICE OF THE SUPREME COURT,NONPARTISAN,"DAVID T PROSSER, JR.",324,323
2001,APRIL,DOOR,STURGEON BAY CITY WARDS 13 & 14,SPRING GENERAL,JUSTICE OF THE SUPREME COURT,NONPARTISAN,SCATTERING,324,1
2001,APRIL,DOOR,STURGEON BAY CITY WARDS 15 - 17,SPRING GENERAL,JUSTICE OF THE SUPREME COURT,NONPARTISAN,"DAVID T PROSSER, JR.",12,12
2001,APRIL,DOOR,STURGEON BAY CITY WARDS 15 - 17,SPRING GENERAL,JUSTICE OF THE SUPREME COURT,NONPARTISAN,SCATTERING,12,0
2001,APRIL,DOOR,STURGEON BAY CITY WARD 18,SPRING GENERAL,JUSTICE OF THE SUPREME COURT,NONPARTISAN,"DAVID T PROSSER, JR.",4,4
2001,APRIL,DOOR,STURGEON BAY CITY WARD 18,SPRING GENERAL,JUSTICE OF THE SUPREME COURT,NONPARTISAN,SCATTERING,4,0
2001,APRIL,DOOR,STURGEON BAY CITY WARDS 19 - 21,SPRING GENERAL,JUSTICE OF THE SUPREME COURT,NONPARTISAN,"DAVID T PROSSER, JR.",19,19
2001,APRIL,DOOR,STURGEON BAY CITY WARDS 19 - 21,SPRING GENERAL,JUSTICE OF THE SUPREME COURT,NONPARTISAN,SCATTERING,19,0
2001,APRIL,DOUGLAS,AMNICON TOWN WARD 1,SPRING GENERAL,JUSTICE OF THE SUPREME COURT,NONPARTISAN,"DAVID T PROSSER, JR.",80,80
2001,APRIL,DOUGLAS,AMNICON TOWN WARD 1,SPRING GENERAL,JUSTICE OF THE SUPREME COURT,NONPARTISAN,SCATTERING,80,0
2001,APRIL,DOUGLAS,BENNETT TOWN WARD 1,SPRING GENERAL,JUSTICE OF THE SUPREME COURT,NONPARTISAN,"DAVID T PROSSER, JR.",124,124
2001,APRIL,DOUGLAS,BENNETT TOWN WARD 1,SPRING GENERAL,JUSTICE OF THE SUPREME COURT,NONPARTISAN,SCATTERING,124,0
2001,APRIL,DOUGLAS,BRULE TOWN WARD 1,SPRING GENERAL,JUSTICE OF THE SUPREME COURT,NONPARTISAN,"DAVID T PROSSER, JR.",168,167
2001,APRIL,DOUGLAS,BRULE TOWN WARD 1,SPRING GENERAL,JUSTICE OF THE SUPREME COURT,NONPARTISAN,SCATTERING,168,1
2001,APRIL,DOUGLAS,CLOVERLAND TOWN WARD 1,SPRING GENERAL,JUSTICE OF THE SUPREME COURT,NONPARTISAN,"DAVID T PROSSER, JR.",28,28
2001,APRIL,DOUGLAS,CLOVERLAND TOWN WARD 1,SPRING GENERAL,JUSTICE OF THE SUPREME COURT,NONPARTISAN,SCATTERING,28,0
2001,APRIL,DOUGLAS,DAIRYLAND TOWN WARD 1,SPRING GENERAL,JUSTICE OF THE SUPREME COURT,NONPARTISAN,"DAVID T PROSSER, JR.",49,49
2001,APRIL,DOUGLAS,DAIRYLAND TOWN WARD 1,SPRING GENERAL,JUSTICE OF THE SUPREME COURT,NONPARTISAN,SCATTERING,49,0
2001,APRIL,DOUGLAS,GORDON TOWN WARD 1,SPRING GENERAL,JUSTICE OF THE SUPREME COURT,NONPARTISAN,"DAVID T PROSSER, JR.",138,138
2001,APRIL,DOUGLAS,GORDON TOWN WARD 1,SPRING GENERAL,JUSTICE OF THE SUPREME COURT,NONPARTISAN,SCATTERING,138,0
2001,APRIL,DOUGLAS,HAWTHORNE TOWN WARDS 1 & 2,SPRING GENERAL,JUSTICE OF THE SUPREME COURT,NONPARTISAN,"DAVID T PROSSER, JR.",86,86
2001,APRIL,DOUGLAS,HAWTHORNE TOWN WARDS 1 & 2,SPRING GENERAL,JUSTICE OF THE SUPREME COURT,NONPARTISAN,SCATTERING,86,0
2001,APRIL,DOUGLAS,HIGHLAND TOWN WARD 1,SPRING GENERAL,JUSTICE OF THE SUPREME COURT,NONPARTISAN,"DAVID T PROSSER, JR.",50,50
2001,APRIL,DOUGLAS,HIGHLAND TOWN WARD 1,SPRING GENERAL,JUSTICE OF THE SUPREME COURT,NONPARTISAN,SCATTERING,50,0
2001,APRIL,DOUGLAS,LAKESIDE TOWN WARD 1,SPRING GENERAL,JUSTICE OF THE SUPREME COURT,NONPARTISAN,"DAVID T PROSSER, JR.",73,73
2001,APRIL,DOUGLAS,LAKESIDE TOWN WARD 1,SPRING GENERAL,JUSTICE OF THE SUPREME COURT,NONPARTISAN,SCATTERING,73,0
2001,APRIL,DOUGLAS,MAPLE TOWN WARD 1,SPRING GENERAL,JUSTICE OF THE SUPREME COURT,NONPARTISAN,"DAVID T PROSSER, JR.",113,113
2001,APRIL,DOUGLAS,MAPLE TOWN WARD 1,SPRING GENERAL,JUSTICE OF THE SUPREME COURT,NONPARTISAN,SCATTERING,113,0
2001,APRIL,DOUGLAS,OAKLAND TOWN WARD 1,SPRING GENERAL,JUSTICE OF THE SUPREME COURT,NONPARTISAN,"DAVID T PROSSER, JR.",125,125
2001,APRIL,DOUGLAS,OAKLAND TOWN WARD 1,SPRING GENERAL,JUSTICE OF THE SUPREME COURT,NONPARTISAN,SCATTERING,125,0
2001,APRIL,DOUGLAS,PARKLAND TOWN WARDS 1 & 2,SPRING GENERAL,JUSTICE OF THE SUPREME COURT,NONPARTISAN,"DAVID T PROSSER, JR.",110,110
2001,APRIL,DOUGLAS,PARKLAND TOWN WARDS 1 & 2,SPRING GENERAL,JUSTICE OF THE SUPREME COURT,NONPARTISAN,SCATTERING,110,0
2001,APRIL,DOUGLAS,SOLON SPRINGS TOWN WARD 1,SPRING GENERAL,JUSTICE OF THE SUPREME COURT,NONPARTISAN,"DAVID T PROSSER, JR.",207,207
2001,APRIL,DOUGLAS,SOLON SPRINGS TOWN WARD 1,SPRING GENERAL,JUSTICE OF THE SUPREME COURT,NONPARTISAN,SCATTERING,207,0
2001,APRIL,DOUGLAS,SUMMIT TOWN WARDS 1 & 2,SPRING GENERAL,JUSTICE OF THE SUPREME COURT,NONPARTISAN,"DAVID T PROSSER, JR.",164,164
2001,APRIL,DOUGLAS,SUMMIT TOWN WARDS 1 & 2,SPRING GENERAL,JUSTICE OF THE SUPREME COURT,NONPARTISAN,SCATTERING,164,0
2001,APRIL,DOUGLAS,SUPERIOR TOWN WARDS 1 - 3,SPRING GENERAL,JUSTICE OF THE SUPREME COURT,NONPARTISAN,"DAVID T PROSSER, JR.",147,147
2001,APRIL,DOUGLAS,SUPERIOR TOWN WARDS 1 - 3,SPRING GENERAL,JUSTICE OF THE SUPREME COURT,NONPARTISAN,SCATTERING,147,0
2001,APRIL,DOUGLAS,WASCOTT TOWN WARD 1,SPRING GENERAL,JUSTICE OF THE SUPREME COURT,NONPARTISAN,"DAVID T PROSSER, JR.",211,211
2001,APRIL,DOUGLAS,WASCOTT TOWN WARD 1,SPRING GENERAL,JUSTICE OF THE SUPREME COURT,NONPARTISAN,SCATTERING,211,0
2001,APRIL,DOUGLAS,LAKE NEBAGAMON VILLAGE WARD 1,SPRING GENERAL,JUSTICE OF THE SUPREME COURT,NONPARTISAN,"DAVID T PROSSER, JR.",254,254
2001,APRIL,DOUGLAS,LAKE NEBAGAMON VILLAGE WARD 1,SPRING GENERAL,JUSTICE OF THE SUPREME COURT,NONPARTISAN,SCATTERING,254,0
2001,APRIL,DOUGLAS,OLIVER VILLAGE WARD 1,SPRING GENERAL,JUSTICE OF THE SUPREME COURT,NONPARTISAN,"DAVID T PROSSER, JR.",39,39
2001,APRIL,DOUGLAS,OLIVER VILLAGE WARD 1,SPRING GENERAL,JUSTICE OF THE SUPREME COURT,NONPARTISAN,SCATTERING,39,0
2001,APRIL,DOUGLAS,POPLAR VILLAGE WARD 1,SPRING GENERAL,JUSTICE OF THE SUPREME COURT,NONPARTISAN,"DAVID T PROSSER, JR.",68,68
2001,APRIL,DOUGLAS,POPLAR VILLAGE WARD 1,SPRING GENERAL,JUSTICE OF THE SUPREME COURT,NONPARTISAN,SCATTERING,68,0
2001,APRIL,DOUGLAS,SOLON SPRINGS VILLAGE WARD 1,SPRING GENERAL,JUSTICE OF THE SUPREME COURT,NONPARTISAN,"DAVID T PROSSER, JR.",124,124
2001,APRIL,DOUGLAS,SOLON SPRINGS VILLAGE WARD 1,SPRING GENERAL,JUSTICE OF THE SUPREME COURT,NONPARTISAN,SCATTERING,124,0
2001,APRIL,DOUGLAS,SUPERIOR VILLAGE WARD 1,SPRING GENERAL,JUSTICE OF THE SUPREME COURT,NONPARTISAN,"DAVID T PROSSER, JR.",69,68
2001,APRIL,DOUGLAS,SUPERIOR VILLAGE WARD 1,SPRING GENERAL,JUSTICE OF THE SUPREME COURT,NONPARTISAN,SCATTERING,69,1
2001,APRIL,DOUGLAS,SUPERIOR CITY WARDS 1 & 2,SPRING GENERAL,JUSTICE OF THE SUPREME COURT,NONPARTISAN,"DAVID T PROSSER, JR.",270,270
2001,APRIL,DOUGLAS,SUPERIOR CITY WARDS 1 & 2,SPRING GENERAL,JUSTICE OF THE SUPREME COURT,NONPARTISAN,SCATTERING,270,0
2001,APRIL,DOUGLAS,SUPERIOR CITY WARDS 3 & 4,SPRING GENERAL,JUSTICE OF THE SUPREME COURT,NONPARTISAN,"DAVID T PROSSER, JR.",225,225
2001,APRIL,DOUGLAS,SUPERIOR CITY WARDS 3 & 4,SPRING GENERAL,JUSTICE OF THE SUPREME COURT,NONPARTISAN,SCATTERING,225,0
2001,APRIL,DOUGLAS,SUPERIOR CITY WARDS 5 & 6,SPRING GENERAL,JUSTICE OF THE SUPREME COURT,NONPARTISAN,"DAVID T PROSSER, JR.",293,293
2001,APRIL,DOUGLAS,SUPERIOR CITY WARDS 5 & 6,SPRING GENERAL,JUSTICE OF THE SUPREME COURT,NONPARTISAN,SCATTERING,293,0
2001,APRIL,DOUGLAS,SUPERIOR CITY WARDS 7 & 8,SPRING GENERAL,JUSTICE OF THE SUPREME COURT,NONPARTISAN,"DAVID T PROSSER, JR.",275,275
2001,APRIL,DOUGLAS,SUPERIOR CITY WARDS 7 & 8,SPRING GENERAL,JUSTICE OF THE SUPREME COURT,NONPARTISAN,SCATTERING,275,0
2001,APRIL,DOUGLAS,SUPERIOR CITY WARDS 9 & 10,SPRING GENERAL,JUSTICE OF THE SUPREME COURT,NONPARTISAN,"DAVID T PROSSER, JR.",350,350
2001,APRIL,DOUGLAS,SUPERIOR CITY WARDS 9 & 10,SPRING GENERAL,JUSTICE OF THE SUPREME COURT,NONPARTISAN,SCATTERING,350,0
2001,APRIL,DOUGLAS,SUPERIOR CITY WARDS 11 & 12,SPRING GENERAL,JUSTICE OF THE SUPREME COURT,NONPARTISAN,"DAVID T PROSSER, JR.",154,154
2001,APRIL,DOUGLAS,SUPERIOR CITY WARDS 11 & 12,SPRING GENERAL,JUSTICE OF THE SUPREME COURT,NONPARTISAN,SCATTERING,154,0
2001,APRIL,DOUGLAS,SUPERIOR CITY WARDS 13 & 14,SPRING GENERAL,JUSTICE OF THE SUPREME COURT,NONPARTISAN,"DAVID T PROSSER, JR.",208,208
2001,APRIL,DOUGLAS,SUPERIOR CITY WARDS 13 & 14,SPRING GENERAL,JUSTICE OF THE SUPREME COURT,NONPARTISAN,SCATTERING,208,0
2001,APRIL,DOUGLAS,SUPERIOR CITY WARDS 15 & 16,SPRING GENERAL,JUSTICE OF THE SUPREME COURT,NONPARTISAN,"DAVID T PROSSER, JR.",234,233
2001,APRIL,DOUGLAS,SUPERIOR CITY WARDS 15 & 16,SPRING GENERAL,JUSTICE OF THE SUPREME COURT,NONPARTISAN,SCATTERING,234,1
2001,APRIL,DOUGLAS,SUPERIOR CITY WARDS 17 & 18,SPRING GENERAL,JUSTICE OF THE SUPREME COURT,NONPARTISAN,"DAVID T PROSSER, JR.",366,366
2001,APRIL,DOUGLAS,SUPERIOR CITY WARDS 17 & 18,SPRING GENERAL,JUSTICE OF THE SUPREME COURT,NONPARTISAN,SCATTERING,366,0
2001,APRIL,DOUGLAS,SUPERIOR CITY WARDS 19 & 20,SPRING GENERAL,JUSTICE OF THE SUPREME COURT,NONPARTISAN,"DAVID T PROSSER, JR.",155,155
2001,APRIL,DOUGLAS,SUPERIOR CITY WARDS 19 & 20,SPRING GENERAL,JUSTICE OF THE SUPREME COURT,NONPARTISAN,SCATTERING,155,0
2001,APRIL,DUNN,COLFAX TOWN WARDS 1 - 3,SPRING GENERAL,JUSTICE OF THE SUPREME COURT,NONPARTISAN,"DAVID T PROSSER, JR.",115,115
2001,APRIL,DUNN,COLFAX TOWN WARDS 1 - 3,SPRING GENERAL,JUSTICE OF THE SUPREME COURT,NONPARTISAN,SCATTERING,115,0
2001,APRIL,DUNN,DUNN TOWN WARDS 1 & 2,SPRING GENERAL,JUSTICE OF THE SUPREME COURT,NONPARTISAN,"DAVID T PROSSER, JR.",89,88
2001,APRIL,DUNN,DUNN TOWN WARDS 1 & 2,SPRING GENERAL,JUSTICE OF THE SUPREME COURT,NONPARTISAN,SCATTERING,89,1
2001,APRIL,DUNN,EAU GALLE TOWN WARD 1,SPRING GENERAL,JUSTICE OF THE SUPREME COURT,NONPARTISAN,"DAVID T PROSSER, JR.",45,45
2001,APRIL,DUNN,EAU GALLE TOWN WARD 1,SPRING GENERAL,JUSTICE OF THE SUPREME COURT,NONPARTISAN,SCATTERING,45,0
2001,APRIL,DUNN,ELK MOUND TOWN WARDS 1 - 3,SPRING GENERAL,JUSTICE OF THE SUPREME COURT,NONPARTISAN,"DAVID T PROSSER, JR.",203,203
2001,APRIL,DUNN,ELK MOUND TOWN WARDS 1 - 3,SPRING GENERAL,JUSTICE OF THE SUPREME COURT,NONPARTISAN,SCATTERING,203,0
2001,APRIL,DUNN,GRANT TOWN WARD 1,SPRING GENERAL,JUSTICE OF THE SUPREME COURT,NONPARTISAN,"DAVID T PROSSER, JR.",102,102
2001,APRIL,DUNN,GRANT TOWN WARD 1,SPRING GENERAL,JUSTICE OF THE SUPREME COURT,NONPARTISAN,SCATTERING,102,0
2001,APRIL,DUNN,HAY RIVER TOWN WARDS 1 & 2,SPRING GENERAL,JUSTICE OF THE SUPREME COURT,NONPARTISAN,"DAVID T PROSSER, JR.",65,65
2001,APRIL,DUNN,HAY RIVER TOWN WARDS 1 & 2,SPRING GENERAL,JUSTICE OF THE SUPREME COURT,NONPARTISAN,SCATTERING,65,0
2001,APRIL,DUNN,LUCAS TOWN WARD 1,SPRING GENERAL,JUSTICE OF THE SUPREME COURT,NONPARTISAN,"DAVID T PROSSER, JR.",61,61
2001,APRIL,DUNN,LUCAS TOWN WARD 1,SPRING GENERAL,JUSTICE OF THE SUPREME COURT,NONPARTISAN,SCATTERING,61,0
2001,APRIL,DUNN,MENOMONIE TOWN WARDS 1 - 3,SPRING GENERAL,JUSTICE OF THE SUPREME COURT,NONPARTISAN,"DAVID T PROSSER, JR.",292,292
2001,APRIL,DUNN,MENOMONIE TOWN WARDS 1 - 3,SPRING GENERAL,JUSTICE OF THE SUPREME COURT,NONPARTISAN,SCATTERING,292,0
2001,APRIL,DUNN,NEW HAVEN TOWN WARD 1,SPRING GENERAL,JUSTICE OF THE SUPREME COURT,NONPARTISAN,"DAVID T PROSSER, JR.",60,60
2001,APRIL,DUNN,NEW HAVEN TOWN WARD 1,SPRING GENERAL,JUSTICE OF THE SUPREME COURT,NONPARTISAN,SCATTERING,60,0
2001,APRIL,DUNN,OTTER CREEK TOWN WARD 1,SPRING GENERAL,JUSTICE OF THE SUPREME COURT,NONPARTISAN,"DAVID T PROSSER, JR.",56,56
2001,APRIL,DUNN,OTTER CREEK TOWN WARD 1,SPRING GENERAL,JUSTICE OF THE SUPREME COURT,NONPARTISAN,SCATTERING,56,0
2001,APRIL,DUNN,PERU TOWN WARD 1,SPRING GENERAL,JUSTICE OF THE SUPREME COURT,NONPARTISAN,"DAVID T PROSSER, JR.",49,49
2001,APRIL,DUNN,PERU TOWN WARD 1,SPRING GENERAL,JUSTICE OF THE SUPREME COURT,NONPARTISAN,SCATTERING,49,0
2001,APRIL,DUNN,RED CEDAR TOWN WARDS 1 & 2,SPRING GENERAL,JUSTICE OF THE SUPREME COURT,NONPARTISAN,"DAVID T PROSSER, JR.",183,183
2001,APRIL,DUNN,RED CEDAR TOWN WARDS 1 & 2,SPRING GENERAL,JUSTICE OF THE SUPREME COURT,NONPARTISAN,SCATTERING,183,0
2001,APRIL,DUNN,ROCK CREEK TOWN WARD 1,SPRING GENERAL,JUSTICE OF THE SUPREME COURT,NONPARTISAN,"DAVID T PROSSER, JR.",221,221
2001,APRIL,DUNN,ROCK CREEK TOWN WARD 1,SPRING GENERAL,JUSTICE OF THE SUPREME COURT,NONPARTISAN,SCATTERING,221,0
2001,APRIL,DUNN,SAND CREEK TOWN WARD 1,SPRING GENERAL,JUSTICE OF THE SUPREME COURT,NONPARTISAN,"DAVID T PROSSER, JR.",122,122
2001,APRIL,DUNN,SAND CREEK TOWN WARD 1,SPRING GENERAL,JUSTICE OF THE SUPREME COURT,NONPARTISAN,SCATTERING,122,0
2001,APRIL,DUNN,SHERIDAN TOWN WARD 1,SPRING GENERAL,JUSTICE OF THE SUPREME COURT,NONPARTISAN,"DAVID T PROSSER, JR.",98,98
2001,APRIL,DUNN,SHERIDAN TOWN WARD 1,SPRING GENERAL,JUSTICE OF THE SUPREME COURT,NONPARTISAN,SCATTERING,98,0
2001,APRIL,DUNN,SHERMAN TOWN WARD 1,SPRING GENERAL,JUSTICE OF THE SUPREME COURT,NONPARTISAN,"DAVID T PROSSER, JR.",131,131
2001,APRIL,DUNN,SHERMAN TOWN WARD 1,SPRING GENERAL,JUSTICE OF THE SUPREME COURT,NONPARTISAN,SCATTERING,131,0
2001,APRIL,DUNN,SPRING BROOK TOWN WARDS 1 - 3,SPRING GENERAL,JUSTICE OF THE SUPREME COURT,NONPARTISAN,"DAVID T PROSSER, JR.",212,212
2001,APRIL,DUNN,SPRING BROOK TOWN WARDS 1 - 3,SPRING GENERAL,JUSTICE OF THE SUPREME COURT,NONPARTISAN,SCATTERING,212,0
2001,APRIL,DUNN,STANTON TOWN WARDS 1 & 2,SPRING GENERAL,JUSTICE OF THE SUPREME COURT,NONPARTISAN,"DAVID T PROSSER, JR.",100,100
2001,APRIL,DUNN,STANTON TOWN WARDS 1 & 2,SPRING GENERAL,JUSTICE OF THE SUPREME COURT,NONPARTISAN,SCATTERING,100,0
2001,APRIL,DUNN,TAINTER TOWN WARDS 1 - 3,SPRING GENERAL,JUSTICE OF THE SUPREME COURT,NONPARTISAN,"DAVID T PROSSER, JR.",191,191
2001,APRIL,DUNN,TAINTER TOWN WARDS 1 - 3,SPRING GENERAL,JUSTICE OF THE SUPREME COURT,NONPARTISAN,SCATTERING,191,0
2001,APRIL,DUNN,TIFFANY TOWN WARDS 1 - 3,SPRING GENERAL,JUSTICE OF THE SUPREME COURT,NONPARTISAN,"DAVID T PROSSER, JR.",81,81
2001,APRIL,DUNN,TIFFANY TOWN WARDS 1 - 3,SPRING GENERAL,JUSTICE OF THE SUPREME COURT,NONPARTISAN,SCATTERING,81,0
2001,APRIL,DUNN,WESTON TOWN WARDS 1 & 2,SPRING GENERAL,JUSTICE OF THE SUPREME COURT,NONPARTISAN,"DAVID T PROSSER, JR.",138,138
2001,APRIL,DUNN,WESTON TOWN WARDS 1 & 2,SPRING GENERAL,JUSTICE OF THE SUPREME COURT,NONPARTISAN,SCATTERING,138,0
2001,APRIL,DUNN,WILSON TOWN WARDS 1 & 2,SPRING GENERAL,JUSTICE OF THE SUPREME COURT,NONPARTISAN,"DAVID T PROSSER, JR.",54,54
2001,APRIL,DUNN,WILSON TOWN WARDS 1 & 2,SPRING GENERAL,JUSTICE OF THE SUPREME COURT,NONPARTISAN,SCATTERING,54,0
2001,APRIL,DUNN,BOYCEVILLE VILLAGE WARD 1,SPRING GENERAL,JUSTICE OF THE SUPREME COURT,NONPARTISAN,"DAVID T PROSSER, JR.",131,131
2001,APRIL,DUNN,BOYCEVILLE VILLAGE WARD 1,SPRING GENERAL,JUSTICE OF THE SUPREME COURT,NONPARTISAN,SCATTERING,131,0
2001,APRIL,DUNN,COLFAX VILLAGE WARDS 1 & 2,SPRING GENERAL,JUSTICE OF THE SUPREME COURT,NONPARTISAN,"DAVID T PROSSER, JR.",196,196
2001,APRIL,DUNN,COLFAX VILLAGE WARDS 1 & 2,SPRING GENERAL,JUSTICE OF THE SUPREME COURT,NONPARTISAN,SCATTERING,196,0
2001,APRIL,DUNN,DOWNING VILLAGE WARD 1,SPRING GENERAL,JUSTICE OF THE SUPREME COURT,NONPARTISAN,"DAVID T PROSSER, JR.",44,44
2001,APRIL,DUNN,DOWNING VILLAGE WARD 1,SPRING GENERAL,JUSTICE OF THE SUPREME COURT,NONPARTISAN,SCATTERING,44,0
2001,APRIL,DUNN,ELK MOUND VILLAGE WARD 1,SPRING GENERAL,JUSTICE OF THE SUPREME COURT,NONPARTISAN,"DAVID T PROSSER, JR.",121,121
2001,APRIL,DUNN,ELK MOUND VILLAGE WARD 1,SPRING GENERAL,JUSTICE OF THE SUPREME COURT,NONPARTISAN,SCATTERING,121,0
2001,APRIL,DUNN,KNAPP VILLAGE WARD 1,SPRING GENERAL,JUSTICE OF THE SUPREME COURT,NONPARTISAN,"DAVID T PROSSER, JR.",93,93
2001,APRIL,DUNN,KNAPP VILLAGE WARD 1,SPRING GENERAL,JUSTICE OF THE SUPREME COURT,NONPARTISAN,SCATTERING,93,0
2001,APRIL,DUNN,RIDGELAND VILLAGE WARD 1,SPRING GENERAL,JUSTICE OF THE SUPREME COURT,NONPARTISAN,"DAVID T PROSSER, JR.",21,21
2001,APRIL,DUNN,RIDGELAND VILLAGE WARD 1,SPRING GENERAL,JUSTICE OF THE SUPREME COURT,NONPARTISAN,SCATTERING,21,0
2001,APRIL,DUNN,WHEELER VILLAGE WARD 1,SPRING GENERAL,JUSTICE OF THE SUPREME COURT,NONPARTISAN,"DAVID T PROSSER, JR.",79,79
2001,APRIL,DUNN,WHEELER VILLAGE WARD 1,SPRING GENERAL,JUSTICE OF THE SUPREME COURT,NONPARTISAN,SCATTERING,79,0
2001,APRIL,DUNN,MENOMONIE CITY WARD 1,SPRING GENERAL,JUSTICE OF THE SUPREME COURT,NONPARTISAN,"DAVID T PROSSER, JR.",104,103
2001,APRIL,DUNN,MENOMONIE CITY WARD 1,SPRING GENERAL,JUSTICE OF THE SUPREME COURT,NONPARTISAN,SCATTERING,104,1
2001,APRIL,DUNN,MENOMONIE CITY WARD 2,SPRING GENERAL,JUSTICE OF THE SUPREME COURT,NONPARTISAN,"DAVID T PROSSER, JR.",82,82
2001,APRIL,DUNN,MENOMONIE CITY WARD 2,SPRING GENERAL,JUSTICE OF THE SUPREME COURT,NONPARTISAN,SCATTERING,82,0
2001,APRIL,DUNN,MENOMONIE CITY WARD 3,SPRING GENERAL,JUSTICE OF THE SUPREME COURT,NONPARTISAN,"DAVID T PROSSER, JR.",5,5
2001,APRIL,DUNN,MENOMONIE CITY WARD 3,SPRING GENERAL,JUSTICE OF THE SUPREME COURT,NONPARTISAN,SCATTERING,5,0
2001,APRIL,DUNN,MENOMONIE CITY WARD 4,SPRING GENERAL,JUSTICE OF THE SUPREME COURT,NONPARTISAN,"DAVID T PROSSER, JR.",25,25
2001,APRIL,DUNN,MENOMONIE CITY WARD 4,SPRING GENERAL,JUSTICE OF THE SUPREME COURT,NONPARTISAN,SCATTERING,25,0
2001,APRIL,DUNN,MENOMONIE CITY WARD 5,SPRING GENERAL,JUSTICE OF THE SUPREME COURT,NONPARTISAN,"DAVID T PROSSER, JR.",12,12
2001,APRIL,DUNN,MENOMONIE CITY WARD 5,SPRING GENERAL,JUSTICE OF THE SUPREME COURT,NONPARTISAN,SCATTERING,12,0
2001,APRIL,DUNN,MENOMONIE CITY WARD 6,SPRING GENERAL,JUSTICE OF THE SUPREME COURT,NONPARTISAN,"DAVID T PROSSER, JR.",92,92
2001,APRIL,DUNN,MENOMONIE CITY WARD 6,SPRING GENERAL,JUSTICE OF THE SUPREME COURT,NONPARTISAN,SCATTERING,92,0
2001,APRIL,DUNN,MENOMONIE CITY WARD 7,SPRING GENERAL,JUSTICE OF THE SUPREME COURT,NONPARTISAN,"DAVID T PROSSER, JR.",7,7
2001,APRIL,DUNN,MENOMONIE CITY WARD 7,SPRING GENERAL,JUSTICE OF THE SUPREME COURT,NONPARTISAN,SCATTERING,7,0
2001,APRIL,DUNN,MENOMONIE CITY WARD 8,SPRING GENERAL,JUSTICE OF THE SUPREME COURT,NONPARTISAN,"DAVID T PROSSER, JR.",48,48
2001,APRIL,DUNN,MENOMONIE CITY WARD 8,SPRING GENERAL,JUSTICE OF THE SUPREME COURT,NONPARTISAN,SCATTERING,48,0
2001,APRIL,DUNN,MENOMONIE CITY WARD 9,SPRING GENERAL,JUSTICE OF THE SUPREME COURT,NONPARTISAN,"DAVID T PROSSER, JR.",86,86
2001,APRIL,DUNN,MENOMONIE CITY WARD 9,SPRING GENERAL,JUSTICE OF THE SUPREME COURT,NONPARTISAN,SCATTERING,86,0
2001,APRIL,DUNN,MENOMONIE CITY WARD 10,SPRING GENERAL,JUSTICE OF THE SUPREME COURT,NONPARTISAN,"DAVID T PROSSER, JR.",104,104
2001,APRIL,DUNN,MENOMONIE CITY WARD 10,SPRING GENERAL,JUSTICE OF THE SUPREME COURT,NONPARTISAN,SCATTERING,104,0
2001,APRIL,DUNN,MENOMONIE CITY WARD 11,SPRING GENERAL,JUSTICE OF THE SUPREME COURT,NONPARTISAN,"DAVID T PROSSER, JR.",128,128
2001,APRIL,DUNN,MENOMONIE CITY WARD 11,SPRING GENERAL,JUSTICE OF THE SUPREME COURT,NONPARTISAN,SCATTERING,128,0
2001,APRIL,EAU CLAIRE,BRIDGE CREEK TOWN WARDS 1 & 2,SPRING GENERAL,JUSTICE OF THE SUPREME COURT,NONPARTISAN,"DAVID T PROSSER, JR.",232,231
2001,APRIL,EAU CLAIRE,BRIDGE CREEK TOWN WARDS 1 & 2,SPRING GENERAL,JUSTICE OF THE SUPREME COURT,NONPARTISAN,SCATTERING,232,1
2001,APRIL,EAU CLAIRE,BRUNSWICK TOWN WARDS 1 & 2,SPRING GENERAL,JUSTICE OF THE SUPREME COURT,NONPARTISAN,"DAVID T PROSSER, JR.",227,226
2001,APRIL,EAU CLAIRE,BRUNSWICK TOWN WARDS 1 & 2,SPRING GENERAL,JUSTICE OF THE SUPREME COURT,NONPARTISAN,SCATTERING,227,1
2001,APRIL,EAU CLAIRE,CLEAR CREEK TOWN WARDS 1 & 2,SPRING GENERAL,JUSTICE OF THE SUPREME COURT,NONPARTISAN,"DAVID T PROSSER, JR.",166,166
2001,APRIL,EAU CLAIRE,CLEAR CREEK TOWN WARDS 1 & 2,SPRING GENERAL,JUSTICE OF THE SUPREME COURT,NONPARTISAN,SCATTERING,166,0
2001,APRIL,EAU CLAIRE,DRAMMEN TOWN WARD 1,SPRING GENERAL,JUSTICE OF THE SUPREME COURT,NONPARTISAN,"DAVID T PROSSER, JR.",46,46
2001,APRIL,EAU CLAIRE,DRAMMEN TOWN WARD 1,SPRING GENERAL,JUSTICE OF THE SUPREME COURT,NONPARTISAN,SCATTERING,46,0
2001,APRIL,EAU CLAIRE,FAIRCHILD TOWN WARD 1,SPRING GENERAL,JUSTICE OF THE SUPREME COURT,NONPARTISAN,"DAVID T PROSSER, JR.",27,27
2001,APRIL,EAU CLAIRE,FAIRCHILD TOWN WARD 1,SPRING GENERAL,JUSTICE OF THE SUPREME COURT,NONPARTISAN,SCATTERING,27,0
2001,APRIL,EAU CLAIRE,LINCOLN TOWN WARDS 1 & 2,SPRING GENERAL,JUSTICE OF THE SUPREME COURT,NONPARTISAN,"DAVID T PROSSER, JR.",145,145
2001,APRIL,EAU CLAIRE,LINCOLN TOWN WARDS 1 & 2,SPRING GENERAL,JUSTICE OF THE SUPREME COURT,NONPARTISAN,SCATTERING,145,0
2001,APRIL,EAU CLAIRE,LUDINGTON TOWN WARD 1,SPRING GENERAL,JUSTICE OF THE SUPREME COURT,NONPARTISAN,"DAVID T PROSSER, JR.",177,175
2001,APRIL,EAU CLAIRE,LUDINGTON TOWN WARD 1,SPRING GENERAL,JUSTICE OF THE SUPREME COURT,NONPARTISAN,SCATTERING,177,2
2001,APRIL,EAU CLAIRE,OTTER CREEK TOWN WARD 1,SPRING GENERAL,JUSTICE OF THE SUPREME COURT,NONPARTISAN,"DAVID T PROSSER, JR.",79,79
2001,APRIL,EAU CLAIRE,OTTER CREEK TOWN WARD 1,SPRING GENERAL,JUSTICE OF THE SUPREME COURT,NONPARTISAN,SCATTERING,79,0
2001,APRIL,EAU CLAIRE,PLEASANT VALLEY TOWN WARDS 1 - 3,SPRING GENERAL,JUSTICE OF THE SUPREME COURT,NONPARTISAN,"DAVID T PROSSER, JR.",251,251
2001,APRIL,EAU CLAIRE,PLEASANT VALLEY TOWN WARDS 1 - 3,SPRING GENERAL,JUSTICE OF THE SUPREME COURT,NONPARTISAN,SCATTERING,251,0
2001,APRIL,EAU CLAIRE,SEYMOUR TOWN WARDS 1 - 4,SPRING GENERAL,JUSTICE OF THE SUPREME COURT,NONPARTISAN,"DAVID T PROSSER, JR.",252,251
2001,APRIL,EAU CLAIRE,SEYMOUR TOWN WARDS 1 - 4,SPRING GENERAL,JUSTICE OF THE SUPREME COURT,NONPARTISAN,SCATTERING,252,1
2001,APRIL,EAU CLAIRE,UNION TOWN WARDS 1 - 3,SPRING GENERAL,JUSTICE OF THE SUPREME COURT,NONPARTISAN,"DAVID T PROSSER, JR.",313,313
2001,APRIL,EAU CLAIRE,UNION TOWN WARDS 1 - 3,SPRING GENERAL,JUSTICE OF THE SUPREME COURT,NONPARTISAN,SCATTERING,313,0
2001,APRIL,EAU CLAIRE,"WASHINGTON TOWN WARDS 1, 6 - 12",SPRING GENERAL,JUSTICE OF THE SUPREME COURT,NONPARTISAN,"DAVID T PROSSER, JR.",249,248
2001,APRIL,EAU CLAIRE,"WASHINGTON TOWN WARDS 1, 6 - 12",SPRING GENERAL,JUSTICE OF THE SUPREME COURT,NONPARTISAN,SCATTERING,249,1
2001,APRIL,EAU CLAIRE,WASHINGTON TOWN WARDS 2 - 5,SPRING GENERAL,JUSTICE OF THE SUPREME COURT,NONPARTISAN,"DAVID T PROSSER, JR.",272,272
2001,APRIL,EAU CLAIRE,WASHINGTON TOWN WARDS 2 - 5,SPRING GENERAL,JUSTICE OF THE SUPREME COURT,NONPARTISAN,SCATTERING,272,0
2001,APRIL,EAU CLAIRE,WILSON TOWN WARD 1,SPRING GENERAL,JUSTICE OF THE SUPREME COURT,NONPARTISAN,"DAVID T PROSSER, JR.",28,27
2001,APRIL,EAU CLAIRE,WILSON TOWN WARD 1,SPRING GENERAL,JUSTICE OF THE SUPREME COURT,NONPARTISAN,SCATTERING,28,1
2001,APRIL,EAU CLAIRE,FAIRCHILD VILLAGE WARD 1,SPRING GENERAL,JUSTICE OF THE SUPREME COURT,NONPARTISAN,"DAVID T PROSSER, JR.",71,70
2001,APRIL,EAU CLAIRE,FAIRCHILD VILLAGE WARD 1,SPRING GENERAL,JUSTICE OF THE SUPREME COURT,NONPARTISAN,SCATTERING,71,1
2001,APRIL,EAU CLAIRE,FALL CREEK VILLAGE WARDS 1 & 2,SPRING GENERAL,JUSTICE OF THE SUPREME COURT,NONPARTISAN,"DAVID T PROSSER, JR.",211,211
2001,APRIL,EAU CLAIRE,FALL CREEK VILLAGE WARDS 1 & 2,SPRING GENERAL,JUSTICE OF THE SUPREME COURT,NONPARTISAN,SCATTERING,211,0
2001,APRIL,EAU CLAIRE,"ALTOONA CITY WARDS 1, 2 & 7",SPRING GENERAL,JUSTICE OF THE SUPREME COURT,NONPARTISAN,"DAVID T PROSSER, JR.",51,51
2001,APRIL,EAU CLAIRE,"ALTOONA CITY WARDS 1, 2 & 7",SPRING GENERAL,JUSTICE OF THE SUPREME COURT,NONPARTISAN,SCATTERING,51,0
2001,APRIL,EAU CLAIRE,ALTOONA CITY WARDS 3 & 8,SPRING GENERAL,JUSTICE OF THE SUPREME COURT,NONPARTISAN,"DAVID T PROSSER, JR.",100,100
2001,APRIL,EAU CLAIRE,ALTOONA CITY WARDS 3 & 8,SPRING GENERAL,JUSTICE OF THE SUPREME COURT,NONPARTISAN,SCATTERING,100,0
2001,APRIL,EAU CLAIRE,ALTOONA CITY WARD 4,SPRING GENERAL,JUSTICE OF THE SUPREME COURT,NONPARTISAN,"DAVID T PROSSER, JR.",72,71
2001,APRIL,EAU CLAIRE,ALTOONA CITY WARD 4,SPRING GENERAL,JUSTICE OF THE SUPREME COURT,NONPARTISAN,SCATTERING,72,1
2001,APRIL,EAU CLAIRE,ALTOONA CITY WARD 5,SPRING GENERAL,JUSTICE OF THE SUPREME COURT,NONPARTISAN,"DAVID T PROSSER, JR.",53,53
2001,APRIL,EAU CLAIRE,ALTOONA CITY WARD 5,SPRING GENERAL,JUSTICE OF THE SUPREME COURT,NONPARTISAN,SCATTERING,53,0
2001,APRIL,EAU CLAIRE,ALTOONA CITY WARD 6,SPRING GENERAL,JUSTICE OF THE SUPREME COURT,NONPARTISAN,"DAVID T PROSSER, JR.",79,78
2001,APRIL,EAU CLAIRE,ALTOONA CITY WARD 6,SPRING GENERAL,JUSTICE OF THE SUPREME COURT,NONPARTISAN,SCATTERING,79,1
2001,APRIL,EAU CLAIRE,AUGUSTA CITY WARDS 1 & 2,SPRING GENERAL,JUSTICE OF THE SUPREME COURT,NONPARTISAN,"DAVID T PROSSER, JR.",105,105
2001,APRIL,EAU CLAIRE,AUGUSTA CITY WARDS 1 & 2,SPRING GENERAL,JUSTICE OF THE SUPREME COURT,NONPARTISAN,SCATTERING,105,0
2001,APRIL,EAU CLAIRE,AUGUSTA CITY WARD 3,SPRING GENERAL,JUSTICE OF THE SUPREME COURT,NONPARTISAN,"DAVID T PROSSER, JR.",43,43
2001,APRIL,EAU CLAIRE,AUGUSTA CITY WARD 3,SPRING GENERAL,JUSTICE OF THE SUPREME COURT,NONPARTISAN,SCATTERING,43,0
2001,APRIL,EAU CLAIRE,AUGUSTA CITY WARD 4,SPRING GENERAL,JUSTICE OF THE SUPREME COURT,NONPARTISAN,"DAVID T PROSSER, JR.",48,48
2001,APRIL,EAU CLAIRE,AUGUSTA CITY WARD 4,SPRING GENERAL,JUSTICE OF THE SUPREME COURT,NONPARTISAN,SCATTERING,48,0
2001,APRIL,EAU CLAIRE,AUGUSTA CITY WARD 5,SPRING GENERAL,JUSTICE OF THE SUPREME COURT,NONPARTISAN,"DAVID T PROSSER, JR.",55,55
2001,APRIL,EAU CLAIRE,AUGUSTA CITY WARD 5,SPRING GENERAL,JUSTICE OF THE SUPREME COURT,NONPARTISAN,SCATTERING,55,0
2001,APRIL,EAU CLAIRE,EAU CLAIRE CITY WARD 1,SPRING GENERAL,JUSTICE OF THE SUPREME COURT,NONPARTISAN,"DAVID T PROSSER, JR.",202,201
2001,APRIL,EAU CLAIRE,EAU CLAIRE CITY WARD 1,SPRING GENERAL,JUSTICE OF THE SUPREME COURT,NONPARTISAN,SCATTERING,202,1
2001,APRIL,EAU CLAIRE,EAU CLAIRE CITY WARD 2,SPRING GENERAL,JUSTICE OF THE SUPREME COURT,NONPARTISAN,"DAVID T PROSSER, JR.",55,55
2001,APRIL,EAU CLAIRE,EAU CLAIRE CITY WARD 2,SPRING GENERAL,JUSTICE OF THE SUPREME COURT,NONPARTISAN,SCATTERING,55,0
2001,APRIL,EAU CLAIRE,EAU CLAIRE CITY WARD 3,SPRING GENERAL,JUSTICE OF THE SUPREME COURT,NONPARTISAN,"DAVID T PROSSER, JR.",289,283
2001,APRIL,EAU CLAIRE,EAU CLAIRE CITY WARD 3,SPRING GENERAL,JUSTICE OF THE SUPREME COURT,NONPARTISAN,SCATTERING,289,6
2001,APRIL,EAU CLAIRE,EAU CLAIRE CITY WARD 4,SPRING GENERAL,JUSTICE OF THE SUPREME COURT,NONPARTISAN,"DAVID T PROSSER, JR.",174,173
2001,APRIL,EAU CLAIRE,EAU CLAIRE CITY WARD 4,SPRING GENERAL,JUSTICE OF THE SUPREME COURT,NONPARTISAN,SCATTERING,174,1
2001,APRIL,EAU CLAIRE,EAU CLAIRE CITY WARD 5,SPRING GENERAL,JUSTICE OF THE SUPREME COURT,NONPARTISAN,"DAVID T PROSSER, JR.",49,49
2001,APRIL,EAU CLAIRE,EAU CLAIRE CITY WARD 5,SPRING GENERAL,JUSTICE OF THE SUPREME COURT,NONPARTISAN,SCATTERING,49,0
2001,APRIL,EAU CLAIRE,EAU CLAIRE CITY WARD 6,SPRING GENERAL,JUSTICE OF THE SUPREME COURT,NONPARTISAN,"DAVID T PROSSER, JR.",151,150
2001,APRIL,EAU CLAIRE,EAU CLAIRE CITY WARD 6,SPRING GENERAL,JUSTICE OF THE SUPREME COURT,NONPARTISAN,SCATTERING,151,1
2001,APRIL,EAU CLAIRE,EAU CLAIRE CITY WARD 7,SPRING GENERAL,JUSTICE OF THE SUPREME COURT,NONPARTISAN,"DAVID T PROSSER, JR.",93,93
2001,APRIL,EAU CLAIRE,EAU CLAIRE CITY WARD 7,SPRING GENERAL,JUSTICE OF THE SUPREME COURT,NONPARTISAN,SCATTERING,93,0
2001,APRIL,EAU CLAIRE,EAU CLAIRE CITY WARD 8,SPRING GENERAL,JUSTICE OF THE SUPREME COURT,NONPARTISAN,"DAVID T PROSSER, JR.",201,201
2001,APRIL,EAU CLAIRE,EAU CLAIRE CITY WARD 8,SPRING GENERAL,JUSTICE OF THE SUPREME COURT,NONPARTISAN,SCATTERING,201,0
2001,APRIL,EAU CLAIRE,EAU CLAIRE CITY WARD 9,SPRING GENERAL,JUSTICE OF THE SUPREME COURT,NONPARTISAN,"DAVID T PROSSER, JR.",26,25
2001,APRIL,EAU CLAIRE,EAU CLAIRE CITY WARD 9,SPRING GENERAL,JUSTICE OF THE SUPREME COURT,NONPARTISAN,SCATTERING,26,1
2001,APRIL,EAU CLAIRE,EAU CLAIRE CITY WARD 10,SPRING GENERAL,JUSTICE OF THE SUPREME COURT,NONPARTISAN,"DAVID T PROSSER, JR.",84,84
2001,APRIL,EAU CLAIRE,EAU CLAIRE CITY WARD 10,SPRING GENERAL,JUSTICE OF THE SUPREME COURT,NONPARTISAN,SCATTERING,84,0
2001,APRIL,EAU CLAIRE,EAU CLAIRE CITY WARD 11,SPRING GENERAL,JUSTICE OF THE SUPREME COURT,NONPARTISAN,"DAVID T PROSSER, JR.",417,416
2001,APRIL,EAU CLAIRE,EAU CLAIRE CITY WARD 11,SPRING GENERAL,JUSTICE OF THE SUPREME COURT,NONPARTISAN,SCATTERING,417,1
2001,APRIL,EAU CLAIRE,EAU CLAIRE CITY WARD 12,SPRING GENERAL,JUSTICE OF THE SUPREME COURT,NONPARTISAN,"DAVID T PROSSER, JR.",352,351
2001,APRIL,EAU CLAIRE,EAU CLAIRE CITY WARD 12,SPRING GENERAL,JUSTICE OF THE SUPREME COURT,NONPARTISAN,SCATTERING,352,1
2001,APRIL,EAU CLAIRE,EAU CLAIRE CITY WARD 13,SPRING GENERAL,JUSTICE OF THE SUPREME COURT,NONPARTISAN,"DAVID T PROSSER, JR.",128,128
2001,APRIL,EAU CLAIRE,EAU CLAIRE CITY WARD 13,SPRING GENERAL,JUSTICE OF THE SUPREME COURT,NONPARTISAN,SCATTERING,128,0
2001,APRIL,EAU CLAIRE,EAU CLAIRE CITY WARD 14,SPRING GENERAL,JUSTICE OF THE SUPREME COURT,NONPARTISAN,"DAVID T PROSSER, JR.",149,146
2001,APRIL,EAU CLAIRE,EAU CLAIRE CITY WARD 14,SPRING GENERAL,JUSTICE OF THE SUPREME COURT,NONPARTISAN,SCATTERING,149,3
2001,APRIL,EAU CLAIRE,EAU CLAIRE CITY WARD 15,SPRING GENERAL,JUSTICE OF THE SUPREME COURT,NONPARTISAN,"DAVID T PROSSER, JR.",350,349
2001,APRIL,EAU CLAIRE,EAU CLAIRE CITY WARD 15,SPRING GENERAL,JUSTICE OF THE SUPREME COURT,NONPARTISAN,SCATTERING,350,1
2001,APRIL,EAU CLAIRE,EAU CLAIRE CITY WARD 17,SPRING GENERAL,JUSTICE OF THE SUPREME COURT,NONPARTISAN,"DAVID T PROSSER, JR.",167,166
2001,APRIL,EAU CLAIRE,EAU CLAIRE CITY WARD 17,SPRING GENERAL,JUSTICE OF THE SUPREME COURT,NONPARTISAN,SCATTERING,167,1
2001,APRIL,EAU CLAIRE,EAU CLAIRE CITY WARD 18,SPRING GENERAL,JUSTICE OF THE SUPREME COURT,NONPARTISAN,"DAVID T PROSSER, JR.",663,659
2001,APRIL,EAU CLAIRE,EAU CLAIRE CITY WARD 18,SPRING GENERAL,JUSTICE OF THE SUPREME COURT,NONPARTISAN,SCATTERING,663,4
2001,APRIL,EAU CLAIRE,EAU CLAIRE CITY WARD 19,SPRING GENERAL,JUSTICE OF THE SUPREME COURT,NONPARTISAN,"DAVID T PROSSER, JR.",11,11
2001,APRIL,EAU CLAIRE,EAU CLAIRE CITY WARD 19,SPRING GENERAL,JUSTICE OF THE SUPREME COURT,NONPARTISAN,SCATTERING,11,0
2001,APRIL,EAU CLAIRE,EAU CLAIRE CITY WARD 20,SPRING GENERAL,JUSTICE OF THE SUPREME COURT,NONPARTISAN,"DAVID T PROSSER, JR.",82,78
2001,APRIL,EAU CLAIRE,EAU CLAIRE CITY WARD 20,SPRING GENERAL,JUSTICE OF THE SUPREME COURT,NONPARTISAN,SCATTERING,82,4
2001,APRIL,EAU CLAIRE,EAU CLAIRE CITY WARD 21,SPRING GENERAL,JUSTICE OF THE SUPREME COURT,NONPARTISAN,"DAVID T PROSSER, JR.",36,36
2001,APRIL,EAU CLAIRE,EAU CLAIRE CITY WARD 21,SPRING GENERAL,JUSTICE OF THE SUPREME COURT,NONPARTISAN,SCATTERING,36,0
2001,APRIL,EAU CLAIRE,EAU CLAIRE CITY WARD 22,SPRING GENERAL,JUSTICE OF THE SUPREME COURT,NONPARTISAN,"DAVID T PROSSER, JR.",224,224
2001,APRIL,EAU CLAIRE,EAU CLAIRE CITY WARD 22,SPRING GENERAL,JUSTICE OF THE SUPREME COURT,NONPARTISAN,SCATTERING,224,0
2001,APRIL,EAU CLAIRE,EAU CLAIRE CITY WARD 23,SPRING GENERAL,JUSTICE OF THE SUPREME COURT,NONPARTISAN,"DAVID T PROSSER, JR.",325,322
2001,APRIL,EAU CLAIRE,EAU CLAIRE CITY WARD 23,SPRING GENERAL,JUSTICE OF THE SUPREME COURT,NONPARTISAN,SCATTERING,325,3
2001,APRIL,EAU CLAIRE,EAU CLAIRE CITY WARD 24,SPRING GENERAL,JUSTICE OF THE SUPREME COURT,NONPARTISAN,"DAVID T PROSSER, JR.",39,36
2001,APRIL,EAU CLAIRE,EAU CLAIRE CITY WARD 24,SPRING GENERAL,JUSTICE OF THE SUPREME COURT,NONPARTISAN,SCATTERING,39,3
2001,APRIL,EAU CLAIRE,EAU CLAIRE CITY WARD 25,SPRING GENERAL,JUSTICE OF THE SUPREME COURT,NONPARTISAN,"DAVID T PROSSER, JR.",117,115
2001,APRIL,EAU CLAIRE,EAU CLAIRE CITY WARD 25,SPRING GENERAL,JUSTICE OF THE SUPREME COURT,NONPARTISAN,SCATTERING,117,2
2001,APRIL,EAU CLAIRE,EAU CLAIRE CITY WARD 26,SPRING GENERAL,JUSTICE OF THE SUPREME COURT,NONPARTISAN,"DAVID T PROSSER, JR.",307,306
2001,APRIL,EAU CLAIRE,EAU CLAIRE CITY WARD 26,SPRING GENERAL,JUSTICE OF THE SUPREME COURT,NONPARTISAN,SCATTERING,307,1
2001,APRIL,EAU CLAIRE,EAU CLAIRE CITY WARD 27,SPRING GENERAL,JUSTICE OF THE SUPREME COURT,NONPARTISAN,"DAVID T PROSSER, JR.",46,46
2001,APRIL,EAU CLAIRE,EAU CLAIRE CITY WARD 27,SPRING GENERAL,JUSTICE OF THE SUPREME COURT,NONPARTISAN,SCATTERING,46,0
2001,APRIL,EAU CLAIRE,EAU CLAIRE CITY WARD 28,SPRING GENERAL,JUSTICE OF THE SUPREME COURT,NONPARTISAN,"DAVID T PROSSER, JR.",89,89
2001,APRIL,EAU CLAIRE,EAU CLAIRE CITY WARD 28,SPRING GENERAL,JUSTICE OF THE SUPREME COURT,NONPARTISAN,SCATTERING,89,0
2001,APRIL,EAU CLAIRE,EAU CLAIRE CITY WARD 29,SPRING GENERAL,JUSTICE OF THE SUPREME COURT,NONPARTISAN,"DAVID T PROSSER, JR.",352,349
2001,APRIL,EAU CLAIRE,EAU CLAIRE CITY WARD 29,SPRING GENERAL,JUSTICE OF THE SUPREME COURT,NONPARTISAN,SCATTERING,352,3
2001,APRIL,EAU CLAIRE,EAU CLAIRE CITY WARD 30,SPRING GENERAL,JUSTICE OF THE SUPREME COURT,NONPARTISAN,"DAVID T PROSSER, JR.",419,416
2001,APRIL,EAU CLAIRE,EAU CLAIRE CITY WARD 30,SPRING GENERAL,JUSTICE OF THE SUPREME COURT,NONPARTISAN,SCATTERING,419,3
2001,APRIL,EAU CLAIRE,EAU CLAIRE CITY WARD 31,SPRING GENERAL,JUSTICE OF THE SUPREME COURT,NONPARTISAN,"DAVID T PROSSER, JR.",162,161
2001,APRIL,EAU CLAIRE,EAU CLAIRE CITY WARD 31,SPRING GENERAL,JUSTICE OF THE SUPREME COURT,NONPARTISAN,SCATTERING,162,1
2001,APRIL,EAU CLAIRE,EAU CLAIRE CITY WARD 32,SPRING GENERAL,JUSTICE OF THE SUPREME COURT,NONPARTISAN,"DAVID T PROSSER, JR.",125,122
2001,APRIL,EAU CLAIRE,EAU CLAIRE CITY WARD 32,SPRING GENERAL,JUSTICE OF THE SUPREME COURT,NONPARTISAN,SCATTERING,125,3
2001,APRIL,EAU CLAIRE,EAU CLAIRE CITY WARD 33,SPRING GENERAL,JUSTICE OF THE SUPREME COURT,NONPARTISAN,"DAVID T PROSSER, JR.",37,37
2001,APRIL,EAU CLAIRE,EAU CLAIRE CITY WARD 33,SPRING GENERAL,JUSTICE OF THE SUPREME COURT,NONPARTISAN,SCATTERING,37,0
2001,APRIL,EAU CLAIRE,EAU CLAIRE CITY WARD 34,SPRING GENERAL,JUSTICE OF THE SUPREME COURT,NONPARTISAN,"DAVID T PROSSER, JR.",43,43
2001,APRIL,EAU CLAIRE,EAU CLAIRE CITY WARD 34,SPRING GENERAL,JUSTICE OF THE SUPREME COURT,NONPARTISAN,SCATTERING,43,0
2001,APRIL,EAU CLAIRE,EAU CLAIRE CITY WARD 35,SPRING GENERAL,JUSTICE OF THE SUPREME COURT,NONPARTISAN,"DAVID T PROSSER, JR.",8,8
2001,APRIL,EAU CLAIRE,EAU CLAIRE CITY WARD 35,SPRING GENERAL,JUSTICE OF THE SUPREME COURT,NONPARTISAN,SCATTERING,8,0
2001,APRIL,FLORENCE,AURORA TOWN WARDS 1 - 3,SPRING GENERAL,JUSTICE OF THE SUPREME COURT,NONPARTISAN,"DAVID T PROSSER, JR.",75,75
2001,APRIL,FLORENCE,AURORA TOWN WARDS 1 - 3,SPRING GENERAL,JUSTICE OF THE SUPREME COURT,NONPARTISAN,SCATTERING,75,0
2001,APRIL,FLORENCE,COMMONWEALTH TOWN WARDS 1 - 3,SPRING GENERAL,JUSTICE OF THE SUPREME COURT,NONPARTISAN,"DAVID T PROSSER, JR.",27,27
2001,APRIL,FLORENCE,COMMONWEALTH TOWN WARDS 1 - 3,SPRING GENERAL,JUSTICE OF THE SUPREME COURT,NONPARTISAN,SCATTERING,27,0
2001,APRIL,FLORENCE,FENCE TOWN WARD 1,SPRING GENERAL,JUSTICE OF THE SUPREME COURT,NONPARTISAN,"DAVID T PROSSER, JR.",22,22
2001,APRIL,FLORENCE,FENCE TOWN WARD 1,SPRING GENERAL,JUSTICE OF THE SUPREME COURT,NONPARTISAN,SCATTERING,22,0
2001,APRIL,FLORENCE,FERN TOWN WARD 1,SPRING GENERAL,JUSTICE OF THE SUPREME COURT,NONPARTISAN,"DAVID T PROSSER, JR.",27,27
2001,APRIL,FLORENCE,FERN TOWN WARD 1,SPRING GENERAL,JUSTICE OF THE SUPREME COURT,NONPARTISAN,SCATTERING,27,0
2001,APRIL,FLORENCE,FLORENCE TOWN WARDS 1 - 7,SPRING GENERAL,JUSTICE OF THE SUPREME COURT,NONPARTISAN,"DAVID T PROSSER, JR.",200,200
2001,APRIL,FLORENCE,FLORENCE TOWN WARDS 1 - 7,SPRING GENERAL,JUSTICE OF THE SUPREME COURT,NONPARTISAN,SCATTERING,200,0
2001,APRIL,FLORENCE,HOMESTEAD TOWN WARD 1,SPRING GENERAL,JUSTICE OF THE SUPREME COURT,NONPARTISAN,"DAVID T PROSSER, JR.",61,61
2001,APRIL,FLORENCE,HOMESTEAD TOWN WARD 1,SPRING GENERAL,JUSTICE OF THE SUPREME COURT,NONPARTISAN,SCATTERING,61,0
2001,APRIL,FLORENCE,LONG LAKE TOWN WARD 1,SPRING GENERAL,JUSTICE OF THE SUPREME COURT,NONPARTISAN,"DAVID T PROSSER, JR.",42,42
2001,APRIL,FLORENCE,LONG LAKE TOWN WARD 1,SPRING GENERAL,JUSTICE OF THE SUPREME COURT,NONPARTISAN,SCATTERING,42,0
2001,APRIL,FLORENCE,TIPLER TOWN WARD 1,SPRING GENERAL,JUSTICE OF THE SUPREME COURT,NONPARTISAN,"DAVID T PROSSER, JR.",23,23
2001,APRIL,FLORENCE,TIPLER TOWN WARD 1,SPRING GENERAL,JUSTICE OF THE SUPREME COURT,NONPARTISAN,SCATTERING,23,0
2001,APRIL,FOND DU LAC,ALTO TOWN WARDS 1 & 2,SPRING GENERAL,JUSTICE OF THE SUPREME COURT,NONPARTISAN,"DAVID T PROSSER, JR.",115,114
2001,APRIL,FOND DU LAC,ALTO TOWN WARDS 1 & 2,SPRING GENERAL,JUSTICE OF THE SUPREME COURT,NONPARTISAN,SCATTERING,115,1
2001,APRIL,FOND DU LAC,ASHFORD TOWN WARDS 1 & 2,SPRING GENERAL,JUSTICE OF THE SUPREME COURT,NONPARTISAN,"DAVID T PROSSER, JR.",97,96
2001,APRIL,FOND DU LAC,ASHFORD TOWN WARDS 1 & 2,SPRING GENERAL,JUSTICE OF THE SUPREME COURT,NONPARTISAN,SCATTERING,97,1
2001,APRIL,FOND DU LAC,AUBURN TOWN WARDS 1 & 2,SPRING GENERAL,JUSTICE OF THE SUPREME COURT,NONPARTISAN,"DAVID T PROSSER, JR.",192,192
2001,APRIL,FOND DU LAC,AUBURN TOWN WARDS 1 & 2,SPRING GENERAL,JUSTICE OF THE SUPREME COURT,NONPARTISAN,SCATTERING,192,0
2001,APRIL,FOND DU LAC,BYRON TOWN WARDS 1 & 2,SPRING GENERAL,JUSTICE OF THE SUPREME COURT,NONPARTISAN,"DAVID T PROSSER, JR.",62,62
2001,APRIL,FOND DU LAC,BYRON TOWN WARDS 1 & 2,SPRING GENERAL,JUSTICE OF THE SUPREME COURT,NONPARTISAN,SCATTERING,62,0
2001,APRIL,FOND DU LAC,CALUMET TOWN WARDS 1 & 2,SPRING GENERAL,JUSTICE OF THE SUPREME COURT,NONPARTISAN,"DAVID T PROSSER, JR.",175,175
2001,APRIL,FOND DU LAC,CALUMET TOWN WARDS 1 & 2,SPRING GENERAL,JUSTICE OF THE SUPREME COURT,NONPARTISAN,SCATTERING,175,0
2001,APRIL,FOND DU LAC,EDEN TOWN WARDS 1 & 2,SPRING GENERAL,JUSTICE OF THE SUPREME COURT,NONPARTISAN,"DAVID T PROSSER, JR.",73,73
2001,APRIL,FOND DU LAC,EDEN TOWN WARDS 1 & 2,SPRING GENERAL,JUSTICE OF THE SUPREME COURT,NONPARTISAN,SCATTERING,73,0
2001,APRIL,FOND DU LAC,ELDORADO TOWN WARDS 1 & 2,SPRING GENERAL,JUSTICE OF THE SUPREME COURT,NONPARTISAN,"DAVID T PROSSER, JR.",203,201
2001,APRIL,FOND DU LAC,ELDORADO TOWN WARDS 1 & 2,SPRING GENERAL,JUSTICE OF THE SUPREME COURT,NONPARTISAN,SCATTERING,203,2
2001,APRIL,FOND DU LAC,EMPIRE TOWN WARDS 1 - 3,SPRING GENERAL,JUSTICE OF THE SUPREME COURT,NONPARTISAN,"DAVID T PROSSER, JR.",361,360
2001,APRIL,FOND DU LAC,EMPIRE TOWN WARDS 1 - 3,SPRING GENERAL,JUSTICE OF THE SUPREME COURT,NONPARTISAN,SCATTERING,361,1
2001,APRIL,FOND DU LAC,FOND DU LAC TOWN WARDS 1 - 3,SPRING GENERAL,JUSTICE OF THE SUPREME COURT,NONPARTISAN,"DAVID T PROSSER, JR.",330,329
2001,APRIL,FOND DU LAC,FOND DU LAC TOWN WARDS 1 - 3,SPRING GENERAL,JUSTICE OF THE SUPREME COURT,NONPARTISAN,SCATTERING,330,1
2001,APRIL,FOND DU LAC,FOREST TOWN WARDS 1 & 2,SPRING GENERAL,JUSTICE OF THE SUPREME COURT,NONPARTISAN,"DAVID T PROSSER, JR.",75,74
2001,APRIL,FOND DU LAC,FOREST TOWN WARDS 1 & 2,SPRING GENERAL,JUSTICE OF THE SUPREME COURT,NONPARTISAN,SCATTERING,75,1
2001,APRIL,FOND DU LAC,FRIENDSHIP TOWN WARDS 1 - 4,SPRING GENERAL,JUSTICE OF THE SUPREME COURT,NONPARTISAN,"DAVID T PROSSER, JR.",360,360
2001,APRIL,FOND DU LAC,FRIENDSHIP TOWN WARDS 1 - 4,SPRING GENERAL,JUSTICE OF THE SUPREME COURT,NONPARTISAN,SCATTERING,360,0
2001,APRIL,FOND DU LAC,LAMARTINE TOWN WARDS 1 & 2,SPRING GENERAL,JUSTICE OF THE SUPREME COURT,NONPARTISAN,"DAVID T PROSSER, JR.",428,428
2001,APRIL,FOND DU LAC,LAMARTINE TOWN WARDS 1 & 2,SPRING GENERAL,JUSTICE OF THE SUPREME COURT,NONPARTISAN,SCATTERING,428,0
2001,APRIL,FOND DU LAC,MARSHFIELD TOWN WARDS 1 & 2,SPRING GENERAL,JUSTICE OF THE SUPREME COURT,NONPARTISAN,"DAVID T PROSSER, JR.",183,182
2001,APRIL,FOND DU LAC,MARSHFIELD TOWN WARDS 1 & 2,SPRING GENERAL,JUSTICE OF THE SUPREME COURT,NONPARTISAN,SCATTERING,183,1
2001,APRIL,FOND DU LAC,METOMEN TOWN WARD 1,SPRING GENERAL,JUSTICE OF THE SUPREME COURT,NONPARTISAN,"DAVID T PROSSER, JR.",225,225
2001,APRIL,FOND DU LAC,METOMEN TOWN WARD 1,SPRING GENERAL,JUSTICE OF THE SUPREME COURT,NONPARTISAN,SCATTERING,225,0
2001,APRIL,FOND DU LAC,OAKFIELD TOWN WARD 1,SPRING GENERAL,JUSTICE OF THE SUPREME COURT,NONPARTISAN,"DAVID T PROSSER, JR.",106,106
2001,APRIL,FOND DU LAC,OAKFIELD TOWN WARD 1,SPRING GENERAL,JUSTICE OF THE SUPREME COURT,NONPARTISAN,SCATTERING,106,0
2001,APRIL,FOND DU LAC,OSCEOLA TOWN WARDS 1 & 2,SPRING GENERAL,JUSTICE OF THE SUPREME COURT,NONPARTISAN,"DAVID T PROSSER, JR.",448,447
2001,APRIL,FOND DU LAC,OSCEOLA TOWN WARDS 1 & 2,SPRING GENERAL,JUSTICE OF THE SUPREME COURT,NONPARTISAN,SCATTERING,448,1
2001,APRIL,FOND DU LAC,RIPON TOWN WARDS 1 & 2,SPRING GENERAL,JUSTICE OF THE SUPREME COURT,NONPARTISAN,"DAVID T PROSSER, JR.",173,171
2001,APRIL,FOND DU LAC,RIPON TOWN WARDS 1 & 2,SPRING GENERAL,JUSTICE OF THE SUPREME COURT,NONPARTISAN,SCATTERING,173,2
2001,APRIL,FOND DU LAC,ROSENDALE TOWN WARD 1,SPRING GENERAL,JUSTICE OF THE SUPREME COURT,NONPARTISAN,"DAVID T PROSSER, JR.",106,104
2001,APRIL,FOND DU LAC,ROSENDALE TOWN WARD 1,SPRING GENERAL,JUSTICE OF THE SUPREME COURT,NONPARTISAN,SCATTERING,106,2
2001,APRIL,FOND DU LAC,SPRINGVALE TOWN WARD 1,SPRING GENERAL,JUSTICE OF THE SUPREME COURT,NONPARTISAN,"DAVID T PROSSER, JR.",81,81
2001,APRIL,FOND DU LAC,SPRINGVALE TOWN WARD 1,SPRING GENERAL,JUSTICE OF THE SUPREME COURT,NONPARTISAN,SCATTERING,81,0
2001,APRIL,FOND DU LAC,TAYCHEEDAH TOWN WARDS 1 - 4,SPRING GENERAL,JUSTICE OF THE SUPREME COURT,NONPARTISAN,"DAVID T PROSSER, JR.",983,981
2001,APRIL,FOND DU LAC,TAYCHEEDAH TOWN WARDS 1 - 4,SPRING GENERAL,JUSTICE OF THE SUPREME COURT,NONPARTISAN,SCATTERING,983,2
2001,APRIL,FOND DU LAC,WAUPUN TOWN WARDS 1 & 2,SPRING GENERAL,JUSTICE OF THE SUPREME COURT,NONPARTISAN,"DAVID T PROSSER, JR.",160,158
2001,APRIL,FOND DU LAC,WAUPUN TOWN WARDS 1 & 2,SPRING GENERAL,JUSTICE OF THE SUPREME COURT,NONPARTISAN,SCATTERING,160,2
2001,APRIL,FOND DU LAC,BRANDON VILLAGE WARD 1,SPRING GENERAL,JUSTICE OF THE SUPREME COURT,NONPARTISAN,"DAVID T PROSSER, JR.",175,173
2001,APRIL,FOND DU LAC,BRANDON VILLAGE WARD 1,SPRING GENERAL,JUSTICE OF THE SUPREME COURT,NONPARTISAN,SCATTERING,175,2
2001,APRIL,FOND DU LAC,CAMPBELLSPORT VILLAGE WARDS 1 - 4,SPRING GENERAL,JUSTICE OF THE SUPREME COURT,NONPARTISAN,"DAVID T PROSSER, JR.",299,299
2001,APRIL,FOND DU LAC,CAMPBELLSPORT VILLAGE WARDS 1 - 4,SPRING GENERAL,JUSTICE OF THE SUPREME COURT,NONPARTISAN,SCATTERING,299,0
2001,APRIL,FOND DU LAC,EDEN VILLAGE WARD 1,SPRING GENERAL,JUSTICE OF THE SUPREME COURT,NONPARTISAN,"DAVID T PROSSER, JR.",57,57
2001,APRIL,FOND DU LAC,EDEN VILLAGE WARD 1,SPRING GENERAL,JUSTICE OF THE SUPREME COURT,NONPARTISAN,SCATTERING,57,0
2001,APRIL,FOND DU LAC,FAIRWATER VILLAGE WARD 1,SPRING GENERAL,JUSTICE OF THE SUPREME COURT,NONPARTISAN,"DAVID T PROSSER, JR.",32,32
2001,APRIL,FOND DU LAC,FAIRWATER VILLAGE WARD 1,SPRING GENERAL,JUSTICE OF THE SUPREME COURT,NONPARTISAN,SCATTERING,32,0
2001,APRIL,FOND DU LAC,KEWASKUM VILLAGE WARD 5,SPRING GENERAL,JUSTICE OF THE SUPREME COURT,NONPARTISAN,"DAVID T PROSSER, JR.",0,0
2001,APRIL,FOND DU LAC,KEWASKUM VILLAGE WARD 5,SPRING GENERAL,JUSTICE OF THE SUPREME COURT,NONPARTISAN,SCATTERING,0,0
2001,APRIL,FOND DU LAC,MOUNT CALVARY VILLAGE WARD 1,SPRING GENERAL,JUSTICE OF THE SUPREME COURT,NONPARTISAN,"DAVID T PROSSER, JR.",214,213
2001,APRIL,FOND DU LAC,MOUNT CALVARY VILLAGE WARD 1,SPRING GENERAL,JUSTICE OF THE SUPREME COURT,NONPARTISAN,SCATTERING,214,1
2001,APRIL,FOND DU LAC,"NORTH FOND DU LAC VILLAGE WARDS 1, 4 & 5",SPRING GENERAL,JUSTICE OF THE SUPREME COURT,NONPARTISAN,"DAVID T PROSSER, JR.",65,65
2001,APRIL,FOND DU LAC,"NORTH FOND DU LAC VILLAGE WARDS 1, 4 & 5",SPRING GENERAL,JUSTICE OF THE SUPREME COURT,NONPARTISAN,SCATTERING,65,0
2001,APRIL,FOND DU LAC,NORTH FOND DU LAC VILLAGE WARDS 2 & 3,SPRING GENERAL,JUSTICE OF THE SUPREME COURT,NONPARTISAN,"DAVID T PROSSER, JR.",113,113
2001,APRIL,FOND DU LAC,NORTH FOND DU LAC VILLAGE WARDS 2 & 3,SPRING GENERAL,JUSTICE OF THE SUPREME COURT,NONPARTISAN,SCATTERING,113,0
2001,APRIL,FOND DU LAC,OAKFIELD VILLAGE WARDS 1 & 2,SPRING GENERAL,JUSTICE OF THE SUPREME COURT,NONPARTISAN,"DAVID T PROSSER, JR.",319,319
2001,APRIL,FOND DU LAC,OAKFIELD VILLAGE WARDS 1 & 2,SPRING GENERAL,JUSTICE OF THE SUPREME COURT,NONPARTISAN,SCATTERING,319,0
2001,APRIL,FOND DU LAC,ROSENDALE VILLAGE WARD 1,SPRING GENERAL,JUSTICE OF THE SUPREME COURT,NONPARTISAN,"DAVID T PROSSER, JR.",90,90
2001,APRIL,FOND DU LAC,ROSENDALE VILLAGE WARD 1,SPRING GENERAL,JUSTICE OF THE SUPREME COURT,NONPARTISAN,SCATTERING,90,0
2001,APRIL,FOND DU LAC,ST CLOUD VILLAGE WARD 1,SPRING GENERAL,JUSTICE OF THE SUPREME COURT,NONPARTISAN,"DAVID T PROSSER, JR.",109,109
2001,APRIL,FOND DU LAC,ST CLOUD VILLAGE WARD 1,SPRING GENERAL,JUSTICE OF THE SUPREME COURT,NONPARTISAN,SCATTERING,109,0
2001,APRIL,FOND DU LAC,FOND DU LAC CITY WARD 1,SPRING GENERAL,JUSTICE OF THE SUPREME COURT,NONPARTISAN,"DAVID T PROSSER, JR.",85,84
2001,APRIL,FOND DU LAC,FOND DU LAC CITY WARD 1,SPRING GENERAL,JUSTICE OF THE SUPREME COURT,NONPARTISAN,SCATTERING,85,1
2001,APRIL,FOND DU LAC,FOND DU LAC CITY WARD 2,SPRING GENERAL,JUSTICE OF THE SUPREME COURT,NONPARTISAN,"DAVID T PROSSER, JR.",102,99
2001,APRIL,FOND DU LAC,FOND DU LAC CITY WARD 2,SPRING GENERAL,JUSTICE OF THE SUPREME COURT,NONPARTISAN,SCATTERING,102,3
2001,APRIL,FOND DU LAC,FOND DU LAC CITY WARD 3,SPRING GENERAL,JUSTICE OF THE SUPREME COURT,NONPARTISAN,"DAVID T PROSSER, JR.",145,145
2001,APRIL,FOND DU LAC,FOND DU LAC CITY WARD 3,SPRING GENERAL,JUSTICE OF THE SUPREME COURT,NONPARTISAN,SCATTERING,145,0
2001,APRIL,FOND DU LAC,FOND DU LAC CITY WARD 4,SPRING GENERAL,JUSTICE OF THE SUPREME COURT,NONPARTISAN,"DAVID T PROSSER, JR.",85,85
2001,APRIL,FOND DU LAC,FOND DU LAC CITY WARD 4,SPRING GENERAL,JUSTICE OF THE SUPREME COURT,NONPARTISAN,SCATTERING,85,0
2001,APRIL,FOND DU LAC,FOND DU LAC CITY WARD 5,SPRING GENERAL,JUSTICE OF THE SUPREME COURT,NONPARTISAN,"DAVID T PROSSER, JR.",81,81
2001,APRIL,FOND DU LAC,FOND DU LAC CITY WARD 5,SPRING GENERAL,JUSTICE OF THE SUPREME COURT,NONPARTISAN,SCATTERING,81,0
2001,APRIL,FOND DU LAC,FOND DU LAC CITY WARD 6,SPRING GENERAL,JUSTICE OF THE SUPREME COURT,NONPARTISAN,"DAVID T PROSSER, JR.",81,81
2001,APRIL,FOND DU LAC,FOND DU LAC CITY WARD 6,SPRING GENERAL,JUSTICE OF THE SUPREME COURT,NONPARTISAN,SCATTERING,81,0
2001,APRIL,FOND DU LAC,FOND DU LAC CITY WARD 7,SPRING GENERAL,JUSTICE OF THE SUPREME COURT,NONPARTISAN,"DAVID T PROSSER, JR.",64,63
2001,APRIL,FOND DU LAC,FOND DU LAC CITY WARD 7,SPRING GENERAL,JUSTICE OF THE SUPREME COURT,NONPARTISAN,SCATTERING,64,1
2001,APRIL,FOND DU LAC,FOND DU LAC CITY WARD 8,SPRING GENERAL,JUSTICE OF THE SUPREME COURT,NONPARTISAN,"DAVID T PROSSER, JR.",154,154
2001,APRIL,FOND DU LAC,FOND DU LAC CITY WARD 8,SPRING GENERAL,JUSTICE OF THE SUPREME COURT,NONPARTISAN,SCATTERING,154,0
2001,APRIL,FOND DU LAC,FOND DU LAC CITY WARD 9,SPRING GENERAL,JUSTICE OF THE SUPREME COURT,NONPARTISAN,"DAVID T PROSSER, JR.",242,241
2001,APRIL,FOND DU LAC,FOND DU LAC CITY WARD 9,SPRING GENERAL,JUSTICE OF THE SUPREME COURT,NONPARTISAN,SCATTERING,242,1
2001,APRIL,FOND DU LAC,FOND DU LAC CITY WARD 10,SPRING GENERAL,JUSTICE OF THE SUPREME COURT,NONPARTISAN,"DAVID T PROSSER, JR.",232,232
2001,APRIL,FOND DU LAC,FOND DU LAC CITY WARD 10,SPRING GENERAL,JUSTICE OF THE SUPREME COURT,NONPARTISAN,SCATTERING,232,0
2001,APRIL,FOND DU LAC,FOND DU LAC CITY WARD 11,SPRING GENERAL,JUSTICE OF THE SUPREME COURT,NONPARTISAN,"DAVID T PROSSER, JR.",131,131
2001,APRIL,FOND DU LAC,FOND DU LAC CITY WARD 11,SPRING GENERAL,JUSTICE OF THE SUPREME COURT,NONPARTISAN,SCATTERING,131,0
2001,APRIL,FOND DU LAC,FOND DU LAC CITY WARD 12,SPRING GENERAL,JUSTICE OF THE SUPREME COURT,NONPARTISAN,"DAVID T PROSSER, JR.",203,202
2001,APRIL,FOND DU LAC,FOND DU LAC CITY WARD 12,SPRING GENERAL,JUSTICE OF THE SUPREME COURT,NONPARTISAN,SCATTERING,203,1
2001,APRIL,FOND DU LAC,FOND DU LAC CITY WARD 13,SPRING GENERAL,JUSTICE OF THE SUPREME COURT,NONPARTISAN,"DAVID T PROSSER, JR.",123,123
2001,APRIL,FOND DU LAC,FOND DU LAC CITY WARD 13,SPRING GENERAL,JUSTICE OF THE SUPREME COURT,NONPARTISAN,SCATTERING,123,0
2001,APRIL,FOND DU LAC,FOND DU LAC CITY WARD 14,SPRING GENERAL,JUSTICE OF THE SUPREME COURT,NONPARTISAN,"DAVID T PROSSER, JR.",305,304
2001,APRIL,FOND DU LAC,FOND DU LAC CITY WARD 14,SPRING GENERAL,JUSTICE OF THE SUPREME COURT,NONPARTISAN,SCATTERING,305,1
2001,APRIL,FOND DU LAC,FOND DU LAC CITY WARD 15,SPRING GENERAL,JUSTICE OF THE SUPREME COURT,NONPARTISAN,"DAVID T PROSSER, JR.",237,236
2001,APRIL,FOND DU LAC,FOND DU LAC CITY WARD 15,SPRING GENERAL,JUSTICE OF THE SUPREME COURT,NONPARTISAN,SCATTERING,237,1
2001,APRIL,FOND DU LAC,FOND DU LAC CITY WARD 16,SPRING GENERAL,JUSTICE OF THE SUPREME COURT,NONPARTISAN,"DAVID T PROSSER, JR.",16,15
2001,APRIL,FOND DU LAC,FOND DU LAC CITY WARD 16,SPRING GENERAL,JUSTICE OF THE SUPREME COURT,NONPARTISAN,SCATTERING,16,1
2001,APRIL,FOND DU LAC,RIPON CITY WARDS 1 - 3,SPRING GENERAL,JUSTICE OF THE SUPREME COURT,NONPARTISAN,"DAVID T PROSSER, JR.",114,113
2001,APRIL,FOND DU LAC,RIPON CITY WARDS 1 - 3,SPRING GENERAL,JUSTICE OF THE SUPREME COURT,NONPARTISAN,SCATTERING,114,1
2001,APRIL,FOND DU LAC,RIPON CITY WARDS 4 & 5,SPRING GENERAL,JUSTICE OF THE SUPREME COURT,NONPARTISAN,"DAVID T PROSSER, JR.",174,171
2001,APRIL,FOND DU LAC,RIPON CITY WARDS 4 & 5,SPRING GENERAL,JUSTICE OF THE SUPREME COURT,NONPARTISAN,SCATTERING,174,3
2001,APRIL,FOND DU LAC,RIPON CITY WARDS 6 - 8,SPRING GENERAL,JUSTICE OF THE SUPREME COURT,NONPARTISAN,"DAVID T PROSSER, JR.",137,136
2001,APRIL,FOND DU LAC,RIPON CITY WARDS 6 - 8,SPRING GENERAL,JUSTICE OF THE SUPREME COURT,NONPARTISAN,SCATTERING,137,1
2001,APRIL,FOND DU LAC,RIPON CITY WARDS 9 & 10,SPRING GENERAL,JUSTICE OF THE SUPREME COURT,NONPARTISAN,"DAVID T PROSSER, JR.",170,169
2001,APRIL,FOND DU LAC,RIPON CITY WARDS 9 & 10,SPRING GENERAL,JUSTICE OF THE SUPREME COURT,NONPARTISAN,SCATTERING,170,1
2001,APRIL,FOND DU LAC,WAUPUN CITY WARDS 10 & 11,SPRING GENERAL,JUSTICE OF THE SUPREME COURT,NONPARTISAN,"DAVID T PROSSER, JR.",140,140
2001,APRIL,FOND DU LAC,WAUPUN CITY WARDS 10 & 11,SPRING GENERAL,JUSTICE OF THE SUPREME COURT,NONPARTISAN,SCATTERING,140,0
2001,APRIL,FOND DU LAC,WAUPUN CITY WARDS 12 & 13,SPRING GENERAL,JUSTICE OF THE SUPREME COURT,NONPARTISAN,"DAVID T PROSSER, JR.",85,85
2001,APRIL,FOND DU LAC,WAUPUN CITY WARDS 12 & 13,SPRING GENERAL,JUSTICE OF THE SUPREME COURT,NONPARTISAN,SCATTERING,85,0
2001,APRIL,FOREST,ALVIN TOWN WARD 1,SPRING GENERAL,JUSTICE OF THE SUPREME COURT,NONPARTISAN,"DAVID T PROSSER, JR.",72,72
2001,APRIL,FOREST,ALVIN TOWN WARD 1,SPRING GENERAL,JUSTICE OF THE SUPREME COURT,NONPARTISAN,SCATTERING,72,0
2001,APRIL,FOREST,ARGONNE TOWN WARD 1,SPRING GENERAL,JUSTICE OF THE SUPREME COURT,NONPARTISAN,"DAVID T PROSSER, JR.",135,135
2001,APRIL,FOREST,ARGONNE TOWN WARD 1,SPRING GENERAL,JUSTICE OF THE SUPREME COURT,NONPARTISAN,SCATTERING,135,0
2001,APRIL,FOREST,ARMSTRONG CREEK TOWN WARD 1,SPRING GENERAL,JUSTICE OF THE SUPREME COURT,NONPARTISAN,"DAVID T PROSSER, JR.",143,143
2001,APRIL,FOREST,ARMSTRONG CREEK TOWN WARD 1,SPRING GENERAL,JUSTICE OF THE SUPREME COURT,NONPARTISAN,SCATTERING,143,0
2001,APRIL,FOREST,BLACKWELL TOWN WARD 1,SPRING GENERAL,JUSTICE OF THE SUPREME COURT,NONPARTISAN,"DAVID T PROSSER, JR.",33,33
2001,APRIL,FOREST,BLACKWELL TOWN WARD 1,SPRING GENERAL,JUSTICE OF THE SUPREME COURT,NONPARTISAN,SCATTERING,33,0
2001,APRIL,FOREST,CASWELL TOWN WARD 1,SPRING GENERAL,JUSTICE OF THE SUPREME COURT,NONPARTISAN,"DAVID T PROSSER, JR.",18,18
2001,APRIL,FOREST,CASWELL TOWN WARD 1,SPRING GENERAL,JUSTICE OF THE SUPREME COURT,NONPARTISAN,SCATTERING,18,0
2001,APRIL,FOREST,CRANDON TOWN WARD 1,SPRING GENERAL,JUSTICE OF THE SUPREME COURT,NONPARTISAN,"DAVID T PROSSER, JR.",137,137
2001,APRIL,FOREST,CRANDON TOWN WARD 1,SPRING GENERAL,JUSTICE OF THE SUPREME COURT,NONPARTISAN,SCATTERING,137,0
2001,APRIL,FOREST,FREEDOM TOWN WARD 1,SPRING GENERAL,JUSTICE OF THE SUPREME COURT,NONPARTISAN,"DAVID T PROSSER, JR.",118,118
2001,APRIL,FOREST,FREEDOM TOWN WARD 1,SPRING GENERAL,JUSTICE OF THE SUPREME COURT,NONPARTISAN,SCATTERING,118,0
2001,APRIL,FOREST,HILES TOWN WARD 1,SPRING GENERAL,JUSTICE OF THE SUPREME COURT,NONPARTISAN,"DAVID T PROSSER, JR.",58,58
2001,APRIL,FOREST,HILES TOWN WARD 1,SPRING GENERAL,JUSTICE OF THE SUPREME COURT,NONPARTISAN,SCATTERING,58,0
2001,APRIL,FOREST,LAONA TOWN WARD 1,SPRING GENERAL,JUSTICE OF THE SUPREME COURT,NONPARTISAN,"DAVID T PROSSER, JR.",228,228
2001,APRIL,FOREST,LAONA TOWN WARD 1,SPRING GENERAL,JUSTICE OF THE SUPREME COURT,NONPARTISAN,SCATTERING,228,0
2001,APRIL,FOREST,LINCOLN TOWN WARD 1,SPRING GENERAL,JUSTICE OF THE SUPREME COURT,NONPARTISAN,"DAVID T PROSSER, JR.",196,196
2001,APRIL,FOREST,LINCOLN TOWN WARD 1,SPRING GENERAL,JUSTICE OF THE SUPREME COURT,NONPARTISAN,SCATTERING,196,0
2001,APRIL,FOREST,NASHVILLE TOWN WARD 1,SPRING GENERAL,JUSTICE OF THE SUPREME COURT,NONPARTISAN,"DAVID T PROSSER, JR.",198,197
2001,APRIL,FOREST,NASHVILLE TOWN WARD 1,SPRING GENERAL,JUSTICE OF THE SUPREME COURT,NONPARTISAN,SCATTERING,198,1
2001,APRIL,FOREST,NASHVILLE TOWN WARD 2,SPRING GENERAL,JUSTICE OF THE SUPREME COURT,NONPARTISAN,"DAVID T PROSSER, JR.",160,160
2001,APRIL,FOREST,NASHVILLE TOWN WARD 2,SPRING GENERAL,JUSTICE OF THE SUPREME COURT,NONPARTISAN,SCATTERING,160,0
2001,APRIL,FOREST,POPPLE RIVER TOWN WARD 1,SPRING GENERAL,JUSTICE OF THE SUPREME COURT,NONPARTISAN,"DAVID T PROSSER, JR.",19,19
2001,APRIL,FOREST,POPPLE RIVER TOWN WARD 1,SPRING GENERAL,JUSTICE OF THE SUPREME COURT,NONPARTISAN,SCATTERING,19,0
2001,APRIL,FOREST,ROSS TOWN WARD 1,SPRING GENERAL,JUSTICE OF THE SUPREME COURT,NONPARTISAN,"DAVID T PROSSER, JR.",59,59
2001,APRIL,FOREST,ROSS TOWN WARD 1,SPRING GENERAL,JUSTICE OF THE SUPREME COURT,NONPARTISAN,SCATTERING,59,0
2001,APRIL,FOREST,WABENO TOWN WARD 1,SPRING GENERAL,JUSTICE OF THE SUPREME COURT,NONPARTISAN,"DAVID T PROSSER, JR.",233,233
2001,APRIL,FOREST,WABENO TOWN WARD 1,SPRING GENERAL,JUSTICE OF THE SUPREME COURT,NONPARTISAN,SCATTERING,233,0
2001,APRIL,FOREST,CRANDON CITY WARD 1,SPRING GENERAL,JUSTICE OF THE SUPREME COURT,NONPARTISAN,"DAVID T PROSSER, JR.",90,90
2001,APRIL,FOREST,CRANDON CITY WARD 1,SPRING GENERAL,JUSTICE OF THE SUPREME COURT,NONPARTISAN,SCATTERING,90,0
2001,APRIL,FOREST,CRANDON CITY WARD 2,SPRING GENERAL,JUSTICE OF THE SUPREME COURT,NONPARTISAN,"DAVID T PROSSER, JR.",72,72
2001,APRIL,FOREST,CRANDON CITY WARD 2,SPRING GENERAL,JUSTICE OF THE SUPREME COURT,NONPARTISAN,SCATTERING,72,0
2001,APRIL,FOREST,CRANDON CITY WARD 3,SPRING GENERAL,JUSTICE OF THE SUPREME COURT,NONPARTISAN,"DAVID T PROSSER, JR.",75,75
2001,APRIL,FOREST,CRANDON CITY WARD 3,SPRING GENERAL,JUSTICE OF THE SUPREME COURT,NONPARTISAN,SCATTERING,75,0
2001,APRIL,FOREST,CRANDON CITY WARD 4,SPRING GENERAL,JUSTICE OF THE SUPREME COURT,NONPARTISAN,"DAVID T PROSSER, JR.",85,85
2001,APRIL,FOREST,CRANDON CITY WARD 4,SPRING GENERAL,JUSTICE OF THE SUPREME COURT,NONPARTISAN,SCATTERING,85,0
2001,APRIL,GRANT,BEETOWN TOWN WARDS 1 & 2,SPRING GENERAL,JUSTICE OF THE SUPREME COURT,NONPARTISAN,"DAVID T PROSSER, JR.",54,54
2001,APRIL,GRANT,BEETOWN TOWN WARDS 1 & 2,SPRING GENERAL,JUSTICE OF THE SUPREME COURT,NONPARTISAN,SCATTERING,54,0
2001,APRIL,GRANT,BLOOMINGTON TOWN WARD 1,SPRING GENERAL,JUSTICE OF THE SUPREME COURT,NONPARTISAN,"DAVID T PROSSER, JR.",88,88
2001,APRIL,GRANT,BLOOMINGTON TOWN WARD 1,SPRING GENERAL,JUSTICE OF THE SUPREME COURT,NONPARTISAN,SCATTERING,88,0
2001,APRIL,GRANT,BOSCOBEL TOWN WARD 1,SPRING GENERAL,JUSTICE OF THE SUPREME COURT,NONPARTISAN,"DAVID T PROSSER, JR.",29,29
2001,APRIL,GRANT,BOSCOBEL TOWN WARD 1,SPRING GENERAL,JUSTICE OF THE SUPREME COURT,NONPARTISAN,SCATTERING,29,0
2001,APRIL,GRANT,CASSVILLE TOWN WARDS 1 & 2,SPRING GENERAL,JUSTICE OF THE SUPREME COURT,NONPARTISAN,"DAVID T PROSSER, JR.",43,43
2001,APRIL,GRANT,CASSVILLE TOWN WARDS 1 & 2,SPRING GENERAL,JUSTICE OF THE SUPREME COURT,NONPARTISAN,SCATTERING,43,0
2001,APRIL,GRANT,CASTLE ROCK TOWN WARD 1,SPRING GENERAL,JUSTICE OF THE SUPREME COURT,NONPARTISAN,"DAVID T PROSSER, JR.",28,28
2001,APRIL,GRANT,CASTLE ROCK TOWN WARD 1,SPRING GENERAL,JUSTICE OF THE SUPREME COURT,NONPARTISAN,SCATTERING,28,0
2001,APRIL,GRANT,CLIFTON TOWN WARD 1,SPRING GENERAL,JUSTICE OF THE SUPREME COURT,NONPARTISAN,"DAVID T PROSSER, JR.",35,35
2001,APRIL,GRANT,CLIFTON TOWN WARD 1,SPRING GENERAL,JUSTICE OF THE SUPREME COURT,NONPARTISAN,SCATTERING,35,0
2001,APRIL,GRANT,ELLENBORO TOWN WARD 1,SPRING GENERAL,JUSTICE OF THE SUPREME COURT,NONPARTISAN,"DAVID T PROSSER, JR.",122,122
2001,APRIL,GRANT,ELLENBORO TOWN WARD 1,SPRING GENERAL,JUSTICE OF THE SUPREME COURT,NONPARTISAN,SCATTERING,122,0
2001,APRIL,GRANT,FENNIMORE TOWN WARDS 1 & 2,SPRING GENERAL,JUSTICE OF THE SUPREME COURT,NONPARTISAN,"DAVID T PROSSER, JR.",24,24
2001,APRIL,GRANT,FENNIMORE TOWN WARDS 1 & 2,SPRING GENERAL,JUSTICE OF THE SUPREME COURT,NONPARTISAN,SCATTERING,24,0
2001,APRIL,GRANT,GLEN HAVEN TOWN WARDS 1 & 2,SPRING GENERAL,JUSTICE OF THE SUPREME COURT,NONPARTISAN,"DAVID T PROSSER, JR.",81,81
2001,APRIL,GRANT,GLEN HAVEN TOWN WARDS 1 & 2,SPRING GENERAL,JUSTICE OF THE SUPREME COURT,NONPARTISAN,SCATTERING,81,0
2001,APRIL,GRANT,HARRISON TOWN WARD 1,SPRING GENERAL,JUSTICE OF THE SUPREME COURT,NONPARTISAN,"DAVID T PROSSER, JR.",42,42
2001,APRIL,GRANT,HARRISON TOWN WARD 1,SPRING GENERAL,JUSTICE OF THE SUPREME COURT,NONPARTISAN,SCATTERING,42,0
2001,APRIL,GRANT,HAZEL GREEN TOWN WARDS 1 & 2,SPRING GENERAL,JUSTICE OF THE SUPREME COURT,NONPARTISAN,"DAVID T PROSSER, JR.",55,55
2001,APRIL,GRANT,HAZEL GREEN TOWN WARDS 1 & 2,SPRING GENERAL,JUSTICE OF THE SUPREME COURT,NONPARTISAN,SCATTERING,55,0
2001,APRIL,GRANT,HICKORY GROVE TOWN WARD 1,SPRING GENERAL,JUSTICE OF THE SUPREME COURT,NONPARTISAN,"DAVID T PROSSER, JR.",25,24
2001,APRIL,GRANT,HICKORY GROVE TOWN WARD 1,SPRING GENERAL,JUSTICE OF THE SUPREME COURT,NONPARTISAN,SCATTERING,25,1
2001,APRIL,GRANT,JAMESTOWN TOWN WARDS 1 - 3,SPRING GENERAL,JUSTICE OF THE SUPREME COURT,NONPARTISAN,"DAVID T PROSSER, JR.",201,201
2001,APRIL,GRANT,JAMESTOWN TOWN WARDS 1 - 3,SPRING GENERAL,JUSTICE OF THE SUPREME COURT,NONPARTISAN,SCATTERING,201,0
2001,APRIL,GRANT,LIBERTY TOWN WARD 1,SPRING GENERAL,JUSTICE OF THE SUPREME COURT,NONPARTISAN,"DAVID T PROSSER, JR.",84,84
2001,APRIL,GRANT,LIBERTY TOWN WARD 1,SPRING GENERAL,JUSTICE OF THE SUPREME COURT,NONPARTISAN,SCATTERING,84,0
2001,APRIL,GRANT,LIMA TOWN WARD 1,SPRING GENERAL,JUSTICE OF THE SUPREME COURT,NONPARTISAN,"DAVID T PROSSER, JR.",33,33
2001,APRIL,GRANT,LIMA TOWN WARD 1,SPRING GENERAL,JUSTICE OF THE SUPREME COURT,NONPARTISAN,SCATTERING,33,0
2001,APRIL,GRANT,LITTLE GRANT TOWN WARDS 1 & 2,SPRING GENERAL,JUSTICE OF THE SUPREME COURT,NONPARTISAN,"DAVID T PROSSER, JR.",10,10
2001,APRIL,GRANT,LITTLE GRANT TOWN WARDS 1 & 2,SPRING GENERAL,JUSTICE OF THE SUPREME COURT,NONPARTISAN,SCATTERING,10,0
2001,APRIL,GRANT,MARION TOWN WARDS 1 & 2,SPRING GENERAL,JUSTICE OF THE SUPREME COURT,NONPARTISAN,"DAVID T PROSSER, JR.",60,60
2001,APRIL,GRANT,MARION TOWN WARDS 1 & 2,SPRING GENERAL,JUSTICE OF THE SUPREME COURT,NONPARTISAN,SCATTERING,60,0
2001,APRIL,GRANT,MILLVILLE TOWN WARD 1,SPRING GENERAL,JUSTICE OF THE SUPREME COURT,NONPARTISAN,"DAVID T PROSSER, JR.",17,17
2001,APRIL,GRANT,MILLVILLE TOWN WARD 1,SPRING GENERAL,JUSTICE OF THE SUPREME COURT,NONPARTISAN,SCATTERING,17,0
2001,APRIL,GRANT,MOUNT HOPE TOWN WARD 1,SPRING GENERAL,JUSTICE OF THE SUPREME COURT,NONPARTISAN,"DAVID T PROSSER, JR.",14,14
2001,APRIL,GRANT,MOUNT HOPE TOWN WARD 1,SPRING GENERAL,JUSTICE OF THE SUPREME COURT,NONPARTISAN,SCATTERING,14,0
2001,APRIL,GRANT,MOUNT IDA TOWN WARD 1,SPRING GENERAL,JUSTICE OF THE SUPREME COURT,NONPARTISAN,"DAVID T PROSSER, JR.",60,60
2001,APRIL,GRANT,MOUNT IDA TOWN WARD 1,SPRING GENERAL,JUSTICE OF THE SUPREME COURT,NONPARTISAN,SCATTERING,60,0
2001,APRIL,GRANT,MUSCODA TOWN WARDS 1 & 2,SPRING GENERAL,JUSTICE OF THE SUPREME COURT,NONPARTISAN,"DAVID T PROSSER, JR.",50,50
2001,APRIL,GRANT,MUSCODA TOWN WARDS 1 & 2,SPRING GENERAL,JUSTICE OF THE SUPREME COURT,NONPARTISAN,SCATTERING,50,0
2001,APRIL,GRANT,NORTH LANCASTER TOWN WARDS 1 & 2,SPRING GENERAL,JUSTICE OF THE SUPREME COURT,NONPARTISAN,"DAVID T PROSSER, JR.",43,43
2001,APRIL,GRANT,NORTH LANCASTER TOWN WARDS 1 & 2,SPRING GENERAL,JUSTICE OF THE SUPREME COURT,NONPARTISAN,SCATTERING,43,0
2001,APRIL,GRANT,PARIS TOWN WARDS 1 & 2,SPRING GENERAL,JUSTICE OF THE SUPREME COURT,NONPARTISAN,"DAVID T PROSSER, JR.",49,49
2001,APRIL,GRANT,PARIS TOWN WARDS 1 & 2,SPRING GENERAL,JUSTICE OF THE SUPREME COURT,NONPARTISAN,SCATTERING,49,0
2001,APRIL,GRANT,PATCH GROVE TOWN WARD 1,SPRING GENERAL,JUSTICE OF THE SUPREME COURT,NONPARTISAN,"DAVID T PROSSER, JR.",42,42
2001,APRIL,GRANT,PATCH GROVE TOWN WARD 1,SPRING GENERAL,JUSTICE OF THE SUPREME COURT,NONPARTISAN,SCATTERING,42,0
2001,APRIL,GRANT,PLATTEVILLE TOWN WARDS 1 & 2,SPRING GENERAL,JUSTICE OF THE SUPREME COURT,NONPARTISAN,"DAVID T PROSSER, JR.",140,139
2001,APRIL,GRANT,PLATTEVILLE TOWN WARDS 1 & 2,SPRING GENERAL,JUSTICE OF THE SUPREME COURT,NONPARTISAN,SCATTERING,140,1
2001,APRIL,GRANT,POTOSI TOWN WARDS 1 & 2,SPRING GENERAL,JUSTICE OF THE SUPREME COURT,NONPARTISAN,"DAVID T PROSSER, JR.",113,113
2001,APRIL,GRANT,POTOSI TOWN WARDS 1 & 2,SPRING GENERAL,JUSTICE OF THE SUPREME COURT,NONPARTISAN,SCATTERING,113,0
2001,APRIL,GRANT,SMELSER TOWN WARDS 1 & 2,SPRING GENERAL,JUSTICE OF THE SUPREME COURT,NONPARTISAN,"DAVID T PROSSER, JR.",98,98
2001,APRIL,GRANT,SMELSER TOWN WARDS 1 & 2,SPRING GENERAL,JUSTICE OF THE SUPREME COURT,NONPARTISAN,SCATTERING,98,0
2001,APRIL,GRANT,SOUTH LANCASTER TOWN WARDS 1 & 2,SPRING GENERAL,JUSTICE OF THE SUPREME COURT,NONPARTISAN,"DAVID T PROSSER, JR.",40,40
2001,APRIL,GRANT,SOUTH LANCASTER TOWN WARDS 1 & 2,SPRING GENERAL,JUSTICE OF THE SUPREME COURT,NONPARTISAN,SCATTERING,40,0
2001,APRIL,GRANT,WATERLOO TOWN WARD 1,SPRING GENERAL,JUSTICE OF THE SUPREME COURT,NONPARTISAN,"DAVID T PROSSER, JR.",41,41
2001,APRIL,GRANT,WATERLOO TOWN WARD 1,SPRING GENERAL,JUSTICE OF THE SUPREME COURT,NONPARTISAN,SCATTERING,41,0
2001,APRIL,GRANT,WATTERSTOWN TOWN WARD 1,SPRING GENERAL,JUSTICE OF THE SUPREME COURT,NONPARTISAN,"DAVID T PROSSER, JR.",35,35
2001,APRIL,GRANT,WATTERSTOWN TOWN WARD 1,SPRING GENERAL,JUSTICE OF THE SUPREME COURT,NONPARTISAN,SCATTERING,35,0
2001,APRIL,GRANT,WINGVILLE TOWN WARD 1,SPRING GENERAL,JUSTICE OF THE SUPREME COURT,NONPARTISAN,"DAVID T PROSSER, JR.",35,35
2001,APRIL,GRANT,WINGVILLE TOWN WARD 1,SPRING GENERAL,JUSTICE OF THE SUPREME COURT,NONPARTISAN,SCATTERING,35,0
2001,APRIL,GRANT,WOODMAN TOWN WARD 1,SPRING GENERAL,JUSTICE OF THE SUPREME COURT,NONPARTISAN,"DAVID T PROSSER, JR.",16,16
2001,APRIL,GRANT,WOODMAN TOWN WARD 1,SPRING GENERAL,JUSTICE OF THE SUPREME COURT,NONPARTISAN,SCATTERING,16,0
2001,APRIL,GRANT,WYALUSING TOWN WARD 1,SPRING GENERAL,JUSTICE OF THE SUPREME COURT,NONPARTISAN,"DAVID T PROSSER, JR.",37,37
2001,APRIL,GRANT,WYALUSING TOWN WARD 1,SPRING GENERAL,JUSTICE OF THE SUPREME COURT,NONPARTISAN,SCATTERING,37,0
2001,APRIL,GRANT,BAGLEY VILLAGE WARD 1,SPRING GENERAL,JUSTICE OF THE SUPREME COURT,NONPARTISAN,"DAVID T PROSSER, JR.",50,50
2001,APRIL,GRANT,BAGLEY VILLAGE WARD 1,SPRING GENERAL,JUSTICE OF THE SUPREME COURT,NONPARTISAN,SCATTERING,50,0
2001,APRIL,GRANT,BLOOMINGTON VILLAGE WARD 1,SPRING GENERAL,JUSTICE OF THE SUPREME COURT,NONPARTISAN,"DAVID T PROSSER, JR.",113,113
2001,APRIL,GRANT,BLOOMINGTON VILLAGE WARD 1,SPRING GENERAL,JUSTICE OF THE SUPREME COURT,NONPARTISAN,SCATTERING,113,0
2001,APRIL,GRANT,BLUE RIVER VILLAGE WARD 1,SPRING GENERAL,JUSTICE OF THE SUPREME COURT,NONPARTISAN,"DAVID T PROSSER, JR.",127,127
2001,APRIL,GRANT,BLUE RIVER VILLAGE WARD 1,SPRING GENERAL,JUSTICE OF THE SUPREME COURT,NONPARTISAN,SCATTERING,127,0
2001,APRIL,GRANT,CASSVILLE VILLAGE WARDS 1 & 2,SPRING GENERAL,JUSTICE OF THE SUPREME COURT,NONPARTISAN,"DAVID T PROSSER, JR.",161,161
2001,APRIL,GRANT,CASSVILLE VILLAGE WARDS 1 & 2,SPRING GENERAL,JUSTICE OF THE SUPREME COURT,NONPARTISAN,SCATTERING,161,0
2001,APRIL,GRANT,DICKEYVILLE VILLAGE WARD 1,SPRING GENERAL,JUSTICE OF THE SUPREME COURT,NONPARTISAN,"DAVID T PROSSER, JR.",94,94
2001,APRIL,GRANT,DICKEYVILLE VILLAGE WARD 1,SPRING GENERAL,JUSTICE OF THE SUPREME COURT,NONPARTISAN,SCATTERING,94,0
2001,APRIL,GRANT,HAZEL GREEN VILLAGE WARDS 1 & 2,SPRING GENERAL,JUSTICE OF THE SUPREME COURT,NONPARTISAN,"DAVID T PROSSER, JR.",204,204
2001,APRIL,GRANT,HAZEL GREEN VILLAGE WARDS 1 & 2,SPRING GENERAL,JUSTICE OF THE SUPREME COURT,NONPARTISAN,SCATTERING,204,0
2001,APRIL,GRANT,LIVINGSTON VILLAGE WARD 1,SPRING GENERAL,JUSTICE OF THE SUPREME COURT,NONPARTISAN,"DAVID T PROSSER, JR.",102,102
2001,APRIL,GRANT,LIVINGSTON VILLAGE WARD 1,SPRING GENERAL,JUSTICE OF THE SUPREME COURT,NONPARTISAN,SCATTERING,102,0
2001,APRIL,GRANT,MONTFORT VILLAGE WARD 1,SPRING GENERAL,JUSTICE OF THE SUPREME COURT,NONPARTISAN,"DAVID T PROSSER, JR.",64,64
2001,APRIL,GRANT,MONTFORT VILLAGE WARD 1,SPRING GENERAL,JUSTICE OF THE SUPREME COURT,NONPARTISAN,SCATTERING,64,0
2001,APRIL,GRANT,MOUNT HOPE VILLAGE WARD 1,SPRING GENERAL,JUSTICE OF THE SUPREME COURT,NONPARTISAN,"DAVID T PROSSER, JR.",32,32
2001,APRIL,GRANT,MOUNT HOPE VILLAGE WARD 1,SPRING GENERAL,JUSTICE OF THE SUPREME COURT,NONPARTISAN,SCATTERING,32,0
2001,APRIL,GRANT,MUSCODA VILLAGE WARDS 1 & 2,SPRING GENERAL,JUSTICE OF THE SUPREME COURT,NONPARTISAN,"DAVID T PROSSER, JR.",211,211
2001,APRIL,GRANT,MUSCODA VILLAGE WARDS 1 & 2,SPRING GENERAL,JUSTICE OF THE SUPREME COURT,NONPARTISAN,SCATTERING,211,0
2001,APRIL,GRANT,PATCH GROVE VILLAGE WARD 1,SPRING GENERAL,JUSTICE OF THE SUPREME COURT,NONPARTISAN,"DAVID T PROSSER, JR.",16,16
2001,APRIL,GRANT,PATCH GROVE VILLAGE WARD 1,SPRING GENERAL,JUSTICE OF THE SUPREME COURT,NONPARTISAN,SCATTERING,16,0
2001,APRIL,GRANT,POTOSI VILLAGE WARD 1,SPRING GENERAL,JUSTICE OF THE SUPREME COURT,NONPARTISAN,"DAVID T PROSSER, JR.",55,55
2001,APRIL,GRANT,POTOSI VILLAGE WARD 1,SPRING GENERAL,JUSTICE OF THE SUPREME COURT,NONPARTISAN,SCATTERING,55,0
2001,APRIL,GRANT,TENNYSON VILLAGE WARD 1,SPRING GENERAL,JUSTICE OF THE SUPREME COURT,NONPARTISAN,"DAVID T PROSSER, JR.",37,37
2001,APRIL,GRANT,TENNYSON VILLAGE WARD 1,SPRING GENERAL,JUSTICE OF THE SUPREME COURT,NONPARTISAN,SCATTERING,37,0
2001,APRIL,GRANT,WOODMAN VILLAGE WARD 1,SPRING GENERAL,JUSTICE OF THE SUPREME COURT,NONPARTISAN,"DAVID T PROSSER, JR.",23,23
2001,APRIL,GRANT,WOODMAN VILLAGE WARD 1,SPRING GENERAL,JUSTICE OF THE SUPREME COURT,NONPARTISAN,SCATTERING,23,0
2001,APRIL,GRANT,BOSCOBEL CITY WARDS 1 - 4,SPRING GENERAL,JUSTICE OF THE SUPREME COURT,NONPARTISAN,"DAVID T PROSSER, JR.",131,131
2001,APRIL,GRANT,BOSCOBEL CITY WARDS 1 - 4,SPRING GENERAL,JUSTICE OF THE SUPREME COURT,NONPARTISAN,SCATTERING,131,0
2001,APRIL,GRANT,CUBA CITY CITY WARD 1,SPRING GENERAL,JUSTICE OF THE SUPREME COURT,NONPARTISAN,"DAVID T PROSSER, JR.",88,88
2001,APRIL,GRANT,CUBA CITY CITY WARD 1,SPRING GENERAL,JUSTICE OF THE SUPREME COURT,NONPARTISAN,SCATTERING,88,0
2001,APRIL,GRANT,CUBA CITY CITY WARD 2,SPRING GENERAL,JUSTICE OF THE SUPREME COURT,NONPARTISAN,"DAVID T PROSSER, JR.",87,87
2001,APRIL,GRANT,CUBA CITY CITY WARD 2,SPRING GENERAL,JUSTICE OF THE SUPREME COURT,NONPARTISAN,SCATTERING,87,0
2001,APRIL,GRANT,CUBA CITY CITY WARD 3,SPRING GENERAL,JUSTICE OF THE SUPREME COURT,NONPARTISAN,"DAVID T PROSSER, JR.",59,59
2001,APRIL,GRANT,CUBA CITY CITY WARD 3,SPRING GENERAL,JUSTICE OF THE SUPREME COURT,NONPARTISAN,SCATTERING,59,0
2001,APRIL,GRANT,CUBA CITY CITY WARD 4,SPRING GENERAL,JUSTICE OF THE SUPREME COURT,NONPARTISAN,"DAVID T PROSSER, JR.",34,34
2001,APRIL,GRANT,CUBA CITY CITY WARD 4,SPRING GENERAL,JUSTICE OF THE SUPREME COURT,NONPARTISAN,SCATTERING,34,0
2001,APRIL,GRANT,FENNIMORE CITY WARD 1,SPRING GENERAL,JUSTICE OF THE SUPREME COURT,NONPARTISAN,"DAVID T PROSSER, JR.",41,41
2001,APRIL,GRANT,FENNIMORE CITY WARD 1,SPRING GENERAL,JUSTICE OF THE SUPREME COURT,NONPARTISAN,SCATTERING,41,0
2001,APRIL,GRANT,FENNIMORE CITY WARD 2,SPRING GENERAL,JUSTICE OF THE SUPREME COURT,NONPARTISAN,"DAVID T PROSSER, JR.",47,47
2001,APRIL,GRANT,FENNIMORE CITY WARD 2,SPRING GENERAL,JUSTICE OF THE SUPREME COURT,NONPARTISAN,SCATTERING,47,0
2001,APRIL,GRANT,FENNIMORE CITY WARD 3,SPRING GENERAL,JUSTICE OF THE SUPREME COURT,NONPARTISAN,"DAVID T PROSSER, JR.",21,21
2001,APRIL,GRANT,FENNIMORE CITY WARD 3,SPRING GENERAL,JUSTICE OF THE SUPREME COURT,NONPARTISAN,SCATTERING,21,0
2001,APRIL,GRANT,FENNIMORE CITY WARD 4,SPRING GENERAL,JUSTICE OF THE SUPREME COURT,NONPARTISAN,"DAVID T PROSSER, JR.",45,45
2001,APRIL,GRANT,FENNIMORE CITY WARD 4,SPRING GENERAL,JUSTICE OF THE SUPREME COURT,NONPARTISAN,SCATTERING,45,0
2001,APRIL,GRANT,FENNIMORE CITY WARD 5,SPRING GENERAL,JUSTICE OF THE SUPREME COURT,NONPARTISAN,"DAVID T PROSSER, JR.",6,6
2001,APRIL,GRANT,FENNIMORE CITY WARD 5,SPRING GENERAL,JUSTICE OF THE SUPREME COURT,NONPARTISAN,SCATTERING,6,0
2001,APRIL,GRANT,LANCASTER CITY WARDS 1 - 9,SPRING GENERAL,JUSTICE OF THE SUPREME COURT,NONPARTISAN,"DAVID T PROSSER, JR.",281,280
2001,APRIL,GRANT,LANCASTER CITY WARDS 1 - 9,SPRING GENERAL,JUSTICE OF THE SUPREME COURT,NONPARTISAN,SCATTERING,281,1
2001,APRIL,GRANT,PLATTEVILLE CITY WARDS 1 - 4,SPRING GENERAL,JUSTICE OF THE SUPREME COURT,NONPARTISAN,"DAVID T PROSSER, JR.",226,226
2001,APRIL,GRANT,PLATTEVILLE CITY WARDS 1 - 4,SPRING GENERAL,JUSTICE OF THE SUPREME COURT,NONPARTISAN,SCATTERING,226,0
2001,APRIL,GRANT,PLATTEVILLE CITY WARDS 5 - 7,SPRING GENERAL,JUSTICE OF THE SUPREME COURT,NONPARTISAN,"DAVID T PROSSER, JR.",171,171
2001,APRIL,GRANT,PLATTEVILLE CITY WARDS 5 - 7,SPRING GENERAL,JUSTICE OF THE SUPREME COURT,NONPARTISAN,SCATTERING,171,0
2001,APRIL,GRANT,PLATTEVILLE CITY WARDS 8 - 10,SPRING GENERAL,JUSTICE OF THE SUPREME COURT,NONPARTISAN,"DAVID T PROSSER, JR.",58,58
2001,APRIL,GRANT,PLATTEVILLE CITY WARDS 8 - 10,SPRING GENERAL,JUSTICE OF THE SUPREME COURT,NONPARTISAN,SCATTERING,58,0
2001,APRIL,GRANT,PLATTEVILLE CITY WARDS 11 - 13,SPRING GENERAL,JUSTICE OF THE SUPREME COURT,NONPARTISAN,"DAVID T PROSSER, JR.",119,119
2001,APRIL,GRANT,PLATTEVILLE CITY WARDS 11 - 13,SPRING GENERAL,JUSTICE OF THE SUPREME COURT,NONPARTISAN,SCATTERING,119,0
2001,APRIL,GREEN,ADAMS TOWN WARDS 1 & 2,SPRING GENERAL,JUSTICE OF THE SUPREME COURT,NONPARTISAN,"DAVID T PROSSER, JR.",54,54
2001,APRIL,GREEN,ADAMS TOWN WARDS 1 & 2,SPRING GENERAL,JUSTICE OF THE SUPREME COURT,NONPARTISAN,SCATTERING,54,0
2001,APRIL,GREEN,ALBANY TOWN WARDS 1 & 2,SPRING GENERAL,JUSTICE OF THE SUPREME COURT,NONPARTISAN,"DAVID T PROSSER, JR.",177,177
2001,APRIL,GREEN,ALBANY TOWN WARDS 1 & 2,SPRING GENERAL,JUSTICE OF THE SUPREME COURT,NONPARTISAN,SCATTERING,177,0
2001,APRIL,GREEN,BROOKLYN TOWN WARDS 1 & 2,SPRING GENERAL,JUSTICE OF THE SUPREME COURT,NONPARTISAN,"DAVID T PROSSER, JR.",131,131
2001,APRIL,GREEN,BROOKLYN TOWN WARDS 1 & 2,SPRING GENERAL,JUSTICE OF THE SUPREME COURT,NONPARTISAN,SCATTERING,131,0
2001,APRIL,GREEN,CADIZ TOWN WARDS 1 & 2,SPRING GENERAL,JUSTICE OF THE SUPREME COURT,NONPARTISAN,"DAVID T PROSSER, JR.",74,74
2001,APRIL,GREEN,CADIZ TOWN WARDS 1 & 2,SPRING GENERAL,JUSTICE OF THE SUPREME COURT,NONPARTISAN,SCATTERING,74,0
2001,APRIL,GREEN,CLARNO TOWN WARDS 1 & 2,SPRING GENERAL,JUSTICE OF THE SUPREME COURT,NONPARTISAN,"DAVID T PROSSER, JR.",46,46
2001,APRIL,GREEN,CLARNO TOWN WARDS 1 & 2,SPRING GENERAL,JUSTICE OF THE SUPREME COURT,NONPARTISAN,SCATTERING,46,0
2001,APRIL,GREEN,DECATUR TOWN WARDS 1 & 2,SPRING GENERAL,JUSTICE OF THE SUPREME COURT,NONPARTISAN,"DAVID T PROSSER, JR.",192,192
2001,APRIL,GREEN,DECATUR TOWN WARDS 1 & 2,SPRING GENERAL,JUSTICE OF THE SUPREME COURT,NONPARTISAN,SCATTERING,192,0
2001,APRIL,GREEN,EXETER TOWN WARD 1,SPRING GENERAL,JUSTICE OF THE SUPREME COURT,NONPARTISAN,"DAVID T PROSSER, JR.",104,104
2001,APRIL,GREEN,EXETER TOWN WARD 1,SPRING GENERAL,JUSTICE OF THE SUPREME COURT,NONPARTISAN,SCATTERING,104,0
2001,APRIL,GREEN,JEFFERSON TOWN WARDS 1 & 2,SPRING GENERAL,JUSTICE OF THE SUPREME COURT,NONPARTISAN,"DAVID T PROSSER, JR.",117,117
2001,APRIL,GREEN,JEFFERSON TOWN WARDS 1 & 2,SPRING GENERAL,JUSTICE OF THE SUPREME COURT,NONPARTISAN,SCATTERING,117,0
2001,APRIL,GREEN,JORDAN TOWN WARD 1,SPRING GENERAL,JUSTICE OF THE SUPREME COURT,NONPARTISAN,"DAVID T PROSSER, JR.",52,52
2001,APRIL,GREEN,JORDAN TOWN WARD 1,SPRING GENERAL,JUSTICE OF THE SUPREME COURT,NONPARTISAN,SCATTERING,52,0
2001,APRIL,GREEN,MONROE TOWN WARDS 1 & 2,SPRING GENERAL,JUSTICE OF THE SUPREME COURT,NONPARTISAN,"DAVID T PROSSER, JR.",93,93
2001,APRIL,GREEN,MONROE TOWN WARDS 1 & 2,SPRING GENERAL,JUSTICE OF THE SUPREME COURT,NONPARTISAN,SCATTERING,93,0
2001,APRIL,GREEN,MOUNT PLEASANT TOWN WARDS 1 & 2,SPRING GENERAL,JUSTICE OF THE SUPREME COURT,NONPARTISAN,"DAVID T PROSSER, JR.",128,128
2001,APRIL,GREEN,MOUNT PLEASANT TOWN WARDS 1 & 2,SPRING GENERAL,JUSTICE OF THE SUPREME COURT,NONPARTISAN,SCATTERING,128,0
2001,APRIL,GREEN,NEW GLARUS TOWN WARDS 1 & 2,SPRING GENERAL,JUSTICE OF THE SUPREME COURT,NONPARTISAN,"DAVID T PROSSER, JR.",206,206
2001,APRIL,GREEN,NEW GLARUS TOWN WARDS 1 & 2,SPRING GENERAL,JUSTICE OF THE SUPREME COURT,NONPARTISAN,SCATTERING,206,0
2001,APRIL,GREEN,SPRING GROVE TOWN WARDS 1 & 2,SPRING GENERAL,JUSTICE OF THE SUPREME COURT,NONPARTISAN,"DAVID T PROSSER, JR.",76,76
2001,APRIL,GREEN,SPRING GROVE TOWN WARDS 1 & 2,SPRING GENERAL,JUSTICE OF THE SUPREME COURT,NONPARTISAN,SCATTERING,76,0
2001,APRIL,GREEN,SYLVESTER TOWN WARD 1,SPRING GENERAL,JUSTICE OF THE SUPREME COURT,NONPARTISAN,"DAVID T PROSSER, JR.",82,82
2001,APRIL,GREEN,SYLVESTER TOWN WARD 1,SPRING GENERAL,JUSTICE OF THE SUPREME COURT,NONPARTISAN,SCATTERING,82,0
2001,APRIL,GREEN,WASHINGTON TOWN WARDS 1 & 2,SPRING GENERAL,JUSTICE OF THE SUPREME COURT,NONPARTISAN,"DAVID T PROSSER, JR.",58,58
2001,APRIL,GREEN,WASHINGTON TOWN WARDS 1 & 2,SPRING GENERAL,JUSTICE OF THE SUPREME COURT,NONPARTISAN,SCATTERING,58,0
2001,APRIL,GREEN,YORK TOWN WARD 1,SPRING GENERAL,JUSTICE OF THE SUPREME COURT,NONPARTISAN,"DAVID T PROSSER, JR.",87,87
2001,APRIL,GREEN,YORK TOWN WARD 1,SPRING GENERAL,JUSTICE OF THE SUPREME COURT,NONPARTISAN,SCATTERING,87,0
2001,APRIL,GREEN,ALBANY VILLAGE WARDS 1 & 2,SPRING GENERAL,JUSTICE OF THE SUPREME COURT,NONPARTISAN,"DAVID T PROSSER, JR.",236,236
2001,APRIL,GREEN,ALBANY VILLAGE WARDS 1 & 2,SPRING GENERAL,JUSTICE OF THE SUPREME COURT,NONPARTISAN,SCATTERING,236,0
2001,APRIL,GREEN,BELLEVILLE VILLAGE WARD 3,SPRING GENERAL,JUSTICE OF THE SUPREME COURT,NONPARTISAN,"DAVID T PROSSER, JR.",25,25
2001,APRIL,GREEN,BELLEVILLE VILLAGE WARD 3,SPRING GENERAL,JUSTICE OF THE SUPREME COURT,NONPARTISAN,SCATTERING,25,0
2001,APRIL,GREEN,BROOKLYN VILLAGE WARD 2,SPRING GENERAL,JUSTICE OF THE SUPREME COURT,NONPARTISAN,"DAVID T PROSSER, JR.",82,82
2001,APRIL,GREEN,BROOKLYN VILLAGE WARD 2,SPRING GENERAL,JUSTICE OF THE SUPREME COURT,NONPARTISAN,SCATTERING,82,0
2001,APRIL,GREEN,BROWNTOWN VILLAGE WARD 1,SPRING GENERAL,JUSTICE OF THE SUPREME COURT,NONPARTISAN,"DAVID T PROSSER, JR.",51,51
2001,APRIL,GREEN,BROWNTOWN VILLAGE WARD 1,SPRING GENERAL,JUSTICE OF THE SUPREME COURT,NONPARTISAN,SCATTERING,51,0
2001,APRIL,GREEN,MONTICELLO VILLAGE WARDS 1 & 2,SPRING GENERAL,JUSTICE OF THE SUPREME COURT,NONPARTISAN,"DAVID T PROSSER, JR.",192,192
2001,APRIL,GREEN,MONTICELLO VILLAGE WARDS 1 & 2,SPRING GENERAL,JUSTICE OF THE SUPREME COURT,NONPARTISAN,SCATTERING,192,0
2001,APRIL,GREEN,NEW GLARUS VILLAGE WARD 1,SPRING GENERAL,JUSTICE OF THE SUPREME COURT,NONPARTISAN,"DAVID T PROSSER, JR.",206,206
2001,APRIL,GREEN,NEW GLARUS VILLAGE WARD 1,SPRING GENERAL,JUSTICE OF THE SUPREME COURT,NONPARTISAN,SCATTERING,206,0
2001,APRIL,GREEN,NEW GLARUS VILLAGE WARD 2,SPRING GENERAL,JUSTICE OF THE SUPREME COURT,NONPARTISAN,"DAVID T PROSSER, JR.",298,298
2001,APRIL,GREEN,NEW GLARUS VILLAGE WARD 2,SPRING GENERAL,JUSTICE OF THE SUPREME COURT,NONPARTISAN,SCATTERING,298,0
2001,APRIL,GREEN,BRODHEAD CITY WARD 1,SPRING GENERAL,JUSTICE OF THE SUPREME COURT,NONPARTISAN,"DAVID T PROSSER, JR.",33,33
2001,APRIL,GREEN,BRODHEAD CITY WARD 1,SPRING GENERAL,JUSTICE OF THE SUPREME COURT,NONPARTISAN,SCATTERING,33,0
2001,APRIL,GREEN,BRODHEAD CITY WARD 2,SPRING GENERAL,JUSTICE OF THE SUPREME COURT,NONPARTISAN,"DAVID T PROSSER, JR.",47,47
2001,APRIL,GREEN,BRODHEAD CITY WARD 2,SPRING GENERAL,JUSTICE OF THE SUPREME COURT,NONPARTISAN,SCATTERING,47,0
2001,APRIL,GREEN,BRODHEAD CITY WARD 3,SPRING GENERAL,JUSTICE OF THE SUPREME COURT,NONPARTISAN,"DAVID T PROSSER, JR.",43,43
2001,APRIL,GREEN,BRODHEAD CITY WARD 3,SPRING GENERAL,JUSTICE OF THE SUPREME COURT,NONPARTISAN,SCATTERING,43,0
2001,APRIL,GREEN,BRODHEAD CITY WARD 4,SPRING GENERAL,JUSTICE OF THE SUPREME COURT,NONPARTISAN,"DAVID T PROSSER, JR.",27,27
2001,APRIL,GREEN,BRODHEAD CITY WARD 4,SPRING GENERAL,JUSTICE OF THE SUPREME COURT,NONPARTISAN,SCATTERING,27,0
2001,APRIL,GREEN,BRODHEAD CITY WARD 5,SPRING GENERAL,JUSTICE OF THE SUPREME COURT,NONPARTISAN,"DAVID T PROSSER, JR.",24,24
2001,APRIL,GREEN,BRODHEAD CITY WARD 5,SPRING GENERAL,JUSTICE OF THE SUPREME COURT,NONPARTISAN,SCATTERING,24,0
2001,APRIL,GREEN,BRODHEAD CITY WARD 6,SPRING GENERAL,JUSTICE OF THE SUPREME COURT,NONPARTISAN,"DAVID T PROSSER, JR.",23,23
2001,APRIL,GREEN,BRODHEAD CITY WARD 6,SPRING GENERAL,JUSTICE OF THE SUPREME COURT,NONPARTISAN,SCATTERING,23,0
2001,APRIL,GREEN,MONROE CITY WARD 1,SPRING GENERAL,JUSTICE OF THE SUPREME COURT,NONPARTISAN,"DAVID T PROSSER, JR.",101,101
2001,APRIL,GREEN,MONROE CITY WARD 1,SPRING GENERAL,JUSTICE OF THE SUPREME COURT,NONPARTISAN,SCATTERING,101,0
2001,APRIL,GREEN,MONROE CITY WARD 2,SPRING GENERAL,JUSTICE OF THE SUPREME COURT,NONPARTISAN,"DAVID T PROSSER, JR.",77,77
2001,APRIL,GREEN,MONROE CITY WARD 2,SPRING GENERAL,JUSTICE OF THE SUPREME COURT,NONPARTISAN,SCATTERING,77,0
2001,APRIL,GREEN,MONROE CITY WARD 3,SPRING GENERAL,JUSTICE OF THE SUPREME COURT,NONPARTISAN,"DAVID T PROSSER, JR.",103,103
2001,APRIL,GREEN,MONROE CITY WARD 3,SPRING GENERAL,JUSTICE OF THE SUPREME COURT,NONPARTISAN,SCATTERING,103,0
2001,APRIL,GREEN,MONROE CITY WARD 4,SPRING GENERAL,JUSTICE OF THE SUPREME COURT,NONPARTISAN,"DAVID T PROSSER, JR.",90,90
2001,APRIL,GREEN,MONROE CITY WARD 4,SPRING GENERAL,JUSTICE OF THE SUPREME COURT,NONPARTISAN,SCATTERING,90,0
2001,APRIL,GREEN,MONROE CITY WARD 5,SPRING GENERAL,JUSTICE OF THE SUPREME COURT,NONPARTISAN,"DAVID T PROSSER, JR.",78,78
2001,APRIL,GREEN,MONROE CITY WARD 5,SPRING GENERAL,JUSTICE OF THE SUPREME COURT,NONPARTISAN,SCATTERING,78,0
2001,APRIL,GREEN,MONROE CITY WARD 6,SPRING GENERAL,JUSTICE OF THE SUPREME COURT,NONPARTISAN,"DAVID T PROSSER, JR.",48,48
2001,APRIL,GREEN,MONROE CITY WARD 6,SPRING GENERAL,JUSTICE OF THE SUPREME COURT,NONPARTISAN,SCATTERING,48,0
2001,APRIL,GREEN,MONROE CITY WARD 7,SPRING GENERAL,JUSTICE OF THE SUPREME COURT,NONPARTISAN,"DAVID T PROSSER, JR.",49,49
2001,APRIL,GREEN,MONROE CITY WARD 7,SPRING GENERAL,JUSTICE OF THE SUPREME COURT,NONPARTISAN,SCATTERING,49,0
2001,APRIL,GREEN,MONROE CITY WARD 8,SPRING GENERAL,JUSTICE OF THE SUPREME COURT,NONPARTISAN,"DAVID T PROSSER, JR.",95,95
2001,APRIL,GREEN,MONROE CITY WARD 8,SPRING GENERAL,JUSTICE OF THE SUPREME COURT,NONPARTISAN,SCATTERING,95,0
2001,APRIL,GREEN,MONROE CITY WARD 9,SPRING GENERAL,JUSTICE OF THE SUPREME COURT,NONPARTISAN,"DAVID T PROSSER, JR.",47,47
2001,APRIL,GREEN,MONROE CITY WARD 9,SPRING GENERAL,JUSTICE OF THE SUPREME COURT,NONPARTISAN,SCATTERING,47,0
2001,APRIL,GREEN,MONROE CITY WARD 10,SPRING GENERAL,JUSTICE OF THE SUPREME COURT,NONPARTISAN,"DAVID T PROSSER, JR.",63,63
2001,APRIL,GREEN,MONROE CITY WARD 10,SPRING GENERAL,JUSTICE OF THE SUPREME COURT,NONPARTISAN,SCATTERING,63,0
2001,APRIL,GREEN LAKE,BERLIN TOWN WARDS 1 & 2,SPRING GENERAL,JUSTICE OF THE SUPREME COURT,NONPARTISAN,"DAVID T PROSSER, JR.",156,156
2001,APRIL,GREEN LAKE,BERLIN TOWN WARDS 1 & 2,SPRING GENERAL,JUSTICE OF THE SUPREME COURT,NONPARTISAN,SCATTERING,156,0
2001,APRIL,GREEN LAKE,BROOKLYN TOWN WARDS 1 - 4,SPRING GENERAL,JUSTICE OF THE SUPREME COURT,NONPARTISAN,"DAVID T PROSSER, JR.",146,146
2001,APRIL,GREEN LAKE,BROOKLYN TOWN WARDS 1 - 4,SPRING GENERAL,JUSTICE OF THE SUPREME COURT,NONPARTISAN,SCATTERING,146,0
2001,APRIL,GREEN LAKE,GREEN LAKE TOWN WARDS 1 - 3,SPRING GENERAL,JUSTICE OF THE SUPREME COURT,NONPARTISAN,"DAVID T PROSSER, JR.",121,121
2001,APRIL,GREEN LAKE,GREEN LAKE TOWN WARDS 1 - 3,SPRING GENERAL,JUSTICE OF THE SUPREME COURT,NONPARTISAN,SCATTERING,121,0
2001,APRIL,GREEN LAKE,KINGSTON TOWN WARDS 1 - 3,SPRING GENERAL,JUSTICE OF THE SUPREME COURT,NONPARTISAN,"DAVID T PROSSER, JR.",99,99
2001,APRIL,GREEN LAKE,KINGSTON TOWN WARDS 1 - 3,SPRING GENERAL,JUSTICE OF THE SUPREME COURT,NONPARTISAN,SCATTERING,99,0
2001,APRIL,GREEN LAKE,MACKFORD TOWN WARD 1,SPRING GENERAL,JUSTICE OF THE SUPREME COURT,NONPARTISAN,"DAVID T PROSSER, JR.",58,58
2001,APRIL,GREEN LAKE,MACKFORD TOWN WARD 1,SPRING GENERAL,JUSTICE OF THE SUPREME COURT,NONPARTISAN,SCATTERING,58,0
2001,APRIL,GREEN LAKE,MANCHESTER TOWN WARD 1,SPRING GENERAL,JUSTICE OF THE SUPREME COURT,NONPARTISAN,"DAVID T PROSSER, JR.",117,117
2001,APRIL,GREEN LAKE,MANCHESTER TOWN WARD 1,SPRING GENERAL,JUSTICE OF THE SUPREME COURT,NONPARTISAN,SCATTERING,117,0
2001,APRIL,GREEN LAKE,MARQUETTE TOWN WARDS 1 & 2,SPRING GENERAL,JUSTICE OF THE SUPREME COURT,NONPARTISAN,"DAVID T PROSSER, JR.",58,58
2001,APRIL,GREEN LAKE,MARQUETTE TOWN WARDS 1 & 2,SPRING GENERAL,JUSTICE OF THE SUPREME COURT,NONPARTISAN,SCATTERING,58,0
2001,APRIL,GREEN LAKE,PRINCETON TOWN WARDS 1 - 4,SPRING GENERAL,JUSTICE OF THE SUPREME COURT,NONPARTISAN,"DAVID T PROSSER, JR.",141,140
2001,APRIL,GREEN LAKE,PRINCETON TOWN WARDS 1 - 4,SPRING GENERAL,JUSTICE OF THE SUPREME COURT,NONPARTISAN,SCATTERING,141,1
2001,APRIL,GREEN LAKE,ST MARIE TOWN WARD 1,SPRING GENERAL,JUSTICE OF THE SUPREME COURT,NONPARTISAN,"DAVID T PROSSER, JR.",24,24
2001,APRIL,GREEN LAKE,ST MARIE TOWN WARD 1,SPRING GENERAL,JUSTICE OF THE SUPREME COURT,NONPARTISAN,SCATTERING,24,0
2001,APRIL,GREEN LAKE,SENECA TOWN WARD 1,SPRING GENERAL,JUSTICE OF THE SUPREME COURT,NONPARTISAN,"DAVID T PROSSER, JR.",113,113
2001,APRIL,GREEN LAKE,SENECA TOWN WARD 1,SPRING GENERAL,JUSTICE OF THE SUPREME COURT,NONPARTISAN,SCATTERING,113,0
2001,APRIL,GREEN LAKE,KINGSTON VILLAGE WARD 1,SPRING GENERAL,JUSTICE OF THE SUPREME COURT,NONPARTISAN,"DAVID T PROSSER, JR.",48,48
2001,APRIL,GREEN LAKE,KINGSTON VILLAGE WARD 1,SPRING GENERAL,JUSTICE OF THE SUPREME COURT,NONPARTISAN,SCATTERING,48,0
2001,APRIL,GREEN LAKE,MARQUETTE VILLAGE WARD 1,SPRING GENERAL,JUSTICE OF THE SUPREME COURT,NONPARTISAN,"DAVID T PROSSER, JR.",33,33
2001,APRIL,GREEN LAKE,MARQUETTE VILLAGE WARD 1,SPRING GENERAL,JUSTICE OF THE SUPREME COURT,NONPARTISAN,SCATTERING,33,0
2001,APRIL,GREEN LAKE,"BERLIN CITY WARDS 1 - 6, 8 - 10",SPRING GENERAL,JUSTICE OF THE SUPREME COURT,NONPARTISAN,"DAVID T PROSSER, JR.",251,250
2001,APRIL,GREEN LAKE,"BERLIN CITY WARDS 1 - 6, 8 - 10",SPRING GENERAL,JUSTICE OF THE SUPREME COURT,NONPARTISAN,SCATTERING,251,1
2001,APRIL,GREEN LAKE,GREEN LAKE CITY WARDS 1 - 7,SPRING GENERAL,JUSTICE OF THE SUPREME COURT,NONPARTISAN,"DAVID T PROSSER, JR.",87,87
2001,APRIL,GREEN LAKE,GREEN LAKE CITY WARDS 1 - 7,SPRING GENERAL,JUSTICE OF THE SUPREME COURT,NONPARTISAN,SCATTERING,87,0
2001,APRIL,GREEN LAKE,MARKESAN CITY WARDS 1 - 9,SPRING GENERAL,JUSTICE OF THE SUPREME COURT,NONPARTISAN,"DAVID T PROSSER, JR.",298,298
2001,APRIL,GREEN LAKE,MARKESAN CITY WARDS 1 - 9,SPRING GENERAL,JUSTICE OF THE SUPREME COURT,NONPARTISAN,SCATTERING,298,0
2001,APRIL,GREEN LAKE,PRINCETON CITY WARDS 1 - 7,SPRING GENERAL,JUSTICE OF THE SUPREME COURT,NONPARTISAN,"DAVID T PROSSER, JR.",206,205
2001,APRIL,GREEN LAKE,PRINCETON CITY WARDS 1 - 7,SPRING GENERAL,JUSTICE OF THE SUPREME COURT,NONPARTISAN,SCATTERING,206,1
2001,APRIL,IOWA,ARENA TOWN WARDS 1 & 2,SPRING GENERAL,JUSTICE OF THE SUPREME COURT,NONPARTISAN,"DAVID T PROSSER, JR.",163,163
2001,APRIL,IOWA,ARENA TOWN WARDS 1 & 2,SPRING GENERAL,JUSTICE OF THE SUPREME COURT,NONPARTISAN,SCATTERING,163,0
2001,APRIL,IOWA,BRIGHAM TOWN WARDS 1 - 3,SPRING GENERAL,JUSTICE OF THE SUPREME COURT,NONPARTISAN,"DAVID T PROSSER, JR.",126,126
2001,APRIL,IOWA,BRIGHAM TOWN WARDS 1 - 3,SPRING GENERAL,JUSTICE OF THE SUPREME COURT,NONPARTISAN,SCATTERING,126,0
2001,APRIL,IOWA,CLYDE TOWN WARDS 1 - 3,SPRING GENERAL,JUSTICE OF THE SUPREME COURT,NONPARTISAN,"DAVID T PROSSER, JR.",47,47
2001,APRIL,IOWA,CLYDE TOWN WARDS 1 - 3,SPRING GENERAL,JUSTICE OF THE SUPREME COURT,NONPARTISAN,SCATTERING,47,0
2001,APRIL,IOWA,DODGEVILLE TOWN WARDS 1 - 3,SPRING GENERAL,JUSTICE OF THE SUPREME COURT,NONPARTISAN,"DAVID T PROSSER, JR.",201,200
2001,APRIL,IOWA,DODGEVILLE TOWN WARDS 1 - 3,SPRING GENERAL,JUSTICE OF THE SUPREME COURT,NONPARTISAN,SCATTERING,201,1
2001,APRIL,IOWA,EDEN TOWN WARD 1,SPRING GENERAL,JUSTICE OF THE SUPREME COURT,NONPARTISAN,"DAVID T PROSSER, JR.",45,45
2001,APRIL,IOWA,EDEN TOWN WARD 1,SPRING GENERAL,JUSTICE OF THE SUPREME COURT,NONPARTISAN,SCATTERING,45,0
2001,APRIL,IOWA,HIGHLAND TOWN WARDS 1 & 2,SPRING GENERAL,JUSTICE OF THE SUPREME COURT,NONPARTISAN,"DAVID T PROSSER, JR.",140,139
2001,APRIL,IOWA,HIGHLAND TOWN WARDS 1 & 2,SPRING GENERAL,JUSTICE OF THE SUPREME COURT,NONPARTISAN,SCATTERING,140,1
2001,APRIL,IOWA,LINDEN TOWN WARDS 1 - 3,SPRING GENERAL,JUSTICE OF THE SUPREME COURT,NONPARTISAN,"DAVID T PROSSER, JR.",58,58
2001,APRIL,IOWA,LINDEN TOWN WARDS 1 - 3,SPRING GENERAL,JUSTICE OF THE SUPREME COURT,NONPARTISAN,SCATTERING,58,0
2001,APRIL,IOWA,MIFFLIN TOWN WARDS 1 & 2,SPRING GENERAL,JUSTICE OF THE SUPREME COURT,NONPARTISAN,"DAVID T PROSSER, JR.",55,55
2001,APRIL,IOWA,MIFFLIN TOWN WARDS 1 & 2,SPRING GENERAL,JUSTICE OF THE SUPREME COURT,NONPARTISAN,SCATTERING,55,0
2001,APRIL,IOWA,MINERAL POINT TOWN WARDS 1 - 3,SPRING GENERAL,JUSTICE OF THE SUPREME COURT,NONPARTISAN,"DAVID T PROSSER, JR.",47,47
2001,APRIL,IOWA,MINERAL POINT TOWN WARDS 1 - 3,SPRING GENERAL,JUSTICE OF THE SUPREME COURT,NONPARTISAN,SCATTERING,47,0
2001,APRIL,IOWA,MOSCOW TOWN WARDS 1 & 2,SPRING GENERAL,JUSTICE OF THE SUPREME COURT,NONPARTISAN,"DAVID T PROSSER, JR.",73,73
2001,APRIL,IOWA,MOSCOW TOWN WARDS 1 & 2,SPRING GENERAL,JUSTICE OF THE SUPREME COURT,NONPARTISAN,SCATTERING,73,0
2001,APRIL,IOWA,PULASKI TOWN WARD 1,SPRING GENERAL,JUSTICE OF THE SUPREME COURT,NONPARTISAN,"DAVID T PROSSER, JR.",56,56
2001,APRIL,IOWA,PULASKI TOWN WARD 1,SPRING GENERAL,JUSTICE OF THE SUPREME COURT,NONPARTISAN,SCATTERING,56,0
2001,APRIL,IOWA,RIDGEWAY TOWN WARDS 1 & 2,SPRING GENERAL,JUSTICE OF THE SUPREME COURT,NONPARTISAN,"DAVID T PROSSER, JR.",43,43
2001,APRIL,IOWA,RIDGEWAY TOWN WARDS 1 & 2,SPRING GENERAL,JUSTICE OF THE SUPREME COURT,NONPARTISAN,SCATTERING,43,0
2001,APRIL,IOWA,WALDWICK TOWN WARD 1,SPRING GENERAL,JUSTICE OF THE SUPREME COURT,NONPARTISAN,"DAVID T PROSSER, JR.",62,62
2001,APRIL,IOWA,WALDWICK TOWN WARD 1,SPRING GENERAL,JUSTICE OF THE SUPREME COURT,NONPARTISAN,SCATTERING,62,0
2001,APRIL,IOWA,WYOMING TOWN WARD 1,SPRING GENERAL,JUSTICE OF THE SUPREME COURT,NONPARTISAN,"DAVID T PROSSER, JR.",49,48
2001,APRIL,IOWA,WYOMING TOWN WARD 1,SPRING GENERAL,JUSTICE OF THE SUPREME COURT,NONPARTISAN,SCATTERING,49,1
2001,APRIL,IOWA,ARENA VILLAGE WARD 1,SPRING GENERAL,JUSTICE OF THE SUPREME COURT,NONPARTISAN,"DAVID T PROSSER, JR.",184,184
2001,APRIL,IOWA,ARENA VILLAGE WARD 1,SPRING GENERAL,JUSTICE OF THE SUPREME COURT,NONPARTISAN,SCATTERING,184,0
2001,APRIL,IOWA,AVOCA VILLAGE WARD 1,SPRING GENERAL,JUSTICE OF THE SUPREME COURT,NONPARTISAN,"DAVID T PROSSER, JR.",158,158
2001,APRIL,IOWA,AVOCA VILLAGE WARD 1,SPRING GENERAL,JUSTICE OF THE SUPREME COURT,NONPARTISAN,SCATTERING,158,0
2001,APRIL,IOWA,BARNEVELD VILLAGE WARD 1,SPRING GENERAL,JUSTICE OF THE SUPREME COURT,NONPARTISAN,"DAVID T PROSSER, JR.",167,167
2001,APRIL,IOWA,BARNEVELD VILLAGE WARD 1,SPRING GENERAL,JUSTICE OF THE SUPREME COURT,NONPARTISAN,SCATTERING,167,0
2001,APRIL,IOWA,BLANCHARDVILLE VILLAGE WARD 2,SPRING GENERAL,JUSTICE OF THE SUPREME COURT,NONPARTISAN,"DAVID T PROSSER, JR.",32,32
2001,APRIL,IOWA,BLANCHARDVILLE VILLAGE WARD 2,SPRING GENERAL,JUSTICE OF THE SUPREME COURT,NONPARTISAN,SCATTERING,32,0
2001,APRIL,IOWA,COBB VILLAGE WARD 1,SPRING GENERAL,JUSTICE OF THE SUPREME COURT,NONPARTISAN,"DAVID T PROSSER, JR.",149,149
2001,APRIL,IOWA,COBB VILLAGE WARD 1,SPRING GENERAL,JUSTICE OF THE SUPREME COURT,NONPARTISAN,SCATTERING,149,0
2001,APRIL,IOWA,HIGHLAND VILLAGE WARD 1,SPRING GENERAL,JUSTICE OF THE SUPREME COURT,NONPARTISAN,"DAVID T PROSSER, JR.",223,223
2001,APRIL,IOWA,HIGHLAND VILLAGE WARD 1,SPRING GENERAL,JUSTICE OF THE SUPREME COURT,NONPARTISAN,SCATTERING,223,0
2001,APRIL,IOWA,HOLLANDALE VILLAGE WARD 1,SPRING GENERAL,JUSTICE OF THE SUPREME COURT,NONPARTISAN,"DAVID T PROSSER, JR.",43,43
2001,APRIL,IOWA,HOLLANDALE VILLAGE WARD 1,SPRING GENERAL,JUSTICE OF THE SUPREME COURT,NONPARTISAN,SCATTERING,43,0
2001,APRIL,IOWA,LINDEN VILLAGE WARD 1,SPRING GENERAL,JUSTICE OF THE SUPREME COURT,NONPARTISAN,"DAVID T PROSSER, JR.",55,55
2001,APRIL,IOWA,LINDEN VILLAGE WARD 1,SPRING GENERAL,JUSTICE OF THE SUPREME COURT,NONPARTISAN,SCATTERING,55,0
2001,APRIL,IOWA,LIVINGSTON VILLAGE WARD 2,SPRING GENERAL,JUSTICE OF THE SUPREME COURT,NONPARTISAN,"DAVID T PROSSER, JR.",3,3
2001,APRIL,IOWA,LIVINGSTON VILLAGE WARD 2,SPRING GENERAL,JUSTICE OF THE SUPREME COURT,NONPARTISAN,SCATTERING,3,0
2001,APRIL,IOWA,MONTFORT VILLAGE WARD 2,SPRING GENERAL,JUSTICE OF THE SUPREME COURT,NONPARTISAN,"DAVID T PROSSER, JR.",15,14
2001,APRIL,IOWA,MONTFORT VILLAGE WARD 2,SPRING GENERAL,JUSTICE OF THE SUPREME COURT,NONPARTISAN,SCATTERING,15,1
2001,APRIL,IOWA,MUSCODA VILLAGE WARD 3,SPRING GENERAL,JUSTICE OF THE SUPREME COURT,NONPARTISAN,"DAVID T PROSSER, JR.",5,5
2001,APRIL,IOWA,MUSCODA VILLAGE WARD 3,SPRING GENERAL,JUSTICE OF THE SUPREME COURT,NONPARTISAN,SCATTERING,5,0
2001,APRIL,IOWA,REWEY VILLAGE WARD 1,SPRING GENERAL,JUSTICE OF THE SUPREME COURT,NONPARTISAN,"DAVID T PROSSER, JR.",66,66
2001,APRIL,IOWA,REWEY VILLAGE WARD 1,SPRING GENERAL,JUSTICE OF THE SUPREME COURT,NONPARTISAN,SCATTERING,66,0
2001,APRIL,IOWA,RIDGEWAY VILLAGE WARD 1,SPRING GENERAL,JUSTICE OF THE SUPREME COURT,NONPARTISAN,"DAVID T PROSSER, JR.",71,71
2001,APRIL,IOWA,RIDGEWAY VILLAGE WARD 1,SPRING GENERAL,JUSTICE OF THE SUPREME COURT,NONPARTISAN,SCATTERING,71,0
2001,APRIL,IOWA,DODGEVILLE CITY WARD 1,SPRING GENERAL,JUSTICE OF THE SUPREME COURT,NONPARTISAN,"DAVID T PROSSER, JR.",138,138
2001,APRIL,IOWA,DODGEVILLE CITY WARD 1,SPRING GENERAL,JUSTICE OF THE SUPREME COURT,NONPARTISAN,SCATTERING,138,0
2001,APRIL,IOWA,DODGEVILLE CITY WARD 2,SPRING GENERAL,JUSTICE OF THE SUPREME COURT,NONPARTISAN,"DAVID T PROSSER, JR.",134,134
2001,APRIL,IOWA,DODGEVILLE CITY WARD 2,SPRING GENERAL,JUSTICE OF THE SUPREME COURT,NONPARTISAN,SCATTERING,134,0
2001,APRIL,IOWA,DODGEVILLE CITY WARD 3,SPRING GENERAL,JUSTICE OF THE SUPREME COURT,NONPARTISAN,"DAVID T PROSSER, JR.",135,135
2001,APRIL,IOWA,DODGEVILLE CITY WARD 3,SPRING GENERAL,JUSTICE OF THE SUPREME COURT,NONPARTISAN,SCATTERING,135,0
2001,APRIL,IOWA,DODGEVILLE CITY WARD 4,SPRING GENERAL,JUSTICE OF THE SUPREME COURT,NONPARTISAN,"DAVID T PROSSER, JR.",110,110
2001,APRIL,IOWA,DODGEVILLE CITY WARD 4,SPRING GENERAL,JUSTICE OF THE SUPREME COURT,NONPARTISAN,SCATTERING,110,0
2001,APRIL,IOWA,MINERAL POINT CITY WARDS 1 & 2,SPRING GENERAL,JUSTICE OF THE SUPREME COURT,NONPARTISAN,"DAVID T PROSSER, JR.",67,67
2001,APRIL,IOWA,MINERAL POINT CITY WARDS 1 & 2,SPRING GENERAL,JUSTICE OF THE SUPREME COURT,NONPARTISAN,SCATTERING,67,0
2001,APRIL,IOWA,MINERAL POINT CITY WARDS 3 & 4,SPRING GENERAL,JUSTICE OF THE SUPREME COURT,NONPARTISAN,"DAVID T PROSSER, JR.",26,26
2001,APRIL,IOWA,MINERAL POINT CITY WARDS 3 & 4,SPRING GENERAL,JUSTICE OF THE SUPREME COURT,NONPARTISAN,SCATTERING,26,0
2001,APRIL,IOWA,MINERAL POINT CITY WARD 5,SPRING GENERAL,JUSTICE OF THE SUPREME COURT,NONPARTISAN,"DAVID T PROSSER, JR.",41,41
2001,APRIL,IOWA,MINERAL POINT CITY WARD 5,SPRING GENERAL,JUSTICE OF THE SUPREME COURT,NONPARTISAN,SCATTERING,41,0
2001,APRIL,IOWA,MINERAL POINT CITY WARD 6,SPRING GENERAL,JUSTICE OF THE SUPREME COURT,NONPARTISAN,"DAVID T PROSSER, JR.",49,48
2001,APRIL,IOWA,MINERAL POINT CITY WARD 6,SPRING GENERAL,JUSTICE OF THE SUPREME COURT,NONPARTISAN,SCATTERING,49,1
2001,APRIL,IRON,ANDERSON TOWN WARD 1,SPRING GENERAL,JUSTICE OF THE SUPREME COURT,NONPARTISAN,"DAVID T PROSSER, JR.",15,15
2001,APRIL,IRON,ANDERSON TOWN WARD 1,SPRING GENERAL,JUSTICE OF THE SUPREME COURT,NONPARTISAN,SCATTERING,15,0
2001,APRIL,IRON,CAREY TOWN WARD 1,SPRING GENERAL,JUSTICE OF THE SUPREME COURT,NONPARTISAN,"DAVID T PROSSER, JR.",20,20
2001,APRIL,IRON,CAREY TOWN WARD 1,SPRING GENERAL,JUSTICE OF THE SUPREME COURT,NONPARTISAN,SCATTERING,20,0
2001,APRIL,IRON,GURNEY TOWN WARD 1,SPRING GENERAL,JUSTICE OF THE SUPREME COURT,NONPARTISAN,"DAVID T PROSSER, JR.",38,38
2001,APRIL,IRON,GURNEY TOWN WARD 1,SPRING GENERAL,JUSTICE OF THE SUPREME COURT,NONPARTISAN,SCATTERING,38,0
2001,APRIL,IRON,KIMBALL TOWN WARDS 1 & 2,SPRING GENERAL,JUSTICE OF THE SUPREME COURT,NONPARTISAN,"DAVID T PROSSER, JR.",111,111
2001,APRIL,IRON,KIMBALL TOWN WARDS 1 & 2,SPRING GENERAL,JUSTICE OF THE SUPREME COURT,NONPARTISAN,SCATTERING,111,0
2001,APRIL,IRON,KNIGHT TOWN WARD 1,SPRING GENERAL,JUSTICE OF THE SUPREME COURT,NONPARTISAN,"DAVID T PROSSER, JR.",53,53
2001,APRIL,IRON,KNIGHT TOWN WARD 1,SPRING GENERAL,JUSTICE OF THE SUPREME COURT,NONPARTISAN,SCATTERING,53,0
2001,APRIL,IRON,MERCER TOWN WARD 1,SPRING GENERAL,JUSTICE OF THE SUPREME COURT,NONPARTISAN,"DAVID T PROSSER, JR.",100,100
2001,APRIL,IRON,MERCER TOWN WARD 1,SPRING GENERAL,JUSTICE OF THE SUPREME COURT,NONPARTISAN,SCATTERING,100,0
2001,APRIL,IRON,MERCER TOWN WARD 2,SPRING GENERAL,JUSTICE OF THE SUPREME COURT,NONPARTISAN,"DAVID T PROSSER, JR.",128,128
2001,APRIL,IRON,MERCER TOWN WARD 2,SPRING GENERAL,JUSTICE OF THE SUPREME COURT,NONPARTISAN,SCATTERING,128,0
2001,APRIL,IRON,MERCER TOWN WARD 3,SPRING GENERAL,JUSTICE OF THE SUPREME COURT,NONPARTISAN,"DAVID T PROSSER, JR.",89,89
2001,APRIL,IRON,MERCER TOWN WARD 3,SPRING GENERAL,JUSTICE OF THE SUPREME COURT,NONPARTISAN,SCATTERING,89,0
2001,APRIL,IRON,MERCER TOWN WARD 4,SPRING GENERAL,JUSTICE OF THE SUPREME COURT,NONPARTISAN,"DAVID T PROSSER, JR.",36,36
2001,APRIL,IRON,MERCER TOWN WARD 4,SPRING GENERAL,JUSTICE OF THE SUPREME COURT,NONPARTISAN,SCATTERING,36,0
2001,APRIL,IRON,OMA TOWN WARDS 1 & 2,SPRING GENERAL,JUSTICE OF THE SUPREME COURT,NONPARTISAN,"DAVID T PROSSER, JR.",70,70
2001,APRIL,IRON,OMA TOWN WARDS 1 & 2,SPRING GENERAL,JUSTICE OF THE SUPREME COURT,NONPARTISAN,SCATTERING,70,0
2001,APRIL,IRON,PENCE TOWN WARDS 1 & 2,SPRING GENERAL,JUSTICE OF THE SUPREME COURT,NONPARTISAN,"DAVID T PROSSER, JR.",27,27
2001,APRIL,IRON,PENCE TOWN WARDS 1 & 2,SPRING GENERAL,JUSTICE OF THE SUPREME COURT,NONPARTISAN,SCATTERING,27,0
2001,APRIL,IRON,SAXON TOWN WARDS 1 & 2,SPRING GENERAL,JUSTICE OF THE SUPREME COURT,NONPARTISAN,"DAVID T PROSSER, JR.",57,56
2001,APRIL,IRON,SAXON TOWN WARDS 1 & 2,SPRING GENERAL,JUSTICE OF THE SUPREME COURT,NONPARTISAN,SCATTERING,57,1
2001,APRIL,IRON,SHERMAN TOWN WARD 1,SPRING GENERAL,JUSTICE OF THE SUPREME COURT,NONPARTISAN,"DAVID T PROSSER, JR.",132,132
2001,APRIL,IRON,SHERMAN TOWN WARD 1,SPRING GENERAL,JUSTICE OF THE SUPREME COURT,NONPARTISAN,SCATTERING,132,0
2001,APRIL,IRON,HURLEY CITY WARD 1,SPRING GENERAL,JUSTICE OF THE SUPREME COURT,NONPARTISAN,"DAVID T PROSSER, JR.",65,65
2001,APRIL,IRON,HURLEY CITY WARD 1,SPRING GENERAL,JUSTICE OF THE SUPREME COURT,NONPARTISAN,SCATTERING,65,0
2001,APRIL,IRON,HURLEY CITY WARD 2,SPRING GENERAL,JUSTICE OF THE SUPREME COURT,NONPARTISAN,"DAVID T PROSSER, JR.",38,38
2001,APRIL,IRON,HURLEY CITY WARD 2,SPRING GENERAL,JUSTICE OF THE SUPREME COURT,NONPARTISAN,SCATTERING,38,0
2001,APRIL,IRON,HURLEY CITY WARD 3,SPRING GENERAL,JUSTICE OF THE SUPREME COURT,NONPARTISAN,"DAVID T PROSSER, JR.",26,26
2001,APRIL,IRON,HURLEY CITY WARD 3,SPRING GENERAL,JUSTICE OF THE SUPREME COURT,NONPARTISAN,SCATTERING,26,0
2001,APRIL,IRON,HURLEY CITY WARD 4,SPRING GENERAL,JUSTICE OF THE SUPREME COURT,NONPARTISAN,"DAVID T PROSSER, JR.",54,54
2001,APRIL,IRON,HURLEY CITY WARD 4,SPRING GENERAL,JUSTICE OF THE SUPREME COURT,NONPARTISAN,SCATTERING,54,0
2001,APRIL,IRON,HURLEY CITY WARD 5,SPRING GENERAL,JUSTICE OF THE SUPREME COURT,NONPARTISAN,"DAVID T PROSSER, JR.",24,24
2001,APRIL,IRON,HURLEY CITY WARD 5,SPRING GENERAL,JUSTICE OF THE SUPREME COURT,NONPARTISAN,SCATTERING,24,0
2001,APRIL,IRON,MONTREAL CITY WARD 1,SPRING GENERAL,JUSTICE OF THE SUPREME COURT,NONPARTISAN,"DAVID T PROSSER, JR.",68,68
2001,APRIL,IRON,MONTREAL CITY WARD 1,SPRING GENERAL,JUSTICE OF THE SUPREME COURT,NONPARTISAN,SCATTERING,68,0
2001,APRIL,IRON,MONTREAL CITY WARD 2,SPRING GENERAL,JUSTICE OF THE SUPREME COURT,NONPARTISAN,"DAVID T PROSSER, JR.",41,41
2001,APRIL,IRON,MONTREAL CITY WARD 2,SPRING GENERAL,JUSTICE OF THE SUPREME COURT,NONPARTISAN,SCATTERING,41,0
2001,APRIL,JACKSON,ADAMS TOWN WARDS 1 - 3,SPRING GENERAL,JUSTICE OF THE SUPREME COURT,NONPARTISAN,"DAVID T PROSSER, JR.",257,257
2001,APRIL,JACKSON,ADAMS TOWN WARDS 1 - 3,SPRING GENERAL,JUSTICE OF THE SUPREME COURT,NONPARTISAN,SCATTERING,257,0
2001,APRIL,JACKSON,ALBION TOWN WARDS 1 - 3,SPRING GENERAL,JUSTICE OF THE SUPREME COURT,NONPARTISAN,"DAVID T PROSSER, JR.",238,238
2001,APRIL,JACKSON,ALBION TOWN WARDS 1 - 3,SPRING GENERAL,JUSTICE OF THE SUPREME COURT,NONPARTISAN,SCATTERING,238,0
2001,APRIL,JACKSON,ALMA TOWN WARDS 1 & 2,SPRING GENERAL,JUSTICE OF THE SUPREME COURT,NONPARTISAN,"DAVID T PROSSER, JR.",123,123
2001,APRIL,JACKSON,ALMA TOWN WARDS 1 & 2,SPRING GENERAL,JUSTICE OF THE SUPREME COURT,NONPARTISAN,SCATTERING,123,0
2001,APRIL,JACKSON,BEAR BLUFF TOWN WARD 1,SPRING GENERAL,JUSTICE OF THE SUPREME COURT,NONPARTISAN,"DAVID T PROSSER, JR.",14,14
2001,APRIL,JACKSON,BEAR BLUFF TOWN WARD 1,SPRING GENERAL,JUSTICE OF THE SUPREME COURT,NONPARTISAN,SCATTERING,14,0
2001,APRIL,JACKSON,BROCKWAY TOWN WARDS 1 - 3,SPRING GENERAL,JUSTICE OF THE SUPREME COURT,NONPARTISAN,"DAVID T PROSSER, JR.",198,198
2001,APRIL,JACKSON,BROCKWAY TOWN WARDS 1 - 3,SPRING GENERAL,JUSTICE OF THE SUPREME COURT,NONPARTISAN,SCATTERING,198,0
2001,APRIL,JACKSON,CITY POINT TOWN WARD 1,SPRING GENERAL,JUSTICE OF THE SUPREME COURT,NONPARTISAN,"DAVID T PROSSER, JR.",33,33
2001,APRIL,JACKSON,CITY POINT TOWN WARD 1,SPRING GENERAL,JUSTICE OF THE SUPREME COURT,NONPARTISAN,SCATTERING,33,0
2001,APRIL,JACKSON,CLEVELAND TOWN WARD 1,SPRING GENERAL,JUSTICE OF THE SUPREME COURT,NONPARTISAN,"DAVID T PROSSER, JR.",101,101
2001,APRIL,JACKSON,CLEVELAND TOWN WARD 1,SPRING GENERAL,JUSTICE OF THE SUPREME COURT,NONPARTISAN,SCATTERING,101,0
2001,APRIL,JACKSON,CURRAN TOWN WARD 1,SPRING GENERAL,JUSTICE OF THE SUPREME COURT,NONPARTISAN,"DAVID T PROSSER, JR.",37,37
2001,APRIL,JACKSON,CURRAN TOWN WARD 1,SPRING GENERAL,JUSTICE OF THE SUPREME COURT,NONPARTISAN,SCATTERING,37,0
2001,APRIL,JACKSON,FRANKLIN TOWN WARD 1,SPRING GENERAL,JUSTICE OF THE SUPREME COURT,NONPARTISAN,"DAVID T PROSSER, JR.",23,23
2001,APRIL,JACKSON,FRANKLIN TOWN WARD 1,SPRING GENERAL,JUSTICE OF THE SUPREME COURT,NONPARTISAN,SCATTERING,23,0
2001,APRIL,JACKSON,GARDEN VALLEY TOWN WARD 1,SPRING GENERAL,JUSTICE OF THE SUPREME COURT,NONPARTISAN,"DAVID T PROSSER, JR.",34,34
2001,APRIL,JACKSON,GARDEN VALLEY TOWN WARD 1,SPRING GENERAL,JUSTICE OF THE SUPREME COURT,NONPARTISAN,SCATTERING,34,0
2001,APRIL,JACKSON,GARFIELD TOWN WARD 1,SPRING GENERAL,JUSTICE OF THE SUPREME COURT,NONPARTISAN,"DAVID T PROSSER, JR.",55,55
2001,APRIL,JACKSON,GARFIELD TOWN WARD 1,SPRING GENERAL,JUSTICE OF THE SUPREME COURT,NONPARTISAN,SCATTERING,55,0
2001,APRIL,JACKSON,HIXTON TOWN WARDS 1 & 2,SPRING GENERAL,JUSTICE OF THE SUPREME COURT,NONPARTISAN,"DAVID T PROSSER, JR.",75,75
2001,APRIL,JACKSON,HIXTON TOWN WARDS 1 & 2,SPRING GENERAL,JUSTICE OF THE SUPREME COURT,NONPARTISAN,SCATTERING,75,0
2001,APRIL,JACKSON,IRVING TOWN WARD 1,SPRING GENERAL,JUSTICE OF THE SUPREME COURT,NONPARTISAN,"DAVID T PROSSER, JR.",121,121
2001,APRIL,JACKSON,IRVING TOWN WARD 1,SPRING GENERAL,JUSTICE OF THE SUPREME COURT,NONPARTISAN,SCATTERING,121,0
2001,APRIL,JACKSON,KNAPP TOWN WARDS 1 & 2,SPRING GENERAL,JUSTICE OF THE SUPREME COURT,NONPARTISAN,"DAVID T PROSSER, JR.",34,34
2001,APRIL,JACKSON,KNAPP TOWN WARDS 1 & 2,SPRING GENERAL,JUSTICE OF THE SUPREME COURT,NONPARTISAN,SCATTERING,34,0
2001,APRIL,JACKSON,KOMENSKY TOWN WARD 1,SPRING GENERAL,JUSTICE OF THE SUPREME COURT,NONPARTISAN,"DAVID T PROSSER, JR.",66,66
2001,APRIL,JACKSON,KOMENSKY TOWN WARD 1,SPRING GENERAL,JUSTICE OF THE SUPREME COURT,NONPARTISAN,SCATTERING,66,0
2001,APRIL,JACKSON,MANCHESTER TOWN WARDS 1 & 2,SPRING GENERAL,JUSTICE OF THE SUPREME COURT,NONPARTISAN,"DAVID T PROSSER, JR.",144,144
2001,APRIL,JACKSON,MANCHESTER TOWN WARDS 1 & 2,SPRING GENERAL,JUSTICE OF THE SUPREME COURT,NONPARTISAN,SCATTERING,144,0
2001,APRIL,JACKSON,MELROSE TOWN WARDS 1 & 2,SPRING GENERAL,JUSTICE OF THE SUPREME COURT,NONPARTISAN,"DAVID T PROSSER, JR.",24,24
2001,APRIL,JACKSON,MELROSE TOWN WARDS 1 & 2,SPRING GENERAL,JUSTICE OF THE SUPREME COURT,NONPARTISAN,SCATTERING,24,0
2001,APRIL,JACKSON,MILLSTON TOWN WARD 1,SPRING GENERAL,JUSTICE OF THE SUPREME COURT,NONPARTISAN,"DAVID T PROSSER, JR.",38,38
2001,APRIL,JACKSON,MILLSTON TOWN WARD 1,SPRING GENERAL,JUSTICE OF THE SUPREME COURT,NONPARTISAN,SCATTERING,38,0
2001,APRIL,JACKSON,NORTH BEND TOWN WARD 1,SPRING GENERAL,JUSTICE OF THE SUPREME COURT,NONPARTISAN,"DAVID T PROSSER, JR.",94,94
2001,APRIL,JACKSON,NORTH BEND TOWN WARD 1,SPRING GENERAL,JUSTICE OF THE SUPREME COURT,NONPARTISAN,SCATTERING,94,0
2001,APRIL,JACKSON,NORTHFIELD TOWN WARDS 1 & 2,SPRING GENERAL,JUSTICE OF THE SUPREME COURT,NONPARTISAN,"DAVID T PROSSER, JR.",39,39
2001,APRIL,JACKSON,NORTHFIELD TOWN WARDS 1 & 2,SPRING GENERAL,JUSTICE OF THE SUPREME COURT,NONPARTISAN,SCATTERING,39,0
2001,APRIL,JACKSON,SPRINGFIELD TOWN WARD 1,SPRING GENERAL,JUSTICE OF THE SUPREME COURT,NONPARTISAN,"DAVID T PROSSER, JR.",32,32
2001,APRIL,JACKSON,SPRINGFIELD TOWN WARD 1,SPRING GENERAL,JUSTICE OF THE SUPREME COURT,NONPARTISAN,SCATTERING,32,0
2001,APRIL,JACKSON,ALMA CENTER VILLAGE WARD 1,SPRING GENERAL,JUSTICE OF THE SUPREME COURT,NONPARTISAN,"DAVID T PROSSER, JR.",56,56
2001,APRIL,JACKSON,ALMA CENTER VILLAGE WARD 1,SPRING GENERAL,JUSTICE OF THE SUPREME COURT,NONPARTISAN,SCATTERING,56,0
2001,APRIL,JACKSON,HIXTON VILLAGE WARD 1,SPRING GENERAL,JUSTICE OF THE SUPREME COURT,NONPARTISAN,"DAVID T PROSSER, JR.",95,95
2001,APRIL,JACKSON,HIXTON VILLAGE WARD 1,SPRING GENERAL,JUSTICE OF THE SUPREME COURT,NONPARTISAN,SCATTERING,95,0
2001,APRIL,JACKSON,MELROSE VILLAGE WARD 1,SPRING GENERAL,JUSTICE OF THE SUPREME COURT,NONPARTISAN,"DAVID T PROSSER, JR.",48,48
2001,APRIL,JACKSON,MELROSE VILLAGE WARD 1,SPRING GENERAL,JUSTICE OF THE SUPREME COURT,NONPARTISAN,SCATTERING,48,0
2001,APRIL,JACKSON,MERRILLAN VILLAGE WARD 1,SPRING GENERAL,JUSTICE OF THE SUPREME COURT,NONPARTISAN,"DAVID T PROSSER, JR.",59,59
2001,APRIL,JACKSON,MERRILLAN VILLAGE WARD 1,SPRING GENERAL,JUSTICE OF THE SUPREME COURT,NONPARTISAN,SCATTERING,59,0
2001,APRIL,JACKSON,TAYLOR VILLAGE WARD 1,SPRING GENERAL,JUSTICE OF THE SUPREME COURT,NONPARTISAN,"DAVID T PROSSER, JR.",84,84
2001,APRIL,JACKSON,TAYLOR VILLAGE WARD 1,SPRING GENERAL,JUSTICE OF THE SUPREME COURT,NONPARTISAN,SCATTERING,84,0
2001,APRIL,JACKSON,BLACK RIVER FALLS CITY WARDS 1 - 4,SPRING GENERAL,JUSTICE OF THE SUPREME COURT,NONPARTISAN,"DAVID T PROSSER, JR.",668,668
2001,APRIL,JACKSON,BLACK RIVER FALLS CITY WARDS 1 - 4,SPRING GENERAL,JUSTICE OF THE SUPREME COURT,NONPARTISAN,SCATTERING,668,0
2001,APRIL,JEFFERSON,AZTALAN TOWN WARDS 1 - 3,SPRING GENERAL,JUSTICE OF THE SUPREME COURT,NONPARTISAN,"DAVID T PROSSER, JR.",296,296
2001,APRIL,JEFFERSON,AZTALAN TOWN WARDS 1 - 3,SPRING GENERAL,JUSTICE OF THE SUPREME COURT,NONPARTISAN,SCATTERING,296,0
2001,APRIL,JEFFERSON,COLD SPRING TOWN WARD 1,SPRING GENERAL,JUSTICE OF THE SUPREME COURT,NONPARTISAN,"DAVID T PROSSER, JR.",71,70
2001,APRIL,JEFFERSON,COLD SPRING TOWN WARD 1,SPRING GENERAL,JUSTICE OF THE SUPREME COURT,NONPARTISAN,SCATTERING,71,1
2001,APRIL,JEFFERSON,CONCORD TOWN WARDS 1 - 3,SPRING GENERAL,JUSTICE OF THE SUPREME COURT,NONPARTISAN,"DAVID T PROSSER, JR.",187,187
2001,APRIL,JEFFERSON,CONCORD TOWN WARDS 1 - 3,SPRING GENERAL,JUSTICE OF THE SUPREME COURT,NONPARTISAN,SCATTERING,187,0
2001,APRIL,JEFFERSON,FARMINGTON TOWN WARDS 1 & 2,SPRING GENERAL,JUSTICE OF THE SUPREME COURT,NONPARTISAN,"DAVID T PROSSER, JR.",103,103
2001,APRIL,JEFFERSON,FARMINGTON TOWN WARDS 1 & 2,SPRING GENERAL,JUSTICE OF THE SUPREME COURT,NONPARTISAN,SCATTERING,103,0
2001,APRIL,JEFFERSON,HEBRON TOWN WARD 1,SPRING GENERAL,JUSTICE OF THE SUPREME COURT,NONPARTISAN,"DAVID T PROSSER, JR.",187,186
2001,APRIL,JEFFERSON,HEBRON TOWN WARD 1,SPRING GENERAL,JUSTICE OF THE SUPREME COURT,NONPARTISAN,SCATTERING,187,1
2001,APRIL,JEFFERSON,IXONIA TOWN WARDS 1 - 4,SPRING GENERAL,JUSTICE OF THE SUPREME COURT,NONPARTISAN,"DAVID T PROSSER, JR.",298,298
2001,APRIL,JEFFERSON,IXONIA TOWN WARDS 1 - 4,SPRING GENERAL,JUSTICE OF THE SUPREME COURT,NONPARTISAN,SCATTERING,298,0
2001,APRIL,JEFFERSON,JEFFERSON TOWN WARDS 1 - 4,SPRING GENERAL,JUSTICE OF THE SUPREME COURT,NONPARTISAN,"DAVID T PROSSER, JR.",279,277
2001,APRIL,JEFFERSON,JEFFERSON TOWN WARDS 1 - 4,SPRING GENERAL,JUSTICE OF THE SUPREME COURT,NONPARTISAN,SCATTERING,279,2
2001,APRIL,JEFFERSON,KOSHKONONG TOWN WARDS 1 - 5,SPRING GENERAL,JUSTICE OF THE SUPREME COURT,NONPARTISAN,"DAVID T PROSSER, JR.",364,362
2001,APRIL,JEFFERSON,KOSHKONONG TOWN WARDS 1 - 5,SPRING GENERAL,JUSTICE OF THE SUPREME COURT,NONPARTISAN,SCATTERING,364,2
2001,APRIL,JEFFERSON,LAKE MILLS TOWN WARDS 1 & 2,SPRING GENERAL,JUSTICE OF THE SUPREME COURT,NONPARTISAN,"DAVID T PROSSER, JR.",454,449
2001,APRIL,JEFFERSON,LAKE MILLS TOWN WARDS 1 & 2,SPRING GENERAL,JUSTICE OF THE SUPREME COURT,NONPARTISAN,SCATTERING,454,5
2001,APRIL,JEFFERSON,MILFORD TOWN WARDS 1 & 2,SPRING GENERAL,JUSTICE OF THE SUPREME COURT,NONPARTISAN,"DAVID T PROSSER, JR.",252,252
2001,APRIL,JEFFERSON,MILFORD TOWN WARDS 1 & 2,SPRING GENERAL,JUSTICE OF THE SUPREME COURT,NONPARTISAN,SCATTERING,252,0
2001,APRIL,JEFFERSON,OAKLAND TOWN WARDS 1 - 4,SPRING GENERAL,JUSTICE OF THE SUPREME COURT,NONPARTISAN,"DAVID T PROSSER, JR.",351,351
2001,APRIL,JEFFERSON,OAKLAND TOWN WARDS 1 - 4,SPRING GENERAL,JUSTICE OF THE SUPREME COURT,NONPARTISAN,SCATTERING,351,0
2001,APRIL,JEFFERSON,PALMYRA TOWN WARDS 1 & 2,SPRING GENERAL,JUSTICE OF THE SUPREME COURT,NONPARTISAN,"DAVID T PROSSER, JR.",176,176
2001,APRIL,JEFFERSON,PALMYRA TOWN WARDS 1 & 2,SPRING GENERAL,JUSTICE OF THE SUPREME COURT,NONPARTISAN,SCATTERING,176,0
2001,APRIL,JEFFERSON,SULLIVAN TOWN WARDS 1 - 3,SPRING GENERAL,JUSTICE OF THE SUPREME COURT,NONPARTISAN,"DAVID T PROSSER, JR.",152,151
2001,APRIL,JEFFERSON,SULLIVAN TOWN WARDS 1 - 3,SPRING GENERAL,JUSTICE OF THE SUPREME COURT,NONPARTISAN,SCATTERING,152,1
2001,APRIL,JEFFERSON,SUMNER TOWN WARD 1,SPRING GENERAL,JUSTICE OF THE SUPREME COURT,NONPARTISAN,"DAVID T PROSSER, JR.",72,72
2001,APRIL,JEFFERSON,SUMNER TOWN WARD 1,SPRING GENERAL,JUSTICE OF THE SUPREME COURT,NONPARTISAN,SCATTERING,72,0
2001,APRIL,JEFFERSON,WATERLOO TOWN WARD 1,SPRING GENERAL,JUSTICE OF THE SUPREME COURT,NONPARTISAN,"DAVID T PROSSER, JR.",59,58
2001,APRIL,JEFFERSON,WATERLOO TOWN WARD 1,SPRING GENERAL,JUSTICE OF THE SUPREME COURT,NONPARTISAN,SCATTERING,59,1
2001,APRIL,JEFFERSON,WATERTOWN TOWN WARDS 1 - 4,SPRING GENERAL,JUSTICE OF THE SUPREME COURT,NONPARTISAN,"DAVID T PROSSER, JR.",203,202
2001,APRIL,JEFFERSON,WATERTOWN TOWN WARDS 1 - 4,SPRING GENERAL,JUSTICE OF THE SUPREME COURT,NONPARTISAN,SCATTERING,203,1
2001,APRIL,JEFFERSON,CAMBRIDGE VILLAGE WARD 2,SPRING GENERAL,JUSTICE OF THE SUPREME COURT,NONPARTISAN,"DAVID T PROSSER, JR.",18,18
2001,APRIL,JEFFERSON,CAMBRIDGE VILLAGE WARD 2,SPRING GENERAL,JUSTICE OF THE SUPREME COURT,NONPARTISAN,SCATTERING,18,0
2001,APRIL,JEFFERSON,JOHNSON CREEK VILLAGE WARDS 1 & 2,SPRING GENERAL,JUSTICE OF THE SUPREME COURT,NONPARTISAN,"DAVID T PROSSER, JR.",167,167
2001,APRIL,JEFFERSON,JOHNSON CREEK VILLAGE WARDS 1 & 2,SPRING GENERAL,JUSTICE OF THE SUPREME COURT,NONPARTISAN,SCATTERING,167,0
2001,APRIL,JEFFERSON,PALMYRA VILLAGE WARDS 1 & 2,SPRING GENERAL,JUSTICE OF THE SUPREME COURT,NONPARTISAN,"DAVID T PROSSER, JR.",225,224
2001,APRIL,JEFFERSON,PALMYRA VILLAGE WARDS 1 & 2,SPRING GENERAL,JUSTICE OF THE SUPREME COURT,NONPARTISAN,SCATTERING,225,1
2001,APRIL,JEFFERSON,SULLIVAN VILLAGE WARD 1,SPRING GENERAL,JUSTICE OF THE SUPREME COURT,NONPARTISAN,"DAVID T PROSSER, JR.",86,85
2001,APRIL,JEFFERSON,SULLIVAN VILLAGE WARD 1,SPRING GENERAL,JUSTICE OF THE SUPREME COURT,NONPARTISAN,SCATTERING,86,1
2001,APRIL,JEFFERSON,FORT ATKINSON CITY WARD 1,SPRING GENERAL,JUSTICE OF THE SUPREME COURT,NONPARTISAN,"DAVID T PROSSER, JR.",256,254
2001,APRIL,JEFFERSON,FORT ATKINSON CITY WARD 1,SPRING GENERAL,JUSTICE OF THE SUPREME COURT,NONPARTISAN,SCATTERING,256,2
2001,APRIL,JEFFERSON,FORT ATKINSON CITY WARD 2,SPRING GENERAL,JUSTICE OF THE SUPREME COURT,NONPARTISAN,"DAVID T PROSSER, JR.",184,184
2001,APRIL,JEFFERSON,FORT ATKINSON CITY WARD 2,SPRING GENERAL,JUSTICE OF THE SUPREME COURT,NONPARTISAN,SCATTERING,184,0
2001,APRIL,JEFFERSON,FORT ATKINSON CITY WARD 3,SPRING GENERAL,JUSTICE OF THE SUPREME COURT,NONPARTISAN,"DAVID T PROSSER, JR.",139,139
2001,APRIL,JEFFERSON,FORT ATKINSON CITY WARD 3,SPRING GENERAL,JUSTICE OF THE SUPREME COURT,NONPARTISAN,SCATTERING,139,0
2001,APRIL,JEFFERSON,FORT ATKINSON CITY WARD 4,SPRING GENERAL,JUSTICE OF THE SUPREME COURT,NONPARTISAN,"DAVID T PROSSER, JR.",55,55
2001,APRIL,JEFFERSON,FORT ATKINSON CITY WARD 4,SPRING GENERAL,JUSTICE OF THE SUPREME COURT,NONPARTISAN,SCATTERING,55,0
2001,APRIL,JEFFERSON,FORT ATKINSON CITY WARD 5,SPRING GENERAL,JUSTICE OF THE SUPREME COURT,NONPARTISAN,"DAVID T PROSSER, JR.",74,73
2001,APRIL,JEFFERSON,FORT ATKINSON CITY WARD 5,SPRING GENERAL,JUSTICE OF THE SUPREME COURT,NONPARTISAN,SCATTERING,74,1
2001,APRIL,JEFFERSON,FORT ATKINSON CITY WARD 6,SPRING GENERAL,JUSTICE OF THE SUPREME COURT,NONPARTISAN,"DAVID T PROSSER, JR.",76,76
2001,APRIL,JEFFERSON,FORT ATKINSON CITY WARD 6,SPRING GENERAL,JUSTICE OF THE SUPREME COURT,NONPARTISAN,SCATTERING,76,0
2001,APRIL,JEFFERSON,FORT ATKINSON CITY WARD 7,SPRING GENERAL,JUSTICE OF THE SUPREME COURT,NONPARTISAN,"DAVID T PROSSER, JR.",146,146
2001,APRIL,JEFFERSON,FORT ATKINSON CITY WARD 7,SPRING GENERAL,JUSTICE OF THE SUPREME COURT,NONPARTISAN,SCATTERING,146,0
2001,APRIL,JEFFERSON,FORT ATKINSON CITY WARD 8,SPRING GENERAL,JUSTICE OF THE SUPREME COURT,NONPARTISAN,"DAVID T PROSSER, JR.",115,115
2001,APRIL,JEFFERSON,FORT ATKINSON CITY WARD 8,SPRING GENERAL,JUSTICE OF THE SUPREME COURT,NONPARTISAN,SCATTERING,115,0
2001,APRIL,JEFFERSON,FORT ATKINSON CITY WARD 9,SPRING GENERAL,JUSTICE OF THE SUPREME COURT,NONPARTISAN,"DAVID T PROSSER, JR.",116,116
2001,APRIL,JEFFERSON,FORT ATKINSON CITY WARD 9,SPRING GENERAL,JUSTICE OF THE SUPREME COURT,NONPARTISAN,SCATTERING,116,0
2001,APRIL,JEFFERSON,JEFFERSON CITY WARDS 1 & 2,SPRING GENERAL,JUSTICE OF THE SUPREME COURT,NONPARTISAN,"DAVID T PROSSER, JR.",159,158
2001,APRIL,JEFFERSON,JEFFERSON CITY WARDS 1 & 2,SPRING GENERAL,JUSTICE OF THE SUPREME COURT,NONPARTISAN,SCATTERING,159,1
2001,APRIL,JEFFERSON,JEFFERSON CITY WARDS 3 & 4,SPRING GENERAL,JUSTICE OF THE SUPREME COURT,NONPARTISAN,"DAVID T PROSSER, JR.",196,196
2001,APRIL,JEFFERSON,JEFFERSON CITY WARDS 3 & 4,SPRING GENERAL,JUSTICE OF THE SUPREME COURT,NONPARTISAN,SCATTERING,196,0
2001,APRIL,JEFFERSON,JEFFERSON CITY WARDS 5 & 6,SPRING GENERAL,JUSTICE OF THE SUPREME COURT,NONPARTISAN,"DAVID T PROSSER, JR.",144,143
2001,APRIL,JEFFERSON,JEFFERSON CITY WARDS 5 & 6,SPRING GENERAL,JUSTICE OF THE SUPREME COURT,NONPARTISAN,SCATTERING,144,1
2001,APRIL,JEFFERSON,JEFFERSON CITY WARDS 7 & 8,SPRING GENERAL,JUSTICE OF THE SUPREME COURT,NONPARTISAN,"DAVID T PROSSER, JR.",192,188
2001,APRIL,JEFFERSON,JEFFERSON CITY WARDS 7 & 8,SPRING GENERAL,JUSTICE OF THE SUPREME COURT,NONPARTISAN,SCATTERING,192,4
2001,APRIL,JEFFERSON,"LAKE MILLS CITY WARDS 1, 2, 4, 6, 7 & 10",SPRING GENERAL,JUSTICE OF THE SUPREME COURT,NONPARTISAN,"DAVID T PROSSER, JR.",361,358
2001,APRIL,JEFFERSON,"LAKE MILLS CITY WARDS 1, 2, 4, 6, 7 & 10",SPRING GENERAL,JUSTICE OF THE SUPREME COURT,NONPARTISAN,SCATTERING,361,3
2001,APRIL,JEFFERSON,LAKE MILLS CITY WARDS 3 & 8,SPRING GENERAL,JUSTICE OF THE SUPREME COURT,NONPARTISAN,"DAVID T PROSSER, JR.",115,113
2001,APRIL,JEFFERSON,LAKE MILLS CITY WARDS 3 & 8,SPRING GENERAL,JUSTICE OF THE SUPREME COURT,NONPARTISAN,SCATTERING,115,2
2001,APRIL,JEFFERSON,LAKE MILLS CITY WARDS 5 & 9,SPRING GENERAL,JUSTICE OF THE SUPREME COURT,NONPARTISAN,"DAVID T PROSSER, JR.",71,71
2001,APRIL,JEFFERSON,LAKE MILLS CITY WARDS 5 & 9,SPRING GENERAL,JUSTICE OF THE SUPREME COURT,NONPARTISAN,SCATTERING,71,0
2001,APRIL,JEFFERSON,WATERLOO CITY WARD 1,SPRING GENERAL,JUSTICE OF THE SUPREME COURT,NONPARTISAN,"DAVID T PROSSER, JR.",78,78
2001,APRIL,JEFFERSON,WATERLOO CITY WARD 1,SPRING GENERAL,JUSTICE OF THE SUPREME COURT,NONPARTISAN,SCATTERING,78,0
2001,APRIL,JEFFERSON,WATERLOO CITY WARDS 2 - 5,SPRING GENERAL,JUSTICE OF THE SUPREME COURT,NONPARTISAN,"DAVID T PROSSER, JR.",129,128
2001,APRIL,JEFFERSON,WATERLOO CITY WARDS 2 - 5,SPRING GENERAL,JUSTICE OF THE SUPREME COURT,NONPARTISAN,SCATTERING,129,1
2001,APRIL,JEFFERSON,WATERTOWN CITY WARD 10,SPRING GENERAL,JUSTICE OF THE SUPREME COURT,NONPARTISAN,"DAVID T PROSSER, JR.",407,403
2001,APRIL,JEFFERSON,WATERTOWN CITY WARD 10,SPRING GENERAL,JUSTICE OF THE SUPREME COURT,NONPARTISAN,SCATTERING,407,4
2001,APRIL,JEFFERSON,WATERTOWN CITY WARDS 11 & 12,SPRING GENERAL,JUSTICE OF THE SUPREME COURT,NONPARTISAN,"DAVID T PROSSER, JR.",427,425
2001,APRIL,JEFFERSON,WATERTOWN CITY WARDS 11 & 12,SPRING GENERAL,JUSTICE OF THE SUPREME COURT,NONPARTISAN,SCATTERING,427,2
2001,APRIL,JEFFERSON,WATERTOWN CITY WARDS 13 & 14,SPRING GENERAL,JUSTICE OF THE SUPREME COURT,NONPARTISAN,"DAVID T PROSSER, JR.",362,359
2001,APRIL,JEFFERSON,WATERTOWN CITY WARDS 13 & 14,SPRING GENERAL,JUSTICE OF THE SUPREME COURT,NONPARTISAN,SCATTERING,362,3
2001,APRIL,JEFFERSON,WATERTOWN CITY WARDS 15 & 16,SPRING GENERAL,JUSTICE OF THE SUPREME COURT,NONPARTISAN,"DAVID T PROSSER, JR.",494,492
2001,APRIL,JEFFERSON,WATERTOWN CITY WARDS 15 & 16,SPRING GENERAL,JUSTICE OF THE SUPREME COURT,NONPARTISAN,SCATTERING,494,2
2001,APRIL,JEFFERSON,WATERTOWN CITY WARDS 17 & 18,SPRING GENERAL,JUSTICE OF THE SUPREME COURT,NONPARTISAN,"DAVID T PROSSER, JR.",468,467
2001,APRIL,JEFFERSON,WATERTOWN CITY WARDS 17 & 18,SPRING GENERAL,JUSTICE OF THE SUPREME COURT,NONPARTISAN,SCATTERING,468,1
2001,APRIL,JEFFERSON,WATERTOWN CITY WARDS 19 & 20,SPRING GENERAL,JUSTICE OF THE SUPREME COURT,NONPARTISAN,"DAVID T PROSSER, JR.",567,564
2001,APRIL,JEFFERSON,WATERTOWN CITY WARDS 19 & 20,SPRING GENERAL,JUSTICE OF THE SUPREME COURT,NONPARTISAN,SCATTERING,567,3
2001,APRIL,JEFFERSON,WHITEWATER CITY WARDS 16 - 18,SPRING GENERAL,JUSTICE OF THE SUPREME COURT,NONPARTISAN,"DAVID T PROSSER, JR.",56,55
2001,APRIL,JEFFERSON,WHITEWATER CITY WARDS 16 - 18,SPRING GENERAL,JUSTICE OF THE SUPREME COURT,NONPARTISAN,SCATTERING,56,1
2001,APRIL,JUNEAU,ARMENIA TOWN WARD 1,SPRING GENERAL,JUSTICE OF THE SUPREME COURT,NONPARTISAN,"DAVID T PROSSER, JR.",97,97
2001,APRIL,JUNEAU,ARMENIA TOWN WARD 1,SPRING GENERAL,JUSTICE OF THE SUPREME COURT,NONPARTISAN,SCATTERING,97,0
2001,APRIL,JUNEAU,CLEARFIELD TOWN WARD 1,SPRING GENERAL,JUSTICE OF THE SUPREME COURT,NONPARTISAN,"DAVID T PROSSER, JR.",164,164
2001,APRIL,JUNEAU,CLEARFIELD TOWN WARD 1,SPRING GENERAL,JUSTICE OF THE SUPREME COURT,NONPARTISAN,SCATTERING,164,0
2001,APRIL,JUNEAU,CUTLER TOWN WARD 1,SPRING GENERAL,JUSTICE OF THE SUPREME COURT,NONPARTISAN,"DAVID T PROSSER, JR.",80,80
2001,APRIL,JUNEAU,CUTLER TOWN WARD 1,SPRING GENERAL,JUSTICE OF THE SUPREME COURT,NONPARTISAN,SCATTERING,80,0
2001,APRIL,JUNEAU,FINLEY TOWN WARD 1,SPRING GENERAL,JUSTICE OF THE SUPREME COURT,NONPARTISAN,"DAVID T PROSSER, JR.",23,23
2001,APRIL,JUNEAU,FINLEY TOWN WARD 1,SPRING GENERAL,JUSTICE OF THE SUPREME COURT,NONPARTISAN,SCATTERING,23,0
2001,APRIL,JUNEAU,FOUNTAIN TOWN WARD 1,SPRING GENERAL,JUSTICE OF THE SUPREME COURT,NONPARTISAN,"DAVID T PROSSER, JR.",150,150
2001,APRIL,JUNEAU,FOUNTAIN TOWN WARD 1,SPRING GENERAL,JUSTICE OF THE SUPREME COURT,NONPARTISAN,SCATTERING,150,0
2001,APRIL,JUNEAU,GERMANTOWN TOWN WARDS 1 & 2,SPRING GENERAL,JUSTICE OF THE SUPREME COURT,NONPARTISAN,"DAVID T PROSSER, JR.",108,108
2001,APRIL,JUNEAU,GERMANTOWN TOWN WARDS 1 & 2,SPRING GENERAL,JUSTICE OF THE SUPREME COURT,NONPARTISAN,SCATTERING,108,0
2001,APRIL,JUNEAU,KILDARE TOWN WARD 1,SPRING GENERAL,JUSTICE OF THE SUPREME COURT,NONPARTISAN,"DAVID T PROSSER, JR.",27,27
2001,APRIL,JUNEAU,KILDARE TOWN WARD 1,SPRING GENERAL,JUSTICE OF THE SUPREME COURT,NONPARTISAN,SCATTERING,27,0
2001,APRIL,JUNEAU,KINGSTON TOWN WARD 1,SPRING GENERAL,JUSTICE OF THE SUPREME COURT,NONPARTISAN,"DAVID T PROSSER, JR.",9,9
2001,APRIL,JUNEAU,KINGSTON TOWN WARD 1,SPRING GENERAL,JUSTICE OF THE SUPREME COURT,NONPARTISAN,SCATTERING,9,0
2001,APRIL,JUNEAU,LEMONWEIR TOWN WARDS 1 - 3,SPRING GENERAL,JUSTICE OF THE SUPREME COURT,NONPARTISAN,"DAVID T PROSSER, JR.",57,57
2001,APRIL,JUNEAU,LEMONWEIR TOWN WARDS 1 - 3,SPRING GENERAL,JUSTICE OF THE SUPREME COURT,NONPARTISAN,SCATTERING,57,0
2001,APRIL,JUNEAU,LINDINA TOWN WARDS 1 & 2,SPRING GENERAL,JUSTICE OF THE SUPREME COURT,NONPARTISAN,"DAVID T PROSSER, JR.",98,98
2001,APRIL,JUNEAU,LINDINA TOWN WARDS 1 & 2,SPRING GENERAL,JUSTICE OF THE SUPREME COURT,NONPARTISAN,SCATTERING,98,0
2001,APRIL,JUNEAU,LISBON TOWN WARDS 1 & 2,SPRING GENERAL,JUSTICE OF THE SUPREME COURT,NONPARTISAN,"DAVID T PROSSER, JR.",119,119
2001,APRIL,JUNEAU,LISBON TOWN WARDS 1 & 2,SPRING GENERAL,JUSTICE OF THE SUPREME COURT,NONPARTISAN,SCATTERING,119,0
2001,APRIL,JUNEAU,LYNDON TOWN WARDS 1 & 2,SPRING GENERAL,JUSTICE OF THE SUPREME COURT,NONPARTISAN,"DAVID T PROSSER, JR.",213,213
2001,APRIL,JUNEAU,LYNDON TOWN WARDS 1 & 2,SPRING GENERAL,JUSTICE OF THE SUPREME COURT,NONPARTISAN,SCATTERING,213,0
2001,APRIL,JUNEAU,MARION TOWN WARD 1,SPRING GENERAL,JUSTICE OF THE SUPREME COURT,NONPARTISAN,"DAVID T PROSSER, JR.",31,31
2001,APRIL,JUNEAU,MARION TOWN WARD 1,SPRING GENERAL,JUSTICE OF THE SUPREME COURT,NONPARTISAN,SCATTERING,31,0
2001,APRIL,JUNEAU,NECEDAH TOWN WARDS 1 - 3,SPRING GENERAL,JUSTICE OF THE SUPREME COURT,NONPARTISAN,"DAVID T PROSSER, JR.",269,269
2001,APRIL,JUNEAU,NECEDAH TOWN WARDS 1 - 3,SPRING GENERAL,JUSTICE OF THE SUPREME COURT,NONPARTISAN,SCATTERING,269,0
2001,APRIL,JUNEAU,ORANGE TOWN WARDS 1 & 2,SPRING GENERAL,JUSTICE OF THE SUPREME COURT,NONPARTISAN,"DAVID T PROSSER, JR.",122,122
2001,APRIL,JUNEAU,ORANGE TOWN WARDS 1 & 2,SPRING GENERAL,JUSTICE OF THE SUPREME COURT,NONPARTISAN,SCATTERING,122,0
2001,APRIL,JUNEAU,PLYMOUTH TOWN WARDS 1 & 2,SPRING GENERAL,JUSTICE OF THE SUPREME COURT,NONPARTISAN,"DAVID T PROSSER, JR.",104,104
2001,APRIL,JUNEAU,PLYMOUTH TOWN WARDS 1 & 2,SPRING GENERAL,JUSTICE OF THE SUPREME COURT,NONPARTISAN,SCATTERING,104,0
2001,APRIL,JUNEAU,SEVEN MILE CREEK TOWN WARDS 1 & 2,SPRING GENERAL,JUSTICE OF THE SUPREME COURT,NONPARTISAN,"DAVID T PROSSER, JR.",28,28
2001,APRIL,JUNEAU,SEVEN MILE CREEK TOWN WARDS 1 & 2,SPRING GENERAL,JUSTICE OF THE SUPREME COURT,NONPARTISAN,SCATTERING,28,0
2001,APRIL,JUNEAU,SUMMIT TOWN WARDS 1 & 2,SPRING GENERAL,JUSTICE OF THE SUPREME COURT,NONPARTISAN,"DAVID T PROSSER, JR.",44,44
2001,APRIL,JUNEAU,SUMMIT TOWN WARDS 1 & 2,SPRING GENERAL,JUSTICE OF THE SUPREME COURT,NONPARTISAN,SCATTERING,44,0
2001,APRIL,JUNEAU,WONEWOC TOWN WARDS 1 & 2,SPRING GENERAL,JUSTICE OF THE SUPREME COURT,NONPARTISAN,"DAVID T PROSSER, JR.",166,166
2001,APRIL,JUNEAU,WONEWOC TOWN WARDS 1 & 2,SPRING GENERAL,JUSTICE OF THE SUPREME COURT,NONPARTISAN,SCATTERING,166,0
2001,APRIL,JUNEAU,CAMP DOUGLAS VILLAGE WARD 1,SPRING GENERAL,JUSTICE OF THE SUPREME COURT,NONPARTISAN,"DAVID T PROSSER, JR.",85,85
2001,APRIL,JUNEAU,CAMP DOUGLAS VILLAGE WARD 1,SPRING GENERAL,JUSTICE OF THE SUPREME COURT,NONPARTISAN,SCATTERING,85,0
2001,APRIL,JUNEAU,HUSTLER VILLAGE WARD 1,SPRING GENERAL,JUSTICE OF THE SUPREME COURT,NONPARTISAN,"DAVID T PROSSER, JR.",62,62
2001,APRIL,JUNEAU,HUSTLER VILLAGE WARD 1,SPRING GENERAL,JUSTICE OF THE SUPREME COURT,NONPARTISAN,SCATTERING,62,0
2001,APRIL,JUNEAU,LYNDON STATION VILLAGE WARD 1,SPRING GENERAL,JUSTICE OF THE SUPREME COURT,NONPARTISAN,"DAVID T PROSSER, JR.",32,32
2001,APRIL,JUNEAU,LYNDON STATION VILLAGE WARD 1,SPRING GENERAL,JUSTICE OF THE SUPREME COURT,NONPARTISAN,SCATTERING,32,0
2001,APRIL,JUNEAU,NECEDAH VILLAGE WARDS 1 & 2,SPRING GENERAL,JUSTICE OF THE SUPREME COURT,NONPARTISAN,"DAVID T PROSSER, JR.",176,176
2001,APRIL,JUNEAU,NECEDAH VILLAGE WARDS 1 & 2,SPRING GENERAL,JUSTICE OF THE SUPREME COURT,NONPARTISAN,SCATTERING,176,0
2001,APRIL,JUNEAU,UNION CENTER VILLAGE WARD 1,SPRING GENERAL,JUSTICE OF THE SUPREME COURT,NONPARTISAN,"DAVID T PROSSER, JR.",81,81
2001,APRIL,JUNEAU,UNION CENTER VILLAGE WARD 1,SPRING GENERAL,JUSTICE OF THE SUPREME COURT,NONPARTISAN,SCATTERING,81,0
2001,APRIL,JUNEAU,WONEWOC VILLAGE WARD 1,SPRING GENERAL,JUSTICE OF THE SUPREME COURT,NONPARTISAN,"DAVID T PROSSER, JR.",186,186
2001,APRIL,JUNEAU,WONEWOC VILLAGE WARD 1,SPRING GENERAL,JUSTICE OF THE SUPREME COURT,NONPARTISAN,SCATTERING,186,0
2001,APRIL,JUNEAU,ELROY CITY WARDS 1 - 5,SPRING GENERAL,JUSTICE OF THE SUPREME COURT,NONPARTISAN,"DAVID T PROSSER, JR.",190,189
2001,APRIL,JUNEAU,ELROY CITY WARDS 1 - 5,SPRING GENERAL,JUSTICE OF THE SUPREME COURT,NONPARTISAN,SCATTERING,190,1
2001,APRIL,JUNEAU,MAUSTON CITY WARDS 1 - 16,SPRING GENERAL,JUSTICE OF THE SUPREME COURT,NONPARTISAN,"DAVID T PROSSER, JR.",264,262
2001,APRIL,JUNEAU,MAUSTON CITY WARDS 1 - 16,SPRING GENERAL,JUSTICE OF THE SUPREME COURT,NONPARTISAN,SCATTERING,264,2
2001,APRIL,JUNEAU,NEW LISBON CITY WARDS 1 - 4,SPRING GENERAL,JUSTICE OF THE SUPREME COURT,NONPARTISAN,"DAVID T PROSSER, JR.",262,262
2001,APRIL,JUNEAU,NEW LISBON CITY WARDS 1 - 4,SPRING GENERAL,JUSTICE OF THE SUPREME COURT,NONPARTISAN,SCATTERING,262,0
2001,APRIL,KENOSHA,BRIGHTON TOWN WARDS 1 & 2,SPRING GENERAL,JUSTICE OF THE SUPREME COURT,NONPARTISAN,"DAVID T PROSSER, JR.",186,186
2001,APRIL,KENOSHA,BRIGHTON TOWN WARDS 1 & 2,SPRING GENERAL,JUSTICE OF THE SUPREME COURT,NONPARTISAN,SCATTERING,186,0
2001,APRIL,KENOSHA,BRISTOL TOWN WARDS 1 - 4,SPRING GENERAL,JUSTICE OF THE SUPREME COURT,NONPARTISAN,"DAVID T PROSSER, JR.",265,264
2001,APRIL,KENOSHA,BRISTOL TOWN WARDS 1 - 4,SPRING GENERAL,JUSTICE OF THE SUPREME COURT,NONPARTISAN,SCATTERING,265,1
2001,APRIL,KENOSHA,BRISTOL TOWN WARDS 5 & 6,SPRING GENERAL,JUSTICE OF THE SUPREME COURT,NONPARTISAN,"DAVID T PROSSER, JR.",207,206
2001,APRIL,KENOSHA,BRISTOL TOWN WARDS 5 & 6,SPRING GENERAL,JUSTICE OF THE SUPREME COURT,NONPARTISAN,SCATTERING,207,1
2001,APRIL,KENOSHA,PARIS TOWN WARDS 1 & 2,SPRING GENERAL,JUSTICE OF THE SUPREME COURT,NONPARTISAN,"DAVID T PROSSER, JR.",287,287
2001,APRIL,KENOSHA,PARIS TOWN WARDS 1 & 2,SPRING GENERAL,JUSTICE OF THE SUPREME COURT,NONPARTISAN,SCATTERING,287,0
2001,APRIL,KENOSHA,RANDALL TOWN WARDS 1 - 3,SPRING GENERAL,JUSTICE OF THE SUPREME COURT,NONPARTISAN,"DAVID T PROSSER, JR.",157,157
2001,APRIL,KENOSHA,RANDALL TOWN WARDS 1 - 3,SPRING GENERAL,JUSTICE OF THE SUPREME COURT,NONPARTISAN,SCATTERING,157,0
2001,APRIL,KENOSHA,SALEM TOWN WARDS 1 - 7,SPRING GENERAL,JUSTICE OF THE SUPREME COURT,NONPARTISAN,"DAVID T PROSSER, JR.",137,137
2001,APRIL,KENOSHA,SALEM TOWN WARDS 1 - 7,SPRING GENERAL,JUSTICE OF THE SUPREME COURT,NONPARTISAN,SCATTERING,137,0
2001,APRIL,KENOSHA,SALEM TOWN WARDS 8 - 12,SPRING GENERAL,JUSTICE OF THE SUPREME COURT,NONPARTISAN,"DAVID T PROSSER, JR.",107,106
2001,APRIL,KENOSHA,SALEM TOWN WARDS 8 - 12,SPRING GENERAL,JUSTICE OF THE SUPREME COURT,NONPARTISAN,SCATTERING,107,1
2001,APRIL,KENOSHA,SALEM TOWN WARDS 13 & 14,SPRING GENERAL,JUSTICE OF THE SUPREME COURT,NONPARTISAN,"DAVID T PROSSER, JR.",133,133
2001,APRIL,KENOSHA,SALEM TOWN WARDS 13 & 14,SPRING GENERAL,JUSTICE OF THE SUPREME COURT,NONPARTISAN,SCATTERING,133,0
2001,APRIL,KENOSHA,SOMERS TOWN WARDS 1 - 4,SPRING GENERAL,JUSTICE OF THE SUPREME COURT,NONPARTISAN,"DAVID T PROSSER, JR.",196,196
2001,APRIL,KENOSHA,SOMERS TOWN WARDS 1 - 4,SPRING GENERAL,JUSTICE OF THE SUPREME COURT,NONPARTISAN,SCATTERING,196,0
2001,APRIL,KENOSHA,SOMERS TOWN WARDS 5 - 8,SPRING GENERAL,JUSTICE OF THE SUPREME COURT,NONPARTISAN,"DAVID T PROSSER, JR.",187,186
2001,APRIL,KENOSHA,SOMERS TOWN WARDS 5 - 8,SPRING GENERAL,JUSTICE OF THE SUPREME COURT,NONPARTISAN,SCATTERING,187,1
2001,APRIL,KENOSHA,SOMERS TOWN WARDS 9 & 10,SPRING GENERAL,JUSTICE OF THE SUPREME COURT,NONPARTISAN,"DAVID T PROSSER, JR.",78,78
2001,APRIL,KENOSHA,SOMERS TOWN WARDS 9 & 10,SPRING GENERAL,JUSTICE OF THE SUPREME COURT,NONPARTISAN,SCATTERING,78,0
2001,APRIL,KENOSHA,WHEATLAND TOWN WARDS 1 - 6,SPRING GENERAL,JUSTICE OF THE SUPREME COURT,NONPARTISAN,"DAVID T PROSSER, JR.",372,372
2001,APRIL,KENOSHA,WHEATLAND TOWN WARDS 1 - 6,SPRING GENERAL,JUSTICE OF THE SUPREME COURT,NONPARTISAN,SCATTERING,372,0
2001,APRIL,KENOSHA,GENOA CITY VILLAGE WARD 3,SPRING GENERAL,JUSTICE OF THE SUPREME COURT,NONPARTISAN,"DAVID T PROSSER, JR.",0,0
2001,APRIL,KENOSHA,GENOA CITY VILLAGE WARD 3,SPRING GENERAL,JUSTICE OF THE SUPREME COURT,NONPARTISAN,SCATTERING,0,0
2001,APRIL,KENOSHA,PADDOCK LAKE VILLAGE WARDS 1 - 3,SPRING GENERAL,JUSTICE OF THE SUPREME COURT,NONPARTISAN,"DAVID T PROSSER, JR.",218,216
2001,APRIL,KENOSHA,PADDOCK LAKE VILLAGE WARDS 1 - 3,SPRING GENERAL,JUSTICE OF THE SUPREME COURT,NONPARTISAN,SCATTERING,218,2
2001,APRIL,KENOSHA,PLEASANT PRAIRIE VILLAGE WARDS 1 - 3 & 10,SPRING GENERAL,JUSTICE OF THE SUPREME COURT,NONPARTISAN,"DAVID T PROSSER, JR.",797,789
2001,APRIL,KENOSHA,PLEASANT PRAIRIE VILLAGE WARDS 1 - 3 & 10,SPRING GENERAL,JUSTICE OF THE SUPREME COURT,NONPARTISAN,SCATTERING,797,8
2001,APRIL,KENOSHA,PLEASANT PRAIRIE VILLAGE WARDS 4 - 6,SPRING GENERAL,JUSTICE OF THE SUPREME COURT,NONPARTISAN,"DAVID T PROSSER, JR.",741,739
2001,APRIL,KENOSHA,PLEASANT PRAIRIE VILLAGE WARDS 4 - 6,SPRING GENERAL,JUSTICE OF THE SUPREME COURT,NONPARTISAN,SCATTERING,741,2
2001,APRIL,KENOSHA,PLEASANT PRAIRIE VILLAGE WARDS 7 - 9 & 11,SPRING GENERAL,JUSTICE OF THE SUPREME COURT,NONPARTISAN,"DAVID T PROSSER, JR.",446,445
2001,APRIL,KENOSHA,PLEASANT PRAIRIE VILLAGE WARDS 7 - 9 & 11,SPRING GENERAL,JUSTICE OF THE SUPREME COURT,NONPARTISAN,SCATTERING,446,1
2001,APRIL,KENOSHA,SILVER LAKE VILLAGE WARDS 1 & 2,SPRING GENERAL,JUSTICE OF THE SUPREME COURT,NONPARTISAN,"DAVID T PROSSER, JR.",137,136
2001,APRIL,KENOSHA,SILVER LAKE VILLAGE WARDS 1 & 2,SPRING GENERAL,JUSTICE OF THE SUPREME COURT,NONPARTISAN,SCATTERING,137,1
2001,APRIL,KENOSHA,TWIN LAKES VILLAGE WARDS 1 - 5,SPRING GENERAL,JUSTICE OF THE SUPREME COURT,NONPARTISAN,"DAVID T PROSSER, JR.",786,779
2001,APRIL,KENOSHA,TWIN LAKES VILLAGE WARDS 1 - 5,SPRING GENERAL,JUSTICE OF THE SUPREME COURT,NONPARTISAN,SCATTERING,786,7
2001,APRIL,KENOSHA,KENOSHA CITY WARD 1,SPRING GENERAL,JUSTICE OF THE SUPREME COURT,NONPARTISAN,"DAVID T PROSSER, JR.",64,64
2001,APRIL,KENOSHA,KENOSHA CITY WARD 1,SPRING GENERAL,JUSTICE OF THE SUPREME COURT,NONPARTISAN,SCATTERING,64,0
2001,APRIL,KENOSHA,KENOSHA CITY WARD 2,SPRING GENERAL,JUSTICE OF THE SUPREME COURT,NONPARTISAN,"DAVID T PROSSER, JR.",120,120
2001,APRIL,KENOSHA,KENOSHA CITY WARD 2,SPRING GENERAL,JUSTICE OF THE SUPREME COURT,NONPARTISAN,SCATTERING,120,0
2001,APRIL,KENOSHA,KENOSHA CITY WARD 3,SPRING GENERAL,JUSTICE OF THE SUPREME COURT,NONPARTISAN,"DAVID T PROSSER, JR.",64,64
2001,APRIL,KENOSHA,KENOSHA CITY WARD 3,SPRING GENERAL,JUSTICE OF THE SUPREME COURT,NONPARTISAN,SCATTERING,64,0
2001,APRIL,KENOSHA,KENOSHA CITY WARD 4,SPRING GENERAL,JUSTICE OF THE SUPREME COURT,NONPARTISAN,"DAVID T PROSSER, JR.",99,99
2001,APRIL,KENOSHA,KENOSHA CITY WARD 4,SPRING GENERAL,JUSTICE OF THE SUPREME COURT,NONPARTISAN,SCATTERING,99,0
2001,APRIL,KENOSHA,KENOSHA CITY WARD 5,SPRING GENERAL,JUSTICE OF THE SUPREME COURT,NONPARTISAN,"DAVID T PROSSER, JR.",170,170
2001,APRIL,KENOSHA,KENOSHA CITY WARD 5,SPRING GENERAL,JUSTICE OF THE SUPREME COURT,NONPARTISAN,SCATTERING,170,0
2001,APRIL,KENOSHA,KENOSHA CITY WARD 6,SPRING GENERAL,JUSTICE OF THE SUPREME COURT,NONPARTISAN,"DAVID T PROSSER, JR.",198,198
2001,APRIL,KENOSHA,KENOSHA CITY WARD 6,SPRING GENERAL,JUSTICE OF THE SUPREME COURT,NONPARTISAN,SCATTERING,198,0
2001,APRIL,KENOSHA,KENOSHA CITY WARD 7,SPRING GENERAL,JUSTICE OF THE SUPREME COURT,NONPARTISAN,"DAVID T PROSSER, JR.",237,237
2001,APRIL,KENOSHA,KENOSHA CITY WARD 7,SPRING GENERAL,JUSTICE OF THE SUPREME COURT,NONPARTISAN,SCATTERING,237,0
2001,APRIL,KENOSHA,KENOSHA CITY WARD 8,SPRING GENERAL,JUSTICE OF THE SUPREME COURT,NONPARTISAN,"DAVID T PROSSER, JR.",105,105
2001,APRIL,KENOSHA,KENOSHA CITY WARD 8,SPRING GENERAL,JUSTICE OF THE SUPREME COURT,NONPARTISAN,SCATTERING,105,0
2001,APRIL,KENOSHA,KENOSHA CITY WARD 9,SPRING GENERAL,JUSTICE OF THE SUPREME COURT,NONPARTISAN,"DAVID T PROSSER, JR.",186,186
2001,APRIL,KENOSHA,KENOSHA CITY WARD 9,SPRING GENERAL,JUSTICE OF THE SUPREME COURT,NONPARTISAN,SCATTERING,186,0
2001,APRIL,KENOSHA,KENOSHA CITY WARD 10,SPRING GENERAL,JUSTICE OF THE SUPREME COURT,NONPARTISAN,"DAVID T PROSSER, JR.",202,202
2001,APRIL,KENOSHA,KENOSHA CITY WARD 10,SPRING GENERAL,JUSTICE OF THE SUPREME COURT,NONPARTISAN,SCATTERING,202,0
2001,APRIL,KENOSHA,KENOSHA CITY WARD 11,SPRING GENERAL,JUSTICE OF THE SUPREME COURT,NONPARTISAN,"DAVID T PROSSER, JR.",78,78
2001,APRIL,KENOSHA,KENOSHA CITY WARD 11,SPRING GENERAL,JUSTICE OF THE SUPREME COURT,NONPARTISAN,SCATTERING,78,0
2001,APRIL,KENOSHA,KENOSHA CITY WARD 12,SPRING GENERAL,JUSTICE OF THE SUPREME COURT,NONPARTISAN,"DAVID T PROSSER, JR.",161,161
2001,APRIL,KENOSHA,KENOSHA CITY WARD 12,SPRING GENERAL,JUSTICE OF THE SUPREME COURT,NONPARTISAN,SCATTERING,161,0
2001,APRIL,KENOSHA,KENOSHA CITY WARD 13,SPRING GENERAL,JUSTICE OF THE SUPREME COURT,NONPARTISAN,"DAVID T PROSSER, JR.",47,47
2001,APRIL,KENOSHA,KENOSHA CITY WARD 13,SPRING GENERAL,JUSTICE OF THE SUPREME COURT,NONPARTISAN,SCATTERING,47,0
2001,APRIL,KENOSHA,KENOSHA CITY WARD 14,SPRING GENERAL,JUSTICE OF THE SUPREME COURT,NONPARTISAN,"DAVID T PROSSER, JR.",52,52
2001,APRIL,KENOSHA,KENOSHA CITY WARD 14,SPRING GENERAL,JUSTICE OF THE SUPREME COURT,NONPARTISAN,SCATTERING,52,0
2001,APRIL,KENOSHA,KENOSHA CITY WARD 15,SPRING GENERAL,JUSTICE OF THE SUPREME COURT,NONPARTISAN,"DAVID T PROSSER, JR.",37,37
2001,APRIL,KENOSHA,KENOSHA CITY WARD 15,SPRING GENERAL,JUSTICE OF THE SUPREME COURT,NONPARTISAN,SCATTERING,37,0
2001,APRIL,KENOSHA,KENOSHA CITY WARD 16,SPRING GENERAL,JUSTICE OF THE SUPREME COURT,NONPARTISAN,"DAVID T PROSSER, JR.",36,36
2001,APRIL,KENOSHA,KENOSHA CITY WARD 16,SPRING GENERAL,JUSTICE OF THE SUPREME COURT,NONPARTISAN,SCATTERING,36,0
2001,APRIL,KENOSHA,KENOSHA CITY WARD 17,SPRING GENERAL,JUSTICE OF THE SUPREME COURT,NONPARTISAN,"DAVID T PROSSER, JR.",121,121
2001,APRIL,KENOSHA,KENOSHA CITY WARD 17,SPRING GENERAL,JUSTICE OF THE SUPREME COURT,NONPARTISAN,SCATTERING,121,0
2001,APRIL,KENOSHA,KENOSHA CITY WARD 18,SPRING GENERAL,JUSTICE OF THE SUPREME COURT,NONPARTISAN,"DAVID T PROSSER, JR.",130,129
2001,APRIL,KENOSHA,KENOSHA CITY WARD 18,SPRING GENERAL,JUSTICE OF THE SUPREME COURT,NONPARTISAN,SCATTERING,130,1
2001,APRIL,KENOSHA,KENOSHA CITY WARD 19,SPRING GENERAL,JUSTICE OF THE SUPREME COURT,NONPARTISAN,"DAVID T PROSSER, JR.",69,69
2001,APRIL,KENOSHA,KENOSHA CITY WARD 19,SPRING GENERAL,JUSTICE OF THE SUPREME COURT,NONPARTISAN,SCATTERING,69,0
2001,APRIL,KENOSHA,KENOSHA CITY WARD 20,SPRING GENERAL,JUSTICE OF THE SUPREME COURT,NONPARTISAN,"DAVID T PROSSER, JR.",37,37
2001,APRIL,KENOSHA,KENOSHA CITY WARD 20,SPRING GENERAL,JUSTICE OF THE SUPREME COURT,NONPARTISAN,SCATTERING,37,0
2001,APRIL,KENOSHA,KENOSHA CITY WARD 21,SPRING GENERAL,JUSTICE OF THE SUPREME COURT,NONPARTISAN,"DAVID T PROSSER, JR.",78,78
2001,APRIL,KENOSHA,KENOSHA CITY WARD 21,SPRING GENERAL,JUSTICE OF THE SUPREME COURT,NONPARTISAN,SCATTERING,78,0
2001,APRIL,KENOSHA,KENOSHA CITY WARD 22,SPRING GENERAL,JUSTICE OF THE SUPREME COURT,NONPARTISAN,"DAVID T PROSSER, JR.",73,73
2001,APRIL,KENOSHA,KENOSHA CITY WARD 22,SPRING GENERAL,JUSTICE OF THE SUPREME COURT,NONPARTISAN,SCATTERING,73,0
2001,APRIL,KENOSHA,KENOSHA CITY WARD 23,SPRING GENERAL,JUSTICE OF THE SUPREME COURT,NONPARTISAN,"DAVID T PROSSER, JR.",74,74
2001,APRIL,KENOSHA,KENOSHA CITY WARD 23,SPRING GENERAL,JUSTICE OF THE SUPREME COURT,NONPARTISAN,SCATTERING,74,0
2001,APRIL,KENOSHA,KENOSHA CITY WARD 24,SPRING GENERAL,JUSTICE OF THE SUPREME COURT,NONPARTISAN,"DAVID T PROSSER, JR.",108,108
2001,APRIL,KENOSHA,KENOSHA CITY WARD 24,SPRING GENERAL,JUSTICE OF THE SUPREME COURT,NONPARTISAN,SCATTERING,108,0
2001,APRIL,KENOSHA,KENOSHA CITY WARD 25,SPRING GENERAL,JUSTICE OF THE SUPREME COURT,NONPARTISAN,"DAVID T PROSSER, JR.",185,185
2001,APRIL,KENOSHA,KENOSHA CITY WARD 25,SPRING GENERAL,JUSTICE OF THE SUPREME COURT,NONPARTISAN,SCATTERING,185,0
2001,APRIL,KENOSHA,KENOSHA CITY WARD 26,SPRING GENERAL,JUSTICE OF THE SUPREME COURT,NONPARTISAN,"DAVID T PROSSER, JR.",146,146
2001,APRIL,KENOSHA,KENOSHA CITY WARD 26,SPRING GENERAL,JUSTICE OF THE SUPREME COURT,NONPARTISAN,SCATTERING,146,0
2001,APRIL,KENOSHA,KENOSHA CITY WARD 27,SPRING GENERAL,JUSTICE OF THE SUPREME COURT,NONPARTISAN,"DAVID T PROSSER, JR.",241,241
2001,APRIL,KENOSHA,KENOSHA CITY WARD 27,SPRING GENERAL,JUSTICE OF THE SUPREME COURT,NONPARTISAN,SCATTERING,241,0
2001,APRIL,KENOSHA,KENOSHA CITY WARD 28,SPRING GENERAL,JUSTICE OF THE SUPREME COURT,NONPARTISAN,"DAVID T PROSSER, JR.",194,194
2001,APRIL,KENOSHA,KENOSHA CITY WARD 28,SPRING GENERAL,JUSTICE OF THE SUPREME COURT,NONPARTISAN,SCATTERING,194,0
2001,APRIL,KENOSHA,KENOSHA CITY WARD 29,SPRING GENERAL,JUSTICE OF THE SUPREME COURT,NONPARTISAN,"DAVID T PROSSER, JR.",157,157
2001,APRIL,KENOSHA,KENOSHA CITY WARD 29,SPRING GENERAL,JUSTICE OF THE SUPREME COURT,NONPARTISAN,SCATTERING,157,0
2001,APRIL,KENOSHA,KENOSHA CITY WARD 30,SPRING GENERAL,JUSTICE OF THE SUPREME COURT,NONPARTISAN,"DAVID T PROSSER, JR.",177,177
2001,APRIL,KENOSHA,KENOSHA CITY WARD 30,SPRING GENERAL,JUSTICE OF THE SUPREME COURT,NONPARTISAN,SCATTERING,177,0
2001,APRIL,KENOSHA,KENOSHA CITY WARD 31,SPRING GENERAL,JUSTICE OF THE SUPREME COURT,NONPARTISAN,"DAVID T PROSSER, JR.",96,96
2001,APRIL,KENOSHA,KENOSHA CITY WARD 31,SPRING GENERAL,JUSTICE OF THE SUPREME COURT,NONPARTISAN,SCATTERING,96,0
2001,APRIL,KENOSHA,KENOSHA CITY WARD 32,SPRING GENERAL,JUSTICE OF THE SUPREME COURT,NONPARTISAN,"DAVID T PROSSER, JR.",126,126
2001,APRIL,KENOSHA,KENOSHA CITY WARD 32,SPRING GENERAL,JUSTICE OF THE SUPREME COURT,NONPARTISAN,SCATTERING,126,0
2001,APRIL,KENOSHA,KENOSHA CITY WARD 33,SPRING GENERAL,JUSTICE OF THE SUPREME COURT,NONPARTISAN,"DAVID T PROSSER, JR.",168,168
2001,APRIL,KENOSHA,KENOSHA CITY WARD 33,SPRING GENERAL,JUSTICE OF THE SUPREME COURT,NONPARTISAN,SCATTERING,168,0
2001,APRIL,KENOSHA,KENOSHA CITY WARD 34,SPRING GENERAL,JUSTICE OF THE SUPREME COURT,NONPARTISAN,"DAVID T PROSSER, JR.",117,117
2001,APRIL,KENOSHA,KENOSHA CITY WARD 34,SPRING GENERAL,JUSTICE OF THE SUPREME COURT,NONPARTISAN,SCATTERING,117,0
2001,APRIL,KENOSHA,KENOSHA CITY WARD 35,SPRING GENERAL,JUSTICE OF THE SUPREME COURT,NONPARTISAN,"DAVID T PROSSER, JR.",0,0
2001,APRIL,KENOSHA,KENOSHA CITY WARD 35,SPRING GENERAL,JUSTICE OF THE SUPREME COURT,NONPARTISAN,SCATTERING,0,0
2001,APRIL,KEWAUNEE,AHNAPEE TOWN WARD 1,SPRING GENERAL,JUSTICE OF THE SUPREME COURT,NONPARTISAN,"DAVID T PROSSER, JR.",103,103
2001,APRIL,KEWAUNEE,AHNAPEE TOWN WARD 1,SPRING GENERAL,JUSTICE OF THE SUPREME COURT,NONPARTISAN,SCATTERING,103,0
2001,APRIL,KEWAUNEE,CARLTON TOWN WARDS 1 & 2,SPRING GENERAL,JUSTICE OF THE SUPREME COURT,NONPARTISAN,"DAVID T PROSSER, JR.",180,179
2001,APRIL,KEWAUNEE,CARLTON TOWN WARDS 1 & 2,SPRING GENERAL,JUSTICE OF THE SUPREME COURT,NONPARTISAN,SCATTERING,180,1
2001,APRIL,KEWAUNEE,CASCO TOWN WARDS 1 & 2,SPRING GENERAL,JUSTICE OF THE SUPREME COURT,NONPARTISAN,"DAVID T PROSSER, JR.",119,119
2001,APRIL,KEWAUNEE,CASCO TOWN WARDS 1 & 2,SPRING GENERAL,JUSTICE OF THE SUPREME COURT,NONPARTISAN,SCATTERING,119,0
2001,APRIL,KEWAUNEE,FRANKLIN TOWN WARD 1,SPRING GENERAL,JUSTICE OF THE SUPREME COURT,NONPARTISAN,"DAVID T PROSSER, JR.",152,151
2001,APRIL,KEWAUNEE,FRANKLIN TOWN WARD 1,SPRING GENERAL,JUSTICE OF THE SUPREME COURT,NONPARTISAN,SCATTERING,152,1
2001,APRIL,KEWAUNEE,LINCOLN TOWN WARD 1,SPRING GENERAL,JUSTICE OF THE SUPREME COURT,NONPARTISAN,"DAVID T PROSSER, JR.",134,134
2001,APRIL,KEWAUNEE,LINCOLN TOWN WARD 1,SPRING GENERAL,JUSTICE OF THE SUPREME COURT,NONPARTISAN,SCATTERING,134,0
2001,APRIL,KEWAUNEE,LUXEMBURG TOWN WARDS 1 & 2,SPRING GENERAL,JUSTICE OF THE SUPREME COURT,NONPARTISAN,"DAVID T PROSSER, JR.",163,162
2001,APRIL,KEWAUNEE,LUXEMBURG TOWN WARDS 1 & 2,SPRING GENERAL,JUSTICE OF THE SUPREME COURT,NONPARTISAN,SCATTERING,163,1
2001,APRIL,KEWAUNEE,MONTPELIER TOWN WARDS 1 - 3,SPRING GENERAL,JUSTICE OF THE SUPREME COURT,NONPARTISAN,"DAVID T PROSSER, JR.",168,166
2001,APRIL,KEWAUNEE,MONTPELIER TOWN WARDS 1 - 3,SPRING GENERAL,JUSTICE OF THE SUPREME COURT,NONPARTISAN,SCATTERING,168,2
2001,APRIL,KEWAUNEE,PIERCE TOWN WARDS 1 & 2,SPRING GENERAL,JUSTICE OF THE SUPREME COURT,NONPARTISAN,"DAVID T PROSSER, JR.",65,65
2001,APRIL,KEWAUNEE,PIERCE TOWN WARDS 1 & 2,SPRING GENERAL,JUSTICE OF THE SUPREME COURT,NONPARTISAN,SCATTERING,65,0
2001,APRIL,KEWAUNEE,RED RIVER TOWN WARDS 1 - 3,SPRING GENERAL,JUSTICE OF THE SUPREME COURT,NONPARTISAN,"DAVID T PROSSER, JR.",215,212
2001,APRIL,KEWAUNEE,RED RIVER TOWN WARDS 1 - 3,SPRING GENERAL,JUSTICE OF THE SUPREME COURT,NONPARTISAN,SCATTERING,215,3
2001,APRIL,KEWAUNEE,WEST KEWAUNEE TOWN WARDS 1 - 3,SPRING GENERAL,JUSTICE OF THE SUPREME COURT,NONPARTISAN,"DAVID T PROSSER, JR.",238,238
2001,APRIL,KEWAUNEE,WEST KEWAUNEE TOWN WARDS 1 - 3,SPRING GENERAL,JUSTICE OF THE SUPREME COURT,NONPARTISAN,SCATTERING,238,0
2001,APRIL,KEWAUNEE,CASCO VILLAGE WARD 1,SPRING GENERAL,JUSTICE OF THE SUPREME COURT,NONPARTISAN,"DAVID T PROSSER, JR.",62,62
2001,APRIL,KEWAUNEE,CASCO VILLAGE WARD 1,SPRING GENERAL,JUSTICE OF THE SUPREME COURT,NONPARTISAN,SCATTERING,62,0
2001,APRIL,KEWAUNEE,LUXEMBURG VILLAGE WARDS 1 & 2,SPRING GENERAL,JUSTICE OF THE SUPREME COURT,NONPARTISAN,"DAVID T PROSSER, JR.",229,229
2001,APRIL,KEWAUNEE,LUXEMBURG VILLAGE WARDS 1 & 2,SPRING GENERAL,JUSTICE OF THE SUPREME COURT,NONPARTISAN,SCATTERING,229,0
2001,APRIL,KEWAUNEE,ALGOMA CITY WARDS 1 - 7,SPRING GENERAL,JUSTICE OF THE SUPREME COURT,NONPARTISAN,"DAVID T PROSSER, JR.",533,532
2001,APRIL,KEWAUNEE,ALGOMA CITY WARDS 1 - 7,SPRING GENERAL,JUSTICE OF THE SUPREME COURT,NONPARTISAN,SCATTERING,533,1
2001,APRIL,KEWAUNEE,KEWAUNEE CITY WARDS 1 - 5,SPRING GENERAL,JUSTICE OF THE SUPREME COURT,NONPARTISAN,"DAVID T PROSSER, JR.",395,389
2001,APRIL,KEWAUNEE,KEWAUNEE CITY WARDS 1 - 5,SPRING GENERAL,JUSTICE OF THE SUPREME COURT,NONPARTISAN,SCATTERING,395,6
2001,APRIL,LACROSSE,BANGOR TOWN WARD 1,SPRING GENERAL,JUSTICE OF THE SUPREME COURT,NONPARTISAN,"DAVID T PROSSER, JR.",86,86
2001,APRIL,LACROSSE,BANGOR TOWN WARD 1,SPRING GENERAL,JUSTICE OF THE SUPREME COURT,NONPARTISAN,SCATTERING,86,0
2001,APRIL,LACROSSE,BARRE TOWN WARD 1,SPRING GENERAL,JUSTICE OF THE SUPREME COURT,NONPARTISAN,"DAVID T PROSSER, JR.",176,176
2001,APRIL,LACROSSE,BARRE TOWN WARD 1,SPRING GENERAL,JUSTICE OF THE SUPREME COURT,NONPARTISAN,SCATTERING,176,0
2001,APRIL,LACROSSE,BURNS TOWN WARDS 1 & 2,SPRING GENERAL,JUSTICE OF THE SUPREME COURT,NONPARTISAN,"DAVID T PROSSER, JR.",250,249
2001,APRIL,LACROSSE,BURNS TOWN WARDS 1 & 2,SPRING GENERAL,JUSTICE OF THE SUPREME COURT,NONPARTISAN,SCATTERING,250,1
2001,APRIL,LACROSSE,CAMPBELL TOWN WARDS 1 - 5,SPRING GENERAL,JUSTICE OF THE SUPREME COURT,NONPARTISAN,"DAVID T PROSSER, JR.",745,743
2001,APRIL,LACROSSE,CAMPBELL TOWN WARDS 1 - 5,SPRING GENERAL,JUSTICE OF THE SUPREME COURT,NONPARTISAN,SCATTERING,745,2
2001,APRIL,LACROSSE,FARMINGTON TOWN WARDS 1 & 2,SPRING GENERAL,JUSTICE OF THE SUPREME COURT,NONPARTISAN,"DAVID T PROSSER, JR.",138,137
2001,APRIL,LACROSSE,FARMINGTON TOWN WARDS 1 & 2,SPRING GENERAL,JUSTICE OF THE SUPREME COURT,NONPARTISAN,SCATTERING,138,1
2001,APRIL,LACROSSE,GREENFIELD TOWN WARDS 1 - 3,SPRING GENERAL,JUSTICE OF THE SUPREME COURT,NONPARTISAN,"DAVID T PROSSER, JR.",110,110
2001,APRIL,LACROSSE,GREENFIELD TOWN WARDS 1 - 3,SPRING GENERAL,JUSTICE OF THE SUPREME COURT,NONPARTISAN,SCATTERING,110,0
2001,APRIL,LACROSSE,HAMILTON TOWN WARDS 1 - 3,SPRING GENERAL,JUSTICE OF THE SUPREME COURT,NONPARTISAN,"DAVID T PROSSER, JR.",217,217
2001,APRIL,LACROSSE,HAMILTON TOWN WARDS 1 - 3,SPRING GENERAL,JUSTICE OF THE SUPREME COURT,NONPARTISAN,SCATTERING,217,0
2001,APRIL,LACROSSE,HOLLAND TOWN WARDS 1 - 3,SPRING GENERAL,JUSTICE OF THE SUPREME COURT,NONPARTISAN,"DAVID T PROSSER, JR.",179,179
2001,APRIL,LACROSSE,HOLLAND TOWN WARDS 1 - 3,SPRING GENERAL,JUSTICE OF THE SUPREME COURT,NONPARTISAN,SCATTERING,179,0
2001,APRIL,LACROSSE,MEDARY TOWN WARDS 1 - 3,SPRING GENERAL,JUSTICE OF THE SUPREME COURT,NONPARTISAN,"DAVID T PROSSER, JR.",96,95
2001,APRIL,LACROSSE,MEDARY TOWN WARDS 1 - 3,SPRING GENERAL,JUSTICE OF THE SUPREME COURT,NONPARTISAN,SCATTERING,96,1
2001,APRIL,LACROSSE,ONALASKA TOWN WARDS 1 - 8,SPRING GENERAL,JUSTICE OF THE SUPREME COURT,NONPARTISAN,"DAVID T PROSSER, JR.",226,224
2001,APRIL,LACROSSE,ONALASKA TOWN WARDS 1 - 8,SPRING GENERAL,JUSTICE OF THE SUPREME COURT,NONPARTISAN,SCATTERING,226,2
2001,APRIL,LACROSSE,SHELBY TOWN WARDS 1 - 8,SPRING GENERAL,JUSTICE OF THE SUPREME COURT,NONPARTISAN,"DAVID T PROSSER, JR.",462,462
2001,APRIL,LACROSSE,SHELBY TOWN WARDS 1 - 8,SPRING GENERAL,JUSTICE OF THE SUPREME COURT,NONPARTISAN,SCATTERING,462,0
2001,APRIL,LACROSSE,WASHINGTON TOWN WARD 1,SPRING GENERAL,JUSTICE OF THE SUPREME COURT,NONPARTISAN,"DAVID T PROSSER, JR.",69,68
2001,APRIL,LACROSSE,WASHINGTON TOWN WARD 1,SPRING GENERAL,JUSTICE OF THE SUPREME COURT,NONPARTISAN,SCATTERING,69,1
2001,APRIL,LACROSSE,BANGOR VILLAGE WARDS 1 & 2,SPRING GENERAL,JUSTICE OF THE SUPREME COURT,NONPARTISAN,"DAVID T PROSSER, JR.",189,187
2001,APRIL,LACROSSE,BANGOR VILLAGE WARDS 1 & 2,SPRING GENERAL,JUSTICE OF THE SUPREME COURT,NONPARTISAN,SCATTERING,189,2
2001,APRIL,LACROSSE,HOLMEN VILLAGE WARDS 1 - 4,SPRING GENERAL,JUSTICE OF THE SUPREME COURT,NONPARTISAN,"DAVID T PROSSER, JR.",334,333
2001,APRIL,LACROSSE,HOLMEN VILLAGE WARDS 1 - 4,SPRING GENERAL,JUSTICE OF THE SUPREME COURT,NONPARTISAN,SCATTERING,334,1
2001,APRIL,LACROSSE,ROCKLAND VILLAGE WARD 1,SPRING GENERAL,JUSTICE OF THE SUPREME COURT,NONPARTISAN,"DAVID T PROSSER, JR.",37,37
2001,APRIL,LACROSSE,ROCKLAND VILLAGE WARD 1,SPRING GENERAL,JUSTICE OF THE SUPREME COURT,NONPARTISAN,SCATTERING,37,0
2001,APRIL,LACROSSE,WEST SALEM VILLAGE WARDS 1 - 5,SPRING GENERAL,JUSTICE OF THE SUPREME COURT,NONPARTISAN,"DAVID T PROSSER, JR.",546,544
2001,APRIL,LACROSSE,WEST SALEM VILLAGE WARDS 1 - 5,SPRING GENERAL,JUSTICE OF THE SUPREME COURT,NONPARTISAN,SCATTERING,546,2
2001,APRIL,LACROSSE,LA CROSSE CITY WARD 1,SPRING GENERAL,JUSTICE OF THE SUPREME COURT,NONPARTISAN,"DAVID T PROSSER, JR.",522,520
2001,APRIL,LACROSSE,LA CROSSE CITY WARD 1,SPRING GENERAL,JUSTICE OF THE SUPREME COURT,NONPARTISAN,SCATTERING,522,2
2001,APRIL,LACROSSE,LA CROSSE CITY WARD 2,SPRING GENERAL,JUSTICE OF THE SUPREME COURT,NONPARTISAN,"DAVID T PROSSER, JR.",387,385
2001,APRIL,LACROSSE,LA CROSSE CITY WARD 2,SPRING GENERAL,JUSTICE OF THE SUPREME COURT,NONPARTISAN,SCATTERING,387,2
2001,APRIL,LACROSSE,LA CROSSE CITY WARD 3,SPRING GENERAL,JUSTICE OF THE SUPREME COURT,NONPARTISAN,"DAVID T PROSSER, JR.",302,301
2001,APRIL,LACROSSE,LA CROSSE CITY WARD 3,SPRING GENERAL,JUSTICE OF THE SUPREME COURT,NONPARTISAN,SCATTERING,302,1
2001,APRIL,LACROSSE,LA CROSSE CITY WARD 4,SPRING GENERAL,JUSTICE OF THE SUPREME COURT,NONPARTISAN,"DAVID T PROSSER, JR.",244,244
2001,APRIL,LACROSSE,LA CROSSE CITY WARD 4,SPRING GENERAL,JUSTICE OF THE SUPREME COURT,NONPARTISAN,SCATTERING,244,0
2001,APRIL,LACROSSE,LA CROSSE CITY WARD 5,SPRING GENERAL,JUSTICE OF THE SUPREME COURT,NONPARTISAN,"DAVID T PROSSER, JR.",368,345
2001,APRIL,LACROSSE,LA CROSSE CITY WARD 5,SPRING GENERAL,JUSTICE OF THE SUPREME COURT,NONPARTISAN,SCATTERING,368,23
2001,APRIL,LACROSSE,LA CROSSE CITY WARD 6,SPRING GENERAL,JUSTICE OF THE SUPREME COURT,NONPARTISAN,"DAVID T PROSSER, JR.",197,190
2001,APRIL,LACROSSE,LA CROSSE CITY WARD 6,SPRING GENERAL,JUSTICE OF THE SUPREME COURT,NONPARTISAN,SCATTERING,197,7
2001,APRIL,LACROSSE,LA CROSSE CITY WARD 7,SPRING GENERAL,JUSTICE OF THE SUPREME COURT,NONPARTISAN,"DAVID T PROSSER, JR.",261,258
2001,APRIL,LACROSSE,LA CROSSE CITY WARD 7,SPRING GENERAL,JUSTICE OF THE SUPREME COURT,NONPARTISAN,SCATTERING,261,3
2001,APRIL,LACROSSE,LA CROSSE CITY WARD 8,SPRING GENERAL,JUSTICE OF THE SUPREME COURT,NONPARTISAN,"DAVID T PROSSER, JR.",550,548
2001,APRIL,LACROSSE,LA CROSSE CITY WARD 8,SPRING GENERAL,JUSTICE OF THE SUPREME COURT,NONPARTISAN,SCATTERING,550,2
2001,APRIL,LACROSSE,LA CROSSE CITY WARD 9,SPRING GENERAL,JUSTICE OF THE SUPREME COURT,NONPARTISAN,"DAVID T PROSSER, JR.",411,405
2001,APRIL,LACROSSE,LA CROSSE CITY WARD 9,SPRING GENERAL,JUSTICE OF THE SUPREME COURT,NONPARTISAN,SCATTERING,411,6
2001,APRIL,LACROSSE,LA CROSSE CITY WARD 10,SPRING GENERAL,JUSTICE OF THE SUPREME COURT,NONPARTISAN,"DAVID T PROSSER, JR.",483,479
2001,APRIL,LACROSSE,LA CROSSE CITY WARD 10,SPRING GENERAL,JUSTICE OF THE SUPREME COURT,NONPARTISAN,SCATTERING,483,4
2001,APRIL,LACROSSE,LA CROSSE CITY WARD 11,SPRING GENERAL,JUSTICE OF THE SUPREME COURT,NONPARTISAN,"DAVID T PROSSER, JR.",185,185
2001,APRIL,LACROSSE,LA CROSSE CITY WARD 11,SPRING GENERAL,JUSTICE OF THE SUPREME COURT,NONPARTISAN,SCATTERING,185,0
2001,APRIL,LACROSSE,LA CROSSE CITY WARD 12,SPRING GENERAL,JUSTICE OF THE SUPREME COURT,NONPARTISAN,"DAVID T PROSSER, JR.",499,496
2001,APRIL,LACROSSE,LA CROSSE CITY WARD 12,SPRING GENERAL,JUSTICE OF THE SUPREME COURT,NONPARTISAN,SCATTERING,499,3
2001,APRIL,LACROSSE,LA CROSSE CITY WARD 13,SPRING GENERAL,JUSTICE OF THE SUPREME COURT,NONPARTISAN,"DAVID T PROSSER, JR.",255,250
2001,APRIL,LACROSSE,LA CROSSE CITY WARD 13,SPRING GENERAL,JUSTICE OF THE SUPREME COURT,NONPARTISAN,SCATTERING,255,5
2001,APRIL,LACROSSE,LA CROSSE CITY WARD 14,SPRING GENERAL,JUSTICE OF THE SUPREME COURT,NONPARTISAN,"DAVID T PROSSER, JR.",495,491
2001,APRIL,LACROSSE,LA CROSSE CITY WARD 14,SPRING GENERAL,JUSTICE OF THE SUPREME COURT,NONPARTISAN,SCATTERING,495,4
2001,APRIL,LACROSSE,LA CROSSE CITY WARD 15,SPRING GENERAL,JUSTICE OF THE SUPREME COURT,NONPARTISAN,"DAVID T PROSSER, JR.",649,646
2001,APRIL,LACROSSE,LA CROSSE CITY WARD 15,SPRING GENERAL,JUSTICE OF THE SUPREME COURT,NONPARTISAN,SCATTERING,649,3
2001,APRIL,LACROSSE,LA CROSSE CITY WARD 16,SPRING GENERAL,JUSTICE OF THE SUPREME COURT,NONPARTISAN,"DAVID T PROSSER, JR.",689,686
2001,APRIL,LACROSSE,LA CROSSE CITY WARD 16,SPRING GENERAL,JUSTICE OF THE SUPREME COURT,NONPARTISAN,SCATTERING,689,3
2001,APRIL,LACROSSE,LA CROSSE CITY WARD 17,SPRING GENERAL,JUSTICE OF THE SUPREME COURT,NONPARTISAN,"DAVID T PROSSER, JR.",552,548
2001,APRIL,LACROSSE,LA CROSSE CITY WARD 17,SPRING GENERAL,JUSTICE OF THE SUPREME COURT,NONPARTISAN,SCATTERING,552,4
2001,APRIL,LACROSSE,LA CROSSE CITY WARD 18,SPRING GENERAL,JUSTICE OF THE SUPREME COURT,NONPARTISAN,"DAVID T PROSSER, JR.",639,639
2001,APRIL,LACROSSE,LA CROSSE CITY WARD 18,SPRING GENERAL,JUSTICE OF THE SUPREME COURT,NONPARTISAN,SCATTERING,639,0
2001,APRIL,LACROSSE,ONALASKA CITY WARDS 1 - 3,SPRING GENERAL,JUSTICE OF THE SUPREME COURT,NONPARTISAN,"DAVID T PROSSER, JR.",204,204
2001,APRIL,LACROSSE,ONALASKA CITY WARDS 1 - 3,SPRING GENERAL,JUSTICE OF THE SUPREME COURT,NONPARTISAN,SCATTERING,204,0
2001,APRIL,LACROSSE,ONALASKA CITY WARDS 4 - 6,SPRING GENERAL,JUSTICE OF THE SUPREME COURT,NONPARTISAN,"DAVID T PROSSER, JR.",308,306
2001,APRIL,LACROSSE,ONALASKA CITY WARDS 4 - 6,SPRING GENERAL,JUSTICE OF THE SUPREME COURT,NONPARTISAN,SCATTERING,308,2
2001,APRIL,LACROSSE,ONALASKA CITY WARDS 7 - 9,SPRING GENERAL,JUSTICE OF THE SUPREME COURT,NONPARTISAN,"DAVID T PROSSER, JR.",334,331
2001,APRIL,LACROSSE,ONALASKA CITY WARDS 7 - 9,SPRING GENERAL,JUSTICE OF THE SUPREME COURT,NONPARTISAN,SCATTERING,334,3
2001,APRIL,LAFAYETTE,ARGYLE TOWN WARDS 1 & 2,SPRING GENERAL,JUSTICE OF THE SUPREME COURT,NONPARTISAN,"DAVID T PROSSER, JR.",76,76
2001,APRIL,LAFAYETTE,ARGYLE TOWN WARDS 1 & 2,SPRING GENERAL,JUSTICE OF THE SUPREME COURT,NONPARTISAN,SCATTERING,76,0
2001,APRIL,LAFAYETTE,BELMONT TOWN WARDS 1 & 2,SPRING GENERAL,JUSTICE OF THE SUPREME COURT,NONPARTISAN,"DAVID T PROSSER, JR.",71,71
2001,APRIL,LAFAYETTE,BELMONT TOWN WARDS 1 & 2,SPRING GENERAL,JUSTICE OF THE SUPREME COURT,NONPARTISAN,SCATTERING,71,0
2001,APRIL,LAFAYETTE,BENTON TOWN WARDS 1 & 2,SPRING GENERAL,JUSTICE OF THE SUPREME COURT,NONPARTISAN,"DAVID T PROSSER, JR.",48,48
2001,APRIL,LAFAYETTE,BENTON TOWN WARDS 1 & 2,SPRING GENERAL,JUSTICE OF THE SUPREME COURT,NONPARTISAN,SCATTERING,48,0
2001,APRIL,LAFAYETTE,BLANCHARD TOWN WARD 1,SPRING GENERAL,JUSTICE OF THE SUPREME COURT,NONPARTISAN,"DAVID T PROSSER, JR.",75,75
2001,APRIL,LAFAYETTE,BLANCHARD TOWN WARD 1,SPRING GENERAL,JUSTICE OF THE SUPREME COURT,NONPARTISAN,SCATTERING,75,0
2001,APRIL,LAFAYETTE,DARLINGTON TOWN WARDS 1 & 2,SPRING GENERAL,JUSTICE OF THE SUPREME COURT,NONPARTISAN,"DAVID T PROSSER, JR.",100,100
2001,APRIL,LAFAYETTE,DARLINGTON TOWN WARDS 1 & 2,SPRING GENERAL,JUSTICE OF THE SUPREME COURT,NONPARTISAN,SCATTERING,100,0
2001,APRIL,LAFAYETTE,ELK GROVE TOWN WARD 1,SPRING GENERAL,JUSTICE OF THE SUPREME COURT,NONPARTISAN,"DAVID T PROSSER, JR.",51,51
2001,APRIL,LAFAYETTE,ELK GROVE TOWN WARD 1,SPRING GENERAL,JUSTICE OF THE SUPREME COURT,NONPARTISAN,SCATTERING,51,0
2001,APRIL,LAFAYETTE,FAYETTE TOWN WARD 1,SPRING GENERAL,JUSTICE OF THE SUPREME COURT,NONPARTISAN,"DAVID T PROSSER, JR.",55,55
2001,APRIL,LAFAYETTE,FAYETTE TOWN WARD 1,SPRING GENERAL,JUSTICE OF THE SUPREME COURT,NONPARTISAN,SCATTERING,55,0
2001,APRIL,LAFAYETTE,GRATIOT TOWN WARD 1,SPRING GENERAL,JUSTICE OF THE SUPREME COURT,NONPARTISAN,"DAVID T PROSSER, JR.",48,48
2001,APRIL,LAFAYETTE,GRATIOT TOWN WARD 1,SPRING GENERAL,JUSTICE OF THE SUPREME COURT,NONPARTISAN,SCATTERING,48,0
2001,APRIL,LAFAYETTE,KENDALL TOWN WARD 1,SPRING GENERAL,JUSTICE OF THE SUPREME COURT,NONPARTISAN,"DAVID T PROSSER, JR.",27,27
2001,APRIL,LAFAYETTE,KENDALL TOWN WARD 1,SPRING GENERAL,JUSTICE OF THE SUPREME COURT,NONPARTISAN,SCATTERING,27,0
2001,APRIL,LAFAYETTE,LAMONT TOWN WARD 1,SPRING GENERAL,JUSTICE OF THE SUPREME COURT,NONPARTISAN,"DAVID T PROSSER, JR.",25,25
2001,APRIL,LAFAYETTE,LAMONT TOWN WARD 1,SPRING GENERAL,JUSTICE OF THE SUPREME COURT,NONPARTISAN,SCATTERING,25,0
2001,APRIL,LAFAYETTE,MONTICELLO TOWN WARD 1,SPRING GENERAL,JUSTICE OF THE SUPREME COURT,NONPARTISAN,"DAVID T PROSSER, JR.",32,32
2001,APRIL,LAFAYETTE,MONTICELLO TOWN WARD 1,SPRING GENERAL,JUSTICE OF THE SUPREME COURT,NONPARTISAN,SCATTERING,32,0
2001,APRIL,LAFAYETTE,NEW DIGGINGS TOWN WARD 1,SPRING GENERAL,JUSTICE OF THE SUPREME COURT,NONPARTISAN,"DAVID T PROSSER, JR.",85,85
2001,APRIL,LAFAYETTE,NEW DIGGINGS TOWN WARD 1,SPRING GENERAL,JUSTICE OF THE SUPREME COURT,NONPARTISAN,SCATTERING,85,0
2001,APRIL,LAFAYETTE,SEYMOUR TOWN WARD 1,SPRING GENERAL,JUSTICE OF THE SUPREME COURT,NONPARTISAN,"DAVID T PROSSER, JR.",46,46
2001,APRIL,LAFAYETTE,SEYMOUR TOWN WARD 1,SPRING GENERAL,JUSTICE OF THE SUPREME COURT,NONPARTISAN,SCATTERING,46,0
2001,APRIL,LAFAYETTE,SHULLSBURG TOWN WARD 1,SPRING GENERAL,JUSTICE OF THE SUPREME COURT,NONPARTISAN,"DAVID T PROSSER, JR.",93,93
2001,APRIL,LAFAYETTE,SHULLSBURG TOWN WARD 1,SPRING GENERAL,JUSTICE OF THE SUPREME COURT,NONPARTISAN,SCATTERING,93,0
2001,APRIL,LAFAYETTE,WAYNE TOWN WARD 1,SPRING GENERAL,JUSTICE OF THE SUPREME COURT,NONPARTISAN,"DAVID T PROSSER, JR.",38,38
2001,APRIL,LAFAYETTE,WAYNE TOWN WARD 1,SPRING GENERAL,JUSTICE OF THE SUPREME COURT,NONPARTISAN,SCATTERING,38,0
2001,APRIL,LAFAYETTE,WHITE OAK SPRINGS TOWN WARD 1,SPRING GENERAL,JUSTICE OF THE SUPREME COURT,NONPARTISAN,"DAVID T PROSSER, JR.",30,30
2001,APRIL,LAFAYETTE,WHITE OAK SPRINGS TOWN WARD 1,SPRING GENERAL,JUSTICE OF THE SUPREME COURT,NONPARTISAN,SCATTERING,30,0
2001,APRIL,LAFAYETTE,WILLOW SPRINGS TOWN WARD 1,SPRING GENERAL,JUSTICE OF THE SUPREME COURT,NONPARTISAN,"DAVID T PROSSER, JR.",61,61
2001,APRIL,LAFAYETTE,WILLOW SPRINGS TOWN WARD 1,SPRING GENERAL,JUSTICE OF THE SUPREME COURT,NONPARTISAN,SCATTERING,61,0
2001,APRIL,LAFAYETTE,WIOTA TOWN WARD 1,SPRING GENERAL,JUSTICE OF THE SUPREME COURT,NONPARTISAN,"DAVID T PROSSER, JR.",221,221
2001,APRIL,LAFAYETTE,WIOTA TOWN WARD 1,SPRING GENERAL,JUSTICE OF THE SUPREME COURT,NONPARTISAN,SCATTERING,221,0
2001,APRIL,LAFAYETTE,ARGYLE VILLAGE WARD 1,SPRING GENERAL,JUSTICE OF THE SUPREME COURT,NONPARTISAN,"DAVID T PROSSER, JR.",137,137
2001,APRIL,LAFAYETTE,ARGYLE VILLAGE WARD 1,SPRING GENERAL,JUSTICE OF THE SUPREME COURT,NONPARTISAN,SCATTERING,137,0
2001,APRIL,LAFAYETTE,BELMONT VILLAGE WARD 1,SPRING GENERAL,JUSTICE OF THE SUPREME COURT,NONPARTISAN,"DAVID T PROSSER, JR.",131,131
2001,APRIL,LAFAYETTE,BELMONT VILLAGE WARD 1,SPRING GENERAL,JUSTICE OF THE SUPREME COURT,NONPARTISAN,SCATTERING,131,0
2001,APRIL,LAFAYETTE,BENTON VILLAGE WARD 1,SPRING GENERAL,JUSTICE OF THE SUPREME COURT,NONPARTISAN,"DAVID T PROSSER, JR.",163,163
2001,APRIL,LAFAYETTE,BENTON VILLAGE WARD 1,SPRING GENERAL,JUSTICE OF THE SUPREME COURT,NONPARTISAN,SCATTERING,163,0
2001,APRIL,LAFAYETTE,BLANCHARDVILLE VILLAGE WARD 1,SPRING GENERAL,JUSTICE OF THE SUPREME COURT,NONPARTISAN,"DAVID T PROSSER, JR.",152,152
2001,APRIL,LAFAYETTE,BLANCHARDVILLE VILLAGE WARD 1,SPRING GENERAL,JUSTICE OF THE SUPREME COURT,NONPARTISAN,SCATTERING,152,0
2001,APRIL,LAFAYETTE,GRATIOT VILLAGE WARD 1,SPRING GENERAL,JUSTICE OF THE SUPREME COURT,NONPARTISAN,"DAVID T PROSSER, JR.",28,28
2001,APRIL,LAFAYETTE,GRATIOT VILLAGE WARD 1,SPRING GENERAL,JUSTICE OF THE SUPREME COURT,NONPARTISAN,SCATTERING,28,0
2001,APRIL,LAFAYETTE,HAZEL GREEN VILLAGE WARD 3,SPRING GENERAL,JUSTICE OF THE SUPREME COURT,NONPARTISAN,"DAVID T PROSSER, JR.",3,3
2001,APRIL,LAFAYETTE,HAZEL GREEN VILLAGE WARD 3,SPRING GENERAL,JUSTICE OF THE SUPREME COURT,NONPARTISAN,SCATTERING,3,0
2001,APRIL,LAFAYETTE,SOUTH WAYNE VILLAGE WARD 1,SPRING GENERAL,JUSTICE OF THE SUPREME COURT,NONPARTISAN,"DAVID T PROSSER, JR.",39,39
2001,APRIL,LAFAYETTE,SOUTH WAYNE VILLAGE WARD 1,SPRING GENERAL,JUSTICE OF THE SUPREME COURT,NONPARTISAN,SCATTERING,39,0
2001,APRIL,LAFAYETTE,CUBA CITY CITY WARD 5,SPRING GENERAL,JUSTICE OF THE SUPREME COURT,NONPARTISAN,"DAVID T PROSSER, JR.",28,28
2001,APRIL,LAFAYETTE,CUBA CITY CITY WARD 5,SPRING GENERAL,JUSTICE OF THE SUPREME COURT,NONPARTISAN,SCATTERING,28,0
2001,APRIL,LAFAYETTE,CUBA CITY CITY WARD 6,SPRING GENERAL,JUSTICE OF THE SUPREME COURT,NONPARTISAN,"DAVID T PROSSER, JR.",12,12
2001,APRIL,LAFAYETTE,CUBA CITY CITY WARD 6,SPRING GENERAL,JUSTICE OF THE SUPREME COURT,NONPARTISAN,SCATTERING,12,0
2001,APRIL,LAFAYETTE,"DARLINGTON CITY WARDS 1, 2 & 5",SPRING GENERAL,JUSTICE OF THE SUPREME COURT,NONPARTISAN,"DAVID T PROSSER, JR.",72,71
2001,APRIL,LAFAYETTE,"DARLINGTON CITY WARDS 1, 2 & 5",SPRING GENERAL,JUSTICE OF THE SUPREME COURT,NONPARTISAN,SCATTERING,72,1
2001,APRIL,LAFAYETTE,"DARLINGTON CITY WARDS 3, 4 & 10",SPRING GENERAL,JUSTICE OF THE SUPREME COURT,NONPARTISAN,"DAVID T PROSSER, JR.",106,106
2001,APRIL,LAFAYETTE,"DARLINGTON CITY WARDS 3, 4 & 10",SPRING GENERAL,JUSTICE OF THE SUPREME COURT,NONPARTISAN,SCATTERING,106,0
2001,APRIL,LAFAYETTE,DARLINGTON CITY WARDS 6 - 9,SPRING GENERAL,JUSTICE OF THE SUPREME COURT,NONPARTISAN,"DAVID T PROSSER, JR.",70,70
2001,APRIL,LAFAYETTE,DARLINGTON CITY WARDS 6 - 9,SPRING GENERAL,JUSTICE OF THE SUPREME COURT,NONPARTISAN,SCATTERING,70,0
2001,APRIL,LAFAYETTE,SHULLSBURG CITY WARDS 1 & 3,SPRING GENERAL,JUSTICE OF THE SUPREME COURT,NONPARTISAN,"DAVID T PROSSER, JR.",148,148
2001,APRIL,LAFAYETTE,SHULLSBURG CITY WARDS 1 & 3,SPRING GENERAL,JUSTICE OF THE SUPREME COURT,NONPARTISAN,SCATTERING,148,0
2001,APRIL,LAFAYETTE,SHULLSBURG CITY WARD 2,SPRING GENERAL,JUSTICE OF THE SUPREME COURT,NONPARTISAN,"DAVID T PROSSER, JR.",125,125
2001,APRIL,LAFAYETTE,SHULLSBURG CITY WARD 2,SPRING GENERAL,JUSTICE OF THE SUPREME COURT,NONPARTISAN,SCATTERING,125,0
2001,APRIL,LANGLADE,ACKLEY TOWN WARD 1,SPRING GENERAL,JUSTICE OF THE SUPREME COURT,NONPARTISAN,"DAVID T PROSSER, JR.",39,39
2001,APRIL,LANGLADE,ACKLEY TOWN WARD 1,SPRING GENERAL,JUSTICE OF THE SUPREME COURT,NONPARTISAN,SCATTERING,39,0
2001,APRIL,LANGLADE,AINSWORTH TOWN WARD 1,SPRING GENERAL,JUSTICE OF THE SUPREME COURT,NONPARTISAN,"DAVID T PROSSER, JR.",204,203
2001,APRIL,LANGLADE,AINSWORTH TOWN WARD 1,SPRING GENERAL,JUSTICE OF THE SUPREME COURT,NONPARTISAN,SCATTERING,204,1
2001,APRIL,LANGLADE,ANTIGO TOWN WARDS 1 & 2,SPRING GENERAL,JUSTICE OF THE SUPREME COURT,NONPARTISAN,"DAVID T PROSSER, JR.",212,212
2001,APRIL,LANGLADE,ANTIGO TOWN WARDS 1 & 2,SPRING GENERAL,JUSTICE OF THE SUPREME COURT,NONPARTISAN,SCATTERING,212,0
2001,APRIL,LANGLADE,ELCHO TOWN WARDS 1 & 2,SPRING GENERAL,JUSTICE OF THE SUPREME COURT,NONPARTISAN,"DAVID T PROSSER, JR.",406,406
2001,APRIL,LANGLADE,ELCHO TOWN WARDS 1 & 2,SPRING GENERAL,JUSTICE OF THE SUPREME COURT,NONPARTISAN,SCATTERING,406,0
2001,APRIL,LANGLADE,EVERGREEN TOWN WARD 1,SPRING GENERAL,JUSTICE OF THE SUPREME COURT,NONPARTISAN,"DAVID T PROSSER, JR.",97,97
2001,APRIL,LANGLADE,EVERGREEN TOWN WARD 1,SPRING GENERAL,JUSTICE OF THE SUPREME COURT,NONPARTISAN,SCATTERING,97,0
2001,APRIL,LANGLADE,LANGLADE TOWN WARD 1,SPRING GENERAL,JUSTICE OF THE SUPREME COURT,NONPARTISAN,"DAVID T PROSSER, JR.",150,150
2001,APRIL,LANGLADE,LANGLADE TOWN WARD 1,SPRING GENERAL,JUSTICE OF THE SUPREME COURT,NONPARTISAN,SCATTERING,150,0
2001,APRIL,LANGLADE,NEVA TOWN WARD 1,SPRING GENERAL,JUSTICE OF THE SUPREME COURT,NONPARTISAN,"DAVID T PROSSER, JR.",87,87
2001,APRIL,LANGLADE,NEVA TOWN WARD 1,SPRING GENERAL,JUSTICE OF THE SUPREME COURT,NONPARTISAN,SCATTERING,87,0
2001,APRIL,LANGLADE,NORWOOD TOWN WARDS 1 & 2,SPRING GENERAL,JUSTICE OF THE SUPREME COURT,NONPARTISAN,"DAVID T PROSSER, JR.",141,141
2001,APRIL,LANGLADE,NORWOOD TOWN WARDS 1 & 2,SPRING GENERAL,JUSTICE OF THE SUPREME COURT,NONPARTISAN,SCATTERING,141,0
2001,APRIL,LANGLADE,PARRISH TOWN WARD 1,SPRING GENERAL,JUSTICE OF THE SUPREME COURT,NONPARTISAN,"DAVID T PROSSER, JR.",34,34
2001,APRIL,LANGLADE,PARRISH TOWN WARD 1,SPRING GENERAL,JUSTICE OF THE SUPREME COURT,NONPARTISAN,SCATTERING,34,0
2001,APRIL,LANGLADE,PECK TOWN WARDS 1 & 2,SPRING GENERAL,JUSTICE OF THE SUPREME COURT,NONPARTISAN,"DAVID T PROSSER, JR.",42,42
2001,APRIL,LANGLADE,PECK TOWN WARDS 1 & 2,SPRING GENERAL,JUSTICE OF THE SUPREME COURT,NONPARTISAN,SCATTERING,42,0
2001,APRIL,LANGLADE,POLAR TOWN WARDS 1 & 2,SPRING GENERAL,JUSTICE OF THE SUPREME COURT,NONPARTISAN,"DAVID T PROSSER, JR.",69,69
2001,APRIL,LANGLADE,POLAR TOWN WARDS 1 & 2,SPRING GENERAL,JUSTICE OF THE SUPREME COURT,NONPARTISAN,SCATTERING,69,0
2001,APRIL,LANGLADE,PRICE TOWN WARDS 1 & 2,SPRING GENERAL,JUSTICE OF THE SUPREME COURT,NONPARTISAN,"DAVID T PROSSER, JR.",27,27
2001,APRIL,LANGLADE,PRICE TOWN WARDS 1 & 2,SPRING GENERAL,JUSTICE OF THE SUPREME COURT,NONPARTISAN,SCATTERING,27,0
2001,APRIL,LANGLADE,ROLLING TOWN WARDS 1 & 2,SPRING GENERAL,JUSTICE OF THE SUPREME COURT,NONPARTISAN,"DAVID T PROSSER, JR.",94,94
2001,APRIL,LANGLADE,ROLLING TOWN WARDS 1 & 2,SPRING GENERAL,JUSTICE OF THE SUPREME COURT,NONPARTISAN,SCATTERING,94,0
2001,APRIL,LANGLADE,SUMMIT TOWN WARD 1,SPRING GENERAL,JUSTICE OF THE SUPREME COURT,NONPARTISAN,"DAVID T PROSSER, JR.",44,44
2001,APRIL,LANGLADE,SUMMIT TOWN WARD 1,SPRING GENERAL,JUSTICE OF THE SUPREME COURT,NONPARTISAN,SCATTERING,44,0
2001,APRIL,LANGLADE,UPHAM TOWN WARD 1,SPRING GENERAL,JUSTICE OF THE SUPREME COURT,NONPARTISAN,"DAVID T PROSSER, JR.",186,186
2001,APRIL,LANGLADE,UPHAM TOWN WARD 1,SPRING GENERAL,JUSTICE OF THE SUPREME COURT,NONPARTISAN,SCATTERING,186,0
2001,APRIL,LANGLADE,VILAS TOWN WARD 1,SPRING GENERAL,JUSTICE OF THE SUPREME COURT,NONPARTISAN,"DAVID T PROSSER, JR.",35,35
2001,APRIL,LANGLADE,VILAS TOWN WARD 1,SPRING GENERAL,JUSTICE OF THE SUPREME COURT,NONPARTISAN,SCATTERING,35,0
2001,APRIL,LANGLADE,WOLF RIVER TOWN WARDS 1 & 2,SPRING GENERAL,JUSTICE OF THE SUPREME COURT,NONPARTISAN,"DAVID T PROSSER, JR.",235,235
2001,APRIL,LANGLADE,WOLF RIVER TOWN WARDS 1 & 2,SPRING GENERAL,JUSTICE OF THE SUPREME COURT,NONPARTISAN,SCATTERING,235,0
2001,APRIL,LANGLADE,WHITE LAKE VILLAGE WARD 1,SPRING GENERAL,JUSTICE OF THE SUPREME COURT,NONPARTISAN,"DAVID T PROSSER, JR.",101,101
2001,APRIL,LANGLADE,WHITE LAKE VILLAGE WARD 1,SPRING GENERAL,JUSTICE OF THE SUPREME COURT,NONPARTISAN,SCATTERING,101,0
2001,APRIL,LANGLADE,ANTIGO CITY WARD 1,SPRING GENERAL,JUSTICE OF THE SUPREME COURT,NONPARTISAN,"DAVID T PROSSER, JR.",43,43
2001,APRIL,LANGLADE,ANTIGO CITY WARD 1,SPRING GENERAL,JUSTICE OF THE SUPREME COURT,NONPARTISAN,SCATTERING,43,0
2001,APRIL,LANGLADE,ANTIGO CITY WARD 2,SPRING GENERAL,JUSTICE OF THE SUPREME COURT,NONPARTISAN,"DAVID T PROSSER, JR.",77,76
2001,APRIL,LANGLADE,ANTIGO CITY WARD 2,SPRING GENERAL,JUSTICE OF THE SUPREME COURT,NONPARTISAN,SCATTERING,77,1
2001,APRIL,LANGLADE,ANTIGO CITY WARD 3,SPRING GENERAL,JUSTICE OF THE SUPREME COURT,NONPARTISAN,"DAVID T PROSSER, JR.",48,47
2001,APRIL,LANGLADE,ANTIGO CITY WARD 3,SPRING GENERAL,JUSTICE OF THE SUPREME COURT,NONPARTISAN,SCATTERING,48,1
2001,APRIL,LANGLADE,ANTIGO CITY WARD 4,SPRING GENERAL,JUSTICE OF THE SUPREME COURT,NONPARTISAN,"DAVID T PROSSER, JR.",65,64
2001,APRIL,LANGLADE,ANTIGO CITY WARD 4,SPRING GENERAL,JUSTICE OF THE SUPREME COURT,NONPARTISAN,SCATTERING,65,1
2001,APRIL,LANGLADE,ANTIGO CITY WARD 5,SPRING GENERAL,JUSTICE OF THE SUPREME COURT,NONPARTISAN,"DAVID T PROSSER, JR.",40,40
2001,APRIL,LANGLADE,ANTIGO CITY WARD 5,SPRING GENERAL,JUSTICE OF THE SUPREME COURT,NONPARTISAN,SCATTERING,40,0
2001,APRIL,LANGLADE,ANTIGO CITY WARD 6,SPRING GENERAL,JUSTICE OF THE SUPREME COURT,NONPARTISAN,"DAVID T PROSSER, JR.",56,56
2001,APRIL,LANGLADE,ANTIGO CITY WARD 6,SPRING GENERAL,JUSTICE OF THE SUPREME COURT,NONPARTISAN,SCATTERING,56,0
2001,APRIL,LANGLADE,ANTIGO CITY WARD 7,SPRING GENERAL,JUSTICE OF THE SUPREME COURT,NONPARTISAN,"DAVID T PROSSER, JR.",77,77
2001,APRIL,LANGLADE,ANTIGO CITY WARD 7,SPRING GENERAL,JUSTICE OF THE SUPREME COURT,NONPARTISAN,SCATTERING,77,0
2001,APRIL,LANGLADE,ANTIGO CITY WARD 8,SPRING GENERAL,JUSTICE OF THE SUPREME COURT,NONPARTISAN,"DAVID T PROSSER, JR.",62,62
2001,APRIL,LANGLADE,ANTIGO CITY WARD 8,SPRING GENERAL,JUSTICE OF THE SUPREME COURT,NONPARTISAN,SCATTERING,62,0
2001,APRIL,LANGLADE,ANTIGO CITY WARD 9,SPRING GENERAL,JUSTICE OF THE SUPREME COURT,NONPARTISAN,"DAVID T PROSSER, JR.",92,91
2001,APRIL,LANGLADE,ANTIGO CITY WARD 9,SPRING GENERAL,JUSTICE OF THE SUPREME COURT,NONPARTISAN,SCATTERING,92,1
2001,APRIL,LINCOLN,BIRCH TOWN WARDS 1 & 2,SPRING GENERAL,JUSTICE OF THE SUPREME COURT,NONPARTISAN,"DAVID T PROSSER, JR.",41,41
2001,APRIL,LINCOLN,BIRCH TOWN WARDS 1 & 2,SPRING GENERAL,JUSTICE OF THE SUPREME COURT,NONPARTISAN,SCATTERING,41,0
2001,APRIL,LINCOLN,BRADLEY TOWN WARDS 1 - 6,SPRING GENERAL,JUSTICE OF THE SUPREME COURT,NONPARTISAN,"DAVID T PROSSER, JR.",342,341
2001,APRIL,LINCOLN,BRADLEY TOWN WARDS 1 - 6,SPRING GENERAL,JUSTICE OF THE SUPREME COURT,NONPARTISAN,SCATTERING,342,1
2001,APRIL,LINCOLN,CORNING TOWN WARD 1,SPRING GENERAL,JUSTICE OF THE SUPREME COURT,NONPARTISAN,"DAVID T PROSSER, JR.",74,74
2001,APRIL,LINCOLN,CORNING TOWN WARD 1,SPRING GENERAL,JUSTICE OF THE SUPREME COURT,NONPARTISAN,SCATTERING,74,0
2001,APRIL,LINCOLN,HARDING TOWN WARD 1,SPRING GENERAL,JUSTICE OF THE SUPREME COURT,NONPARTISAN,"DAVID T PROSSER, JR.",33,33
2001,APRIL,LINCOLN,HARDING TOWN WARD 1,SPRING GENERAL,JUSTICE OF THE SUPREME COURT,NONPARTISAN,SCATTERING,33,0
2001,APRIL,LINCOLN,HARRISON TOWN WARDS 1 & 2,SPRING GENERAL,JUSTICE OF THE SUPREME COURT,NONPARTISAN,"DAVID T PROSSER, JR.",77,77
2001,APRIL,LINCOLN,HARRISON TOWN WARDS 1 & 2,SPRING GENERAL,JUSTICE OF THE SUPREME COURT,NONPARTISAN,SCATTERING,77,0
2001,APRIL,LINCOLN,KING TOWN WARD 1,SPRING GENERAL,JUSTICE OF THE SUPREME COURT,NONPARTISAN,"DAVID T PROSSER, JR.",271,269
2001,APRIL,LINCOLN,KING TOWN WARD 1,SPRING GENERAL,JUSTICE OF THE SUPREME COURT,NONPARTISAN,SCATTERING,271,2
2001,APRIL,LINCOLN,MERRILL TOWN WARDS 1 - 5,SPRING GENERAL,JUSTICE OF THE SUPREME COURT,NONPARTISAN,"DAVID T PROSSER, JR.",360,359
2001,APRIL,LINCOLN,MERRILL TOWN WARDS 1 - 5,SPRING GENERAL,JUSTICE OF THE SUPREME COURT,NONPARTISAN,SCATTERING,360,1
2001,APRIL,LINCOLN,PINE RIVER TOWN WARDS 1 - 3,SPRING GENERAL,JUSTICE OF THE SUPREME COURT,NONPARTISAN,"DAVID T PROSSER, JR.",321,319
2001,APRIL,LINCOLN,PINE RIVER TOWN WARDS 1 - 3,SPRING GENERAL,JUSTICE OF THE SUPREME COURT,NONPARTISAN,SCATTERING,321,2
2001,APRIL,LINCOLN,ROCK FALLS TOWN WARDS 1 - 3,SPRING GENERAL,JUSTICE OF THE SUPREME COURT,NONPARTISAN,"DAVID T PROSSER, JR.",58,58
2001,APRIL,LINCOLN,ROCK FALLS TOWN WARDS 1 - 3,SPRING GENERAL,JUSTICE OF THE SUPREME COURT,NONPARTISAN,SCATTERING,58,0
2001,APRIL,LINCOLN,RUSSELL TOWN WARDS 1 & 2,SPRING GENERAL,JUSTICE OF THE SUPREME COURT,NONPARTISAN,"DAVID T PROSSER, JR.",80,79
2001,APRIL,LINCOLN,RUSSELL TOWN WARDS 1 & 2,SPRING GENERAL,JUSTICE OF THE SUPREME COURT,NONPARTISAN,SCATTERING,80,1
2001,APRIL,LINCOLN,SCHLEY TOWN WARDS 1 & 2,SPRING GENERAL,JUSTICE OF THE SUPREME COURT,NONPARTISAN,"DAVID T PROSSER, JR.",89,89
2001,APRIL,LINCOLN,SCHLEY TOWN WARDS 1 & 2,SPRING GENERAL,JUSTICE OF THE SUPREME COURT,NONPARTISAN,SCATTERING,89,0
2001,APRIL,LINCOLN,SCOTT TOWN WARDS 1 & 2,SPRING GENERAL,JUSTICE OF THE SUPREME COURT,NONPARTISAN,"DAVID T PROSSER, JR.",90,90
2001,APRIL,LINCOLN,SCOTT TOWN WARDS 1 & 2,SPRING GENERAL,JUSTICE OF THE SUPREME COURT,NONPARTISAN,SCATTERING,90,0
2001,APRIL,LINCOLN,SKANAWAN TOWN WARD 1,SPRING GENERAL,JUSTICE OF THE SUPREME COURT,NONPARTISAN,"DAVID T PROSSER, JR.",93,93
2001,APRIL,LINCOLN,SKANAWAN TOWN WARD 1,SPRING GENERAL,JUSTICE OF THE SUPREME COURT,NONPARTISAN,SCATTERING,93,0
2001,APRIL,LINCOLN,SOMO TOWN WARD 1,SPRING GENERAL,JUSTICE OF THE SUPREME COURT,NONPARTISAN,"DAVID T PROSSER, JR.",45,45
2001,APRIL,LINCOLN,SOMO TOWN WARD 1,SPRING GENERAL,JUSTICE OF THE SUPREME COURT,NONPARTISAN,SCATTERING,45,0
2001,APRIL,LINCOLN,TOMAHAWK TOWN WARD 1,SPRING GENERAL,JUSTICE OF THE SUPREME COURT,NONPARTISAN,"DAVID T PROSSER, JR.",40,40
2001,APRIL,LINCOLN,TOMAHAWK TOWN WARD 1,SPRING GENERAL,JUSTICE OF THE SUPREME COURT,NONPARTISAN,SCATTERING,40,0
2001,APRIL,LINCOLN,WILSON TOWN WARD 1,SPRING GENERAL,JUSTICE OF THE SUPREME COURT,NONPARTISAN,"DAVID T PROSSER, JR.",70,69
2001,APRIL,LINCOLN,WILSON TOWN WARD 1,SPRING GENERAL,JUSTICE OF THE SUPREME COURT,NONPARTISAN,SCATTERING,70,1
2001,APRIL,LINCOLN,MERRILL CITY WARDS 1 & 2,SPRING GENERAL,JUSTICE OF THE SUPREME COURT,NONPARTISAN,"DAVID T PROSSER, JR.",127,126
2001,APRIL,LINCOLN,MERRILL CITY WARDS 1 & 2,SPRING GENERAL,JUSTICE OF THE SUPREME COURT,NONPARTISAN,SCATTERING,127,1
2001,APRIL,LINCOLN,MERRILL CITY WARDS 3 & 4,SPRING GENERAL,JUSTICE OF THE SUPREME COURT,NONPARTISAN,"DAVID T PROSSER, JR.",109,109
2001,APRIL,LINCOLN,MERRILL CITY WARDS 3 & 4,SPRING GENERAL,JUSTICE OF THE SUPREME COURT,NONPARTISAN,SCATTERING,109,0
2001,APRIL,LINCOLN,MERRILL CITY WARDS 5 & 6,SPRING GENERAL,JUSTICE OF THE SUPREME COURT,NONPARTISAN,"DAVID T PROSSER, JR.",102,102
2001,APRIL,LINCOLN,MERRILL CITY WARDS 5 & 6,SPRING GENERAL,JUSTICE OF THE SUPREME COURT,NONPARTISAN,SCATTERING,102,0
2001,APRIL,LINCOLN,MERRILL CITY WARDS 7 & 8,SPRING GENERAL,JUSTICE OF THE SUPREME COURT,NONPARTISAN,"DAVID T PROSSER, JR.",83,83
2001,APRIL,LINCOLN,MERRILL CITY WARDS 7 & 8,SPRING GENERAL,JUSTICE OF THE SUPREME COURT,NONPARTISAN,SCATTERING,83,0
2001,APRIL,LINCOLN,MERRILL CITY WARDS 9 & 10,SPRING GENERAL,JUSTICE OF THE SUPREME COURT,NONPARTISAN,"DAVID T PROSSER, JR.",85,84
2001,APRIL,LINCOLN,MERRILL CITY WARDS 9 & 10,SPRING GENERAL,JUSTICE OF THE SUPREME COURT,NONPARTISAN,SCATTERING,85,1
2001,APRIL,LINCOLN,MERRILL CITY WARDS 11 & 12,SPRING GENERAL,JUSTICE OF THE SUPREME COURT,NONPARTISAN,"DAVID T PROSSER, JR.",64,63
2001,APRIL,LINCOLN,MERRILL CITY WARDS 11 & 12,SPRING GENERAL,JUSTICE OF THE SUPREME COURT,NONPARTISAN,SCATTERING,64,1
2001,APRIL,LINCOLN,MERRILL CITY WARDS 13 & 14,SPRING GENERAL,JUSTICE OF THE SUPREME COURT,NONPARTISAN,"DAVID T PROSSER, JR.",130,129
2001,APRIL,LINCOLN,MERRILL CITY WARDS 13 & 14,SPRING GENERAL,JUSTICE OF THE SUPREME COURT,NONPARTISAN,SCATTERING,130,1
2001,APRIL,LINCOLN,MERRILL CITY WARDS 15 & 16,SPRING GENERAL,JUSTICE OF THE SUPREME COURT,NONPARTISAN,"DAVID T PROSSER, JR.",82,80
2001,APRIL,LINCOLN,MERRILL CITY WARDS 15 & 16,SPRING GENERAL,JUSTICE OF THE SUPREME COURT,NONPARTISAN,SCATTERING,82,2
2001,APRIL,LINCOLN,TOMAHAWK CITY WARDS 1 - 7,SPRING GENERAL,JUSTICE OF THE SUPREME COURT,NONPARTISAN,"DAVID T PROSSER, JR.",185,185
2001,APRIL,LINCOLN,TOMAHAWK CITY WARDS 1 - 7,SPRING GENERAL,JUSTICE OF THE SUPREME COURT,NONPARTISAN,SCATTERING,185,0
2001,APRIL,MANITOWOC,CATO TOWN WARDS 1 & 2,SPRING GENERAL,JUSTICE OF THE SUPREME COURT,NONPARTISAN,"DAVID T PROSSER, JR.",180,180
2001,APRIL,MANITOWOC,CATO TOWN WARDS 1 & 2,SPRING GENERAL,JUSTICE OF THE SUPREME COURT,NONPARTISAN,SCATTERING,180,0
2001,APRIL,MANITOWOC,CENTERVILLE TOWN WARDS 1 & 2,SPRING GENERAL,JUSTICE OF THE SUPREME COURT,NONPARTISAN,"DAVID T PROSSER, JR.",84,84
2001,APRIL,MANITOWOC,CENTERVILLE TOWN WARDS 1 & 2,SPRING GENERAL,JUSTICE OF THE SUPREME COURT,NONPARTISAN,SCATTERING,84,0
2001,APRIL,MANITOWOC,COOPERSTOWN TOWN WARDS 1 & 2,SPRING GENERAL,JUSTICE OF THE SUPREME COURT,NONPARTISAN,"DAVID T PROSSER, JR.",309,309
2001,APRIL,MANITOWOC,COOPERSTOWN TOWN WARDS 1 & 2,SPRING GENERAL,JUSTICE OF THE SUPREME COURT,NONPARTISAN,SCATTERING,309,0
2001,APRIL,MANITOWOC,EATON TOWN WARD 1,SPRING GENERAL,JUSTICE OF THE SUPREME COURT,NONPARTISAN,"DAVID T PROSSER, JR.",162,162
2001,APRIL,MANITOWOC,EATON TOWN WARD 1,SPRING GENERAL,JUSTICE OF THE SUPREME COURT,NONPARTISAN,SCATTERING,162,0
2001,APRIL,MANITOWOC,FRANKLIN TOWN WARDS 1 - 3,SPRING GENERAL,JUSTICE OF THE SUPREME COURT,NONPARTISAN,"DAVID T PROSSER, JR.",232,232
2001,APRIL,MANITOWOC,FRANKLIN TOWN WARDS 1 - 3,SPRING GENERAL,JUSTICE OF THE SUPREME COURT,NONPARTISAN,SCATTERING,232,0
2001,APRIL,MANITOWOC,GIBSON TOWN WARDS 1 & 2,SPRING GENERAL,JUSTICE OF THE SUPREME COURT,NONPARTISAN,"DAVID T PROSSER, JR.",234,234
2001,APRIL,MANITOWOC,GIBSON TOWN WARDS 1 & 2,SPRING GENERAL,JUSTICE OF THE SUPREME COURT,NONPARTISAN,SCATTERING,234,0
2001,APRIL,MANITOWOC,KOSSUTH TOWN WARDS 1 - 4,SPRING GENERAL,JUSTICE OF THE SUPREME COURT,NONPARTISAN,"DAVID T PROSSER, JR.",429,429
2001,APRIL,MANITOWOC,KOSSUTH TOWN WARDS 1 - 4,SPRING GENERAL,JUSTICE OF THE SUPREME COURT,NONPARTISAN,SCATTERING,429,0
2001,APRIL,MANITOWOC,LIBERTY TOWN WARDS 1 & 2,SPRING GENERAL,JUSTICE OF THE SUPREME COURT,NONPARTISAN,"DAVID T PROSSER, JR.",119,119
2001,APRIL,MANITOWOC,LIBERTY TOWN WARDS 1 & 2,SPRING GENERAL,JUSTICE OF THE SUPREME COURT,NONPARTISAN,SCATTERING,119,0
2001,APRIL,MANITOWOC,MANITOWOC TOWN WARDS 1 & 2,SPRING GENERAL,JUSTICE OF THE SUPREME COURT,NONPARTISAN,"DAVID T PROSSER, JR.",129,129
2001,APRIL,MANITOWOC,MANITOWOC TOWN WARDS 1 & 2,SPRING GENERAL,JUSTICE OF THE SUPREME COURT,NONPARTISAN,SCATTERING,129,0
2001,APRIL,MANITOWOC,MANITOWOC RAPIDS TOWN WARDS 1 - 4,SPRING GENERAL,JUSTICE OF THE SUPREME COURT,NONPARTISAN,"DAVID T PROSSER, JR.",222,222
2001,APRIL,MANITOWOC,MANITOWOC RAPIDS TOWN WARDS 1 - 4,SPRING GENERAL,JUSTICE OF THE SUPREME COURT,NONPARTISAN,SCATTERING,222,0
2001,APRIL,MANITOWOC,MAPLE GROVE TOWN WARD 1,SPRING GENERAL,JUSTICE OF THE SUPREME COURT,NONPARTISAN,"DAVID T PROSSER, JR.",139,139
2001,APRIL,MANITOWOC,MAPLE GROVE TOWN WARD 1,SPRING GENERAL,JUSTICE OF THE SUPREME COURT,NONPARTISAN,SCATTERING,139,0
2001,APRIL,MANITOWOC,MEEME TOWN WARDS 1 - 3,SPRING GENERAL,JUSTICE OF THE SUPREME COURT,NONPARTISAN,"DAVID T PROSSER, JR.",148,148
2001,APRIL,MANITOWOC,MEEME TOWN WARDS 1 - 3,SPRING GENERAL,JUSTICE OF THE SUPREME COURT,NONPARTISAN,SCATTERING,148,0
2001,APRIL,MANITOWOC,MISHICOT TOWN WARDS 1 & 2,SPRING GENERAL,JUSTICE OF THE SUPREME COURT,NONPARTISAN,"DAVID T PROSSER, JR.",131,131
2001,APRIL,MANITOWOC,MISHICOT TOWN WARDS 1 & 2,SPRING GENERAL,JUSTICE OF THE SUPREME COURT,NONPARTISAN,SCATTERING,131,0
2001,APRIL,MANITOWOC,NEWTON TOWN WARDS 1 - 3,SPRING GENERAL,JUSTICE OF THE SUPREME COURT,NONPARTISAN,"DAVID T PROSSER, JR.",164,164
2001,APRIL,MANITOWOC,NEWTON TOWN WARDS 1 - 3,SPRING GENERAL,JUSTICE OF THE SUPREME COURT,NONPARTISAN,SCATTERING,164,0
2001,APRIL,MANITOWOC,ROCKLAND TOWN WARD 1,SPRING GENERAL,JUSTICE OF THE SUPREME COURT,NONPARTISAN,"DAVID T PROSSER, JR.",116,116
2001,APRIL,MANITOWOC,ROCKLAND TOWN WARD 1,SPRING GENERAL,JUSTICE OF THE SUPREME COURT,NONPARTISAN,SCATTERING,116,0
2001,APRIL,MANITOWOC,SCHLESWIG TOWN WARDS 1 - 3,SPRING GENERAL,JUSTICE OF THE SUPREME COURT,NONPARTISAN,"DAVID T PROSSER, JR.",240,240
2001,APRIL,MANITOWOC,SCHLESWIG TOWN WARDS 1 - 3,SPRING GENERAL,JUSTICE OF THE SUPREME COURT,NONPARTISAN,SCATTERING,240,0
2001,APRIL,MANITOWOC,TWO CREEKS TOWN WARD 1,SPRING GENERAL,JUSTICE OF THE SUPREME COURT,NONPARTISAN,"DAVID T PROSSER, JR.",85,85
2001,APRIL,MANITOWOC,TWO CREEKS TOWN WARD 1,SPRING GENERAL,JUSTICE OF THE SUPREME COURT,NONPARTISAN,SCATTERING,85,0
2001,APRIL,MANITOWOC,TWO RIVERS TOWN WARDS 1 - 3,SPRING GENERAL,JUSTICE OF THE SUPREME COURT,NONPARTISAN,"DAVID T PROSSER, JR.",160,160
2001,APRIL,MANITOWOC,TWO RIVERS TOWN WARDS 1 - 3,SPRING GENERAL,JUSTICE OF THE SUPREME COURT,NONPARTISAN,SCATTERING,160,0
2001,APRIL,MANITOWOC,CLEVELAND VILLAGE WARDS 1 & 2,SPRING GENERAL,JUSTICE OF THE SUPREME COURT,NONPARTISAN,"DAVID T PROSSER, JR.",192,192
2001,APRIL,MANITOWOC,CLEVELAND VILLAGE WARDS 1 & 2,SPRING GENERAL,JUSTICE OF THE SUPREME COURT,NONPARTISAN,SCATTERING,192,0
2001,APRIL,MANITOWOC,FRANCIS CREEK VILLAGE WARD 1,SPRING GENERAL,JUSTICE OF THE SUPREME COURT,NONPARTISAN,"DAVID T PROSSER, JR.",63,63
2001,APRIL,MANITOWOC,FRANCIS CREEK VILLAGE WARD 1,SPRING GENERAL,JUSTICE OF THE SUPREME COURT,NONPARTISAN,SCATTERING,63,0
2001,APRIL,MANITOWOC,KELLNERSVILLE VILLAGE WARD 1,SPRING GENERAL,JUSTICE OF THE SUPREME COURT,NONPARTISAN,"DAVID T PROSSER, JR.",70,70
2001,APRIL,MANITOWOC,KELLNERSVILLE VILLAGE WARD 1,SPRING GENERAL,JUSTICE OF THE SUPREME COURT,NONPARTISAN,SCATTERING,70,0
2001,APRIL,MANITOWOC,MARIBEL VILLAGE WARD 1,SPRING GENERAL,JUSTICE OF THE SUPREME COURT,NONPARTISAN,"DAVID T PROSSER, JR.",52,52
2001,APRIL,MANITOWOC,MARIBEL VILLAGE WARD 1,SPRING GENERAL,JUSTICE OF THE SUPREME COURT,NONPARTISAN,SCATTERING,52,0
2001,APRIL,MANITOWOC,MISHICOT VILLAGE WARDS 1 & 2,SPRING GENERAL,JUSTICE OF THE SUPREME COURT,NONPARTISAN,"DAVID T PROSSER, JR.",228,228
2001,APRIL,MANITOWOC,MISHICOT VILLAGE WARDS 1 & 2,SPRING GENERAL,JUSTICE OF THE SUPREME COURT,NONPARTISAN,SCATTERING,228,0
2001,APRIL,MANITOWOC,REEDSVILLE VILLAGE WARDS 1 & 2,SPRING GENERAL,JUSTICE OF THE SUPREME COURT,NONPARTISAN,"DAVID T PROSSER, JR.",295,295
2001,APRIL,MANITOWOC,REEDSVILLE VILLAGE WARDS 1 & 2,SPRING GENERAL,JUSTICE OF THE SUPREME COURT,NONPARTISAN,SCATTERING,295,0
2001,APRIL,MANITOWOC,ST NAZIANZ VILLAGE WARD 1,SPRING GENERAL,JUSTICE OF THE SUPREME COURT,NONPARTISAN,"DAVID T PROSSER, JR.",113,113
2001,APRIL,MANITOWOC,ST NAZIANZ VILLAGE WARD 1,SPRING GENERAL,JUSTICE OF THE SUPREME COURT,NONPARTISAN,SCATTERING,113,0
2001,APRIL,MANITOWOC,VALDERS VILLAGE WARD 1,SPRING GENERAL,JUSTICE OF THE SUPREME COURT,NONPARTISAN,"DAVID T PROSSER, JR.",109,109
2001,APRIL,MANITOWOC,VALDERS VILLAGE WARD 1,SPRING GENERAL,JUSTICE OF THE SUPREME COURT,NONPARTISAN,SCATTERING,109,0
2001,APRIL,MANITOWOC,WHITELAW VILLAGE WARD 1,SPRING GENERAL,JUSTICE OF THE SUPREME COURT,NONPARTISAN,"DAVID T PROSSER, JR.",77,77
2001,APRIL,MANITOWOC,WHITELAW VILLAGE WARD 1,SPRING GENERAL,JUSTICE OF THE SUPREME COURT,NONPARTISAN,SCATTERING,77,0
2001,APRIL,MANITOWOC,KIEL CITY WARDS 1 - 6,SPRING GENERAL,JUSTICE OF THE SUPREME COURT,NONPARTISAN,"DAVID T PROSSER, JR.",307,307
2001,APRIL,MANITOWOC,KIEL CITY WARDS 1 - 6,SPRING GENERAL,JUSTICE OF THE SUPREME COURT,NONPARTISAN,SCATTERING,307,0
2001,APRIL,MANITOWOC,"MANITOWOC CITY WARDS 1, 2, 30 & 49",SPRING GENERAL,JUSTICE OF THE SUPREME COURT,NONPARTISAN,"DAVID T PROSSER, JR.",370,370
2001,APRIL,MANITOWOC,"MANITOWOC CITY WARDS 1, 2, 30 & 49",SPRING GENERAL,JUSTICE OF THE SUPREME COURT,NONPARTISAN,SCATTERING,370,0
2001,APRIL,MANITOWOC,"MANITOWOC CITY WARDS 3, 4, 21, 22 & 27",SPRING GENERAL,JUSTICE OF THE SUPREME COURT,NONPARTISAN,"DAVID T PROSSER, JR.",438,438
2001,APRIL,MANITOWOC,"MANITOWOC CITY WARDS 3, 4, 21, 22 & 27",SPRING GENERAL,JUSTICE OF THE SUPREME COURT,NONPARTISAN,SCATTERING,438,0
2001,APRIL,MANITOWOC,"MANITOWOC CITY WARDS 5, 6, 23, 29, 32 - 34,",SPRING GENERAL,JUSTICE OF THE SUPREME COURT,NONPARTISAN,"DAVID T PROSSER, JR.",358,358
2001,APRIL,MANITOWOC,"MANITOWOC CITY WARDS 5, 6, 23, 29, 32 - 34,",SPRING GENERAL,JUSTICE OF THE SUPREME COURT,NONPARTISAN,SCATTERING,358,0
2001,APRIL,MANITOWOC,MANITOWOC CITY WARDS 7 & 8,SPRING GENERAL,JUSTICE OF THE SUPREME COURT,NONPARTISAN,"DAVID T PROSSER, JR.",429,427
2001,APRIL,MANITOWOC,MANITOWOC CITY WARDS 7 & 8,SPRING GENERAL,JUSTICE OF THE SUPREME COURT,NONPARTISAN,SCATTERING,429,2
2001,APRIL,MANITOWOC,MANITOWOC CITY WARDS 9 & 10,SPRING GENERAL,JUSTICE OF THE SUPREME COURT,NONPARTISAN,"DAVID T PROSSER, JR.",219,218
2001,APRIL,MANITOWOC,MANITOWOC CITY WARDS 9 & 10,SPRING GENERAL,JUSTICE OF THE SUPREME COURT,NONPARTISAN,SCATTERING,219,1
2001,APRIL,MANITOWOC,MANITOWOC CITY WARDS 11 & 12,SPRING GENERAL,JUSTICE OF THE SUPREME COURT,NONPARTISAN,"DAVID T PROSSER, JR.",253,249
2001,APRIL,MANITOWOC,MANITOWOC CITY WARDS 11 & 12,SPRING GENERAL,JUSTICE OF THE SUPREME COURT,NONPARTISAN,SCATTERING,253,4
2001,APRIL,MANITOWOC,MANITOWOC CITY WARDS 13 & 14,SPRING GENERAL,JUSTICE OF THE SUPREME COURT,NONPARTISAN,"DAVID T PROSSER, JR.",469,466
2001,APRIL,MANITOWOC,MANITOWOC CITY WARDS 13 & 14,SPRING GENERAL,JUSTICE OF THE SUPREME COURT,NONPARTISAN,SCATTERING,469,3
2001,APRIL,MANITOWOC,"MANITOWOC CITY WARDS 15, 16, 43 & 44",SPRING GENERAL,JUSTICE OF THE SUPREME COURT,NONPARTISAN,"DAVID T PROSSER, JR.",397,397
2001,APRIL,MANITOWOC,"MANITOWOC CITY WARDS 15, 16, 43 & 44",SPRING GENERAL,JUSTICE OF THE SUPREME COURT,NONPARTISAN,SCATTERING,397,0
2001,APRIL,MANITOWOC,"MANITOWOC CITY WARDS 17, 18, 36 & 45",SPRING GENERAL,JUSTICE OF THE SUPREME COURT,NONPARTISAN,"DAVID T PROSSER, JR.",658,653
2001,APRIL,MANITOWOC,"MANITOWOC CITY WARDS 17, 18, 36 & 45",SPRING GENERAL,JUSTICE OF THE SUPREME COURT,NONPARTISAN,SCATTERING,658,5
2001,APRIL,MANITOWOC,"MANITOWOC CITY WARDS 19, 20, 24 - 26, 28, 31,",SPRING GENERAL,JUSTICE OF THE SUPREME COURT,NONPARTISAN,"DAVID T PROSSER, JR.",741,740
2001,APRIL,MANITOWOC,"MANITOWOC CITY WARDS 19, 20, 24 - 26, 28, 31,",SPRING GENERAL,JUSTICE OF THE SUPREME COURT,NONPARTISAN,SCATTERING,741,1
2001,APRIL,MANITOWOC,"TWO RIVERS CITY WARDS 1, 2, 23, 29 & 31",SPRING GENERAL,JUSTICE OF THE SUPREME COURT,NONPARTISAN,"DAVID T PROSSER, JR.",268,267
2001,APRIL,MANITOWOC,"TWO RIVERS CITY WARDS 1, 2, 23, 29 & 31",SPRING GENERAL,JUSTICE OF THE SUPREME COURT,NONPARTISAN,SCATTERING,268,1
2001,APRIL,MANITOWOC,TWO RIVERS CITY WARDS 3 & 4,SPRING GENERAL,JUSTICE OF THE SUPREME COURT,NONPARTISAN,"DAVID T PROSSER, JR.",53,53
2001,APRIL,MANITOWOC,TWO RIVERS CITY WARDS 3 & 4,SPRING GENERAL,JUSTICE OF THE SUPREME COURT,NONPARTISAN,SCATTERING,53,0
2001,APRIL,MANITOWOC,"TWO RIVERS CITY WARDS 5, 6, 12 - 15, 18, 20, 21,",SPRING GENERAL,JUSTICE OF THE SUPREME COURT,NONPARTISAN,"DAVID T PROSSER, JR.",446,446
2001,APRIL,MANITOWOC,"TWO RIVERS CITY WARDS 5, 6, 12 - 15, 18, 20, 21,",SPRING GENERAL,JUSTICE OF THE SUPREME COURT,NONPARTISAN,SCATTERING,446,0
2001,APRIL,MANITOWOC,TWO RIVERS CITY WARDS 7 & 8,SPRING GENERAL,JUSTICE OF THE SUPREME COURT,NONPARTISAN,"DAVID T PROSSER, JR.",342,342
2001,APRIL,MANITOWOC,TWO RIVERS CITY WARDS 7 & 8,SPRING GENERAL,JUSTICE OF THE SUPREME COURT,NONPARTISAN,SCATTERING,342,0
2001,APRIL,MANITOWOC,"TWO RIVERS CITY WARDS 9 - 11, 16, 17, 19, 22,",SPRING GENERAL,JUSTICE OF THE SUPREME COURT,NONPARTISAN,"DAVID T PROSSER, JR.",225,224
2001,APRIL,MANITOWOC,"TWO RIVERS CITY WARDS 9 - 11, 16, 17, 19, 22,",SPRING GENERAL,JUSTICE OF THE SUPREME COURT,NONPARTISAN,SCATTERING,225,1
2001,APRIL,MARATHON,BERGEN TOWN WARD 1,SPRING GENERAL,JUSTICE OF THE SUPREME COURT,NONPARTISAN,"DAVID T PROSSER, JR.",184,184
2001,APRIL,MARATHON,BERGEN TOWN WARD 1,SPRING GENERAL,JUSTICE OF THE SUPREME COURT,NONPARTISAN,SCATTERING,184,0
2001,APRIL,MARATHON,BERLIN TOWN WARDS 1 & 2,SPRING GENERAL,JUSTICE OF THE SUPREME COURT,NONPARTISAN,"DAVID T PROSSER, JR.",47,47
2001,APRIL,MARATHON,BERLIN TOWN WARDS 1 & 2,SPRING GENERAL,JUSTICE OF THE SUPREME COURT,NONPARTISAN,SCATTERING,47,0
2001,APRIL,MARATHON,BERN TOWN WARD 1,SPRING GENERAL,JUSTICE OF THE SUPREME COURT,NONPARTISAN,"DAVID T PROSSER, JR.",40,40
2001,APRIL,MARATHON,BERN TOWN WARD 1,SPRING GENERAL,JUSTICE OF THE SUPREME COURT,NONPARTISAN,SCATTERING,40,0
2001,APRIL,MARATHON,BEVENT TOWN WARD 1,SPRING GENERAL,JUSTICE OF THE SUPREME COURT,NONPARTISAN,"DAVID T PROSSER, JR.",49,49
2001,APRIL,MARATHON,BEVENT TOWN WARD 1,SPRING GENERAL,JUSTICE OF THE SUPREME COURT,NONPARTISAN,SCATTERING,49,0
2001,APRIL,MARATHON,BRIGHTON TOWN WARD 1,SPRING GENERAL,JUSTICE OF THE SUPREME COURT,NONPARTISAN,"DAVID T PROSSER, JR.",35,35
2001,APRIL,MARATHON,BRIGHTON TOWN WARD 1,SPRING GENERAL,JUSTICE OF THE SUPREME COURT,NONPARTISAN,SCATTERING,35,0
2001,APRIL,MARATHON,CASSEL TOWN WARD 1,SPRING GENERAL,JUSTICE OF THE SUPREME COURT,NONPARTISAN,"DAVID T PROSSER, JR.",123,123
2001,APRIL,MARATHON,CASSEL TOWN WARD 1,SPRING GENERAL,JUSTICE OF THE SUPREME COURT,NONPARTISAN,SCATTERING,123,0
2001,APRIL,MARATHON,CLEVELAND TOWN WARD 1,SPRING GENERAL,JUSTICE OF THE SUPREME COURT,NONPARTISAN,"DAVID T PROSSER, JR.",204,204
2001,APRIL,MARATHON,CLEVELAND TOWN WARD 1,SPRING GENERAL,JUSTICE OF THE SUPREME COURT,NONPARTISAN,SCATTERING,204,0
2001,APRIL,MARATHON,DAY TOWN WARDS 1 & 2,SPRING GENERAL,JUSTICE OF THE SUPREME COURT,NONPARTISAN,"DAVID T PROSSER, JR.",131,131
2001,APRIL,MARATHON,DAY TOWN WARDS 1 & 2,SPRING GENERAL,JUSTICE OF THE SUPREME COURT,NONPARTISAN,SCATTERING,131,0
2001,APRIL,MARATHON,EASTON TOWN WARDS 1 & 2,SPRING GENERAL,JUSTICE OF THE SUPREME COURT,NONPARTISAN,"DAVID T PROSSER, JR.",54,54
2001,APRIL,MARATHON,EASTON TOWN WARDS 1 & 2,SPRING GENERAL,JUSTICE OF THE SUPREME COURT,NONPARTISAN,SCATTERING,54,0
2001,APRIL,MARATHON,EAU PLEINE TOWN WARD 1,SPRING GENERAL,JUSTICE OF THE SUPREME COURT,NONPARTISAN,"DAVID T PROSSER, JR.",100,100
2001,APRIL,MARATHON,EAU PLEINE TOWN WARD 1,SPRING GENERAL,JUSTICE OF THE SUPREME COURT,NONPARTISAN,SCATTERING,100,0
2001,APRIL,MARATHON,ELDERON TOWN WARD 1,SPRING GENERAL,JUSTICE OF THE SUPREME COURT,NONPARTISAN,"DAVID T PROSSER, JR.",43,43
2001,APRIL,MARATHON,ELDERON TOWN WARD 1,SPRING GENERAL,JUSTICE OF THE SUPREME COURT,NONPARTISAN,SCATTERING,43,0
2001,APRIL,MARATHON,EMMET TOWN WARD 1,SPRING GENERAL,JUSTICE OF THE SUPREME COURT,NONPARTISAN,"DAVID T PROSSER, JR.",234,233
2001,APRIL,MARATHON,EMMET TOWN WARD 1,SPRING GENERAL,JUSTICE OF THE SUPREME COURT,NONPARTISAN,SCATTERING,234,1
2001,APRIL,MARATHON,FRANKFORT TOWN WARD 1,SPRING GENERAL,JUSTICE OF THE SUPREME COURT,NONPARTISAN,"DAVID T PROSSER, JR.",92,92
2001,APRIL,MARATHON,FRANKFORT TOWN WARD 1,SPRING GENERAL,JUSTICE OF THE SUPREME COURT,NONPARTISAN,SCATTERING,92,0
2001,APRIL,MARATHON,FRANZEN TOWN WARD 1,SPRING GENERAL,JUSTICE OF THE SUPREME COURT,NONPARTISAN,"DAVID T PROSSER, JR.",43,43
2001,APRIL,MARATHON,FRANZEN TOWN WARD 1,SPRING GENERAL,JUSTICE OF THE SUPREME COURT,NONPARTISAN,SCATTERING,43,0
2001,APRIL,MARATHON,GREEN VALLEY TOWN WARD 1,SPRING GENERAL,JUSTICE OF THE SUPREME COURT,NONPARTISAN,"DAVID T PROSSER, JR.",52,52
2001,APRIL,MARATHON,GREEN VALLEY TOWN WARD 1,SPRING GENERAL,JUSTICE OF THE SUPREME COURT,NONPARTISAN,SCATTERING,52,0
2001,APRIL,MARATHON,GUENTHER TOWN WARD 1,SPRING GENERAL,JUSTICE OF THE SUPREME COURT,NONPARTISAN,"DAVID T PROSSER, JR.",50,50
2001,APRIL,MARATHON,GUENTHER TOWN WARD 1,SPRING GENERAL,JUSTICE OF THE SUPREME COURT,NONPARTISAN,SCATTERING,50,0
2001,APRIL,MARATHON,HALSEY TOWN WARD 1,SPRING GENERAL,JUSTICE OF THE SUPREME COURT,NONPARTISAN,"DAVID T PROSSER, JR.",49,49
2001,APRIL,MARATHON,HALSEY TOWN WARD 1,SPRING GENERAL,JUSTICE OF THE SUPREME COURT,NONPARTISAN,SCATTERING,49,0
2001,APRIL,MARATHON,HAMBURG TOWN WARD 1,SPRING GENERAL,JUSTICE OF THE SUPREME COURT,NONPARTISAN,"DAVID T PROSSER, JR.",57,57
2001,APRIL,MARATHON,HAMBURG TOWN WARD 1,SPRING GENERAL,JUSTICE OF THE SUPREME COURT,NONPARTISAN,SCATTERING,57,0
2001,APRIL,MARATHON,HARRISON TOWN WARD 1,SPRING GENERAL,JUSTICE OF THE SUPREME COURT,NONPARTISAN,"DAVID T PROSSER, JR.",29,29
2001,APRIL,MARATHON,HARRISON TOWN WARD 1,SPRING GENERAL,JUSTICE OF THE SUPREME COURT,NONPARTISAN,SCATTERING,29,0
2001,APRIL,MARATHON,HEWITT TOWN WARD 1,SPRING GENERAL,JUSTICE OF THE SUPREME COURT,NONPARTISAN,"DAVID T PROSSER, JR.",116,116
2001,APRIL,MARATHON,HEWITT TOWN WARD 1,SPRING GENERAL,JUSTICE OF THE SUPREME COURT,NONPARTISAN,SCATTERING,116,0
2001,APRIL,MARATHON,HOLTON TOWN WARDS 1 & 2,SPRING GENERAL,JUSTICE OF THE SUPREME COURT,NONPARTISAN,"DAVID T PROSSER, JR.",90,90
2001,APRIL,MARATHON,HOLTON TOWN WARDS 1 & 2,SPRING GENERAL,JUSTICE OF THE SUPREME COURT,NONPARTISAN,SCATTERING,90,0
2001,APRIL,MARATHON,HULL TOWN WARD 1,SPRING GENERAL,JUSTICE OF THE SUPREME COURT,NONPARTISAN,"DAVID T PROSSER, JR.",72,72
2001,APRIL,MARATHON,HULL TOWN WARD 1,SPRING GENERAL,JUSTICE OF THE SUPREME COURT,NONPARTISAN,SCATTERING,72,0
2001,APRIL,MARATHON,JOHNSON TOWN WARD 1,SPRING GENERAL,JUSTICE OF THE SUPREME COURT,NONPARTISAN,"DAVID T PROSSER, JR.",163,163
2001,APRIL,MARATHON,JOHNSON TOWN WARD 1,SPRING GENERAL,JUSTICE OF THE SUPREME COURT,NONPARTISAN,SCATTERING,163,0
2001,APRIL,MARATHON,KNOWLTON TOWN WARDS 1 - 3,SPRING GENERAL,JUSTICE OF THE SUPREME COURT,NONPARTISAN,"DAVID T PROSSER, JR.",159,159
2001,APRIL,MARATHON,KNOWLTON TOWN WARDS 1 - 3,SPRING GENERAL,JUSTICE OF THE SUPREME COURT,NONPARTISAN,SCATTERING,159,0
2001,APRIL,MARATHON,KRONENWETTER TOWN WARDS 1 - 3,SPRING GENERAL,JUSTICE OF THE SUPREME COURT,NONPARTISAN,"DAVID T PROSSER, JR.",91,91
2001,APRIL,MARATHON,KRONENWETTER TOWN WARDS 1 - 3,SPRING GENERAL,JUSTICE OF THE SUPREME COURT,NONPARTISAN,SCATTERING,91,0
2001,APRIL,MARATHON,KRONENWETTER TOWN WARDS 4 - 8,SPRING GENERAL,JUSTICE OF THE SUPREME COURT,NONPARTISAN,"DAVID T PROSSER, JR.",163,162
2001,APRIL,MARATHON,KRONENWETTER TOWN WARDS 4 - 8,SPRING GENERAL,JUSTICE OF THE SUPREME COURT,NONPARTISAN,SCATTERING,163,1
2001,APRIL,MARATHON,MAINE TOWN WARDS 1 - 4,SPRING GENERAL,JUSTICE OF THE SUPREME COURT,NONPARTISAN,"DAVID T PROSSER, JR.",141,141
2001,APRIL,MARATHON,MAINE TOWN WARDS 1 - 4,SPRING GENERAL,JUSTICE OF THE SUPREME COURT,NONPARTISAN,SCATTERING,141,0
2001,APRIL,MARATHON,MARATHON TOWN WARDS 1 & 2,SPRING GENERAL,JUSTICE OF THE SUPREME COURT,NONPARTISAN,"DAVID T PROSSER, JR.",64,64
2001,APRIL,MARATHON,MARATHON TOWN WARDS 1 & 2,SPRING GENERAL,JUSTICE OF THE SUPREME COURT,NONPARTISAN,SCATTERING,64,0
2001,APRIL,MARATHON,MCMILLAN TOWN WARDS 1 & 2,SPRING GENERAL,JUSTICE OF THE SUPREME COURT,NONPARTISAN,"DAVID T PROSSER, JR.",129,129
2001,APRIL,MARATHON,MCMILLAN TOWN WARDS 1 & 2,SPRING GENERAL,JUSTICE OF THE SUPREME COURT,NONPARTISAN,SCATTERING,129,0
2001,APRIL,MARATHON,MOSINEE TOWN WARDS 1 - 3,SPRING GENERAL,JUSTICE OF THE SUPREME COURT,NONPARTISAN,"DAVID T PROSSER, JR.",137,137
2001,APRIL,MARATHON,MOSINEE TOWN WARDS 1 - 3,SPRING GENERAL,JUSTICE OF THE SUPREME COURT,NONPARTISAN,SCATTERING,137,0
2001,APRIL,MARATHON,NORRIE TOWN WARD 1,SPRING GENERAL,JUSTICE OF THE SUPREME COURT,NONPARTISAN,"DAVID T PROSSER, JR.",67,67
2001,APRIL,MARATHON,NORRIE TOWN WARD 1,SPRING GENERAL,JUSTICE OF THE SUPREME COURT,NONPARTISAN,SCATTERING,67,0
2001,APRIL,MARATHON,PLOVER TOWN WARD 1,SPRING GENERAL,JUSTICE OF THE SUPREME COURT,NONPARTISAN,"DAVID T PROSSER, JR.",53,53
2001,APRIL,MARATHON,PLOVER TOWN WARD 1,SPRING GENERAL,JUSTICE OF THE SUPREME COURT,NONPARTISAN,SCATTERING,53,0
2001,APRIL,MARATHON,REID TOWN WARD 1,SPRING GENERAL,JUSTICE OF THE SUPREME COURT,NONPARTISAN,"DAVID T PROSSER, JR.",86,86
2001,APRIL,MARATHON,REID TOWN WARD 1,SPRING GENERAL,JUSTICE OF THE SUPREME COURT,NONPARTISAN,SCATTERING,86,0
2001,APRIL,MARATHON,RIB FALLS TOWN WARDS 1 - 4,SPRING GENERAL,JUSTICE OF THE SUPREME COURT,NONPARTISAN,"DAVID T PROSSER, JR.",101,101
2001,APRIL,MARATHON,RIB FALLS TOWN WARDS 1 - 4,SPRING GENERAL,JUSTICE OF THE SUPREME COURT,NONPARTISAN,SCATTERING,101,0
2001,APRIL,MARATHON,RIB MOUNTAIN TOWN WARDS 1 - 4 & 8,SPRING GENERAL,JUSTICE OF THE SUPREME COURT,NONPARTISAN,"DAVID T PROSSER, JR.",265,265
2001,APRIL,MARATHON,RIB MOUNTAIN TOWN WARDS 1 - 4 & 8,SPRING GENERAL,JUSTICE OF THE SUPREME COURT,NONPARTISAN,SCATTERING,265,0
2001,APRIL,MARATHON,RIB MOUNTAIN TOWN WARDS 5 - 7,SPRING GENERAL,JUSTICE OF THE SUPREME COURT,NONPARTISAN,"DAVID T PROSSER, JR.",169,168
2001,APRIL,MARATHON,RIB MOUNTAIN TOWN WARDS 5 - 7,SPRING GENERAL,JUSTICE OF THE SUPREME COURT,NONPARTISAN,SCATTERING,169,1
2001,APRIL,MARATHON,RIETBROCK TOWN WARD 1,SPRING GENERAL,JUSTICE OF THE SUPREME COURT,NONPARTISAN,"DAVID T PROSSER, JR.",115,115
2001,APRIL,MARATHON,RIETBROCK TOWN WARD 1,SPRING GENERAL,JUSTICE OF THE SUPREME COURT,NONPARTISAN,SCATTERING,115,0
2001,APRIL,MARATHON,RINGLE TOWN WARDS 1 & 2,SPRING GENERAL,JUSTICE OF THE SUPREME COURT,NONPARTISAN,"DAVID T PROSSER, JR.",165,165
2001,APRIL,MARATHON,RINGLE TOWN WARDS 1 & 2,SPRING GENERAL,JUSTICE OF THE SUPREME COURT,NONPARTISAN,SCATTERING,165,0
2001,APRIL,MARATHON,SPENCER TOWN WARDS 1 & 2,SPRING GENERAL,JUSTICE OF THE SUPREME COURT,NONPARTISAN,"DAVID T PROSSER, JR.",186,185
2001,APRIL,MARATHON,SPENCER TOWN WARDS 1 & 2,SPRING GENERAL,JUSTICE OF THE SUPREME COURT,NONPARTISAN,SCATTERING,186,1
2001,APRIL,MARATHON,STETTIN TOWN WARDS 1 & 2,SPRING GENERAL,JUSTICE OF THE SUPREME COURT,NONPARTISAN,"DAVID T PROSSER, JR.",135,135
2001,APRIL,MARATHON,STETTIN TOWN WARDS 1 & 2,SPRING GENERAL,JUSTICE OF THE SUPREME COURT,NONPARTISAN,SCATTERING,135,0
2001,APRIL,MARATHON,STETTIN TOWN WARD 3,SPRING GENERAL,JUSTICE OF THE SUPREME COURT,NONPARTISAN,"DAVID T PROSSER, JR.",62,62
2001,APRIL,MARATHON,STETTIN TOWN WARD 3,SPRING GENERAL,JUSTICE OF THE SUPREME COURT,NONPARTISAN,SCATTERING,62,0
2001,APRIL,MARATHON,TEXAS TOWN WARDS 1 & 2,SPRING GENERAL,JUSTICE OF THE SUPREME COURT,NONPARTISAN,"DAVID T PROSSER, JR.",299,299
2001,APRIL,MARATHON,TEXAS TOWN WARDS 1 & 2,SPRING GENERAL,JUSTICE OF THE SUPREME COURT,NONPARTISAN,SCATTERING,299,0
2001,APRIL,MARATHON,WAUSAU TOWN WARDS 1 - 3,SPRING GENERAL,JUSTICE OF THE SUPREME COURT,NONPARTISAN,"DAVID T PROSSER, JR.",322,322
2001,APRIL,MARATHON,WAUSAU TOWN WARDS 1 - 3,SPRING GENERAL,JUSTICE OF THE SUPREME COURT,NONPARTISAN,SCATTERING,322,0
2001,APRIL,MARATHON,WESTON TOWN WARD 2,SPRING GENERAL,JUSTICE OF THE SUPREME COURT,NONPARTISAN,"DAVID T PROSSER, JR.",63,63
2001,APRIL,MARATHON,WESTON TOWN WARD 2,SPRING GENERAL,JUSTICE OF THE SUPREME COURT,NONPARTISAN,SCATTERING,63,0
2001,APRIL,MARATHON,WIEN TOWN WARD 1,SPRING GENERAL,JUSTICE OF THE SUPREME COURT,NONPARTISAN,"DAVID T PROSSER, JR.",210,210
2001,APRIL,MARATHON,WIEN TOWN WARD 1,SPRING GENERAL,JUSTICE OF THE SUPREME COURT,NONPARTISAN,SCATTERING,210,0
2001,APRIL,MARATHON,ATHENS VILLAGE WARD 1,SPRING GENERAL,JUSTICE OF THE SUPREME COURT,NONPARTISAN,"DAVID T PROSSER, JR.",305,305
2001,APRIL,MARATHON,ATHENS VILLAGE WARD 1,SPRING GENERAL,JUSTICE OF THE SUPREME COURT,NONPARTISAN,SCATTERING,305,0
2001,APRIL,MARATHON,BIRNAMWOOD VILLAGE WARD 2,SPRING GENERAL,JUSTICE OF THE SUPREME COURT,NONPARTISAN,"DAVID T PROSSER, JR.",4,4
2001,APRIL,MARATHON,BIRNAMWOOD VILLAGE WARD 2,SPRING GENERAL,JUSTICE OF THE SUPREME COURT,NONPARTISAN,SCATTERING,4,0
2001,APRIL,MARATHON,BROKAW VILLAGE WARD 1,SPRING GENERAL,JUSTICE OF THE SUPREME COURT,NONPARTISAN,"DAVID T PROSSER, JR.",28,28
2001,APRIL,MARATHON,BROKAW VILLAGE WARD 1,SPRING GENERAL,JUSTICE OF THE SUPREME COURT,NONPARTISAN,SCATTERING,28,0
2001,APRIL,MARATHON,DORCHESTER VILLAGE WARD 2,SPRING GENERAL,JUSTICE OF THE SUPREME COURT,NONPARTISAN,"DAVID T PROSSER, JR.",0,0
2001,APRIL,MARATHON,DORCHESTER VILLAGE WARD 2,SPRING GENERAL,JUSTICE OF THE SUPREME COURT,NONPARTISAN,SCATTERING,0,0
2001,APRIL,MARATHON,EDGAR VILLAGE WARDS 1 & 2,SPRING GENERAL,JUSTICE OF THE SUPREME COURT,NONPARTISAN,"DAVID T PROSSER, JR.",458,458
2001,APRIL,MARATHON,EDGAR VILLAGE WARDS 1 & 2,SPRING GENERAL,JUSTICE OF THE SUPREME COURT,NONPARTISAN,SCATTERING,458,0
2001,APRIL,MARATHON,ELDERON VILLAGE WARD 1,SPRING GENERAL,JUSTICE OF THE SUPREME COURT,NONPARTISAN,"DAVID T PROSSER, JR.",21,21
2001,APRIL,MARATHON,ELDERON VILLAGE WARD 1,SPRING GENERAL,JUSTICE OF THE SUPREME COURT,NONPARTISAN,SCATTERING,21,0
2001,APRIL,MARATHON,FENWOOD VILLAGE WARD 1,SPRING GENERAL,JUSTICE OF THE SUPREME COURT,NONPARTISAN,"DAVID T PROSSER, JR.",57,57
2001,APRIL,MARATHON,FENWOOD VILLAGE WARD 1,SPRING GENERAL,JUSTICE OF THE SUPREME COURT,NONPARTISAN,SCATTERING,57,0
2001,APRIL,MARATHON,HATLEY VILLAGE WARD 1,SPRING GENERAL,JUSTICE OF THE SUPREME COURT,NONPARTISAN,"DAVID T PROSSER, JR.",34,34
2001,APRIL,MARATHON,HATLEY VILLAGE WARD 1,SPRING GENERAL,JUSTICE OF THE SUPREME COURT,NONPARTISAN,SCATTERING,34,0
2001,APRIL,MARATHON,MARATHON CITY VILLAGE WARDS 1 - 3,SPRING GENERAL,JUSTICE OF THE SUPREME COURT,NONPARTISAN,"DAVID T PROSSER, JR.",177,177
2001,APRIL,MARATHON,MARATHON CITY VILLAGE WARDS 1 - 3,SPRING GENERAL,JUSTICE OF THE SUPREME COURT,NONPARTISAN,SCATTERING,177,0
2001,APRIL,MARATHON,ROTHSCHILD VILLAGE WARDS 1 & 2,SPRING GENERAL,JUSTICE OF THE SUPREME COURT,NONPARTISAN,"DAVID T PROSSER, JR.",93,93
2001,APRIL,MARATHON,ROTHSCHILD VILLAGE WARDS 1 & 2,SPRING GENERAL,JUSTICE OF THE SUPREME COURT,NONPARTISAN,SCATTERING,93,0
2001,APRIL,MARATHON,ROTHSCHILD VILLAGE WARDS 3 & 4,SPRING GENERAL,JUSTICE OF THE SUPREME COURT,NONPARTISAN,"DAVID T PROSSER, JR.",107,107
2001,APRIL,MARATHON,ROTHSCHILD VILLAGE WARDS 3 & 4,SPRING GENERAL,JUSTICE OF THE SUPREME COURT,NONPARTISAN,SCATTERING,107,0
2001,APRIL,MARATHON,ROTHSCHILD VILLAGE WARDS 5 & 6,SPRING GENERAL,JUSTICE OF THE SUPREME COURT,NONPARTISAN,"DAVID T PROSSER, JR.",78,78
2001,APRIL,MARATHON,ROTHSCHILD VILLAGE WARDS 5 & 6,SPRING GENERAL,JUSTICE OF THE SUPREME COURT,NONPARTISAN,SCATTERING,78,0
2001,APRIL,MARATHON,ROTHSCHILD VILLAGE WARDS 7 & 8,SPRING GENERAL,JUSTICE OF THE SUPREME COURT,NONPARTISAN,"DAVID T PROSSER, JR.",72,72
2001,APRIL,MARATHON,ROTHSCHILD VILLAGE WARDS 7 & 8,SPRING GENERAL,JUSTICE OF THE SUPREME COURT,NONPARTISAN,SCATTERING,72,0
2001,APRIL,MARATHON,SPENCER VILLAGE WARDS 1 - 4,SPRING GENERAL,JUSTICE OF THE SUPREME COURT,NONPARTISAN,"DAVID T PROSSER, JR.",148,148
2001,APRIL,MARATHON,SPENCER VILLAGE WARDS 1 - 4,SPRING GENERAL,JUSTICE OF THE SUPREME COURT,NONPARTISAN,SCATTERING,148,0
2001,APRIL,MARATHON,STRATFORD VILLAGE WARDS 1 & 2,SPRING GENERAL,JUSTICE OF THE SUPREME COURT,NONPARTISAN,"DAVID T PROSSER, JR.",173,173
2001,APRIL,MARATHON,STRATFORD VILLAGE WARDS 1 & 2,SPRING GENERAL,JUSTICE OF THE SUPREME COURT,NONPARTISAN,SCATTERING,173,0
2001,APRIL,MARATHON,UNITY VILLAGE WARD 1,SPRING GENERAL,JUSTICE OF THE SUPREME COURT,NONPARTISAN,"DAVID T PROSSER, JR.",28,28
2001,APRIL,MARATHON,UNITY VILLAGE WARD 1,SPRING GENERAL,JUSTICE OF THE SUPREME COURT,NONPARTISAN,SCATTERING,28,0
2001,APRIL,MARATHON,WESTON VILLAGE WARDS 1 & 2,SPRING GENERAL,JUSTICE OF THE SUPREME COURT,NONPARTISAN,"DAVID T PROSSER, JR.",164,164
2001,APRIL,MARATHON,WESTON VILLAGE WARDS 1 & 2,SPRING GENERAL,JUSTICE OF THE SUPREME COURT,NONPARTISAN,SCATTERING,164,0
2001,APRIL,MARATHON,WESTON VILLAGE WARDS 3 & 6,SPRING GENERAL,JUSTICE OF THE SUPREME COURT,NONPARTISAN,"DAVID T PROSSER, JR.",179,178
2001,APRIL,MARATHON,WESTON VILLAGE WARDS 3 & 6,SPRING GENERAL,JUSTICE OF THE SUPREME COURT,NONPARTISAN,SCATTERING,179,1
2001,APRIL,MARATHON,WESTON VILLAGE WARDS 4 & 5,SPRING GENERAL,JUSTICE OF THE SUPREME COURT,NONPARTISAN,"DAVID T PROSSER, JR.",133,133
2001,APRIL,MARATHON,WESTON VILLAGE WARDS 4 & 5,SPRING GENERAL,JUSTICE OF THE SUPREME COURT,NONPARTISAN,SCATTERING,133,0
2001,APRIL,MARATHON,WESTON VILLAGE WARDS 7 & 8,SPRING GENERAL,JUSTICE OF THE SUPREME COURT,NONPARTISAN,"DAVID T PROSSER, JR.",165,165
2001,APRIL,MARATHON,WESTON VILLAGE WARDS 7 & 8,SPRING GENERAL,JUSTICE OF THE SUPREME COURT,NONPARTISAN,SCATTERING,165,0
2001,APRIL,MARATHON,WESTON VILLAGE WARDS 9 & 10,SPRING GENERAL,JUSTICE OF THE SUPREME COURT,NONPARTISAN,"DAVID T PROSSER, JR.",92,92
2001,APRIL,MARATHON,WESTON VILLAGE WARDS 9 & 10,SPRING GENERAL,JUSTICE OF THE SUPREME COURT,NONPARTISAN,SCATTERING,92,0
2001,APRIL,MARATHON,ABBOTSFORD CITY WARD 1,SPRING GENERAL,JUSTICE OF THE SUPREME COURT,NONPARTISAN,"DAVID T PROSSER, JR.",89,89
2001,APRIL,MARATHON,ABBOTSFORD CITY WARD 1,SPRING GENERAL,JUSTICE OF THE SUPREME COURT,NONPARTISAN,SCATTERING,89,0
2001,APRIL,MARATHON,COLBY CITY WARD 1,SPRING GENERAL,JUSTICE OF THE SUPREME COURT,NONPARTISAN,"DAVID T PROSSER, JR.",58,58
2001,APRIL,MARATHON,COLBY CITY WARD 1,SPRING GENERAL,JUSTICE OF THE SUPREME COURT,NONPARTISAN,SCATTERING,58,0
2001,APRIL,MARATHON,"MARSHFIELD CITY WARDS 21, 22 & 24",SPRING GENERAL,JUSTICE OF THE SUPREME COURT,NONPARTISAN,"DAVID T PROSSER, JR.",55,55
2001,APRIL,MARATHON,"MARSHFIELD CITY WARDS 21, 22 & 24",SPRING GENERAL,JUSTICE OF THE SUPREME COURT,NONPARTISAN,SCATTERING,55,0
2001,APRIL,MARATHON,"MOSINEE CITY WARDS 1, 2 & 6",SPRING GENERAL,JUSTICE OF THE SUPREME COURT,NONPARTISAN,"DAVID T PROSSER, JR.",367,367
2001,APRIL,MARATHON,"MOSINEE CITY WARDS 1, 2 & 6",SPRING GENERAL,JUSTICE OF THE SUPREME COURT,NONPARTISAN,SCATTERING,367,0
2001,APRIL,MARATHON,MOSINEE CITY WARDS 3 - 5,SPRING GENERAL,JUSTICE OF THE SUPREME COURT,NONPARTISAN,"DAVID T PROSSER, JR.",512,512
2001,APRIL,MARATHON,MOSINEE CITY WARDS 3 - 5,SPRING GENERAL,JUSTICE OF THE SUPREME COURT,NONPARTISAN,SCATTERING,512,0
2001,APRIL,MARATHON,SCHOFIELD CITY WARDS 1 - 4,SPRING GENERAL,JUSTICE OF THE SUPREME COURT,NONPARTISAN,"DAVID T PROSSER, JR.",181,181
2001,APRIL,MARATHON,SCHOFIELD CITY WARDS 1 - 4,SPRING GENERAL,JUSTICE OF THE SUPREME COURT,NONPARTISAN,SCATTERING,181,0
2001,APRIL,MARATHON,WAUSAU CITY WARD 1,SPRING GENERAL,JUSTICE OF THE SUPREME COURT,NONPARTISAN,"DAVID T PROSSER, JR.",142,142
2001,APRIL,MARATHON,WAUSAU CITY WARD 1,SPRING GENERAL,JUSTICE OF THE SUPREME COURT,NONPARTISAN,SCATTERING,142,0
2001,APRIL,MARATHON,WAUSAU CITY WARD 2,SPRING GENERAL,JUSTICE OF THE SUPREME COURT,NONPARTISAN,"DAVID T PROSSER, JR.",148,148
2001,APRIL,MARATHON,WAUSAU CITY WARD 2,SPRING GENERAL,JUSTICE OF THE SUPREME COURT,NONPARTISAN,SCATTERING,148,0
2001,APRIL,MARATHON,WAUSAU CITY WARD 3,SPRING GENERAL,JUSTICE OF THE SUPREME COURT,NONPARTISAN,"DAVID T PROSSER, JR.",104,98
2001,APRIL,MARATHON,WAUSAU CITY WARD 3,SPRING GENERAL,JUSTICE OF THE SUPREME COURT,NONPARTISAN,SCATTERING,104,6
2001,APRIL,MARATHON,WAUSAU CITY WARD 4,SPRING GENERAL,JUSTICE OF THE SUPREME COURT,NONPARTISAN,"DAVID T PROSSER, JR.",90,90
2001,APRIL,MARATHON,WAUSAU CITY WARD 4,SPRING GENERAL,JUSTICE OF THE SUPREME COURT,NONPARTISAN,SCATTERING,90,0
2001,APRIL,MARATHON,WAUSAU CITY WARD 5,SPRING GENERAL,JUSTICE OF THE SUPREME COURT,NONPARTISAN,"DAVID T PROSSER, JR.",54,54
2001,APRIL,MARATHON,WAUSAU CITY WARD 5,SPRING GENERAL,JUSTICE OF THE SUPREME COURT,NONPARTISAN,SCATTERING,54,0
2001,APRIL,MARATHON,WAUSAU CITY WARD 6,SPRING GENERAL,JUSTICE OF THE SUPREME COURT,NONPARTISAN,"DAVID T PROSSER, JR.",50,50
2001,APRIL,MARATHON,WAUSAU CITY WARD 6,SPRING GENERAL,JUSTICE OF THE SUPREME COURT,NONPARTISAN,SCATTERING,50,0
2001,APRIL,MARATHON,WAUSAU CITY WARD 7,SPRING GENERAL,JUSTICE OF THE SUPREME COURT,NONPARTISAN,"DAVID T PROSSER, JR.",126,126
2001,APRIL,MARATHON,WAUSAU CITY WARD 7,SPRING GENERAL,JUSTICE OF THE SUPREME COURT,NONPARTISAN,SCATTERING,126,0
2001,APRIL,MARATHON,WAUSAU CITY WARD 8,SPRING GENERAL,JUSTICE OF THE SUPREME COURT,NONPARTISAN,"DAVID T PROSSER, JR.",58,58
2001,APRIL,MARATHON,WAUSAU CITY WARD 8,SPRING GENERAL,JUSTICE OF THE SUPREME COURT,NONPARTISAN,SCATTERING,58,0
2001,APRIL,MARATHON,WAUSAU CITY WARD 9,SPRING GENERAL,JUSTICE OF THE SUPREME COURT,NONPARTISAN,"DAVID T PROSSER, JR.",36,36
2001,APRIL,MARATHON,WAUSAU CITY WARD 9,SPRING GENERAL,JUSTICE OF THE SUPREME COURT,NONPARTISAN,SCATTERING,36,0
2001,APRIL,MARATHON,WAUSAU CITY WARD 10,SPRING GENERAL,JUSTICE OF THE SUPREME COURT,NONPARTISAN,"DAVID T PROSSER, JR.",91,91
2001,APRIL,MARATHON,WAUSAU CITY WARD 10,SPRING GENERAL,JUSTICE OF THE SUPREME COURT,NONPARTISAN,SCATTERING,91,0
2001,APRIL,MARATHON,WAUSAU CITY WARD 11,SPRING GENERAL,JUSTICE OF THE SUPREME COURT,NONPARTISAN,"DAVID T PROSSER, JR.",193,193
2001,APRIL,MARATHON,WAUSAU CITY WARD 11,SPRING GENERAL,JUSTICE OF THE SUPREME COURT,NONPARTISAN,SCATTERING,193,0
2001,APRIL,MARATHON,WAUSAU CITY WARD 12,SPRING GENERAL,JUSTICE OF THE SUPREME COURT,NONPARTISAN,"DAVID T PROSSER, JR.",147,146
2001,APRIL,MARATHON,WAUSAU CITY WARD 12,SPRING GENERAL,JUSTICE OF THE SUPREME COURT,NONPARTISAN,SCATTERING,147,1
2001,APRIL,MARATHON,WAUSAU CITY WARD 13,SPRING GENERAL,JUSTICE OF THE SUPREME COURT,NONPARTISAN,"DAVID T PROSSER, JR.",116,116
2001,APRIL,MARATHON,WAUSAU CITY WARD 13,SPRING GENERAL,JUSTICE OF THE SUPREME COURT,NONPARTISAN,SCATTERING,116,0
2001,APRIL,MARATHON,WAUSAU CITY WARD 14,SPRING GENERAL,JUSTICE OF THE SUPREME COURT,NONPARTISAN,"DAVID T PROSSER, JR.",85,84
2001,APRIL,MARATHON,WAUSAU CITY WARD 14,SPRING GENERAL,JUSTICE OF THE SUPREME COURT,NONPARTISAN,SCATTERING,85,1
2001,APRIL,MARATHON,WAUSAU CITY WARD 15,SPRING GENERAL,JUSTICE OF THE SUPREME COURT,NONPARTISAN,"DAVID T PROSSER, JR.",71,71
2001,APRIL,MARATHON,WAUSAU CITY WARD 15,SPRING GENERAL,JUSTICE OF THE SUPREME COURT,NONPARTISAN,SCATTERING,71,0
2001,APRIL,MARATHON,WAUSAU CITY WARD 16,SPRING GENERAL,JUSTICE OF THE SUPREME COURT,NONPARTISAN,"DAVID T PROSSER, JR.",66,66
2001,APRIL,MARATHON,WAUSAU CITY WARD 16,SPRING GENERAL,JUSTICE OF THE SUPREME COURT,NONPARTISAN,SCATTERING,66,0
2001,APRIL,MARATHON,WAUSAU CITY WARD 17,SPRING GENERAL,JUSTICE OF THE SUPREME COURT,NONPARTISAN,"DAVID T PROSSER, JR.",141,141
2001,APRIL,MARATHON,WAUSAU CITY WARD 17,SPRING GENERAL,JUSTICE OF THE SUPREME COURT,NONPARTISAN,SCATTERING,141,0
2001,APRIL,MARATHON,WAUSAU CITY WARD 18,SPRING GENERAL,JUSTICE OF THE SUPREME COURT,NONPARTISAN,"DAVID T PROSSER, JR.",153,153
2001,APRIL,MARATHON,WAUSAU CITY WARD 18,SPRING GENERAL,JUSTICE OF THE SUPREME COURT,NONPARTISAN,SCATTERING,153,0
2001,APRIL,MARATHON,WAUSAU CITY WARD 19,SPRING GENERAL,JUSTICE OF THE SUPREME COURT,NONPARTISAN,"DAVID T PROSSER, JR.",49,49
2001,APRIL,MARATHON,WAUSAU CITY WARD 19,SPRING GENERAL,JUSTICE OF THE SUPREME COURT,NONPARTISAN,SCATTERING,49,0
2001,APRIL,MARATHON,WAUSAU CITY WARD 20,SPRING GENERAL,JUSTICE OF THE SUPREME COURT,NONPARTISAN,"DAVID T PROSSER, JR.",44,44
2001,APRIL,MARATHON,WAUSAU CITY WARD 20,SPRING GENERAL,JUSTICE OF THE SUPREME COURT,NONPARTISAN,SCATTERING,44,0
2001,APRIL,MARATHON,WAUSAU CITY WARD 21,SPRING GENERAL,JUSTICE OF THE SUPREME COURT,NONPARTISAN,"DAVID T PROSSER, JR.",96,96
2001,APRIL,MARATHON,WAUSAU CITY WARD 21,SPRING GENERAL,JUSTICE OF THE SUPREME COURT,NONPARTISAN,SCATTERING,96,0
2001,APRIL,MARATHON,WAUSAU CITY WARD 22,SPRING GENERAL,JUSTICE OF THE SUPREME COURT,NONPARTISAN,"DAVID T PROSSER, JR.",59,59
2001,APRIL,MARATHON,WAUSAU CITY WARD 22,SPRING GENERAL,JUSTICE OF THE SUPREME COURT,NONPARTISAN,SCATTERING,59,0
2001,APRIL,MARATHON,WAUSAU CITY WARD 23,SPRING GENERAL,JUSTICE OF THE SUPREME COURT,NONPARTISAN,"DAVID T PROSSER, JR.",52,52
2001,APRIL,MARATHON,WAUSAU CITY WARD 23,SPRING GENERAL,JUSTICE OF THE SUPREME COURT,NONPARTISAN,SCATTERING,52,0
2001,APRIL,MARATHON,WAUSAU CITY WARD 24,SPRING GENERAL,JUSTICE OF THE SUPREME COURT,NONPARTISAN,"DAVID T PROSSER, JR.",79,79
2001,APRIL,MARATHON,WAUSAU CITY WARD 24,SPRING GENERAL,JUSTICE OF THE SUPREME COURT,NONPARTISAN,SCATTERING,79,0
2001,APRIL,MARATHON,WAUSAU CITY WARD 25,SPRING GENERAL,JUSTICE OF THE SUPREME COURT,NONPARTISAN,"DAVID T PROSSER, JR.",63,63
2001,APRIL,MARATHON,WAUSAU CITY WARD 25,SPRING GENERAL,JUSTICE OF THE SUPREME COURT,NONPARTISAN,SCATTERING,63,0
2001,APRIL,MARATHON,WAUSAU CITY WARD 26,SPRING GENERAL,JUSTICE OF THE SUPREME COURT,NONPARTISAN,"DAVID T PROSSER, JR.",5,5
2001,APRIL,MARATHON,WAUSAU CITY WARD 26,SPRING GENERAL,JUSTICE OF THE SUPREME COURT,NONPARTISAN,SCATTERING,5,0
2001,APRIL,MARATHON,WAUSAU CITY WARD 27,SPRING GENERAL,JUSTICE OF THE SUPREME COURT,NONPARTISAN,"DAVID T PROSSER, JR.",14,14
2001,APRIL,MARATHON,WAUSAU CITY WARD 27,SPRING GENERAL,JUSTICE OF THE SUPREME COURT,NONPARTISAN,SCATTERING,14,0
2001,APRIL,MARATHON,WAUSAU CITY WARD 28,SPRING GENERAL,JUSTICE OF THE SUPREME COURT,NONPARTISAN,"DAVID T PROSSER, JR.",0,0
2001,APRIL,MARATHON,WAUSAU CITY WARD 28,SPRING GENERAL,JUSTICE OF THE SUPREME COURT,NONPARTISAN,SCATTERING,0,0
2001,APRIL,MARATHON,WAUSAU CITY WARD 29,SPRING GENERAL,JUSTICE OF THE SUPREME COURT,NONPARTISAN,"DAVID T PROSSER, JR.",0,0
2001,APRIL,MARATHON,WAUSAU CITY WARD 29,SPRING GENERAL,JUSTICE OF THE SUPREME COURT,NONPARTISAN,SCATTERING,0,0
2001,APRIL,MARATHON,WAUSAU CITY WARD 30,SPRING GENERAL,JUSTICE OF THE SUPREME COURT,NONPARTISAN,"DAVID T PROSSER, JR.",0,0
2001,APRIL,MARATHON,WAUSAU CITY WARD 30,SPRING GENERAL,JUSTICE OF THE SUPREME COURT,NONPARTISAN,SCATTERING,0,0
2001,APRIL,MARATHON,WAUSAU CITY WARD 31,SPRING GENERAL,JUSTICE OF THE SUPREME COURT,NONPARTISAN,"DAVID T PROSSER, JR.",0,0
2001,APRIL,MARATHON,WAUSAU CITY WARD 31,SPRING GENERAL,JUSTICE OF THE SUPREME COURT,NONPARTISAN,SCATTERING,0,0
2001,APRIL,MARATHON,WAUSAU CITY WARD 32,SPRING GENERAL,JUSTICE OF THE SUPREME COURT,NONPARTISAN,"DAVID T PROSSER, JR.",7,7
2001,APRIL,MARATHON,WAUSAU CITY WARD 32,SPRING GENERAL,JUSTICE OF THE SUPREME COURT,NONPARTISAN,SCATTERING,7,0
2001,APRIL,MARATHON,WAUSAU CITY WARD 33,SPRING GENERAL,JUSTICE OF THE SUPREME COURT,NONPARTISAN,"DAVID T PROSSER, JR.",1,1
2001,APRIL,MARATHON,WAUSAU CITY WARD 33,SPRING GENERAL,JUSTICE OF THE SUPREME COURT,NONPARTISAN,SCATTERING,1,0
2001,APRIL,MARATHON,WAUSAU CITY WARD 34,SPRING GENERAL,JUSTICE OF THE SUPREME COURT,NONPARTISAN,"DAVID T PROSSER, JR.",0,0
2001,APRIL,MARATHON,WAUSAU CITY WARD 34,SPRING GENERAL,JUSTICE OF THE SUPREME COURT,NONPARTISAN,SCATTERING,0,0
2001,APRIL,MARATHON,WAUSAU CITY WARD 35,SPRING GENERAL,JUSTICE OF THE SUPREME COURT,NONPARTISAN,"DAVID T PROSSER, JR.",0,0
2001,APRIL,MARATHON,WAUSAU CITY WARD 35,SPRING GENERAL,JUSTICE OF THE SUPREME COURT,NONPARTISAN,SCATTERING,0,0
2001,APRIL,MARATHON,WAUSAU CITY WARD 36,SPRING GENERAL,JUSTICE OF THE SUPREME COURT,NONPARTISAN,"DAVID T PROSSER, JR.",2,2
2001,APRIL,MARATHON,WAUSAU CITY WARD 36,SPRING GENERAL,JUSTICE OF THE SUPREME COURT,NONPARTISAN,SCATTERING,2,0
2001,APRIL,MARATHON,WAUSAU CITY WARD 37,SPRING GENERAL,JUSTICE OF THE SUPREME COURT,NONPARTISAN,"DAVID T PROSSER, JR.",0,0
2001,APRIL,MARATHON,WAUSAU CITY WARD 37,SPRING GENERAL,JUSTICE OF THE SUPREME COURT,NONPARTISAN,SCATTERING,0,0
2001,APRIL,MARATHON,WAUSAU CITY WARD 38,SPRING GENERAL,JUSTICE OF THE SUPREME COURT,NONPARTISAN,"DAVID T PROSSER, JR.",0,0
2001,APRIL,MARATHON,WAUSAU CITY WARD 38,SPRING GENERAL,JUSTICE OF THE SUPREME COURT,NONPARTISAN,SCATTERING,0,0
2001,APRIL,MARATHON,WAUSAU CITY WARD 39,SPRING GENERAL,JUSTICE OF THE SUPREME COURT,NONPARTISAN,"DAVID T PROSSER, JR.",0,0
2001,APRIL,MARATHON,WAUSAU CITY WARD 39,SPRING GENERAL,JUSTICE OF THE SUPREME COURT,NONPARTISAN,SCATTERING,0,0
2001,APRIL,MARATHON,WAUSAU CITY WARD 40,SPRING GENERAL,JUSTICE OF THE SUPREME COURT,NONPARTISAN,"DAVID T PROSSER, JR.",0,0
2001,APRIL,MARATHON,WAUSAU CITY WARD 40,SPRING GENERAL,JUSTICE OF THE SUPREME COURT,NONPARTISAN,SCATTERING,0,0
2001,APRIL,MARATHON,WAUSAU CITY WARD 41,SPRING GENERAL,JUSTICE OF THE SUPREME COURT,NONPARTISAN,"DAVID T PROSSER, JR.",2,2
2001,APRIL,MARATHON,WAUSAU CITY WARD 41,SPRING GENERAL,JUSTICE OF THE SUPREME COURT,NONPARTISAN,SCATTERING,2,0
2001,APRIL,MARATHON,WAUSAU CITY WARD 42,SPRING GENERAL,JUSTICE OF THE SUPREME COURT,NONPARTISAN,"DAVID T PROSSER, JR.",0,0
2001,APRIL,MARATHON,WAUSAU CITY WARD 42,SPRING GENERAL,JUSTICE OF THE SUPREME COURT,NONPARTISAN,SCATTERING,0,0
2001,APRIL,MARATHON,WAUSAU CITY WARD 43,SPRING GENERAL,JUSTICE OF THE SUPREME COURT,NONPARTISAN,"DAVID T PROSSER, JR.",0,0
2001,APRIL,MARATHON,WAUSAU CITY WARD 43,SPRING GENERAL,JUSTICE OF THE SUPREME COURT,NONPARTISAN,SCATTERING,0,0
2001,APRIL,MARATHON,WAUSAU CITY WARD 44,SPRING GENERAL,JUSTICE OF THE SUPREME COURT,NONPARTISAN,"DAVID T PROSSER, JR.",0,0
2001,APRIL,MARATHON,WAUSAU CITY WARD 44,SPRING GENERAL,JUSTICE OF THE SUPREME COURT,NONPARTISAN,SCATTERING,0,0
2001,APRIL,MARATHON,WAUSAU CITY WARD 45,SPRING GENERAL,JUSTICE OF THE SUPREME COURT,NONPARTISAN,"DAVID T PROSSER, JR.",3,0
2001,APRIL,MARATHON,WAUSAU CITY WARD 45,SPRING GENERAL,JUSTICE OF THE SUPREME COURT,NONPARTISAN,SCATTERING,3,3
2001,APRIL,MARATHON,WAUSAU CITY WARD 46,SPRING GENERAL,JUSTICE OF THE SUPREME COURT,NONPARTISAN,"DAVID T PROSSER, JR.",0,0
2001,APRIL,MARATHON,WAUSAU CITY WARD 46,SPRING GENERAL,JUSTICE OF THE SUPREME COURT,NONPARTISAN,SCATTERING,0,0
2001,APRIL,MARATHON,WAUSAU CITY WARD 47,SPRING GENERAL,JUSTICE OF THE SUPREME COURT,NONPARTISAN,"DAVID T PROSSER, JR.",5,5
2001,APRIL,MARATHON,WAUSAU CITY WARD 47,SPRING GENERAL,JUSTICE OF THE SUPREME COURT,NONPARTISAN,SCATTERING,5,0
2001,APRIL,MARATHON,WAUSAU CITY WARD 48,SPRING GENERAL,JUSTICE OF THE SUPREME COURT,NONPARTISAN,"DAVID T PROSSER, JR.",0,0
2001,APRIL,MARATHON,WAUSAU CITY WARD 48,SPRING GENERAL,JUSTICE OF THE SUPREME COURT,NONPARTISAN,SCATTERING,0,0
2001,APRIL,MARATHON,WAUSAU CITY WARD 49,SPRING GENERAL,JUSTICE OF THE SUPREME COURT,NONPARTISAN,"DAVID T PROSSER, JR.",0,0
2001,APRIL,MARATHON,WAUSAU CITY WARD 49,SPRING GENERAL,JUSTICE OF THE SUPREME COURT,NONPARTISAN,SCATTERING,0,0
2001,APRIL,MARATHON,WAUSAU CITY WARD 50,SPRING GENERAL,JUSTICE OF THE SUPREME COURT,NONPARTISAN,"DAVID T PROSSER, JR.",0,0
2001,APRIL,MARATHON,WAUSAU CITY WARD 50,SPRING GENERAL,JUSTICE OF THE SUPREME COURT,NONPARTISAN,SCATTERING,0,0
2001,APRIL,MARATHON,WAUSAU CITY WARD 51,SPRING GENERAL,JUSTICE OF THE SUPREME COURT,NONPARTISAN,"DAVID T PROSSER, JR.",0,0
2001,APRIL,MARATHON,WAUSAU CITY WARD 51,SPRING GENERAL,JUSTICE OF THE SUPREME COURT,NONPARTISAN,SCATTERING,0,0
2001,APRIL,MARATHON,WAUSAU CITY WARD 52,SPRING GENERAL,JUSTICE OF THE SUPREME COURT,NONPARTISAN,"DAVID T PROSSER, JR.",0,0
2001,APRIL,MARATHON,WAUSAU CITY WARD 52,SPRING GENERAL,JUSTICE OF THE SUPREME COURT,NONPARTISAN,SCATTERING,0,0
2001,APRIL,MARATHON,WAUSAU CITY WARD 53,SPRING GENERAL,JUSTICE OF THE SUPREME COURT,NONPARTISAN,"DAVID T PROSSER, JR.",0,0
2001,APRIL,MARATHON,WAUSAU CITY WARD 53,SPRING GENERAL,JUSTICE OF THE SUPREME COURT,NONPARTISAN,SCATTERING,0,0
2001,APRIL,MARATHON,WAUSAU CITY WARD 54,SPRING GENERAL,JUSTICE OF THE SUPREME COURT,NONPARTISAN,"DAVID T PROSSER, JR.",0,0
2001,APRIL,MARATHON,WAUSAU CITY WARD 54,SPRING GENERAL,JUSTICE OF THE SUPREME COURT,NONPARTISAN,SCATTERING,0,0
2001,APRIL,MARATHON,WAUSAU CITY WARD 55,SPRING GENERAL,JUSTICE OF THE SUPREME COURT,NONPARTISAN,"DAVID T PROSSER, JR.",0,0
2001,APRIL,MARATHON,WAUSAU CITY WARD 55,SPRING GENERAL,JUSTICE OF THE SUPREME COURT,NONPARTISAN,SCATTERING,0,0
2001,APRIL,MARATHON,WAUSAU CITY WARD 56,SPRING GENERAL,JUSTICE OF THE SUPREME COURT,NONPARTISAN,"DAVID T PROSSER, JR.",3,3
2001,APRIL,MARATHON,WAUSAU CITY WARD 56,SPRING GENERAL,JUSTICE OF THE SUPREME COURT,NONPARTISAN,SCATTERING,3,0
2001,APRIL,MARATHON,WAUSAU CITY WARD 57,SPRING GENERAL,JUSTICE OF THE SUPREME COURT,NONPARTISAN,"DAVID T PROSSER, JR.",0,0
2001,APRIL,MARATHON,WAUSAU CITY WARD 57,SPRING GENERAL,JUSTICE OF THE SUPREME COURT,NONPARTISAN,SCATTERING,0,0
2001,APRIL,MARATHON,WAUSAU CITY WARD 58,SPRING GENERAL,JUSTICE OF THE SUPREME COURT,NONPARTISAN,"DAVID T PROSSER, JR.",0,0
2001,APRIL,MARATHON,WAUSAU CITY WARD 58,SPRING GENERAL,JUSTICE OF THE SUPREME COURT,NONPARTISAN,SCATTERING,0,0
2001,APRIL,MARINETTE,AMBERG TOWN WARD 1,SPRING GENERAL,JUSTICE OF THE SUPREME COURT,NONPARTISAN,"DAVID T PROSSER, JR.",149,149
2001,APRIL,MARINETTE,AMBERG TOWN WARD 1,SPRING GENERAL,JUSTICE OF THE SUPREME COURT,NONPARTISAN,SCATTERING,149,0
2001,APRIL,MARINETTE,ATHELSTANE TOWN WARDS 1 & 2,SPRING GENERAL,JUSTICE OF THE SUPREME COURT,NONPARTISAN,"DAVID T PROSSER, JR.",104,104
2001,APRIL,MARINETTE,ATHELSTANE TOWN WARDS 1 & 2,SPRING GENERAL,JUSTICE OF THE SUPREME COURT,NONPARTISAN,SCATTERING,104,0
2001,APRIL,MARINETTE,BEAVER TOWN WARDS 1 & 2,SPRING GENERAL,JUSTICE OF THE SUPREME COURT,NONPARTISAN,"DAVID T PROSSER, JR.",96,96
2001,APRIL,MARINETTE,BEAVER TOWN WARDS 1 & 2,SPRING GENERAL,JUSTICE OF THE SUPREME COURT,NONPARTISAN,SCATTERING,96,0
2001,APRIL,MARINETTE,BEECHER TOWN WARDS 1 & 2,SPRING GENERAL,JUSTICE OF THE SUPREME COURT,NONPARTISAN,"DAVID T PROSSER, JR.",122,122
2001,APRIL,MARINETTE,BEECHER TOWN WARDS 1 & 2,SPRING GENERAL,JUSTICE OF THE SUPREME COURT,NONPARTISAN,SCATTERING,122,0
2001,APRIL,MARINETTE,DUNBAR TOWN WARD 1,SPRING GENERAL,JUSTICE OF THE SUPREME COURT,NONPARTISAN,"DAVID T PROSSER, JR.",78,78
2001,APRIL,MARINETTE,DUNBAR TOWN WARD 1,SPRING GENERAL,JUSTICE OF THE SUPREME COURT,NONPARTISAN,SCATTERING,78,0
2001,APRIL,MARINETTE,GOODMAN TOWN WARD 1,SPRING GENERAL,JUSTICE OF THE SUPREME COURT,NONPARTISAN,"DAVID T PROSSER, JR.",200,200
2001,APRIL,MARINETTE,GOODMAN TOWN WARD 1,SPRING GENERAL,JUSTICE OF THE SUPREME COURT,NONPARTISAN,SCATTERING,200,0
2001,APRIL,MARINETTE,GROVER TOWN WARDS 1 - 3,SPRING GENERAL,JUSTICE OF THE SUPREME COURT,NONPARTISAN,"DAVID T PROSSER, JR.",178,176
2001,APRIL,MARINETTE,GROVER TOWN WARDS 1 - 3,SPRING GENERAL,JUSTICE OF THE SUPREME COURT,NONPARTISAN,SCATTERING,178,2
2001,APRIL,MARINETTE,LAKE TOWN WARDS 1 & 2,SPRING GENERAL,JUSTICE OF THE SUPREME COURT,NONPARTISAN,"DAVID T PROSSER, JR.",126,126
2001,APRIL,MARINETTE,LAKE TOWN WARDS 1 & 2,SPRING GENERAL,JUSTICE OF THE SUPREME COURT,NONPARTISAN,SCATTERING,126,0
2001,APRIL,MARINETTE,MIDDLE INLET TOWN WARDS 1 & 2,SPRING GENERAL,JUSTICE OF THE SUPREME COURT,NONPARTISAN,"DAVID T PROSSER, JR.",164,164
2001,APRIL,MARINETTE,MIDDLE INLET TOWN WARDS 1 & 2,SPRING GENERAL,JUSTICE OF THE SUPREME COURT,NONPARTISAN,SCATTERING,164,0
2001,APRIL,MARINETTE,NIAGARA TOWN WARDS 1 & 2,SPRING GENERAL,JUSTICE OF THE SUPREME COURT,NONPARTISAN,"DAVID T PROSSER, JR.",75,75
2001,APRIL,MARINETTE,NIAGARA TOWN WARDS 1 & 2,SPRING GENERAL,JUSTICE OF THE SUPREME COURT,NONPARTISAN,SCATTERING,75,0
2001,APRIL,MARINETTE,PEMBINE TOWN WARD 1,SPRING GENERAL,JUSTICE OF THE SUPREME COURT,NONPARTISAN,"DAVID T PROSSER, JR.",165,165
2001,APRIL,MARINETTE,PEMBINE TOWN WARD 1,SPRING GENERAL,JUSTICE OF THE SUPREME COURT,NONPARTISAN,SCATTERING,165,0
2001,APRIL,MARINETTE,PESHTIGO TOWN WARD 1,SPRING GENERAL,JUSTICE OF THE SUPREME COURT,NONPARTISAN,"DAVID T PROSSER, JR.",174,174
2001,APRIL,MARINETTE,PESHTIGO TOWN WARD 1,SPRING GENERAL,JUSTICE OF THE SUPREME COURT,NONPARTISAN,SCATTERING,174,0
2001,APRIL,MARINETTE,PESHTIGO TOWN WARD 2,SPRING GENERAL,JUSTICE OF THE SUPREME COURT,NONPARTISAN,"DAVID T PROSSER, JR.",381,379
2001,APRIL,MARINETTE,PESHTIGO TOWN WARD 2,SPRING GENERAL,JUSTICE OF THE SUPREME COURT,NONPARTISAN,SCATTERING,381,2
2001,APRIL,MARINETTE,PESHTIGO TOWN WARD 3,SPRING GENERAL,JUSTICE OF THE SUPREME COURT,NONPARTISAN,"DAVID T PROSSER, JR.",340,340
2001,APRIL,MARINETTE,PESHTIGO TOWN WARD 3,SPRING GENERAL,JUSTICE OF THE SUPREME COURT,NONPARTISAN,SCATTERING,340,0
2001,APRIL,MARINETTE,PORTERFIELD TOWN WARDS 1 - 3,SPRING GENERAL,JUSTICE OF THE SUPREME COURT,NONPARTISAN,"DAVID T PROSSER, JR.",243,242
2001,APRIL,MARINETTE,PORTERFIELD TOWN WARDS 1 - 3,SPRING GENERAL,JUSTICE OF THE SUPREME COURT,NONPARTISAN,SCATTERING,243,1
2001,APRIL,MARINETTE,POUND TOWN WARDS 1 - 3,SPRING GENERAL,JUSTICE OF THE SUPREME COURT,NONPARTISAN,"DAVID T PROSSER, JR.",159,158
2001,APRIL,MARINETTE,POUND TOWN WARDS 1 - 3,SPRING GENERAL,JUSTICE OF THE SUPREME COURT,NONPARTISAN,SCATTERING,159,1
2001,APRIL,MARINETTE,SILVER CLIFF TOWN WARD 1,SPRING GENERAL,JUSTICE OF THE SUPREME COURT,NONPARTISAN,"DAVID T PROSSER, JR.",130,128
2001,APRIL,MARINETTE,SILVER CLIFF TOWN WARD 1,SPRING GENERAL,JUSTICE OF THE SUPREME COURT,NONPARTISAN,SCATTERING,130,2
2001,APRIL,MARINETTE,STEPHENSON TOWN WARD 1,SPRING GENERAL,JUSTICE OF THE SUPREME COURT,NONPARTISAN,"DAVID T PROSSER, JR.",243,243
2001,APRIL,MARINETTE,STEPHENSON TOWN WARD 1,SPRING GENERAL,JUSTICE OF THE SUPREME COURT,NONPARTISAN,SCATTERING,243,0
2001,APRIL,MARINETTE,STEPHENSON TOWN WARDS 2 - 4,SPRING GENERAL,JUSTICE OF THE SUPREME COURT,NONPARTISAN,"DAVID T PROSSER, JR.",203,203
2001,APRIL,MARINETTE,STEPHENSON TOWN WARDS 2 - 4,SPRING GENERAL,JUSTICE OF THE SUPREME COURT,NONPARTISAN,SCATTERING,203,0
2001,APRIL,MARINETTE,WAGNER TOWN WARD 1,SPRING GENERAL,JUSTICE OF THE SUPREME COURT,NONPARTISAN,"DAVID T PROSSER, JR.",62,62
2001,APRIL,MARINETTE,WAGNER TOWN WARD 1,SPRING GENERAL,JUSTICE OF THE SUPREME COURT,NONPARTISAN,SCATTERING,62,0
2001,APRIL,MARINETTE,WAUSAUKEE TOWN WARDS 1 & 2,SPRING GENERAL,JUSTICE OF THE SUPREME COURT,NONPARTISAN,"DAVID T PROSSER, JR.",113,113
2001,APRIL,MARINETTE,WAUSAUKEE TOWN WARDS 1 & 2,SPRING GENERAL,JUSTICE OF THE SUPREME COURT,NONPARTISAN,SCATTERING,113,0
2001,APRIL,MARINETTE,COLEMAN VILLAGE WARD 1,SPRING GENERAL,JUSTICE OF THE SUPREME COURT,NONPARTISAN,"DAVID T PROSSER, JR.",115,115
2001,APRIL,MARINETTE,COLEMAN VILLAGE WARD 1,SPRING GENERAL,JUSTICE OF THE SUPREME COURT,NONPARTISAN,SCATTERING,115,0
2001,APRIL,MARINETTE,CRIVITZ VILLAGE WARD 1,SPRING GENERAL,JUSTICE OF THE SUPREME COURT,NONPARTISAN,"DAVID T PROSSER, JR.",108,108
2001,APRIL,MARINETTE,CRIVITZ VILLAGE WARD 1,SPRING GENERAL,JUSTICE OF THE SUPREME COURT,NONPARTISAN,SCATTERING,108,0
2001,APRIL,MARINETTE,POUND VILLAGE WARD 1,SPRING GENERAL,JUSTICE OF THE SUPREME COURT,NONPARTISAN,"DAVID T PROSSER, JR.",56,56
2001,APRIL,MARINETTE,POUND VILLAGE WARD 1,SPRING GENERAL,JUSTICE OF THE SUPREME COURT,NONPARTISAN,SCATTERING,56,0
2001,APRIL,MARINETTE,WAUSAUKEE VILLAGE WARD 1,SPRING GENERAL,JUSTICE OF THE SUPREME COURT,NONPARTISAN,"DAVID T PROSSER, JR.",116,115
2001,APRIL,MARINETTE,WAUSAUKEE VILLAGE WARD 1,SPRING GENERAL,JUSTICE OF THE SUPREME COURT,NONPARTISAN,SCATTERING,116,1
2001,APRIL,MARINETTE,MARINETTE CITY WARD 1,SPRING GENERAL,JUSTICE OF THE SUPREME COURT,NONPARTISAN,"DAVID T PROSSER, JR.",256,256
2001,APRIL,MARINETTE,MARINETTE CITY WARD 1,SPRING GENERAL,JUSTICE OF THE SUPREME COURT,NONPARTISAN,SCATTERING,256,0
2001,APRIL,MARINETTE,MARINETTE CITY WARD 2,SPRING GENERAL,JUSTICE OF THE SUPREME COURT,NONPARTISAN,"DAVID T PROSSER, JR.",271,268
2001,APRIL,MARINETTE,MARINETTE CITY WARD 2,SPRING GENERAL,JUSTICE OF THE SUPREME COURT,NONPARTISAN,SCATTERING,271,3
2001,APRIL,MARINETTE,MARINETTE CITY WARD 3,SPRING GENERAL,JUSTICE OF THE SUPREME COURT,NONPARTISAN,"DAVID T PROSSER, JR.",415,414
2001,APRIL,MARINETTE,MARINETTE CITY WARD 3,SPRING GENERAL,JUSTICE OF THE SUPREME COURT,NONPARTISAN,SCATTERING,415,1
2001,APRIL,MARINETTE,MARINETTE CITY WARD 4,SPRING GENERAL,JUSTICE OF THE SUPREME COURT,NONPARTISAN,"DAVID T PROSSER, JR.",303,301
2001,APRIL,MARINETTE,MARINETTE CITY WARD 4,SPRING GENERAL,JUSTICE OF THE SUPREME COURT,NONPARTISAN,SCATTERING,303,2
2001,APRIL,MARINETTE,MARINETTE CITY WARD 5,SPRING GENERAL,JUSTICE OF THE SUPREME COURT,NONPARTISAN,"DAVID T PROSSER, JR.",211,208
2001,APRIL,MARINETTE,MARINETTE CITY WARD 5,SPRING GENERAL,JUSTICE OF THE SUPREME COURT,NONPARTISAN,SCATTERING,211,3
2001,APRIL,MARINETTE,MARINETTE CITY WARD 6,SPRING GENERAL,JUSTICE OF THE SUPREME COURT,NONPARTISAN,"DAVID T PROSSER, JR.",191,191
2001,APRIL,MARINETTE,MARINETTE CITY WARD 6,SPRING GENERAL,JUSTICE OF THE SUPREME COURT,NONPARTISAN,SCATTERING,191,0
2001,APRIL,MARINETTE,MARINETTE CITY WARD 7,SPRING GENERAL,JUSTICE OF THE SUPREME COURT,NONPARTISAN,"DAVID T PROSSER, JR.",254,251
2001,APRIL,MARINETTE,MARINETTE CITY WARD 7,SPRING GENERAL,JUSTICE OF THE SUPREME COURT,NONPARTISAN,SCATTERING,254,3
2001,APRIL,MARINETTE,MARINETTE CITY WARD 8,SPRING GENERAL,JUSTICE OF THE SUPREME COURT,NONPARTISAN,"DAVID T PROSSER, JR.",280,280
2001,APRIL,MARINETTE,MARINETTE CITY WARD 8,SPRING GENERAL,JUSTICE OF THE SUPREME COURT,NONPARTISAN,SCATTERING,280,0
2001,APRIL,MARINETTE,MARINETTE CITY WARD 9,SPRING GENERAL,JUSTICE OF THE SUPREME COURT,NONPARTISAN,"DAVID T PROSSER, JR.",282,281
2001,APRIL,MARINETTE,MARINETTE CITY WARD 9,SPRING GENERAL,JUSTICE OF THE SUPREME COURT,NONPARTISAN,SCATTERING,282,1
2001,APRIL,MARINETTE,NIAGARA CITY WARD 1,SPRING GENERAL,JUSTICE OF THE SUPREME COURT,NONPARTISAN,"DAVID T PROSSER, JR.",100,100
2001,APRIL,MARINETTE,NIAGARA CITY WARD 1,SPRING GENERAL,JUSTICE OF THE SUPREME COURT,NONPARTISAN,SCATTERING,100,0
2001,APRIL,MARINETTE,NIAGARA CITY WARDS 2 & 3,SPRING GENERAL,JUSTICE OF THE SUPREME COURT,NONPARTISAN,"DAVID T PROSSER, JR.",34,34
2001,APRIL,MARINETTE,NIAGARA CITY WARDS 2 & 3,SPRING GENERAL,JUSTICE OF THE SUPREME COURT,NONPARTISAN,SCATTERING,34,0
2001,APRIL,MARINETTE,PESHTIGO CITY WARDS 1 & 2,SPRING GENERAL,JUSTICE OF THE SUPREME COURT,NONPARTISAN,"DAVID T PROSSER, JR.",117,117
2001,APRIL,MARINETTE,PESHTIGO CITY WARDS 1 & 2,SPRING GENERAL,JUSTICE OF THE SUPREME COURT,NONPARTISAN,SCATTERING,117,0
2001,APRIL,MARINETTE,PESHTIGO CITY WARDS 3 & 4,SPRING GENERAL,JUSTICE OF THE SUPREME COURT,NONPARTISAN,"DAVID T PROSSER, JR.",110,110
2001,APRIL,MARINETTE,PESHTIGO CITY WARDS 3 & 4,SPRING GENERAL,JUSTICE OF THE SUPREME COURT,NONPARTISAN,SCATTERING,110,0
2001,APRIL,MARINETTE,PESHTIGO CITY WARDS 5 - 7,SPRING GENERAL,JUSTICE OF THE SUPREME COURT,NONPARTISAN,"DAVID T PROSSER, JR.",94,93
2001,APRIL,MARINETTE,PESHTIGO CITY WARDS 5 - 7,SPRING GENERAL,JUSTICE OF THE SUPREME COURT,NONPARTISAN,SCATTERING,94,1
2001,APRIL,MARQUETTE,BUFFALO TOWN WARDS 1 & 2,SPRING GENERAL,JUSTICE OF THE SUPREME COURT,NONPARTISAN,"DAVID T PROSSER, JR.",81,81
2001,APRIL,MARQUETTE,BUFFALO TOWN WARDS 1 & 2,SPRING GENERAL,JUSTICE OF THE SUPREME COURT,NONPARTISAN,SCATTERING,81,0
2001,APRIL,MARQUETTE,CRYSTAL LAKE TOWN WARD 1,SPRING GENERAL,JUSTICE OF THE SUPREME COURT,NONPARTISAN,"DAVID T PROSSER, JR.",132,132
2001,APRIL,MARQUETTE,CRYSTAL LAKE TOWN WARD 1,SPRING GENERAL,JUSTICE OF THE SUPREME COURT,NONPARTISAN,SCATTERING,132,0
2001,APRIL,MARQUETTE,DOUGLAS TOWN WARD 1,SPRING GENERAL,JUSTICE OF THE SUPREME COURT,NONPARTISAN,"DAVID T PROSSER, JR.",90,90
2001,APRIL,MARQUETTE,DOUGLAS TOWN WARD 1,SPRING GENERAL,JUSTICE OF THE SUPREME COURT,NONPARTISAN,SCATTERING,90,0
2001,APRIL,MARQUETTE,HARRIS TOWN WARD 1,SPRING GENERAL,JUSTICE OF THE SUPREME COURT,NONPARTISAN,"DAVID T PROSSER, JR.",150,150
2001,APRIL,MARQUETTE,HARRIS TOWN WARD 1,SPRING GENERAL,JUSTICE OF THE SUPREME COURT,NONPARTISAN,SCATTERING,150,0
2001,APRIL,MARQUETTE,MECAN TOWN WARD 1,SPRING GENERAL,JUSTICE OF THE SUPREME COURT,NONPARTISAN,"DAVID T PROSSER, JR.",100,100
2001,APRIL,MARQUETTE,MECAN TOWN WARD 1,SPRING GENERAL,JUSTICE OF THE SUPREME COURT,NONPARTISAN,SCATTERING,100,0
2001,APRIL,MARQUETTE,MONTELLO TOWN WARDS 1 - 3,SPRING GENERAL,JUSTICE OF THE SUPREME COURT,NONPARTISAN,"DAVID T PROSSER, JR.",88,88
2001,APRIL,MARQUETTE,MONTELLO TOWN WARDS 1 - 3,SPRING GENERAL,JUSTICE OF THE SUPREME COURT,NONPARTISAN,SCATTERING,88,0
2001,APRIL,MARQUETTE,MOUNDVILLE TOWN WARDS 1 & 2,SPRING GENERAL,JUSTICE OF THE SUPREME COURT,NONPARTISAN,"DAVID T PROSSER, JR.",47,47
2001,APRIL,MARQUETTE,MOUNDVILLE TOWN WARDS 1 & 2,SPRING GENERAL,JUSTICE OF THE SUPREME COURT,NONPARTISAN,SCATTERING,47,0
2001,APRIL,MARQUETTE,NESHKORO TOWN WARDS 1 & 2,SPRING GENERAL,JUSTICE OF THE SUPREME COURT,NONPARTISAN,"DAVID T PROSSER, JR.",110,110
2001,APRIL,MARQUETTE,NESHKORO TOWN WARDS 1 & 2,SPRING GENERAL,JUSTICE OF THE SUPREME COURT,NONPARTISAN,SCATTERING,110,0
2001,APRIL,MARQUETTE,NEWTON TOWN WARDS 1 & 2,SPRING GENERAL,JUSTICE OF THE SUPREME COURT,NONPARTISAN,"DAVID T PROSSER, JR.",94,94
2001,APRIL,MARQUETTE,NEWTON TOWN WARDS 1 & 2,SPRING GENERAL,JUSTICE OF THE SUPREME COURT,NONPARTISAN,SCATTERING,94,0
2001,APRIL,MARQUETTE,OXFORD TOWN WARDS 1 & 2,SPRING GENERAL,JUSTICE OF THE SUPREME COURT,NONPARTISAN,"DAVID T PROSSER, JR.",153,153
2001,APRIL,MARQUETTE,OXFORD TOWN WARDS 1 & 2,SPRING GENERAL,JUSTICE OF THE SUPREME COURT,NONPARTISAN,SCATTERING,153,0
2001,APRIL,MARQUETTE,PACKWAUKEE TOWN WARDS 1 & 2,SPRING GENERAL,JUSTICE OF THE SUPREME COURT,NONPARTISAN,"DAVID T PROSSER, JR.",242,241
2001,APRIL,MARQUETTE,PACKWAUKEE TOWN WARDS 1 & 2,SPRING GENERAL,JUSTICE OF THE SUPREME COURT,NONPARTISAN,SCATTERING,242,1
2001,APRIL,MARQUETTE,SHIELDS TOWN WARD 1,SPRING GENERAL,JUSTICE OF THE SUPREME COURT,NONPARTISAN,"DAVID T PROSSER, JR.",45,45
2001,APRIL,MARQUETTE,SHIELDS TOWN WARD 1,SPRING GENERAL,JUSTICE OF THE SUPREME COURT,NONPARTISAN,SCATTERING,45,0
2001,APRIL,MARQUETTE,SPRINGFIELD TOWN WARD 1,SPRING GENERAL,JUSTICE OF THE SUPREME COURT,NONPARTISAN,"DAVID T PROSSER, JR.",202,200
2001,APRIL,MARQUETTE,SPRINGFIELD TOWN WARD 1,SPRING GENERAL,JUSTICE OF THE SUPREME COURT,NONPARTISAN,SCATTERING,202,2
2001,APRIL,MARQUETTE,WESTFIELD TOWN WARDS 1 & 2,SPRING GENERAL,JUSTICE OF THE SUPREME COURT,NONPARTISAN,"DAVID T PROSSER, JR.",146,146
2001,APRIL,MARQUETTE,WESTFIELD TOWN WARDS 1 & 2,SPRING GENERAL,JUSTICE OF THE SUPREME COURT,NONPARTISAN,SCATTERING,146,0
2001,APRIL,MARQUETTE,ENDEAVOR VILLAGE WARD 1,SPRING GENERAL,JUSTICE OF THE SUPREME COURT,NONPARTISAN,"DAVID T PROSSER, JR.",30,30
2001,APRIL,MARQUETTE,ENDEAVOR VILLAGE WARD 1,SPRING GENERAL,JUSTICE OF THE SUPREME COURT,NONPARTISAN,SCATTERING,30,0
2001,APRIL,MARQUETTE,NESHKORO VILLAGE WARD 1,SPRING GENERAL,JUSTICE OF THE SUPREME COURT,NONPARTISAN,"DAVID T PROSSER, JR.",100,100
2001,APRIL,MARQUETTE,NESHKORO VILLAGE WARD 1,SPRING GENERAL,JUSTICE OF THE SUPREME COURT,NONPARTISAN,SCATTERING,100,0
2001,APRIL,MARQUETTE,OXFORD VILLAGE WARD 1,SPRING GENERAL,JUSTICE OF THE SUPREME COURT,NONPARTISAN,"DAVID T PROSSER, JR.",96,96
2001,APRIL,MARQUETTE,OXFORD VILLAGE WARD 1,SPRING GENERAL,JUSTICE OF THE SUPREME COURT,NONPARTISAN,SCATTERING,96,0
2001,APRIL,MARQUETTE,WESTFIELD VILLAGE WARDS 1 & 2,SPRING GENERAL,JUSTICE OF THE SUPREME COURT,NONPARTISAN,"DAVID T PROSSER, JR.",205,204
2001,APRIL,MARQUETTE,WESTFIELD VILLAGE WARDS 1 & 2,SPRING GENERAL,JUSTICE OF THE SUPREME COURT,NONPARTISAN,SCATTERING,205,1
2001,APRIL,MARQUETTE,MONTELLO CITY WARDS 1 - 4,SPRING GENERAL,JUSTICE OF THE SUPREME COURT,NONPARTISAN,"DAVID T PROSSER, JR.",152,152
2001,APRIL,MARQUETTE,MONTELLO CITY WARDS 1 - 4,SPRING GENERAL,JUSTICE OF THE SUPREME COURT,NONPARTISAN,SCATTERING,152,0
2001,APRIL,MENOMINEE,MENOMINEE TOWN WARDS 1 & 2,SPRING GENERAL,JUSTICE OF THE SUPREME COURT,NONPARTISAN,"DAVID T PROSSER, JR.",41,41
2001,APRIL,MENOMINEE,MENOMINEE TOWN WARDS 1 & 2,SPRING GENERAL,JUSTICE OF THE SUPREME COURT,NONPARTISAN,SCATTERING,41,0
2001,APRIL,MENOMINEE,MENOMINEE TOWN WARDS 3 - 5,SPRING GENERAL,JUSTICE OF THE SUPREME COURT,NONPARTISAN,"DAVID T PROSSER, JR.",281,280
2001,APRIL,MENOMINEE,MENOMINEE TOWN WARDS 3 - 5,SPRING GENERAL,JUSTICE OF THE SUPREME COURT,NONPARTISAN,SCATTERING,281,1
2001,APRIL,MILWAUKEE,BAYSIDE VILLAGE WARDS 1 & 4,SPRING GENERAL,JUSTICE OF THE SUPREME COURT,NONPARTISAN,"DAVID T PROSSER, JR.",105,104
2001,APRIL,MILWAUKEE,BAYSIDE VILLAGE WARDS 1 & 4,SPRING GENERAL,JUSTICE OF THE SUPREME COURT,NONPARTISAN,SCATTERING,105,1
2001,APRIL,MILWAUKEE,BAYSIDE VILLAGE WARDS 2 & 5,SPRING GENERAL,JUSTICE OF THE SUPREME COURT,NONPARTISAN,"DAVID T PROSSER, JR.",210,208
2001,APRIL,MILWAUKEE,BAYSIDE VILLAGE WARDS 2 & 5,SPRING GENERAL,JUSTICE OF THE SUPREME COURT,NONPARTISAN,SCATTERING,210,2
2001,APRIL,MILWAUKEE,BAYSIDE VILLAGE WARDS 3 & 7,SPRING GENERAL,JUSTICE OF THE SUPREME COURT,NONPARTISAN,"DAVID T PROSSER, JR.",222,219
2001,APRIL,MILWAUKEE,BAYSIDE VILLAGE WARDS 3 & 7,SPRING GENERAL,JUSTICE OF THE SUPREME COURT,NONPARTISAN,SCATTERING,222,3
2001,APRIL,MILWAUKEE,BROWN DEER VILLAGE WARDS 1 - 3,SPRING GENERAL,JUSTICE OF THE SUPREME COURT,NONPARTISAN,"DAVID T PROSSER, JR.",616,612
2001,APRIL,MILWAUKEE,BROWN DEER VILLAGE WARDS 1 - 3,SPRING GENERAL,JUSTICE OF THE SUPREME COURT,NONPARTISAN,SCATTERING,616,4
2001,APRIL,MILWAUKEE,BROWN DEER VILLAGE WARDS 4 & 7,SPRING GENERAL,JUSTICE OF THE SUPREME COURT,NONPARTISAN,"DAVID T PROSSER, JR.",401,400
2001,APRIL,MILWAUKEE,BROWN DEER VILLAGE WARDS 4 & 7,SPRING GENERAL,JUSTICE OF THE SUPREME COURT,NONPARTISAN,SCATTERING,401,1
2001,APRIL,MILWAUKEE,BROWN DEER VILLAGE WARDS 5 & 8,SPRING GENERAL,JUSTICE OF THE SUPREME COURT,NONPARTISAN,"DAVID T PROSSER, JR.",352,352
2001,APRIL,MILWAUKEE,BROWN DEER VILLAGE WARDS 5 & 8,SPRING GENERAL,JUSTICE OF THE SUPREME COURT,NONPARTISAN,SCATTERING,352,0
2001,APRIL,MILWAUKEE,BROWN DEER VILLAGE WARDS 6 & 9,SPRING GENERAL,JUSTICE OF THE SUPREME COURT,NONPARTISAN,"DAVID T PROSSER, JR.",300,300
2001,APRIL,MILWAUKEE,BROWN DEER VILLAGE WARDS 6 & 9,SPRING GENERAL,JUSTICE OF THE SUPREME COURT,NONPARTISAN,SCATTERING,300,0
2001,APRIL,MILWAUKEE,FOX POINT VILLAGE WARDS 1 - 4,SPRING GENERAL,JUSTICE OF THE SUPREME COURT,NONPARTISAN,"DAVID T PROSSER, JR.",319,316
2001,APRIL,MILWAUKEE,FOX POINT VILLAGE WARDS 1 - 4,SPRING GENERAL,JUSTICE OF THE SUPREME COURT,NONPARTISAN,SCATTERING,319,3
2001,APRIL,MILWAUKEE,FOX POINT VILLAGE WARDS 5 - 9,SPRING GENERAL,JUSTICE OF THE SUPREME COURT,NONPARTISAN,"DAVID T PROSSER, JR.",442,435
2001,APRIL,MILWAUKEE,FOX POINT VILLAGE WARDS 5 - 9,SPRING GENERAL,JUSTICE OF THE SUPREME COURT,NONPARTISAN,SCATTERING,442,7
2001,APRIL,MILWAUKEE,GREENDALE VILLAGE WARDS 1 & 2,SPRING GENERAL,JUSTICE OF THE SUPREME COURT,NONPARTISAN,"DAVID T PROSSER, JR.",340,338
2001,APRIL,MILWAUKEE,GREENDALE VILLAGE WARDS 1 & 2,SPRING GENERAL,JUSTICE OF THE SUPREME COURT,NONPARTISAN,SCATTERING,340,2
2001,APRIL,MILWAUKEE,GREENDALE VILLAGE WARDS 3 & 4,SPRING GENERAL,JUSTICE OF THE SUPREME COURT,NONPARTISAN,"DAVID T PROSSER, JR.",482,479
2001,APRIL,MILWAUKEE,GREENDALE VILLAGE WARDS 3 & 4,SPRING GENERAL,JUSTICE OF THE SUPREME COURT,NONPARTISAN,SCATTERING,482,3
2001,APRIL,MILWAUKEE,GREENDALE VILLAGE WARDS 5 & 6,SPRING GENERAL,JUSTICE OF THE SUPREME COURT,NONPARTISAN,"DAVID T PROSSER, JR.",383,381
2001,APRIL,MILWAUKEE,GREENDALE VILLAGE WARDS 5 & 6,SPRING GENERAL,JUSTICE OF THE SUPREME COURT,NONPARTISAN,SCATTERING,383,2
2001,APRIL,MILWAUKEE,GREENDALE VILLAGE WARDS 7 & 8,SPRING GENERAL,JUSTICE OF THE SUPREME COURT,NONPARTISAN,"DAVID T PROSSER, JR.",351,350
2001,APRIL,MILWAUKEE,GREENDALE VILLAGE WARDS 7 & 8,SPRING GENERAL,JUSTICE OF THE SUPREME COURT,NONPARTISAN,SCATTERING,351,1
2001,APRIL,MILWAUKEE,GREENDALE VILLAGE WARDS 9 & 10,SPRING GENERAL,JUSTICE OF THE SUPREME COURT,NONPARTISAN,"DAVID T PROSSER, JR.",448,446
2001,APRIL,MILWAUKEE,GREENDALE VILLAGE WARDS 9 & 10,SPRING GENERAL,JUSTICE OF THE SUPREME COURT,NONPARTISAN,SCATTERING,448,2
2001,APRIL,MILWAUKEE,HALES CORNERS VILLAGE WARDS 1 - 3,SPRING GENERAL,JUSTICE OF THE SUPREME COURT,NONPARTISAN,"DAVID T PROSSER, JR.",239,239
2001,APRIL,MILWAUKEE,HALES CORNERS VILLAGE WARDS 1 - 3,SPRING GENERAL,JUSTICE OF THE SUPREME COURT,NONPARTISAN,SCATTERING,239,0
2001,APRIL,MILWAUKEE,HALES CORNERS VILLAGE WARDS 4 - 6,SPRING GENERAL,JUSTICE OF THE SUPREME COURT,NONPARTISAN,"DAVID T PROSSER, JR.",166,166
2001,APRIL,MILWAUKEE,HALES CORNERS VILLAGE WARDS 4 - 6,SPRING GENERAL,JUSTICE OF THE SUPREME COURT,NONPARTISAN,SCATTERING,166,0
2001,APRIL,MILWAUKEE,HALES CORNERS VILLAGE WARDS 7 - 9,SPRING GENERAL,JUSTICE OF THE SUPREME COURT,NONPARTISAN,"DAVID T PROSSER, JR.",198,196
2001,APRIL,MILWAUKEE,HALES CORNERS VILLAGE WARDS 7 - 9,SPRING GENERAL,JUSTICE OF THE SUPREME COURT,NONPARTISAN,SCATTERING,198,2
2001,APRIL,MILWAUKEE,RIVER HILLS VILLAGE WARD 1,SPRING GENERAL,JUSTICE OF THE SUPREME COURT,NONPARTISAN,"DAVID T PROSSER, JR.",32,31
2001,APRIL,MILWAUKEE,RIVER HILLS VILLAGE WARD 1,SPRING GENERAL,JUSTICE OF THE SUPREME COURT,NONPARTISAN,SCATTERING,32,1
2001,APRIL,MILWAUKEE,RIVER HILLS VILLAGE WARDS 2 & 3,SPRING GENERAL,JUSTICE OF THE SUPREME COURT,NONPARTISAN,"DAVID T PROSSER, JR.",149,147
2001,APRIL,MILWAUKEE,RIVER HILLS VILLAGE WARDS 2 & 3,SPRING GENERAL,JUSTICE OF THE SUPREME COURT,NONPARTISAN,SCATTERING,149,2
2001,APRIL,MILWAUKEE,SHOREWOOD VILLAGE WARDS 1 & 2,SPRING GENERAL,JUSTICE OF THE SUPREME COURT,NONPARTISAN,"DAVID T PROSSER, JR.",248,245
2001,APRIL,MILWAUKEE,SHOREWOOD VILLAGE WARDS 1 & 2,SPRING GENERAL,JUSTICE OF THE SUPREME COURT,NONPARTISAN,SCATTERING,248,3
2001,APRIL,MILWAUKEE,SHOREWOOD VILLAGE WARDS 3 & 4,SPRING GENERAL,JUSTICE OF THE SUPREME COURT,NONPARTISAN,"DAVID T PROSSER, JR.",331,322
2001,APRIL,MILWAUKEE,SHOREWOOD VILLAGE WARDS 3 & 4,SPRING GENERAL,JUSTICE OF THE SUPREME COURT,NONPARTISAN,SCATTERING,331,9
2001,APRIL,MILWAUKEE,SHOREWOOD VILLAGE WARDS 5 & 7,SPRING GENERAL,JUSTICE OF THE SUPREME COURT,NONPARTISAN,"DAVID T PROSSER, JR.",261,257
2001,APRIL,MILWAUKEE,SHOREWOOD VILLAGE WARDS 5 & 7,SPRING GENERAL,JUSTICE OF THE SUPREME COURT,NONPARTISAN,SCATTERING,261,4
2001,APRIL,MILWAUKEE,SHOREWOOD VILLAGE WARDS 6 & 8,SPRING GENERAL,JUSTICE OF THE SUPREME COURT,NONPARTISAN,"DAVID T PROSSER, JR.",232,228
2001,APRIL,MILWAUKEE,SHOREWOOD VILLAGE WARDS 6 & 8,SPRING GENERAL,JUSTICE OF THE SUPREME COURT,NONPARTISAN,SCATTERING,232,4
2001,APRIL,MILWAUKEE,SHOREWOOD VILLAGE WARDS 9 & 10,SPRING GENERAL,JUSTICE OF THE SUPREME COURT,NONPARTISAN,"DAVID T PROSSER, JR.",218,215
2001,APRIL,MILWAUKEE,SHOREWOOD VILLAGE WARDS 9 & 10,SPRING GENERAL,JUSTICE OF THE SUPREME COURT,NONPARTISAN,SCATTERING,218,3
2001,APRIL,MILWAUKEE,SHOREWOOD VILLAGE WARDS 11 & 12,SPRING GENERAL,JUSTICE OF THE SUPREME COURT,NONPARTISAN,"DAVID T PROSSER, JR.",177,175
2001,APRIL,MILWAUKEE,SHOREWOOD VILLAGE WARDS 11 & 12,SPRING GENERAL,JUSTICE OF THE SUPREME COURT,NONPARTISAN,SCATTERING,177,2
2001,APRIL,MILWAUKEE,"WEST MILWAUKEE VILLAGE WARDS 1, 2 & 5",SPRING GENERAL,JUSTICE OF THE SUPREME COURT,NONPARTISAN,"DAVID T PROSSER, JR.",78,78
2001,APRIL,MILWAUKEE,"WEST MILWAUKEE VILLAGE WARDS 1, 2 & 5",SPRING GENERAL,JUSTICE OF THE SUPREME COURT,NONPARTISAN,SCATTERING,78,0
2001,APRIL,MILWAUKEE,WEST MILWAUKEE VILLAGE WARDS 3 & 4,SPRING GENERAL,JUSTICE OF THE SUPREME COURT,NONPARTISAN,"DAVID T PROSSER, JR.",73,72
2001,APRIL,MILWAUKEE,WEST MILWAUKEE VILLAGE WARDS 3 & 4,SPRING GENERAL,JUSTICE OF THE SUPREME COURT,NONPARTISAN,SCATTERING,73,1
2001,APRIL,MILWAUKEE,WHITEFISH BAY VILLAGE WARDS 1 & 2,SPRING GENERAL,JUSTICE OF THE SUPREME COURT,NONPARTISAN,"DAVID T PROSSER, JR.",143,139
2001,APRIL,MILWAUKEE,WHITEFISH BAY VILLAGE WARDS 1 & 2,SPRING GENERAL,JUSTICE OF THE SUPREME COURT,NONPARTISAN,SCATTERING,143,4
2001,APRIL,MILWAUKEE,WHITEFISH BAY VILLAGE WARDS 3 & 4,SPRING GENERAL,JUSTICE OF THE SUPREME COURT,NONPARTISAN,"DAVID T PROSSER, JR.",164,160
2001,APRIL,MILWAUKEE,WHITEFISH BAY VILLAGE WARDS 3 & 4,SPRING GENERAL,JUSTICE OF THE SUPREME COURT,NONPARTISAN,SCATTERING,164,4
2001,APRIL,MILWAUKEE,WHITEFISH BAY VILLAGE WARDS 5 & 6,SPRING GENERAL,JUSTICE OF THE SUPREME COURT,NONPARTISAN,"DAVID T PROSSER, JR.",171,170
2001,APRIL,MILWAUKEE,WHITEFISH BAY VILLAGE WARDS 5 & 6,SPRING GENERAL,JUSTICE OF THE SUPREME COURT,NONPARTISAN,SCATTERING,171,1
2001,APRIL,MILWAUKEE,WHITEFISH BAY VILLAGE WARDS 7 & 8,SPRING GENERAL,JUSTICE OF THE SUPREME COURT,NONPARTISAN,"DAVID T PROSSER, JR.",207,202
2001,APRIL,MILWAUKEE,WHITEFISH BAY VILLAGE WARDS 7 & 8,SPRING GENERAL,JUSTICE OF THE SUPREME COURT,NONPARTISAN,SCATTERING,207,5
2001,APRIL,MILWAUKEE,WHITEFISH BAY VILLAGE WARD 9,SPRING GENERAL,JUSTICE OF THE SUPREME COURT,NONPARTISAN,"DAVID T PROSSER, JR.",95,93
2001,APRIL,MILWAUKEE,WHITEFISH BAY VILLAGE WARD 9,SPRING GENERAL,JUSTICE OF THE SUPREME COURT,NONPARTISAN,SCATTERING,95,2
2001,APRIL,MILWAUKEE,WHITEFISH BAY VILLAGE WARD 10,SPRING GENERAL,JUSTICE OF THE SUPREME COURT,NONPARTISAN,"DAVID T PROSSER, JR.",101,100
2001,APRIL,MILWAUKEE,WHITEFISH BAY VILLAGE WARD 10,SPRING GENERAL,JUSTICE OF THE SUPREME COURT,NONPARTISAN,SCATTERING,101,1
2001,APRIL,MILWAUKEE,WHITEFISH BAY VILLAGE WARDS 11 & 12,SPRING GENERAL,JUSTICE OF THE SUPREME COURT,NONPARTISAN,"DAVID T PROSSER, JR.",206,205
2001,APRIL,MILWAUKEE,WHITEFISH BAY VILLAGE WARDS 11 & 12,SPRING GENERAL,JUSTICE OF THE SUPREME COURT,NONPARTISAN,SCATTERING,206,1
2001,APRIL,MILWAUKEE,CUDAHY CITY WARDS 1 - 3,SPRING GENERAL,JUSTICE OF THE SUPREME COURT,NONPARTISAN,"DAVID T PROSSER, JR.",455,454
2001,APRIL,MILWAUKEE,CUDAHY CITY WARDS 1 - 3,SPRING GENERAL,JUSTICE OF THE SUPREME COURT,NONPARTISAN,SCATTERING,455,1
2001,APRIL,MILWAUKEE,CUDAHY CITY WARDS 4 & 5,SPRING GENERAL,JUSTICE OF THE SUPREME COURT,NONPARTISAN,"DAVID T PROSSER, JR.",219,216
2001,APRIL,MILWAUKEE,CUDAHY CITY WARDS 4 & 5,SPRING GENERAL,JUSTICE OF THE SUPREME COURT,NONPARTISAN,SCATTERING,219,3
2001,APRIL,MILWAUKEE,CUDAHY CITY WARD 6,SPRING GENERAL,JUSTICE OF THE SUPREME COURT,NONPARTISAN,"DAVID T PROSSER, JR.",56,55
2001,APRIL,MILWAUKEE,CUDAHY CITY WARD 6,SPRING GENERAL,JUSTICE OF THE SUPREME COURT,NONPARTISAN,SCATTERING,56,1
2001,APRIL,MILWAUKEE,CUDAHY CITY WARDS 7 & 8,SPRING GENERAL,JUSTICE OF THE SUPREME COURT,NONPARTISAN,"DAVID T PROSSER, JR.",285,281
2001,APRIL,MILWAUKEE,CUDAHY CITY WARDS 7 & 8,SPRING GENERAL,JUSTICE OF THE SUPREME COURT,NONPARTISAN,SCATTERING,285,4
2001,APRIL,MILWAUKEE,CUDAHY CITY WARD 9,SPRING GENERAL,JUSTICE OF THE SUPREME COURT,NONPARTISAN,"DAVID T PROSSER, JR.",113,113
2001,APRIL,MILWAUKEE,CUDAHY CITY WARD 9,SPRING GENERAL,JUSTICE OF THE SUPREME COURT,NONPARTISAN,SCATTERING,113,0
2001,APRIL,MILWAUKEE,CUDAHY CITY WARD 10,SPRING GENERAL,JUSTICE OF THE SUPREME COURT,NONPARTISAN,"DAVID T PROSSER, JR.",194,194
2001,APRIL,MILWAUKEE,CUDAHY CITY WARD 10,SPRING GENERAL,JUSTICE OF THE SUPREME COURT,NONPARTISAN,SCATTERING,194,0
2001,APRIL,MILWAUKEE,CUDAHY CITY WARDS 11 & 12,SPRING GENERAL,JUSTICE OF THE SUPREME COURT,NONPARTISAN,"DAVID T PROSSER, JR.",240,240
2001,APRIL,MILWAUKEE,CUDAHY CITY WARDS 11 & 12,SPRING GENERAL,JUSTICE OF THE SUPREME COURT,NONPARTISAN,SCATTERING,240,0
2001,APRIL,MILWAUKEE,CUDAHY CITY WARDS 13 & 14,SPRING GENERAL,JUSTICE OF THE SUPREME COURT,NONPARTISAN,"DAVID T PROSSER, JR.",199,197
2001,APRIL,MILWAUKEE,CUDAHY CITY WARDS 13 & 14,SPRING GENERAL,JUSTICE OF THE SUPREME COURT,NONPARTISAN,SCATTERING,199,2
2001,APRIL,MILWAUKEE,CUDAHY CITY WARD 15,SPRING GENERAL,JUSTICE OF THE SUPREME COURT,NONPARTISAN,"DAVID T PROSSER, JR.",216,216
2001,APRIL,MILWAUKEE,CUDAHY CITY WARD 15,SPRING GENERAL,JUSTICE OF THE SUPREME COURT,NONPARTISAN,SCATTERING,216,0
2001,APRIL,MILWAUKEE,FRANKLIN CITY WARDS 1 & 2,SPRING GENERAL,JUSTICE OF THE SUPREME COURT,NONPARTISAN,"DAVID T PROSSER, JR.",235,234
2001,APRIL,MILWAUKEE,FRANKLIN CITY WARDS 1 & 2,SPRING GENERAL,JUSTICE OF THE SUPREME COURT,NONPARTISAN,SCATTERING,235,1
2001,APRIL,MILWAUKEE,FRANKLIN CITY WARDS 3 - 5,SPRING GENERAL,JUSTICE OF THE SUPREME COURT,NONPARTISAN,"DAVID T PROSSER, JR.",471,468
2001,APRIL,MILWAUKEE,FRANKLIN CITY WARDS 3 - 5,SPRING GENERAL,JUSTICE OF THE SUPREME COURT,NONPARTISAN,SCATTERING,471,3
2001,APRIL,MILWAUKEE,FRANKLIN CITY WARDS 6 - 8,SPRING GENERAL,JUSTICE OF THE SUPREME COURT,NONPARTISAN,"DAVID T PROSSER, JR.",639,633
2001,APRIL,MILWAUKEE,FRANKLIN CITY WARDS 6 - 8,SPRING GENERAL,JUSTICE OF THE SUPREME COURT,NONPARTISAN,SCATTERING,639,6
2001,APRIL,MILWAUKEE,FRANKLIN CITY WARDS 9 - 12,SPRING GENERAL,JUSTICE OF THE SUPREME COURT,NONPARTISAN,"DAVID T PROSSER, JR.",175,173
2001,APRIL,MILWAUKEE,FRANKLIN CITY WARDS 9 - 12,SPRING GENERAL,JUSTICE OF THE SUPREME COURT,NONPARTISAN,SCATTERING,175,2
2001,APRIL,MILWAUKEE,FRANKLIN CITY WARDS 13 - 15,SPRING GENERAL,JUSTICE OF THE SUPREME COURT,NONPARTISAN,"DAVID T PROSSER, JR.",284,284
2001,APRIL,MILWAUKEE,FRANKLIN CITY WARDS 13 - 15,SPRING GENERAL,JUSTICE OF THE SUPREME COURT,NONPARTISAN,SCATTERING,284,0
2001,APRIL,MILWAUKEE,FRANKLIN CITY WARDS 16 & 17,SPRING GENERAL,JUSTICE OF THE SUPREME COURT,NONPARTISAN,"DAVID T PROSSER, JR.",286,286
2001,APRIL,MILWAUKEE,FRANKLIN CITY WARDS 16 & 17,SPRING GENERAL,JUSTICE OF THE SUPREME COURT,NONPARTISAN,SCATTERING,286,0
2001,APRIL,MILWAUKEE,GLENDALE CITY WARDS 1 & 7,SPRING GENERAL,JUSTICE OF THE SUPREME COURT,NONPARTISAN,"DAVID T PROSSER, JR.",220,219
2001,APRIL,MILWAUKEE,GLENDALE CITY WARDS 1 & 7,SPRING GENERAL,JUSTICE OF THE SUPREME COURT,NONPARTISAN,SCATTERING,220,1
2001,APRIL,MILWAUKEE,GLENDALE CITY WARDS 2 & 8,SPRING GENERAL,JUSTICE OF THE SUPREME COURT,NONPARTISAN,"DAVID T PROSSER, JR.",304,302
2001,APRIL,MILWAUKEE,GLENDALE CITY WARDS 2 & 8,SPRING GENERAL,JUSTICE OF THE SUPREME COURT,NONPARTISAN,SCATTERING,304,2
2001,APRIL,MILWAUKEE,GLENDALE CITY WARDS 3 & 9,SPRING GENERAL,JUSTICE OF THE SUPREME COURT,NONPARTISAN,"DAVID T PROSSER, JR.",288,286
2001,APRIL,MILWAUKEE,GLENDALE CITY WARDS 3 & 9,SPRING GENERAL,JUSTICE OF THE SUPREME COURT,NONPARTISAN,SCATTERING,288,2
2001,APRIL,MILWAUKEE,GLENDALE CITY WARDS 4 & 10,SPRING GENERAL,JUSTICE OF THE SUPREME COURT,NONPARTISAN,"DAVID T PROSSER, JR.",331,329
2001,APRIL,MILWAUKEE,GLENDALE CITY WARDS 4 & 10,SPRING GENERAL,JUSTICE OF THE SUPREME COURT,NONPARTISAN,SCATTERING,331,2
2001,APRIL,MILWAUKEE,GLENDALE CITY WARDS 5 & 11,SPRING GENERAL,JUSTICE OF THE SUPREME COURT,NONPARTISAN,"DAVID T PROSSER, JR.",381,376
2001,APRIL,MILWAUKEE,GLENDALE CITY WARDS 5 & 11,SPRING GENERAL,JUSTICE OF THE SUPREME COURT,NONPARTISAN,SCATTERING,381,5
2001,APRIL,MILWAUKEE,GLENDALE CITY WARDS 6 & 12,SPRING GENERAL,JUSTICE OF THE SUPREME COURT,NONPARTISAN,"DAVID T PROSSER, JR.",247,242
2001,APRIL,MILWAUKEE,GLENDALE CITY WARDS 6 & 12,SPRING GENERAL,JUSTICE OF THE SUPREME COURT,NONPARTISAN,SCATTERING,247,5
2001,APRIL,MILWAUKEE,GREENFIELD CITY WARD 1,SPRING GENERAL,JUSTICE OF THE SUPREME COURT,NONPARTISAN,"DAVID T PROSSER, JR.",131,130
2001,APRIL,MILWAUKEE,GREENFIELD CITY WARD 1,SPRING GENERAL,JUSTICE OF THE SUPREME COURT,NONPARTISAN,SCATTERING,131,1
2001,APRIL,MILWAUKEE,GREENFIELD CITY WARD 2,SPRING GENERAL,JUSTICE OF THE SUPREME COURT,NONPARTISAN,"DAVID T PROSSER, JR.",265,261
2001,APRIL,MILWAUKEE,GREENFIELD CITY WARD 2,SPRING GENERAL,JUSTICE OF THE SUPREME COURT,NONPARTISAN,SCATTERING,265,4
2001,APRIL,MILWAUKEE,GREENFIELD CITY WARD 3,SPRING GENERAL,JUSTICE OF THE SUPREME COURT,NONPARTISAN,"DAVID T PROSSER, JR.",206,203
2001,APRIL,MILWAUKEE,GREENFIELD CITY WARD 3,SPRING GENERAL,JUSTICE OF THE SUPREME COURT,NONPARTISAN,SCATTERING,206,3
2001,APRIL,MILWAUKEE,GREENFIELD CITY WARD 4,SPRING GENERAL,JUSTICE OF THE SUPREME COURT,NONPARTISAN,"DAVID T PROSSER, JR.",119,119
2001,APRIL,MILWAUKEE,GREENFIELD CITY WARD 4,SPRING GENERAL,JUSTICE OF THE SUPREME COURT,NONPARTISAN,SCATTERING,119,0
2001,APRIL,MILWAUKEE,GREENFIELD CITY WARD 5,SPRING GENERAL,JUSTICE OF THE SUPREME COURT,NONPARTISAN,"DAVID T PROSSER, JR.",99,97
2001,APRIL,MILWAUKEE,GREENFIELD CITY WARD 5,SPRING GENERAL,JUSTICE OF THE SUPREME COURT,NONPARTISAN,SCATTERING,99,2
2001,APRIL,MILWAUKEE,GREENFIELD CITY WARD 6,SPRING GENERAL,JUSTICE OF THE SUPREME COURT,NONPARTISAN,"DAVID T PROSSER, JR.",67,67
2001,APRIL,MILWAUKEE,GREENFIELD CITY WARD 6,SPRING GENERAL,JUSTICE OF THE SUPREME COURT,NONPARTISAN,SCATTERING,67,0
2001,APRIL,MILWAUKEE,GREENFIELD CITY WARD 7,SPRING GENERAL,JUSTICE OF THE SUPREME COURT,NONPARTISAN,"DAVID T PROSSER, JR.",209,209
2001,APRIL,MILWAUKEE,GREENFIELD CITY WARD 7,SPRING GENERAL,JUSTICE OF THE SUPREME COURT,NONPARTISAN,SCATTERING,209,0
2001,APRIL,MILWAUKEE,GREENFIELD CITY WARD 8,SPRING GENERAL,JUSTICE OF THE SUPREME COURT,NONPARTISAN,"DAVID T PROSSER, JR.",162,160
2001,APRIL,MILWAUKEE,GREENFIELD CITY WARD 8,SPRING GENERAL,JUSTICE OF THE SUPREME COURT,NONPARTISAN,SCATTERING,162,2
2001,APRIL,MILWAUKEE,GREENFIELD CITY WARDS 9 & 10,SPRING GENERAL,JUSTICE OF THE SUPREME COURT,NONPARTISAN,"DAVID T PROSSER, JR.",272,269
2001,APRIL,MILWAUKEE,GREENFIELD CITY WARDS 9 & 10,SPRING GENERAL,JUSTICE OF THE SUPREME COURT,NONPARTISAN,SCATTERING,272,3
2001,APRIL,MILWAUKEE,GREENFIELD CITY WARD 11,SPRING GENERAL,JUSTICE OF THE SUPREME COURT,NONPARTISAN,"DAVID T PROSSER, JR.",303,298
2001,APRIL,MILWAUKEE,GREENFIELD CITY WARD 11,SPRING GENERAL,JUSTICE OF THE SUPREME COURT,NONPARTISAN,SCATTERING,303,5
2001,APRIL,MILWAUKEE,GREENFIELD CITY WARD 12,SPRING GENERAL,JUSTICE OF THE SUPREME COURT,NONPARTISAN,"DAVID T PROSSER, JR.",299,297
2001,APRIL,MILWAUKEE,GREENFIELD CITY WARD 12,SPRING GENERAL,JUSTICE OF THE SUPREME COURT,NONPARTISAN,SCATTERING,299,2
2001,APRIL,MILWAUKEE,GREENFIELD CITY WARD 13,SPRING GENERAL,JUSTICE OF THE SUPREME COURT,NONPARTISAN,"DAVID T PROSSER, JR.",182,181
2001,APRIL,MILWAUKEE,GREENFIELD CITY WARD 13,SPRING GENERAL,JUSTICE OF THE SUPREME COURT,NONPARTISAN,SCATTERING,182,1
2001,APRIL,MILWAUKEE,GREENFIELD CITY WARD 14,SPRING GENERAL,JUSTICE OF THE SUPREME COURT,NONPARTISAN,"DAVID T PROSSER, JR.",111,110
2001,APRIL,MILWAUKEE,GREENFIELD CITY WARD 14,SPRING GENERAL,JUSTICE OF THE SUPREME COURT,NONPARTISAN,SCATTERING,111,1
2001,APRIL,MILWAUKEE,GREENFIELD CITY WARD 15,SPRING GENERAL,JUSTICE OF THE SUPREME COURT,NONPARTISAN,"DAVID T PROSSER, JR.",303,299
2001,APRIL,MILWAUKEE,GREENFIELD CITY WARD 15,SPRING GENERAL,JUSTICE OF THE SUPREME COURT,NONPARTISAN,SCATTERING,303,4
2001,APRIL,MILWAUKEE,GREENFIELD CITY WARD 16,SPRING GENERAL,JUSTICE OF THE SUPREME COURT,NONPARTISAN,"DAVID T PROSSER, JR.",200,200
2001,APRIL,MILWAUKEE,GREENFIELD CITY WARD 16,SPRING GENERAL,JUSTICE OF THE SUPREME COURT,NONPARTISAN,SCATTERING,200,0
2001,APRIL,MILWAUKEE,GREENFIELD CITY WARD 17,SPRING GENERAL,JUSTICE OF THE SUPREME COURT,NONPARTISAN,"DAVID T PROSSER, JR.",166,166
2001,APRIL,MILWAUKEE,GREENFIELD CITY WARD 17,SPRING GENERAL,JUSTICE OF THE SUPREME COURT,NONPARTISAN,SCATTERING,166,0
2001,APRIL,MILWAUKEE,GREENFIELD CITY WARD 18,SPRING GENERAL,JUSTICE OF THE SUPREME COURT,NONPARTISAN,"DAVID T PROSSER, JR.",177,176
2001,APRIL,MILWAUKEE,GREENFIELD CITY WARD 18,SPRING GENERAL,JUSTICE OF THE SUPREME COURT,NONPARTISAN,SCATTERING,177,1
2001,APRIL,MILWAUKEE,GREENFIELD CITY WARD 19,SPRING GENERAL,JUSTICE OF THE SUPREME COURT,NONPARTISAN,"DAVID T PROSSER, JR.",187,187
2001,APRIL,MILWAUKEE,GREENFIELD CITY WARD 19,SPRING GENERAL,JUSTICE OF THE SUPREME COURT,NONPARTISAN,SCATTERING,187,0
2001,APRIL,MILWAUKEE,GREENFIELD CITY WARD 20,SPRING GENERAL,JUSTICE OF THE SUPREME COURT,NONPARTISAN,"DAVID T PROSSER, JR.",138,137
2001,APRIL,MILWAUKEE,GREENFIELD CITY WARD 20,SPRING GENERAL,JUSTICE OF THE SUPREME COURT,NONPARTISAN,SCATTERING,138,1
2001,APRIL,MILWAUKEE,GREENFIELD CITY WARD 21,SPRING GENERAL,JUSTICE OF THE SUPREME COURT,NONPARTISAN,"DAVID T PROSSER, JR.",102,101
2001,APRIL,MILWAUKEE,GREENFIELD CITY WARD 21,SPRING GENERAL,JUSTICE OF THE SUPREME COURT,NONPARTISAN,SCATTERING,102,1
2001,APRIL,MILWAUKEE,GREENFIELD CITY WARD 22,SPRING GENERAL,JUSTICE OF THE SUPREME COURT,NONPARTISAN,"DAVID T PROSSER, JR.",358,357
2001,APRIL,MILWAUKEE,GREENFIELD CITY WARD 22,SPRING GENERAL,JUSTICE OF THE SUPREME COURT,NONPARTISAN,SCATTERING,358,1
2001,APRIL,MILWAUKEE,MILWAUKEE CITY WARD 1,SPRING GENERAL,JUSTICE OF THE SUPREME COURT,NONPARTISAN,"DAVID T PROSSER, JR.",113,110
2001,APRIL,MILWAUKEE,MILWAUKEE CITY WARD 1,SPRING GENERAL,JUSTICE OF THE SUPREME COURT,NONPARTISAN,SCATTERING,113,3
2001,APRIL,MILWAUKEE,MILWAUKEE CITY WARD 2,SPRING GENERAL,JUSTICE OF THE SUPREME COURT,NONPARTISAN,"DAVID T PROSSER, JR.",30,29
2001,APRIL,MILWAUKEE,MILWAUKEE CITY WARD 2,SPRING GENERAL,JUSTICE OF THE SUPREME COURT,NONPARTISAN,SCATTERING,30,1
2001,APRIL,MILWAUKEE,MILWAUKEE CITY WARD 3,SPRING GENERAL,JUSTICE OF THE SUPREME COURT,NONPARTISAN,"DAVID T PROSSER, JR.",54,52
2001,APRIL,MILWAUKEE,MILWAUKEE CITY WARD 3,SPRING GENERAL,JUSTICE OF THE SUPREME COURT,NONPARTISAN,SCATTERING,54,2
2001,APRIL,MILWAUKEE,MILWAUKEE CITY WARD 4,SPRING GENERAL,JUSTICE OF THE SUPREME COURT,NONPARTISAN,"DAVID T PROSSER, JR.",38,36
2001,APRIL,MILWAUKEE,MILWAUKEE CITY WARD 4,SPRING GENERAL,JUSTICE OF THE SUPREME COURT,NONPARTISAN,SCATTERING,38,2
2001,APRIL,MILWAUKEE,MILWAUKEE CITY WARD 5,SPRING GENERAL,JUSTICE OF THE SUPREME COURT,NONPARTISAN,"DAVID T PROSSER, JR.",17,17
2001,APRIL,MILWAUKEE,MILWAUKEE CITY WARD 5,SPRING GENERAL,JUSTICE OF THE SUPREME COURT,NONPARTISAN,SCATTERING,17,0
2001,APRIL,MILWAUKEE,MILWAUKEE CITY WARD 6,SPRING GENERAL,JUSTICE OF THE SUPREME COURT,NONPARTISAN,"DAVID T PROSSER, JR.",29,29
2001,APRIL,MILWAUKEE,MILWAUKEE CITY WARD 6,SPRING GENERAL,JUSTICE OF THE SUPREME COURT,NONPARTISAN,SCATTERING,29,0
2001,APRIL,MILWAUKEE,MILWAUKEE CITY WARD 7,SPRING GENERAL,JUSTICE OF THE SUPREME COURT,NONPARTISAN,"DAVID T PROSSER, JR.",28,27
2001,APRIL,MILWAUKEE,MILWAUKEE CITY WARD 7,SPRING GENERAL,JUSTICE OF THE SUPREME COURT,NONPARTISAN,SCATTERING,28,1
2001,APRIL,MILWAUKEE,MILWAUKEE CITY WARD 8,SPRING GENERAL,JUSTICE OF THE SUPREME COURT,NONPARTISAN,"DAVID T PROSSER, JR.",43,43
2001,APRIL,MILWAUKEE,MILWAUKEE CITY WARD 8,SPRING GENERAL,JUSTICE OF THE SUPREME COURT,NONPARTISAN,SCATTERING,43,0
2001,APRIL,MILWAUKEE,MILWAUKEE CITY WARD 9,SPRING GENERAL,JUSTICE OF THE SUPREME COURT,NONPARTISAN,"DAVID T PROSSER, JR.",42,42
2001,APRIL,MILWAUKEE,MILWAUKEE CITY WARD 9,SPRING GENERAL,JUSTICE OF THE SUPREME COURT,NONPARTISAN,SCATTERING,42,0
2001,APRIL,MILWAUKEE,MILWAUKEE CITY WARD 10,SPRING GENERAL,JUSTICE OF THE SUPREME COURT,NONPARTISAN,"DAVID T PROSSER, JR.",37,37
2001,APRIL,MILWAUKEE,MILWAUKEE CITY WARD 10,SPRING GENERAL,JUSTICE OF THE SUPREME COURT,NONPARTISAN,SCATTERING,37,0
2001,APRIL,MILWAUKEE,MILWAUKEE CITY WARD 11,SPRING GENERAL,JUSTICE OF THE SUPREME COURT,NONPARTISAN,"DAVID T PROSSER, JR.",21,21
2001,APRIL,MILWAUKEE,MILWAUKEE CITY WARD 11,SPRING GENERAL,JUSTICE OF THE SUPREME COURT,NONPARTISAN,SCATTERING,21,0
2001,APRIL,MILWAUKEE,MILWAUKEE CITY WARD 12,SPRING GENERAL,JUSTICE OF THE SUPREME COURT,NONPARTISAN,"DAVID T PROSSER, JR.",19,19
2001,APRIL,MILWAUKEE,MILWAUKEE CITY WARD 12,SPRING GENERAL,JUSTICE OF THE SUPREME COURT,NONPARTISAN,SCATTERING,19,0
2001,APRIL,MILWAUKEE,MILWAUKEE CITY WARD 13,SPRING GENERAL,JUSTICE OF THE SUPREME COURT,NONPARTISAN,"DAVID T PROSSER, JR.",77,75
2001,APRIL,MILWAUKEE,MILWAUKEE CITY WARD 13,SPRING GENERAL,JUSTICE OF THE SUPREME COURT,NONPARTISAN,SCATTERING,77,2
2001,APRIL,MILWAUKEE,MILWAUKEE CITY WARD 14,SPRING GENERAL,JUSTICE OF THE SUPREME COURT,NONPARTISAN,"DAVID T PROSSER, JR.",40,38
2001,APRIL,MILWAUKEE,MILWAUKEE CITY WARD 14,SPRING GENERAL,JUSTICE OF THE SUPREME COURT,NONPARTISAN,SCATTERING,40,2
2001,APRIL,MILWAUKEE,MILWAUKEE CITY WARD 15,SPRING GENERAL,JUSTICE OF THE SUPREME COURT,NONPARTISAN,"DAVID T PROSSER, JR.",65,64
2001,APRIL,MILWAUKEE,MILWAUKEE CITY WARD 15,SPRING GENERAL,JUSTICE OF THE SUPREME COURT,NONPARTISAN,SCATTERING,65,1
2001,APRIL,MILWAUKEE,MILWAUKEE CITY WARD 16,SPRING GENERAL,JUSTICE OF THE SUPREME COURT,NONPARTISAN,"DAVID T PROSSER, JR.",25,24
2001,APRIL,MILWAUKEE,MILWAUKEE CITY WARD 16,SPRING GENERAL,JUSTICE OF THE SUPREME COURT,NONPARTISAN,SCATTERING,25,1
2001,APRIL,MILWAUKEE,MILWAUKEE CITY WARD 17,SPRING GENERAL,JUSTICE OF THE SUPREME COURT,NONPARTISAN,"DAVID T PROSSER, JR.",88,87
2001,APRIL,MILWAUKEE,MILWAUKEE CITY WARD 17,SPRING GENERAL,JUSTICE OF THE SUPREME COURT,NONPARTISAN,SCATTERING,88,1
2001,APRIL,MILWAUKEE,MILWAUKEE CITY WARD 18,SPRING GENERAL,JUSTICE OF THE SUPREME COURT,NONPARTISAN,"DAVID T PROSSER, JR.",42,41
2001,APRIL,MILWAUKEE,MILWAUKEE CITY WARD 18,SPRING GENERAL,JUSTICE OF THE SUPREME COURT,NONPARTISAN,SCATTERING,42,1
2001,APRIL,MILWAUKEE,MILWAUKEE CITY WARD 19,SPRING GENERAL,JUSTICE OF THE SUPREME COURT,NONPARTISAN,"DAVID T PROSSER, JR.",42,42
2001,APRIL,MILWAUKEE,MILWAUKEE CITY WARD 19,SPRING GENERAL,JUSTICE OF THE SUPREME COURT,NONPARTISAN,SCATTERING,42,0
2001,APRIL,MILWAUKEE,MILWAUKEE CITY WARD 20,SPRING GENERAL,JUSTICE OF THE SUPREME COURT,NONPARTISAN,"DAVID T PROSSER, JR.",30,30
2001,APRIL,MILWAUKEE,MILWAUKEE CITY WARD 20,SPRING GENERAL,JUSTICE OF THE SUPREME COURT,NONPARTISAN,SCATTERING,30,0
2001,APRIL,MILWAUKEE,MILWAUKEE CITY WARD 21,SPRING GENERAL,JUSTICE OF THE SUPREME COURT,NONPARTISAN,"DAVID T PROSSER, JR.",58,58
2001,APRIL,MILWAUKEE,MILWAUKEE CITY WARD 21,SPRING GENERAL,JUSTICE OF THE SUPREME COURT,NONPARTISAN,SCATTERING,58,0
2001,APRIL,MILWAUKEE,MILWAUKEE CITY WARD 22,SPRING GENERAL,JUSTICE OF THE SUPREME COURT,NONPARTISAN,"DAVID T PROSSER, JR.",34,34
2001,APRIL,MILWAUKEE,MILWAUKEE CITY WARD 22,SPRING GENERAL,JUSTICE OF THE SUPREME COURT,NONPARTISAN,SCATTERING,34,0
2001,APRIL,MILWAUKEE,MILWAUKEE CITY WARD 23,SPRING GENERAL,JUSTICE OF THE SUPREME COURT,NONPARTISAN,"DAVID T PROSSER, JR.",40,40
2001,APRIL,MILWAUKEE,MILWAUKEE CITY WARD 23,SPRING GENERAL,JUSTICE OF THE SUPREME COURT,NONPARTISAN,SCATTERING,40,0
2001,APRIL,MILWAUKEE,MILWAUKEE CITY WARD 24,SPRING GENERAL,JUSTICE OF THE SUPREME COURT,NONPARTISAN,"DAVID T PROSSER, JR.",44,43
2001,APRIL,MILWAUKEE,MILWAUKEE CITY WARD 24,SPRING GENERAL,JUSTICE OF THE SUPREME COURT,NONPARTISAN,SCATTERING,44,1
2001,APRIL,MILWAUKEE,MILWAUKEE CITY WARD 25,SPRING GENERAL,JUSTICE OF THE SUPREME COURT,NONPARTISAN,"DAVID T PROSSER, JR.",49,47
2001,APRIL,MILWAUKEE,MILWAUKEE CITY WARD 25,SPRING GENERAL,JUSTICE OF THE SUPREME COURT,NONPARTISAN,SCATTERING,49,2
2001,APRIL,MILWAUKEE,MILWAUKEE CITY WARD 26,SPRING GENERAL,JUSTICE OF THE SUPREME COURT,NONPARTISAN,"DAVID T PROSSER, JR.",56,55
2001,APRIL,MILWAUKEE,MILWAUKEE CITY WARD 26,SPRING GENERAL,JUSTICE OF THE SUPREME COURT,NONPARTISAN,SCATTERING,56,1
2001,APRIL,MILWAUKEE,MILWAUKEE CITY WARD 27,SPRING GENERAL,JUSTICE OF THE SUPREME COURT,NONPARTISAN,"DAVID T PROSSER, JR.",82,81
2001,APRIL,MILWAUKEE,MILWAUKEE CITY WARD 27,SPRING GENERAL,JUSTICE OF THE SUPREME COURT,NONPARTISAN,SCATTERING,82,1
2001,APRIL,MILWAUKEE,MILWAUKEE CITY WARD 28,SPRING GENERAL,JUSTICE OF THE SUPREME COURT,NONPARTISAN,"DAVID T PROSSER, JR.",33,31
2001,APRIL,MILWAUKEE,MILWAUKEE CITY WARD 28,SPRING GENERAL,JUSTICE OF THE SUPREME COURT,NONPARTISAN,SCATTERING,33,2
2001,APRIL,MILWAUKEE,MILWAUKEE CITY WARD 29,SPRING GENERAL,JUSTICE OF THE SUPREME COURT,NONPARTISAN,"DAVID T PROSSER, JR.",54,53
2001,APRIL,MILWAUKEE,MILWAUKEE CITY WARD 29,SPRING GENERAL,JUSTICE OF THE SUPREME COURT,NONPARTISAN,SCATTERING,54,1
2001,APRIL,MILWAUKEE,MILWAUKEE CITY WARD 30,SPRING GENERAL,JUSTICE OF THE SUPREME COURT,NONPARTISAN,"DAVID T PROSSER, JR.",96,94
2001,APRIL,MILWAUKEE,MILWAUKEE CITY WARD 30,SPRING GENERAL,JUSTICE OF THE SUPREME COURT,NONPARTISAN,SCATTERING,96,2
2001,APRIL,MILWAUKEE,MILWAUKEE CITY WARD 31,SPRING GENERAL,JUSTICE OF THE SUPREME COURT,NONPARTISAN,"DAVID T PROSSER, JR.",45,45
2001,APRIL,MILWAUKEE,MILWAUKEE CITY WARD 31,SPRING GENERAL,JUSTICE OF THE SUPREME COURT,NONPARTISAN,SCATTERING,45,0
2001,APRIL,MILWAUKEE,MILWAUKEE CITY WARD 32,SPRING GENERAL,JUSTICE OF THE SUPREME COURT,NONPARTISAN,"DAVID T PROSSER, JR.",55,55
2001,APRIL,MILWAUKEE,MILWAUKEE CITY WARD 32,SPRING GENERAL,JUSTICE OF THE SUPREME COURT,NONPARTISAN,SCATTERING,55,0
2001,APRIL,MILWAUKEE,MILWAUKEE CITY WARD 33,SPRING GENERAL,JUSTICE OF THE SUPREME COURT,NONPARTISAN,"DAVID T PROSSER, JR.",64,58
2001,APRIL,MILWAUKEE,MILWAUKEE CITY WARD 33,SPRING GENERAL,JUSTICE OF THE SUPREME COURT,NONPARTISAN,SCATTERING,64,6
2001,APRIL,MILWAUKEE,MILWAUKEE CITY WARD 34,SPRING GENERAL,JUSTICE OF THE SUPREME COURT,NONPARTISAN,"DAVID T PROSSER, JR.",54,52
2001,APRIL,MILWAUKEE,MILWAUKEE CITY WARD 34,SPRING GENERAL,JUSTICE OF THE SUPREME COURT,NONPARTISAN,SCATTERING,54,2
2001,APRIL,MILWAUKEE,MILWAUKEE CITY WARD 35,SPRING GENERAL,JUSTICE OF THE SUPREME COURT,NONPARTISAN,"DAVID T PROSSER, JR.",65,65
2001,APRIL,MILWAUKEE,MILWAUKEE CITY WARD 35,SPRING GENERAL,JUSTICE OF THE SUPREME COURT,NONPARTISAN,SCATTERING,65,0
2001,APRIL,MILWAUKEE,MILWAUKEE CITY WARD 36,SPRING GENERAL,JUSTICE OF THE SUPREME COURT,NONPARTISAN,"DAVID T PROSSER, JR.",33,32
2001,APRIL,MILWAUKEE,MILWAUKEE CITY WARD 36,SPRING GENERAL,JUSTICE OF THE SUPREME COURT,NONPARTISAN,SCATTERING,33,1
2001,APRIL,MILWAUKEE,MILWAUKEE CITY WARD 37,SPRING GENERAL,JUSTICE OF THE SUPREME COURT,NONPARTISAN,"DAVID T PROSSER, JR.",90,86
2001,APRIL,MILWAUKEE,MILWAUKEE CITY WARD 37,SPRING GENERAL,JUSTICE OF THE SUPREME COURT,NONPARTISAN,SCATTERING,90,4
2001,APRIL,MILWAUKEE,MILWAUKEE CITY WARD 38,SPRING GENERAL,JUSTICE OF THE SUPREME COURT,NONPARTISAN,"DAVID T PROSSER, JR.",43,43
2001,APRIL,MILWAUKEE,MILWAUKEE CITY WARD 38,SPRING GENERAL,JUSTICE OF THE SUPREME COURT,NONPARTISAN,SCATTERING,43,0
2001,APRIL,MILWAUKEE,MILWAUKEE CITY WARD 39,SPRING GENERAL,JUSTICE OF THE SUPREME COURT,NONPARTISAN,"DAVID T PROSSER, JR.",97,93
2001,APRIL,MILWAUKEE,MILWAUKEE CITY WARD 39,SPRING GENERAL,JUSTICE OF THE SUPREME COURT,NONPARTISAN,SCATTERING,97,4
2001,APRIL,MILWAUKEE,MILWAUKEE CITY WARD 40,SPRING GENERAL,JUSTICE OF THE SUPREME COURT,NONPARTISAN,"DAVID T PROSSER, JR.",133,130
2001,APRIL,MILWAUKEE,MILWAUKEE CITY WARD 40,SPRING GENERAL,JUSTICE OF THE SUPREME COURT,NONPARTISAN,SCATTERING,133,3
2001,APRIL,MILWAUKEE,MILWAUKEE CITY WARD 41,SPRING GENERAL,JUSTICE OF THE SUPREME COURT,NONPARTISAN,"DAVID T PROSSER, JR.",66,64
2001,APRIL,MILWAUKEE,MILWAUKEE CITY WARD 41,SPRING GENERAL,JUSTICE OF THE SUPREME COURT,NONPARTISAN,SCATTERING,66,2
2001,APRIL,MILWAUKEE,MILWAUKEE CITY WARD 42,SPRING GENERAL,JUSTICE OF THE SUPREME COURT,NONPARTISAN,"DAVID T PROSSER, JR.",218,204
2001,APRIL,MILWAUKEE,MILWAUKEE CITY WARD 42,SPRING GENERAL,JUSTICE OF THE SUPREME COURT,NONPARTISAN,SCATTERING,218,14
2001,APRIL,MILWAUKEE,MILWAUKEE CITY WARD 43,SPRING GENERAL,JUSTICE OF THE SUPREME COURT,NONPARTISAN,"DAVID T PROSSER, JR.",92,86
2001,APRIL,MILWAUKEE,MILWAUKEE CITY WARD 43,SPRING GENERAL,JUSTICE OF THE SUPREME COURT,NONPARTISAN,SCATTERING,92,6
2001,APRIL,MILWAUKEE,MILWAUKEE CITY WARD 44,SPRING GENERAL,JUSTICE OF THE SUPREME COURT,NONPARTISAN,"DAVID T PROSSER, JR.",112,110
2001,APRIL,MILWAUKEE,MILWAUKEE CITY WARD 44,SPRING GENERAL,JUSTICE OF THE SUPREME COURT,NONPARTISAN,SCATTERING,112,2
2001,APRIL,MILWAUKEE,MILWAUKEE CITY WARD 45,SPRING GENERAL,JUSTICE OF THE SUPREME COURT,NONPARTISAN,"DAVID T PROSSER, JR.",350,340
2001,APRIL,MILWAUKEE,MILWAUKEE CITY WARD 45,SPRING GENERAL,JUSTICE OF THE SUPREME COURT,NONPARTISAN,SCATTERING,350,10
2001,APRIL,MILWAUKEE,MILWAUKEE CITY WARD 46,SPRING GENERAL,JUSTICE OF THE SUPREME COURT,NONPARTISAN,"DAVID T PROSSER, JR.",146,137
2001,APRIL,MILWAUKEE,MILWAUKEE CITY WARD 46,SPRING GENERAL,JUSTICE OF THE SUPREME COURT,NONPARTISAN,SCATTERING,146,9
2001,APRIL,MILWAUKEE,MILWAUKEE CITY WARD 47,SPRING GENERAL,JUSTICE OF THE SUPREME COURT,NONPARTISAN,"DAVID T PROSSER, JR.",108,100
2001,APRIL,MILWAUKEE,MILWAUKEE CITY WARD 47,SPRING GENERAL,JUSTICE OF THE SUPREME COURT,NONPARTISAN,SCATTERING,108,8
2001,APRIL,MILWAUKEE,MILWAUKEE CITY WARD 48,SPRING GENERAL,JUSTICE OF THE SUPREME COURT,NONPARTISAN,"DAVID T PROSSER, JR.",82,81
2001,APRIL,MILWAUKEE,MILWAUKEE CITY WARD 48,SPRING GENERAL,JUSTICE OF THE SUPREME COURT,NONPARTISAN,SCATTERING,82,1
2001,APRIL,MILWAUKEE,MILWAUKEE CITY WARD 49,SPRING GENERAL,JUSTICE OF THE SUPREME COURT,NONPARTISAN,"DAVID T PROSSER, JR.",74,71
2001,APRIL,MILWAUKEE,MILWAUKEE CITY WARD 49,SPRING GENERAL,JUSTICE OF THE SUPREME COURT,NONPARTISAN,SCATTERING,74,3
2001,APRIL,MILWAUKEE,MILWAUKEE CITY WARD 50,SPRING GENERAL,JUSTICE OF THE SUPREME COURT,NONPARTISAN,"DAVID T PROSSER, JR.",75,73
2001,APRIL,MILWAUKEE,MILWAUKEE CITY WARD 50,SPRING GENERAL,JUSTICE OF THE SUPREME COURT,NONPARTISAN,SCATTERING,75,2
2001,APRIL,MILWAUKEE,MILWAUKEE CITY WARD 51,SPRING GENERAL,JUSTICE OF THE SUPREME COURT,NONPARTISAN,"DAVID T PROSSER, JR.",51,48
2001,APRIL,MILWAUKEE,MILWAUKEE CITY WARD 51,SPRING GENERAL,JUSTICE OF THE SUPREME COURT,NONPARTISAN,SCATTERING,51,3
2001,APRIL,MILWAUKEE,MILWAUKEE CITY WARD 52,SPRING GENERAL,JUSTICE OF THE SUPREME COURT,NONPARTISAN,"DAVID T PROSSER, JR.",103,97
2001,APRIL,MILWAUKEE,MILWAUKEE CITY WARD 52,SPRING GENERAL,JUSTICE OF THE SUPREME COURT,NONPARTISAN,SCATTERING,103,6
2001,APRIL,MILWAUKEE,MILWAUKEE CITY WARD 53,SPRING GENERAL,JUSTICE OF THE SUPREME COURT,NONPARTISAN,"DAVID T PROSSER, JR.",126,123
2001,APRIL,MILWAUKEE,MILWAUKEE CITY WARD 53,SPRING GENERAL,JUSTICE OF THE SUPREME COURT,NONPARTISAN,SCATTERING,126,3
2001,APRIL,MILWAUKEE,MILWAUKEE CITY WARD 54,SPRING GENERAL,JUSTICE OF THE SUPREME COURT,NONPARTISAN,"DAVID T PROSSER, JR.",111,109
2001,APRIL,MILWAUKEE,MILWAUKEE CITY WARD 54,SPRING GENERAL,JUSTICE OF THE SUPREME COURT,NONPARTISAN,SCATTERING,111,2
2001,APRIL,MILWAUKEE,MILWAUKEE CITY WARD 55,SPRING GENERAL,JUSTICE OF THE SUPREME COURT,NONPARTISAN,"DAVID T PROSSER, JR.",111,105
2001,APRIL,MILWAUKEE,MILWAUKEE CITY WARD 55,SPRING GENERAL,JUSTICE OF THE SUPREME COURT,NONPARTISAN,SCATTERING,111,6
2001,APRIL,MILWAUKEE,MILWAUKEE CITY WARD 56,SPRING GENERAL,JUSTICE OF THE SUPREME COURT,NONPARTISAN,"DAVID T PROSSER, JR.",99,97
2001,APRIL,MILWAUKEE,MILWAUKEE CITY WARD 56,SPRING GENERAL,JUSTICE OF THE SUPREME COURT,NONPARTISAN,SCATTERING,99,2
2001,APRIL,MILWAUKEE,MILWAUKEE CITY WARD 57,SPRING GENERAL,JUSTICE OF THE SUPREME COURT,NONPARTISAN,"DAVID T PROSSER, JR.",137,131
2001,APRIL,MILWAUKEE,MILWAUKEE CITY WARD 57,SPRING GENERAL,JUSTICE OF THE SUPREME COURT,NONPARTISAN,SCATTERING,137,6
2001,APRIL,MILWAUKEE,MILWAUKEE CITY WARD 58,SPRING GENERAL,JUSTICE OF THE SUPREME COURT,NONPARTISAN,"DAVID T PROSSER, JR.",140,133
2001,APRIL,MILWAUKEE,MILWAUKEE CITY WARD 58,SPRING GENERAL,JUSTICE OF THE SUPREME COURT,NONPARTISAN,SCATTERING,140,7
2001,APRIL,MILWAUKEE,MILWAUKEE CITY WARD 59,SPRING GENERAL,JUSTICE OF THE SUPREME COURT,NONPARTISAN,"DAVID T PROSSER, JR.",74,73
2001,APRIL,MILWAUKEE,MILWAUKEE CITY WARD 59,SPRING GENERAL,JUSTICE OF THE SUPREME COURT,NONPARTISAN,SCATTERING,74,1
2001,APRIL,MILWAUKEE,MILWAUKEE CITY WARD 60,SPRING GENERAL,JUSTICE OF THE SUPREME COURT,NONPARTISAN,"DAVID T PROSSER, JR.",62,53
2001,APRIL,MILWAUKEE,MILWAUKEE CITY WARD 60,SPRING GENERAL,JUSTICE OF THE SUPREME COURT,NONPARTISAN,SCATTERING,62,9
2001,APRIL,MILWAUKEE,MILWAUKEE CITY WARD 61,SPRING GENERAL,JUSTICE OF THE SUPREME COURT,NONPARTISAN,"DAVID T PROSSER, JR.",206,201
2001,APRIL,MILWAUKEE,MILWAUKEE CITY WARD 61,SPRING GENERAL,JUSTICE OF THE SUPREME COURT,NONPARTISAN,SCATTERING,206,5
2001,APRIL,MILWAUKEE,MILWAUKEE CITY WARD 62,SPRING GENERAL,JUSTICE OF THE SUPREME COURT,NONPARTISAN,"DAVID T PROSSER, JR.",177,169
2001,APRIL,MILWAUKEE,MILWAUKEE CITY WARD 62,SPRING GENERAL,JUSTICE OF THE SUPREME COURT,NONPARTISAN,SCATTERING,177,8
2001,APRIL,MILWAUKEE,MILWAUKEE CITY WARD 63,SPRING GENERAL,JUSTICE OF THE SUPREME COURT,NONPARTISAN,"DAVID T PROSSER, JR.",34,34
2001,APRIL,MILWAUKEE,MILWAUKEE CITY WARD 63,SPRING GENERAL,JUSTICE OF THE SUPREME COURT,NONPARTISAN,SCATTERING,34,0
2001,APRIL,MILWAUKEE,MILWAUKEE CITY WARD 64,SPRING GENERAL,JUSTICE OF THE SUPREME COURT,NONPARTISAN,"DAVID T PROSSER, JR.",129,127
2001,APRIL,MILWAUKEE,MILWAUKEE CITY WARD 64,SPRING GENERAL,JUSTICE OF THE SUPREME COURT,NONPARTISAN,SCATTERING,129,2
2001,APRIL,MILWAUKEE,MILWAUKEE CITY WARD 65,SPRING GENERAL,JUSTICE OF THE SUPREME COURT,NONPARTISAN,"DAVID T PROSSER, JR.",36,35
2001,APRIL,MILWAUKEE,MILWAUKEE CITY WARD 65,SPRING GENERAL,JUSTICE OF THE SUPREME COURT,NONPARTISAN,SCATTERING,36,1
2001,APRIL,MILWAUKEE,MILWAUKEE CITY WARD 66,SPRING GENERAL,JUSTICE OF THE SUPREME COURT,NONPARTISAN,"DAVID T PROSSER, JR.",33,32
2001,APRIL,MILWAUKEE,MILWAUKEE CITY WARD 66,SPRING GENERAL,JUSTICE OF THE SUPREME COURT,NONPARTISAN,SCATTERING,33,1
2001,APRIL,MILWAUKEE,MILWAUKEE CITY WARD 67,SPRING GENERAL,JUSTICE OF THE SUPREME COURT,NONPARTISAN,"DAVID T PROSSER, JR.",13,13
2001,APRIL,MILWAUKEE,MILWAUKEE CITY WARD 67,SPRING GENERAL,JUSTICE OF THE SUPREME COURT,NONPARTISAN,SCATTERING,13,0
2001,APRIL,MILWAUKEE,MILWAUKEE CITY WARD 68,SPRING GENERAL,JUSTICE OF THE SUPREME COURT,NONPARTISAN,"DAVID T PROSSER, JR.",24,24
2001,APRIL,MILWAUKEE,MILWAUKEE CITY WARD 68,SPRING GENERAL,JUSTICE OF THE SUPREME COURT,NONPARTISAN,SCATTERING,24,0
2001,APRIL,MILWAUKEE,MILWAUKEE CITY WARD 69,SPRING GENERAL,JUSTICE OF THE SUPREME COURT,NONPARTISAN,"DAVID T PROSSER, JR.",4,4
2001,APRIL,MILWAUKEE,MILWAUKEE CITY WARD 69,SPRING GENERAL,JUSTICE OF THE SUPREME COURT,NONPARTISAN,SCATTERING,4,0
2001,APRIL,MILWAUKEE,MILWAUKEE CITY WARD 70,SPRING GENERAL,JUSTICE OF THE SUPREME COURT,NONPARTISAN,"DAVID T PROSSER, JR.",17,17
2001,APRIL,MILWAUKEE,MILWAUKEE CITY WARD 70,SPRING GENERAL,JUSTICE OF THE SUPREME COURT,NONPARTISAN,SCATTERING,17,0
2001,APRIL,MILWAUKEE,MILWAUKEE CITY WARD 71,SPRING GENERAL,JUSTICE OF THE SUPREME COURT,NONPARTISAN,"DAVID T PROSSER, JR.",23,22
2001,APRIL,MILWAUKEE,MILWAUKEE CITY WARD 71,SPRING GENERAL,JUSTICE OF THE SUPREME COURT,NONPARTISAN,SCATTERING,23,1
2001,APRIL,MILWAUKEE,MILWAUKEE CITY WARD 72,SPRING GENERAL,JUSTICE OF THE SUPREME COURT,NONPARTISAN,"DAVID T PROSSER, JR.",34,33
2001,APRIL,MILWAUKEE,MILWAUKEE CITY WARD 72,SPRING GENERAL,JUSTICE OF THE SUPREME COURT,NONPARTISAN,SCATTERING,34,1
2001,APRIL,MILWAUKEE,MILWAUKEE CITY WARD 73,SPRING GENERAL,JUSTICE OF THE SUPREME COURT,NONPARTISAN,"DAVID T PROSSER, JR.",17,16
2001,APRIL,MILWAUKEE,MILWAUKEE CITY WARD 73,SPRING GENERAL,JUSTICE OF THE SUPREME COURT,NONPARTISAN,SCATTERING,17,1
2001,APRIL,MILWAUKEE,MILWAUKEE CITY WARD 74,SPRING GENERAL,JUSTICE OF THE SUPREME COURT,NONPARTISAN,"DAVID T PROSSER, JR.",100,98
2001,APRIL,MILWAUKEE,MILWAUKEE CITY WARD 74,SPRING GENERAL,JUSTICE OF THE SUPREME COURT,NONPARTISAN,SCATTERING,100,2
2001,APRIL,MILWAUKEE,MILWAUKEE CITY WARD 75,SPRING GENERAL,JUSTICE OF THE SUPREME COURT,NONPARTISAN,"DAVID T PROSSER, JR.",42,36
2001,APRIL,MILWAUKEE,MILWAUKEE CITY WARD 75,SPRING GENERAL,JUSTICE OF THE SUPREME COURT,NONPARTISAN,SCATTERING,42,6
2001,APRIL,MILWAUKEE,MILWAUKEE CITY WARD 76,SPRING GENERAL,JUSTICE OF THE SUPREME COURT,NONPARTISAN,"DAVID T PROSSER, JR.",31,31
2001,APRIL,MILWAUKEE,MILWAUKEE CITY WARD 76,SPRING GENERAL,JUSTICE OF THE SUPREME COURT,NONPARTISAN,SCATTERING,31,0
2001,APRIL,MILWAUKEE,MILWAUKEE CITY WARD 77,SPRING GENERAL,JUSTICE OF THE SUPREME COURT,NONPARTISAN,"DAVID T PROSSER, JR.",49,47
2001,APRIL,MILWAUKEE,MILWAUKEE CITY WARD 77,SPRING GENERAL,JUSTICE OF THE SUPREME COURT,NONPARTISAN,SCATTERING,49,2
2001,APRIL,MILWAUKEE,MILWAUKEE CITY WARD 78,SPRING GENERAL,JUSTICE OF THE SUPREME COURT,NONPARTISAN,"DAVID T PROSSER, JR.",60,60
2001,APRIL,MILWAUKEE,MILWAUKEE CITY WARD 78,SPRING GENERAL,JUSTICE OF THE SUPREME COURT,NONPARTISAN,SCATTERING,60,0
2001,APRIL,MILWAUKEE,MILWAUKEE CITY WARD 79,SPRING GENERAL,JUSTICE OF THE SUPREME COURT,NONPARTISAN,"DAVID T PROSSER, JR.",32,31
2001,APRIL,MILWAUKEE,MILWAUKEE CITY WARD 79,SPRING GENERAL,JUSTICE OF THE SUPREME COURT,NONPARTISAN,SCATTERING,32,1
2001,APRIL,MILWAUKEE,MILWAUKEE CITY WARD 80,SPRING GENERAL,JUSTICE OF THE SUPREME COURT,NONPARTISAN,"DAVID T PROSSER, JR.",59,59
2001,APRIL,MILWAUKEE,MILWAUKEE CITY WARD 80,SPRING GENERAL,JUSTICE OF THE SUPREME COURT,NONPARTISAN,SCATTERING,59,0
2001,APRIL,MILWAUKEE,MILWAUKEE CITY WARD 81,SPRING GENERAL,JUSTICE OF THE SUPREME COURT,NONPARTISAN,"DAVID T PROSSER, JR.",53,52
2001,APRIL,MILWAUKEE,MILWAUKEE CITY WARD 81,SPRING GENERAL,JUSTICE OF THE SUPREME COURT,NONPARTISAN,SCATTERING,53,1
2001,APRIL,MILWAUKEE,MILWAUKEE CITY WARD 82,SPRING GENERAL,JUSTICE OF THE SUPREME COURT,NONPARTISAN,"DAVID T PROSSER, JR.",19,19
2001,APRIL,MILWAUKEE,MILWAUKEE CITY WARD 82,SPRING GENERAL,JUSTICE OF THE SUPREME COURT,NONPARTISAN,SCATTERING,19,0
2001,APRIL,MILWAUKEE,MILWAUKEE CITY WARD 83,SPRING GENERAL,JUSTICE OF THE SUPREME COURT,NONPARTISAN,"DAVID T PROSSER, JR.",67,66
2001,APRIL,MILWAUKEE,MILWAUKEE CITY WARD 83,SPRING GENERAL,JUSTICE OF THE SUPREME COURT,NONPARTISAN,SCATTERING,67,1
2001,APRIL,MILWAUKEE,MILWAUKEE CITY WARD 84,SPRING GENERAL,JUSTICE OF THE SUPREME COURT,NONPARTISAN,"DAVID T PROSSER, JR.",58,58
2001,APRIL,MILWAUKEE,MILWAUKEE CITY WARD 84,SPRING GENERAL,JUSTICE OF THE SUPREME COURT,NONPARTISAN,SCATTERING,58,0
2001,APRIL,MILWAUKEE,MILWAUKEE CITY WARD 85,SPRING GENERAL,JUSTICE OF THE SUPREME COURT,NONPARTISAN,"DAVID T PROSSER, JR.",51,50
2001,APRIL,MILWAUKEE,MILWAUKEE CITY WARD 85,SPRING GENERAL,JUSTICE OF THE SUPREME COURT,NONPARTISAN,SCATTERING,51,1
2001,APRIL,MILWAUKEE,MILWAUKEE CITY WARD 86,SPRING GENERAL,JUSTICE OF THE SUPREME COURT,NONPARTISAN,"DAVID T PROSSER, JR.",71,70
2001,APRIL,MILWAUKEE,MILWAUKEE CITY WARD 86,SPRING GENERAL,JUSTICE OF THE SUPREME COURT,NONPARTISAN,SCATTERING,71,1
2001,APRIL,MILWAUKEE,MILWAUKEE CITY WARD 87,SPRING GENERAL,JUSTICE OF THE SUPREME COURT,NONPARTISAN,"DAVID T PROSSER, JR.",82,80
2001,APRIL,MILWAUKEE,MILWAUKEE CITY WARD 87,SPRING GENERAL,JUSTICE OF THE SUPREME COURT,NONPARTISAN,SCATTERING,82,2
2001,APRIL,MILWAUKEE,MILWAUKEE CITY WARD 88,SPRING GENERAL,JUSTICE OF THE SUPREME COURT,NONPARTISAN,"DAVID T PROSSER, JR.",114,111
2001,APRIL,MILWAUKEE,MILWAUKEE CITY WARD 88,SPRING GENERAL,JUSTICE OF THE SUPREME COURT,NONPARTISAN,SCATTERING,114,3
2001,APRIL,MILWAUKEE,MILWAUKEE CITY WARD 89,SPRING GENERAL,JUSTICE OF THE SUPREME COURT,NONPARTISAN,"DAVID T PROSSER, JR.",79,78
2001,APRIL,MILWAUKEE,MILWAUKEE CITY WARD 89,SPRING GENERAL,JUSTICE OF THE SUPREME COURT,NONPARTISAN,SCATTERING,79,1
2001,APRIL,MILWAUKEE,MILWAUKEE CITY WARD 90,SPRING GENERAL,JUSTICE OF THE SUPREME COURT,NONPARTISAN,"DAVID T PROSSER, JR.",89,86
2001,APRIL,MILWAUKEE,MILWAUKEE CITY WARD 90,SPRING GENERAL,JUSTICE OF THE SUPREME COURT,NONPARTISAN,SCATTERING,89,3
2001,APRIL,MILWAUKEE,MILWAUKEE CITY WARD 91,SPRING GENERAL,JUSTICE OF THE SUPREME COURT,NONPARTISAN,"DAVID T PROSSER, JR.",142,140
2001,APRIL,MILWAUKEE,MILWAUKEE CITY WARD 91,SPRING GENERAL,JUSTICE OF THE SUPREME COURT,NONPARTISAN,SCATTERING,142,2
2001,APRIL,MILWAUKEE,MILWAUKEE CITY WARD 92,SPRING GENERAL,JUSTICE OF THE SUPREME COURT,NONPARTISAN,"DAVID T PROSSER, JR.",102,100
2001,APRIL,MILWAUKEE,MILWAUKEE CITY WARD 92,SPRING GENERAL,JUSTICE OF THE SUPREME COURT,NONPARTISAN,SCATTERING,102,2
2001,APRIL,MILWAUKEE,MILWAUKEE CITY WARD 93,SPRING GENERAL,JUSTICE OF THE SUPREME COURT,NONPARTISAN,"DAVID T PROSSER, JR.",87,87
2001,APRIL,MILWAUKEE,MILWAUKEE CITY WARD 93,SPRING GENERAL,JUSTICE OF THE SUPREME COURT,NONPARTISAN,SCATTERING,87,0
2001,APRIL,MILWAUKEE,MILWAUKEE CITY WARD 94,SPRING GENERAL,JUSTICE OF THE SUPREME COURT,NONPARTISAN,"DAVID T PROSSER, JR.",107,107
2001,APRIL,MILWAUKEE,MILWAUKEE CITY WARD 94,SPRING GENERAL,JUSTICE OF THE SUPREME COURT,NONPARTISAN,SCATTERING,107,0
2001,APRIL,MILWAUKEE,MILWAUKEE CITY WARD 95,SPRING GENERAL,JUSTICE OF THE SUPREME COURT,NONPARTISAN,"DAVID T PROSSER, JR.",83,83
2001,APRIL,MILWAUKEE,MILWAUKEE CITY WARD 95,SPRING GENERAL,JUSTICE OF THE SUPREME COURT,NONPARTISAN,SCATTERING,83,0
2001,APRIL,MILWAUKEE,MILWAUKEE CITY WARD 96,SPRING GENERAL,JUSTICE OF THE SUPREME COURT,NONPARTISAN,"DAVID T PROSSER, JR.",79,77
2001,APRIL,MILWAUKEE,MILWAUKEE CITY WARD 96,SPRING GENERAL,JUSTICE OF THE SUPREME COURT,NONPARTISAN,SCATTERING,79,2
2001,APRIL,MILWAUKEE,MILWAUKEE CITY WARD 97,SPRING GENERAL,JUSTICE OF THE SUPREME COURT,NONPARTISAN,"DAVID T PROSSER, JR.",74,73
2001,APRIL,MILWAUKEE,MILWAUKEE CITY WARD 97,SPRING GENERAL,JUSTICE OF THE SUPREME COURT,NONPARTISAN,SCATTERING,74,1
2001,APRIL,MILWAUKEE,MILWAUKEE CITY WARD 98,SPRING GENERAL,JUSTICE OF THE SUPREME COURT,NONPARTISAN,"DAVID T PROSSER, JR.",108,106
2001,APRIL,MILWAUKEE,MILWAUKEE CITY WARD 98,SPRING GENERAL,JUSTICE OF THE SUPREME COURT,NONPARTISAN,SCATTERING,108,2
2001,APRIL,MILWAUKEE,MILWAUKEE CITY WARD 99,SPRING GENERAL,JUSTICE OF THE SUPREME COURT,NONPARTISAN,"DAVID T PROSSER, JR.",113,110
2001,APRIL,MILWAUKEE,MILWAUKEE CITY WARD 99,SPRING GENERAL,JUSTICE OF THE SUPREME COURT,NONPARTISAN,SCATTERING,113,3
2001,APRIL,MILWAUKEE,MILWAUKEE CITY WARD 100,SPRING GENERAL,JUSTICE OF THE SUPREME COURT,NONPARTISAN,"DAVID T PROSSER, JR.",116,112
2001,APRIL,MILWAUKEE,MILWAUKEE CITY WARD 100,SPRING GENERAL,JUSTICE OF THE SUPREME COURT,NONPARTISAN,SCATTERING,116,4
2001,APRIL,MILWAUKEE,MILWAUKEE CITY WARD 101,SPRING GENERAL,JUSTICE OF THE SUPREME COURT,NONPARTISAN,"DAVID T PROSSER, JR.",166,166
2001,APRIL,MILWAUKEE,MILWAUKEE CITY WARD 101,SPRING GENERAL,JUSTICE OF THE SUPREME COURT,NONPARTISAN,SCATTERING,166,0
2001,APRIL,MILWAUKEE,MILWAUKEE CITY WARD 102,SPRING GENERAL,JUSTICE OF THE SUPREME COURT,NONPARTISAN,"DAVID T PROSSER, JR.",42,42
2001,APRIL,MILWAUKEE,MILWAUKEE CITY WARD 102,SPRING GENERAL,JUSTICE OF THE SUPREME COURT,NONPARTISAN,SCATTERING,42,0
2001,APRIL,MILWAUKEE,MILWAUKEE CITY WARD 103,SPRING GENERAL,JUSTICE OF THE SUPREME COURT,NONPARTISAN,"DAVID T PROSSER, JR.",34,33
2001,APRIL,MILWAUKEE,MILWAUKEE CITY WARD 103,SPRING GENERAL,JUSTICE OF THE SUPREME COURT,NONPARTISAN,SCATTERING,34,1
2001,APRIL,MILWAUKEE,MILWAUKEE CITY WARD 104,SPRING GENERAL,JUSTICE OF THE SUPREME COURT,NONPARTISAN,"DAVID T PROSSER, JR.",37,36
2001,APRIL,MILWAUKEE,MILWAUKEE CITY WARD 104,SPRING GENERAL,JUSTICE OF THE SUPREME COURT,NONPARTISAN,SCATTERING,37,1
2001,APRIL,MILWAUKEE,MILWAUKEE CITY WARD 105,SPRING GENERAL,JUSTICE OF THE SUPREME COURT,NONPARTISAN,"DAVID T PROSSER, JR.",20,19
2001,APRIL,MILWAUKEE,MILWAUKEE CITY WARD 105,SPRING GENERAL,JUSTICE OF THE SUPREME COURT,NONPARTISAN,SCATTERING,20,1
2001,APRIL,MILWAUKEE,MILWAUKEE CITY WARD 106,SPRING GENERAL,JUSTICE OF THE SUPREME COURT,NONPARTISAN,"DAVID T PROSSER, JR.",19,19
2001,APRIL,MILWAUKEE,MILWAUKEE CITY WARD 106,SPRING GENERAL,JUSTICE OF THE SUPREME COURT,NONPARTISAN,SCATTERING,19,0
2001,APRIL,MILWAUKEE,MILWAUKEE CITY WARD 107,SPRING GENERAL,JUSTICE OF THE SUPREME COURT,NONPARTISAN,"DAVID T PROSSER, JR.",33,32
2001,APRIL,MILWAUKEE,MILWAUKEE CITY WARD 107,SPRING GENERAL,JUSTICE OF THE SUPREME COURT,NONPARTISAN,SCATTERING,33,1
2001,APRIL,MILWAUKEE,MILWAUKEE CITY WARD 108,SPRING GENERAL,JUSTICE OF THE SUPREME COURT,NONPARTISAN,"DAVID T PROSSER, JR.",31,30
2001,APRIL,MILWAUKEE,MILWAUKEE CITY WARD 108,SPRING GENERAL,JUSTICE OF THE SUPREME COURT,NONPARTISAN,SCATTERING,31,1
2001,APRIL,MILWAUKEE,MILWAUKEE CITY WARD 109,SPRING GENERAL,JUSTICE OF THE SUPREME COURT,NONPARTISAN,"DAVID T PROSSER, JR.",51,50
2001,APRIL,MILWAUKEE,MILWAUKEE CITY WARD 109,SPRING GENERAL,JUSTICE OF THE SUPREME COURT,NONPARTISAN,SCATTERING,51,1
2001,APRIL,MILWAUKEE,MILWAUKEE CITY WARD 110,SPRING GENERAL,JUSTICE OF THE SUPREME COURT,NONPARTISAN,"DAVID T PROSSER, JR.",67,65
2001,APRIL,MILWAUKEE,MILWAUKEE CITY WARD 110,SPRING GENERAL,JUSTICE OF THE SUPREME COURT,NONPARTISAN,SCATTERING,67,2
2001,APRIL,MILWAUKEE,MILWAUKEE CITY WARD 111,SPRING GENERAL,JUSTICE OF THE SUPREME COURT,NONPARTISAN,"DAVID T PROSSER, JR.",19,18
2001,APRIL,MILWAUKEE,MILWAUKEE CITY WARD 111,SPRING GENERAL,JUSTICE OF THE SUPREME COURT,NONPARTISAN,SCATTERING,19,1
2001,APRIL,MILWAUKEE,MILWAUKEE CITY WARD 112,SPRING GENERAL,JUSTICE OF THE SUPREME COURT,NONPARTISAN,"DAVID T PROSSER, JR.",62,60
2001,APRIL,MILWAUKEE,MILWAUKEE CITY WARD 112,SPRING GENERAL,JUSTICE OF THE SUPREME COURT,NONPARTISAN,SCATTERING,62,2
2001,APRIL,MILWAUKEE,MILWAUKEE CITY WARD 113,SPRING GENERAL,JUSTICE OF THE SUPREME COURT,NONPARTISAN,"DAVID T PROSSER, JR.",52,48
2001,APRIL,MILWAUKEE,MILWAUKEE CITY WARD 113,SPRING GENERAL,JUSTICE OF THE SUPREME COURT,NONPARTISAN,SCATTERING,52,4
2001,APRIL,MILWAUKEE,MILWAUKEE CITY WARD 114,SPRING GENERAL,JUSTICE OF THE SUPREME COURT,NONPARTISAN,"DAVID T PROSSER, JR.",45,45
2001,APRIL,MILWAUKEE,MILWAUKEE CITY WARD 114,SPRING GENERAL,JUSTICE OF THE SUPREME COURT,NONPARTISAN,SCATTERING,45,0
2001,APRIL,MILWAUKEE,MILWAUKEE CITY WARD 115,SPRING GENERAL,JUSTICE OF THE SUPREME COURT,NONPARTISAN,"DAVID T PROSSER, JR.",25,22
2001,APRIL,MILWAUKEE,MILWAUKEE CITY WARD 115,SPRING GENERAL,JUSTICE OF THE SUPREME COURT,NONPARTISAN,SCATTERING,25,3
2001,APRIL,MILWAUKEE,MILWAUKEE CITY WARD 116,SPRING GENERAL,JUSTICE OF THE SUPREME COURT,NONPARTISAN,"DAVID T PROSSER, JR.",70,68
2001,APRIL,MILWAUKEE,MILWAUKEE CITY WARD 116,SPRING GENERAL,JUSTICE OF THE SUPREME COURT,NONPARTISAN,SCATTERING,70,2
2001,APRIL,MILWAUKEE,MILWAUKEE CITY WARD 117,SPRING GENERAL,JUSTICE OF THE SUPREME COURT,NONPARTISAN,"DAVID T PROSSER, JR.",86,82
2001,APRIL,MILWAUKEE,MILWAUKEE CITY WARD 117,SPRING GENERAL,JUSTICE OF THE SUPREME COURT,NONPARTISAN,SCATTERING,86,4
2001,APRIL,MILWAUKEE,MILWAUKEE CITY WARD 118,SPRING GENERAL,JUSTICE OF THE SUPREME COURT,NONPARTISAN,"DAVID T PROSSER, JR.",30,30
2001,APRIL,MILWAUKEE,MILWAUKEE CITY WARD 118,SPRING GENERAL,JUSTICE OF THE SUPREME COURT,NONPARTISAN,SCATTERING,30,0
2001,APRIL,MILWAUKEE,MILWAUKEE CITY WARD 119,SPRING GENERAL,JUSTICE OF THE SUPREME COURT,NONPARTISAN,"DAVID T PROSSER, JR.",28,27
2001,APRIL,MILWAUKEE,MILWAUKEE CITY WARD 119,SPRING GENERAL,JUSTICE OF THE SUPREME COURT,NONPARTISAN,SCATTERING,28,1
2001,APRIL,MILWAUKEE,MILWAUKEE CITY WARD 120,SPRING GENERAL,JUSTICE OF THE SUPREME COURT,NONPARTISAN,"DAVID T PROSSER, JR.",9,9
2001,APRIL,MILWAUKEE,MILWAUKEE CITY WARD 120,SPRING GENERAL,JUSTICE OF THE SUPREME COURT,NONPARTISAN,SCATTERING,9,0
2001,APRIL,MILWAUKEE,MILWAUKEE CITY WARD 121,SPRING GENERAL,JUSTICE OF THE SUPREME COURT,NONPARTISAN,"DAVID T PROSSER, JR.",14,14
2001,APRIL,MILWAUKEE,MILWAUKEE CITY WARD 121,SPRING GENERAL,JUSTICE OF THE SUPREME COURT,NONPARTISAN,SCATTERING,14,0
2001,APRIL,MILWAUKEE,MILWAUKEE CITY WARD 122,SPRING GENERAL,JUSTICE OF THE SUPREME COURT,NONPARTISAN,"DAVID T PROSSER, JR.",12,12
2001,APRIL,MILWAUKEE,MILWAUKEE CITY WARD 122,SPRING GENERAL,JUSTICE OF THE SUPREME COURT,NONPARTISAN,SCATTERING,12,0
2001,APRIL,MILWAUKEE,MILWAUKEE CITY WARD 123,SPRING GENERAL,JUSTICE OF THE SUPREME COURT,NONPARTISAN,"DAVID T PROSSER, JR.",8,8
2001,APRIL,MILWAUKEE,MILWAUKEE CITY WARD 123,SPRING GENERAL,JUSTICE OF THE SUPREME COURT,NONPARTISAN,SCATTERING,8,0
2001,APRIL,MILWAUKEE,MILWAUKEE CITY WARD 124,SPRING GENERAL,JUSTICE OF THE SUPREME COURT,NONPARTISAN,"DAVID T PROSSER, JR.",53,51
2001,APRIL,MILWAUKEE,MILWAUKEE CITY WARD 124,SPRING GENERAL,JUSTICE OF THE SUPREME COURT,NONPARTISAN,SCATTERING,53,2
2001,APRIL,MILWAUKEE,MILWAUKEE CITY WARD 125,SPRING GENERAL,JUSTICE OF THE SUPREME COURT,NONPARTISAN,"DAVID T PROSSER, JR.",35,32
2001,APRIL,MILWAUKEE,MILWAUKEE CITY WARD 125,SPRING GENERAL,JUSTICE OF THE SUPREME COURT,NONPARTISAN,SCATTERING,35,3
2001,APRIL,MILWAUKEE,MILWAUKEE CITY WARD 126,SPRING GENERAL,JUSTICE OF THE SUPREME COURT,NONPARTISAN,"DAVID T PROSSER, JR.",59,56
2001,APRIL,MILWAUKEE,MILWAUKEE CITY WARD 126,SPRING GENERAL,JUSTICE OF THE SUPREME COURT,NONPARTISAN,SCATTERING,59,3
2001,APRIL,MILWAUKEE,MILWAUKEE CITY WARD 127,SPRING GENERAL,JUSTICE OF THE SUPREME COURT,NONPARTISAN,"DAVID T PROSSER, JR.",59,56
2001,APRIL,MILWAUKEE,MILWAUKEE CITY WARD 127,SPRING GENERAL,JUSTICE OF THE SUPREME COURT,NONPARTISAN,SCATTERING,59,3
2001,APRIL,MILWAUKEE,MILWAUKEE CITY WARD 128,SPRING GENERAL,JUSTICE OF THE SUPREME COURT,NONPARTISAN,"DAVID T PROSSER, JR.",82,78
2001,APRIL,MILWAUKEE,MILWAUKEE CITY WARD 128,SPRING GENERAL,JUSTICE OF THE SUPREME COURT,NONPARTISAN,SCATTERING,82,4
2001,APRIL,MILWAUKEE,MILWAUKEE CITY WARD 129,SPRING GENERAL,JUSTICE OF THE SUPREME COURT,NONPARTISAN,"DAVID T PROSSER, JR.",21,20
2001,APRIL,MILWAUKEE,MILWAUKEE CITY WARD 129,SPRING GENERAL,JUSTICE OF THE SUPREME COURT,NONPARTISAN,SCATTERING,21,1
2001,APRIL,MILWAUKEE,MILWAUKEE CITY WARD 130,SPRING GENERAL,JUSTICE OF THE SUPREME COURT,NONPARTISAN,"DAVID T PROSSER, JR.",80,78
2001,APRIL,MILWAUKEE,MILWAUKEE CITY WARD 130,SPRING GENERAL,JUSTICE OF THE SUPREME COURT,NONPARTISAN,SCATTERING,80,2
2001,APRIL,MILWAUKEE,MILWAUKEE CITY WARD 131,SPRING GENERAL,JUSTICE OF THE SUPREME COURT,NONPARTISAN,"DAVID T PROSSER, JR.",35,35
2001,APRIL,MILWAUKEE,MILWAUKEE CITY WARD 131,SPRING GENERAL,JUSTICE OF THE SUPREME COURT,NONPARTISAN,SCATTERING,35,0
2001,APRIL,MILWAUKEE,MILWAUKEE CITY WARD 132,SPRING GENERAL,JUSTICE OF THE SUPREME COURT,NONPARTISAN,"DAVID T PROSSER, JR.",36,35
2001,APRIL,MILWAUKEE,MILWAUKEE CITY WARD 132,SPRING GENERAL,JUSTICE OF THE SUPREME COURT,NONPARTISAN,SCATTERING,36,1
2001,APRIL,MILWAUKEE,MILWAUKEE CITY WARD 133,SPRING GENERAL,JUSTICE OF THE SUPREME COURT,NONPARTISAN,"DAVID T PROSSER, JR.",54,47
2001,APRIL,MILWAUKEE,MILWAUKEE CITY WARD 133,SPRING GENERAL,JUSTICE OF THE SUPREME COURT,NONPARTISAN,SCATTERING,54,7
2001,APRIL,MILWAUKEE,MILWAUKEE CITY WARD 134,SPRING GENERAL,JUSTICE OF THE SUPREME COURT,NONPARTISAN,"DAVID T PROSSER, JR.",16,16
2001,APRIL,MILWAUKEE,MILWAUKEE CITY WARD 134,SPRING GENERAL,JUSTICE OF THE SUPREME COURT,NONPARTISAN,SCATTERING,16,0
2001,APRIL,MILWAUKEE,MILWAUKEE CITY WARD 135,SPRING GENERAL,JUSTICE OF THE SUPREME COURT,NONPARTISAN,"DAVID T PROSSER, JR.",10,10
2001,APRIL,MILWAUKEE,MILWAUKEE CITY WARD 135,SPRING GENERAL,JUSTICE OF THE SUPREME COURT,NONPARTISAN,SCATTERING,10,0
2001,APRIL,MILWAUKEE,MILWAUKEE CITY WARD 136,SPRING GENERAL,JUSTICE OF THE SUPREME COURT,NONPARTISAN,"DAVID T PROSSER, JR.",6,5
2001,APRIL,MILWAUKEE,MILWAUKEE CITY WARD 136,SPRING GENERAL,JUSTICE OF THE SUPREME COURT,NONPARTISAN,SCATTERING,6,1
2001,APRIL,MILWAUKEE,MILWAUKEE CITY WARD 137,SPRING GENERAL,JUSTICE OF THE SUPREME COURT,NONPARTISAN,"DAVID T PROSSER, JR.",65,62
2001,APRIL,MILWAUKEE,MILWAUKEE CITY WARD 137,SPRING GENERAL,JUSTICE OF THE SUPREME COURT,NONPARTISAN,SCATTERING,65,3
2001,APRIL,MILWAUKEE,MILWAUKEE CITY WARD 138,SPRING GENERAL,JUSTICE OF THE SUPREME COURT,NONPARTISAN,"DAVID T PROSSER, JR.",48,47
2001,APRIL,MILWAUKEE,MILWAUKEE CITY WARD 138,SPRING GENERAL,JUSTICE OF THE SUPREME COURT,NONPARTISAN,SCATTERING,48,1
2001,APRIL,MILWAUKEE,MILWAUKEE CITY WARD 139,SPRING GENERAL,JUSTICE OF THE SUPREME COURT,NONPARTISAN,"DAVID T PROSSER, JR.",59,59
2001,APRIL,MILWAUKEE,MILWAUKEE CITY WARD 139,SPRING GENERAL,JUSTICE OF THE SUPREME COURT,NONPARTISAN,SCATTERING,59,0
2001,APRIL,MILWAUKEE,MILWAUKEE CITY WARD 140,SPRING GENERAL,JUSTICE OF THE SUPREME COURT,NONPARTISAN,"DAVID T PROSSER, JR.",122,122
2001,APRIL,MILWAUKEE,MILWAUKEE CITY WARD 140,SPRING GENERAL,JUSTICE OF THE SUPREME COURT,NONPARTISAN,SCATTERING,122,0
2001,APRIL,MILWAUKEE,MILWAUKEE CITY WARD 141,SPRING GENERAL,JUSTICE OF THE SUPREME COURT,NONPARTISAN,"DAVID T PROSSER, JR.",38,38
2001,APRIL,MILWAUKEE,MILWAUKEE CITY WARD 141,SPRING GENERAL,JUSTICE OF THE SUPREME COURT,NONPARTISAN,SCATTERING,38,0
2001,APRIL,MILWAUKEE,MILWAUKEE CITY WARD 142,SPRING GENERAL,JUSTICE OF THE SUPREME COURT,NONPARTISAN,"DAVID T PROSSER, JR.",34,33
2001,APRIL,MILWAUKEE,MILWAUKEE CITY WARD 142,SPRING GENERAL,JUSTICE OF THE SUPREME COURT,NONPARTISAN,SCATTERING,34,1
2001,APRIL,MILWAUKEE,MILWAUKEE CITY WARD 143,SPRING GENERAL,JUSTICE OF THE SUPREME COURT,NONPARTISAN,"DAVID T PROSSER, JR.",70,69
2001,APRIL,MILWAUKEE,MILWAUKEE CITY WARD 143,SPRING GENERAL,JUSTICE OF THE SUPREME COURT,NONPARTISAN,SCATTERING,70,1
2001,APRIL,MILWAUKEE,MILWAUKEE CITY WARD 144,SPRING GENERAL,JUSTICE OF THE SUPREME COURT,NONPARTISAN,"DAVID T PROSSER, JR.",71,71
2001,APRIL,MILWAUKEE,MILWAUKEE CITY WARD 144,SPRING GENERAL,JUSTICE OF THE SUPREME COURT,NONPARTISAN,SCATTERING,71,0
2001,APRIL,MILWAUKEE,MILWAUKEE CITY WARD 145,SPRING GENERAL,JUSTICE OF THE SUPREME COURT,NONPARTISAN,"DAVID T PROSSER, JR.",37,36
2001,APRIL,MILWAUKEE,MILWAUKEE CITY WARD 145,SPRING GENERAL,JUSTICE OF THE SUPREME COURT,NONPARTISAN,SCATTERING,37,1
2001,APRIL,MILWAUKEE,MILWAUKEE CITY WARD 146,SPRING GENERAL,JUSTICE OF THE SUPREME COURT,NONPARTISAN,"DAVID T PROSSER, JR.",106,105
2001,APRIL,MILWAUKEE,MILWAUKEE CITY WARD 146,SPRING GENERAL,JUSTICE OF THE SUPREME COURT,NONPARTISAN,SCATTERING,106,1
2001,APRIL,MILWAUKEE,MILWAUKEE CITY WARD 147,SPRING GENERAL,JUSTICE OF THE SUPREME COURT,NONPARTISAN,"DAVID T PROSSER, JR.",44,41
2001,APRIL,MILWAUKEE,MILWAUKEE CITY WARD 147,SPRING GENERAL,JUSTICE OF THE SUPREME COURT,NONPARTISAN,SCATTERING,44,3
2001,APRIL,MILWAUKEE,MILWAUKEE CITY WARD 148,SPRING GENERAL,JUSTICE OF THE SUPREME COURT,NONPARTISAN,"DAVID T PROSSER, JR.",90,88
2001,APRIL,MILWAUKEE,MILWAUKEE CITY WARD 148,SPRING GENERAL,JUSTICE OF THE SUPREME COURT,NONPARTISAN,SCATTERING,90,2
2001,APRIL,MILWAUKEE,MILWAUKEE CITY WARD 149,SPRING GENERAL,JUSTICE OF THE SUPREME COURT,NONPARTISAN,"DAVID T PROSSER, JR.",37,37
2001,APRIL,MILWAUKEE,MILWAUKEE CITY WARD 149,SPRING GENERAL,JUSTICE OF THE SUPREME COURT,NONPARTISAN,SCATTERING,37,0
2001,APRIL,MILWAUKEE,MILWAUKEE CITY WARD 150,SPRING GENERAL,JUSTICE OF THE SUPREME COURT,NONPARTISAN,"DAVID T PROSSER, JR.",36,35
2001,APRIL,MILWAUKEE,MILWAUKEE CITY WARD 150,SPRING GENERAL,JUSTICE OF THE SUPREME COURT,NONPARTISAN,SCATTERING,36,1
2001,APRIL,MILWAUKEE,MILWAUKEE CITY WARD 151,SPRING GENERAL,JUSTICE OF THE SUPREME COURT,NONPARTISAN,"DAVID T PROSSER, JR.",50,48
2001,APRIL,MILWAUKEE,MILWAUKEE CITY WARD 151,SPRING GENERAL,JUSTICE OF THE SUPREME COURT,NONPARTISAN,SCATTERING,50,2
2001,APRIL,MILWAUKEE,MILWAUKEE CITY WARD 152,SPRING GENERAL,JUSTICE OF THE SUPREME COURT,NONPARTISAN,"DAVID T PROSSER, JR.",43,43
2001,APRIL,MILWAUKEE,MILWAUKEE CITY WARD 152,SPRING GENERAL,JUSTICE OF THE SUPREME COURT,NONPARTISAN,SCATTERING,43,0
2001,APRIL,MILWAUKEE,MILWAUKEE CITY WARD 153,SPRING GENERAL,JUSTICE OF THE SUPREME COURT,NONPARTISAN,"DAVID T PROSSER, JR.",106,106
2001,APRIL,MILWAUKEE,MILWAUKEE CITY WARD 153,SPRING GENERAL,JUSTICE OF THE SUPREME COURT,NONPARTISAN,SCATTERING,106,0
2001,APRIL,MILWAUKEE,MILWAUKEE CITY WARD 154,SPRING GENERAL,JUSTICE OF THE SUPREME COURT,NONPARTISAN,"DAVID T PROSSER, JR.",107,106
2001,APRIL,MILWAUKEE,MILWAUKEE CITY WARD 154,SPRING GENERAL,JUSTICE OF THE SUPREME COURT,NONPARTISAN,SCATTERING,107,1
2001,APRIL,MILWAUKEE,MILWAUKEE CITY WARD 155,SPRING GENERAL,JUSTICE OF THE SUPREME COURT,NONPARTISAN,"DAVID T PROSSER, JR.",69,67
2001,APRIL,MILWAUKEE,MILWAUKEE CITY WARD 155,SPRING GENERAL,JUSTICE OF THE SUPREME COURT,NONPARTISAN,SCATTERING,69,2
2001,APRIL,MILWAUKEE,MILWAUKEE CITY WARD 156,SPRING GENERAL,JUSTICE OF THE SUPREME COURT,NONPARTISAN,"DAVID T PROSSER, JR.",92,89
2001,APRIL,MILWAUKEE,MILWAUKEE CITY WARD 156,SPRING GENERAL,JUSTICE OF THE SUPREME COURT,NONPARTISAN,SCATTERING,92,3
2001,APRIL,MILWAUKEE,MILWAUKEE CITY WARD 157,SPRING GENERAL,JUSTICE OF THE SUPREME COURT,NONPARTISAN,"DAVID T PROSSER, JR.",60,60
2001,APRIL,MILWAUKEE,MILWAUKEE CITY WARD 157,SPRING GENERAL,JUSTICE OF THE SUPREME COURT,NONPARTISAN,SCATTERING,60,0
2001,APRIL,MILWAUKEE,MILWAUKEE CITY WARD 158,SPRING GENERAL,JUSTICE OF THE SUPREME COURT,NONPARTISAN,"DAVID T PROSSER, JR.",241,241
2001,APRIL,MILWAUKEE,MILWAUKEE CITY WARD 158,SPRING GENERAL,JUSTICE OF THE SUPREME COURT,NONPARTISAN,SCATTERING,241,0
2001,APRIL,MILWAUKEE,MILWAUKEE CITY WARD 159,SPRING GENERAL,JUSTICE OF THE SUPREME COURT,NONPARTISAN,"DAVID T PROSSER, JR.",55,53
2001,APRIL,MILWAUKEE,MILWAUKEE CITY WARD 159,SPRING GENERAL,JUSTICE OF THE SUPREME COURT,NONPARTISAN,SCATTERING,55,2
2001,APRIL,MILWAUKEE,MILWAUKEE CITY WARD 160,SPRING GENERAL,JUSTICE OF THE SUPREME COURT,NONPARTISAN,"DAVID T PROSSER, JR.",83,81
2001,APRIL,MILWAUKEE,MILWAUKEE CITY WARD 160,SPRING GENERAL,JUSTICE OF THE SUPREME COURT,NONPARTISAN,SCATTERING,83,2
2001,APRIL,MILWAUKEE,MILWAUKEE CITY WARD 161,SPRING GENERAL,JUSTICE OF THE SUPREME COURT,NONPARTISAN,"DAVID T PROSSER, JR.",51,51
2001,APRIL,MILWAUKEE,MILWAUKEE CITY WARD 161,SPRING GENERAL,JUSTICE OF THE SUPREME COURT,NONPARTISAN,SCATTERING,51,0
2001,APRIL,MILWAUKEE,MILWAUKEE CITY WARD 162,SPRING GENERAL,JUSTICE OF THE SUPREME COURT,NONPARTISAN,"DAVID T PROSSER, JR.",35,34
2001,APRIL,MILWAUKEE,MILWAUKEE CITY WARD 162,SPRING GENERAL,JUSTICE OF THE SUPREME COURT,NONPARTISAN,SCATTERING,35,1
2001,APRIL,MILWAUKEE,MILWAUKEE CITY WARD 163,SPRING GENERAL,JUSTICE OF THE SUPREME COURT,NONPARTISAN,"DAVID T PROSSER, JR.",58,58
2001,APRIL,MILWAUKEE,MILWAUKEE CITY WARD 163,SPRING GENERAL,JUSTICE OF THE SUPREME COURT,NONPARTISAN,SCATTERING,58,0
2001,APRIL,MILWAUKEE,MILWAUKEE CITY WARD 164,SPRING GENERAL,JUSTICE OF THE SUPREME COURT,NONPARTISAN,"DAVID T PROSSER, JR.",87,86
2001,APRIL,MILWAUKEE,MILWAUKEE CITY WARD 164,SPRING GENERAL,JUSTICE OF THE SUPREME COURT,NONPARTISAN,SCATTERING,87,1
2001,APRIL,MILWAUKEE,MILWAUKEE CITY WARD 165,SPRING GENERAL,JUSTICE OF THE SUPREME COURT,NONPARTISAN,"DAVID T PROSSER, JR.",40,38
2001,APRIL,MILWAUKEE,MILWAUKEE CITY WARD 165,SPRING GENERAL,JUSTICE OF THE SUPREME COURT,NONPARTISAN,SCATTERING,40,2
2001,APRIL,MILWAUKEE,MILWAUKEE CITY WARD 166,SPRING GENERAL,JUSTICE OF THE SUPREME COURT,NONPARTISAN,"DAVID T PROSSER, JR.",18,17
2001,APRIL,MILWAUKEE,MILWAUKEE CITY WARD 166,SPRING GENERAL,JUSTICE OF THE SUPREME COURT,NONPARTISAN,SCATTERING,18,1
2001,APRIL,MILWAUKEE,MILWAUKEE CITY WARD 167,SPRING GENERAL,JUSTICE OF THE SUPREME COURT,NONPARTISAN,"DAVID T PROSSER, JR.",12,12
2001,APRIL,MILWAUKEE,MILWAUKEE CITY WARD 167,SPRING GENERAL,JUSTICE OF THE SUPREME COURT,NONPARTISAN,SCATTERING,12,0
2001,APRIL,MILWAUKEE,MILWAUKEE CITY WARD 168,SPRING GENERAL,JUSTICE OF THE SUPREME COURT,NONPARTISAN,"DAVID T PROSSER, JR.",59,55
2001,APRIL,MILWAUKEE,MILWAUKEE CITY WARD 168,SPRING GENERAL,JUSTICE OF THE SUPREME COURT,NONPARTISAN,SCATTERING,59,4
2001,APRIL,MILWAUKEE,MILWAUKEE CITY WARD 169,SPRING GENERAL,JUSTICE OF THE SUPREME COURT,NONPARTISAN,"DAVID T PROSSER, JR.",38,37
2001,APRIL,MILWAUKEE,MILWAUKEE CITY WARD 169,SPRING GENERAL,JUSTICE OF THE SUPREME COURT,NONPARTISAN,SCATTERING,38,1
2001,APRIL,MILWAUKEE,MILWAUKEE CITY WARD 170,SPRING GENERAL,JUSTICE OF THE SUPREME COURT,NONPARTISAN,"DAVID T PROSSER, JR.",45,41
2001,APRIL,MILWAUKEE,MILWAUKEE CITY WARD 170,SPRING GENERAL,JUSTICE OF THE SUPREME COURT,NONPARTISAN,SCATTERING,45,4
2001,APRIL,MILWAUKEE,MILWAUKEE CITY WARD 171,SPRING GENERAL,JUSTICE OF THE SUPREME COURT,NONPARTISAN,"DAVID T PROSSER, JR.",47,47
2001,APRIL,MILWAUKEE,MILWAUKEE CITY WARD 171,SPRING GENERAL,JUSTICE OF THE SUPREME COURT,NONPARTISAN,SCATTERING,47,0
2001,APRIL,MILWAUKEE,MILWAUKEE CITY WARD 172,SPRING GENERAL,JUSTICE OF THE SUPREME COURT,NONPARTISAN,"DAVID T PROSSER, JR.",45,43
2001,APRIL,MILWAUKEE,MILWAUKEE CITY WARD 172,SPRING GENERAL,JUSTICE OF THE SUPREME COURT,NONPARTISAN,SCATTERING,45,2
2001,APRIL,MILWAUKEE,MILWAUKEE CITY WARD 173,SPRING GENERAL,JUSTICE OF THE SUPREME COURT,NONPARTISAN,"DAVID T PROSSER, JR.",37,35
2001,APRIL,MILWAUKEE,MILWAUKEE CITY WARD 173,SPRING GENERAL,JUSTICE OF THE SUPREME COURT,NONPARTISAN,SCATTERING,37,2
2001,APRIL,MILWAUKEE,MILWAUKEE CITY WARD 174,SPRING GENERAL,JUSTICE OF THE SUPREME COURT,NONPARTISAN,"DAVID T PROSSER, JR.",22,22
2001,APRIL,MILWAUKEE,MILWAUKEE CITY WARD 174,SPRING GENERAL,JUSTICE OF THE SUPREME COURT,NONPARTISAN,SCATTERING,22,0
2001,APRIL,MILWAUKEE,MILWAUKEE CITY WARD 175,SPRING GENERAL,JUSTICE OF THE SUPREME COURT,NONPARTISAN,"DAVID T PROSSER, JR.",22,21
2001,APRIL,MILWAUKEE,MILWAUKEE CITY WARD 175,SPRING GENERAL,JUSTICE OF THE SUPREME COURT,NONPARTISAN,SCATTERING,22,1
2001,APRIL,MILWAUKEE,MILWAUKEE CITY WARD 176,SPRING GENERAL,JUSTICE OF THE SUPREME COURT,NONPARTISAN,"DAVID T PROSSER, JR.",31,31
2001,APRIL,MILWAUKEE,MILWAUKEE CITY WARD 176,SPRING GENERAL,JUSTICE OF THE SUPREME COURT,NONPARTISAN,SCATTERING,31,0
2001,APRIL,MILWAUKEE,MILWAUKEE CITY WARD 177,SPRING GENERAL,JUSTICE OF THE SUPREME COURT,NONPARTISAN,"DAVID T PROSSER, JR.",29,29
2001,APRIL,MILWAUKEE,MILWAUKEE CITY WARD 177,SPRING GENERAL,JUSTICE OF THE SUPREME COURT,NONPARTISAN,SCATTERING,29,0
2001,APRIL,MILWAUKEE,MILWAUKEE CITY WARD 178,SPRING GENERAL,JUSTICE OF THE SUPREME COURT,NONPARTISAN,"DAVID T PROSSER, JR.",51,50
2001,APRIL,MILWAUKEE,MILWAUKEE CITY WARD 178,SPRING GENERAL,JUSTICE OF THE SUPREME COURT,NONPARTISAN,SCATTERING,51,1
2001,APRIL,MILWAUKEE,MILWAUKEE CITY WARD 179,SPRING GENERAL,JUSTICE OF THE SUPREME COURT,NONPARTISAN,"DAVID T PROSSER, JR.",57,56
2001,APRIL,MILWAUKEE,MILWAUKEE CITY WARD 179,SPRING GENERAL,JUSTICE OF THE SUPREME COURT,NONPARTISAN,SCATTERING,57,1
2001,APRIL,MILWAUKEE,MILWAUKEE CITY WARD 180,SPRING GENERAL,JUSTICE OF THE SUPREME COURT,NONPARTISAN,"DAVID T PROSSER, JR.",38,37
2001,APRIL,MILWAUKEE,MILWAUKEE CITY WARD 180,SPRING GENERAL,JUSTICE OF THE SUPREME COURT,NONPARTISAN,SCATTERING,38,1
2001,APRIL,MILWAUKEE,MILWAUKEE CITY WARD 181,SPRING GENERAL,JUSTICE OF THE SUPREME COURT,NONPARTISAN,"DAVID T PROSSER, JR.",18,18
2001,APRIL,MILWAUKEE,MILWAUKEE CITY WARD 181,SPRING GENERAL,JUSTICE OF THE SUPREME COURT,NONPARTISAN,SCATTERING,18,0
2001,APRIL,MILWAUKEE,MILWAUKEE CITY WARD 182,SPRING GENERAL,JUSTICE OF THE SUPREME COURT,NONPARTISAN,"DAVID T PROSSER, JR.",25,25
2001,APRIL,MILWAUKEE,MILWAUKEE CITY WARD 182,SPRING GENERAL,JUSTICE OF THE SUPREME COURT,NONPARTISAN,SCATTERING,25,0
2001,APRIL,MILWAUKEE,MILWAUKEE CITY WARD 183,SPRING GENERAL,JUSTICE OF THE SUPREME COURT,NONPARTISAN,"DAVID T PROSSER, JR.",42,41
2001,APRIL,MILWAUKEE,MILWAUKEE CITY WARD 183,SPRING GENERAL,JUSTICE OF THE SUPREME COURT,NONPARTISAN,SCATTERING,42,1
2001,APRIL,MILWAUKEE,MILWAUKEE CITY WARD 184,SPRING GENERAL,JUSTICE OF THE SUPREME COURT,NONPARTISAN,"DAVID T PROSSER, JR.",18,17
2001,APRIL,MILWAUKEE,MILWAUKEE CITY WARD 184,SPRING GENERAL,JUSTICE OF THE SUPREME COURT,NONPARTISAN,SCATTERING,18,1
2001,APRIL,MILWAUKEE,MILWAUKEE CITY WARD 185,SPRING GENERAL,JUSTICE OF THE SUPREME COURT,NONPARTISAN,"DAVID T PROSSER, JR.",24,23
2001,APRIL,MILWAUKEE,MILWAUKEE CITY WARD 185,SPRING GENERAL,JUSTICE OF THE SUPREME COURT,NONPARTISAN,SCATTERING,24,1
2001,APRIL,MILWAUKEE,MILWAUKEE CITY WARD 186,SPRING GENERAL,JUSTICE OF THE SUPREME COURT,NONPARTISAN,"DAVID T PROSSER, JR.",9,8
2001,APRIL,MILWAUKEE,MILWAUKEE CITY WARD 186,SPRING GENERAL,JUSTICE OF THE SUPREME COURT,NONPARTISAN,SCATTERING,9,1
2001,APRIL,MILWAUKEE,MILWAUKEE CITY WARD 187,SPRING GENERAL,JUSTICE OF THE SUPREME COURT,NONPARTISAN,"DAVID T PROSSER, JR.",15,14
2001,APRIL,MILWAUKEE,MILWAUKEE CITY WARD 187,SPRING GENERAL,JUSTICE OF THE SUPREME COURT,NONPARTISAN,SCATTERING,15,1
2001,APRIL,MILWAUKEE,MILWAUKEE CITY WARD 188,SPRING GENERAL,JUSTICE OF THE SUPREME COURT,NONPARTISAN,"DAVID T PROSSER, JR.",42,40
2001,APRIL,MILWAUKEE,MILWAUKEE CITY WARD 188,SPRING GENERAL,JUSTICE OF THE SUPREME COURT,NONPARTISAN,SCATTERING,42,2
2001,APRIL,MILWAUKEE,MILWAUKEE CITY WARD 189,SPRING GENERAL,JUSTICE OF THE SUPREME COURT,NONPARTISAN,"DAVID T PROSSER, JR.",42,42
2001,APRIL,MILWAUKEE,MILWAUKEE CITY WARD 189,SPRING GENERAL,JUSTICE OF THE SUPREME COURT,NONPARTISAN,SCATTERING,42,0
2001,APRIL,MILWAUKEE,MILWAUKEE CITY WARD 190,SPRING GENERAL,JUSTICE OF THE SUPREME COURT,NONPARTISAN,"DAVID T PROSSER, JR.",96,95
2001,APRIL,MILWAUKEE,MILWAUKEE CITY WARD 190,SPRING GENERAL,JUSTICE OF THE SUPREME COURT,NONPARTISAN,SCATTERING,96,1
2001,APRIL,MILWAUKEE,MILWAUKEE CITY WARD 191,SPRING GENERAL,JUSTICE OF THE SUPREME COURT,NONPARTISAN,"DAVID T PROSSER, JR.",126,125
2001,APRIL,MILWAUKEE,MILWAUKEE CITY WARD 191,SPRING GENERAL,JUSTICE OF THE SUPREME COURT,NONPARTISAN,SCATTERING,126,1
2001,APRIL,MILWAUKEE,MILWAUKEE CITY WARD 192,SPRING GENERAL,JUSTICE OF THE SUPREME COURT,NONPARTISAN,"DAVID T PROSSER, JR.",85,85
2001,APRIL,MILWAUKEE,MILWAUKEE CITY WARD 192,SPRING GENERAL,JUSTICE OF THE SUPREME COURT,NONPARTISAN,SCATTERING,85,0
2001,APRIL,MILWAUKEE,MILWAUKEE CITY WARD 193,SPRING GENERAL,JUSTICE OF THE SUPREME COURT,NONPARTISAN,"DAVID T PROSSER, JR.",68,67
2001,APRIL,MILWAUKEE,MILWAUKEE CITY WARD 193,SPRING GENERAL,JUSTICE OF THE SUPREME COURT,NONPARTISAN,SCATTERING,68,1
2001,APRIL,MILWAUKEE,MILWAUKEE CITY WARD 194,SPRING GENERAL,JUSTICE OF THE SUPREME COURT,NONPARTISAN,"DAVID T PROSSER, JR.",122,121
2001,APRIL,MILWAUKEE,MILWAUKEE CITY WARD 194,SPRING GENERAL,JUSTICE OF THE SUPREME COURT,NONPARTISAN,SCATTERING,122,1
2001,APRIL,MILWAUKEE,MILWAUKEE CITY WARD 195,SPRING GENERAL,JUSTICE OF THE SUPREME COURT,NONPARTISAN,"DAVID T PROSSER, JR.",94,93
2001,APRIL,MILWAUKEE,MILWAUKEE CITY WARD 195,SPRING GENERAL,JUSTICE OF THE SUPREME COURT,NONPARTISAN,SCATTERING,94,1
2001,APRIL,MILWAUKEE,MILWAUKEE CITY WARD 196,SPRING GENERAL,JUSTICE OF THE SUPREME COURT,NONPARTISAN,"DAVID T PROSSER, JR.",112,109
2001,APRIL,MILWAUKEE,MILWAUKEE CITY WARD 196,SPRING GENERAL,JUSTICE OF THE SUPREME COURT,NONPARTISAN,SCATTERING,112,3
2001,APRIL,MILWAUKEE,MILWAUKEE CITY WARD 197,SPRING GENERAL,JUSTICE OF THE SUPREME COURT,NONPARTISAN,"DAVID T PROSSER, JR.",209,207
2001,APRIL,MILWAUKEE,MILWAUKEE CITY WARD 197,SPRING GENERAL,JUSTICE OF THE SUPREME COURT,NONPARTISAN,SCATTERING,209,2
2001,APRIL,MILWAUKEE,MILWAUKEE CITY WARD 198,SPRING GENERAL,JUSTICE OF THE SUPREME COURT,NONPARTISAN,"DAVID T PROSSER, JR.",92,88
2001,APRIL,MILWAUKEE,MILWAUKEE CITY WARD 198,SPRING GENERAL,JUSTICE OF THE SUPREME COURT,NONPARTISAN,SCATTERING,92,4
2001,APRIL,MILWAUKEE,MILWAUKEE CITY WARD 199,SPRING GENERAL,JUSTICE OF THE SUPREME COURT,NONPARTISAN,"DAVID T PROSSER, JR.",134,132
2001,APRIL,MILWAUKEE,MILWAUKEE CITY WARD 199,SPRING GENERAL,JUSTICE OF THE SUPREME COURT,NONPARTISAN,SCATTERING,134,2
2001,APRIL,MILWAUKEE,MILWAUKEE CITY WARD 200,SPRING GENERAL,JUSTICE OF THE SUPREME COURT,NONPARTISAN,"DAVID T PROSSER, JR.",111,108
2001,APRIL,MILWAUKEE,MILWAUKEE CITY WARD 200,SPRING GENERAL,JUSTICE OF THE SUPREME COURT,NONPARTISAN,SCATTERING,111,3
2001,APRIL,MILWAUKEE,MILWAUKEE CITY WARD 201,SPRING GENERAL,JUSTICE OF THE SUPREME COURT,NONPARTISAN,"DAVID T PROSSER, JR.",113,109
2001,APRIL,MILWAUKEE,MILWAUKEE CITY WARD 201,SPRING GENERAL,JUSTICE OF THE SUPREME COURT,NONPARTISAN,SCATTERING,113,4
2001,APRIL,MILWAUKEE,MILWAUKEE CITY WARD 202,SPRING GENERAL,JUSTICE OF THE SUPREME COURT,NONPARTISAN,"DAVID T PROSSER, JR.",114,113
2001,APRIL,MILWAUKEE,MILWAUKEE CITY WARD 202,SPRING GENERAL,JUSTICE OF THE SUPREME COURT,NONPARTISAN,SCATTERING,114,1
2001,APRIL,MILWAUKEE,MILWAUKEE CITY WARD 203,SPRING GENERAL,JUSTICE OF THE SUPREME COURT,NONPARTISAN,"DAVID T PROSSER, JR.",151,149
2001,APRIL,MILWAUKEE,MILWAUKEE CITY WARD 203,SPRING GENERAL,JUSTICE OF THE SUPREME COURT,NONPARTISAN,SCATTERING,151,2
2001,APRIL,MILWAUKEE,MILWAUKEE CITY WARD 204,SPRING GENERAL,JUSTICE OF THE SUPREME COURT,NONPARTISAN,"DAVID T PROSSER, JR.",188,186
2001,APRIL,MILWAUKEE,MILWAUKEE CITY WARD 204,SPRING GENERAL,JUSTICE OF THE SUPREME COURT,NONPARTISAN,SCATTERING,188,2
2001,APRIL,MILWAUKEE,MILWAUKEE CITY WARD 205,SPRING GENERAL,JUSTICE OF THE SUPREME COURT,NONPARTISAN,"DAVID T PROSSER, JR.",131,129
2001,APRIL,MILWAUKEE,MILWAUKEE CITY WARD 205,SPRING GENERAL,JUSTICE OF THE SUPREME COURT,NONPARTISAN,SCATTERING,131,2
2001,APRIL,MILWAUKEE,MILWAUKEE CITY WARD 206,SPRING GENERAL,JUSTICE OF THE SUPREME COURT,NONPARTISAN,"DAVID T PROSSER, JR.",183,181
2001,APRIL,MILWAUKEE,MILWAUKEE CITY WARD 206,SPRING GENERAL,JUSTICE OF THE SUPREME COURT,NONPARTISAN,SCATTERING,183,2
2001,APRIL,MILWAUKEE,MILWAUKEE CITY WARD 207,SPRING GENERAL,JUSTICE OF THE SUPREME COURT,NONPARTISAN,"DAVID T PROSSER, JR.",197,191
2001,APRIL,MILWAUKEE,MILWAUKEE CITY WARD 207,SPRING GENERAL,JUSTICE OF THE SUPREME COURT,NONPARTISAN,SCATTERING,197,6
2001,APRIL,MILWAUKEE,MILWAUKEE CITY WARD 208,SPRING GENERAL,JUSTICE OF THE SUPREME COURT,NONPARTISAN,"DAVID T PROSSER, JR.",114,108
2001,APRIL,MILWAUKEE,MILWAUKEE CITY WARD 208,SPRING GENERAL,JUSTICE OF THE SUPREME COURT,NONPARTISAN,SCATTERING,114,6
2001,APRIL,MILWAUKEE,MILWAUKEE CITY WARD 209,SPRING GENERAL,JUSTICE OF THE SUPREME COURT,NONPARTISAN,"DAVID T PROSSER, JR.",99,96
2001,APRIL,MILWAUKEE,MILWAUKEE CITY WARD 209,SPRING GENERAL,JUSTICE OF THE SUPREME COURT,NONPARTISAN,SCATTERING,99,3
2001,APRIL,MILWAUKEE,MILWAUKEE CITY WARD 210,SPRING GENERAL,JUSTICE OF THE SUPREME COURT,NONPARTISAN,"DAVID T PROSSER, JR.",77,76
2001,APRIL,MILWAUKEE,MILWAUKEE CITY WARD 210,SPRING GENERAL,JUSTICE OF THE SUPREME COURT,NONPARTISAN,SCATTERING,77,1
2001,APRIL,MILWAUKEE,MILWAUKEE CITY WARD 211,SPRING GENERAL,JUSTICE OF THE SUPREME COURT,NONPARTISAN,"DAVID T PROSSER, JR.",80,78
2001,APRIL,MILWAUKEE,MILWAUKEE CITY WARD 211,SPRING GENERAL,JUSTICE OF THE SUPREME COURT,NONPARTISAN,SCATTERING,80,2
2001,APRIL,MILWAUKEE,MILWAUKEE CITY WARD 212,SPRING GENERAL,JUSTICE OF THE SUPREME COURT,NONPARTISAN,"DAVID T PROSSER, JR.",69,66
2001,APRIL,MILWAUKEE,MILWAUKEE CITY WARD 212,SPRING GENERAL,JUSTICE OF THE SUPREME COURT,NONPARTISAN,SCATTERING,69,3
2001,APRIL,MILWAUKEE,MILWAUKEE CITY WARD 213,SPRING GENERAL,JUSTICE OF THE SUPREME COURT,NONPARTISAN,"DAVID T PROSSER, JR.",22,22
2001,APRIL,MILWAUKEE,MILWAUKEE CITY WARD 213,SPRING GENERAL,JUSTICE OF THE SUPREME COURT,NONPARTISAN,SCATTERING,22,0
2001,APRIL,MILWAUKEE,MILWAUKEE CITY WARD 214,SPRING GENERAL,JUSTICE OF THE SUPREME COURT,NONPARTISAN,"DAVID T PROSSER, JR.",52,50
2001,APRIL,MILWAUKEE,MILWAUKEE CITY WARD 214,SPRING GENERAL,JUSTICE OF THE SUPREME COURT,NONPARTISAN,SCATTERING,52,2
2001,APRIL,MILWAUKEE,MILWAUKEE CITY WARD 215,SPRING GENERAL,JUSTICE OF THE SUPREME COURT,NONPARTISAN,"DAVID T PROSSER, JR.",28,28
2001,APRIL,MILWAUKEE,MILWAUKEE CITY WARD 215,SPRING GENERAL,JUSTICE OF THE SUPREME COURT,NONPARTISAN,SCATTERING,28,0
2001,APRIL,MILWAUKEE,MILWAUKEE CITY WARD 216,SPRING GENERAL,JUSTICE OF THE SUPREME COURT,NONPARTISAN,"DAVID T PROSSER, JR.",15,15
2001,APRIL,MILWAUKEE,MILWAUKEE CITY WARD 216,SPRING GENERAL,JUSTICE OF THE SUPREME COURT,NONPARTISAN,SCATTERING,15,0
2001,APRIL,MILWAUKEE,MILWAUKEE CITY WARD 217,SPRING GENERAL,JUSTICE OF THE SUPREME COURT,NONPARTISAN,"DAVID T PROSSER, JR.",47,47
2001,APRIL,MILWAUKEE,MILWAUKEE CITY WARD 217,SPRING GENERAL,JUSTICE OF THE SUPREME COURT,NONPARTISAN,SCATTERING,47,0
2001,APRIL,MILWAUKEE,MILWAUKEE CITY WARD 218,SPRING GENERAL,JUSTICE OF THE SUPREME COURT,NONPARTISAN,"DAVID T PROSSER, JR.",35,33
2001,APRIL,MILWAUKEE,MILWAUKEE CITY WARD 218,SPRING GENERAL,JUSTICE OF THE SUPREME COURT,NONPARTISAN,SCATTERING,35,2
2001,APRIL,MILWAUKEE,MILWAUKEE CITY WARD 219,SPRING GENERAL,JUSTICE OF THE SUPREME COURT,NONPARTISAN,"DAVID T PROSSER, JR.",32,30
2001,APRIL,MILWAUKEE,MILWAUKEE CITY WARD 219,SPRING GENERAL,JUSTICE OF THE SUPREME COURT,NONPARTISAN,SCATTERING,32,2
2001,APRIL,MILWAUKEE,MILWAUKEE CITY WARD 220,SPRING GENERAL,JUSTICE OF THE SUPREME COURT,NONPARTISAN,"DAVID T PROSSER, JR.",45,43
2001,APRIL,MILWAUKEE,MILWAUKEE CITY WARD 220,SPRING GENERAL,JUSTICE OF THE SUPREME COURT,NONPARTISAN,SCATTERING,45,2
2001,APRIL,MILWAUKEE,MILWAUKEE CITY WARD 221,SPRING GENERAL,JUSTICE OF THE SUPREME COURT,NONPARTISAN,"DAVID T PROSSER, JR.",31,31
2001,APRIL,MILWAUKEE,MILWAUKEE CITY WARD 221,SPRING GENERAL,JUSTICE OF THE SUPREME COURT,NONPARTISAN,SCATTERING,31,0
2001,APRIL,MILWAUKEE,MILWAUKEE CITY WARD 222,SPRING GENERAL,JUSTICE OF THE SUPREME COURT,NONPARTISAN,"DAVID T PROSSER, JR.",31,31
2001,APRIL,MILWAUKEE,MILWAUKEE CITY WARD 222,SPRING GENERAL,JUSTICE OF THE SUPREME COURT,NONPARTISAN,SCATTERING,31,0
2001,APRIL,MILWAUKEE,MILWAUKEE CITY WARD 223,SPRING GENERAL,JUSTICE OF THE SUPREME COURT,NONPARTISAN,"DAVID T PROSSER, JR.",37,36
2001,APRIL,MILWAUKEE,MILWAUKEE CITY WARD 223,SPRING GENERAL,JUSTICE OF THE SUPREME COURT,NONPARTISAN,SCATTERING,37,1
2001,APRIL,MILWAUKEE,MILWAUKEE CITY WARD 224,SPRING GENERAL,JUSTICE OF THE SUPREME COURT,NONPARTISAN,"DAVID T PROSSER, JR.",47,45
2001,APRIL,MILWAUKEE,MILWAUKEE CITY WARD 224,SPRING GENERAL,JUSTICE OF THE SUPREME COURT,NONPARTISAN,SCATTERING,47,2
2001,APRIL,MILWAUKEE,MILWAUKEE CITY WARD 225,SPRING GENERAL,JUSTICE OF THE SUPREME COURT,NONPARTISAN,"DAVID T PROSSER, JR.",87,87
2001,APRIL,MILWAUKEE,MILWAUKEE CITY WARD 225,SPRING GENERAL,JUSTICE OF THE SUPREME COURT,NONPARTISAN,SCATTERING,87,0
2001,APRIL,MILWAUKEE,MILWAUKEE CITY WARD 226,SPRING GENERAL,JUSTICE OF THE SUPREME COURT,NONPARTISAN,"DAVID T PROSSER, JR.",29,28
2001,APRIL,MILWAUKEE,MILWAUKEE CITY WARD 226,SPRING GENERAL,JUSTICE OF THE SUPREME COURT,NONPARTISAN,SCATTERING,29,1
2001,APRIL,MILWAUKEE,MILWAUKEE CITY WARD 227,SPRING GENERAL,JUSTICE OF THE SUPREME COURT,NONPARTISAN,"DAVID T PROSSER, JR.",13,13
2001,APRIL,MILWAUKEE,MILWAUKEE CITY WARD 227,SPRING GENERAL,JUSTICE OF THE SUPREME COURT,NONPARTISAN,SCATTERING,13,0
2001,APRIL,MILWAUKEE,MILWAUKEE CITY WARD 228,SPRING GENERAL,JUSTICE OF THE SUPREME COURT,NONPARTISAN,"DAVID T PROSSER, JR.",11,11
2001,APRIL,MILWAUKEE,MILWAUKEE CITY WARD 228,SPRING GENERAL,JUSTICE OF THE SUPREME COURT,NONPARTISAN,SCATTERING,11,0
2001,APRIL,MILWAUKEE,MILWAUKEE CITY WARD 229,SPRING GENERAL,JUSTICE OF THE SUPREME COURT,NONPARTISAN,"DAVID T PROSSER, JR.",91,91
2001,APRIL,MILWAUKEE,MILWAUKEE CITY WARD 229,SPRING GENERAL,JUSTICE OF THE SUPREME COURT,NONPARTISAN,SCATTERING,91,0
2001,APRIL,MILWAUKEE,MILWAUKEE CITY WARD 230,SPRING GENERAL,JUSTICE OF THE SUPREME COURT,NONPARTISAN,"DAVID T PROSSER, JR.",125,122
2001,APRIL,MILWAUKEE,MILWAUKEE CITY WARD 230,SPRING GENERAL,JUSTICE OF THE SUPREME COURT,NONPARTISAN,SCATTERING,125,3
2001,APRIL,MILWAUKEE,MILWAUKEE CITY WARD 231,SPRING GENERAL,JUSTICE OF THE SUPREME COURT,NONPARTISAN,"DAVID T PROSSER, JR.",82,82
2001,APRIL,MILWAUKEE,MILWAUKEE CITY WARD 231,SPRING GENERAL,JUSTICE OF THE SUPREME COURT,NONPARTISAN,SCATTERING,82,0
2001,APRIL,MILWAUKEE,MILWAUKEE CITY WARD 232,SPRING GENERAL,JUSTICE OF THE SUPREME COURT,NONPARTISAN,"DAVID T PROSSER, JR.",74,74
2001,APRIL,MILWAUKEE,MILWAUKEE CITY WARD 232,SPRING GENERAL,JUSTICE OF THE SUPREME COURT,NONPARTISAN,SCATTERING,74,0
2001,APRIL,MILWAUKEE,MILWAUKEE CITY WARD 233,SPRING GENERAL,JUSTICE OF THE SUPREME COURT,NONPARTISAN,"DAVID T PROSSER, JR.",32,31
2001,APRIL,MILWAUKEE,MILWAUKEE CITY WARD 233,SPRING GENERAL,JUSTICE OF THE SUPREME COURT,NONPARTISAN,SCATTERING,32,1
2001,APRIL,MILWAUKEE,MILWAUKEE CITY WARD 234,SPRING GENERAL,JUSTICE OF THE SUPREME COURT,NONPARTISAN,"DAVID T PROSSER, JR.",89,89
2001,APRIL,MILWAUKEE,MILWAUKEE CITY WARD 234,SPRING GENERAL,JUSTICE OF THE SUPREME COURT,NONPARTISAN,SCATTERING,89,0
2001,APRIL,MILWAUKEE,MILWAUKEE CITY WARD 235,SPRING GENERAL,JUSTICE OF THE SUPREME COURT,NONPARTISAN,"DAVID T PROSSER, JR.",105,104
2001,APRIL,MILWAUKEE,MILWAUKEE CITY WARD 235,SPRING GENERAL,JUSTICE OF THE SUPREME COURT,NONPARTISAN,SCATTERING,105,1
2001,APRIL,MILWAUKEE,MILWAUKEE CITY WARD 236,SPRING GENERAL,JUSTICE OF THE SUPREME COURT,NONPARTISAN,"DAVID T PROSSER, JR.",84,84
2001,APRIL,MILWAUKEE,MILWAUKEE CITY WARD 236,SPRING GENERAL,JUSTICE OF THE SUPREME COURT,NONPARTISAN,SCATTERING,84,0
2001,APRIL,MILWAUKEE,MILWAUKEE CITY WARD 237,SPRING GENERAL,JUSTICE OF THE SUPREME COURT,NONPARTISAN,"DAVID T PROSSER, JR.",84,84
2001,APRIL,MILWAUKEE,MILWAUKEE CITY WARD 237,SPRING GENERAL,JUSTICE OF THE SUPREME COURT,NONPARTISAN,SCATTERING,84,0
2001,APRIL,MILWAUKEE,MILWAUKEE CITY WARD 238,SPRING GENERAL,JUSTICE OF THE SUPREME COURT,NONPARTISAN,"DAVID T PROSSER, JR.",101,101
2001,APRIL,MILWAUKEE,MILWAUKEE CITY WARD 238,SPRING GENERAL,JUSTICE OF THE SUPREME COURT,NONPARTISAN,SCATTERING,101,0
2001,APRIL,MILWAUKEE,MILWAUKEE CITY WARD 239,SPRING GENERAL,JUSTICE OF THE SUPREME COURT,NONPARTISAN,"DAVID T PROSSER, JR.",89,89
2001,APRIL,MILWAUKEE,MILWAUKEE CITY WARD 239,SPRING GENERAL,JUSTICE OF THE SUPREME COURT,NONPARTISAN,SCATTERING,89,0
2001,APRIL,MILWAUKEE,MILWAUKEE CITY WARD 240,SPRING GENERAL,JUSTICE OF THE SUPREME COURT,NONPARTISAN,"DAVID T PROSSER, JR.",76,75
2001,APRIL,MILWAUKEE,MILWAUKEE CITY WARD 240,SPRING GENERAL,JUSTICE OF THE SUPREME COURT,NONPARTISAN,SCATTERING,76,1
2001,APRIL,MILWAUKEE,MILWAUKEE CITY WARD 241,SPRING GENERAL,JUSTICE OF THE SUPREME COURT,NONPARTISAN,"DAVID T PROSSER, JR.",76,75
2001,APRIL,MILWAUKEE,MILWAUKEE CITY WARD 241,SPRING GENERAL,JUSTICE OF THE SUPREME COURT,NONPARTISAN,SCATTERING,76,1
2001,APRIL,MILWAUKEE,MILWAUKEE CITY WARD 242,SPRING GENERAL,JUSTICE OF THE SUPREME COURT,NONPARTISAN,"DAVID T PROSSER, JR.",66,64
2001,APRIL,MILWAUKEE,MILWAUKEE CITY WARD 242,SPRING GENERAL,JUSTICE OF THE SUPREME COURT,NONPARTISAN,SCATTERING,66,2
2001,APRIL,MILWAUKEE,MILWAUKEE CITY WARD 243,SPRING GENERAL,JUSTICE OF THE SUPREME COURT,NONPARTISAN,"DAVID T PROSSER, JR.",97,97
2001,APRIL,MILWAUKEE,MILWAUKEE CITY WARD 243,SPRING GENERAL,JUSTICE OF THE SUPREME COURT,NONPARTISAN,SCATTERING,97,0
2001,APRIL,MILWAUKEE,MILWAUKEE CITY WARD 244,SPRING GENERAL,JUSTICE OF THE SUPREME COURT,NONPARTISAN,"DAVID T PROSSER, JR.",105,103
2001,APRIL,MILWAUKEE,MILWAUKEE CITY WARD 244,SPRING GENERAL,JUSTICE OF THE SUPREME COURT,NONPARTISAN,SCATTERING,105,2
2001,APRIL,MILWAUKEE,MILWAUKEE CITY WARD 245,SPRING GENERAL,JUSTICE OF THE SUPREME COURT,NONPARTISAN,"DAVID T PROSSER, JR.",102,102
2001,APRIL,MILWAUKEE,MILWAUKEE CITY WARD 245,SPRING GENERAL,JUSTICE OF THE SUPREME COURT,NONPARTISAN,SCATTERING,102,0
2001,APRIL,MILWAUKEE,MILWAUKEE CITY WARD 246,SPRING GENERAL,JUSTICE OF THE SUPREME COURT,NONPARTISAN,"DAVID T PROSSER, JR.",103,102
2001,APRIL,MILWAUKEE,MILWAUKEE CITY WARD 246,SPRING GENERAL,JUSTICE OF THE SUPREME COURT,NONPARTISAN,SCATTERING,103,1
2001,APRIL,MILWAUKEE,MILWAUKEE CITY WARD 247,SPRING GENERAL,JUSTICE OF THE SUPREME COURT,NONPARTISAN,"DAVID T PROSSER, JR.",98,96
2001,APRIL,MILWAUKEE,MILWAUKEE CITY WARD 247,SPRING GENERAL,JUSTICE OF THE SUPREME COURT,NONPARTISAN,SCATTERING,98,2
2001,APRIL,MILWAUKEE,MILWAUKEE CITY WARD 248,SPRING GENERAL,JUSTICE OF THE SUPREME COURT,NONPARTISAN,"DAVID T PROSSER, JR.",79,79
2001,APRIL,MILWAUKEE,MILWAUKEE CITY WARD 248,SPRING GENERAL,JUSTICE OF THE SUPREME COURT,NONPARTISAN,SCATTERING,79,0
2001,APRIL,MILWAUKEE,MILWAUKEE CITY WARD 249,SPRING GENERAL,JUSTICE OF THE SUPREME COURT,NONPARTISAN,"DAVID T PROSSER, JR.",129,129
2001,APRIL,MILWAUKEE,MILWAUKEE CITY WARD 249,SPRING GENERAL,JUSTICE OF THE SUPREME COURT,NONPARTISAN,SCATTERING,129,0
2001,APRIL,MILWAUKEE,MILWAUKEE CITY WARD 250,SPRING GENERAL,JUSTICE OF THE SUPREME COURT,NONPARTISAN,"DAVID T PROSSER, JR.",42,41
2001,APRIL,MILWAUKEE,MILWAUKEE CITY WARD 250,SPRING GENERAL,JUSTICE OF THE SUPREME COURT,NONPARTISAN,SCATTERING,42,1
2001,APRIL,MILWAUKEE,MILWAUKEE CITY WARD 251,SPRING GENERAL,JUSTICE OF THE SUPREME COURT,NONPARTISAN,"DAVID T PROSSER, JR.",57,57
2001,APRIL,MILWAUKEE,MILWAUKEE CITY WARD 251,SPRING GENERAL,JUSTICE OF THE SUPREME COURT,NONPARTISAN,SCATTERING,57,0
2001,APRIL,MILWAUKEE,MILWAUKEE CITY WARD 252,SPRING GENERAL,JUSTICE OF THE SUPREME COURT,NONPARTISAN,"DAVID T PROSSER, JR.",83,80
2001,APRIL,MILWAUKEE,MILWAUKEE CITY WARD 252,SPRING GENERAL,JUSTICE OF THE SUPREME COURT,NONPARTISAN,SCATTERING,83,3
2001,APRIL,MILWAUKEE,MILWAUKEE CITY WARD 253,SPRING GENERAL,JUSTICE OF THE SUPREME COURT,NONPARTISAN,"DAVID T PROSSER, JR.",48,47
2001,APRIL,MILWAUKEE,MILWAUKEE CITY WARD 253,SPRING GENERAL,JUSTICE OF THE SUPREME COURT,NONPARTISAN,SCATTERING,48,1
2001,APRIL,MILWAUKEE,MILWAUKEE CITY WARD 254,SPRING GENERAL,JUSTICE OF THE SUPREME COURT,NONPARTISAN,"DAVID T PROSSER, JR.",43,43
2001,APRIL,MILWAUKEE,MILWAUKEE CITY WARD 254,SPRING GENERAL,JUSTICE OF THE SUPREME COURT,NONPARTISAN,SCATTERING,43,0
2001,APRIL,MILWAUKEE,MILWAUKEE CITY WARD 255,SPRING GENERAL,JUSTICE OF THE SUPREME COURT,NONPARTISAN,"DAVID T PROSSER, JR.",105,105
2001,APRIL,MILWAUKEE,MILWAUKEE CITY WARD 255,SPRING GENERAL,JUSTICE OF THE SUPREME COURT,NONPARTISAN,SCATTERING,105,0
2001,APRIL,MILWAUKEE,MILWAUKEE CITY WARD 256,SPRING GENERAL,JUSTICE OF THE SUPREME COURT,NONPARTISAN,"DAVID T PROSSER, JR.",59,59
2001,APRIL,MILWAUKEE,MILWAUKEE CITY WARD 256,SPRING GENERAL,JUSTICE OF THE SUPREME COURT,NONPARTISAN,SCATTERING,59,0
2001,APRIL,MILWAUKEE,MILWAUKEE CITY WARD 257,SPRING GENERAL,JUSTICE OF THE SUPREME COURT,NONPARTISAN,"DAVID T PROSSER, JR.",63,62
2001,APRIL,MILWAUKEE,MILWAUKEE CITY WARD 257,SPRING GENERAL,JUSTICE OF THE SUPREME COURT,NONPARTISAN,SCATTERING,63,1
2001,APRIL,MILWAUKEE,MILWAUKEE CITY WARD 258,SPRING GENERAL,JUSTICE OF THE SUPREME COURT,NONPARTISAN,"DAVID T PROSSER, JR.",68,66
2001,APRIL,MILWAUKEE,MILWAUKEE CITY WARD 258,SPRING GENERAL,JUSTICE OF THE SUPREME COURT,NONPARTISAN,SCATTERING,68,2
2001,APRIL,MILWAUKEE,MILWAUKEE CITY WARD 259,SPRING GENERAL,JUSTICE OF THE SUPREME COURT,NONPARTISAN,"DAVID T PROSSER, JR.",93,90
2001,APRIL,MILWAUKEE,MILWAUKEE CITY WARD 259,SPRING GENERAL,JUSTICE OF THE SUPREME COURT,NONPARTISAN,SCATTERING,93,3
2001,APRIL,MILWAUKEE,MILWAUKEE CITY WARD 260,SPRING GENERAL,JUSTICE OF THE SUPREME COURT,NONPARTISAN,"DAVID T PROSSER, JR.",122,118
2001,APRIL,MILWAUKEE,MILWAUKEE CITY WARD 260,SPRING GENERAL,JUSTICE OF THE SUPREME COURT,NONPARTISAN,SCATTERING,122,4
2001,APRIL,MILWAUKEE,MILWAUKEE CITY WARD 261,SPRING GENERAL,JUSTICE OF THE SUPREME COURT,NONPARTISAN,"DAVID T PROSSER, JR.",81,74
2001,APRIL,MILWAUKEE,MILWAUKEE CITY WARD 261,SPRING GENERAL,JUSTICE OF THE SUPREME COURT,NONPARTISAN,SCATTERING,81,7
2001,APRIL,MILWAUKEE,MILWAUKEE CITY WARD 262,SPRING GENERAL,JUSTICE OF THE SUPREME COURT,NONPARTISAN,"DAVID T PROSSER, JR.",52,51
2001,APRIL,MILWAUKEE,MILWAUKEE CITY WARD 262,SPRING GENERAL,JUSTICE OF THE SUPREME COURT,NONPARTISAN,SCATTERING,52,1
2001,APRIL,MILWAUKEE,MILWAUKEE CITY WARD 263,SPRING GENERAL,JUSTICE OF THE SUPREME COURT,NONPARTISAN,"DAVID T PROSSER, JR.",91,90
2001,APRIL,MILWAUKEE,MILWAUKEE CITY WARD 263,SPRING GENERAL,JUSTICE OF THE SUPREME COURT,NONPARTISAN,SCATTERING,91,1
2001,APRIL,MILWAUKEE,MILWAUKEE CITY WARD 264,SPRING GENERAL,JUSTICE OF THE SUPREME COURT,NONPARTISAN,"DAVID T PROSSER, JR.",97,95
2001,APRIL,MILWAUKEE,MILWAUKEE CITY WARD 264,SPRING GENERAL,JUSTICE OF THE SUPREME COURT,NONPARTISAN,SCATTERING,97,2
2001,APRIL,MILWAUKEE,MILWAUKEE CITY WARD 265,SPRING GENERAL,JUSTICE OF THE SUPREME COURT,NONPARTISAN,"DAVID T PROSSER, JR.",104,102
2001,APRIL,MILWAUKEE,MILWAUKEE CITY WARD 265,SPRING GENERAL,JUSTICE OF THE SUPREME COURT,NONPARTISAN,SCATTERING,104,2
2001,APRIL,MILWAUKEE,MILWAUKEE CITY WARD 266,SPRING GENERAL,JUSTICE OF THE SUPREME COURT,NONPARTISAN,"DAVID T PROSSER, JR.",110,108
2001,APRIL,MILWAUKEE,MILWAUKEE CITY WARD 266,SPRING GENERAL,JUSTICE OF THE SUPREME COURT,NONPARTISAN,SCATTERING,110,2
2001,APRIL,MILWAUKEE,MILWAUKEE CITY WARD 267,SPRING GENERAL,JUSTICE OF THE SUPREME COURT,NONPARTISAN,"DAVID T PROSSER, JR.",69,69
2001,APRIL,MILWAUKEE,MILWAUKEE CITY WARD 267,SPRING GENERAL,JUSTICE OF THE SUPREME COURT,NONPARTISAN,SCATTERING,69,0
2001,APRIL,MILWAUKEE,MILWAUKEE CITY WARD 268,SPRING GENERAL,JUSTICE OF THE SUPREME COURT,NONPARTISAN,"DAVID T PROSSER, JR.",116,112
2001,APRIL,MILWAUKEE,MILWAUKEE CITY WARD 268,SPRING GENERAL,JUSTICE OF THE SUPREME COURT,NONPARTISAN,SCATTERING,116,4
2001,APRIL,MILWAUKEE,MILWAUKEE CITY WARD 269,SPRING GENERAL,JUSTICE OF THE SUPREME COURT,NONPARTISAN,"DAVID T PROSSER, JR.",89,86
2001,APRIL,MILWAUKEE,MILWAUKEE CITY WARD 269,SPRING GENERAL,JUSTICE OF THE SUPREME COURT,NONPARTISAN,SCATTERING,89,3
2001,APRIL,MILWAUKEE,MILWAUKEE CITY WARD 270,SPRING GENERAL,JUSTICE OF THE SUPREME COURT,NONPARTISAN,"DAVID T PROSSER, JR.",101,98
2001,APRIL,MILWAUKEE,MILWAUKEE CITY WARD 270,SPRING GENERAL,JUSTICE OF THE SUPREME COURT,NONPARTISAN,SCATTERING,101,3
2001,APRIL,MILWAUKEE,MILWAUKEE CITY WARD 271,SPRING GENERAL,JUSTICE OF THE SUPREME COURT,NONPARTISAN,"DAVID T PROSSER, JR.",113,109
2001,APRIL,MILWAUKEE,MILWAUKEE CITY WARD 271,SPRING GENERAL,JUSTICE OF THE SUPREME COURT,NONPARTISAN,SCATTERING,113,4
2001,APRIL,MILWAUKEE,MILWAUKEE CITY WARD 272,SPRING GENERAL,JUSTICE OF THE SUPREME COURT,NONPARTISAN,"DAVID T PROSSER, JR.",76,75
2001,APRIL,MILWAUKEE,MILWAUKEE CITY WARD 272,SPRING GENERAL,JUSTICE OF THE SUPREME COURT,NONPARTISAN,SCATTERING,76,1
2001,APRIL,MILWAUKEE,MILWAUKEE CITY WARD 273,SPRING GENERAL,JUSTICE OF THE SUPREME COURT,NONPARTISAN,"DAVID T PROSSER, JR.",236,236
2001,APRIL,MILWAUKEE,MILWAUKEE CITY WARD 273,SPRING GENERAL,JUSTICE OF THE SUPREME COURT,NONPARTISAN,SCATTERING,236,0
2001,APRIL,MILWAUKEE,MILWAUKEE CITY WARD 274,SPRING GENERAL,JUSTICE OF THE SUPREME COURT,NONPARTISAN,"DAVID T PROSSER, JR.",1,1
2001,APRIL,MILWAUKEE,MILWAUKEE CITY WARD 274,SPRING GENERAL,JUSTICE OF THE SUPREME COURT,NONPARTISAN,SCATTERING,1,0
2001,APRIL,MILWAUKEE,MILWAUKEE CITY WARD 275,SPRING GENERAL,JUSTICE OF THE SUPREME COURT,NONPARTISAN,"DAVID T PROSSER, JR.",63,63
2001,APRIL,MILWAUKEE,MILWAUKEE CITY WARD 275,SPRING GENERAL,JUSTICE OF THE SUPREME COURT,NONPARTISAN,SCATTERING,63,0
2001,APRIL,MILWAUKEE,MILWAUKEE CITY WARD 277,SPRING GENERAL,JUSTICE OF THE SUPREME COURT,NONPARTISAN,"DAVID T PROSSER, JR.",128,127
2001,APRIL,MILWAUKEE,MILWAUKEE CITY WARD 277,SPRING GENERAL,JUSTICE OF THE SUPREME COURT,NONPARTISAN,SCATTERING,128,1
2001,APRIL,MILWAUKEE,MILWAUKEE CITY WARD 278,SPRING GENERAL,JUSTICE OF THE SUPREME COURT,NONPARTISAN,"DAVID T PROSSER, JR.",43,41
2001,APRIL,MILWAUKEE,MILWAUKEE CITY WARD 278,SPRING GENERAL,JUSTICE OF THE SUPREME COURT,NONPARTISAN,SCATTERING,43,2
2001,APRIL,MILWAUKEE,MILWAUKEE CITY WARD 279,SPRING GENERAL,JUSTICE OF THE SUPREME COURT,NONPARTISAN,"DAVID T PROSSER, JR.",141,138
2001,APRIL,MILWAUKEE,MILWAUKEE CITY WARD 279,SPRING GENERAL,JUSTICE OF THE SUPREME COURT,NONPARTISAN,SCATTERING,141,3
2001,APRIL,MILWAUKEE,MILWAUKEE CITY WARD 280,SPRING GENERAL,JUSTICE OF THE SUPREME COURT,NONPARTISAN,"DAVID T PROSSER, JR.",91,89
2001,APRIL,MILWAUKEE,MILWAUKEE CITY WARD 280,SPRING GENERAL,JUSTICE OF THE SUPREME COURT,NONPARTISAN,SCATTERING,91,2
2001,APRIL,MILWAUKEE,MILWAUKEE CITY WARD 281,SPRING GENERAL,JUSTICE OF THE SUPREME COURT,NONPARTISAN,"DAVID T PROSSER, JR.",84,84
2001,APRIL,MILWAUKEE,MILWAUKEE CITY WARD 281,SPRING GENERAL,JUSTICE OF THE SUPREME COURT,NONPARTISAN,SCATTERING,84,0
2001,APRIL,MILWAUKEE,MILWAUKEE CITY WARD 282,SPRING GENERAL,JUSTICE OF THE SUPREME COURT,NONPARTISAN,"DAVID T PROSSER, JR.",115,111
2001,APRIL,MILWAUKEE,MILWAUKEE CITY WARD 282,SPRING GENERAL,JUSTICE OF THE SUPREME COURT,NONPARTISAN,SCATTERING,115,4
2001,APRIL,MILWAUKEE,MILWAUKEE CITY WARD 283,SPRING GENERAL,JUSTICE OF THE SUPREME COURT,NONPARTISAN,"DAVID T PROSSER, JR.",26,26
2001,APRIL,MILWAUKEE,MILWAUKEE CITY WARD 283,SPRING GENERAL,JUSTICE OF THE SUPREME COURT,NONPARTISAN,SCATTERING,26,0
2001,APRIL,MILWAUKEE,MILWAUKEE CITY WARD 284,SPRING GENERAL,JUSTICE OF THE SUPREME COURT,NONPARTISAN,"DAVID T PROSSER, JR.",63,61
2001,APRIL,MILWAUKEE,MILWAUKEE CITY WARD 284,SPRING GENERAL,JUSTICE OF THE SUPREME COURT,NONPARTISAN,SCATTERING,63,2
2001,APRIL,MILWAUKEE,MILWAUKEE CITY WARD 285,SPRING GENERAL,JUSTICE OF THE SUPREME COURT,NONPARTISAN,"DAVID T PROSSER, JR.",28,28
2001,APRIL,MILWAUKEE,MILWAUKEE CITY WARD 285,SPRING GENERAL,JUSTICE OF THE SUPREME COURT,NONPARTISAN,SCATTERING,28,0
2001,APRIL,MILWAUKEE,MILWAUKEE CITY WARD 286,SPRING GENERAL,JUSTICE OF THE SUPREME COURT,NONPARTISAN,"DAVID T PROSSER, JR.",143,142
2001,APRIL,MILWAUKEE,MILWAUKEE CITY WARD 286,SPRING GENERAL,JUSTICE OF THE SUPREME COURT,NONPARTISAN,SCATTERING,143,1
2001,APRIL,MILWAUKEE,MILWAUKEE CITY WARD 288,SPRING GENERAL,JUSTICE OF THE SUPREME COURT,NONPARTISAN,"DAVID T PROSSER, JR.",71,70
2001,APRIL,MILWAUKEE,MILWAUKEE CITY WARD 288,SPRING GENERAL,JUSTICE OF THE SUPREME COURT,NONPARTISAN,SCATTERING,71,1
2001,APRIL,MILWAUKEE,MILWAUKEE CITY WARD 289,SPRING GENERAL,JUSTICE OF THE SUPREME COURT,NONPARTISAN,"DAVID T PROSSER, JR.",100,99
2001,APRIL,MILWAUKEE,MILWAUKEE CITY WARD 289,SPRING GENERAL,JUSTICE OF THE SUPREME COURT,NONPARTISAN,SCATTERING,100,1
2001,APRIL,MILWAUKEE,MILWAUKEE CITY WARD 290,SPRING GENERAL,JUSTICE OF THE SUPREME COURT,NONPARTISAN,"DAVID T PROSSER, JR.",98,93
2001,APRIL,MILWAUKEE,MILWAUKEE CITY WARD 290,SPRING GENERAL,JUSTICE OF THE SUPREME COURT,NONPARTISAN,SCATTERING,98,5
2001,APRIL,MILWAUKEE,MILWAUKEE CITY WARD 291,SPRING GENERAL,JUSTICE OF THE SUPREME COURT,NONPARTISAN,"DAVID T PROSSER, JR.",194,187
2001,APRIL,MILWAUKEE,MILWAUKEE CITY WARD 291,SPRING GENERAL,JUSTICE OF THE SUPREME COURT,NONPARTISAN,SCATTERING,194,7
2001,APRIL,MILWAUKEE,MILWAUKEE CITY WARD 292,SPRING GENERAL,JUSTICE OF THE SUPREME COURT,NONPARTISAN,"DAVID T PROSSER, JR.",122,120
2001,APRIL,MILWAUKEE,MILWAUKEE CITY WARD 292,SPRING GENERAL,JUSTICE OF THE SUPREME COURT,NONPARTISAN,SCATTERING,122,2
2001,APRIL,MILWAUKEE,MILWAUKEE CITY WARD 293,SPRING GENERAL,JUSTICE OF THE SUPREME COURT,NONPARTISAN,"DAVID T PROSSER, JR.",57,57
2001,APRIL,MILWAUKEE,MILWAUKEE CITY WARD 293,SPRING GENERAL,JUSTICE OF THE SUPREME COURT,NONPARTISAN,SCATTERING,57,0
2001,APRIL,MILWAUKEE,MILWAUKEE CITY WARD 294,SPRING GENERAL,JUSTICE OF THE SUPREME COURT,NONPARTISAN,"DAVID T PROSSER, JR.",85,83
2001,APRIL,MILWAUKEE,MILWAUKEE CITY WARD 294,SPRING GENERAL,JUSTICE OF THE SUPREME COURT,NONPARTISAN,SCATTERING,85,2
2001,APRIL,MILWAUKEE,MILWAUKEE CITY WARD 295,SPRING GENERAL,JUSTICE OF THE SUPREME COURT,NONPARTISAN,"DAVID T PROSSER, JR.",131,129
2001,APRIL,MILWAUKEE,MILWAUKEE CITY WARD 295,SPRING GENERAL,JUSTICE OF THE SUPREME COURT,NONPARTISAN,SCATTERING,131,2
2001,APRIL,MILWAUKEE,MILWAUKEE CITY WARD 296,SPRING GENERAL,JUSTICE OF THE SUPREME COURT,NONPARTISAN,"DAVID T PROSSER, JR.",105,102
2001,APRIL,MILWAUKEE,MILWAUKEE CITY WARD 296,SPRING GENERAL,JUSTICE OF THE SUPREME COURT,NONPARTISAN,SCATTERING,105,3
2001,APRIL,MILWAUKEE,MILWAUKEE CITY WARD 297,SPRING GENERAL,JUSTICE OF THE SUPREME COURT,NONPARTISAN,"DAVID T PROSSER, JR.",54,54
2001,APRIL,MILWAUKEE,MILWAUKEE CITY WARD 297,SPRING GENERAL,JUSTICE OF THE SUPREME COURT,NONPARTISAN,SCATTERING,54,0
2001,APRIL,MILWAUKEE,MILWAUKEE CITY WARD 298,SPRING GENERAL,JUSTICE OF THE SUPREME COURT,NONPARTISAN,"DAVID T PROSSER, JR.",102,97
2001,APRIL,MILWAUKEE,MILWAUKEE CITY WARD 298,SPRING GENERAL,JUSTICE OF THE SUPREME COURT,NONPARTISAN,SCATTERING,102,5
2001,APRIL,MILWAUKEE,MILWAUKEE CITY WARD 299,SPRING GENERAL,JUSTICE OF THE SUPREME COURT,NONPARTISAN,"DAVID T PROSSER, JR.",176,170
2001,APRIL,MILWAUKEE,MILWAUKEE CITY WARD 299,SPRING GENERAL,JUSTICE OF THE SUPREME COURT,NONPARTISAN,SCATTERING,176,6
2001,APRIL,MILWAUKEE,MILWAUKEE CITY WARD 300,SPRING GENERAL,JUSTICE OF THE SUPREME COURT,NONPARTISAN,"DAVID T PROSSER, JR.",115,111
2001,APRIL,MILWAUKEE,MILWAUKEE CITY WARD 300,SPRING GENERAL,JUSTICE OF THE SUPREME COURT,NONPARTISAN,SCATTERING,115,4
2001,APRIL,MILWAUKEE,MILWAUKEE CITY WARD 301,SPRING GENERAL,JUSTICE OF THE SUPREME COURT,NONPARTISAN,"DAVID T PROSSER, JR.",79,78
2001,APRIL,MILWAUKEE,MILWAUKEE CITY WARD 301,SPRING GENERAL,JUSTICE OF THE SUPREME COURT,NONPARTISAN,SCATTERING,79,1
2001,APRIL,MILWAUKEE,MILWAUKEE CITY WARD 302,SPRING GENERAL,JUSTICE OF THE SUPREME COURT,NONPARTISAN,"DAVID T PROSSER, JR.",150,148
2001,APRIL,MILWAUKEE,MILWAUKEE CITY WARD 302,SPRING GENERAL,JUSTICE OF THE SUPREME COURT,NONPARTISAN,SCATTERING,150,2
2001,APRIL,MILWAUKEE,MILWAUKEE CITY WARD 303,SPRING GENERAL,JUSTICE OF THE SUPREME COURT,NONPARTISAN,"DAVID T PROSSER, JR.",51,50
2001,APRIL,MILWAUKEE,MILWAUKEE CITY WARD 303,SPRING GENERAL,JUSTICE OF THE SUPREME COURT,NONPARTISAN,SCATTERING,51,1
2001,APRIL,MILWAUKEE,MILWAUKEE CITY WARD 304,SPRING GENERAL,JUSTICE OF THE SUPREME COURT,NONPARTISAN,"DAVID T PROSSER, JR.",116,115
2001,APRIL,MILWAUKEE,MILWAUKEE CITY WARD 304,SPRING GENERAL,JUSTICE OF THE SUPREME COURT,NONPARTISAN,SCATTERING,116,1
2001,APRIL,MILWAUKEE,MILWAUKEE CITY WARD 305,SPRING GENERAL,JUSTICE OF THE SUPREME COURT,NONPARTISAN,"DAVID T PROSSER, JR.",14,14
2001,APRIL,MILWAUKEE,MILWAUKEE CITY WARD 305,SPRING GENERAL,JUSTICE OF THE SUPREME COURT,NONPARTISAN,SCATTERING,14,0
2001,APRIL,MILWAUKEE,MILWAUKEE CITY WARD 306,SPRING GENERAL,JUSTICE OF THE SUPREME COURT,NONPARTISAN,"DAVID T PROSSER, JR.",33,32
2001,APRIL,MILWAUKEE,MILWAUKEE CITY WARD 306,SPRING GENERAL,JUSTICE OF THE SUPREME COURT,NONPARTISAN,SCATTERING,33,1
2001,APRIL,MILWAUKEE,MILWAUKEE CITY WARD 307,SPRING GENERAL,JUSTICE OF THE SUPREME COURT,NONPARTISAN,"DAVID T PROSSER, JR.",61,61
2001,APRIL,MILWAUKEE,MILWAUKEE CITY WARD 307,SPRING GENERAL,JUSTICE OF THE SUPREME COURT,NONPARTISAN,SCATTERING,61,0
2001,APRIL,MILWAUKEE,MILWAUKEE CITY WARD 308,SPRING GENERAL,JUSTICE OF THE SUPREME COURT,NONPARTISAN,"DAVID T PROSSER, JR.",81,81
2001,APRIL,MILWAUKEE,MILWAUKEE CITY WARD 308,SPRING GENERAL,JUSTICE OF THE SUPREME COURT,NONPARTISAN,SCATTERING,81,0
2001,APRIL,MILWAUKEE,MILWAUKEE CITY WARD 309,SPRING GENERAL,JUSTICE OF THE SUPREME COURT,NONPARTISAN,"DAVID T PROSSER, JR.",70,68
2001,APRIL,MILWAUKEE,MILWAUKEE CITY WARD 309,SPRING GENERAL,JUSTICE OF THE SUPREME COURT,NONPARTISAN,SCATTERING,70,2
2001,APRIL,MILWAUKEE,MILWAUKEE CITY WARD 310,SPRING GENERAL,JUSTICE OF THE SUPREME COURT,NONPARTISAN,"DAVID T PROSSER, JR.",14,14
2001,APRIL,MILWAUKEE,MILWAUKEE CITY WARD 310,SPRING GENERAL,JUSTICE OF THE SUPREME COURT,NONPARTISAN,SCATTERING,14,0
2001,APRIL,MILWAUKEE,MILWAUKEE CITY WARD 311,SPRING GENERAL,JUSTICE OF THE SUPREME COURT,NONPARTISAN,"DAVID T PROSSER, JR.",21,21
2001,APRIL,MILWAUKEE,MILWAUKEE CITY WARD 311,SPRING GENERAL,JUSTICE OF THE SUPREME COURT,NONPARTISAN,SCATTERING,21,0
2001,APRIL,MILWAUKEE,MILWAUKEE CITY WARD 312,SPRING GENERAL,JUSTICE OF THE SUPREME COURT,NONPARTISAN,"DAVID T PROSSER, JR.",46,46
2001,APRIL,MILWAUKEE,MILWAUKEE CITY WARD 312,SPRING GENERAL,JUSTICE OF THE SUPREME COURT,NONPARTISAN,SCATTERING,46,0
2001,APRIL,MILWAUKEE,MILWAUKEE CITY WARD 313,SPRING GENERAL,JUSTICE OF THE SUPREME COURT,NONPARTISAN,"DAVID T PROSSER, JR.",28,28
2001,APRIL,MILWAUKEE,MILWAUKEE CITY WARD 313,SPRING GENERAL,JUSTICE OF THE SUPREME COURT,NONPARTISAN,SCATTERING,28,0
2001,APRIL,MILWAUKEE,MILWAUKEE CITY WARD 314,SPRING GENERAL,JUSTICE OF THE SUPREME COURT,NONPARTISAN,"DAVID T PROSSER, JR.",30,28
2001,APRIL,MILWAUKEE,MILWAUKEE CITY WARD 314,SPRING GENERAL,JUSTICE OF THE SUPREME COURT,NONPARTISAN,SCATTERING,30,2
2001,APRIL,MILWAUKEE,MILWAUKEE CITY WARD 315,SPRING GENERAL,JUSTICE OF THE SUPREME COURT,NONPARTISAN,"DAVID T PROSSER, JR.",16,15
2001,APRIL,MILWAUKEE,MILWAUKEE CITY WARD 315,SPRING GENERAL,JUSTICE OF THE SUPREME COURT,NONPARTISAN,SCATTERING,16,1
2001,APRIL,MILWAUKEE,MILWAUKEE CITY WARD 316,SPRING GENERAL,JUSTICE OF THE SUPREME COURT,NONPARTISAN,"DAVID T PROSSER, JR.",26,26
2001,APRIL,MILWAUKEE,MILWAUKEE CITY WARD 316,SPRING GENERAL,JUSTICE OF THE SUPREME COURT,NONPARTISAN,SCATTERING,26,0
2001,APRIL,MILWAUKEE,MILWAUKEE CITY WARD 317,SPRING GENERAL,JUSTICE OF THE SUPREME COURT,NONPARTISAN,"DAVID T PROSSER, JR.",19,18
2001,APRIL,MILWAUKEE,MILWAUKEE CITY WARD 317,SPRING GENERAL,JUSTICE OF THE SUPREME COURT,NONPARTISAN,SCATTERING,19,1
2001,APRIL,MILWAUKEE,MILWAUKEE CITY WARD 318,SPRING GENERAL,JUSTICE OF THE SUPREME COURT,NONPARTISAN,"DAVID T PROSSER, JR.",11,11
2001,APRIL,MILWAUKEE,MILWAUKEE CITY WARD 318,SPRING GENERAL,JUSTICE OF THE SUPREME COURT,NONPARTISAN,SCATTERING,11,0
2001,APRIL,MILWAUKEE,MILWAUKEE CITY WARD 319,SPRING GENERAL,JUSTICE OF THE SUPREME COURT,NONPARTISAN,"DAVID T PROSSER, JR.",16,14
2001,APRIL,MILWAUKEE,MILWAUKEE CITY WARD 319,SPRING GENERAL,JUSTICE OF THE SUPREME COURT,NONPARTISAN,SCATTERING,16,2
2001,APRIL,MILWAUKEE,MILWAUKEE CITY WARD 320,SPRING GENERAL,JUSTICE OF THE SUPREME COURT,NONPARTISAN,"DAVID T PROSSER, JR.",13,12
2001,APRIL,MILWAUKEE,MILWAUKEE CITY WARD 320,SPRING GENERAL,JUSTICE OF THE SUPREME COURT,NONPARTISAN,SCATTERING,13,1
2001,APRIL,MILWAUKEE,MILWAUKEE CITY WARD 321,SPRING GENERAL,JUSTICE OF THE SUPREME COURT,NONPARTISAN,"DAVID T PROSSER, JR.",42,38
2001,APRIL,MILWAUKEE,MILWAUKEE CITY WARD 321,SPRING GENERAL,JUSTICE OF THE SUPREME COURT,NONPARTISAN,SCATTERING,42,4
2001,APRIL,MILWAUKEE,MILWAUKEE CITY WARD 322,SPRING GENERAL,JUSTICE OF THE SUPREME COURT,NONPARTISAN,"DAVID T PROSSER, JR.",39,39
2001,APRIL,MILWAUKEE,MILWAUKEE CITY WARD 322,SPRING GENERAL,JUSTICE OF THE SUPREME COURT,NONPARTISAN,SCATTERING,39,0
2001,APRIL,MILWAUKEE,MILWAUKEE CITY WARD 323,SPRING GENERAL,JUSTICE OF THE SUPREME COURT,NONPARTISAN,"DAVID T PROSSER, JR.",46,44
2001,APRIL,MILWAUKEE,MILWAUKEE CITY WARD 323,SPRING GENERAL,JUSTICE OF THE SUPREME COURT,NONPARTISAN,SCATTERING,46,2
2001,APRIL,MILWAUKEE,MILWAUKEE CITY WARD 324,SPRING GENERAL,JUSTICE OF THE SUPREME COURT,NONPARTISAN,"DAVID T PROSSER, JR.",23,23
2001,APRIL,MILWAUKEE,MILWAUKEE CITY WARD 324,SPRING GENERAL,JUSTICE OF THE SUPREME COURT,NONPARTISAN,SCATTERING,23,0
2001,APRIL,MILWAUKEE,MILWAUKEE CITY WARD 325,SPRING GENERAL,JUSTICE OF THE SUPREME COURT,NONPARTISAN,"DAVID T PROSSER, JR.",43,42
2001,APRIL,MILWAUKEE,MILWAUKEE CITY WARD 325,SPRING GENERAL,JUSTICE OF THE SUPREME COURT,NONPARTISAN,SCATTERING,43,1
2001,APRIL,MILWAUKEE,MILWAUKEE CITY WARD 326,SPRING GENERAL,JUSTICE OF THE SUPREME COURT,NONPARTISAN,"DAVID T PROSSER, JR.",49,46
2001,APRIL,MILWAUKEE,MILWAUKEE CITY WARD 326,SPRING GENERAL,JUSTICE OF THE SUPREME COURT,NONPARTISAN,SCATTERING,49,3
2001,APRIL,MILWAUKEE,MILWAUKEE CITY WARD 327,SPRING GENERAL,JUSTICE OF THE SUPREME COURT,NONPARTISAN,"DAVID T PROSSER, JR.",12,11
2001,APRIL,MILWAUKEE,MILWAUKEE CITY WARD 327,SPRING GENERAL,JUSTICE OF THE SUPREME COURT,NONPARTISAN,SCATTERING,12,1
2001,APRIL,MILWAUKEE,MILWAUKEE CITY WARD 328,SPRING GENERAL,JUSTICE OF THE SUPREME COURT,NONPARTISAN,"DAVID T PROSSER, JR.",125,119
2001,APRIL,MILWAUKEE,MILWAUKEE CITY WARD 328,SPRING GENERAL,JUSTICE OF THE SUPREME COURT,NONPARTISAN,SCATTERING,125,6
2001,APRIL,MILWAUKEE,MILWAUKEE CITY WARD 329,SPRING GENERAL,JUSTICE OF THE SUPREME COURT,NONPARTISAN,"DAVID T PROSSER, JR.",18,18
2001,APRIL,MILWAUKEE,MILWAUKEE CITY WARD 329,SPRING GENERAL,JUSTICE OF THE SUPREME COURT,NONPARTISAN,SCATTERING,18,0
2001,APRIL,MILWAUKEE,MILWAUKEE CITY WARD 330,SPRING GENERAL,JUSTICE OF THE SUPREME COURT,NONPARTISAN,"DAVID T PROSSER, JR.",16,16
2001,APRIL,MILWAUKEE,MILWAUKEE CITY WARD 330,SPRING GENERAL,JUSTICE OF THE SUPREME COURT,NONPARTISAN,SCATTERING,16,0
2001,APRIL,MILWAUKEE,MILWAUKEE CITY WARD 331,SPRING GENERAL,JUSTICE OF THE SUPREME COURT,NONPARTISAN,"DAVID T PROSSER, JR.",5,5
2001,APRIL,MILWAUKEE,MILWAUKEE CITY WARD 331,SPRING GENERAL,JUSTICE OF THE SUPREME COURT,NONPARTISAN,SCATTERING,5,0
2001,APRIL,MILWAUKEE,MILWAUKEE CITY WARD 332,SPRING GENERAL,JUSTICE OF THE SUPREME COURT,NONPARTISAN,"DAVID T PROSSER, JR.",0,0
2001,APRIL,MILWAUKEE,MILWAUKEE CITY WARD 332,SPRING GENERAL,JUSTICE OF THE SUPREME COURT,NONPARTISAN,SCATTERING,0,0
2001,APRIL,MILWAUKEE,MILWAUKEE CITY WARD 333,SPRING GENERAL,JUSTICE OF THE SUPREME COURT,NONPARTISAN,"DAVID T PROSSER, JR.",0,0
2001,APRIL,MILWAUKEE,MILWAUKEE CITY WARD 333,SPRING GENERAL,JUSTICE OF THE SUPREME COURT,NONPARTISAN,SCATTERING,0,0
2001,APRIL,MILWAUKEE,MILWAUKEE CITY WARD 334,SPRING GENERAL,JUSTICE OF THE SUPREME COURT,NONPARTISAN,"DAVID T PROSSER, JR.",0,0
2001,APRIL,MILWAUKEE,MILWAUKEE CITY WARD 334,SPRING GENERAL,JUSTICE OF THE SUPREME COURT,NONPARTISAN,SCATTERING,0,0
2001,APRIL,MILWAUKEE,MILWAUKEE CITY WARD 335,SPRING GENERAL,JUSTICE OF THE SUPREME COURT,NONPARTISAN,"DAVID T PROSSER, JR.",23,23
2001,APRIL,MILWAUKEE,MILWAUKEE CITY WARD 335,SPRING GENERAL,JUSTICE OF THE SUPREME COURT,NONPARTISAN,SCATTERING,23,0
2001,APRIL,MILWAUKEE,OAK CREEK CITY WARDS 1 - 3,SPRING GENERAL,JUSTICE OF THE SUPREME COURT,NONPARTISAN,"DAVID T PROSSER, JR.",222,220
2001,APRIL,MILWAUKEE,OAK CREEK CITY WARDS 1 - 3,SPRING GENERAL,JUSTICE OF THE SUPREME COURT,NONPARTISAN,SCATTERING,222,2
2001,APRIL,MILWAUKEE,OAK CREEK CITY WARDS 4 - 6,SPRING GENERAL,JUSTICE OF THE SUPREME COURT,NONPARTISAN,"DAVID T PROSSER, JR.",176,175
2001,APRIL,MILWAUKEE,OAK CREEK CITY WARDS 4 - 6,SPRING GENERAL,JUSTICE OF THE SUPREME COURT,NONPARTISAN,SCATTERING,176,1
2001,APRIL,MILWAUKEE,OAK CREEK CITY WARDS 7 - 9,SPRING GENERAL,JUSTICE OF THE SUPREME COURT,NONPARTISAN,"DAVID T PROSSER, JR.",431,428
2001,APRIL,MILWAUKEE,OAK CREEK CITY WARDS 7 - 9,SPRING GENERAL,JUSTICE OF THE SUPREME COURT,NONPARTISAN,SCATTERING,431,3
2001,APRIL,MILWAUKEE,OAK CREEK CITY WARDS 10 - 12,SPRING GENERAL,JUSTICE OF THE SUPREME COURT,NONPARTISAN,"DAVID T PROSSER, JR.",267,263
2001,APRIL,MILWAUKEE,OAK CREEK CITY WARDS 10 - 12,SPRING GENERAL,JUSTICE OF THE SUPREME COURT,NONPARTISAN,SCATTERING,267,4
2001,APRIL,MILWAUKEE,OAK CREEK CITY WARDS 13 - 15,SPRING GENERAL,JUSTICE OF THE SUPREME COURT,NONPARTISAN,"DAVID T PROSSER, JR.",432,430
2001,APRIL,MILWAUKEE,OAK CREEK CITY WARDS 13 - 15,SPRING GENERAL,JUSTICE OF THE SUPREME COURT,NONPARTISAN,SCATTERING,432,2
2001,APRIL,MILWAUKEE,OAK CREEK CITY WARDS 16 & 17,SPRING GENERAL,JUSTICE OF THE SUPREME COURT,NONPARTISAN,"DAVID T PROSSER, JR.",179,176
2001,APRIL,MILWAUKEE,OAK CREEK CITY WARDS 16 & 17,SPRING GENERAL,JUSTICE OF THE SUPREME COURT,NONPARTISAN,SCATTERING,179,3
2001,APRIL,MILWAUKEE,ST FRANCIS CITY WARDS 1 - 4,SPRING GENERAL,JUSTICE OF THE SUPREME COURT,NONPARTISAN,"DAVID T PROSSER, JR.",279,277
2001,APRIL,MILWAUKEE,ST FRANCIS CITY WARDS 1 - 4,SPRING GENERAL,JUSTICE OF THE SUPREME COURT,NONPARTISAN,SCATTERING,279,2
2001,APRIL,MILWAUKEE,ST FRANCIS CITY WARDS 5 - 8,SPRING GENERAL,JUSTICE OF THE SUPREME COURT,NONPARTISAN,"DAVID T PROSSER, JR.",153,151
2001,APRIL,MILWAUKEE,ST FRANCIS CITY WARDS 5 - 8,SPRING GENERAL,JUSTICE OF THE SUPREME COURT,NONPARTISAN,SCATTERING,153,2
2001,APRIL,MILWAUKEE,ST FRANCIS CITY WARDS 9 - 12,SPRING GENERAL,JUSTICE OF THE SUPREME COURT,NONPARTISAN,"DAVID T PROSSER, JR.",206,204
2001,APRIL,MILWAUKEE,ST FRANCIS CITY WARDS 9 - 12,SPRING GENERAL,JUSTICE OF THE SUPREME COURT,NONPARTISAN,SCATTERING,206,2
2001,APRIL,MILWAUKEE,SOUTH MILWAUKEE CITY WARDS 1 & 2,SPRING GENERAL,JUSTICE OF THE SUPREME COURT,NONPARTISAN,"DAVID T PROSSER, JR.",304,303
2001,APRIL,MILWAUKEE,SOUTH MILWAUKEE CITY WARDS 1 & 2,SPRING GENERAL,JUSTICE OF THE SUPREME COURT,NONPARTISAN,SCATTERING,304,1
2001,APRIL,MILWAUKEE,SOUTH MILWAUKEE CITY WARDS 3 & 4,SPRING GENERAL,JUSTICE OF THE SUPREME COURT,NONPARTISAN,"DAVID T PROSSER, JR.",149,148
2001,APRIL,MILWAUKEE,SOUTH MILWAUKEE CITY WARDS 3 & 4,SPRING GENERAL,JUSTICE OF THE SUPREME COURT,NONPARTISAN,SCATTERING,149,1
2001,APRIL,MILWAUKEE,SOUTH MILWAUKEE CITY WARDS 5 & 6,SPRING GENERAL,JUSTICE OF THE SUPREME COURT,NONPARTISAN,"DAVID T PROSSER, JR.",141,137
2001,APRIL,MILWAUKEE,SOUTH MILWAUKEE CITY WARDS 5 & 6,SPRING GENERAL,JUSTICE OF THE SUPREME COURT,NONPARTISAN,SCATTERING,141,4
2001,APRIL,MILWAUKEE,SOUTH MILWAUKEE CITY WARDS 7 & 8,SPRING GENERAL,JUSTICE OF THE SUPREME COURT,NONPARTISAN,"DAVID T PROSSER, JR.",129,129
2001,APRIL,MILWAUKEE,SOUTH MILWAUKEE CITY WARDS 7 & 8,SPRING GENERAL,JUSTICE OF THE SUPREME COURT,NONPARTISAN,SCATTERING,129,0
2001,APRIL,MILWAUKEE,SOUTH MILWAUKEE CITY WARDS 9 & 10,SPRING GENERAL,JUSTICE OF THE SUPREME COURT,NONPARTISAN,"DAVID T PROSSER, JR.",223,223
2001,APRIL,MILWAUKEE,SOUTH MILWAUKEE CITY WARDS 9 & 10,SPRING GENERAL,JUSTICE OF THE SUPREME COURT,NONPARTISAN,SCATTERING,223,0
2001,APRIL,MILWAUKEE,SOUTH MILWAUKEE CITY WARDS 11 & 12,SPRING GENERAL,JUSTICE OF THE SUPREME COURT,NONPARTISAN,"DAVID T PROSSER, JR.",186,186
2001,APRIL,MILWAUKEE,SOUTH MILWAUKEE CITY WARDS 11 & 12,SPRING GENERAL,JUSTICE OF THE SUPREME COURT,NONPARTISAN,SCATTERING,186,0
2001,APRIL,MILWAUKEE,SOUTH MILWAUKEE CITY WARDS 13 & 14,SPRING GENERAL,JUSTICE OF THE SUPREME COURT,NONPARTISAN,"DAVID T PROSSER, JR.",247,246
2001,APRIL,MILWAUKEE,SOUTH MILWAUKEE CITY WARDS 13 & 14,SPRING GENERAL,JUSTICE OF THE SUPREME COURT,NONPARTISAN,SCATTERING,247,1
2001,APRIL,MILWAUKEE,SOUTH MILWAUKEE CITY WARDS 15 & 16,SPRING GENERAL,JUSTICE OF THE SUPREME COURT,NONPARTISAN,"DAVID T PROSSER, JR.",355,353
2001,APRIL,MILWAUKEE,SOUTH MILWAUKEE CITY WARDS 15 & 16,SPRING GENERAL,JUSTICE OF THE SUPREME COURT,NONPARTISAN,SCATTERING,355,2
2001,APRIL,MILWAUKEE,WAUWATOSA CITY WARD 1,SPRING GENERAL,JUSTICE OF THE SUPREME COURT,NONPARTISAN,"DAVID T PROSSER, JR.",120,118
2001,APRIL,MILWAUKEE,WAUWATOSA CITY WARD 1,SPRING GENERAL,JUSTICE OF THE SUPREME COURT,NONPARTISAN,SCATTERING,120,2
2001,APRIL,MILWAUKEE,WAUWATOSA CITY WARD 2,SPRING GENERAL,JUSTICE OF THE SUPREME COURT,NONPARTISAN,"DAVID T PROSSER, JR.",126,123
2001,APRIL,MILWAUKEE,WAUWATOSA CITY WARD 2,SPRING GENERAL,JUSTICE OF THE SUPREME COURT,NONPARTISAN,SCATTERING,126,3
2001,APRIL,MILWAUKEE,WAUWATOSA CITY WARD 3,SPRING GENERAL,JUSTICE OF THE SUPREME COURT,NONPARTISAN,"DAVID T PROSSER, JR.",124,122
2001,APRIL,MILWAUKEE,WAUWATOSA CITY WARD 3,SPRING GENERAL,JUSTICE OF THE SUPREME COURT,NONPARTISAN,SCATTERING,124,2
2001,APRIL,MILWAUKEE,WAUWATOSA CITY WARD 4,SPRING GENERAL,JUSTICE OF THE SUPREME COURT,NONPARTISAN,"DAVID T PROSSER, JR.",261,254
2001,APRIL,MILWAUKEE,WAUWATOSA CITY WARD 4,SPRING GENERAL,JUSTICE OF THE SUPREME COURT,NONPARTISAN,SCATTERING,261,7
2001,APRIL,MILWAUKEE,WAUWATOSA CITY WARD 5,SPRING GENERAL,JUSTICE OF THE SUPREME COURT,NONPARTISAN,"DAVID T PROSSER, JR.",159,155
2001,APRIL,MILWAUKEE,WAUWATOSA CITY WARD 5,SPRING GENERAL,JUSTICE OF THE SUPREME COURT,NONPARTISAN,SCATTERING,159,4
2001,APRIL,MILWAUKEE,WAUWATOSA CITY WARD 6,SPRING GENERAL,JUSTICE OF THE SUPREME COURT,NONPARTISAN,"DAVID T PROSSER, JR.",39,39
2001,APRIL,MILWAUKEE,WAUWATOSA CITY WARD 6,SPRING GENERAL,JUSTICE OF THE SUPREME COURT,NONPARTISAN,SCATTERING,39,0
2001,APRIL,MILWAUKEE,WAUWATOSA CITY WARD 7,SPRING GENERAL,JUSTICE OF THE SUPREME COURT,NONPARTISAN,"DAVID T PROSSER, JR.",175,173
2001,APRIL,MILWAUKEE,WAUWATOSA CITY WARD 7,SPRING GENERAL,JUSTICE OF THE SUPREME COURT,NONPARTISAN,SCATTERING,175,2
2001,APRIL,MILWAUKEE,WAUWATOSA CITY WARD 8,SPRING GENERAL,JUSTICE OF THE SUPREME COURT,NONPARTISAN,"DAVID T PROSSER, JR.",107,107
2001,APRIL,MILWAUKEE,WAUWATOSA CITY WARD 8,SPRING GENERAL,JUSTICE OF THE SUPREME COURT,NONPARTISAN,SCATTERING,107,0
2001,APRIL,MILWAUKEE,WAUWATOSA CITY WARD 9,SPRING GENERAL,JUSTICE OF THE SUPREME COURT,NONPARTISAN,"DAVID T PROSSER, JR.",132,128
2001,APRIL,MILWAUKEE,WAUWATOSA CITY WARD 9,SPRING GENERAL,JUSTICE OF THE SUPREME COURT,NONPARTISAN,SCATTERING,132,4
2001,APRIL,MILWAUKEE,WAUWATOSA CITY WARD 10,SPRING GENERAL,JUSTICE OF THE SUPREME COURT,NONPARTISAN,"DAVID T PROSSER, JR.",141,140
2001,APRIL,MILWAUKEE,WAUWATOSA CITY WARD 10,SPRING GENERAL,JUSTICE OF THE SUPREME COURT,NONPARTISAN,SCATTERING,141,1
2001,APRIL,MILWAUKEE,WAUWATOSA CITY WARD 11,SPRING GENERAL,JUSTICE OF THE SUPREME COURT,NONPARTISAN,"DAVID T PROSSER, JR.",111,110
2001,APRIL,MILWAUKEE,WAUWATOSA CITY WARD 11,SPRING GENERAL,JUSTICE OF THE SUPREME COURT,NONPARTISAN,SCATTERING,111,1
2001,APRIL,MILWAUKEE,WAUWATOSA CITY WARD 12,SPRING GENERAL,JUSTICE OF THE SUPREME COURT,NONPARTISAN,"DAVID T PROSSER, JR.",173,171
2001,APRIL,MILWAUKEE,WAUWATOSA CITY WARD 12,SPRING GENERAL,JUSTICE OF THE SUPREME COURT,NONPARTISAN,SCATTERING,173,2
2001,APRIL,MILWAUKEE,WAUWATOSA CITY WARD 13,SPRING GENERAL,JUSTICE OF THE SUPREME COURT,NONPARTISAN,"DAVID T PROSSER, JR.",163,163
2001,APRIL,MILWAUKEE,WAUWATOSA CITY WARD 13,SPRING GENERAL,JUSTICE OF THE SUPREME COURT,NONPARTISAN,SCATTERING,163,0
2001,APRIL,MILWAUKEE,WAUWATOSA CITY WARD 14,SPRING GENERAL,JUSTICE OF THE SUPREME COURT,NONPARTISAN,"DAVID T PROSSER, JR.",211,210
2001,APRIL,MILWAUKEE,WAUWATOSA CITY WARD 14,SPRING GENERAL,JUSTICE OF THE SUPREME COURT,NONPARTISAN,SCATTERING,211,1
2001,APRIL,MILWAUKEE,WAUWATOSA CITY WARD 15,SPRING GENERAL,JUSTICE OF THE SUPREME COURT,NONPARTISAN,"DAVID T PROSSER, JR.",162,159
2001,APRIL,MILWAUKEE,WAUWATOSA CITY WARD 15,SPRING GENERAL,JUSTICE OF THE SUPREME COURT,NONPARTISAN,SCATTERING,162,3
2001,APRIL,MILWAUKEE,WAUWATOSA CITY WARD 16,SPRING GENERAL,JUSTICE OF THE SUPREME COURT,NONPARTISAN,"DAVID T PROSSER, JR.",173,172
2001,APRIL,MILWAUKEE,WAUWATOSA CITY WARD 16,SPRING GENERAL,JUSTICE OF THE SUPREME COURT,NONPARTISAN,SCATTERING,173,1
2001,APRIL,MILWAUKEE,WAUWATOSA CITY WARD 17,SPRING GENERAL,JUSTICE OF THE SUPREME COURT,NONPARTISAN,"DAVID T PROSSER, JR.",179,179
2001,APRIL,MILWAUKEE,WAUWATOSA CITY WARD 17,SPRING GENERAL,JUSTICE OF THE SUPREME COURT,NONPARTISAN,SCATTERING,179,0
2001,APRIL,MILWAUKEE,WAUWATOSA CITY WARD 18,SPRING GENERAL,JUSTICE OF THE SUPREME COURT,NONPARTISAN,"DAVID T PROSSER, JR.",192,187
2001,APRIL,MILWAUKEE,WAUWATOSA CITY WARD 18,SPRING GENERAL,JUSTICE OF THE SUPREME COURT,NONPARTISAN,SCATTERING,192,5
2001,APRIL,MILWAUKEE,WAUWATOSA CITY WARD 19,SPRING GENERAL,JUSTICE OF THE SUPREME COURT,NONPARTISAN,"DAVID T PROSSER, JR.",154,154
2001,APRIL,MILWAUKEE,WAUWATOSA CITY WARD 19,SPRING GENERAL,JUSTICE OF THE SUPREME COURT,NONPARTISAN,SCATTERING,154,0
2001,APRIL,MILWAUKEE,WAUWATOSA CITY WARD 20,SPRING GENERAL,JUSTICE OF THE SUPREME COURT,NONPARTISAN,"DAVID T PROSSER, JR.",213,213
2001,APRIL,MILWAUKEE,WAUWATOSA CITY WARD 20,SPRING GENERAL,JUSTICE OF THE SUPREME COURT,NONPARTISAN,SCATTERING,213,0
2001,APRIL,MILWAUKEE,WAUWATOSA CITY WARD 21,SPRING GENERAL,JUSTICE OF THE SUPREME COURT,NONPARTISAN,"DAVID T PROSSER, JR.",109,109
2001,APRIL,MILWAUKEE,WAUWATOSA CITY WARD 21,SPRING GENERAL,JUSTICE OF THE SUPREME COURT,NONPARTISAN,SCATTERING,109,0
2001,APRIL,MILWAUKEE,WAUWATOSA CITY WARD 22,SPRING GENERAL,JUSTICE OF THE SUPREME COURT,NONPARTISAN,"DAVID T PROSSER, JR.",176,175
2001,APRIL,MILWAUKEE,WAUWATOSA CITY WARD 22,SPRING GENERAL,JUSTICE OF THE SUPREME COURT,NONPARTISAN,SCATTERING,176,1
2001,APRIL,MILWAUKEE,WAUWATOSA CITY WARD 23,SPRING GENERAL,JUSTICE OF THE SUPREME COURT,NONPARTISAN,"DAVID T PROSSER, JR.",137,135
2001,APRIL,MILWAUKEE,WAUWATOSA CITY WARD 23,SPRING GENERAL,JUSTICE OF THE SUPREME COURT,NONPARTISAN,SCATTERING,137,2
2001,APRIL,MILWAUKEE,WAUWATOSA CITY WARD 24,SPRING GENERAL,JUSTICE OF THE SUPREME COURT,NONPARTISAN,"DAVID T PROSSER, JR.",198,197
2001,APRIL,MILWAUKEE,WAUWATOSA CITY WARD 24,SPRING GENERAL,JUSTICE OF THE SUPREME COURT,NONPARTISAN,SCATTERING,198,1
2001,APRIL,MILWAUKEE,WEST ALLIS CITY WARD 1,SPRING GENERAL,JUSTICE OF THE SUPREME COURT,NONPARTISAN,"DAVID T PROSSER, JR.",70,70
2001,APRIL,MILWAUKEE,WEST ALLIS CITY WARD 1,SPRING GENERAL,JUSTICE OF THE SUPREME COURT,NONPARTISAN,SCATTERING,70,0
2001,APRIL,MILWAUKEE,WEST ALLIS CITY WARD 2,SPRING GENERAL,JUSTICE OF THE SUPREME COURT,NONPARTISAN,"DAVID T PROSSER, JR.",57,56
2001,APRIL,MILWAUKEE,WEST ALLIS CITY WARD 2,SPRING GENERAL,JUSTICE OF THE SUPREME COURT,NONPARTISAN,SCATTERING,57,1
2001,APRIL,MILWAUKEE,WEST ALLIS CITY WARD 3,SPRING GENERAL,JUSTICE OF THE SUPREME COURT,NONPARTISAN,"DAVID T PROSSER, JR.",53,52
2001,APRIL,MILWAUKEE,WEST ALLIS CITY WARD 3,SPRING GENERAL,JUSTICE OF THE SUPREME COURT,NONPARTISAN,SCATTERING,53,1
2001,APRIL,MILWAUKEE,WEST ALLIS CITY WARD 4,SPRING GENERAL,JUSTICE OF THE SUPREME COURT,NONPARTISAN,"DAVID T PROSSER, JR.",55,55
2001,APRIL,MILWAUKEE,WEST ALLIS CITY WARD 4,SPRING GENERAL,JUSTICE OF THE SUPREME COURT,NONPARTISAN,SCATTERING,55,0
2001,APRIL,MILWAUKEE,WEST ALLIS CITY WARD 5,SPRING GENERAL,JUSTICE OF THE SUPREME COURT,NONPARTISAN,"DAVID T PROSSER, JR.",61,60
2001,APRIL,MILWAUKEE,WEST ALLIS CITY WARD 5,SPRING GENERAL,JUSTICE OF THE SUPREME COURT,NONPARTISAN,SCATTERING,61,1
2001,APRIL,MILWAUKEE,WEST ALLIS CITY WARD 6,SPRING GENERAL,JUSTICE OF THE SUPREME COURT,NONPARTISAN,"DAVID T PROSSER, JR.",83,83
2001,APRIL,MILWAUKEE,WEST ALLIS CITY WARD 6,SPRING GENERAL,JUSTICE OF THE SUPREME COURT,NONPARTISAN,SCATTERING,83,0
2001,APRIL,MILWAUKEE,WEST ALLIS CITY WARD 7,SPRING GENERAL,JUSTICE OF THE SUPREME COURT,NONPARTISAN,"DAVID T PROSSER, JR.",96,95
2001,APRIL,MILWAUKEE,WEST ALLIS CITY WARD 7,SPRING GENERAL,JUSTICE OF THE SUPREME COURT,NONPARTISAN,SCATTERING,96,1
2001,APRIL,MILWAUKEE,WEST ALLIS CITY WARD 8,SPRING GENERAL,JUSTICE OF THE SUPREME COURT,NONPARTISAN,"DAVID T PROSSER, JR.",68,67
2001,APRIL,MILWAUKEE,WEST ALLIS CITY WARD 8,SPRING GENERAL,JUSTICE OF THE SUPREME COURT,NONPARTISAN,SCATTERING,68,1
2001,APRIL,MILWAUKEE,WEST ALLIS CITY WARD 9,SPRING GENERAL,JUSTICE OF THE SUPREME COURT,NONPARTISAN,"DAVID T PROSSER, JR.",60,54
2001,APRIL,MILWAUKEE,WEST ALLIS CITY WARD 9,SPRING GENERAL,JUSTICE OF THE SUPREME COURT,NONPARTISAN,SCATTERING,60,6
2001,APRIL,MILWAUKEE,WEST ALLIS CITY WARD 10,SPRING GENERAL,JUSTICE OF THE SUPREME COURT,NONPARTISAN,"DAVID T PROSSER, JR.",100,98
2001,APRIL,MILWAUKEE,WEST ALLIS CITY WARD 10,SPRING GENERAL,JUSTICE OF THE SUPREME COURT,NONPARTISAN,SCATTERING,100,2
2001,APRIL,MILWAUKEE,WEST ALLIS CITY WARD 11,SPRING GENERAL,JUSTICE OF THE SUPREME COURT,NONPARTISAN,"DAVID T PROSSER, JR.",61,60
2001,APRIL,MILWAUKEE,WEST ALLIS CITY WARD 11,SPRING GENERAL,JUSTICE OF THE SUPREME COURT,NONPARTISAN,SCATTERING,61,1
2001,APRIL,MILWAUKEE,WEST ALLIS CITY WARD 12,SPRING GENERAL,JUSTICE OF THE SUPREME COURT,NONPARTISAN,"DAVID T PROSSER, JR.",50,50
2001,APRIL,MILWAUKEE,WEST ALLIS CITY WARD 12,SPRING GENERAL,JUSTICE OF THE SUPREME COURT,NONPARTISAN,SCATTERING,50,0
2001,APRIL,MILWAUKEE,WEST ALLIS CITY WARD 13,SPRING GENERAL,JUSTICE OF THE SUPREME COURT,NONPARTISAN,"DAVID T PROSSER, JR.",91,91
2001,APRIL,MILWAUKEE,WEST ALLIS CITY WARD 13,SPRING GENERAL,JUSTICE OF THE SUPREME COURT,NONPARTISAN,SCATTERING,91,0
2001,APRIL,MILWAUKEE,WEST ALLIS CITY WARD 14,SPRING GENERAL,JUSTICE OF THE SUPREME COURT,NONPARTISAN,"DAVID T PROSSER, JR.",67,67
2001,APRIL,MILWAUKEE,WEST ALLIS CITY WARD 14,SPRING GENERAL,JUSTICE OF THE SUPREME COURT,NONPARTISAN,SCATTERING,67,0
2001,APRIL,MILWAUKEE,WEST ALLIS CITY WARD 15,SPRING GENERAL,JUSTICE OF THE SUPREME COURT,NONPARTISAN,"DAVID T PROSSER, JR.",80,79
2001,APRIL,MILWAUKEE,WEST ALLIS CITY WARD 15,SPRING GENERAL,JUSTICE OF THE SUPREME COURT,NONPARTISAN,SCATTERING,80,1
2001,APRIL,MILWAUKEE,WEST ALLIS CITY WARD 16,SPRING GENERAL,JUSTICE OF THE SUPREME COURT,NONPARTISAN,"DAVID T PROSSER, JR.",79,77
2001,APRIL,MILWAUKEE,WEST ALLIS CITY WARD 16,SPRING GENERAL,JUSTICE OF THE SUPREME COURT,NONPARTISAN,SCATTERING,79,2
2001,APRIL,MILWAUKEE,WEST ALLIS CITY WARD 17,SPRING GENERAL,JUSTICE OF THE SUPREME COURT,NONPARTISAN,"DAVID T PROSSER, JR.",76,74
2001,APRIL,MILWAUKEE,WEST ALLIS CITY WARD 17,SPRING GENERAL,JUSTICE OF THE SUPREME COURT,NONPARTISAN,SCATTERING,76,2
2001,APRIL,MILWAUKEE,WEST ALLIS CITY WARD 18,SPRING GENERAL,JUSTICE OF THE SUPREME COURT,NONPARTISAN,"DAVID T PROSSER, JR.",127,126
2001,APRIL,MILWAUKEE,WEST ALLIS CITY WARD 18,SPRING GENERAL,JUSTICE OF THE SUPREME COURT,NONPARTISAN,SCATTERING,127,1
2001,APRIL,MILWAUKEE,WEST ALLIS CITY WARD 19,SPRING GENERAL,JUSTICE OF THE SUPREME COURT,NONPARTISAN,"DAVID T PROSSER, JR.",81,78
2001,APRIL,MILWAUKEE,WEST ALLIS CITY WARD 19,SPRING GENERAL,JUSTICE OF THE SUPREME COURT,NONPARTISAN,SCATTERING,81,3
2001,APRIL,MILWAUKEE,WEST ALLIS CITY WARD 20,SPRING GENERAL,JUSTICE OF THE SUPREME COURT,NONPARTISAN,"DAVID T PROSSER, JR.",48,48
2001,APRIL,MILWAUKEE,WEST ALLIS CITY WARD 20,SPRING GENERAL,JUSTICE OF THE SUPREME COURT,NONPARTISAN,SCATTERING,48,0
2001,APRIL,MILWAUKEE,WEST ALLIS CITY WARD 21,SPRING GENERAL,JUSTICE OF THE SUPREME COURT,NONPARTISAN,"DAVID T PROSSER, JR.",64,63
2001,APRIL,MILWAUKEE,WEST ALLIS CITY WARD 21,SPRING GENERAL,JUSTICE OF THE SUPREME COURT,NONPARTISAN,SCATTERING,64,1
2001,APRIL,MILWAUKEE,WEST ALLIS CITY WARD 22,SPRING GENERAL,JUSTICE OF THE SUPREME COURT,NONPARTISAN,"DAVID T PROSSER, JR.",82,81
2001,APRIL,MILWAUKEE,WEST ALLIS CITY WARD 22,SPRING GENERAL,JUSTICE OF THE SUPREME COURT,NONPARTISAN,SCATTERING,82,1
2001,APRIL,MILWAUKEE,WEST ALLIS CITY WARD 23,SPRING GENERAL,JUSTICE OF THE SUPREME COURT,NONPARTISAN,"DAVID T PROSSER, JR.",106,106
2001,APRIL,MILWAUKEE,WEST ALLIS CITY WARD 23,SPRING GENERAL,JUSTICE OF THE SUPREME COURT,NONPARTISAN,SCATTERING,106,0
2001,APRIL,MILWAUKEE,WEST ALLIS CITY WARD 24,SPRING GENERAL,JUSTICE OF THE SUPREME COURT,NONPARTISAN,"DAVID T PROSSER, JR.",72,71
2001,APRIL,MILWAUKEE,WEST ALLIS CITY WARD 24,SPRING GENERAL,JUSTICE OF THE SUPREME COURT,NONPARTISAN,SCATTERING,72,1
2001,APRIL,MILWAUKEE,WEST ALLIS CITY WARD 25,SPRING GENERAL,JUSTICE OF THE SUPREME COURT,NONPARTISAN,"DAVID T PROSSER, JR.",151,151
2001,APRIL,MILWAUKEE,WEST ALLIS CITY WARD 25,SPRING GENERAL,JUSTICE OF THE SUPREME COURT,NONPARTISAN,SCATTERING,151,0
2001,APRIL,MILWAUKEE,WEST ALLIS CITY WARD 26,SPRING GENERAL,JUSTICE OF THE SUPREME COURT,NONPARTISAN,"DAVID T PROSSER, JR.",131,130
2001,APRIL,MILWAUKEE,WEST ALLIS CITY WARD 26,SPRING GENERAL,JUSTICE OF THE SUPREME COURT,NONPARTISAN,SCATTERING,131,1
2001,APRIL,MILWAUKEE,WEST ALLIS CITY WARD 27,SPRING GENERAL,JUSTICE OF THE SUPREME COURT,NONPARTISAN,"DAVID T PROSSER, JR.",111,110
2001,APRIL,MILWAUKEE,WEST ALLIS CITY WARD 27,SPRING GENERAL,JUSTICE OF THE SUPREME COURT,NONPARTISAN,SCATTERING,111,1
2001,APRIL,MILWAUKEE,WEST ALLIS CITY WARD 28,SPRING GENERAL,JUSTICE OF THE SUPREME COURT,NONPARTISAN,"DAVID T PROSSER, JR.",50,50
2001,APRIL,MILWAUKEE,WEST ALLIS CITY WARD 28,SPRING GENERAL,JUSTICE OF THE SUPREME COURT,NONPARTISAN,SCATTERING,50,0
2001,APRIL,MILWAUKEE,WEST ALLIS CITY WARD 29,SPRING GENERAL,JUSTICE OF THE SUPREME COURT,NONPARTISAN,"DAVID T PROSSER, JR.",102,100
2001,APRIL,MILWAUKEE,WEST ALLIS CITY WARD 29,SPRING GENERAL,JUSTICE OF THE SUPREME COURT,NONPARTISAN,SCATTERING,102,2
2001,APRIL,MILWAUKEE,WEST ALLIS CITY WARD 30,SPRING GENERAL,JUSTICE OF THE SUPREME COURT,NONPARTISAN,"DAVID T PROSSER, JR.",114,113
2001,APRIL,MILWAUKEE,WEST ALLIS CITY WARD 30,SPRING GENERAL,JUSTICE OF THE SUPREME COURT,NONPARTISAN,SCATTERING,114,1
2001,APRIL,MILWAUKEE,WEST ALLIS CITY WARD 31,SPRING GENERAL,JUSTICE OF THE SUPREME COURT,NONPARTISAN,"DAVID T PROSSER, JR.",79,79
2001,APRIL,MILWAUKEE,WEST ALLIS CITY WARD 31,SPRING GENERAL,JUSTICE OF THE SUPREME COURT,NONPARTISAN,SCATTERING,79,0
2001,APRIL,MILWAUKEE,WEST ALLIS CITY WARD 32,SPRING GENERAL,JUSTICE OF THE SUPREME COURT,NONPARTISAN,"DAVID T PROSSER, JR.",102,99
2001,APRIL,MILWAUKEE,WEST ALLIS CITY WARD 32,SPRING GENERAL,JUSTICE OF THE SUPREME COURT,NONPARTISAN,SCATTERING,102,3
2001,APRIL,MILWAUKEE,WEST ALLIS CITY WARD 33,SPRING GENERAL,JUSTICE OF THE SUPREME COURT,NONPARTISAN,"DAVID T PROSSER, JR.",97,94
2001,APRIL,MILWAUKEE,WEST ALLIS CITY WARD 33,SPRING GENERAL,JUSTICE OF THE SUPREME COURT,NONPARTISAN,SCATTERING,97,3
2001,APRIL,MONROE,ADRIAN TOWN WARDS 1 & 2,SPRING GENERAL,JUSTICE OF THE SUPREME COURT,NONPARTISAN,"DAVID T PROSSER, JR.",60,60
2001,APRIL,MONROE,ADRIAN TOWN WARDS 1 & 2,SPRING GENERAL,JUSTICE OF THE SUPREME COURT,NONPARTISAN,SCATTERING,60,0
2001,APRIL,MONROE,ANGELO TOWN WARD 1,SPRING GENERAL,JUSTICE OF THE SUPREME COURT,NONPARTISAN,"DAVID T PROSSER, JR.",103,103
2001,APRIL,MONROE,ANGELO TOWN WARD 1,SPRING GENERAL,JUSTICE OF THE SUPREME COURT,NONPARTISAN,SCATTERING,103,0
2001,APRIL,MONROE,BYRON TOWN WARD 1,SPRING GENERAL,JUSTICE OF THE SUPREME COURT,NONPARTISAN,"DAVID T PROSSER, JR.",111,111
2001,APRIL,MONROE,BYRON TOWN WARD 1,SPRING GENERAL,JUSTICE OF THE SUPREME COURT,NONPARTISAN,SCATTERING,111,0
2001,APRIL,MONROE,CLIFTON TOWN WARD 1,SPRING GENERAL,JUSTICE OF THE SUPREME COURT,NONPARTISAN,"DAVID T PROSSER, JR.",95,95
2001,APRIL,MONROE,CLIFTON TOWN WARD 1,SPRING GENERAL,JUSTICE OF THE SUPREME COURT,NONPARTISAN,SCATTERING,95,0
2001,APRIL,MONROE,GLENDALE TOWN WARD 1,SPRING GENERAL,JUSTICE OF THE SUPREME COURT,NONPARTISAN,"DAVID T PROSSER, JR.",75,75
2001,APRIL,MONROE,GLENDALE TOWN WARD 1,SPRING GENERAL,JUSTICE OF THE SUPREME COURT,NONPARTISAN,SCATTERING,75,0
2001,APRIL,MONROE,GRANT TOWN WARD 1,SPRING GENERAL,JUSTICE OF THE SUPREME COURT,NONPARTISAN,"DAVID T PROSSER, JR.",48,48
2001,APRIL,MONROE,GRANT TOWN WARD 1,SPRING GENERAL,JUSTICE OF THE SUPREME COURT,NONPARTISAN,SCATTERING,48,0
2001,APRIL,MONROE,GREENFIELD TOWN WARD 1,SPRING GENERAL,JUSTICE OF THE SUPREME COURT,NONPARTISAN,"DAVID T PROSSER, JR.",53,53
2001,APRIL,MONROE,GREENFIELD TOWN WARD 1,SPRING GENERAL,JUSTICE OF THE SUPREME COURT,NONPARTISAN,SCATTERING,53,0
2001,APRIL,MONROE,JEFFERSON TOWN WARD 1,SPRING GENERAL,JUSTICE OF THE SUPREME COURT,NONPARTISAN,"DAVID T PROSSER, JR.",28,28
2001,APRIL,MONROE,JEFFERSON TOWN WARD 1,SPRING GENERAL,JUSTICE OF THE SUPREME COURT,NONPARTISAN,SCATTERING,28,0
2001,APRIL,MONROE,LAFAYETTE TOWN WARD 1,SPRING GENERAL,JUSTICE OF THE SUPREME COURT,NONPARTISAN,"DAVID T PROSSER, JR.",29,29
2001,APRIL,MONROE,LAFAYETTE TOWN WARD 1,SPRING GENERAL,JUSTICE OF THE SUPREME COURT,NONPARTISAN,SCATTERING,29,0
2001,APRIL,MONROE,LA GRANGE TOWN WARDS 1 & 2,SPRING GENERAL,JUSTICE OF THE SUPREME COURT,NONPARTISAN,"DAVID T PROSSER, JR.",144,144
2001,APRIL,MONROE,LA GRANGE TOWN WARDS 1 & 2,SPRING GENERAL,JUSTICE OF THE SUPREME COURT,NONPARTISAN,SCATTERING,144,0
2001,APRIL,MONROE,LEON TOWN WARD 1,SPRING GENERAL,JUSTICE OF THE SUPREME COURT,NONPARTISAN,"DAVID T PROSSER, JR.",83,83
2001,APRIL,MONROE,LEON TOWN WARD 1,SPRING GENERAL,JUSTICE OF THE SUPREME COURT,NONPARTISAN,SCATTERING,83,0
2001,APRIL,MONROE,LINCOLN TOWN WARD 1,SPRING GENERAL,JUSTICE OF THE SUPREME COURT,NONPARTISAN,"DAVID T PROSSER, JR.",52,52
2001,APRIL,MONROE,LINCOLN TOWN WARD 1,SPRING GENERAL,JUSTICE OF THE SUPREME COURT,NONPARTISAN,SCATTERING,52,0
2001,APRIL,MONROE,LITTLE FALLS TOWN WARD 1,SPRING GENERAL,JUSTICE OF THE SUPREME COURT,NONPARTISAN,"DAVID T PROSSER, JR.",156,156
2001,APRIL,MONROE,LITTLE FALLS TOWN WARD 1,SPRING GENERAL,JUSTICE OF THE SUPREME COURT,NONPARTISAN,SCATTERING,156,0
2001,APRIL,MONROE,NEW LYME TOWN WARD 1,SPRING GENERAL,JUSTICE OF THE SUPREME COURT,NONPARTISAN,"DAVID T PROSSER, JR.",23,23
2001,APRIL,MONROE,NEW LYME TOWN WARD 1,SPRING GENERAL,JUSTICE OF THE SUPREME COURT,NONPARTISAN,SCATTERING,23,0
2001,APRIL,MONROE,OAKDALE TOWN WARD 1,SPRING GENERAL,JUSTICE OF THE SUPREME COURT,NONPARTISAN,"DAVID T PROSSER, JR.",45,45
2001,APRIL,MONROE,OAKDALE TOWN WARD 1,SPRING GENERAL,JUSTICE OF THE SUPREME COURT,NONPARTISAN,SCATTERING,45,0
2001,APRIL,MONROE,PORTLAND TOWN WARDS 1 & 2,SPRING GENERAL,JUSTICE OF THE SUPREME COURT,NONPARTISAN,"DAVID T PROSSER, JR.",73,73
2001,APRIL,MONROE,PORTLAND TOWN WARDS 1 & 2,SPRING GENERAL,JUSTICE OF THE SUPREME COURT,NONPARTISAN,SCATTERING,73,0
2001,APRIL,MONROE,RIDGEVILLE TOWN WARD 1,SPRING GENERAL,JUSTICE OF THE SUPREME COURT,NONPARTISAN,"DAVID T PROSSER, JR.",78,78
2001,APRIL,MONROE,RIDGEVILLE TOWN WARD 1,SPRING GENERAL,JUSTICE OF THE SUPREME COURT,NONPARTISAN,SCATTERING,78,0
2001,APRIL,MONROE,SCOTT TOWN WARD 1,SPRING GENERAL,JUSTICE OF THE SUPREME COURT,NONPARTISAN,"DAVID T PROSSER, JR.",16,16
2001,APRIL,MONROE,SCOTT TOWN WARD 1,SPRING GENERAL,JUSTICE OF THE SUPREME COURT,NONPARTISAN,SCATTERING,16,0
2001,APRIL,MONROE,SHELDON TOWN WARDS 1 & 2,SPRING GENERAL,JUSTICE OF THE SUPREME COURT,NONPARTISAN,"DAVID T PROSSER, JR.",65,65
2001,APRIL,MONROE,SHELDON TOWN WARDS 1 & 2,SPRING GENERAL,JUSTICE OF THE SUPREME COURT,NONPARTISAN,SCATTERING,65,0
2001,APRIL,MONROE,SPARTA TOWN WARDS 1 & 2,SPRING GENERAL,JUSTICE OF THE SUPREME COURT,NONPARTISAN,"DAVID T PROSSER, JR.",364,361
2001,APRIL,MONROE,SPARTA TOWN WARDS 1 & 2,SPRING GENERAL,JUSTICE OF THE SUPREME COURT,NONPARTISAN,SCATTERING,364,3
2001,APRIL,MONROE,TOMAH TOWN WARD 1,SPRING GENERAL,JUSTICE OF THE SUPREME COURT,NONPARTISAN,"DAVID T PROSSER, JR.",111,111
2001,APRIL,MONROE,TOMAH TOWN WARD 1,SPRING GENERAL,JUSTICE OF THE SUPREME COURT,NONPARTISAN,SCATTERING,111,0
2001,APRIL,MONROE,WELLINGTON TOWN WARDS 1 & 2,SPRING GENERAL,JUSTICE OF THE SUPREME COURT,NONPARTISAN,"DAVID T PROSSER, JR.",60,60
2001,APRIL,MONROE,WELLINGTON TOWN WARDS 1 & 2,SPRING GENERAL,JUSTICE OF THE SUPREME COURT,NONPARTISAN,SCATTERING,60,0
2001,APRIL,MONROE,WELLS TOWN WARD 1,SPRING GENERAL,JUSTICE OF THE SUPREME COURT,NONPARTISAN,"DAVID T PROSSER, JR.",52,52
2001,APRIL,MONROE,WELLS TOWN WARD 1,SPRING GENERAL,JUSTICE OF THE SUPREME COURT,NONPARTISAN,SCATTERING,52,0
2001,APRIL,MONROE,WILTON TOWN WARDS 1 & 2,SPRING GENERAL,JUSTICE OF THE SUPREME COURT,NONPARTISAN,"DAVID T PROSSER, JR.",39,39
2001,APRIL,MONROE,WILTON TOWN WARDS 1 & 2,SPRING GENERAL,JUSTICE OF THE SUPREME COURT,NONPARTISAN,SCATTERING,39,0
2001,APRIL,MONROE,CASHTON VILLAGE WARD 1,SPRING GENERAL,JUSTICE OF THE SUPREME COURT,NONPARTISAN,"DAVID T PROSSER, JR.",246,246
2001,APRIL,MONROE,CASHTON VILLAGE WARD 1,SPRING GENERAL,JUSTICE OF THE SUPREME COURT,NONPARTISAN,SCATTERING,246,0
2001,APRIL,MONROE,KENDALL VILLAGE WARD 1,SPRING GENERAL,JUSTICE OF THE SUPREME COURT,NONPARTISAN,"DAVID T PROSSER, JR.",81,81
2001,APRIL,MONROE,KENDALL VILLAGE WARD 1,SPRING GENERAL,JUSTICE OF THE SUPREME COURT,NONPARTISAN,SCATTERING,81,0
2001,APRIL,MONROE,MELVINA VILLAGE WARD 1,SPRING GENERAL,JUSTICE OF THE SUPREME COURT,NONPARTISAN,"DAVID T PROSSER, JR.",13,13
2001,APRIL,MONROE,MELVINA VILLAGE WARD 1,SPRING GENERAL,JUSTICE OF THE SUPREME COURT,NONPARTISAN,SCATTERING,13,0
2001,APRIL,MONROE,NORWALK VILLAGE WARD 1,SPRING GENERAL,JUSTICE OF THE SUPREME COURT,NONPARTISAN,"DAVID T PROSSER, JR.",141,141
2001,APRIL,MONROE,NORWALK VILLAGE WARD 1,SPRING GENERAL,JUSTICE OF THE SUPREME COURT,NONPARTISAN,SCATTERING,141,0
2001,APRIL,MONROE,OAKDALE VILLAGE WARD 1,SPRING GENERAL,JUSTICE OF THE SUPREME COURT,NONPARTISAN,"DAVID T PROSSER, JR.",33,33
2001,APRIL,MONROE,OAKDALE VILLAGE WARD 1,SPRING GENERAL,JUSTICE OF THE SUPREME COURT,NONPARTISAN,SCATTERING,33,0
2001,APRIL,MONROE,WARRENS VILLAGE WARD 1,SPRING GENERAL,JUSTICE OF THE SUPREME COURT,NONPARTISAN,"DAVID T PROSSER, JR.",25,25
2001,APRIL,MONROE,WARRENS VILLAGE WARD 1,SPRING GENERAL,JUSTICE OF THE SUPREME COURT,NONPARTISAN,SCATTERING,25,0
2001,APRIL,MONROE,WILTON VILLAGE WARD 1,SPRING GENERAL,JUSTICE OF THE SUPREME COURT,NONPARTISAN,"DAVID T PROSSER, JR.",79,79
2001,APRIL,MONROE,WILTON VILLAGE WARD 1,SPRING GENERAL,JUSTICE OF THE SUPREME COURT,NONPARTISAN,SCATTERING,79,0
2001,APRIL,MONROE,WYEVILLE VILLAGE WARD 1,SPRING GENERAL,JUSTICE OF THE SUPREME COURT,NONPARTISAN,"DAVID T PROSSER, JR.",21,21
2001,APRIL,MONROE,WYEVILLE VILLAGE WARD 1,SPRING GENERAL,JUSTICE OF THE SUPREME COURT,NONPARTISAN,SCATTERING,21,0
2001,APRIL,MONROE,SPARTA CITY WARD 1,SPRING GENERAL,JUSTICE OF THE SUPREME COURT,NONPARTISAN,"DAVID T PROSSER, JR.",192,191
2001,APRIL,MONROE,SPARTA CITY WARD 1,SPRING GENERAL,JUSTICE OF THE SUPREME COURT,NONPARTISAN,SCATTERING,192,1
2001,APRIL,MONROE,SPARTA CITY WARD 2,SPRING GENERAL,JUSTICE OF THE SUPREME COURT,NONPARTISAN,"DAVID T PROSSER, JR.",42,41
2001,APRIL,MONROE,SPARTA CITY WARD 2,SPRING GENERAL,JUSTICE OF THE SUPREME COURT,NONPARTISAN,SCATTERING,42,1
2001,APRIL,MONROE,SPARTA CITY WARD 3,SPRING GENERAL,JUSTICE OF THE SUPREME COURT,NONPARTISAN,"DAVID T PROSSER, JR.",139,138
2001,APRIL,MONROE,SPARTA CITY WARD 3,SPRING GENERAL,JUSTICE OF THE SUPREME COURT,NONPARTISAN,SCATTERING,139,1
2001,APRIL,MONROE,SPARTA CITY WARD 4,SPRING GENERAL,JUSTICE OF THE SUPREME COURT,NONPARTISAN,"DAVID T PROSSER, JR.",89,89
2001,APRIL,MONROE,SPARTA CITY WARD 4,SPRING GENERAL,JUSTICE OF THE SUPREME COURT,NONPARTISAN,SCATTERING,89,0
2001,APRIL,MONROE,SPARTA CITY WARD 5,SPRING GENERAL,JUSTICE OF THE SUPREME COURT,NONPARTISAN,"DAVID T PROSSER, JR.",38,38
2001,APRIL,MONROE,SPARTA CITY WARD 5,SPRING GENERAL,JUSTICE OF THE SUPREME COURT,NONPARTISAN,SCATTERING,38,0
2001,APRIL,MONROE,SPARTA CITY WARD 6,SPRING GENERAL,JUSTICE OF THE SUPREME COURT,NONPARTISAN,"DAVID T PROSSER, JR.",97,97
2001,APRIL,MONROE,SPARTA CITY WARD 6,SPRING GENERAL,JUSTICE OF THE SUPREME COURT,NONPARTISAN,SCATTERING,97,0
2001,APRIL,MONROE,SPARTA CITY WARD 7,SPRING GENERAL,JUSTICE OF THE SUPREME COURT,NONPARTISAN,"DAVID T PROSSER, JR.",65,65
2001,APRIL,MONROE,SPARTA CITY WARD 7,SPRING GENERAL,JUSTICE OF THE SUPREME COURT,NONPARTISAN,SCATTERING,65,0
2001,APRIL,MONROE,SPARTA CITY WARD 8,SPRING GENERAL,JUSTICE OF THE SUPREME COURT,NONPARTISAN,"DAVID T PROSSER, JR.",102,102
2001,APRIL,MONROE,SPARTA CITY WARD 8,SPRING GENERAL,JUSTICE OF THE SUPREME COURT,NONPARTISAN,SCATTERING,102,0
2001,APRIL,MONROE,SPARTA CITY WARD 9,SPRING GENERAL,JUSTICE OF THE SUPREME COURT,NONPARTISAN,"DAVID T PROSSER, JR.",156,156
2001,APRIL,MONROE,SPARTA CITY WARD 9,SPRING GENERAL,JUSTICE OF THE SUPREME COURT,NONPARTISAN,SCATTERING,156,0
2001,APRIL,MONROE,SPARTA CITY WARD 10,SPRING GENERAL,JUSTICE OF THE SUPREME COURT,NONPARTISAN,"DAVID T PROSSER, JR.",94,94
2001,APRIL,MONROE,SPARTA CITY WARD 10,SPRING GENERAL,JUSTICE OF THE SUPREME COURT,NONPARTISAN,SCATTERING,94,0
2001,APRIL,MONROE,SPARTA CITY WARD 11,SPRING GENERAL,JUSTICE OF THE SUPREME COURT,NONPARTISAN,"DAVID T PROSSER, JR.",69,69
2001,APRIL,MONROE,SPARTA CITY WARD 11,SPRING GENERAL,JUSTICE OF THE SUPREME COURT,NONPARTISAN,SCATTERING,69,0
2001,APRIL,MONROE,SPARTA CITY WARD 12,SPRING GENERAL,JUSTICE OF THE SUPREME COURT,NONPARTISAN,"DAVID T PROSSER, JR.",78,78
2001,APRIL,MONROE,SPARTA CITY WARD 12,SPRING GENERAL,JUSTICE OF THE SUPREME COURT,NONPARTISAN,SCATTERING,78,0
2001,APRIL,MONROE,SPARTA CITY WARD 13,SPRING GENERAL,JUSTICE OF THE SUPREME COURT,NONPARTISAN,"DAVID T PROSSER, JR.",122,122
2001,APRIL,MONROE,SPARTA CITY WARD 13,SPRING GENERAL,JUSTICE OF THE SUPREME COURT,NONPARTISAN,SCATTERING,122,0
2001,APRIL,MONROE,TOMAH CITY WARDS 1 - 12,SPRING GENERAL,JUSTICE OF THE SUPREME COURT,NONPARTISAN,"DAVID T PROSSER, JR.",700,698
2001,APRIL,MONROE,TOMAH CITY WARDS 1 - 12,SPRING GENERAL,JUSTICE OF THE SUPREME COURT,NONPARTISAN,SCATTERING,700,2
2001,APRIL,OCONTO,ABRAMS TOWN WARDS 1 - 3,SPRING GENERAL,JUSTICE OF THE SUPREME COURT,NONPARTISAN,"DAVID T PROSSER, JR.",322,320
2001,APRIL,OCONTO,ABRAMS TOWN WARDS 1 - 3,SPRING GENERAL,JUSTICE OF THE SUPREME COURT,NONPARTISAN,SCATTERING,322,2
2001,APRIL,OCONTO,BAGLEY TOWN WARD 1,SPRING GENERAL,JUSTICE OF THE SUPREME COURT,NONPARTISAN,"DAVID T PROSSER, JR.",60,60
2001,APRIL,OCONTO,BAGLEY TOWN WARD 1,SPRING GENERAL,JUSTICE OF THE SUPREME COURT,NONPARTISAN,SCATTERING,60,0
2001,APRIL,OCONTO,BRAZEAU TOWN WARDS 1 & 2,SPRING GENERAL,JUSTICE OF THE SUPREME COURT,NONPARTISAN,"DAVID T PROSSER, JR.",256,256
2001,APRIL,OCONTO,BRAZEAU TOWN WARDS 1 & 2,SPRING GENERAL,JUSTICE OF THE SUPREME COURT,NONPARTISAN,SCATTERING,256,0
2001,APRIL,OCONTO,BREED TOWN WARD 1,SPRING GENERAL,JUSTICE OF THE SUPREME COURT,NONPARTISAN,"DAVID T PROSSER, JR.",133,133
2001,APRIL,OCONTO,BREED TOWN WARD 1,SPRING GENERAL,JUSTICE OF THE SUPREME COURT,NONPARTISAN,SCATTERING,133,0
2001,APRIL,OCONTO,CHASE TOWN WARDS 1 - 3,SPRING GENERAL,JUSTICE OF THE SUPREME COURT,NONPARTISAN,"DAVID T PROSSER, JR.",276,276
2001,APRIL,OCONTO,CHASE TOWN WARDS 1 - 3,SPRING GENERAL,JUSTICE OF THE SUPREME COURT,NONPARTISAN,SCATTERING,276,0
2001,APRIL,OCONTO,DOTY TOWN WARD 1,SPRING GENERAL,JUSTICE OF THE SUPREME COURT,NONPARTISAN,"DAVID T PROSSER, JR.",94,94
2001,APRIL,OCONTO,DOTY TOWN WARD 1,SPRING GENERAL,JUSTICE OF THE SUPREME COURT,NONPARTISAN,SCATTERING,94,0
2001,APRIL,OCONTO,GILLETT TOWN WARDS 1 & 2,SPRING GENERAL,JUSTICE OF THE SUPREME COURT,NONPARTISAN,"DAVID T PROSSER, JR.",134,134
2001,APRIL,OCONTO,GILLETT TOWN WARDS 1 & 2,SPRING GENERAL,JUSTICE OF THE SUPREME COURT,NONPARTISAN,SCATTERING,134,0
2001,APRIL,OCONTO,HOW TOWN WARDS 1 & 2,SPRING GENERAL,JUSTICE OF THE SUPREME COURT,NONPARTISAN,"DAVID T PROSSER, JR.",65,65
2001,APRIL,OCONTO,HOW TOWN WARDS 1 & 2,SPRING GENERAL,JUSTICE OF THE SUPREME COURT,NONPARTISAN,SCATTERING,65,0
2001,APRIL,OCONTO,LAKEWOOD TOWN WARD 1,SPRING GENERAL,JUSTICE OF THE SUPREME COURT,NONPARTISAN,"DAVID T PROSSER, JR.",131,131
2001,APRIL,OCONTO,LAKEWOOD TOWN WARD 1,SPRING GENERAL,JUSTICE OF THE SUPREME COURT,NONPARTISAN,SCATTERING,131,0
2001,APRIL,OCONTO,LENA TOWN WARDS 1 & 2,SPRING GENERAL,JUSTICE OF THE SUPREME COURT,NONPARTISAN,"DAVID T PROSSER, JR.",145,145
2001,APRIL,OCONTO,LENA TOWN WARDS 1 & 2,SPRING GENERAL,JUSTICE OF THE SUPREME COURT,NONPARTISAN,SCATTERING,145,0
2001,APRIL,OCONTO,LITTLE RIVER TOWN WARDS 1 & 2,SPRING GENERAL,JUSTICE OF THE SUPREME COURT,NONPARTISAN,"DAVID T PROSSER, JR.",91,91
2001,APRIL,OCONTO,LITTLE RIVER TOWN WARDS 1 & 2,SPRING GENERAL,JUSTICE OF THE SUPREME COURT,NONPARTISAN,SCATTERING,91,0
2001,APRIL,OCONTO,LITTLE SUAMICO TOWN WARD 1,SPRING GENERAL,JUSTICE OF THE SUPREME COURT,NONPARTISAN,"DAVID T PROSSER, JR.",74,73
2001,APRIL,OCONTO,LITTLE SUAMICO TOWN WARD 1,SPRING GENERAL,JUSTICE OF THE SUPREME COURT,NONPARTISAN,SCATTERING,74,1
2001,APRIL,OCONTO,LITTLE SUAMICO TOWN WARD 2,SPRING GENERAL,JUSTICE OF THE SUPREME COURT,NONPARTISAN,"DAVID T PROSSER, JR.",60,60
2001,APRIL,OCONTO,LITTLE SUAMICO TOWN WARD 2,SPRING GENERAL,JUSTICE OF THE SUPREME COURT,NONPARTISAN,SCATTERING,60,0
2001,APRIL,OCONTO,LITTLE SUAMICO TOWN WARD 3,SPRING GENERAL,JUSTICE OF THE SUPREME COURT,NONPARTISAN,"DAVID T PROSSER, JR.",117,116
2001,APRIL,OCONTO,LITTLE SUAMICO TOWN WARD 3,SPRING GENERAL,JUSTICE OF THE SUPREME COURT,NONPARTISAN,SCATTERING,117,1
2001,APRIL,OCONTO,MAPLE VALLEY TOWN WARD 1,SPRING GENERAL,JUSTICE OF THE SUPREME COURT,NONPARTISAN,"DAVID T PROSSER, JR.",86,86
2001,APRIL,OCONTO,MAPLE VALLEY TOWN WARD 1,SPRING GENERAL,JUSTICE OF THE SUPREME COURT,NONPARTISAN,SCATTERING,86,0
2001,APRIL,OCONTO,MORGAN TOWN WARD 1,SPRING GENERAL,JUSTICE OF THE SUPREME COURT,NONPARTISAN,"DAVID T PROSSER, JR.",102,102
2001,APRIL,OCONTO,MORGAN TOWN WARD 1,SPRING GENERAL,JUSTICE OF THE SUPREME COURT,NONPARTISAN,SCATTERING,102,0
2001,APRIL,OCONTO,MOUNTAIN TOWN WARD 1,SPRING GENERAL,JUSTICE OF THE SUPREME COURT,NONPARTISAN,"DAVID T PROSSER, JR.",220,218
2001,APRIL,OCONTO,MOUNTAIN TOWN WARD 1,SPRING GENERAL,JUSTICE OF THE SUPREME COURT,NONPARTISAN,SCATTERING,220,2
2001,APRIL,OCONTO,OCONTO TOWN WARD 1,SPRING GENERAL,JUSTICE OF THE SUPREME COURT,NONPARTISAN,"DAVID T PROSSER, JR.",136,134
2001,APRIL,OCONTO,OCONTO TOWN WARD 1,SPRING GENERAL,JUSTICE OF THE SUPREME COURT,NONPARTISAN,SCATTERING,136,2
2001,APRIL,OCONTO,OCONTO FALLS TOWN WARDS 1 & 2,SPRING GENERAL,JUSTICE OF THE SUPREME COURT,NONPARTISAN,"DAVID T PROSSER, JR.",121,120
2001,APRIL,OCONTO,OCONTO FALLS TOWN WARDS 1 & 2,SPRING GENERAL,JUSTICE OF THE SUPREME COURT,NONPARTISAN,SCATTERING,121,1
2001,APRIL,OCONTO,PENSAUKEE TOWN WARD 1,SPRING GENERAL,JUSTICE OF THE SUPREME COURT,NONPARTISAN,"DAVID T PROSSER, JR.",177,176
2001,APRIL,OCONTO,PENSAUKEE TOWN WARD 1,SPRING GENERAL,JUSTICE OF THE SUPREME COURT,NONPARTISAN,SCATTERING,177,1
2001,APRIL,OCONTO,RIVERVIEW TOWN WARD 1,SPRING GENERAL,JUSTICE OF THE SUPREME COURT,NONPARTISAN,"DAVID T PROSSER, JR.",272,272
2001,APRIL,OCONTO,RIVERVIEW TOWN WARD 1,SPRING GENERAL,JUSTICE OF THE SUPREME COURT,NONPARTISAN,SCATTERING,272,0
2001,APRIL,OCONTO,SPRUCE TOWN WARD 1,SPRING GENERAL,JUSTICE OF THE SUPREME COURT,NONPARTISAN,"DAVID T PROSSER, JR.",167,166
2001,APRIL,OCONTO,SPRUCE TOWN WARD 1,SPRING GENERAL,JUSTICE OF THE SUPREME COURT,NONPARTISAN,SCATTERING,167,1
2001,APRIL,OCONTO,STILES TOWN WARDS 1 & 2,SPRING GENERAL,JUSTICE OF THE SUPREME COURT,NONPARTISAN,"DAVID T PROSSER, JR.",120,119
2001,APRIL,OCONTO,STILES TOWN WARDS 1 & 2,SPRING GENERAL,JUSTICE OF THE SUPREME COURT,NONPARTISAN,SCATTERING,120,1
2001,APRIL,OCONTO,TOWNSEND TOWN WARD 1,SPRING GENERAL,JUSTICE OF THE SUPREME COURT,NONPARTISAN,"DAVID T PROSSER, JR.",358,358
2001,APRIL,OCONTO,TOWNSEND TOWN WARD 1,SPRING GENERAL,JUSTICE OF THE SUPREME COURT,NONPARTISAN,SCATTERING,358,0
2001,APRIL,OCONTO,UNDERHILL TOWN WARD 1,SPRING GENERAL,JUSTICE OF THE SUPREME COURT,NONPARTISAN,"DAVID T PROSSER, JR.",93,93
2001,APRIL,OCONTO,UNDERHILL TOWN WARD 1,SPRING GENERAL,JUSTICE OF THE SUPREME COURT,NONPARTISAN,SCATTERING,93,0
2001,APRIL,OCONTO,LENA VILLAGE WARD 1,SPRING GENERAL,JUSTICE OF THE SUPREME COURT,NONPARTISAN,"DAVID T PROSSER, JR.",58,58
2001,APRIL,OCONTO,LENA VILLAGE WARD 1,SPRING GENERAL,JUSTICE OF THE SUPREME COURT,NONPARTISAN,SCATTERING,58,0
2001,APRIL,OCONTO,PULASKI VILLAGE WARD 5,SPRING GENERAL,JUSTICE OF THE SUPREME COURT,NONPARTISAN,"DAVID T PROSSER, JR.",0,0
2001,APRIL,OCONTO,PULASKI VILLAGE WARD 5,SPRING GENERAL,JUSTICE OF THE SUPREME COURT,NONPARTISAN,SCATTERING,0,0
2001,APRIL,OCONTO,SURING VILLAGE WARD 1,SPRING GENERAL,JUSTICE OF THE SUPREME COURT,NONPARTISAN,"DAVID T PROSSER, JR.",86,86
2001,APRIL,OCONTO,SURING VILLAGE WARD 1,SPRING GENERAL,JUSTICE OF THE SUPREME COURT,NONPARTISAN,SCATTERING,86,0
2001,APRIL,OCONTO,GILLETT CITY WARD 1,SPRING GENERAL,JUSTICE OF THE SUPREME COURT,NONPARTISAN,"DAVID T PROSSER, JR.",67,67
2001,APRIL,OCONTO,GILLETT CITY WARD 1,SPRING GENERAL,JUSTICE OF THE SUPREME COURT,NONPARTISAN,SCATTERING,67,0
2001,APRIL,OCONTO,GILLETT CITY WARD 2,SPRING GENERAL,JUSTICE OF THE SUPREME COURT,NONPARTISAN,"DAVID T PROSSER, JR.",110,110
2001,APRIL,OCONTO,GILLETT CITY WARD 2,SPRING GENERAL,JUSTICE OF THE SUPREME COURT,NONPARTISAN,SCATTERING,110,0
2001,APRIL,OCONTO,GILLETT CITY WARD 3,SPRING GENERAL,JUSTICE OF THE SUPREME COURT,NONPARTISAN,"DAVID T PROSSER, JR.",38,38
2001,APRIL,OCONTO,GILLETT CITY WARD 3,SPRING GENERAL,JUSTICE OF THE SUPREME COURT,NONPARTISAN,SCATTERING,38,0
2001,APRIL,OCONTO,"OCONTO CITY WARDS 1, 4, 5, 8 & 10",SPRING GENERAL,JUSTICE OF THE SUPREME COURT,NONPARTISAN,"DAVID T PROSSER, JR.",276,275
2001,APRIL,OCONTO,"OCONTO CITY WARDS 1, 4, 5, 8 & 10",SPRING GENERAL,JUSTICE OF THE SUPREME COURT,NONPARTISAN,SCATTERING,276,1
2001,APRIL,OCONTO,OCONTO CITY WARD 2,SPRING GENERAL,JUSTICE OF THE SUPREME COURT,NONPARTISAN,"DAVID T PROSSER, JR.",29,29
2001,APRIL,OCONTO,OCONTO CITY WARD 2,SPRING GENERAL,JUSTICE OF THE SUPREME COURT,NONPARTISAN,SCATTERING,29,0
2001,APRIL,OCONTO,OCONTO CITY WARD 3,SPRING GENERAL,JUSTICE OF THE SUPREME COURT,NONPARTISAN,"DAVID T PROSSER, JR.",35,35
2001,APRIL,OCONTO,OCONTO CITY WARD 3,SPRING GENERAL,JUSTICE OF THE SUPREME COURT,NONPARTISAN,SCATTERING,35,0
2001,APRIL,OCONTO,OCONTO CITY WARD 6,SPRING GENERAL,JUSTICE OF THE SUPREME COURT,NONPARTISAN,"DAVID T PROSSER, JR.",44,44
2001,APRIL,OCONTO,OCONTO CITY WARD 6,SPRING GENERAL,JUSTICE OF THE SUPREME COURT,NONPARTISAN,SCATTERING,44,0
2001,APRIL,OCONTO,OCONTO CITY WARD 7,SPRING GENERAL,JUSTICE OF THE SUPREME COURT,NONPARTISAN,"DAVID T PROSSER, JR.",22,22
2001,APRIL,OCONTO,OCONTO CITY WARD 7,SPRING GENERAL,JUSTICE OF THE SUPREME COURT,NONPARTISAN,SCATTERING,22,0
2001,APRIL,OCONTO,OCONTO CITY WARD 9,SPRING GENERAL,JUSTICE OF THE SUPREME COURT,NONPARTISAN,"DAVID T PROSSER, JR.",72,71
2001,APRIL,OCONTO,OCONTO CITY WARD 9,SPRING GENERAL,JUSTICE OF THE SUPREME COURT,NONPARTISAN,SCATTERING,72,1
2001,APRIL,OCONTO,OCONTO FALLS CITY WARD 1,SPRING GENERAL,JUSTICE OF THE SUPREME COURT,NONPARTISAN,"DAVID T PROSSER, JR.",95,95
2001,APRIL,OCONTO,OCONTO FALLS CITY WARD 1,SPRING GENERAL,JUSTICE OF THE SUPREME COURT,NONPARTISAN,SCATTERING,95,0
2001,APRIL,OCONTO,OCONTO FALLS CITY WARD 2,SPRING GENERAL,JUSTICE OF THE SUPREME COURT,NONPARTISAN,"DAVID T PROSSER, JR.",129,129
2001,APRIL,OCONTO,OCONTO FALLS CITY WARD 2,SPRING GENERAL,JUSTICE OF THE SUPREME COURT,NONPARTISAN,SCATTERING,129,0
2001,APRIL,OCONTO,OCONTO FALLS CITY WARD 3,SPRING GENERAL,JUSTICE OF THE SUPREME COURT,NONPARTISAN,"DAVID T PROSSER, JR.",106,106
2001,APRIL,OCONTO,OCONTO FALLS CITY WARD 3,SPRING GENERAL,JUSTICE OF THE SUPREME COURT,NONPARTISAN,SCATTERING,106,0
2001,APRIL,ONEIDA,CASSIAN TOWN WARDS 1 & 2,SPRING GENERAL,JUSTICE OF THE SUPREME COURT,NONPARTISAN,"DAVID T PROSSER, JR.",151,151
2001,APRIL,ONEIDA,CASSIAN TOWN WARDS 1 & 2,SPRING GENERAL,JUSTICE OF THE SUPREME COURT,NONPARTISAN,SCATTERING,151,0
2001,APRIL,ONEIDA,CRESCENT TOWN WARDS 1 - 3,SPRING GENERAL,JUSTICE OF THE SUPREME COURT,NONPARTISAN,"DAVID T PROSSER, JR.",99,98
2001,APRIL,ONEIDA,CRESCENT TOWN WARDS 1 - 3,SPRING GENERAL,JUSTICE OF THE SUPREME COURT,NONPARTISAN,SCATTERING,99,1
2001,APRIL,ONEIDA,ENTERPRISE TOWN WARD 1,SPRING GENERAL,JUSTICE OF THE SUPREME COURT,NONPARTISAN,"DAVID T PROSSER, JR.",97,97
2001,APRIL,ONEIDA,ENTERPRISE TOWN WARD 1,SPRING GENERAL,JUSTICE OF THE SUPREME COURT,NONPARTISAN,SCATTERING,97,0
2001,APRIL,ONEIDA,HAZELHURST TOWN WARD 1,SPRING GENERAL,JUSTICE OF THE SUPREME COURT,NONPARTISAN,"DAVID T PROSSER, JR.",128,128
2001,APRIL,ONEIDA,HAZELHURST TOWN WARD 1,SPRING GENERAL,JUSTICE OF THE SUPREME COURT,NONPARTISAN,SCATTERING,128,0
2001,APRIL,ONEIDA,LAKE TOMAHAWK TOWN WARD 1,SPRING GENERAL,JUSTICE OF THE SUPREME COURT,NONPARTISAN,"DAVID T PROSSER, JR.",255,254
2001,APRIL,ONEIDA,LAKE TOMAHAWK TOWN WARD 1,SPRING GENERAL,JUSTICE OF THE SUPREME COURT,NONPARTISAN,SCATTERING,255,1
2001,APRIL,ONEIDA,LITTLE RICE TOWN WARD 1,SPRING GENERAL,JUSTICE OF THE SUPREME COURT,NONPARTISAN,"DAVID T PROSSER, JR.",91,91
2001,APRIL,ONEIDA,LITTLE RICE TOWN WARD 1,SPRING GENERAL,JUSTICE OF THE SUPREME COURT,NONPARTISAN,SCATTERING,91,0
2001,APRIL,ONEIDA,LYNNE TOWN WARD 1,SPRING GENERAL,JUSTICE OF THE SUPREME COURT,NONPARTISAN,"DAVID T PROSSER, JR.",63,63
2001,APRIL,ONEIDA,LYNNE TOWN WARD 1,SPRING GENERAL,JUSTICE OF THE SUPREME COURT,NONPARTISAN,SCATTERING,63,0
2001,APRIL,ONEIDA,MINOCQUA TOWN WARDS 1 - 5,SPRING GENERAL,JUSTICE OF THE SUPREME COURT,NONPARTISAN,"DAVID T PROSSER, JR.",688,687
2001,APRIL,ONEIDA,MINOCQUA TOWN WARDS 1 - 5,SPRING GENERAL,JUSTICE OF THE SUPREME COURT,NONPARTISAN,SCATTERING,688,1
2001,APRIL,ONEIDA,MONICO TOWN WARD 1,SPRING GENERAL,JUSTICE OF THE SUPREME COURT,NONPARTISAN,"DAVID T PROSSER, JR.",25,25
2001,APRIL,ONEIDA,MONICO TOWN WARD 1,SPRING GENERAL,JUSTICE OF THE SUPREME COURT,NONPARTISAN,SCATTERING,25,0
2001,APRIL,ONEIDA,NEWBOLD TOWN WARDS 1 - 3,SPRING GENERAL,JUSTICE OF THE SUPREME COURT,NONPARTISAN,"DAVID T PROSSER, JR.",492,492
2001,APRIL,ONEIDA,NEWBOLD TOWN WARDS 1 - 3,SPRING GENERAL,JUSTICE OF THE SUPREME COURT,NONPARTISAN,SCATTERING,492,0
2001,APRIL,ONEIDA,NOKOMIS TOWN WARD 1,SPRING GENERAL,JUSTICE OF THE SUPREME COURT,NONPARTISAN,"DAVID T PROSSER, JR.",156,156
2001,APRIL,ONEIDA,NOKOMIS TOWN WARD 1,SPRING GENERAL,JUSTICE OF THE SUPREME COURT,NONPARTISAN,SCATTERING,156,0
2001,APRIL,ONEIDA,PELICAN TOWN WARDS 1 - 5,SPRING GENERAL,JUSTICE OF THE SUPREME COURT,NONPARTISAN,"DAVID T PROSSER, JR.",120,120
2001,APRIL,ONEIDA,PELICAN TOWN WARDS 1 - 5,SPRING GENERAL,JUSTICE OF THE SUPREME COURT,NONPARTISAN,SCATTERING,120,0
2001,APRIL,ONEIDA,PIEHL TOWN WARD 1,SPRING GENERAL,JUSTICE OF THE SUPREME COURT,NONPARTISAN,"DAVID T PROSSER, JR.",17,17
2001,APRIL,ONEIDA,PIEHL TOWN WARD 1,SPRING GENERAL,JUSTICE OF THE SUPREME COURT,NONPARTISAN,SCATTERING,17,0
2001,APRIL,ONEIDA,PINE LAKE TOWN WARDS 1 - 4,SPRING GENERAL,JUSTICE OF THE SUPREME COURT,NONPARTISAN,"DAVID T PROSSER, JR.",290,290
2001,APRIL,ONEIDA,PINE LAKE TOWN WARDS 1 - 4,SPRING GENERAL,JUSTICE OF THE SUPREME COURT,NONPARTISAN,SCATTERING,290,0
2001,APRIL,ONEIDA,SCHOEPKE TOWN WARD 1,SPRING GENERAL,JUSTICE OF THE SUPREME COURT,NONPARTISAN,"DAVID T PROSSER, JR.",118,118
2001,APRIL,ONEIDA,SCHOEPKE TOWN WARD 1,SPRING GENERAL,JUSTICE OF THE SUPREME COURT,NONPARTISAN,SCATTERING,118,0
2001,APRIL,ONEIDA,STELLA TOWN WARD 1,SPRING GENERAL,JUSTICE OF THE SUPREME COURT,NONPARTISAN,"DAVID T PROSSER, JR.",38,38
2001,APRIL,ONEIDA,STELLA TOWN WARD 1,SPRING GENERAL,JUSTICE OF THE SUPREME COURT,NONPARTISAN,SCATTERING,38,0
2001,APRIL,ONEIDA,SUGAR CAMP TOWN WARDS 1 & 2,SPRING GENERAL,JUSTICE OF THE SUPREME COURT,NONPARTISAN,"DAVID T PROSSER, JR.",78,78
2001,APRIL,ONEIDA,SUGAR CAMP TOWN WARDS 1 & 2,SPRING GENERAL,JUSTICE OF THE SUPREME COURT,NONPARTISAN,SCATTERING,78,0
2001,APRIL,ONEIDA,THREE LAKES TOWN WARDS 1 - 4,SPRING GENERAL,JUSTICE OF THE SUPREME COURT,NONPARTISAN,"DAVID T PROSSER, JR.",586,586
2001,APRIL,ONEIDA,THREE LAKES TOWN WARDS 1 - 4,SPRING GENERAL,JUSTICE OF THE SUPREME COURT,NONPARTISAN,SCATTERING,586,0
2001,APRIL,ONEIDA,WOODBORO TOWN WARD 1,SPRING GENERAL,JUSTICE OF THE SUPREME COURT,NONPARTISAN,"DAVID T PROSSER, JR.",78,78
2001,APRIL,ONEIDA,WOODBORO TOWN WARD 1,SPRING GENERAL,JUSTICE OF THE SUPREME COURT,NONPARTISAN,SCATTERING,78,0
2001,APRIL,ONEIDA,WOODRUFF TOWN WARDS 1 & 2,SPRING GENERAL,JUSTICE OF THE SUPREME COURT,NONPARTISAN,"DAVID T PROSSER, JR.",251,251
2001,APRIL,ONEIDA,WOODRUFF TOWN WARDS 1 & 2,SPRING GENERAL,JUSTICE OF THE SUPREME COURT,NONPARTISAN,SCATTERING,251,0
2001,APRIL,ONEIDA,RHINELANDER CITY WARDS 1 & 2,SPRING GENERAL,JUSTICE OF THE SUPREME COURT,NONPARTISAN,"DAVID T PROSSER, JR.",49,49
2001,APRIL,ONEIDA,RHINELANDER CITY WARDS 1 & 2,SPRING GENERAL,JUSTICE OF THE SUPREME COURT,NONPARTISAN,SCATTERING,49,0
2001,APRIL,ONEIDA,RHINELANDER CITY WARDS 3 - 5,SPRING GENERAL,JUSTICE OF THE SUPREME COURT,NONPARTISAN,"DAVID T PROSSER, JR.",49,49
2001,APRIL,ONEIDA,RHINELANDER CITY WARDS 3 - 5,SPRING GENERAL,JUSTICE OF THE SUPREME COURT,NONPARTISAN,SCATTERING,49,0
2001,APRIL,ONEIDA,RHINELANDER CITY WARDS 6 - 8,SPRING GENERAL,JUSTICE OF THE SUPREME COURT,NONPARTISAN,"DAVID T PROSSER, JR.",53,53
2001,APRIL,ONEIDA,RHINELANDER CITY WARDS 6 - 8,SPRING GENERAL,JUSTICE OF THE SUPREME COURT,NONPARTISAN,SCATTERING,53,0
2001,APRIL,ONEIDA,RHINELANDER CITY WARDS 9 & 10,SPRING GENERAL,JUSTICE OF THE SUPREME COURT,NONPARTISAN,"DAVID T PROSSER, JR.",27,27
2001,APRIL,ONEIDA,RHINELANDER CITY WARDS 9 & 10,SPRING GENERAL,JUSTICE OF THE SUPREME COURT,NONPARTISAN,SCATTERING,27,0
2001,APRIL,ONEIDA,"RHINELANDER CITY WARDS 11 - 13, 20 - 24",SPRING GENERAL,JUSTICE OF THE SUPREME COURT,NONPARTISAN,"DAVID T PROSSER, JR.",65,65
2001,APRIL,ONEIDA,"RHINELANDER CITY WARDS 11 - 13, 20 - 24",SPRING GENERAL,JUSTICE OF THE SUPREME COURT,NONPARTISAN,SCATTERING,65,0
2001,APRIL,ONEIDA,RHINELANDER CITY WARDS 14 & 15,SPRING GENERAL,JUSTICE OF THE SUPREME COURT,NONPARTISAN,"DAVID T PROSSER, JR.",44,44
2001,APRIL,ONEIDA,RHINELANDER CITY WARDS 14 & 15,SPRING GENERAL,JUSTICE OF THE SUPREME COURT,NONPARTISAN,SCATTERING,44,0
2001,APRIL,ONEIDA,RHINELANDER CITY WARDS 16 & 17,SPRING GENERAL,JUSTICE OF THE SUPREME COURT,NONPARTISAN,"DAVID T PROSSER, JR.",47,47
2001,APRIL,ONEIDA,RHINELANDER CITY WARDS 16 & 17,SPRING GENERAL,JUSTICE OF THE SUPREME COURT,NONPARTISAN,SCATTERING,47,0
2001,APRIL,ONEIDA,RHINELANDER CITY WARDS 18 & 19,SPRING GENERAL,JUSTICE OF THE SUPREME COURT,NONPARTISAN,"DAVID T PROSSER, JR.",40,40
2001,APRIL,ONEIDA,RHINELANDER CITY WARDS 18 & 19,SPRING GENERAL,JUSTICE OF THE SUPREME COURT,NONPARTISAN,SCATTERING,40,0
2001,APRIL,OUTAGAMIE,BLACK CREEK TOWN WARDS 1 & 2,SPRING GENERAL,JUSTICE OF THE SUPREME COURT,NONPARTISAN,"DAVID T PROSSER, JR.",105,105
2001,APRIL,OUTAGAMIE,BLACK CREEK TOWN WARDS 1 & 2,SPRING GENERAL,JUSTICE OF THE SUPREME COURT,NONPARTISAN,SCATTERING,105,0
2001,APRIL,OUTAGAMIE,BOVINA TOWN WARDS 1 & 2,SPRING GENERAL,JUSTICE OF THE SUPREME COURT,NONPARTISAN,"DAVID T PROSSER, JR.",76,76
2001,APRIL,OUTAGAMIE,BOVINA TOWN WARDS 1 & 2,SPRING GENERAL,JUSTICE OF THE SUPREME COURT,NONPARTISAN,SCATTERING,76,0
2001,APRIL,OUTAGAMIE,BUCHANAN TOWN WARDS 1 - 5,SPRING GENERAL,JUSTICE OF THE SUPREME COURT,NONPARTISAN,"DAVID T PROSSER, JR.",591,591
2001,APRIL,OUTAGAMIE,BUCHANAN TOWN WARDS 1 - 5,SPRING GENERAL,JUSTICE OF THE SUPREME COURT,NONPARTISAN,SCATTERING,591,0
2001,APRIL,OUTAGAMIE,CENTER TOWN WARDS 1 - 3,SPRING GENERAL,JUSTICE OF THE SUPREME COURT,NONPARTISAN,"DAVID T PROSSER, JR.",453,453
2001,APRIL,OUTAGAMIE,CENTER TOWN WARDS 1 - 3,SPRING GENERAL,JUSTICE OF THE SUPREME COURT,NONPARTISAN,SCATTERING,453,0
2001,APRIL,OUTAGAMIE,CICERO TOWN WARDS 1 & 2,SPRING GENERAL,JUSTICE OF THE SUPREME COURT,NONPARTISAN,"DAVID T PROSSER, JR.",157,157
2001,APRIL,OUTAGAMIE,CICERO TOWN WARDS 1 & 2,SPRING GENERAL,JUSTICE OF THE SUPREME COURT,NONPARTISAN,SCATTERING,157,0
2001,APRIL,OUTAGAMIE,DALE TOWN WARDS 1 - 3,SPRING GENERAL,JUSTICE OF THE SUPREME COURT,NONPARTISAN,"DAVID T PROSSER, JR.",307,305
2001,APRIL,OUTAGAMIE,DALE TOWN WARDS 1 - 3,SPRING GENERAL,JUSTICE OF THE SUPREME COURT,NONPARTISAN,SCATTERING,307,2
2001,APRIL,OUTAGAMIE,DEER CREEK TOWN WARD 1,SPRING GENERAL,JUSTICE OF THE SUPREME COURT,NONPARTISAN,"DAVID T PROSSER, JR.",46,46
2001,APRIL,OUTAGAMIE,DEER CREEK TOWN WARD 1,SPRING GENERAL,JUSTICE OF THE SUPREME COURT,NONPARTISAN,SCATTERING,46,0
2001,APRIL,OUTAGAMIE,ELLINGTON TOWN WARDS 1 - 3,SPRING GENERAL,JUSTICE OF THE SUPREME COURT,NONPARTISAN,"DAVID T PROSSER, JR.",292,292
2001,APRIL,OUTAGAMIE,ELLINGTON TOWN WARDS 1 - 3,SPRING GENERAL,JUSTICE OF THE SUPREME COURT,NONPARTISAN,SCATTERING,292,0
2001,APRIL,OUTAGAMIE,FREEDOM TOWN WARDS 1 - 5,SPRING GENERAL,JUSTICE OF THE SUPREME COURT,NONPARTISAN,"DAVID T PROSSER, JR.",1005,1005
2001,APRIL,OUTAGAMIE,FREEDOM TOWN WARDS 1 - 5,SPRING GENERAL,JUSTICE OF THE SUPREME COURT,NONPARTISAN,SCATTERING,1005,0
2001,APRIL,OUTAGAMIE,GRAND CHUTE TOWN WARD 1,SPRING GENERAL,JUSTICE OF THE SUPREME COURT,NONPARTISAN,"DAVID T PROSSER, JR.",212,212
2001,APRIL,OUTAGAMIE,GRAND CHUTE TOWN WARD 1,SPRING GENERAL,JUSTICE OF THE SUPREME COURT,NONPARTISAN,SCATTERING,212,0
2001,APRIL,OUTAGAMIE,GRAND CHUTE TOWN WARD 2,SPRING GENERAL,JUSTICE OF THE SUPREME COURT,NONPARTISAN,"DAVID T PROSSER, JR.",227,227
2001,APRIL,OUTAGAMIE,GRAND CHUTE TOWN WARD 2,SPRING GENERAL,JUSTICE OF THE SUPREME COURT,NONPARTISAN,SCATTERING,227,0
2001,APRIL,OUTAGAMIE,GRAND CHUTE TOWN WARD 3,SPRING GENERAL,JUSTICE OF THE SUPREME COURT,NONPARTISAN,"DAVID T PROSSER, JR.",71,71
2001,APRIL,OUTAGAMIE,GRAND CHUTE TOWN WARD 3,SPRING GENERAL,JUSTICE OF THE SUPREME COURT,NONPARTISAN,SCATTERING,71,0
2001,APRIL,OUTAGAMIE,GRAND CHUTE TOWN WARD 4,SPRING GENERAL,JUSTICE OF THE SUPREME COURT,NONPARTISAN,"DAVID T PROSSER, JR.",132,132
2001,APRIL,OUTAGAMIE,GRAND CHUTE TOWN WARD 4,SPRING GENERAL,JUSTICE OF THE SUPREME COURT,NONPARTISAN,SCATTERING,132,0
2001,APRIL,OUTAGAMIE,GRAND CHUTE TOWN WARD 5,SPRING GENERAL,JUSTICE OF THE SUPREME COURT,NONPARTISAN,"DAVID T PROSSER, JR.",137,137
2001,APRIL,OUTAGAMIE,GRAND CHUTE TOWN WARD 5,SPRING GENERAL,JUSTICE OF THE SUPREME COURT,NONPARTISAN,SCATTERING,137,0
2001,APRIL,OUTAGAMIE,GRAND CHUTE TOWN WARD 6,SPRING GENERAL,JUSTICE OF THE SUPREME COURT,NONPARTISAN,"DAVID T PROSSER, JR.",114,114
2001,APRIL,OUTAGAMIE,GRAND CHUTE TOWN WARD 6,SPRING GENERAL,JUSTICE OF THE SUPREME COURT,NONPARTISAN,SCATTERING,114,0
2001,APRIL,OUTAGAMIE,GRAND CHUTE TOWN WARD 7,SPRING GENERAL,JUSTICE OF THE SUPREME COURT,NONPARTISAN,"DAVID T PROSSER, JR.",165,165
2001,APRIL,OUTAGAMIE,GRAND CHUTE TOWN WARD 7,SPRING GENERAL,JUSTICE OF THE SUPREME COURT,NONPARTISAN,SCATTERING,165,0
2001,APRIL,OUTAGAMIE,GRAND CHUTE TOWN WARD 8,SPRING GENERAL,JUSTICE OF THE SUPREME COURT,NONPARTISAN,"DAVID T PROSSER, JR.",102,102
2001,APRIL,OUTAGAMIE,GRAND CHUTE TOWN WARD 8,SPRING GENERAL,JUSTICE OF THE SUPREME COURT,NONPARTISAN,SCATTERING,102,0
2001,APRIL,OUTAGAMIE,GRAND CHUTE TOWN WARD 9,SPRING GENERAL,JUSTICE OF THE SUPREME COURT,NONPARTISAN,"DAVID T PROSSER, JR.",56,56
2001,APRIL,OUTAGAMIE,GRAND CHUTE TOWN WARD 9,SPRING GENERAL,JUSTICE OF THE SUPREME COURT,NONPARTISAN,SCATTERING,56,0
2001,APRIL,OUTAGAMIE,GRAND CHUTE TOWN WARD 10,SPRING GENERAL,JUSTICE OF THE SUPREME COURT,NONPARTISAN,"DAVID T PROSSER, JR.",21,21
2001,APRIL,OUTAGAMIE,GRAND CHUTE TOWN WARD 10,SPRING GENERAL,JUSTICE OF THE SUPREME COURT,NONPARTISAN,SCATTERING,21,0
2001,APRIL,OUTAGAMIE,GREENVILLE TOWN WARDS 1 - 6,SPRING GENERAL,JUSTICE OF THE SUPREME COURT,NONPARTISAN,"DAVID T PROSSER, JR.",579,579
2001,APRIL,OUTAGAMIE,GREENVILLE TOWN WARDS 1 - 6,SPRING GENERAL,JUSTICE OF THE SUPREME COURT,NONPARTISAN,SCATTERING,579,0
2001,APRIL,OUTAGAMIE,HORTONIA TOWN WARD 1,SPRING GENERAL,JUSTICE OF THE SUPREME COURT,NONPARTISAN,"DAVID T PROSSER, JR.",256,256
2001,APRIL,OUTAGAMIE,HORTONIA TOWN WARD 1,SPRING GENERAL,JUSTICE OF THE SUPREME COURT,NONPARTISAN,SCATTERING,256,0
2001,APRIL,OUTAGAMIE,KAUKAUNA TOWN WARD 1,SPRING GENERAL,JUSTICE OF THE SUPREME COURT,NONPARTISAN,"DAVID T PROSSER, JR.",170,170
2001,APRIL,OUTAGAMIE,KAUKAUNA TOWN WARD 1,SPRING GENERAL,JUSTICE OF THE SUPREME COURT,NONPARTISAN,SCATTERING,170,0
2001,APRIL,OUTAGAMIE,LIBERTY TOWN WARDS 1 & 2,SPRING GENERAL,JUSTICE OF THE SUPREME COURT,NONPARTISAN,"DAVID T PROSSER, JR.",225,225
2001,APRIL,OUTAGAMIE,LIBERTY TOWN WARDS 1 & 2,SPRING GENERAL,JUSTICE OF THE SUPREME COURT,NONPARTISAN,SCATTERING,225,0
2001,APRIL,OUTAGAMIE,MAINE TOWN WARD 1,SPRING GENERAL,JUSTICE OF THE SUPREME COURT,NONPARTISAN,"DAVID T PROSSER, JR.",70,70
2001,APRIL,OUTAGAMIE,MAINE TOWN WARD 1,SPRING GENERAL,JUSTICE OF THE SUPREME COURT,NONPARTISAN,SCATTERING,70,0
2001,APRIL,OUTAGAMIE,MAPLE CREEK TOWN WARD 1,SPRING GENERAL,JUSTICE OF THE SUPREME COURT,NONPARTISAN,"DAVID T PROSSER, JR.",61,61
2001,APRIL,OUTAGAMIE,MAPLE CREEK TOWN WARD 1,SPRING GENERAL,JUSTICE OF THE SUPREME COURT,NONPARTISAN,SCATTERING,61,0
2001,APRIL,OUTAGAMIE,ONEIDA TOWN WARDS 1 - 5,SPRING GENERAL,JUSTICE OF THE SUPREME COURT,NONPARTISAN,"DAVID T PROSSER, JR.",421,421
2001,APRIL,OUTAGAMIE,ONEIDA TOWN WARDS 1 - 5,SPRING GENERAL,JUSTICE OF THE SUPREME COURT,NONPARTISAN,SCATTERING,421,0
2001,APRIL,OUTAGAMIE,OSBORN TOWN WARD 1,SPRING GENERAL,JUSTICE OF THE SUPREME COURT,NONPARTISAN,"DAVID T PROSSER, JR.",108,108
2001,APRIL,OUTAGAMIE,OSBORN TOWN WARD 1,SPRING GENERAL,JUSTICE OF THE SUPREME COURT,NONPARTISAN,SCATTERING,108,0
2001,APRIL,OUTAGAMIE,SEYMOUR TOWN WARDS 1 & 2,SPRING GENERAL,JUSTICE OF THE SUPREME COURT,NONPARTISAN,"DAVID T PROSSER, JR.",101,101
2001,APRIL,OUTAGAMIE,SEYMOUR TOWN WARDS 1 & 2,SPRING GENERAL,JUSTICE OF THE SUPREME COURT,NONPARTISAN,SCATTERING,101,0
2001,APRIL,OUTAGAMIE,VANDENBROEK TOWN WARDS 1 - 3,SPRING GENERAL,JUSTICE OF THE SUPREME COURT,NONPARTISAN,"DAVID T PROSSER, JR.",99,99
2001,APRIL,OUTAGAMIE,VANDENBROEK TOWN WARDS 1 - 3,SPRING GENERAL,JUSTICE OF THE SUPREME COURT,NONPARTISAN,SCATTERING,99,0
2001,APRIL,OUTAGAMIE,BEAR CREEK VILLAGE WARD 1,SPRING GENERAL,JUSTICE OF THE SUPREME COURT,NONPARTISAN,"DAVID T PROSSER, JR.",140,140
2001,APRIL,OUTAGAMIE,BEAR CREEK VILLAGE WARD 1,SPRING GENERAL,JUSTICE OF THE SUPREME COURT,NONPARTISAN,SCATTERING,140,0
2001,APRIL,OUTAGAMIE,BLACK CREEK VILLAGE WARDS 1 & 2,SPRING GENERAL,JUSTICE OF THE SUPREME COURT,NONPARTISAN,"DAVID T PROSSER, JR.",167,167
2001,APRIL,OUTAGAMIE,BLACK CREEK VILLAGE WARDS 1 & 2,SPRING GENERAL,JUSTICE OF THE SUPREME COURT,NONPARTISAN,SCATTERING,167,0
2001,APRIL,OUTAGAMIE,COMBINED LOCKS VILLAGE WARDS 1 - 3,SPRING GENERAL,JUSTICE OF THE SUPREME COURT,NONPARTISAN,"DAVID T PROSSER, JR.",175,175
2001,APRIL,OUTAGAMIE,COMBINED LOCKS VILLAGE WARDS 1 - 3,SPRING GENERAL,JUSTICE OF THE SUPREME COURT,NONPARTISAN,SCATTERING,175,0
2001,APRIL,OUTAGAMIE,HORTONVILLE VILLAGE WARDS 1 & 2,SPRING GENERAL,JUSTICE OF THE SUPREME COURT,NONPARTISAN,"DAVID T PROSSER, JR.",460,460
2001,APRIL,OUTAGAMIE,HORTONVILLE VILLAGE WARDS 1 & 2,SPRING GENERAL,JUSTICE OF THE SUPREME COURT,NONPARTISAN,SCATTERING,460,0
2001,APRIL,OUTAGAMIE,HOWARD VILLAGE WARD 17,SPRING GENERAL,JUSTICE OF THE SUPREME COURT,NONPARTISAN,"DAVID T PROSSER, JR.",0,0
2001,APRIL,OUTAGAMIE,HOWARD VILLAGE WARD 17,SPRING GENERAL,JUSTICE OF THE SUPREME COURT,NONPARTISAN,SCATTERING,0,0
2001,APRIL,OUTAGAMIE,KIMBERLY VILLAGE WARDS 1 - 4,SPRING GENERAL,JUSTICE OF THE SUPREME COURT,NONPARTISAN,"DAVID T PROSSER, JR.",537,534
2001,APRIL,OUTAGAMIE,KIMBERLY VILLAGE WARDS 1 - 4,SPRING GENERAL,JUSTICE OF THE SUPREME COURT,NONPARTISAN,SCATTERING,537,3
2001,APRIL,OUTAGAMIE,KIMBERLY VILLAGE WARDS 5 & 6,SPRING GENERAL,JUSTICE OF THE SUPREME COURT,NONPARTISAN,"DAVID T PROSSER, JR.",163,161
2001,APRIL,OUTAGAMIE,KIMBERLY VILLAGE WARDS 5 & 6,SPRING GENERAL,JUSTICE OF THE SUPREME COURT,NONPARTISAN,SCATTERING,163,2
2001,APRIL,OUTAGAMIE,LITTLE CHUTE VILLAGE WARDS 1 & 2,SPRING GENERAL,JUSTICE OF THE SUPREME COURT,NONPARTISAN,"DAVID T PROSSER, JR.",13,13
2001,APRIL,OUTAGAMIE,LITTLE CHUTE VILLAGE WARDS 1 & 2,SPRING GENERAL,JUSTICE OF THE SUPREME COURT,NONPARTISAN,SCATTERING,13,0
2001,APRIL,OUTAGAMIE,LITTLE CHUTE VILLAGE WARDS 3 - 5,SPRING GENERAL,JUSTICE OF THE SUPREME COURT,NONPARTISAN,"DAVID T PROSSER, JR.",130,130
2001,APRIL,OUTAGAMIE,LITTLE CHUTE VILLAGE WARDS 3 - 5,SPRING GENERAL,JUSTICE OF THE SUPREME COURT,NONPARTISAN,SCATTERING,130,0
2001,APRIL,OUTAGAMIE,LITTLE CHUTE VILLAGE WARD 6,SPRING GENERAL,JUSTICE OF THE SUPREME COURT,NONPARTISAN,"DAVID T PROSSER, JR.",17,17
2001,APRIL,OUTAGAMIE,LITTLE CHUTE VILLAGE WARD 6,SPRING GENERAL,JUSTICE OF THE SUPREME COURT,NONPARTISAN,SCATTERING,17,0
2001,APRIL,OUTAGAMIE,LITTLE CHUTE VILLAGE WARDS 7 - 11,SPRING GENERAL,JUSTICE OF THE SUPREME COURT,NONPARTISAN,"DAVID T PROSSER, JR.",232,232
2001,APRIL,OUTAGAMIE,LITTLE CHUTE VILLAGE WARDS 7 - 11,SPRING GENERAL,JUSTICE OF THE SUPREME COURT,NONPARTISAN,SCATTERING,232,0
2001,APRIL,OUTAGAMIE,LITTLE CHUTE VILLAGE WARDS 12 - 17,SPRING GENERAL,JUSTICE OF THE SUPREME COURT,NONPARTISAN,"DAVID T PROSSER, JR.",270,270
2001,APRIL,OUTAGAMIE,LITTLE CHUTE VILLAGE WARDS 12 - 17,SPRING GENERAL,JUSTICE OF THE SUPREME COURT,NONPARTISAN,SCATTERING,270,0
2001,APRIL,OUTAGAMIE,LITTLE CHUTE VILLAGE WARDS 18 - 20,SPRING GENERAL,JUSTICE OF THE SUPREME COURT,NONPARTISAN,"DAVID T PROSSER, JR.",118,118
2001,APRIL,OUTAGAMIE,LITTLE CHUTE VILLAGE WARDS 18 - 20,SPRING GENERAL,JUSTICE OF THE SUPREME COURT,NONPARTISAN,SCATTERING,118,0
2001,APRIL,OUTAGAMIE,NICHOLS VILLAGE WARD 1,SPRING GENERAL,JUSTICE OF THE SUPREME COURT,NONPARTISAN,"DAVID T PROSSER, JR.",59,59
2001,APRIL,OUTAGAMIE,NICHOLS VILLAGE WARD 1,SPRING GENERAL,JUSTICE OF THE SUPREME COURT,NONPARTISAN,SCATTERING,59,0
2001,APRIL,OUTAGAMIE,SHIOCTON VILLAGE WARD 1,SPRING GENERAL,JUSTICE OF THE SUPREME COURT,NONPARTISAN,"DAVID T PROSSER, JR.",106,106
2001,APRIL,OUTAGAMIE,SHIOCTON VILLAGE WARD 1,SPRING GENERAL,JUSTICE OF THE SUPREME COURT,NONPARTISAN,SCATTERING,106,0
2001,APRIL,OUTAGAMIE,APPLETON CITY WARD 1,SPRING GENERAL,JUSTICE OF THE SUPREME COURT,NONPARTISAN,"DAVID T PROSSER, JR.",76,75
2001,APRIL,OUTAGAMIE,APPLETON CITY WARD 1,SPRING GENERAL,JUSTICE OF THE SUPREME COURT,NONPARTISAN,SCATTERING,76,1
2001,APRIL,OUTAGAMIE,APPLETON CITY WARD 2,SPRING GENERAL,JUSTICE OF THE SUPREME COURT,NONPARTISAN,"DAVID T PROSSER, JR.",91,89
2001,APRIL,OUTAGAMIE,APPLETON CITY WARD 2,SPRING GENERAL,JUSTICE OF THE SUPREME COURT,NONPARTISAN,SCATTERING,91,2
2001,APRIL,OUTAGAMIE,APPLETON CITY WARD 3,SPRING GENERAL,JUSTICE OF THE SUPREME COURT,NONPARTISAN,"DAVID T PROSSER, JR.",91,91
2001,APRIL,OUTAGAMIE,APPLETON CITY WARD 3,SPRING GENERAL,JUSTICE OF THE SUPREME COURT,NONPARTISAN,SCATTERING,91,0
2001,APRIL,OUTAGAMIE,APPLETON CITY WARD 4,SPRING GENERAL,JUSTICE OF THE SUPREME COURT,NONPARTISAN,"DAVID T PROSSER, JR.",165,158
2001,APRIL,OUTAGAMIE,APPLETON CITY WARD 4,SPRING GENERAL,JUSTICE OF THE SUPREME COURT,NONPARTISAN,SCATTERING,165,7
2001,APRIL,OUTAGAMIE,APPLETON CITY WARD 5,SPRING GENERAL,JUSTICE OF THE SUPREME COURT,NONPARTISAN,"DAVID T PROSSER, JR.",97,97
2001,APRIL,OUTAGAMIE,APPLETON CITY WARD 5,SPRING GENERAL,JUSTICE OF THE SUPREME COURT,NONPARTISAN,SCATTERING,97,0
2001,APRIL,OUTAGAMIE,APPLETON CITY WARD 6,SPRING GENERAL,JUSTICE OF THE SUPREME COURT,NONPARTISAN,"DAVID T PROSSER, JR.",147,143
2001,APRIL,OUTAGAMIE,APPLETON CITY WARD 6,SPRING GENERAL,JUSTICE OF THE SUPREME COURT,NONPARTISAN,SCATTERING,147,4
2001,APRIL,OUTAGAMIE,APPLETON CITY WARD 7,SPRING GENERAL,JUSTICE OF THE SUPREME COURT,NONPARTISAN,"DAVID T PROSSER, JR.",152,151
2001,APRIL,OUTAGAMIE,APPLETON CITY WARD 7,SPRING GENERAL,JUSTICE OF THE SUPREME COURT,NONPARTISAN,SCATTERING,152,1
2001,APRIL,OUTAGAMIE,APPLETON CITY WARD 8,SPRING GENERAL,JUSTICE OF THE SUPREME COURT,NONPARTISAN,"DAVID T PROSSER, JR.",106,105
2001,APRIL,OUTAGAMIE,APPLETON CITY WARD 8,SPRING GENERAL,JUSTICE OF THE SUPREME COURT,NONPARTISAN,SCATTERING,106,1
2001,APRIL,OUTAGAMIE,APPLETON CITY WARD 9,SPRING GENERAL,JUSTICE OF THE SUPREME COURT,NONPARTISAN,"DAVID T PROSSER, JR.",321,320
2001,APRIL,OUTAGAMIE,APPLETON CITY WARD 9,SPRING GENERAL,JUSTICE OF THE SUPREME COURT,NONPARTISAN,SCATTERING,321,1
2001,APRIL,OUTAGAMIE,APPLETON CITY WARD 12,SPRING GENERAL,JUSTICE OF THE SUPREME COURT,NONPARTISAN,"DAVID T PROSSER, JR.",127,126
2001,APRIL,OUTAGAMIE,APPLETON CITY WARD 12,SPRING GENERAL,JUSTICE OF THE SUPREME COURT,NONPARTISAN,SCATTERING,127,1
2001,APRIL,OUTAGAMIE,APPLETON CITY WARD 13,SPRING GENERAL,JUSTICE OF THE SUPREME COURT,NONPARTISAN,"DAVID T PROSSER, JR.",70,69
2001,APRIL,OUTAGAMIE,APPLETON CITY WARD 13,SPRING GENERAL,JUSTICE OF THE SUPREME COURT,NONPARTISAN,SCATTERING,70,1
2001,APRIL,OUTAGAMIE,APPLETON CITY WARD 14,SPRING GENERAL,JUSTICE OF THE SUPREME COURT,NONPARTISAN,"DAVID T PROSSER, JR.",329,327
2001,APRIL,OUTAGAMIE,APPLETON CITY WARD 14,SPRING GENERAL,JUSTICE OF THE SUPREME COURT,NONPARTISAN,SCATTERING,329,2
2001,APRIL,OUTAGAMIE,APPLETON CITY WARD 15,SPRING GENERAL,JUSTICE OF THE SUPREME COURT,NONPARTISAN,"DAVID T PROSSER, JR.",142,141
2001,APRIL,OUTAGAMIE,APPLETON CITY WARD 15,SPRING GENERAL,JUSTICE OF THE SUPREME COURT,NONPARTISAN,SCATTERING,142,1
2001,APRIL,OUTAGAMIE,APPLETON CITY WARD 16,SPRING GENERAL,JUSTICE OF THE SUPREME COURT,NONPARTISAN,"DAVID T PROSSER, JR.",177,175
2001,APRIL,OUTAGAMIE,APPLETON CITY WARD 16,SPRING GENERAL,JUSTICE OF THE SUPREME COURT,NONPARTISAN,SCATTERING,177,2
2001,APRIL,OUTAGAMIE,APPLETON CITY WARD 17,SPRING GENERAL,JUSTICE OF THE SUPREME COURT,NONPARTISAN,"DAVID T PROSSER, JR.",154,154
2001,APRIL,OUTAGAMIE,APPLETON CITY WARD 17,SPRING GENERAL,JUSTICE OF THE SUPREME COURT,NONPARTISAN,SCATTERING,154,0
2001,APRIL,OUTAGAMIE,APPLETON CITY WARD 19,SPRING GENERAL,JUSTICE OF THE SUPREME COURT,NONPARTISAN,"DAVID T PROSSER, JR.",132,130
2001,APRIL,OUTAGAMIE,APPLETON CITY WARD 19,SPRING GENERAL,JUSTICE OF THE SUPREME COURT,NONPARTISAN,SCATTERING,132,2
2001,APRIL,OUTAGAMIE,APPLETON CITY WARD 20,SPRING GENERAL,JUSTICE OF THE SUPREME COURT,NONPARTISAN,"DAVID T PROSSER, JR.",71,70
2001,APRIL,OUTAGAMIE,APPLETON CITY WARD 20,SPRING GENERAL,JUSTICE OF THE SUPREME COURT,NONPARTISAN,SCATTERING,71,1
2001,APRIL,OUTAGAMIE,APPLETON CITY WARD 21,SPRING GENERAL,JUSTICE OF THE SUPREME COURT,NONPARTISAN,"DAVID T PROSSER, JR.",76,76
2001,APRIL,OUTAGAMIE,APPLETON CITY WARD 21,SPRING GENERAL,JUSTICE OF THE SUPREME COURT,NONPARTISAN,SCATTERING,76,0
2001,APRIL,OUTAGAMIE,APPLETON CITY WARD 22,SPRING GENERAL,JUSTICE OF THE SUPREME COURT,NONPARTISAN,"DAVID T PROSSER, JR.",245,242
2001,APRIL,OUTAGAMIE,APPLETON CITY WARD 22,SPRING GENERAL,JUSTICE OF THE SUPREME COURT,NONPARTISAN,SCATTERING,245,3
2001,APRIL,OUTAGAMIE,APPLETON CITY WARD 23,SPRING GENERAL,JUSTICE OF THE SUPREME COURT,NONPARTISAN,"DAVID T PROSSER, JR.",61,61
2001,APRIL,OUTAGAMIE,APPLETON CITY WARD 23,SPRING GENERAL,JUSTICE OF THE SUPREME COURT,NONPARTISAN,SCATTERING,61,0
2001,APRIL,OUTAGAMIE,APPLETON CITY WARD 24,SPRING GENERAL,JUSTICE OF THE SUPREME COURT,NONPARTISAN,"DAVID T PROSSER, JR.",127,126
2001,APRIL,OUTAGAMIE,APPLETON CITY WARD 24,SPRING GENERAL,JUSTICE OF THE SUPREME COURT,NONPARTISAN,SCATTERING,127,1
2001,APRIL,OUTAGAMIE,APPLETON CITY WARD 25,SPRING GENERAL,JUSTICE OF THE SUPREME COURT,NONPARTISAN,"DAVID T PROSSER, JR.",196,195
2001,APRIL,OUTAGAMIE,APPLETON CITY WARD 25,SPRING GENERAL,JUSTICE OF THE SUPREME COURT,NONPARTISAN,SCATTERING,196,1
2001,APRIL,OUTAGAMIE,APPLETON CITY WARD 26,SPRING GENERAL,JUSTICE OF THE SUPREME COURT,NONPARTISAN,"DAVID T PROSSER, JR.",75,75
2001,APRIL,OUTAGAMIE,APPLETON CITY WARD 26,SPRING GENERAL,JUSTICE OF THE SUPREME COURT,NONPARTISAN,SCATTERING,75,0
2001,APRIL,OUTAGAMIE,APPLETON CITY WARD 27,SPRING GENERAL,JUSTICE OF THE SUPREME COURT,NONPARTISAN,"DAVID T PROSSER, JR.",180,178
2001,APRIL,OUTAGAMIE,APPLETON CITY WARD 27,SPRING GENERAL,JUSTICE OF THE SUPREME COURT,NONPARTISAN,SCATTERING,180,2
2001,APRIL,OUTAGAMIE,APPLETON CITY WARD 28,SPRING GENERAL,JUSTICE OF THE SUPREME COURT,NONPARTISAN,"DAVID T PROSSER, JR.",282,279
2001,APRIL,OUTAGAMIE,APPLETON CITY WARD 28,SPRING GENERAL,JUSTICE OF THE SUPREME COURT,NONPARTISAN,SCATTERING,282,3
2001,APRIL,OUTAGAMIE,APPLETON CITY WARD 29,SPRING GENERAL,JUSTICE OF THE SUPREME COURT,NONPARTISAN,"DAVID T PROSSER, JR.",250,246
2001,APRIL,OUTAGAMIE,APPLETON CITY WARD 29,SPRING GENERAL,JUSTICE OF THE SUPREME COURT,NONPARTISAN,SCATTERING,250,4
2001,APRIL,OUTAGAMIE,APPLETON CITY WARD 30,SPRING GENERAL,JUSTICE OF THE SUPREME COURT,NONPARTISAN,"DAVID T PROSSER, JR.",161,161
2001,APRIL,OUTAGAMIE,APPLETON CITY WARD 30,SPRING GENERAL,JUSTICE OF THE SUPREME COURT,NONPARTISAN,SCATTERING,161,0
2001,APRIL,OUTAGAMIE,APPLETON CITY WARD 31,SPRING GENERAL,JUSTICE OF THE SUPREME COURT,NONPARTISAN,"DAVID T PROSSER, JR.",67,67
2001,APRIL,OUTAGAMIE,APPLETON CITY WARD 31,SPRING GENERAL,JUSTICE OF THE SUPREME COURT,NONPARTISAN,SCATTERING,67,0
2001,APRIL,OUTAGAMIE,APPLETON CITY WARD 32,SPRING GENERAL,JUSTICE OF THE SUPREME COURT,NONPARTISAN,"DAVID T PROSSER, JR.",230,228
2001,APRIL,OUTAGAMIE,APPLETON CITY WARD 32,SPRING GENERAL,JUSTICE OF THE SUPREME COURT,NONPARTISAN,SCATTERING,230,2
2001,APRIL,OUTAGAMIE,APPLETON CITY WARD 33,SPRING GENERAL,JUSTICE OF THE SUPREME COURT,NONPARTISAN,"DAVID T PROSSER, JR.",188,187
2001,APRIL,OUTAGAMIE,APPLETON CITY WARD 33,SPRING GENERAL,JUSTICE OF THE SUPREME COURT,NONPARTISAN,SCATTERING,188,1
2001,APRIL,OUTAGAMIE,APPLETON CITY WARD 34,SPRING GENERAL,JUSTICE OF THE SUPREME COURT,NONPARTISAN,"DAVID T PROSSER, JR.",184,184
2001,APRIL,OUTAGAMIE,APPLETON CITY WARD 34,SPRING GENERAL,JUSTICE OF THE SUPREME COURT,NONPARTISAN,SCATTERING,184,0
2001,APRIL,OUTAGAMIE,APPLETON CITY WARD 42,SPRING GENERAL,JUSTICE OF THE SUPREME COURT,NONPARTISAN,"DAVID T PROSSER, JR.",7,7
2001,APRIL,OUTAGAMIE,APPLETON CITY WARD 42,SPRING GENERAL,JUSTICE OF THE SUPREME COURT,NONPARTISAN,SCATTERING,7,0
2001,APRIL,OUTAGAMIE,APPLETON CITY WARD 43,SPRING GENERAL,JUSTICE OF THE SUPREME COURT,NONPARTISAN,"DAVID T PROSSER, JR.",114,114
2001,APRIL,OUTAGAMIE,APPLETON CITY WARD 43,SPRING GENERAL,JUSTICE OF THE SUPREME COURT,NONPARTISAN,SCATTERING,114,0
2001,APRIL,OUTAGAMIE,APPLETON CITY WARD 44,SPRING GENERAL,JUSTICE OF THE SUPREME COURT,NONPARTISAN,"DAVID T PROSSER, JR.",2,2
2001,APRIL,OUTAGAMIE,APPLETON CITY WARD 44,SPRING GENERAL,JUSTICE OF THE SUPREME COURT,NONPARTISAN,SCATTERING,2,0
2001,APRIL,OUTAGAMIE,APPLETON CITY WARD 45,SPRING GENERAL,JUSTICE OF THE SUPREME COURT,NONPARTISAN,"DAVID T PROSSER, JR.",2,2
2001,APRIL,OUTAGAMIE,APPLETON CITY WARD 45,SPRING GENERAL,JUSTICE OF THE SUPREME COURT,NONPARTISAN,SCATTERING,2,0
2001,APRIL,OUTAGAMIE,APPLETON CITY WARD 46,SPRING GENERAL,JUSTICE OF THE SUPREME COURT,NONPARTISAN,"DAVID T PROSSER, JR.",0,0
2001,APRIL,OUTAGAMIE,APPLETON CITY WARD 46,SPRING GENERAL,JUSTICE OF THE SUPREME COURT,NONPARTISAN,SCATTERING,0,0
2001,APRIL,OUTAGAMIE,APPLETON CITY WARD 47,SPRING GENERAL,JUSTICE OF THE SUPREME COURT,NONPARTISAN,"DAVID T PROSSER, JR.",18,18
2001,APRIL,OUTAGAMIE,APPLETON CITY WARD 47,SPRING GENERAL,JUSTICE OF THE SUPREME COURT,NONPARTISAN,SCATTERING,18,0
2001,APRIL,OUTAGAMIE,APPLETON CITY WARD 50,SPRING GENERAL,JUSTICE OF THE SUPREME COURT,NONPARTISAN,"DAVID T PROSSER, JR.",0,0
2001,APRIL,OUTAGAMIE,APPLETON CITY WARD 50,SPRING GENERAL,JUSTICE OF THE SUPREME COURT,NONPARTISAN,SCATTERING,0,0
2001,APRIL,OUTAGAMIE,APPLETON CITY WARD 51,SPRING GENERAL,JUSTICE OF THE SUPREME COURT,NONPARTISAN,"DAVID T PROSSER, JR.",0,0
2001,APRIL,OUTAGAMIE,APPLETON CITY WARD 51,SPRING GENERAL,JUSTICE OF THE SUPREME COURT,NONPARTISAN,SCATTERING,0,0
2001,APRIL,OUTAGAMIE,APPLETON CITY WARD 53,SPRING GENERAL,JUSTICE OF THE SUPREME COURT,NONPARTISAN,"DAVID T PROSSER, JR.",0,0
2001,APRIL,OUTAGAMIE,APPLETON CITY WARD 53,SPRING GENERAL,JUSTICE OF THE SUPREME COURT,NONPARTISAN,SCATTERING,0,0
2001,APRIL,OUTAGAMIE,"KAUKAUNA CITY WARDS 1, 2 & 9",SPRING GENERAL,JUSTICE OF THE SUPREME COURT,NONPARTISAN,"DAVID T PROSSER, JR.",148,148
2001,APRIL,OUTAGAMIE,"KAUKAUNA CITY WARDS 1, 2 & 9",SPRING GENERAL,JUSTICE OF THE SUPREME COURT,NONPARTISAN,SCATTERING,148,0
2001,APRIL,OUTAGAMIE,"KAUKAUNA CITY WARDS 3, 4, 10 & 11",SPRING GENERAL,JUSTICE OF THE SUPREME COURT,NONPARTISAN,"DAVID T PROSSER, JR.",244,243
2001,APRIL,OUTAGAMIE,"KAUKAUNA CITY WARDS 3, 4, 10 & 11",SPRING GENERAL,JUSTICE OF THE SUPREME COURT,NONPARTISAN,SCATTERING,244,1
2001,APRIL,OUTAGAMIE,KAUKAUNA CITY WARDS 5 & 6,SPRING GENERAL,JUSTICE OF THE SUPREME COURT,NONPARTISAN,"DAVID T PROSSER, JR.",221,220
2001,APRIL,OUTAGAMIE,KAUKAUNA CITY WARDS 5 & 6,SPRING GENERAL,JUSTICE OF THE SUPREME COURT,NONPARTISAN,SCATTERING,221,1
2001,APRIL,OUTAGAMIE,KAUKAUNA CITY WARDS 7 & 8,SPRING GENERAL,JUSTICE OF THE SUPREME COURT,NONPARTISAN,"DAVID T PROSSER, JR.",212,212
2001,APRIL,OUTAGAMIE,KAUKAUNA CITY WARDS 7 & 8,SPRING GENERAL,JUSTICE OF THE SUPREME COURT,NONPARTISAN,SCATTERING,212,0
2001,APRIL,OUTAGAMIE,"NEW LONDON CITY WARDS 1, 2, 11 & 14",SPRING GENERAL,JUSTICE OF THE SUPREME COURT,NONPARTISAN,"DAVID T PROSSER, JR.",104,104
2001,APRIL,OUTAGAMIE,"NEW LONDON CITY WARDS 1, 2, 11 & 14",SPRING GENERAL,JUSTICE OF THE SUPREME COURT,NONPARTISAN,SCATTERING,104,0
2001,APRIL,OUTAGAMIE,SEYMOUR CITY WARDS 1 & 4,SPRING GENERAL,JUSTICE OF THE SUPREME COURT,NONPARTISAN,"DAVID T PROSSER, JR.",188,188
2001,APRIL,OUTAGAMIE,SEYMOUR CITY WARDS 1 & 4,SPRING GENERAL,JUSTICE OF THE SUPREME COURT,NONPARTISAN,SCATTERING,188,0
2001,APRIL,OUTAGAMIE,SEYMOUR CITY WARD 2,SPRING GENERAL,JUSTICE OF THE SUPREME COURT,NONPARTISAN,"DAVID T PROSSER, JR.",81,81
2001,APRIL,OUTAGAMIE,SEYMOUR CITY WARD 2,SPRING GENERAL,JUSTICE OF THE SUPREME COURT,NONPARTISAN,SCATTERING,81,0
2001,APRIL,OUTAGAMIE,SEYMOUR CITY WARD 3,SPRING GENERAL,JUSTICE OF THE SUPREME COURT,NONPARTISAN,"DAVID T PROSSER, JR.",71,71
2001,APRIL,OUTAGAMIE,SEYMOUR CITY WARD 3,SPRING GENERAL,JUSTICE OF THE SUPREME COURT,NONPARTISAN,SCATTERING,71,0
2001,APRIL,OZAUKEE,BELGIUM TOWN WARDS 1 - 3,SPRING GENERAL,JUSTICE OF THE SUPREME COURT,NONPARTISAN,"DAVID T PROSSER, JR.",284,283
2001,APRIL,OZAUKEE,BELGIUM TOWN WARDS 1 - 3,SPRING GENERAL,JUSTICE OF THE SUPREME COURT,NONPARTISAN,SCATTERING,284,1
2001,APRIL,OZAUKEE,CEDARBURG TOWN WARDS 1 & 2,SPRING GENERAL,JUSTICE OF THE SUPREME COURT,NONPARTISAN,"DAVID T PROSSER, JR.",190,189
2001,APRIL,OZAUKEE,CEDARBURG TOWN WARDS 1 & 2,SPRING GENERAL,JUSTICE OF THE SUPREME COURT,NONPARTISAN,SCATTERING,190,1
2001,APRIL,OZAUKEE,CEDARBURG TOWN WARDS 3 & 4,SPRING GENERAL,JUSTICE OF THE SUPREME COURT,NONPARTISAN,"DAVID T PROSSER, JR.",190,187
2001,APRIL,OZAUKEE,CEDARBURG TOWN WARDS 3 & 4,SPRING GENERAL,JUSTICE OF THE SUPREME COURT,NONPARTISAN,SCATTERING,190,3
2001,APRIL,OZAUKEE,CEDARBURG TOWN WARDS 5 & 6,SPRING GENERAL,JUSTICE OF THE SUPREME COURT,NONPARTISAN,"DAVID T PROSSER, JR.",173,172
2001,APRIL,OZAUKEE,CEDARBURG TOWN WARDS 5 & 6,SPRING GENERAL,JUSTICE OF THE SUPREME COURT,NONPARTISAN,SCATTERING,173,1
2001,APRIL,OZAUKEE,CEDARBURG TOWN WARDS 7 & 8,SPRING GENERAL,JUSTICE OF THE SUPREME COURT,NONPARTISAN,"DAVID T PROSSER, JR.",166,165
2001,APRIL,OZAUKEE,CEDARBURG TOWN WARDS 7 & 8,SPRING GENERAL,JUSTICE OF THE SUPREME COURT,NONPARTISAN,SCATTERING,166,1
2001,APRIL,OZAUKEE,FREDONIA TOWN WARDS 1 - 3,SPRING GENERAL,JUSTICE OF THE SUPREME COURT,NONPARTISAN,"DAVID T PROSSER, JR.",183,181
2001,APRIL,OZAUKEE,FREDONIA TOWN WARDS 1 - 3,SPRING GENERAL,JUSTICE OF THE SUPREME COURT,NONPARTISAN,SCATTERING,183,2
2001,APRIL,OZAUKEE,GRAFTON TOWN WARDS 1 & 2,SPRING GENERAL,JUSTICE OF THE SUPREME COURT,NONPARTISAN,"DAVID T PROSSER, JR.",575,569
2001,APRIL,OZAUKEE,GRAFTON TOWN WARDS 1 & 2,SPRING GENERAL,JUSTICE OF THE SUPREME COURT,NONPARTISAN,SCATTERING,575,6
2001,APRIL,OZAUKEE,GRAFTON TOWN WARDS 3 - 5,SPRING GENERAL,JUSTICE OF THE SUPREME COURT,NONPARTISAN,"DAVID T PROSSER, JR.",342,339
2001,APRIL,OZAUKEE,GRAFTON TOWN WARDS 3 - 5,SPRING GENERAL,JUSTICE OF THE SUPREME COURT,NONPARTISAN,SCATTERING,342,3
2001,APRIL,OZAUKEE,PORT WASHINGTON TOWN WARDS 1 & 2,SPRING GENERAL,JUSTICE OF THE SUPREME COURT,NONPARTISAN,"DAVID T PROSSER, JR.",87,87
2001,APRIL,OZAUKEE,PORT WASHINGTON TOWN WARDS 1 & 2,SPRING GENERAL,JUSTICE OF THE SUPREME COURT,NONPARTISAN,SCATTERING,87,0
2001,APRIL,OZAUKEE,SAUKVILLE TOWN WARDS 1 & 2,SPRING GENERAL,JUSTICE OF THE SUPREME COURT,NONPARTISAN,"DAVID T PROSSER, JR.",212,212
2001,APRIL,OZAUKEE,SAUKVILLE TOWN WARDS 1 & 2,SPRING GENERAL,JUSTICE OF THE SUPREME COURT,NONPARTISAN,SCATTERING,212,0
2001,APRIL,OZAUKEE,BAYSIDE VILLAGE WARD 6,SPRING GENERAL,JUSTICE OF THE SUPREME COURT,NONPARTISAN,"DAVID T PROSSER, JR.",25,25
2001,APRIL,OZAUKEE,BAYSIDE VILLAGE WARD 6,SPRING GENERAL,JUSTICE OF THE SUPREME COURT,NONPARTISAN,SCATTERING,25,0
2001,APRIL,OZAUKEE,BELGIUM VILLAGE WARD 1,SPRING GENERAL,JUSTICE OF THE SUPREME COURT,NONPARTISAN,"DAVID T PROSSER, JR.",140,140
2001,APRIL,OZAUKEE,BELGIUM VILLAGE WARD 1,SPRING GENERAL,JUSTICE OF THE SUPREME COURT,NONPARTISAN,SCATTERING,140,0
2001,APRIL,OZAUKEE,FREDONIA VILLAGE WARDS 1 & 2,SPRING GENERAL,JUSTICE OF THE SUPREME COURT,NONPARTISAN,"DAVID T PROSSER, JR.",278,277
2001,APRIL,OZAUKEE,FREDONIA VILLAGE WARDS 1 & 2,SPRING GENERAL,JUSTICE OF THE SUPREME COURT,NONPARTISAN,SCATTERING,278,1
2001,APRIL,OZAUKEE,GRAFTON VILLAGE WARDS 1 & 2,SPRING GENERAL,JUSTICE OF THE SUPREME COURT,NONPARTISAN,"DAVID T PROSSER, JR.",291,291
2001,APRIL,OZAUKEE,GRAFTON VILLAGE WARDS 1 & 2,SPRING GENERAL,JUSTICE OF THE SUPREME COURT,NONPARTISAN,SCATTERING,291,0
2001,APRIL,OZAUKEE,GRAFTON VILLAGE WARDS 3 & 4,SPRING GENERAL,JUSTICE OF THE SUPREME COURT,NONPARTISAN,"DAVID T PROSSER, JR.",161,161
2001,APRIL,OZAUKEE,GRAFTON VILLAGE WARDS 3 & 4,SPRING GENERAL,JUSTICE OF THE SUPREME COURT,NONPARTISAN,SCATTERING,161,0
2001,APRIL,OZAUKEE,"GRAFTON VILLAGE WARDS 5, 6 & 14",SPRING GENERAL,JUSTICE OF THE SUPREME COURT,NONPARTISAN,"DAVID T PROSSER, JR.",350,349
2001,APRIL,OZAUKEE,"GRAFTON VILLAGE WARDS 5, 6 & 14",SPRING GENERAL,JUSTICE OF THE SUPREME COURT,NONPARTISAN,SCATTERING,350,1
2001,APRIL,OZAUKEE,GRAFTON VILLAGE WARDS 7 & 8,SPRING GENERAL,JUSTICE OF THE SUPREME COURT,NONPARTISAN,"DAVID T PROSSER, JR.",185,185
2001,APRIL,OZAUKEE,GRAFTON VILLAGE WARDS 7 & 8,SPRING GENERAL,JUSTICE OF THE SUPREME COURT,NONPARTISAN,SCATTERING,185,0
2001,APRIL,OZAUKEE,GRAFTON VILLAGE WARDS 9 & 10,SPRING GENERAL,JUSTICE OF THE SUPREME COURT,NONPARTISAN,"DAVID T PROSSER, JR.",224,224
2001,APRIL,OZAUKEE,GRAFTON VILLAGE WARDS 9 & 10,SPRING GENERAL,JUSTICE OF THE SUPREME COURT,NONPARTISAN,SCATTERING,224,0
2001,APRIL,OZAUKEE,GRAFTON VILLAGE WARDS 11 - 13,SPRING GENERAL,JUSTICE OF THE SUPREME COURT,NONPARTISAN,"DAVID T PROSSER, JR.",285,284
2001,APRIL,OZAUKEE,GRAFTON VILLAGE WARDS 11 - 13,SPRING GENERAL,JUSTICE OF THE SUPREME COURT,NONPARTISAN,SCATTERING,285,1
2001,APRIL,OZAUKEE,NEWBURG VILLAGE WARD 2,SPRING GENERAL,JUSTICE OF THE SUPREME COURT,NONPARTISAN,"DAVID T PROSSER, JR.",4,4
2001,APRIL,OZAUKEE,NEWBURG VILLAGE WARD 2,SPRING GENERAL,JUSTICE OF THE SUPREME COURT,NONPARTISAN,SCATTERING,4,0
2001,APRIL,OZAUKEE,"SAUKVILLE VILLAGE WARDS 1, 3 & 5",SPRING GENERAL,JUSTICE OF THE SUPREME COURT,NONPARTISAN,"DAVID T PROSSER, JR.",126,126
2001,APRIL,OZAUKEE,"SAUKVILLE VILLAGE WARDS 1, 3 & 5",SPRING GENERAL,JUSTICE OF THE SUPREME COURT,NONPARTISAN,SCATTERING,126,0
2001,APRIL,OZAUKEE,SAUKVILLE VILLAGE WARDS 2 & 4,SPRING GENERAL,JUSTICE OF THE SUPREME COURT,NONPARTISAN,"DAVID T PROSSER, JR.",120,119
2001,APRIL,OZAUKEE,SAUKVILLE VILLAGE WARDS 2 & 4,SPRING GENERAL,JUSTICE OF THE SUPREME COURT,NONPARTISAN,SCATTERING,120,1
2001,APRIL,OZAUKEE,THIENSVILLE VILLAGE WARDS 1 & 2,SPRING GENERAL,JUSTICE OF THE SUPREME COURT,NONPARTISAN,"DAVID T PROSSER, JR.",79,79
2001,APRIL,OZAUKEE,THIENSVILLE VILLAGE WARDS 1 & 2,SPRING GENERAL,JUSTICE OF THE SUPREME COURT,NONPARTISAN,SCATTERING,79,0
2001,APRIL,OZAUKEE,THIENSVILLE VILLAGE WARDS 3 & 4,SPRING GENERAL,JUSTICE OF THE SUPREME COURT,NONPARTISAN,"DAVID T PROSSER, JR.",87,87
2001,APRIL,OZAUKEE,THIENSVILLE VILLAGE WARDS 3 & 4,SPRING GENERAL,JUSTICE OF THE SUPREME COURT,NONPARTISAN,SCATTERING,87,0
2001,APRIL,OZAUKEE,THIENSVILLE VILLAGE WARDS 5 & 6,SPRING GENERAL,JUSTICE OF THE SUPREME COURT,NONPARTISAN,"DAVID T PROSSER, JR.",53,53
2001,APRIL,OZAUKEE,THIENSVILLE VILLAGE WARDS 5 & 6,SPRING GENERAL,JUSTICE OF THE SUPREME COURT,NONPARTISAN,SCATTERING,53,0
2001,APRIL,OZAUKEE,CEDARBURG CITY WARDS 1 - 3,SPRING GENERAL,JUSTICE OF THE SUPREME COURT,NONPARTISAN,"DAVID T PROSSER, JR.",290,290
2001,APRIL,OZAUKEE,CEDARBURG CITY WARDS 1 - 3,SPRING GENERAL,JUSTICE OF THE SUPREME COURT,NONPARTISAN,SCATTERING,290,0
2001,APRIL,OZAUKEE,"CEDARBURG CITY WARDS 4, 6 & 22",SPRING GENERAL,JUSTICE OF THE SUPREME COURT,NONPARTISAN,"DAVID T PROSSER, JR.",277,277
2001,APRIL,OZAUKEE,"CEDARBURG CITY WARDS 4, 6 & 22",SPRING GENERAL,JUSTICE OF THE SUPREME COURT,NONPARTISAN,SCATTERING,277,0
2001,APRIL,OZAUKEE,"CEDARBURG CITY WARDS 5, 7 & 11",SPRING GENERAL,JUSTICE OF THE SUPREME COURT,NONPARTISAN,"DAVID T PROSSER, JR.",477,472
2001,APRIL,OZAUKEE,"CEDARBURG CITY WARDS 5, 7 & 11",SPRING GENERAL,JUSTICE OF THE SUPREME COURT,NONPARTISAN,SCATTERING,477,5
2001,APRIL,OZAUKEE,CEDARBURG CITY WARDS 8 - 10 & 16,SPRING GENERAL,JUSTICE OF THE SUPREME COURT,NONPARTISAN,"DAVID T PROSSER, JR.",204,204
2001,APRIL,OZAUKEE,CEDARBURG CITY WARDS 8 - 10 & 16,SPRING GENERAL,JUSTICE OF THE SUPREME COURT,NONPARTISAN,SCATTERING,204,0
2001,APRIL,OZAUKEE,CEDARBURG CITY WARDS 12 - 14,SPRING GENERAL,JUSTICE OF THE SUPREME COURT,NONPARTISAN,"DAVID T PROSSER, JR.",193,191
2001,APRIL,OZAUKEE,CEDARBURG CITY WARDS 12 - 14,SPRING GENERAL,JUSTICE OF THE SUPREME COURT,NONPARTISAN,SCATTERING,193,2
2001,APRIL,OZAUKEE,"CEDARBURG CITY WARDS 15, 17 & 19",SPRING GENERAL,JUSTICE OF THE SUPREME COURT,NONPARTISAN,"DAVID T PROSSER, JR.",213,211
2001,APRIL,OZAUKEE,"CEDARBURG CITY WARDS 15, 17 & 19",SPRING GENERAL,JUSTICE OF THE SUPREME COURT,NONPARTISAN,SCATTERING,213,2
2001,APRIL,OZAUKEE,"CEDARBURG CITY WARDS 18, 20 & 21",SPRING GENERAL,JUSTICE OF THE SUPREME COURT,NONPARTISAN,"DAVID T PROSSER, JR.",253,252
2001,APRIL,OZAUKEE,"CEDARBURG CITY WARDS 18, 20 & 21",SPRING GENERAL,JUSTICE OF THE SUPREME COURT,NONPARTISAN,SCATTERING,253,1
2001,APRIL,OZAUKEE,MEQUON CITY WARDS 1 & 2,SPRING GENERAL,JUSTICE OF THE SUPREME COURT,NONPARTISAN,"DAVID T PROSSER, JR.",203,201
2001,APRIL,OZAUKEE,MEQUON CITY WARDS 1 & 2,SPRING GENERAL,JUSTICE OF THE SUPREME COURT,NONPARTISAN,SCATTERING,203,2
2001,APRIL,OZAUKEE,MEQUON CITY WARDS 3 & 4,SPRING GENERAL,JUSTICE OF THE SUPREME COURT,NONPARTISAN,"DAVID T PROSSER, JR.",227,227
2001,APRIL,OZAUKEE,MEQUON CITY WARDS 3 & 4,SPRING GENERAL,JUSTICE OF THE SUPREME COURT,NONPARTISAN,SCATTERING,227,0
2001,APRIL,OZAUKEE,MEQUON CITY WARDS 5 & 6,SPRING GENERAL,JUSTICE OF THE SUPREME COURT,NONPARTISAN,"DAVID T PROSSER, JR.",141,141
2001,APRIL,OZAUKEE,MEQUON CITY WARDS 5 & 6,SPRING GENERAL,JUSTICE OF THE SUPREME COURT,NONPARTISAN,SCATTERING,141,0
2001,APRIL,OZAUKEE,MEQUON CITY WARD 7,SPRING GENERAL,JUSTICE OF THE SUPREME COURT,NONPARTISAN,"DAVID T PROSSER, JR.",85,84
2001,APRIL,OZAUKEE,MEQUON CITY WARD 7,SPRING GENERAL,JUSTICE OF THE SUPREME COURT,NONPARTISAN,SCATTERING,85,1
2001,APRIL,OZAUKEE,MEQUON CITY WARDS 8 & 9,SPRING GENERAL,JUSTICE OF THE SUPREME COURT,NONPARTISAN,"DAVID T PROSSER, JR.",196,195
2001,APRIL,OZAUKEE,MEQUON CITY WARDS 8 & 9,SPRING GENERAL,JUSTICE OF THE SUPREME COURT,NONPARTISAN,SCATTERING,196,1
2001,APRIL,OZAUKEE,MEQUON CITY WARDS 10 & 11,SPRING GENERAL,JUSTICE OF THE SUPREME COURT,NONPARTISAN,"DAVID T PROSSER, JR.",213,213
2001,APRIL,OZAUKEE,MEQUON CITY WARDS 10 & 11,SPRING GENERAL,JUSTICE OF THE SUPREME COURT,NONPARTISAN,SCATTERING,213,0
2001,APRIL,OZAUKEE,MEQUON CITY WARDS 12 & 13,SPRING GENERAL,JUSTICE OF THE SUPREME COURT,NONPARTISAN,"DAVID T PROSSER, JR.",190,190
2001,APRIL,OZAUKEE,MEQUON CITY WARDS 12 & 13,SPRING GENERAL,JUSTICE OF THE SUPREME COURT,NONPARTISAN,SCATTERING,190,0
2001,APRIL,OZAUKEE,MEQUON CITY WARDS 14 & 15,SPRING GENERAL,JUSTICE OF THE SUPREME COURT,NONPARTISAN,"DAVID T PROSSER, JR.",210,209
2001,APRIL,OZAUKEE,MEQUON CITY WARDS 14 & 15,SPRING GENERAL,JUSTICE OF THE SUPREME COURT,NONPARTISAN,SCATTERING,210,1
2001,APRIL,OZAUKEE,MEQUON CITY WARDS 16 & 17,SPRING GENERAL,JUSTICE OF THE SUPREME COURT,NONPARTISAN,"DAVID T PROSSER, JR.",228,228
2001,APRIL,OZAUKEE,MEQUON CITY WARDS 16 & 17,SPRING GENERAL,JUSTICE OF THE SUPREME COURT,NONPARTISAN,SCATTERING,228,0
2001,APRIL,OZAUKEE,PORT WASHINGTON CITY WARDS 1 & 4,SPRING GENERAL,JUSTICE OF THE SUPREME COURT,NONPARTISAN,"DAVID T PROSSER, JR.",178,177
2001,APRIL,OZAUKEE,PORT WASHINGTON CITY WARDS 1 & 4,SPRING GENERAL,JUSTICE OF THE SUPREME COURT,NONPARTISAN,SCATTERING,178,1
2001,APRIL,OZAUKEE,PORT WASHINGTON CITY WARDS 2 & 3,SPRING GENERAL,JUSTICE OF THE SUPREME COURT,NONPARTISAN,"DAVID T PROSSER, JR.",77,77
2001,APRIL,OZAUKEE,PORT WASHINGTON CITY WARDS 2 & 3,SPRING GENERAL,JUSTICE OF THE SUPREME COURT,NONPARTISAN,SCATTERING,77,0
2001,APRIL,OZAUKEE,"PORT WASHINGTON CITY WARDS 5, 8 & 9",SPRING GENERAL,JUSTICE OF THE SUPREME COURT,NONPARTISAN,"DAVID T PROSSER, JR.",80,80
2001,APRIL,OZAUKEE,"PORT WASHINGTON CITY WARDS 5, 8 & 9",SPRING GENERAL,JUSTICE OF THE SUPREME COURT,NONPARTISAN,SCATTERING,80,0
2001,APRIL,OZAUKEE,PORT WASHINGTON CITY WARDS 6 & 7,SPRING GENERAL,JUSTICE OF THE SUPREME COURT,NONPARTISAN,"DAVID T PROSSER, JR.",128,128
2001,APRIL,OZAUKEE,PORT WASHINGTON CITY WARDS 6 & 7,SPRING GENERAL,JUSTICE OF THE SUPREME COURT,NONPARTISAN,SCATTERING,128,0
2001,APRIL,OZAUKEE,"PORT WASHINGTON CITY WARDS 10, 16 & 17",SPRING GENERAL,JUSTICE OF THE SUPREME COURT,NONPARTISAN,"DAVID T PROSSER, JR.",40,39
2001,APRIL,OZAUKEE,"PORT WASHINGTON CITY WARDS 10, 16 & 17",SPRING GENERAL,JUSTICE OF THE SUPREME COURT,NONPARTISAN,SCATTERING,40,1
2001,APRIL,OZAUKEE,PORT WASHINGTON CITY WARDS 11 - 13 & 18,SPRING GENERAL,JUSTICE OF THE SUPREME COURT,NONPARTISAN,"DAVID T PROSSER, JR.",215,214
2001,APRIL,OZAUKEE,PORT WASHINGTON CITY WARDS 11 - 13 & 18,SPRING GENERAL,JUSTICE OF THE SUPREME COURT,NONPARTISAN,SCATTERING,215,1
2001,APRIL,OZAUKEE,PORT WASHINGTON CITY WARDS 14 & 15,SPRING GENERAL,JUSTICE OF THE SUPREME COURT,NONPARTISAN,"DAVID T PROSSER, JR.",51,50
2001,APRIL,OZAUKEE,PORT WASHINGTON CITY WARDS 14 & 15,SPRING GENERAL,JUSTICE OF THE SUPREME COURT,NONPARTISAN,SCATTERING,51,1
2001,APRIL,PEPIN,ALBANY TOWN WARD 1,SPRING GENERAL,JUSTICE OF THE SUPREME COURT,NONPARTISAN,"DAVID T PROSSER, JR.",44,44
2001,APRIL,PEPIN,ALBANY TOWN WARD 1,SPRING GENERAL,JUSTICE OF THE SUPREME COURT,NONPARTISAN,SCATTERING,44,0
2001,APRIL,PEPIN,DURAND TOWN WARD 1,SPRING GENERAL,JUSTICE OF THE SUPREME COURT,NONPARTISAN,"DAVID T PROSSER, JR.",66,66
2001,APRIL,PEPIN,DURAND TOWN WARD 1,SPRING GENERAL,JUSTICE OF THE SUPREME COURT,NONPARTISAN,SCATTERING,66,0
2001,APRIL,PEPIN,FRANKFORT TOWN WARD 1,SPRING GENERAL,JUSTICE OF THE SUPREME COURT,NONPARTISAN,"DAVID T PROSSER, JR.",41,41
2001,APRIL,PEPIN,FRANKFORT TOWN WARD 1,SPRING GENERAL,JUSTICE OF THE SUPREME COURT,NONPARTISAN,SCATTERING,41,0
2001,APRIL,PEPIN,LIMA TOWN WARD 1,SPRING GENERAL,JUSTICE OF THE SUPREME COURT,NONPARTISAN,"DAVID T PROSSER, JR.",31,31
2001,APRIL,PEPIN,LIMA TOWN WARD 1,SPRING GENERAL,JUSTICE OF THE SUPREME COURT,NONPARTISAN,SCATTERING,31,0
2001,APRIL,PEPIN,PEPIN TOWN WARDS 1 & 2,SPRING GENERAL,JUSTICE OF THE SUPREME COURT,NONPARTISAN,"DAVID T PROSSER, JR.",138,138
2001,APRIL,PEPIN,PEPIN TOWN WARDS 1 & 2,SPRING GENERAL,JUSTICE OF THE SUPREME COURT,NONPARTISAN,SCATTERING,138,0
2001,APRIL,PEPIN,STOCKHOLM TOWN WARD 1,SPRING GENERAL,JUSTICE OF THE SUPREME COURT,NONPARTISAN,"DAVID T PROSSER, JR.",30,30
2001,APRIL,PEPIN,STOCKHOLM TOWN WARD 1,SPRING GENERAL,JUSTICE OF THE SUPREME COURT,NONPARTISAN,SCATTERING,30,0
2001,APRIL,PEPIN,WATERVILLE TOWN WARDS 1 & 2,SPRING GENERAL,JUSTICE OF THE SUPREME COURT,NONPARTISAN,"DAVID T PROSSER, JR.",37,37
2001,APRIL,PEPIN,WATERVILLE TOWN WARDS 1 & 2,SPRING GENERAL,JUSTICE OF THE SUPREME COURT,NONPARTISAN,SCATTERING,37,0
2001,APRIL,PEPIN,WAUBEEK TOWN WARD 1,SPRING GENERAL,JUSTICE OF THE SUPREME COURT,NONPARTISAN,"DAVID T PROSSER, JR.",20,20
2001,APRIL,PEPIN,WAUBEEK TOWN WARD 1,SPRING GENERAL,JUSTICE OF THE SUPREME COURT,NONPARTISAN,SCATTERING,20,0
2001,APRIL,PEPIN,PEPIN VILLAGE WARDS 1 & 2,SPRING GENERAL,JUSTICE OF THE SUPREME COURT,NONPARTISAN,"DAVID T PROSSER, JR.",173,173
2001,APRIL,PEPIN,PEPIN VILLAGE WARDS 1 & 2,SPRING GENERAL,JUSTICE OF THE SUPREME COURT,NONPARTISAN,SCATTERING,173,0
2001,APRIL,PEPIN,STOCKHOLM VILLAGE WARD 1,SPRING GENERAL,JUSTICE OF THE SUPREME COURT,NONPARTISAN,"DAVID T PROSSER, JR.",23,23
2001,APRIL,PEPIN,STOCKHOLM VILLAGE WARD 1,SPRING GENERAL,JUSTICE OF THE SUPREME COURT,NONPARTISAN,SCATTERING,23,0
2001,APRIL,PEPIN,DURAND CITY WARDS 1 - 7,SPRING GENERAL,JUSTICE OF THE SUPREME COURT,NONPARTISAN,"DAVID T PROSSER, JR.",125,125
2001,APRIL,PEPIN,DURAND CITY WARDS 1 - 7,SPRING GENERAL,JUSTICE OF THE SUPREME COURT,NONPARTISAN,SCATTERING,125,0
2001,APRIL,PIERCE,CLIFTON TOWN WARDS 1 & 2,SPRING GENERAL,JUSTICE OF THE SUPREME COURT,NONPARTISAN,"DAVID T PROSSER, JR.",152,152
2001,APRIL,PIERCE,CLIFTON TOWN WARDS 1 & 2,SPRING GENERAL,JUSTICE OF THE SUPREME COURT,NONPARTISAN,SCATTERING,152,0
2001,APRIL,PIERCE,DIAMOND BLUFF TOWN WARD 1,SPRING GENERAL,JUSTICE OF THE SUPREME COURT,NONPARTISAN,"DAVID T PROSSER, JR.",56,56
2001,APRIL,PIERCE,DIAMOND BLUFF TOWN WARD 1,SPRING GENERAL,JUSTICE OF THE SUPREME COURT,NONPARTISAN,SCATTERING,56,0
2001,APRIL,PIERCE,ELLSWORTH TOWN WARDS 1 & 2,SPRING GENERAL,JUSTICE OF THE SUPREME COURT,NONPARTISAN,"DAVID T PROSSER, JR.",257,257
2001,APRIL,PIERCE,ELLSWORTH TOWN WARDS 1 & 2,SPRING GENERAL,JUSTICE OF THE SUPREME COURT,NONPARTISAN,SCATTERING,257,0
2001,APRIL,PIERCE,EL PASO TOWN WARD 1,SPRING GENERAL,JUSTICE OF THE SUPREME COURT,NONPARTISAN,"DAVID T PROSSER, JR.",84,84
2001,APRIL,PIERCE,EL PASO TOWN WARD 1,SPRING GENERAL,JUSTICE OF THE SUPREME COURT,NONPARTISAN,SCATTERING,84,0
2001,APRIL,PIERCE,GILMAN TOWN WARD 1,SPRING GENERAL,JUSTICE OF THE SUPREME COURT,NONPARTISAN,"DAVID T PROSSER, JR.",200,200
2001,APRIL,PIERCE,GILMAN TOWN WARD 1,SPRING GENERAL,JUSTICE OF THE SUPREME COURT,NONPARTISAN,SCATTERING,200,0
2001,APRIL,PIERCE,HARTLAND TOWN WARD 1,SPRING GENERAL,JUSTICE OF THE SUPREME COURT,NONPARTISAN,"DAVID T PROSSER, JR.",137,137
2001,APRIL,PIERCE,HARTLAND TOWN WARD 1,SPRING GENERAL,JUSTICE OF THE SUPREME COURT,NONPARTISAN,SCATTERING,137,0
2001,APRIL,PIERCE,ISABELLE TOWN WARD 1,SPRING GENERAL,JUSTICE OF THE SUPREME COURT,NONPARTISAN,"DAVID T PROSSER, JR.",58,58
2001,APRIL,PIERCE,ISABELLE TOWN WARD 1,SPRING GENERAL,JUSTICE OF THE SUPREME COURT,NONPARTISAN,SCATTERING,58,0
2001,APRIL,PIERCE,MAIDEN ROCK TOWN WARD 1,SPRING GENERAL,JUSTICE OF THE SUPREME COURT,NONPARTISAN,"DAVID T PROSSER, JR.",104,104
2001,APRIL,PIERCE,MAIDEN ROCK TOWN WARD 1,SPRING GENERAL,JUSTICE OF THE SUPREME COURT,NONPARTISAN,SCATTERING,104,0
2001,APRIL,PIERCE,MARTELL TOWN WARDS 1 & 2,SPRING GENERAL,JUSTICE OF THE SUPREME COURT,NONPARTISAN,"DAVID T PROSSER, JR.",245,245
2001,APRIL,PIERCE,MARTELL TOWN WARDS 1 & 2,SPRING GENERAL,JUSTICE OF THE SUPREME COURT,NONPARTISAN,SCATTERING,245,0
2001,APRIL,PIERCE,OAK GROVE TOWN WARDS 1 & 2,SPRING GENERAL,JUSTICE OF THE SUPREME COURT,NONPARTISAN,"DAVID T PROSSER, JR.",150,149
2001,APRIL,PIERCE,OAK GROVE TOWN WARDS 1 & 2,SPRING GENERAL,JUSTICE OF THE SUPREME COURT,NONPARTISAN,SCATTERING,150,1
2001,APRIL,PIERCE,RIVER FALLS TOWN WARDS 1 - 4,SPRING GENERAL,JUSTICE OF THE SUPREME COURT,NONPARTISAN,"DAVID T PROSSER, JR.",407,407
2001,APRIL,PIERCE,RIVER FALLS TOWN WARDS 1 - 4,SPRING GENERAL,JUSTICE OF THE SUPREME COURT,NONPARTISAN,SCATTERING,407,0
2001,APRIL,PIERCE,ROCK ELM TOWN WARD 1,SPRING GENERAL,JUSTICE OF THE SUPREME COURT,NONPARTISAN,"DAVID T PROSSER, JR.",62,62
2001,APRIL,PIERCE,ROCK ELM TOWN WARD 1,SPRING GENERAL,JUSTICE OF THE SUPREME COURT,NONPARTISAN,SCATTERING,62,0
2001,APRIL,PIERCE,SALEM TOWN WARDS 1 & 2,SPRING GENERAL,JUSTICE OF THE SUPREME COURT,NONPARTISAN,"DAVID T PROSSER, JR.",104,104
2001,APRIL,PIERCE,SALEM TOWN WARDS 1 & 2,SPRING GENERAL,JUSTICE OF THE SUPREME COURT,NONPARTISAN,SCATTERING,104,0
2001,APRIL,PIERCE,SPRING LAKE TOWN WARDS 1 & 2,SPRING GENERAL,JUSTICE OF THE SUPREME COURT,NONPARTISAN,"DAVID T PROSSER, JR.",223,222
2001,APRIL,PIERCE,SPRING LAKE TOWN WARDS 1 & 2,SPRING GENERAL,JUSTICE OF THE SUPREME COURT,NONPARTISAN,SCATTERING,223,1
2001,APRIL,PIERCE,TRENTON TOWN WARDS 1 & 2,SPRING GENERAL,JUSTICE OF THE SUPREME COURT,NONPARTISAN,"DAVID T PROSSER, JR.",385,385
2001,APRIL,PIERCE,TRENTON TOWN WARDS 1 & 2,SPRING GENERAL,JUSTICE OF THE SUPREME COURT,NONPARTISAN,SCATTERING,385,0
2001,APRIL,PIERCE,TRIMBELLE TOWN WARDS 1 & 2,SPRING GENERAL,JUSTICE OF THE SUPREME COURT,NONPARTISAN,"DAVID T PROSSER, JR.",323,323
2001,APRIL,PIERCE,TRIMBELLE TOWN WARDS 1 & 2,SPRING GENERAL,JUSTICE OF THE SUPREME COURT,NONPARTISAN,SCATTERING,323,0
2001,APRIL,PIERCE,UNION TOWN WARDS 1 & 2,SPRING GENERAL,JUSTICE OF THE SUPREME COURT,NONPARTISAN,"DAVID T PROSSER, JR.",34,34
2001,APRIL,PIERCE,UNION TOWN WARDS 1 & 2,SPRING GENERAL,JUSTICE OF THE SUPREME COURT,NONPARTISAN,SCATTERING,34,0
2001,APRIL,PIERCE,BAY CITY VILLAGE WARD 1,SPRING GENERAL,JUSTICE OF THE SUPREME COURT,NONPARTISAN,"DAVID T PROSSER, JR.",77,77
2001,APRIL,PIERCE,BAY CITY VILLAGE WARD 1,SPRING GENERAL,JUSTICE OF THE SUPREME COURT,NONPARTISAN,SCATTERING,77,0
2001,APRIL,PIERCE,ELLSWORTH VILLAGE WARDS 1 - 3,SPRING GENERAL,JUSTICE OF THE SUPREME COURT,NONPARTISAN,"DAVID T PROSSER, JR.",523,522
2001,APRIL,PIERCE,ELLSWORTH VILLAGE WARDS 1 - 3,SPRING GENERAL,JUSTICE OF THE SUPREME COURT,NONPARTISAN,SCATTERING,523,1
2001,APRIL,PIERCE,ELMWOOD VILLAGE WARD 1,SPRING GENERAL,JUSTICE OF THE SUPREME COURT,NONPARTISAN,"DAVID T PROSSER, JR.",246,246
2001,APRIL,PIERCE,ELMWOOD VILLAGE WARD 1,SPRING GENERAL,JUSTICE OF THE SUPREME COURT,NONPARTISAN,SCATTERING,246,0
2001,APRIL,PIERCE,MAIDEN ROCK VILLAGE WARD 1,SPRING GENERAL,JUSTICE OF THE SUPREME COURT,NONPARTISAN,"DAVID T PROSSER, JR.",49,49
2001,APRIL,PIERCE,MAIDEN ROCK VILLAGE WARD 1,SPRING GENERAL,JUSTICE OF THE SUPREME COURT,NONPARTISAN,SCATTERING,49,0
2001,APRIL,PIERCE,PLUM CITY VILLAGE WARD 1,SPRING GENERAL,JUSTICE OF THE SUPREME COURT,NONPARTISAN,"DAVID T PROSSER, JR.",68,68
2001,APRIL,PIERCE,PLUM CITY VILLAGE WARD 1,SPRING GENERAL,JUSTICE OF THE SUPREME COURT,NONPARTISAN,SCATTERING,68,0
2001,APRIL,PIERCE,SPRING VALLEY VILLAGE WARDS 1 & 2,SPRING GENERAL,JUSTICE OF THE SUPREME COURT,NONPARTISAN,"DAVID T PROSSER, JR.",155,155
2001,APRIL,PIERCE,SPRING VALLEY VILLAGE WARDS 1 & 2,SPRING GENERAL,JUSTICE OF THE SUPREME COURT,NONPARTISAN,SCATTERING,155,0
2001,APRIL,PIERCE,PRESCOTT CITY WARDS 1 - 4,SPRING GENERAL,JUSTICE OF THE SUPREME COURT,NONPARTISAN,"DAVID T PROSSER, JR.",362,361
2001,APRIL,PIERCE,PRESCOTT CITY WARDS 1 - 4,SPRING GENERAL,JUSTICE OF THE SUPREME COURT,NONPARTISAN,SCATTERING,362,1
2001,APRIL,PIERCE,RIVER FALLS CITY WARD 3,SPRING GENERAL,JUSTICE OF THE SUPREME COURT,NONPARTISAN,"DAVID T PROSSER, JR.",81,81
2001,APRIL,PIERCE,RIVER FALLS CITY WARD 3,SPRING GENERAL,JUSTICE OF THE SUPREME COURT,NONPARTISAN,SCATTERING,81,0
2001,APRIL,PIERCE,"RIVER FALLS CITY WARDS 4, 10 & 11",SPRING GENERAL,JUSTICE OF THE SUPREME COURT,NONPARTISAN,"DAVID T PROSSER, JR.",186,184
2001,APRIL,PIERCE,"RIVER FALLS CITY WARDS 4, 10 & 11",SPRING GENERAL,JUSTICE OF THE SUPREME COURT,NONPARTISAN,SCATTERING,186,2
2001,APRIL,PIERCE,"RIVER FALLS CITY WARDS 5, 6 & 8",SPRING GENERAL,JUSTICE OF THE SUPREME COURT,NONPARTISAN,"DAVID T PROSSER, JR.",51,51
2001,APRIL,PIERCE,"RIVER FALLS CITY WARDS 5, 6 & 8",SPRING GENERAL,JUSTICE OF THE SUPREME COURT,NONPARTISAN,SCATTERING,51,0
2001,APRIL,PIERCE,RIVER FALLS CITY WARDS 7 & 9,SPRING GENERAL,JUSTICE OF THE SUPREME COURT,NONPARTISAN,"DAVID T PROSSER, JR.",127,127
2001,APRIL,PIERCE,RIVER FALLS CITY WARDS 7 & 9,SPRING GENERAL,JUSTICE OF THE SUPREME COURT,NONPARTISAN,SCATTERING,127,0
2001,APRIL,POLK,ALDEN TOWN WARDS 1 - 3,SPRING GENERAL,JUSTICE OF THE SUPREME COURT,NONPARTISAN,"DAVID T PROSSER, JR.",395,395
2001,APRIL,POLK,ALDEN TOWN WARDS 1 - 3,SPRING GENERAL,JUSTICE OF THE SUPREME COURT,NONPARTISAN,SCATTERING,395,0
2001,APRIL,POLK,APPLE RIVER TOWN WARD 1,SPRING GENERAL,JUSTICE OF THE SUPREME COURT,NONPARTISAN,"DAVID T PROSSER, JR.",133,133
2001,APRIL,POLK,APPLE RIVER TOWN WARD 1,SPRING GENERAL,JUSTICE OF THE SUPREME COURT,NONPARTISAN,SCATTERING,133,0
2001,APRIL,POLK,BALSAM LAKE TOWN WARDS 1 & 2,SPRING GENERAL,JUSTICE OF THE SUPREME COURT,NONPARTISAN,"DAVID T PROSSER, JR.",91,91
2001,APRIL,POLK,BALSAM LAKE TOWN WARDS 1 & 2,SPRING GENERAL,JUSTICE OF THE SUPREME COURT,NONPARTISAN,SCATTERING,91,0
2001,APRIL,POLK,BEAVER TOWN WARD 1,SPRING GENERAL,JUSTICE OF THE SUPREME COURT,NONPARTISAN,"DAVID T PROSSER, JR.",52,52
2001,APRIL,POLK,BEAVER TOWN WARD 1,SPRING GENERAL,JUSTICE OF THE SUPREME COURT,NONPARTISAN,SCATTERING,52,0
2001,APRIL,POLK,BLACK BROOK TOWN WARDS 1 & 2,SPRING GENERAL,JUSTICE OF THE SUPREME COURT,NONPARTISAN,"DAVID T PROSSER, JR.",235,235
2001,APRIL,POLK,BLACK BROOK TOWN WARDS 1 & 2,SPRING GENERAL,JUSTICE OF THE SUPREME COURT,NONPARTISAN,SCATTERING,235,0
2001,APRIL,POLK,BONE LAKE TOWN WARDS 1 & 2,SPRING GENERAL,JUSTICE OF THE SUPREME COURT,NONPARTISAN,"DAVID T PROSSER, JR.",107,107
2001,APRIL,POLK,BONE LAKE TOWN WARDS 1 & 2,SPRING GENERAL,JUSTICE OF THE SUPREME COURT,NONPARTISAN,SCATTERING,107,0
2001,APRIL,POLK,CLAM FALLS TOWN WARD 1,SPRING GENERAL,JUSTICE OF THE SUPREME COURT,NONPARTISAN,"DAVID T PROSSER, JR.",105,104
2001,APRIL,POLK,CLAM FALLS TOWN WARD 1,SPRING GENERAL,JUSTICE OF THE SUPREME COURT,NONPARTISAN,SCATTERING,105,1
2001,APRIL,POLK,CLAYTON TOWN WARD 1,SPRING GENERAL,JUSTICE OF THE SUPREME COURT,NONPARTISAN,"DAVID T PROSSER, JR.",112,112
2001,APRIL,POLK,CLAYTON TOWN WARD 1,SPRING GENERAL,JUSTICE OF THE SUPREME COURT,NONPARTISAN,SCATTERING,112,0
2001,APRIL,POLK,CLEAR LAKE TOWN WARDS 1 & 2,SPRING GENERAL,JUSTICE OF THE SUPREME COURT,NONPARTISAN,"DAVID T PROSSER, JR.",58,58
2001,APRIL,POLK,CLEAR LAKE TOWN WARDS 1 & 2,SPRING GENERAL,JUSTICE OF THE SUPREME COURT,NONPARTISAN,SCATTERING,58,0
2001,APRIL,POLK,EUREKA TOWN WARDS 1 & 2,SPRING GENERAL,JUSTICE OF THE SUPREME COURT,NONPARTISAN,"DAVID T PROSSER, JR.",206,206
2001,APRIL,POLK,EUREKA TOWN WARDS 1 & 2,SPRING GENERAL,JUSTICE OF THE SUPREME COURT,NONPARTISAN,SCATTERING,206,0
2001,APRIL,POLK,FARMINGTON TOWN WARDS 1 - 3,SPRING GENERAL,JUSTICE OF THE SUPREME COURT,NONPARTISAN,"DAVID T PROSSER, JR.",413,413
2001,APRIL,POLK,FARMINGTON TOWN WARDS 1 - 3,SPRING GENERAL,JUSTICE OF THE SUPREME COURT,NONPARTISAN,SCATTERING,413,0
2001,APRIL,POLK,GARFIELD TOWN WARDS 1 & 2,SPRING GENERAL,JUSTICE OF THE SUPREME COURT,NONPARTISAN,"DAVID T PROSSER, JR.",167,167
2001,APRIL,POLK,GARFIELD TOWN WARDS 1 & 2,SPRING GENERAL,JUSTICE OF THE SUPREME COURT,NONPARTISAN,SCATTERING,167,0
2001,APRIL,POLK,GEORGETOWN TOWN WARD 1,SPRING GENERAL,JUSTICE OF THE SUPREME COURT,NONPARTISAN,"DAVID T PROSSER, JR.",95,94
2001,APRIL,POLK,GEORGETOWN TOWN WARD 1,SPRING GENERAL,JUSTICE OF THE SUPREME COURT,NONPARTISAN,SCATTERING,95,1
2001,APRIL,POLK,JOHNSTOWN TOWN WARD 1,SPRING GENERAL,JUSTICE OF THE SUPREME COURT,NONPARTISAN,"DAVID T PROSSER, JR.",82,82
2001,APRIL,POLK,JOHNSTOWN TOWN WARD 1,SPRING GENERAL,JUSTICE OF THE SUPREME COURT,NONPARTISAN,SCATTERING,82,0
2001,APRIL,POLK,LAKETOWN TOWN WARD 1,SPRING GENERAL,JUSTICE OF THE SUPREME COURT,NONPARTISAN,"DAVID T PROSSER, JR.",137,137
2001,APRIL,POLK,LAKETOWN TOWN WARD 1,SPRING GENERAL,JUSTICE OF THE SUPREME COURT,NONPARTISAN,SCATTERING,137,0
2001,APRIL,POLK,LINCOLN TOWN WARDS 1 - 3,SPRING GENERAL,JUSTICE OF THE SUPREME COURT,NONPARTISAN,"DAVID T PROSSER, JR.",194,194
2001,APRIL,POLK,LINCOLN TOWN WARDS 1 - 3,SPRING GENERAL,JUSTICE OF THE SUPREME COURT,NONPARTISAN,SCATTERING,194,0
2001,APRIL,POLK,LORAIN TOWN WARD 1,SPRING GENERAL,JUSTICE OF THE SUPREME COURT,NONPARTISAN,"DAVID T PROSSER, JR.",59,59
2001,APRIL,POLK,LORAIN TOWN WARD 1,SPRING GENERAL,JUSTICE OF THE SUPREME COURT,NONPARTISAN,SCATTERING,59,0
2001,APRIL,POLK,LUCK TOWN WARDS 1 & 2,SPRING GENERAL,JUSTICE OF THE SUPREME COURT,NONPARTISAN,"DAVID T PROSSER, JR.",149,149
2001,APRIL,POLK,LUCK TOWN WARDS 1 & 2,SPRING GENERAL,JUSTICE OF THE SUPREME COURT,NONPARTISAN,SCATTERING,149,0
2001,APRIL,POLK,MCKINLEY TOWN WARD 1,SPRING GENERAL,JUSTICE OF THE SUPREME COURT,NONPARTISAN,"DAVID T PROSSER, JR.",40,40
2001,APRIL,POLK,MCKINLEY TOWN WARD 1,SPRING GENERAL,JUSTICE OF THE SUPREME COURT,NONPARTISAN,SCATTERING,40,0
2001,APRIL,POLK,MILLTOWN TOWN WARDS 1 & 2,SPRING GENERAL,JUSTICE OF THE SUPREME COURT,NONPARTISAN,"DAVID T PROSSER, JR.",52,52
2001,APRIL,POLK,MILLTOWN TOWN WARDS 1 & 2,SPRING GENERAL,JUSTICE OF THE SUPREME COURT,NONPARTISAN,SCATTERING,52,0
2001,APRIL,POLK,OSCEOLA TOWN WARDS 1 & 2,SPRING GENERAL,JUSTICE OF THE SUPREME COURT,NONPARTISAN,"DAVID T PROSSER, JR.",338,338
2001,APRIL,POLK,OSCEOLA TOWN WARDS 1 & 2,SPRING GENERAL,JUSTICE OF THE SUPREME COURT,NONPARTISAN,SCATTERING,338,0
2001,APRIL,POLK,ST CROIX FALLS TOWN WARDS 1 & 2,SPRING GENERAL,JUSTICE OF THE SUPREME COURT,NONPARTISAN,"DAVID T PROSSER, JR.",163,163
2001,APRIL,POLK,ST CROIX FALLS TOWN WARDS 1 & 2,SPRING GENERAL,JUSTICE OF THE SUPREME COURT,NONPARTISAN,SCATTERING,163,0
2001,APRIL,POLK,STERLING TOWN WARD 1,SPRING GENERAL,JUSTICE OF THE SUPREME COURT,NONPARTISAN,"DAVID T PROSSER, JR.",144,144
2001,APRIL,POLK,STERLING TOWN WARD 1,SPRING GENERAL,JUSTICE OF THE SUPREME COURT,NONPARTISAN,SCATTERING,144,0
2001,APRIL,POLK,WEST SWEDEN TOWN WARDS 1 & 2,SPRING GENERAL,JUSTICE OF THE SUPREME COURT,NONPARTISAN,"DAVID T PROSSER, JR.",113,113
2001,APRIL,POLK,WEST SWEDEN TOWN WARDS 1 & 2,SPRING GENERAL,JUSTICE OF THE SUPREME COURT,NONPARTISAN,SCATTERING,113,0
2001,APRIL,POLK,BALSAM LAKE VILLAGE WARD 1,SPRING GENERAL,JUSTICE OF THE SUPREME COURT,NONPARTISAN,"DAVID T PROSSER, JR.",89,89
2001,APRIL,POLK,BALSAM LAKE VILLAGE WARD 1,SPRING GENERAL,JUSTICE OF THE SUPREME COURT,NONPARTISAN,SCATTERING,89,0
2001,APRIL,POLK,CENTURIA VILLAGE WARD 1,SPRING GENERAL,JUSTICE OF THE SUPREME COURT,NONPARTISAN,"DAVID T PROSSER, JR.",67,67
2001,APRIL,POLK,CENTURIA VILLAGE WARD 1,SPRING GENERAL,JUSTICE OF THE SUPREME COURT,NONPARTISAN,SCATTERING,67,0
2001,APRIL,POLK,CLAYTON VILLAGE WARD 1,SPRING GENERAL,JUSTICE OF THE SUPREME COURT,NONPARTISAN,"DAVID T PROSSER, JR.",36,36
2001,APRIL,POLK,CLAYTON VILLAGE WARD 1,SPRING GENERAL,JUSTICE OF THE SUPREME COURT,NONPARTISAN,SCATTERING,36,0
2001,APRIL,POLK,CLEAR LAKE VILLAGE WARD 1,SPRING GENERAL,JUSTICE OF THE SUPREME COURT,NONPARTISAN,"DAVID T PROSSER, JR.",99,99
2001,APRIL,POLK,CLEAR LAKE VILLAGE WARD 1,SPRING GENERAL,JUSTICE OF THE SUPREME COURT,NONPARTISAN,SCATTERING,99,0
2001,APRIL,POLK,DRESSER VILLAGE WARD 1,SPRING GENERAL,JUSTICE OF THE SUPREME COURT,NONPARTISAN,"DAVID T PROSSER, JR.",136,136
2001,APRIL,POLK,DRESSER VILLAGE WARD 1,SPRING GENERAL,JUSTICE OF THE SUPREME COURT,NONPARTISAN,SCATTERING,136,0
2001,APRIL,POLK,FREDERIC VILLAGE WARDS 1 & 2,SPRING GENERAL,JUSTICE OF THE SUPREME COURT,NONPARTISAN,"DAVID T PROSSER, JR.",191,191
2001,APRIL,POLK,FREDERIC VILLAGE WARDS 1 & 2,SPRING GENERAL,JUSTICE OF THE SUPREME COURT,NONPARTISAN,SCATTERING,191,0
2001,APRIL,POLK,LUCK VILLAGE WARDS 1 & 2,SPRING GENERAL,JUSTICE OF THE SUPREME COURT,NONPARTISAN,"DAVID T PROSSER, JR.",155,155
2001,APRIL,POLK,LUCK VILLAGE WARDS 1 & 2,SPRING GENERAL,JUSTICE OF THE SUPREME COURT,NONPARTISAN,SCATTERING,155,0
2001,APRIL,POLK,MILLTOWN VILLAGE WARD 1,SPRING GENERAL,JUSTICE OF THE SUPREME COURT,NONPARTISAN,"DAVID T PROSSER, JR.",44,44
2001,APRIL,POLK,MILLTOWN VILLAGE WARD 1,SPRING GENERAL,JUSTICE OF THE SUPREME COURT,NONPARTISAN,SCATTERING,44,0
2001,APRIL,POLK,OSCEOLA VILLAGE WARDS 1 - 3,SPRING GENERAL,JUSTICE OF THE SUPREME COURT,NONPARTISAN,"DAVID T PROSSER, JR.",300,300
2001,APRIL,POLK,OSCEOLA VILLAGE WARDS 1 - 3,SPRING GENERAL,JUSTICE OF THE SUPREME COURT,NONPARTISAN,SCATTERING,300,0
2001,APRIL,POLK,TURTLE LAKE VILLAGE WARD 2,SPRING GENERAL,JUSTICE OF THE SUPREME COURT,NONPARTISAN,"DAVID T PROSSER, JR.",2,2
2001,APRIL,POLK,TURTLE LAKE VILLAGE WARD 2,SPRING GENERAL,JUSTICE OF THE SUPREME COURT,NONPARTISAN,SCATTERING,2,0
2001,APRIL,POLK,AMERY CITY WARDS 1 & 2,SPRING GENERAL,JUSTICE OF THE SUPREME COURT,NONPARTISAN,"DAVID T PROSSER, JR.",117,117
2001,APRIL,POLK,AMERY CITY WARDS 1 & 2,SPRING GENERAL,JUSTICE OF THE SUPREME COURT,NONPARTISAN,SCATTERING,117,0
2001,APRIL,POLK,AMERY CITY WARDS 3 & 4,SPRING GENERAL,JUSTICE OF THE SUPREME COURT,NONPARTISAN,"DAVID T PROSSER, JR.",182,182
2001,APRIL,POLK,AMERY CITY WARDS 3 & 4,SPRING GENERAL,JUSTICE OF THE SUPREME COURT,NONPARTISAN,SCATTERING,182,0
2001,APRIL,POLK,ST CROIX FALLS CITY WARDS 1 - 3,SPRING GENERAL,JUSTICE OF THE SUPREME COURT,NONPARTISAN,"DAVID T PROSSER, JR.",417,417
2001,APRIL,POLK,ST CROIX FALLS CITY WARDS 1 - 3,SPRING GENERAL,JUSTICE OF THE SUPREME COURT,NONPARTISAN,SCATTERING,417,0
2001,APRIL,PORTAGE,ALBAN TOWN WARD 1,SPRING GENERAL,JUSTICE OF THE SUPREME COURT,NONPARTISAN,"DAVID T PROSSER, JR.",67,67
2001,APRIL,PORTAGE,ALBAN TOWN WARD 1,SPRING GENERAL,JUSTICE OF THE SUPREME COURT,NONPARTISAN,SCATTERING,67,0
2001,APRIL,PORTAGE,ALMOND TOWN WARD 1,SPRING GENERAL,JUSTICE OF THE SUPREME COURT,NONPARTISAN,"DAVID T PROSSER, JR.",79,79
2001,APRIL,PORTAGE,ALMOND TOWN WARD 1,SPRING GENERAL,JUSTICE OF THE SUPREME COURT,NONPARTISAN,SCATTERING,79,0
2001,APRIL,PORTAGE,AMHERST TOWN WARDS 1 & 2,SPRING GENERAL,JUSTICE OF THE SUPREME COURT,NONPARTISAN,"DAVID T PROSSER, JR.",350,350
2001,APRIL,PORTAGE,AMHERST TOWN WARDS 1 & 2,SPRING GENERAL,JUSTICE OF THE SUPREME COURT,NONPARTISAN,SCATTERING,350,0
2001,APRIL,PORTAGE,BELMONT TOWN WARD 1,SPRING GENERAL,JUSTICE OF THE SUPREME COURT,NONPARTISAN,"DAVID T PROSSER, JR.",126,126
2001,APRIL,PORTAGE,BELMONT TOWN WARD 1,SPRING GENERAL,JUSTICE OF THE SUPREME COURT,NONPARTISAN,SCATTERING,126,0
2001,APRIL,PORTAGE,BUENA VISTA TOWN WARDS 1 & 2,SPRING GENERAL,JUSTICE OF THE SUPREME COURT,NONPARTISAN,"DAVID T PROSSER, JR.",116,116
2001,APRIL,PORTAGE,BUENA VISTA TOWN WARDS 1 & 2,SPRING GENERAL,JUSTICE OF THE SUPREME COURT,NONPARTISAN,SCATTERING,116,0
2001,APRIL,PORTAGE,CARSON TOWN WARDS 1 & 2,SPRING GENERAL,JUSTICE OF THE SUPREME COURT,NONPARTISAN,"DAVID T PROSSER, JR.",72,72
2001,APRIL,PORTAGE,CARSON TOWN WARDS 1 & 2,SPRING GENERAL,JUSTICE OF THE SUPREME COURT,NONPARTISAN,SCATTERING,72,0
2001,APRIL,PORTAGE,DEWEY TOWN WARD 1,SPRING GENERAL,JUSTICE OF THE SUPREME COURT,NONPARTISAN,"DAVID T PROSSER, JR.",73,73
2001,APRIL,PORTAGE,DEWEY TOWN WARD 1,SPRING GENERAL,JUSTICE OF THE SUPREME COURT,NONPARTISAN,SCATTERING,73,0
2001,APRIL,PORTAGE,EAU PLEINE TOWN WARD 1,SPRING GENERAL,JUSTICE OF THE SUPREME COURT,NONPARTISAN,"DAVID T PROSSER, JR.",147,147
2001,APRIL,PORTAGE,EAU PLEINE TOWN WARD 1,SPRING GENERAL,JUSTICE OF THE SUPREME COURT,NONPARTISAN,SCATTERING,147,0
2001,APRIL,PORTAGE,GRANT TOWN WARDS 1 - 3,SPRING GENERAL,JUSTICE OF THE SUPREME COURT,NONPARTISAN,"DAVID T PROSSER, JR.",170,170
2001,APRIL,PORTAGE,GRANT TOWN WARDS 1 - 3,SPRING GENERAL,JUSTICE OF THE SUPREME COURT,NONPARTISAN,SCATTERING,170,0
2001,APRIL,PORTAGE,HULL TOWN WARDS 1 - 8,SPRING GENERAL,JUSTICE OF THE SUPREME COURT,NONPARTISAN,"DAVID T PROSSER, JR.",405,405
2001,APRIL,PORTAGE,HULL TOWN WARDS 1 - 8,SPRING GENERAL,JUSTICE OF THE SUPREME COURT,NONPARTISAN,SCATTERING,405,0
2001,APRIL,PORTAGE,LANARK TOWN WARDS 1 & 2,SPRING GENERAL,JUSTICE OF THE SUPREME COURT,NONPARTISAN,"DAVID T PROSSER, JR.",369,369
2001,APRIL,PORTAGE,LANARK TOWN WARDS 1 & 2,SPRING GENERAL,JUSTICE OF THE SUPREME COURT,NONPARTISAN,SCATTERING,369,0
2001,APRIL,PORTAGE,LINWOOD TOWN WARDS 1 & 2,SPRING GENERAL,JUSTICE OF THE SUPREME COURT,NONPARTISAN,"DAVID T PROSSER, JR.",72,72
2001,APRIL,PORTAGE,LINWOOD TOWN WARDS 1 & 2,SPRING GENERAL,JUSTICE OF THE SUPREME COURT,NONPARTISAN,SCATTERING,72,0
2001,APRIL,PORTAGE,NEW HOPE TOWN WARD 1,SPRING GENERAL,JUSTICE OF THE SUPREME COURT,NONPARTISAN,"DAVID T PROSSER, JR.",158,158
2001,APRIL,PORTAGE,NEW HOPE TOWN WARD 1,SPRING GENERAL,JUSTICE OF THE SUPREME COURT,NONPARTISAN,SCATTERING,158,0
2001,APRIL,PORTAGE,PINE GROVE TOWN WARD 1,SPRING GENERAL,JUSTICE OF THE SUPREME COURT,NONPARTISAN,"DAVID T PROSSER, JR.",103,103
2001,APRIL,PORTAGE,PINE GROVE TOWN WARD 1,SPRING GENERAL,JUSTICE OF THE SUPREME COURT,NONPARTISAN,SCATTERING,103,0
2001,APRIL,PORTAGE,PLOVER TOWN WARDS 1 - 4,SPRING GENERAL,JUSTICE OF THE SUPREME COURT,NONPARTISAN,"DAVID T PROSSER, JR.",201,201
2001,APRIL,PORTAGE,PLOVER TOWN WARDS 1 - 4,SPRING GENERAL,JUSTICE OF THE SUPREME COURT,NONPARTISAN,SCATTERING,201,0
2001,APRIL,PORTAGE,SHARON TOWN WARDS 1 - 3,SPRING GENERAL,JUSTICE OF THE SUPREME COURT,NONPARTISAN,"DAVID T PROSSER, JR.",116,116
2001,APRIL,PORTAGE,SHARON TOWN WARDS 1 - 3,SPRING GENERAL,JUSTICE OF THE SUPREME COURT,NONPARTISAN,SCATTERING,116,0
2001,APRIL,PORTAGE,STOCKTON TOWN WARDS 1 - 4,SPRING GENERAL,JUSTICE OF THE SUPREME COURT,NONPARTISAN,"DAVID T PROSSER, JR.",463,463
2001,APRIL,PORTAGE,STOCKTON TOWN WARDS 1 - 4,SPRING GENERAL,JUSTICE OF THE SUPREME COURT,NONPARTISAN,SCATTERING,463,0
2001,APRIL,PORTAGE,ALMOND VILLAGE WARD 1,SPRING GENERAL,JUSTICE OF THE SUPREME COURT,NONPARTISAN,"DAVID T PROSSER, JR.",69,69
2001,APRIL,PORTAGE,ALMOND VILLAGE WARD 1,SPRING GENERAL,JUSTICE OF THE SUPREME COURT,NONPARTISAN,SCATTERING,69,0
2001,APRIL,PORTAGE,AMHERST VILLAGE WARD 1,SPRING GENERAL,JUSTICE OF THE SUPREME COURT,NONPARTISAN,"DAVID T PROSSER, JR.",225,225
2001,APRIL,PORTAGE,AMHERST VILLAGE WARD 1,SPRING GENERAL,JUSTICE OF THE SUPREME COURT,NONPARTISAN,SCATTERING,225,0
2001,APRIL,PORTAGE,AMHERST JUNCTION VILLAGE WARD 1,SPRING GENERAL,JUSTICE OF THE SUPREME COURT,NONPARTISAN,"DAVID T PROSSER, JR.",88,88
2001,APRIL,PORTAGE,AMHERST JUNCTION VILLAGE WARD 1,SPRING GENERAL,JUSTICE OF THE SUPREME COURT,NONPARTISAN,SCATTERING,88,0
2001,APRIL,PORTAGE,JUNCTION CITY VILLAGE WARD 1,SPRING GENERAL,JUSTICE OF THE SUPREME COURT,NONPARTISAN,"DAVID T PROSSER, JR.",36,36
2001,APRIL,PORTAGE,JUNCTION CITY VILLAGE WARD 1,SPRING GENERAL,JUSTICE OF THE SUPREME COURT,NONPARTISAN,SCATTERING,36,0
2001,APRIL,PORTAGE,MILLADORE VILLAGE WARD 2,SPRING GENERAL,JUSTICE OF THE SUPREME COURT,NONPARTISAN,"DAVID T PROSSER, JR.",3,3
2001,APRIL,PORTAGE,MILLADORE VILLAGE WARD 2,SPRING GENERAL,JUSTICE OF THE SUPREME COURT,NONPARTISAN,SCATTERING,3,0
2001,APRIL,PORTAGE,NELSONVILLE VILLAGE WARD 1,SPRING GENERAL,JUSTICE OF THE SUPREME COURT,NONPARTISAN,"DAVID T PROSSER, JR.",62,62
2001,APRIL,PORTAGE,NELSONVILLE VILLAGE WARD 1,SPRING GENERAL,JUSTICE OF THE SUPREME COURT,NONPARTISAN,SCATTERING,62,0
2001,APRIL,PORTAGE,PARK RIDGE VILLAGE WARD 1,SPRING GENERAL,JUSTICE OF THE SUPREME COURT,NONPARTISAN,"DAVID T PROSSER, JR.",112,112
2001,APRIL,PORTAGE,PARK RIDGE VILLAGE WARD 1,SPRING GENERAL,JUSTICE OF THE SUPREME COURT,NONPARTISAN,SCATTERING,112,0
2001,APRIL,PORTAGE,PLOVER VILLAGE WARDS 1 - 13,SPRING GENERAL,JUSTICE OF THE SUPREME COURT,NONPARTISAN,"DAVID T PROSSER, JR.",986,986
2001,APRIL,PORTAGE,PLOVER VILLAGE WARDS 1 - 13,SPRING GENERAL,JUSTICE OF THE SUPREME COURT,NONPARTISAN,SCATTERING,986,0
2001,APRIL,PORTAGE,ROSHOLT VILLAGE WARD 1,SPRING GENERAL,JUSTICE OF THE SUPREME COURT,NONPARTISAN,"DAVID T PROSSER, JR.",45,45
2001,APRIL,PORTAGE,ROSHOLT VILLAGE WARD 1,SPRING GENERAL,JUSTICE OF THE SUPREME COURT,NONPARTISAN,SCATTERING,45,0
2001,APRIL,PORTAGE,WHITING VILLAGE WARDS 1 - 4,SPRING GENERAL,JUSTICE OF THE SUPREME COURT,NONPARTISAN,"DAVID T PROSSER, JR.",150,150
2001,APRIL,PORTAGE,WHITING VILLAGE WARDS 1 - 4,SPRING GENERAL,JUSTICE OF THE SUPREME COURT,NONPARTISAN,SCATTERING,150,0
2001,APRIL,PORTAGE,STEVENS POINT CITY WARD 1,SPRING GENERAL,JUSTICE OF THE SUPREME COURT,NONPARTISAN,"DAVID T PROSSER, JR.",140,140
2001,APRIL,PORTAGE,STEVENS POINT CITY WARD 1,SPRING GENERAL,JUSTICE OF THE SUPREME COURT,NONPARTISAN,SCATTERING,140,0
2001,APRIL,PORTAGE,STEVENS POINT CITY WARD 2,SPRING GENERAL,JUSTICE OF THE SUPREME COURT,NONPARTISAN,"DAVID T PROSSER, JR.",88,88
2001,APRIL,PORTAGE,STEVENS POINT CITY WARD 2,SPRING GENERAL,JUSTICE OF THE SUPREME COURT,NONPARTISAN,SCATTERING,88,0
2001,APRIL,PORTAGE,STEVENS POINT CITY WARD 3,SPRING GENERAL,JUSTICE OF THE SUPREME COURT,NONPARTISAN,"DAVID T PROSSER, JR.",120,120
2001,APRIL,PORTAGE,STEVENS POINT CITY WARD 3,SPRING GENERAL,JUSTICE OF THE SUPREME COURT,NONPARTISAN,SCATTERING,120,0
2001,APRIL,PORTAGE,STEVENS POINT CITY WARD 4,SPRING GENERAL,JUSTICE OF THE SUPREME COURT,NONPARTISAN,"DAVID T PROSSER, JR.",115,115
2001,APRIL,PORTAGE,STEVENS POINT CITY WARD 4,SPRING GENERAL,JUSTICE OF THE SUPREME COURT,NONPARTISAN,SCATTERING,115,0
2001,APRIL,PORTAGE,STEVENS POINT CITY WARD 5,SPRING GENERAL,JUSTICE OF THE SUPREME COURT,NONPARTISAN,"DAVID T PROSSER, JR.",141,141
2001,APRIL,PORTAGE,STEVENS POINT CITY WARD 5,SPRING GENERAL,JUSTICE OF THE SUPREME COURT,NONPARTISAN,SCATTERING,141,0
2001,APRIL,PORTAGE,STEVENS POINT CITY WARD 6,SPRING GENERAL,JUSTICE OF THE SUPREME COURT,NONPARTISAN,"DAVID T PROSSER, JR.",204,204
2001,APRIL,PORTAGE,STEVENS POINT CITY WARD 6,SPRING GENERAL,JUSTICE OF THE SUPREME COURT,NONPARTISAN,SCATTERING,204,0
2001,APRIL,PORTAGE,STEVENS POINT CITY WARD 7,SPRING GENERAL,JUSTICE OF THE SUPREME COURT,NONPARTISAN,"DAVID T PROSSER, JR.",182,182
2001,APRIL,PORTAGE,STEVENS POINT CITY WARD 7,SPRING GENERAL,JUSTICE OF THE SUPREME COURT,NONPARTISAN,SCATTERING,182,0
2001,APRIL,PORTAGE,STEVENS POINT CITY WARD 8,SPRING GENERAL,JUSTICE OF THE SUPREME COURT,NONPARTISAN,"DAVID T PROSSER, JR.",290,290
2001,APRIL,PORTAGE,STEVENS POINT CITY WARD 8,SPRING GENERAL,JUSTICE OF THE SUPREME COURT,NONPARTISAN,SCATTERING,290,0
2001,APRIL,PORTAGE,STEVENS POINT CITY WARD 9,SPRING GENERAL,JUSTICE OF THE SUPREME COURT,NONPARTISAN,"DAVID T PROSSER, JR.",220,220
2001,APRIL,PORTAGE,STEVENS POINT CITY WARD 9,SPRING GENERAL,JUSTICE OF THE SUPREME COURT,NONPARTISAN,SCATTERING,220,0
2001,APRIL,PORTAGE,STEVENS POINT CITY WARD 10,SPRING GENERAL,JUSTICE OF THE SUPREME COURT,NONPARTISAN,"DAVID T PROSSER, JR.",110,110
2001,APRIL,PORTAGE,STEVENS POINT CITY WARD 10,SPRING GENERAL,JUSTICE OF THE SUPREME COURT,NONPARTISAN,SCATTERING,110,0
2001,APRIL,PORTAGE,STEVENS POINT CITY WARD 11,SPRING GENERAL,JUSTICE OF THE SUPREME COURT,NONPARTISAN,"DAVID T PROSSER, JR.",45,45
2001,APRIL,PORTAGE,STEVENS POINT CITY WARD 11,SPRING GENERAL,JUSTICE OF THE SUPREME COURT,NONPARTISAN,SCATTERING,45,0
2001,APRIL,PORTAGE,STEVENS POINT CITY WARD 12,SPRING GENERAL,JUSTICE OF THE SUPREME COURT,NONPARTISAN,"DAVID T PROSSER, JR.",29,29
2001,APRIL,PORTAGE,STEVENS POINT CITY WARD 12,SPRING GENERAL,JUSTICE OF THE SUPREME COURT,NONPARTISAN,SCATTERING,29,0
2001,APRIL,PRICE,CATAWBA TOWN WARD 1,SPRING GENERAL,JUSTICE OF THE SUPREME COURT,NONPARTISAN,"DAVID T PROSSER, JR.",21,21
2001,APRIL,PRICE,CATAWBA TOWN WARD 1,SPRING GENERAL,JUSTICE OF THE SUPREME COURT,NONPARTISAN,SCATTERING,21,0
2001,APRIL,PRICE,EISENSTEIN TOWN WARDS 1 & 2,SPRING GENERAL,JUSTICE OF THE SUPREME COURT,NONPARTISAN,"DAVID T PROSSER, JR.",70,70
2001,APRIL,PRICE,EISENSTEIN TOWN WARDS 1 & 2,SPRING GENERAL,JUSTICE OF THE SUPREME COURT,NONPARTISAN,SCATTERING,70,0
2001,APRIL,PRICE,ELK TOWN WARDS 1 - 3,SPRING GENERAL,JUSTICE OF THE SUPREME COURT,NONPARTISAN,"DAVID T PROSSER, JR.",264,264
2001,APRIL,PRICE,ELK TOWN WARDS 1 - 3,SPRING GENERAL,JUSTICE OF THE SUPREME COURT,NONPARTISAN,SCATTERING,264,0
2001,APRIL,PRICE,EMERY TOWN WARD 1,SPRING GENERAL,JUSTICE OF THE SUPREME COURT,NONPARTISAN,"DAVID T PROSSER, JR.",38,38
2001,APRIL,PRICE,EMERY TOWN WARD 1,SPRING GENERAL,JUSTICE OF THE SUPREME COURT,NONPARTISAN,SCATTERING,38,0
2001,APRIL,PRICE,FIFIELD TOWN WARDS 1 & 2,SPRING GENERAL,JUSTICE OF THE SUPREME COURT,NONPARTISAN,"DAVID T PROSSER, JR.",303,302
2001,APRIL,PRICE,FIFIELD TOWN WARDS 1 & 2,SPRING GENERAL,JUSTICE OF THE SUPREME COURT,NONPARTISAN,SCATTERING,303,1
2001,APRIL,PRICE,FLAMBEAU TOWN WARD 1,SPRING GENERAL,JUSTICE OF THE SUPREME COURT,NONPARTISAN,"DAVID T PROSSER, JR.",52,52
2001,APRIL,PRICE,FLAMBEAU TOWN WARD 1,SPRING GENERAL,JUSTICE OF THE SUPREME COURT,NONPARTISAN,SCATTERING,52,0
2001,APRIL,PRICE,GEORGETOWN TOWN WARD 1,SPRING GENERAL,JUSTICE OF THE SUPREME COURT,NONPARTISAN,"DAVID T PROSSER, JR.",56,56
2001,APRIL,PRICE,GEORGETOWN TOWN WARD 1,SPRING GENERAL,JUSTICE OF THE SUPREME COURT,NONPARTISAN,SCATTERING,56,0
2001,APRIL,PRICE,HACKETT TOWN WARDS 1 & 2,SPRING GENERAL,JUSTICE OF THE SUPREME COURT,NONPARTISAN,"DAVID T PROSSER, JR.",36,36
2001,APRIL,PRICE,HACKETT TOWN WARDS 1 & 2,SPRING GENERAL,JUSTICE OF THE SUPREME COURT,NONPARTISAN,SCATTERING,36,0
2001,APRIL,PRICE,HARMONY TOWN WARD 1,SPRING GENERAL,JUSTICE OF THE SUPREME COURT,NONPARTISAN,"DAVID T PROSSER, JR.",39,39
2001,APRIL,PRICE,HARMONY TOWN WARD 1,SPRING GENERAL,JUSTICE OF THE SUPREME COURT,NONPARTISAN,SCATTERING,39,0
2001,APRIL,PRICE,HILL TOWN WARD 1,SPRING GENERAL,JUSTICE OF THE SUPREME COURT,NONPARTISAN,"DAVID T PROSSER, JR.",44,44
2001,APRIL,PRICE,HILL TOWN WARD 1,SPRING GENERAL,JUSTICE OF THE SUPREME COURT,NONPARTISAN,SCATTERING,44,0
2001,APRIL,PRICE,KENNAN TOWN WARD 1,SPRING GENERAL,JUSTICE OF THE SUPREME COURT,NONPARTISAN,"DAVID T PROSSER, JR.",97,97
2001,APRIL,PRICE,KENNAN TOWN WARD 1,SPRING GENERAL,JUSTICE OF THE SUPREME COURT,NONPARTISAN,SCATTERING,97,0
2001,APRIL,PRICE,KNOX TOWN WARD 1,SPRING GENERAL,JUSTICE OF THE SUPREME COURT,NONPARTISAN,"DAVID T PROSSER, JR.",68,68
2001,APRIL,PRICE,KNOX TOWN WARD 1,SPRING GENERAL,JUSTICE OF THE SUPREME COURT,NONPARTISAN,SCATTERING,68,0
2001,APRIL,PRICE,LAKE TOWN WARDS 1 & 2,SPRING GENERAL,JUSTICE OF THE SUPREME COURT,NONPARTISAN,"DAVID T PROSSER, JR.",160,160
2001,APRIL,PRICE,LAKE TOWN WARDS 1 & 2,SPRING GENERAL,JUSTICE OF THE SUPREME COURT,NONPARTISAN,SCATTERING,160,0
2001,APRIL,PRICE,OGEMA TOWN WARDS 1 - 3,SPRING GENERAL,JUSTICE OF THE SUPREME COURT,NONPARTISAN,"DAVID T PROSSER, JR.",185,185
2001,APRIL,PRICE,OGEMA TOWN WARDS 1 - 3,SPRING GENERAL,JUSTICE OF THE SUPREME COURT,NONPARTISAN,SCATTERING,185,0
2001,APRIL,PRICE,PRENTICE TOWN WARDS 1 & 2,SPRING GENERAL,JUSTICE OF THE SUPREME COURT,NONPARTISAN,"DAVID T PROSSER, JR.",47,47
2001,APRIL,PRICE,PRENTICE TOWN WARDS 1 & 2,SPRING GENERAL,JUSTICE OF THE SUPREME COURT,NONPARTISAN,SCATTERING,47,0
2001,APRIL,PRICE,SPIRIT TOWN WARD 1,SPRING GENERAL,JUSTICE OF THE SUPREME COURT,NONPARTISAN,"DAVID T PROSSER, JR.",37,37
2001,APRIL,PRICE,SPIRIT TOWN WARD 1,SPRING GENERAL,JUSTICE OF THE SUPREME COURT,NONPARTISAN,SCATTERING,37,0
2001,APRIL,PRICE,WORCESTER TOWN WARDS 1 - 3,SPRING GENERAL,JUSTICE OF THE SUPREME COURT,NONPARTISAN,"DAVID T PROSSER, JR.",401,401
2001,APRIL,PRICE,WORCESTER TOWN WARDS 1 - 3,SPRING GENERAL,JUSTICE OF THE SUPREME COURT,NONPARTISAN,SCATTERING,401,0
2001,APRIL,PRICE,CATAWBA VILLAGE WARD 1,SPRING GENERAL,JUSTICE OF THE SUPREME COURT,NONPARTISAN,"DAVID T PROSSER, JR.",17,17
2001,APRIL,PRICE,CATAWBA VILLAGE WARD 1,SPRING GENERAL,JUSTICE OF THE SUPREME COURT,NONPARTISAN,SCATTERING,17,0
2001,APRIL,PRICE,KENNAN VILLAGE WARD 1,SPRING GENERAL,JUSTICE OF THE SUPREME COURT,NONPARTISAN,"DAVID T PROSSER, JR.",23,23
2001,APRIL,PRICE,KENNAN VILLAGE WARD 1,SPRING GENERAL,JUSTICE OF THE SUPREME COURT,NONPARTISAN,SCATTERING,23,0
2001,APRIL,PRICE,PRENTICE VILLAGE WARD 1,SPRING GENERAL,JUSTICE OF THE SUPREME COURT,NONPARTISAN,"DAVID T PROSSER, JR.",83,83
2001,APRIL,PRICE,PRENTICE VILLAGE WARD 1,SPRING GENERAL,JUSTICE OF THE SUPREME COURT,NONPARTISAN,SCATTERING,83,0
2001,APRIL,PRICE,PARK FALLS CITY WARD 1,SPRING GENERAL,JUSTICE OF THE SUPREME COURT,NONPARTISAN,"DAVID T PROSSER, JR.",5,5
2001,APRIL,PRICE,PARK FALLS CITY WARD 1,SPRING GENERAL,JUSTICE OF THE SUPREME COURT,NONPARTISAN,SCATTERING,5,0
2001,APRIL,PRICE,PARK FALLS CITY WARD 2,SPRING GENERAL,JUSTICE OF THE SUPREME COURT,NONPARTISAN,"DAVID T PROSSER, JR.",36,36
2001,APRIL,PRICE,PARK FALLS CITY WARD 2,SPRING GENERAL,JUSTICE OF THE SUPREME COURT,NONPARTISAN,SCATTERING,36,0
2001,APRIL,PRICE,PARK FALLS CITY WARD 3,SPRING GENERAL,JUSTICE OF THE SUPREME COURT,NONPARTISAN,"DAVID T PROSSER, JR.",1,1
2001,APRIL,PRICE,PARK FALLS CITY WARD 3,SPRING GENERAL,JUSTICE OF THE SUPREME COURT,NONPARTISAN,SCATTERING,1,0
2001,APRIL,PRICE,PARK FALLS CITY WARD 4,SPRING GENERAL,JUSTICE OF THE SUPREME COURT,NONPARTISAN,"DAVID T PROSSER, JR.",19,19
2001,APRIL,PRICE,PARK FALLS CITY WARD 4,SPRING GENERAL,JUSTICE OF THE SUPREME COURT,NONPARTISAN,SCATTERING,19,0
2001,APRIL,PRICE,PARK FALLS CITY WARD 5,SPRING GENERAL,JUSTICE OF THE SUPREME COURT,NONPARTISAN,"DAVID T PROSSER, JR.",1,1
2001,APRIL,PRICE,PARK FALLS CITY WARD 5,SPRING GENERAL,JUSTICE OF THE SUPREME COURT,NONPARTISAN,SCATTERING,1,0
2001,APRIL,PRICE,PARK FALLS CITY WARD 6,SPRING GENERAL,JUSTICE OF THE SUPREME COURT,NONPARTISAN,"DAVID T PROSSER, JR.",59,59
2001,APRIL,PRICE,PARK FALLS CITY WARD 6,SPRING GENERAL,JUSTICE OF THE SUPREME COURT,NONPARTISAN,SCATTERING,59,0
2001,APRIL,PRICE,PARK FALLS CITY WARD 7,SPRING GENERAL,JUSTICE OF THE SUPREME COURT,NONPARTISAN,"DAVID T PROSSER, JR.",1,1
2001,APRIL,PRICE,PARK FALLS CITY WARD 7,SPRING GENERAL,JUSTICE OF THE SUPREME COURT,NONPARTISAN,SCATTERING,1,0
2001,APRIL,PRICE,PARK FALLS CITY WARD 8,SPRING GENERAL,JUSTICE OF THE SUPREME COURT,NONPARTISAN,"DAVID T PROSSER, JR.",36,36
2001,APRIL,PRICE,PARK FALLS CITY WARD 8,SPRING GENERAL,JUSTICE OF THE SUPREME COURT,NONPARTISAN,SCATTERING,36,0
2001,APRIL,PRICE,PHILLIPS CITY WARD 1,SPRING GENERAL,JUSTICE OF THE SUPREME COURT,NONPARTISAN,"DAVID T PROSSER, JR.",24,24
2001,APRIL,PRICE,PHILLIPS CITY WARD 1,SPRING GENERAL,JUSTICE OF THE SUPREME COURT,NONPARTISAN,SCATTERING,24,0
2001,APRIL,PRICE,PHILLIPS CITY WARD 2,SPRING GENERAL,JUSTICE OF THE SUPREME COURT,NONPARTISAN,"DAVID T PROSSER, JR.",68,68
2001,APRIL,PRICE,PHILLIPS CITY WARD 2,SPRING GENERAL,JUSTICE OF THE SUPREME COURT,NONPARTISAN,SCATTERING,68,0
2001,APRIL,PRICE,PHILLIPS CITY WARD 3,SPRING GENERAL,JUSTICE OF THE SUPREME COURT,NONPARTISAN,"DAVID T PROSSER, JR.",43,43
2001,APRIL,PRICE,PHILLIPS CITY WARD 3,SPRING GENERAL,JUSTICE OF THE SUPREME COURT,NONPARTISAN,SCATTERING,43,0
2001,APRIL,PRICE,PHILLIPS CITY WARD 4,SPRING GENERAL,JUSTICE OF THE SUPREME COURT,NONPARTISAN,"DAVID T PROSSER, JR.",15,15
2001,APRIL,PRICE,PHILLIPS CITY WARD 4,SPRING GENERAL,JUSTICE OF THE SUPREME COURT,NONPARTISAN,SCATTERING,15,0
2001,APRIL,PRICE,PHILLIPS CITY WARD 5,SPRING GENERAL,JUSTICE OF THE SUPREME COURT,NONPARTISAN,"DAVID T PROSSER, JR.",85,85
2001,APRIL,PRICE,PHILLIPS CITY WARD 5,SPRING GENERAL,JUSTICE OF THE SUPREME COURT,NONPARTISAN,SCATTERING,85,0
2001,APRIL,RACINE,BURLINGTON TOWN WARDS 1 - 7,SPRING GENERAL,JUSTICE OF THE SUPREME COURT,NONPARTISAN,"DAVID T PROSSER, JR.",266,263
2001,APRIL,RACINE,BURLINGTON TOWN WARDS 1 - 7,SPRING GENERAL,JUSTICE OF THE SUPREME COURT,NONPARTISAN,SCATTERING,266,3
2001,APRIL,RACINE,BURLINGTON TOWN WARDS 8 - 12,SPRING GENERAL,JUSTICE OF THE SUPREME COURT,NONPARTISAN,"DAVID T PROSSER, JR.",223,221
2001,APRIL,RACINE,BURLINGTON TOWN WARDS 8 - 12,SPRING GENERAL,JUSTICE OF THE SUPREME COURT,NONPARTISAN,SCATTERING,223,2
2001,APRIL,RACINE,CALEDONIA TOWN WARDS 1 - 3,SPRING GENERAL,JUSTICE OF THE SUPREME COURT,NONPARTISAN,"DAVID T PROSSER, JR.",529,529
2001,APRIL,RACINE,CALEDONIA TOWN WARDS 1 - 3,SPRING GENERAL,JUSTICE OF THE SUPREME COURT,NONPARTISAN,SCATTERING,529,0
2001,APRIL,RACINE,CALEDONIA TOWN WARD 4,SPRING GENERAL,JUSTICE OF THE SUPREME COURT,NONPARTISAN,"DAVID T PROSSER, JR.",314,311
2001,APRIL,RACINE,CALEDONIA TOWN WARD 4,SPRING GENERAL,JUSTICE OF THE SUPREME COURT,NONPARTISAN,SCATTERING,314,3
2001,APRIL,RACINE,CALEDONIA TOWN WARDS 5 & 6,SPRING GENERAL,JUSTICE OF THE SUPREME COURT,NONPARTISAN,"DAVID T PROSSER, JR.",397,397
2001,APRIL,RACINE,CALEDONIA TOWN WARDS 5 & 6,SPRING GENERAL,JUSTICE OF THE SUPREME COURT,NONPARTISAN,SCATTERING,397,0
2001,APRIL,RACINE,CALEDONIA TOWN WARDS 7 - 9,SPRING GENERAL,JUSTICE OF THE SUPREME COURT,NONPARTISAN,"DAVID T PROSSER, JR.",463,462
2001,APRIL,RACINE,CALEDONIA TOWN WARDS 7 - 9,SPRING GENERAL,JUSTICE OF THE SUPREME COURT,NONPARTISAN,SCATTERING,463,1
2001,APRIL,RACINE,CALEDONIA TOWN WARDS 10 - 12,SPRING GENERAL,JUSTICE OF THE SUPREME COURT,NONPARTISAN,"DAVID T PROSSER, JR.",743,740
2001,APRIL,RACINE,CALEDONIA TOWN WARDS 10 - 12,SPRING GENERAL,JUSTICE OF THE SUPREME COURT,NONPARTISAN,SCATTERING,743,3
2001,APRIL,RACINE,CALEDONIA TOWN WARDS 13 & 14,SPRING GENERAL,JUSTICE OF THE SUPREME COURT,NONPARTISAN,"DAVID T PROSSER, JR.",338,338
2001,APRIL,RACINE,CALEDONIA TOWN WARDS 13 & 14,SPRING GENERAL,JUSTICE OF THE SUPREME COURT,NONPARTISAN,SCATTERING,338,0
2001,APRIL,RACINE,DOVER TOWN WARDS 1 - 5,SPRING GENERAL,JUSTICE OF THE SUPREME COURT,NONPARTISAN,"DAVID T PROSSER, JR.",271,271
2001,APRIL,RACINE,DOVER TOWN WARDS 1 - 5,SPRING GENERAL,JUSTICE OF THE SUPREME COURT,NONPARTISAN,SCATTERING,271,0
2001,APRIL,RACINE,MOUNT PLEASANT TOWN WARDS 1 - 4,SPRING GENERAL,JUSTICE OF THE SUPREME COURT,NONPARTISAN,"DAVID T PROSSER, JR.",722,717
2001,APRIL,RACINE,MOUNT PLEASANT TOWN WARDS 1 - 4,SPRING GENERAL,JUSTICE OF THE SUPREME COURT,NONPARTISAN,SCATTERING,722,5
2001,APRIL,RACINE,MOUNT PLEASANT TOWN WARDS 5 & 6,SPRING GENERAL,JUSTICE OF THE SUPREME COURT,NONPARTISAN,"DAVID T PROSSER, JR.",210,208
2001,APRIL,RACINE,MOUNT PLEASANT TOWN WARDS 5 & 6,SPRING GENERAL,JUSTICE OF THE SUPREME COURT,NONPARTISAN,SCATTERING,210,2
2001,APRIL,RACINE,MOUNT PLEASANT TOWN WARDS 7 & 8,SPRING GENERAL,JUSTICE OF THE SUPREME COURT,NONPARTISAN,"DAVID T PROSSER, JR.",409,405
2001,APRIL,RACINE,MOUNT PLEASANT TOWN WARDS 7 & 8,SPRING GENERAL,JUSTICE OF THE SUPREME COURT,NONPARTISAN,SCATTERING,409,4
2001,APRIL,RACINE,MOUNT PLEASANT TOWN WARDS 9 - 11,SPRING GENERAL,JUSTICE OF THE SUPREME COURT,NONPARTISAN,"DAVID T PROSSER, JR.",566,566
2001,APRIL,RACINE,MOUNT PLEASANT TOWN WARDS 9 - 11,SPRING GENERAL,JUSTICE OF THE SUPREME COURT,NONPARTISAN,SCATTERING,566,0
2001,APRIL,RACINE,MOUNT PLEASANT TOWN WARDS 12 - 15,SPRING GENERAL,JUSTICE OF THE SUPREME COURT,NONPARTISAN,"DAVID T PROSSER, JR.",773,771
2001,APRIL,RACINE,MOUNT PLEASANT TOWN WARDS 12 - 15,SPRING GENERAL,JUSTICE OF THE SUPREME COURT,NONPARTISAN,SCATTERING,773,2
2001,APRIL,RACINE,NORWAY TOWN WARDS 1 - 4 & 6,SPRING GENERAL,JUSTICE OF THE SUPREME COURT,NONPARTISAN,"DAVID T PROSSER, JR.",202,200
2001,APRIL,RACINE,NORWAY TOWN WARDS 1 - 4 & 6,SPRING GENERAL,JUSTICE OF THE SUPREME COURT,NONPARTISAN,SCATTERING,202,2
2001,APRIL,RACINE,"NORWAY TOWN WARDS 5, 7 - 9",SPRING GENERAL,JUSTICE OF THE SUPREME COURT,NONPARTISAN,"DAVID T PROSSER, JR.",188,185
2001,APRIL,RACINE,"NORWAY TOWN WARDS 5, 7 - 9",SPRING GENERAL,JUSTICE OF THE SUPREME COURT,NONPARTISAN,SCATTERING,188,3
2001,APRIL,RACINE,RAYMOND TOWN WARDS 1 - 4,SPRING GENERAL,JUSTICE OF THE SUPREME COURT,NONPARTISAN,"DAVID T PROSSER, JR.",206,205
2001,APRIL,RACINE,RAYMOND TOWN WARDS 1 - 4,SPRING GENERAL,JUSTICE OF THE SUPREME COURT,NONPARTISAN,SCATTERING,206,1
2001,APRIL,RACINE,ROCHESTER TOWN WARDS 1 - 3,SPRING GENERAL,JUSTICE OF THE SUPREME COURT,NONPARTISAN,"DAVID T PROSSER, JR.",138,136
2001,APRIL,RACINE,ROCHESTER TOWN WARDS 1 - 3,SPRING GENERAL,JUSTICE OF THE SUPREME COURT,NONPARTISAN,SCATTERING,138,2
2001,APRIL,RACINE,WATERFORD TOWN WARDS 1 - 6,SPRING GENERAL,JUSTICE OF THE SUPREME COURT,NONPARTISAN,"DAVID T PROSSER, JR.",519,517
2001,APRIL,RACINE,WATERFORD TOWN WARDS 1 - 6,SPRING GENERAL,JUSTICE OF THE SUPREME COURT,NONPARTISAN,SCATTERING,519,2
2001,APRIL,RACINE,YORKVILLE TOWN WARDS 1 - 4,SPRING GENERAL,JUSTICE OF THE SUPREME COURT,NONPARTISAN,"DAVID T PROSSER, JR.",251,251
2001,APRIL,RACINE,YORKVILLE TOWN WARDS 1 - 4,SPRING GENERAL,JUSTICE OF THE SUPREME COURT,NONPARTISAN,SCATTERING,251,0
2001,APRIL,RACINE,ELMWOOD PARK VILLAGE WARD 1,SPRING GENERAL,JUSTICE OF THE SUPREME COURT,NONPARTISAN,"DAVID T PROSSER, JR.",115,115
2001,APRIL,RACINE,ELMWOOD PARK VILLAGE WARD 1,SPRING GENERAL,JUSTICE OF THE SUPREME COURT,NONPARTISAN,SCATTERING,115,0
2001,APRIL,RACINE,NORTH BAY VILLAGE WARD 1,SPRING GENERAL,JUSTICE OF THE SUPREME COURT,NONPARTISAN,"DAVID T PROSSER, JR.",53,52
2001,APRIL,RACINE,NORTH BAY VILLAGE WARD 1,SPRING GENERAL,JUSTICE OF THE SUPREME COURT,NONPARTISAN,SCATTERING,53,1
2001,APRIL,RACINE,ROCHESTER VILLAGE WARDS 1 & 2,SPRING GENERAL,JUSTICE OF THE SUPREME COURT,NONPARTISAN,"DAVID T PROSSER, JR.",73,73
2001,APRIL,RACINE,ROCHESTER VILLAGE WARDS 1 & 2,SPRING GENERAL,JUSTICE OF THE SUPREME COURT,NONPARTISAN,SCATTERING,73,0
2001,APRIL,RACINE,STURTEVANT VILLAGE WARDS 1 - 5,SPRING GENERAL,JUSTICE OF THE SUPREME COURT,NONPARTISAN,"DAVID T PROSSER, JR.",543,543
2001,APRIL,RACINE,STURTEVANT VILLAGE WARDS 1 - 5,SPRING GENERAL,JUSTICE OF THE SUPREME COURT,NONPARTISAN,SCATTERING,543,0
2001,APRIL,RACINE,UNION GROVE VILLAGE WARDS 1 - 6,SPRING GENERAL,JUSTICE OF THE SUPREME COURT,NONPARTISAN,"DAVID T PROSSER, JR.",609,606
2001,APRIL,RACINE,UNION GROVE VILLAGE WARDS 1 - 6,SPRING GENERAL,JUSTICE OF THE SUPREME COURT,NONPARTISAN,SCATTERING,609,3
2001,APRIL,RACINE,WATERFORD VILLAGE WARDS 1 - 4,SPRING GENERAL,JUSTICE OF THE SUPREME COURT,NONPARTISAN,"DAVID T PROSSER, JR.",335,335
2001,APRIL,RACINE,WATERFORD VILLAGE WARDS 1 - 4,SPRING GENERAL,JUSTICE OF THE SUPREME COURT,NONPARTISAN,SCATTERING,335,0
2001,APRIL,RACINE,WIND POINT VILLAGE WARDS 1 - 3,SPRING GENERAL,JUSTICE OF THE SUPREME COURT,NONPARTISAN,"DAVID T PROSSER, JR.",497,495
2001,APRIL,RACINE,WIND POINT VILLAGE WARDS 1 - 3,SPRING GENERAL,JUSTICE OF THE SUPREME COURT,NONPARTISAN,SCATTERING,497,2
2001,APRIL,RACINE,BURLINGTON CITY WARDS 1 - 8 & 17,SPRING GENERAL,JUSTICE OF THE SUPREME COURT,NONPARTISAN,"DAVID T PROSSER, JR.",245,245
2001,APRIL,RACINE,BURLINGTON CITY WARDS 1 - 8 & 17,SPRING GENERAL,JUSTICE OF THE SUPREME COURT,NONPARTISAN,SCATTERING,245,0
2001,APRIL,RACINE,BURLINGTON CITY WARDS 9 - 16,SPRING GENERAL,JUSTICE OF THE SUPREME COURT,NONPARTISAN,"DAVID T PROSSER, JR.",374,374
2001,APRIL,RACINE,BURLINGTON CITY WARDS 9 - 16,SPRING GENERAL,JUSTICE OF THE SUPREME COURT,NONPARTISAN,SCATTERING,374,0
2001,APRIL,RACINE,RACINE CITY WARD 1,SPRING GENERAL,JUSTICE OF THE SUPREME COURT,NONPARTISAN,"DAVID T PROSSER, JR.",148,147
2001,APRIL,RACINE,RACINE CITY WARD 1,SPRING GENERAL,JUSTICE OF THE SUPREME COURT,NONPARTISAN,SCATTERING,148,1
2001,APRIL,RACINE,RACINE CITY WARD 2,SPRING GENERAL,JUSTICE OF THE SUPREME COURT,NONPARTISAN,"DAVID T PROSSER, JR.",87,85
2001,APRIL,RACINE,RACINE CITY WARD 2,SPRING GENERAL,JUSTICE OF THE SUPREME COURT,NONPARTISAN,SCATTERING,87,2
2001,APRIL,RACINE,RACINE CITY WARD 3,SPRING GENERAL,JUSTICE OF THE SUPREME COURT,NONPARTISAN,"DAVID T PROSSER, JR.",160,159
2001,APRIL,RACINE,RACINE CITY WARD 3,SPRING GENERAL,JUSTICE OF THE SUPREME COURT,NONPARTISAN,SCATTERING,160,1
2001,APRIL,RACINE,RACINE CITY WARD 4,SPRING GENERAL,JUSTICE OF THE SUPREME COURT,NONPARTISAN,"DAVID T PROSSER, JR.",150,146
2001,APRIL,RACINE,RACINE CITY WARD 4,SPRING GENERAL,JUSTICE OF THE SUPREME COURT,NONPARTISAN,SCATTERING,150,4
2001,APRIL,RACINE,RACINE CITY WARD 5,SPRING GENERAL,JUSTICE OF THE SUPREME COURT,NONPARTISAN,"DAVID T PROSSER, JR.",48,47
2001,APRIL,RACINE,RACINE CITY WARD 5,SPRING GENERAL,JUSTICE OF THE SUPREME COURT,NONPARTISAN,SCATTERING,48,1
2001,APRIL,RACINE,RACINE CITY WARD 6,SPRING GENERAL,JUSTICE OF THE SUPREME COURT,NONPARTISAN,"DAVID T PROSSER, JR.",119,119
2001,APRIL,RACINE,RACINE CITY WARD 6,SPRING GENERAL,JUSTICE OF THE SUPREME COURT,NONPARTISAN,SCATTERING,119,0
2001,APRIL,RACINE,RACINE CITY WARD 7,SPRING GENERAL,JUSTICE OF THE SUPREME COURT,NONPARTISAN,"DAVID T PROSSER, JR.",73,72
2001,APRIL,RACINE,RACINE CITY WARD 7,SPRING GENERAL,JUSTICE OF THE SUPREME COURT,NONPARTISAN,SCATTERING,73,1
2001,APRIL,RACINE,RACINE CITY WARD 8,SPRING GENERAL,JUSTICE OF THE SUPREME COURT,NONPARTISAN,"DAVID T PROSSER, JR.",19,19
2001,APRIL,RACINE,RACINE CITY WARD 8,SPRING GENERAL,JUSTICE OF THE SUPREME COURT,NONPARTISAN,SCATTERING,19,0
2001,APRIL,RACINE,RACINE CITY WARD 9,SPRING GENERAL,JUSTICE OF THE SUPREME COURT,NONPARTISAN,"DAVID T PROSSER, JR.",234,232
2001,APRIL,RACINE,RACINE CITY WARD 9,SPRING GENERAL,JUSTICE OF THE SUPREME COURT,NONPARTISAN,SCATTERING,234,2
2001,APRIL,RACINE,RACINE CITY WARD 10,SPRING GENERAL,JUSTICE OF THE SUPREME COURT,NONPARTISAN,"DAVID T PROSSER, JR.",162,161
2001,APRIL,RACINE,RACINE CITY WARD 10,SPRING GENERAL,JUSTICE OF THE SUPREME COURT,NONPARTISAN,SCATTERING,162,1
2001,APRIL,RACINE,RACINE CITY WARD 11,SPRING GENERAL,JUSTICE OF THE SUPREME COURT,NONPARTISAN,"DAVID T PROSSER, JR.",210,210
2001,APRIL,RACINE,RACINE CITY WARD 11,SPRING GENERAL,JUSTICE OF THE SUPREME COURT,NONPARTISAN,SCATTERING,210,0
2001,APRIL,RACINE,RACINE CITY WARD 12,SPRING GENERAL,JUSTICE OF THE SUPREME COURT,NONPARTISAN,"DAVID T PROSSER, JR.",136,133
2001,APRIL,RACINE,RACINE CITY WARD 12,SPRING GENERAL,JUSTICE OF THE SUPREME COURT,NONPARTISAN,SCATTERING,136,3
2001,APRIL,RACINE,RACINE CITY WARD 13,SPRING GENERAL,JUSTICE OF THE SUPREME COURT,NONPARTISAN,"DAVID T PROSSER, JR.",187,186
2001,APRIL,RACINE,RACINE CITY WARD 13,SPRING GENERAL,JUSTICE OF THE SUPREME COURT,NONPARTISAN,SCATTERING,187,1
2001,APRIL,RACINE,RACINE CITY WARD 14,SPRING GENERAL,JUSTICE OF THE SUPREME COURT,NONPARTISAN,"DAVID T PROSSER, JR.",121,121
2001,APRIL,RACINE,RACINE CITY WARD 14,SPRING GENERAL,JUSTICE OF THE SUPREME COURT,NONPARTISAN,SCATTERING,121,0
2001,APRIL,RACINE,RACINE CITY WARD 15,SPRING GENERAL,JUSTICE OF THE SUPREME COURT,NONPARTISAN,"DAVID T PROSSER, JR.",48,48
2001,APRIL,RACINE,RACINE CITY WARD 15,SPRING GENERAL,JUSTICE OF THE SUPREME COURT,NONPARTISAN,SCATTERING,48,0
2001,APRIL,RACINE,RACINE CITY WARD 16,SPRING GENERAL,JUSTICE OF THE SUPREME COURT,NONPARTISAN,"DAVID T PROSSER, JR.",43,42
2001,APRIL,RACINE,RACINE CITY WARD 16,SPRING GENERAL,JUSTICE OF THE SUPREME COURT,NONPARTISAN,SCATTERING,43,1
2001,APRIL,RACINE,RACINE CITY WARD 17,SPRING GENERAL,JUSTICE OF THE SUPREME COURT,NONPARTISAN,"DAVID T PROSSER, JR.",164,164
2001,APRIL,RACINE,RACINE CITY WARD 17,SPRING GENERAL,JUSTICE OF THE SUPREME COURT,NONPARTISAN,SCATTERING,164,0
2001,APRIL,RACINE,RACINE CITY WARD 18,SPRING GENERAL,JUSTICE OF THE SUPREME COURT,NONPARTISAN,"DAVID T PROSSER, JR.",109,106
2001,APRIL,RACINE,RACINE CITY WARD 18,SPRING GENERAL,JUSTICE OF THE SUPREME COURT,NONPARTISAN,SCATTERING,109,3
2001,APRIL,RACINE,RACINE CITY WARD 19,SPRING GENERAL,JUSTICE OF THE SUPREME COURT,NONPARTISAN,"DAVID T PROSSER, JR.",194,194
2001,APRIL,RACINE,RACINE CITY WARD 19,SPRING GENERAL,JUSTICE OF THE SUPREME COURT,NONPARTISAN,SCATTERING,194,0
2001,APRIL,RACINE,RACINE CITY WARD 20,SPRING GENERAL,JUSTICE OF THE SUPREME COURT,NONPARTISAN,"DAVID T PROSSER, JR.",176,174
2001,APRIL,RACINE,RACINE CITY WARD 20,SPRING GENERAL,JUSTICE OF THE SUPREME COURT,NONPARTISAN,SCATTERING,176,2
2001,APRIL,RACINE,RACINE CITY WARD 21,SPRING GENERAL,JUSTICE OF THE SUPREME COURT,NONPARTISAN,"DAVID T PROSSER, JR.",227,227
2001,APRIL,RACINE,RACINE CITY WARD 21,SPRING GENERAL,JUSTICE OF THE SUPREME COURT,NONPARTISAN,SCATTERING,227,0
2001,APRIL,RACINE,RACINE CITY WARD 22,SPRING GENERAL,JUSTICE OF THE SUPREME COURT,NONPARTISAN,"DAVID T PROSSER, JR.",128,128
2001,APRIL,RACINE,RACINE CITY WARD 22,SPRING GENERAL,JUSTICE OF THE SUPREME COURT,NONPARTISAN,SCATTERING,128,0
2001,APRIL,RACINE,RACINE CITY WARD 23,SPRING GENERAL,JUSTICE OF THE SUPREME COURT,NONPARTISAN,"DAVID T PROSSER, JR.",288,287
2001,APRIL,RACINE,RACINE CITY WARD 23,SPRING GENERAL,JUSTICE OF THE SUPREME COURT,NONPARTISAN,SCATTERING,288,1
2001,APRIL,RACINE,RACINE CITY WARD 24,SPRING GENERAL,JUSTICE OF THE SUPREME COURT,NONPARTISAN,"DAVID T PROSSER, JR.",263,261
2001,APRIL,RACINE,RACINE CITY WARD 24,SPRING GENERAL,JUSTICE OF THE SUPREME COURT,NONPARTISAN,SCATTERING,263,2
2001,APRIL,RACINE,RACINE CITY WARD 25,SPRING GENERAL,JUSTICE OF THE SUPREME COURT,NONPARTISAN,"DAVID T PROSSER, JR.",219,217
2001,APRIL,RACINE,RACINE CITY WARD 25,SPRING GENERAL,JUSTICE OF THE SUPREME COURT,NONPARTISAN,SCATTERING,219,2
2001,APRIL,RACINE,RACINE CITY WARD 26,SPRING GENERAL,JUSTICE OF THE SUPREME COURT,NONPARTISAN,"DAVID T PROSSER, JR.",237,237
2001,APRIL,RACINE,RACINE CITY WARD 26,SPRING GENERAL,JUSTICE OF THE SUPREME COURT,NONPARTISAN,SCATTERING,237,0
2001,APRIL,RACINE,RACINE CITY WARD 27,SPRING GENERAL,JUSTICE OF THE SUPREME COURT,NONPARTISAN,"DAVID T PROSSER, JR.",170,169
2001,APRIL,RACINE,RACINE CITY WARD 27,SPRING GENERAL,JUSTICE OF THE SUPREME COURT,NONPARTISAN,SCATTERING,170,1
2001,APRIL,RACINE,RACINE CITY WARD 28,SPRING GENERAL,JUSTICE OF THE SUPREME COURT,NONPARTISAN,"DAVID T PROSSER, JR.",131,131
2001,APRIL,RACINE,RACINE CITY WARD 28,SPRING GENERAL,JUSTICE OF THE SUPREME COURT,NONPARTISAN,SCATTERING,131,0
2001,APRIL,RACINE,RACINE CITY WARD 29,SPRING GENERAL,JUSTICE OF THE SUPREME COURT,NONPARTISAN,"DAVID T PROSSER, JR.",330,330
2001,APRIL,RACINE,RACINE CITY WARD 29,SPRING GENERAL,JUSTICE OF THE SUPREME COURT,NONPARTISAN,SCATTERING,330,0
2001,APRIL,RACINE,RACINE CITY WARD 30,SPRING GENERAL,JUSTICE OF THE SUPREME COURT,NONPARTISAN,"DAVID T PROSSER, JR.",209,209
2001,APRIL,RACINE,RACINE CITY WARD 30,SPRING GENERAL,JUSTICE OF THE SUPREME COURT,NONPARTISAN,SCATTERING,209,0
2001,APRIL,RICHLAND,AKAN TOWN WARD 1,SPRING GENERAL,JUSTICE OF THE SUPREME COURT,NONPARTISAN,"DAVID T PROSSER, JR.",46,46
2001,APRIL,RICHLAND,AKAN TOWN WARD 1,SPRING GENERAL,JUSTICE OF THE SUPREME COURT,NONPARTISAN,SCATTERING,46,0
2001,APRIL,RICHLAND,BLOOM TOWN WARD 1,SPRING GENERAL,JUSTICE OF THE SUPREME COURT,NONPARTISAN,"DAVID T PROSSER, JR.",69,69
2001,APRIL,RICHLAND,BLOOM TOWN WARD 1,SPRING GENERAL,JUSTICE OF THE SUPREME COURT,NONPARTISAN,SCATTERING,69,0
2001,APRIL,RICHLAND,BUENA VISTA TOWN WARDS 1 - 4,SPRING GENERAL,JUSTICE OF THE SUPREME COURT,NONPARTISAN,"DAVID T PROSSER, JR.",140,140
2001,APRIL,RICHLAND,BUENA VISTA TOWN WARDS 1 - 4,SPRING GENERAL,JUSTICE OF THE SUPREME COURT,NONPARTISAN,SCATTERING,140,0
2001,APRIL,RICHLAND,DAYTON TOWN WARD 1,SPRING GENERAL,JUSTICE OF THE SUPREME COURT,NONPARTISAN,"DAVID T PROSSER, JR.",61,61
2001,APRIL,RICHLAND,DAYTON TOWN WARD 1,SPRING GENERAL,JUSTICE OF THE SUPREME COURT,NONPARTISAN,SCATTERING,61,0
2001,APRIL,RICHLAND,EAGLE TOWN WARD 1,SPRING GENERAL,JUSTICE OF THE SUPREME COURT,NONPARTISAN,"DAVID T PROSSER, JR.",56,56
2001,APRIL,RICHLAND,EAGLE TOWN WARD 1,SPRING GENERAL,JUSTICE OF THE SUPREME COURT,NONPARTISAN,SCATTERING,56,0
2001,APRIL,RICHLAND,FOREST TOWN WARD 1,SPRING GENERAL,JUSTICE OF THE SUPREME COURT,NONPARTISAN,"DAVID T PROSSER, JR.",39,39
2001,APRIL,RICHLAND,FOREST TOWN WARD 1,SPRING GENERAL,JUSTICE OF THE SUPREME COURT,NONPARTISAN,SCATTERING,39,0
2001,APRIL,RICHLAND,HENRIETTA TOWN WARD 1,SPRING GENERAL,JUSTICE OF THE SUPREME COURT,NONPARTISAN,"DAVID T PROSSER, JR.",90,89
2001,APRIL,RICHLAND,HENRIETTA TOWN WARD 1,SPRING GENERAL,JUSTICE OF THE SUPREME COURT,NONPARTISAN,SCATTERING,90,1
2001,APRIL,RICHLAND,ITHACA TOWN WARD 1,SPRING GENERAL,JUSTICE OF THE SUPREME COURT,NONPARTISAN,"DAVID T PROSSER, JR.",80,80
2001,APRIL,RICHLAND,ITHACA TOWN WARD 1,SPRING GENERAL,JUSTICE OF THE SUPREME COURT,NONPARTISAN,SCATTERING,80,0
2001,APRIL,RICHLAND,MARSHALL TOWN WARDS 1 & 2,SPRING GENERAL,JUSTICE OF THE SUPREME COURT,NONPARTISAN,"DAVID T PROSSER, JR.",168,168
2001,APRIL,RICHLAND,MARSHALL TOWN WARDS 1 & 2,SPRING GENERAL,JUSTICE OF THE SUPREME COURT,NONPARTISAN,SCATTERING,168,0
2001,APRIL,RICHLAND,ORION TOWN WARD 1,SPRING GENERAL,JUSTICE OF THE SUPREME COURT,NONPARTISAN,"DAVID T PROSSER, JR.",58,58
2001,APRIL,RICHLAND,ORION TOWN WARD 1,SPRING GENERAL,JUSTICE OF THE SUPREME COURT,NONPARTISAN,SCATTERING,58,0
2001,APRIL,RICHLAND,RICHLAND TOWN WARDS 1 & 2,SPRING GENERAL,JUSTICE OF THE SUPREME COURT,NONPARTISAN,"DAVID T PROSSER, JR.",130,130
2001,APRIL,RICHLAND,RICHLAND TOWN WARDS 1 & 2,SPRING GENERAL,JUSTICE OF THE SUPREME COURT,NONPARTISAN,SCATTERING,130,0
2001,APRIL,RICHLAND,RICHWOOD TOWN WARDS 1 & 2,SPRING GENERAL,JUSTICE OF THE SUPREME COURT,NONPARTISAN,"DAVID T PROSSER, JR.",119,119
2001,APRIL,RICHLAND,RICHWOOD TOWN WARDS 1 & 2,SPRING GENERAL,JUSTICE OF THE SUPREME COURT,NONPARTISAN,SCATTERING,119,0
2001,APRIL,RICHLAND,ROCKBRIDGE TOWN WARDS 1 - 3,SPRING GENERAL,JUSTICE OF THE SUPREME COURT,NONPARTISAN,"DAVID T PROSSER, JR.",92,92
2001,APRIL,RICHLAND,ROCKBRIDGE TOWN WARDS 1 - 3,SPRING GENERAL,JUSTICE OF THE SUPREME COURT,NONPARTISAN,SCATTERING,92,0
2001,APRIL,RICHLAND,SYLVAN TOWN WARD 1,SPRING GENERAL,JUSTICE OF THE SUPREME COURT,NONPARTISAN,"DAVID T PROSSER, JR.",97,97
2001,APRIL,RICHLAND,SYLVAN TOWN WARD 1,SPRING GENERAL,JUSTICE OF THE SUPREME COURT,NONPARTISAN,SCATTERING,97,0
2001,APRIL,RICHLAND,WESTFORD TOWN WARD 1,SPRING GENERAL,JUSTICE OF THE SUPREME COURT,NONPARTISAN,"DAVID T PROSSER, JR.",38,38
2001,APRIL,RICHLAND,WESTFORD TOWN WARD 1,SPRING GENERAL,JUSTICE OF THE SUPREME COURT,NONPARTISAN,SCATTERING,38,0
2001,APRIL,RICHLAND,WILLOW TOWN WARD 1,SPRING GENERAL,JUSTICE OF THE SUPREME COURT,NONPARTISAN,"DAVID T PROSSER, JR.",67,67
2001,APRIL,RICHLAND,WILLOW TOWN WARD 1,SPRING GENERAL,JUSTICE OF THE SUPREME COURT,NONPARTISAN,SCATTERING,67,0
2001,APRIL,RICHLAND,BOAZ VILLAGE WARD 1,SPRING GENERAL,JUSTICE OF THE SUPREME COURT,NONPARTISAN,"DAVID T PROSSER, JR.",21,21
2001,APRIL,RICHLAND,BOAZ VILLAGE WARD 1,SPRING GENERAL,JUSTICE OF THE SUPREME COURT,NONPARTISAN,SCATTERING,21,0
2001,APRIL,RICHLAND,CAZENOVIA VILLAGE WARD 1,SPRING GENERAL,JUSTICE OF THE SUPREME COURT,NONPARTISAN,"DAVID T PROSSER, JR.",68,68
2001,APRIL,RICHLAND,CAZENOVIA VILLAGE WARD 1,SPRING GENERAL,JUSTICE OF THE SUPREME COURT,NONPARTISAN,SCATTERING,68,0
2001,APRIL,RICHLAND,LONE ROCK VILLAGE WARD 1,SPRING GENERAL,JUSTICE OF THE SUPREME COURT,NONPARTISAN,"DAVID T PROSSER, JR.",104,104
2001,APRIL,RICHLAND,LONE ROCK VILLAGE WARD 1,SPRING GENERAL,JUSTICE OF THE SUPREME COURT,NONPARTISAN,SCATTERING,104,0
2001,APRIL,RICHLAND,VIOLA VILLAGE WARD 2,SPRING GENERAL,JUSTICE OF THE SUPREME COURT,NONPARTISAN,"DAVID T PROSSER, JR.",55,55
2001,APRIL,RICHLAND,VIOLA VILLAGE WARD 2,SPRING GENERAL,JUSTICE OF THE SUPREME COURT,NONPARTISAN,SCATTERING,55,0
2001,APRIL,RICHLAND,YUBA VILLAGE WARD 1,SPRING GENERAL,JUSTICE OF THE SUPREME COURT,NONPARTISAN,"DAVID T PROSSER, JR.",24,24
2001,APRIL,RICHLAND,YUBA VILLAGE WARD 1,SPRING GENERAL,JUSTICE OF THE SUPREME COURT,NONPARTISAN,SCATTERING,24,0
2001,APRIL,RICHLAND,RICHLAND CENTER CITY WARD 1,SPRING GENERAL,JUSTICE OF THE SUPREME COURT,NONPARTISAN,"DAVID T PROSSER, JR.",43,43
2001,APRIL,RICHLAND,RICHLAND CENTER CITY WARD 1,SPRING GENERAL,JUSTICE OF THE SUPREME COURT,NONPARTISAN,SCATTERING,43,0
2001,APRIL,RICHLAND,RICHLAND CENTER CITY WARD 2,SPRING GENERAL,JUSTICE OF THE SUPREME COURT,NONPARTISAN,"DAVID T PROSSER, JR.",25,25
2001,APRIL,RICHLAND,RICHLAND CENTER CITY WARD 2,SPRING GENERAL,JUSTICE OF THE SUPREME COURT,NONPARTISAN,SCATTERING,25,0
2001,APRIL,RICHLAND,RICHLAND CENTER CITY WARD 3,SPRING GENERAL,JUSTICE OF THE SUPREME COURT,NONPARTISAN,"DAVID T PROSSER, JR.",32,32
2001,APRIL,RICHLAND,RICHLAND CENTER CITY WARD 3,SPRING GENERAL,JUSTICE OF THE SUPREME COURT,NONPARTISAN,SCATTERING,32,0
2001,APRIL,RICHLAND,RICHLAND CENTER CITY WARD 4,SPRING GENERAL,JUSTICE OF THE SUPREME COURT,NONPARTISAN,"DAVID T PROSSER, JR.",33,33
2001,APRIL,RICHLAND,RICHLAND CENTER CITY WARD 4,SPRING GENERAL,JUSTICE OF THE SUPREME COURT,NONPARTISAN,SCATTERING,33,0
2001,APRIL,RICHLAND,RICHLAND CENTER CITY WARD 5,SPRING GENERAL,JUSTICE OF THE SUPREME COURT,NONPARTISAN,"DAVID T PROSSER, JR.",38,38
2001,APRIL,RICHLAND,RICHLAND CENTER CITY WARD 5,SPRING GENERAL,JUSTICE OF THE SUPREME COURT,NONPARTISAN,SCATTERING,38,0
2001,APRIL,RICHLAND,RICHLAND CENTER CITY WARD 6,SPRING GENERAL,JUSTICE OF THE SUPREME COURT,NONPARTISAN,"DAVID T PROSSER, JR.",40,40
2001,APRIL,RICHLAND,RICHLAND CENTER CITY WARD 6,SPRING GENERAL,JUSTICE OF THE SUPREME COURT,NONPARTISAN,SCATTERING,40,0
2001,APRIL,RICHLAND,RICHLAND CENTER CITY WARD 7,SPRING GENERAL,JUSTICE OF THE SUPREME COURT,NONPARTISAN,"DAVID T PROSSER, JR.",44,44
2001,APRIL,RICHLAND,RICHLAND CENTER CITY WARD 7,SPRING GENERAL,JUSTICE OF THE SUPREME COURT,NONPARTISAN,SCATTERING,44,0
2001,APRIL,RICHLAND,RICHLAND CENTER CITY WARD 8,SPRING GENERAL,JUSTICE OF THE SUPREME COURT,NONPARTISAN,"DAVID T PROSSER, JR.",25,25
2001,APRIL,RICHLAND,RICHLAND CENTER CITY WARD 8,SPRING GENERAL,JUSTICE OF THE SUPREME COURT,NONPARTISAN,SCATTERING,25,0
2001,APRIL,RICHLAND,RICHLAND CENTER CITY WARD 9,SPRING GENERAL,JUSTICE OF THE SUPREME COURT,NONPARTISAN,"DAVID T PROSSER, JR.",65,65
2001,APRIL,RICHLAND,RICHLAND CENTER CITY WARD 9,SPRING GENERAL,JUSTICE OF THE SUPREME COURT,NONPARTISAN,SCATTERING,65,0
2001,APRIL,RICHLAND,RICHLAND CENTER CITY WARD 10,SPRING GENERAL,JUSTICE OF THE SUPREME COURT,NONPARTISAN,"DAVID T PROSSER, JR.",26,26
2001,APRIL,RICHLAND,RICHLAND CENTER CITY WARD 10,SPRING GENERAL,JUSTICE OF THE SUPREME COURT,NONPARTISAN,SCATTERING,26,0
2001,APRIL,RICHLAND,RICHLAND CENTER CITY WARD 11,SPRING GENERAL,JUSTICE OF THE SUPREME COURT,NONPARTISAN,"DAVID T PROSSER, JR.",40,40
2001,APRIL,RICHLAND,RICHLAND CENTER CITY WARD 11,SPRING GENERAL,JUSTICE OF THE SUPREME COURT,NONPARTISAN,SCATTERING,40,0
2001,APRIL,RICHLAND,RICHLAND CENTER CITY WARD 12,SPRING GENERAL,JUSTICE OF THE SUPREME COURT,NONPARTISAN,"DAVID T PROSSER, JR.",32,32
2001,APRIL,RICHLAND,RICHLAND CENTER CITY WARD 12,SPRING GENERAL,JUSTICE OF THE SUPREME COURT,NONPARTISAN,SCATTERING,32,0
2001,APRIL,ROCK,AVON TOWN WARD 1,SPRING GENERAL,JUSTICE OF THE SUPREME COURT,NONPARTISAN,"DAVID T PROSSER, JR.",63,63
2001,APRIL,ROCK,AVON TOWN WARD 1,SPRING GENERAL,JUSTICE OF THE SUPREME COURT,NONPARTISAN,SCATTERING,63,0
2001,APRIL,ROCK,BELOIT TOWN WARDS 1 - 3,SPRING GENERAL,JUSTICE OF THE SUPREME COURT,NONPARTISAN,"DAVID T PROSSER, JR.",186,184
2001,APRIL,ROCK,BELOIT TOWN WARDS 1 - 3,SPRING GENERAL,JUSTICE OF THE SUPREME COURT,NONPARTISAN,SCATTERING,186,2
2001,APRIL,ROCK,BELOIT TOWN WARDS 4 & 5,SPRING GENERAL,JUSTICE OF THE SUPREME COURT,NONPARTISAN,"DAVID T PROSSER, JR.",103,101
2001,APRIL,ROCK,BELOIT TOWN WARDS 4 & 5,SPRING GENERAL,JUSTICE OF THE SUPREME COURT,NONPARTISAN,SCATTERING,103,2
2001,APRIL,ROCK,BELOIT TOWN WARDS 6 - 9,SPRING GENERAL,JUSTICE OF THE SUPREME COURT,NONPARTISAN,"DAVID T PROSSER, JR.",322,320
2001,APRIL,ROCK,BELOIT TOWN WARDS 6 - 9,SPRING GENERAL,JUSTICE OF THE SUPREME COURT,NONPARTISAN,SCATTERING,322,2
2001,APRIL,ROCK,BRADFORD TOWN WARDS 1 & 2,SPRING GENERAL,JUSTICE OF THE SUPREME COURT,NONPARTISAN,"DAVID T PROSSER, JR.",199,197
2001,APRIL,ROCK,BRADFORD TOWN WARDS 1 & 2,SPRING GENERAL,JUSTICE OF THE SUPREME COURT,NONPARTISAN,SCATTERING,199,2
2001,APRIL,ROCK,CENTER TOWN WARD 1,SPRING GENERAL,JUSTICE OF THE SUPREME COURT,NONPARTISAN,"DAVID T PROSSER, JR.",103,103
2001,APRIL,ROCK,CENTER TOWN WARD 1,SPRING GENERAL,JUSTICE OF THE SUPREME COURT,NONPARTISAN,SCATTERING,103,0
2001,APRIL,ROCK,CLINTON TOWN WARD 1,SPRING GENERAL,JUSTICE OF THE SUPREME COURT,NONPARTISAN,"DAVID T PROSSER, JR.",140,140
2001,APRIL,ROCK,CLINTON TOWN WARD 1,SPRING GENERAL,JUSTICE OF THE SUPREME COURT,NONPARTISAN,SCATTERING,140,0
2001,APRIL,ROCK,FULTON TOWN WARDS 1 - 4,SPRING GENERAL,JUSTICE OF THE SUPREME COURT,NONPARTISAN,"DAVID T PROSSER, JR.",585,584
2001,APRIL,ROCK,FULTON TOWN WARDS 1 - 4,SPRING GENERAL,JUSTICE OF THE SUPREME COURT,NONPARTISAN,SCATTERING,585,1
2001,APRIL,ROCK,HARMONY TOWN WARDS 1 - 4,SPRING GENERAL,JUSTICE OF THE SUPREME COURT,NONPARTISAN,"DAVID T PROSSER, JR.",339,339
2001,APRIL,ROCK,HARMONY TOWN WARDS 1 - 4,SPRING GENERAL,JUSTICE OF THE SUPREME COURT,NONPARTISAN,SCATTERING,339,0
2001,APRIL,ROCK,JANESVILLE TOWN WARDS 1 - 5,SPRING GENERAL,JUSTICE OF THE SUPREME COURT,NONPARTISAN,"DAVID T PROSSER, JR.",233,233
2001,APRIL,ROCK,JANESVILLE TOWN WARDS 1 - 5,SPRING GENERAL,JUSTICE OF THE SUPREME COURT,NONPARTISAN,SCATTERING,233,0
2001,APRIL,ROCK,JOHNSTOWN TOWN WARD 1,SPRING GENERAL,JUSTICE OF THE SUPREME COURT,NONPARTISAN,"DAVID T PROSSER, JR.",88,88
2001,APRIL,ROCK,JOHNSTOWN TOWN WARD 1,SPRING GENERAL,JUSTICE OF THE SUPREME COURT,NONPARTISAN,SCATTERING,88,0
2001,APRIL,ROCK,LA PRAIRIE TOWN WARDS 1 & 2,SPRING GENERAL,JUSTICE OF THE SUPREME COURT,NONPARTISAN,"DAVID T PROSSER, JR.",77,77
2001,APRIL,ROCK,LA PRAIRIE TOWN WARDS 1 & 2,SPRING GENERAL,JUSTICE OF THE SUPREME COURT,NONPARTISAN,SCATTERING,77,0
2001,APRIL,ROCK,LIMA TOWN WARDS 1 & 2,SPRING GENERAL,JUSTICE OF THE SUPREME COURT,NONPARTISAN,"DAVID T PROSSER, JR.",137,137
2001,APRIL,ROCK,LIMA TOWN WARDS 1 & 2,SPRING GENERAL,JUSTICE OF THE SUPREME COURT,NONPARTISAN,SCATTERING,137,0
2001,APRIL,ROCK,MAGNOLIA TOWN WARD 1,SPRING GENERAL,JUSTICE OF THE SUPREME COURT,NONPARTISAN,"DAVID T PROSSER, JR.",68,68
2001,APRIL,ROCK,MAGNOLIA TOWN WARD 1,SPRING GENERAL,JUSTICE OF THE SUPREME COURT,NONPARTISAN,SCATTERING,68,0
2001,APRIL,ROCK,MILTON TOWN WARDS 1 - 4,SPRING GENERAL,JUSTICE OF THE SUPREME COURT,NONPARTISAN,"DAVID T PROSSER, JR.",229,228
2001,APRIL,ROCK,MILTON TOWN WARDS 1 - 4,SPRING GENERAL,JUSTICE OF THE SUPREME COURT,NONPARTISAN,SCATTERING,229,1
2001,APRIL,ROCK,NEWARK TOWN WARDS 1 & 2,SPRING GENERAL,JUSTICE OF THE SUPREME COURT,NONPARTISAN,"DAVID T PROSSER, JR.",197,197
2001,APRIL,ROCK,NEWARK TOWN WARDS 1 & 2,SPRING GENERAL,JUSTICE OF THE SUPREME COURT,NONPARTISAN,SCATTERING,197,0
2001,APRIL,ROCK,PLYMOUTH TOWN WARDS 1 & 2,SPRING GENERAL,JUSTICE OF THE SUPREME COURT,NONPARTISAN,"DAVID T PROSSER, JR.",116,116
2001,APRIL,ROCK,PLYMOUTH TOWN WARDS 1 & 2,SPRING GENERAL,JUSTICE OF THE SUPREME COURT,NONPARTISAN,SCATTERING,116,0
2001,APRIL,ROCK,PORTER TOWN WARDS 1 & 2,SPRING GENERAL,JUSTICE OF THE SUPREME COURT,NONPARTISAN,"DAVID T PROSSER, JR.",106,106
2001,APRIL,ROCK,PORTER TOWN WARDS 1 & 2,SPRING GENERAL,JUSTICE OF THE SUPREME COURT,NONPARTISAN,SCATTERING,106,0
2001,APRIL,ROCK,ROCK TOWN WARDS 1 - 5,SPRING GENERAL,JUSTICE OF THE SUPREME COURT,NONPARTISAN,"DAVID T PROSSER, JR.",182,179
2001,APRIL,ROCK,ROCK TOWN WARDS 1 - 5,SPRING GENERAL,JUSTICE OF THE SUPREME COURT,NONPARTISAN,SCATTERING,182,3
2001,APRIL,ROCK,SPRING VALLEY TOWN WARD 1,SPRING GENERAL,JUSTICE OF THE SUPREME COURT,NONPARTISAN,"DAVID T PROSSER, JR.",67,67
2001,APRIL,ROCK,SPRING VALLEY TOWN WARD 1,SPRING GENERAL,JUSTICE OF THE SUPREME COURT,NONPARTISAN,SCATTERING,67,0
2001,APRIL,ROCK,TURTLE TOWN WARDS 1 - 4,SPRING GENERAL,JUSTICE OF THE SUPREME COURT,NONPARTISAN,"DAVID T PROSSER, JR.",244,244
2001,APRIL,ROCK,TURTLE TOWN WARDS 1 - 4,SPRING GENERAL,JUSTICE OF THE SUPREME COURT,NONPARTISAN,SCATTERING,244,0
2001,APRIL,ROCK,UNION TOWN WARDS 1 & 2,SPRING GENERAL,JUSTICE OF THE SUPREME COURT,NONPARTISAN,"DAVID T PROSSER, JR.",113,113
2001,APRIL,ROCK,UNION TOWN WARDS 1 & 2,SPRING GENERAL,JUSTICE OF THE SUPREME COURT,NONPARTISAN,SCATTERING,113,0
2001,APRIL,ROCK,CLINTON VILLAGE WARDS 1 & 2,SPRING GENERAL,JUSTICE OF THE SUPREME COURT,NONPARTISAN,"DAVID T PROSSER, JR.",208,207
2001,APRIL,ROCK,CLINTON VILLAGE WARDS 1 & 2,SPRING GENERAL,JUSTICE OF THE SUPREME COURT,NONPARTISAN,SCATTERING,208,1
2001,APRIL,ROCK,FOOTVILLE VILLAGE WARD 1,SPRING GENERAL,JUSTICE OF THE SUPREME COURT,NONPARTISAN,"DAVID T PROSSER, JR.",87,87
2001,APRIL,ROCK,FOOTVILLE VILLAGE WARD 1,SPRING GENERAL,JUSTICE OF THE SUPREME COURT,NONPARTISAN,SCATTERING,87,0
2001,APRIL,ROCK,ORFORDVILLE VILLAGE WARDS 1 & 2,SPRING GENERAL,JUSTICE OF THE SUPREME COURT,NONPARTISAN,"DAVID T PROSSER, JR.",152,151
2001,APRIL,ROCK,ORFORDVILLE VILLAGE WARDS 1 & 2,SPRING GENERAL,JUSTICE OF THE SUPREME COURT,NONPARTISAN,SCATTERING,152,1
2001,APRIL,ROCK,BELOIT CITY WARD 1,SPRING GENERAL,JUSTICE OF THE SUPREME COURT,NONPARTISAN,"DAVID T PROSSER, JR.",161,160
2001,APRIL,ROCK,BELOIT CITY WARD 1,SPRING GENERAL,JUSTICE OF THE SUPREME COURT,NONPARTISAN,SCATTERING,161,1
2001,APRIL,ROCK,BELOIT CITY WARD 2,SPRING GENERAL,JUSTICE OF THE SUPREME COURT,NONPARTISAN,"DAVID T PROSSER, JR.",269,268
2001,APRIL,ROCK,BELOIT CITY WARD 2,SPRING GENERAL,JUSTICE OF THE SUPREME COURT,NONPARTISAN,SCATTERING,269,1
2001,APRIL,ROCK,BELOIT CITY WARD 3,SPRING GENERAL,JUSTICE OF THE SUPREME COURT,NONPARTISAN,"DAVID T PROSSER, JR.",157,157
2001,APRIL,ROCK,BELOIT CITY WARD 3,SPRING GENERAL,JUSTICE OF THE SUPREME COURT,NONPARTISAN,SCATTERING,157,0
2001,APRIL,ROCK,BELOIT CITY WARD 4,SPRING GENERAL,JUSTICE OF THE SUPREME COURT,NONPARTISAN,"DAVID T PROSSER, JR.",165,165
2001,APRIL,ROCK,BELOIT CITY WARD 4,SPRING GENERAL,JUSTICE OF THE SUPREME COURT,NONPARTISAN,SCATTERING,165,0
2001,APRIL,ROCK,BELOIT CITY WARD 5,SPRING GENERAL,JUSTICE OF THE SUPREME COURT,NONPARTISAN,"DAVID T PROSSER, JR.",139,139
2001,APRIL,ROCK,BELOIT CITY WARD 5,SPRING GENERAL,JUSTICE OF THE SUPREME COURT,NONPARTISAN,SCATTERING,139,0
2001,APRIL,ROCK,BELOIT CITY WARD 6,SPRING GENERAL,JUSTICE OF THE SUPREME COURT,NONPARTISAN,"DAVID T PROSSER, JR.",85,85
2001,APRIL,ROCK,BELOIT CITY WARD 6,SPRING GENERAL,JUSTICE OF THE SUPREME COURT,NONPARTISAN,SCATTERING,85,0
2001,APRIL,ROCK,BELOIT CITY WARD 7,SPRING GENERAL,JUSTICE OF THE SUPREME COURT,NONPARTISAN,"DAVID T PROSSER, JR.",150,150
2001,APRIL,ROCK,BELOIT CITY WARD 7,SPRING GENERAL,JUSTICE OF THE SUPREME COURT,NONPARTISAN,SCATTERING,150,0
2001,APRIL,ROCK,BELOIT CITY WARD 8,SPRING GENERAL,JUSTICE OF THE SUPREME COURT,NONPARTISAN,"DAVID T PROSSER, JR.",137,137
2001,APRIL,ROCK,BELOIT CITY WARD 8,SPRING GENERAL,JUSTICE OF THE SUPREME COURT,NONPARTISAN,SCATTERING,137,0
2001,APRIL,ROCK,BELOIT CITY WARD 9,SPRING GENERAL,JUSTICE OF THE SUPREME COURT,NONPARTISAN,"DAVID T PROSSER, JR.",197,196
2001,APRIL,ROCK,BELOIT CITY WARD 9,SPRING GENERAL,JUSTICE OF THE SUPREME COURT,NONPARTISAN,SCATTERING,197,1
2001,APRIL,ROCK,BELOIT CITY WARD 10,SPRING GENERAL,JUSTICE OF THE SUPREME COURT,NONPARTISAN,"DAVID T PROSSER, JR.",86,86
2001,APRIL,ROCK,BELOIT CITY WARD 10,SPRING GENERAL,JUSTICE OF THE SUPREME COURT,NONPARTISAN,SCATTERING,86,0
2001,APRIL,ROCK,BELOIT CITY WARD 11,SPRING GENERAL,JUSTICE OF THE SUPREME COURT,NONPARTISAN,"DAVID T PROSSER, JR.",80,80
2001,APRIL,ROCK,BELOIT CITY WARD 11,SPRING GENERAL,JUSTICE OF THE SUPREME COURT,NONPARTISAN,SCATTERING,80,0
2001,APRIL,ROCK,BELOIT CITY WARD 12,SPRING GENERAL,JUSTICE OF THE SUPREME COURT,NONPARTISAN,"DAVID T PROSSER, JR.",49,48
2001,APRIL,ROCK,BELOIT CITY WARD 12,SPRING GENERAL,JUSTICE OF THE SUPREME COURT,NONPARTISAN,SCATTERING,49,1
2001,APRIL,ROCK,BELOIT CITY WARD 13,SPRING GENERAL,JUSTICE OF THE SUPREME COURT,NONPARTISAN,"DAVID T PROSSER, JR.",62,59
2001,APRIL,ROCK,BELOIT CITY WARD 13,SPRING GENERAL,JUSTICE OF THE SUPREME COURT,NONPARTISAN,SCATTERING,62,3
2001,APRIL,ROCK,BELOIT CITY WARD 14,SPRING GENERAL,JUSTICE OF THE SUPREME COURT,NONPARTISAN,"DAVID T PROSSER, JR.",17,17
2001,APRIL,ROCK,BELOIT CITY WARD 14,SPRING GENERAL,JUSTICE OF THE SUPREME COURT,NONPARTISAN,SCATTERING,17,0
2001,APRIL,ROCK,BELOIT CITY WARD 15,SPRING GENERAL,JUSTICE OF THE SUPREME COURT,NONPARTISAN,"DAVID T PROSSER, JR.",109,109
2001,APRIL,ROCK,BELOIT CITY WARD 15,SPRING GENERAL,JUSTICE OF THE SUPREME COURT,NONPARTISAN,SCATTERING,109,0
2001,APRIL,ROCK,BELOIT CITY WARD 16,SPRING GENERAL,JUSTICE OF THE SUPREME COURT,NONPARTISAN,"DAVID T PROSSER, JR.",103,101
2001,APRIL,ROCK,BELOIT CITY WARD 16,SPRING GENERAL,JUSTICE OF THE SUPREME COURT,NONPARTISAN,SCATTERING,103,2
2001,APRIL,ROCK,BELOIT CITY WARD 17,SPRING GENERAL,JUSTICE OF THE SUPREME COURT,NONPARTISAN,"DAVID T PROSSER, JR.",124,123
2001,APRIL,ROCK,BELOIT CITY WARD 17,SPRING GENERAL,JUSTICE OF THE SUPREME COURT,NONPARTISAN,SCATTERING,124,1
2001,APRIL,ROCK,BELOIT CITY WARD 18,SPRING GENERAL,JUSTICE OF THE SUPREME COURT,NONPARTISAN,"DAVID T PROSSER, JR.",176,175
2001,APRIL,ROCK,BELOIT CITY WARD 18,SPRING GENERAL,JUSTICE OF THE SUPREME COURT,NONPARTISAN,SCATTERING,176,1
2001,APRIL,ROCK,BELOIT CITY WARD 19,SPRING GENERAL,JUSTICE OF THE SUPREME COURT,NONPARTISAN,"DAVID T PROSSER, JR.",225,223
2001,APRIL,ROCK,BELOIT CITY WARD 19,SPRING GENERAL,JUSTICE OF THE SUPREME COURT,NONPARTISAN,SCATTERING,225,2
2001,APRIL,ROCK,BELOIT CITY WARD 20,SPRING GENERAL,JUSTICE OF THE SUPREME COURT,NONPARTISAN,"DAVID T PROSSER, JR.",148,148
2001,APRIL,ROCK,BELOIT CITY WARD 20,SPRING GENERAL,JUSTICE OF THE SUPREME COURT,NONPARTISAN,SCATTERING,148,0
2001,APRIL,ROCK,BELOIT CITY WARD 21,SPRING GENERAL,JUSTICE OF THE SUPREME COURT,NONPARTISAN,"DAVID T PROSSER, JR.",350,349
2001,APRIL,ROCK,BELOIT CITY WARD 21,SPRING GENERAL,JUSTICE OF THE SUPREME COURT,NONPARTISAN,SCATTERING,350,1
2001,APRIL,ROCK,BELOIT CITY WARD 22,SPRING GENERAL,JUSTICE OF THE SUPREME COURT,NONPARTISAN,"DAVID T PROSSER, JR.",402,402
2001,APRIL,ROCK,BELOIT CITY WARD 22,SPRING GENERAL,JUSTICE OF THE SUPREME COURT,NONPARTISAN,SCATTERING,402,0
2001,APRIL,ROCK,BELOIT CITY WARD 23,SPRING GENERAL,JUSTICE OF THE SUPREME COURT,NONPARTISAN,"DAVID T PROSSER, JR.",244,243
2001,APRIL,ROCK,BELOIT CITY WARD 23,SPRING GENERAL,JUSTICE OF THE SUPREME COURT,NONPARTISAN,SCATTERING,244,1
2001,APRIL,ROCK,BELOIT CITY WARD 24,SPRING GENERAL,JUSTICE OF THE SUPREME COURT,NONPARTISAN,"DAVID T PROSSER, JR.",62,62
2001,APRIL,ROCK,BELOIT CITY WARD 24,SPRING GENERAL,JUSTICE OF THE SUPREME COURT,NONPARTISAN,SCATTERING,62,0
2001,APRIL,ROCK,BRODHEAD CITY WARD 7,SPRING GENERAL,JUSTICE OF THE SUPREME COURT,NONPARTISAN,"DAVID T PROSSER, JR.",0,0
2001,APRIL,ROCK,BRODHEAD CITY WARD 7,SPRING GENERAL,JUSTICE OF THE SUPREME COURT,NONPARTISAN,SCATTERING,0,0
2001,APRIL,ROCK,EDGERTON CITY WARDS 1 - 6,SPRING GENERAL,JUSTICE OF THE SUPREME COURT,NONPARTISAN,"DAVID T PROSSER, JR.",599,595
2001,APRIL,ROCK,EDGERTON CITY WARDS 1 - 6,SPRING GENERAL,JUSTICE OF THE SUPREME COURT,NONPARTISAN,SCATTERING,599,4
2001,APRIL,ROCK,EVANSVILLE CITY WARDS 1 - 4,SPRING GENERAL,JUSTICE OF THE SUPREME COURT,NONPARTISAN,"DAVID T PROSSER, JR.",251,250
2001,APRIL,ROCK,EVANSVILLE CITY WARDS 1 - 4,SPRING GENERAL,JUSTICE OF THE SUPREME COURT,NONPARTISAN,SCATTERING,251,1
2001,APRIL,ROCK,JANESVILLE CITY WARD 1,SPRING GENERAL,JUSTICE OF THE SUPREME COURT,NONPARTISAN,"DAVID T PROSSER, JR.",276,274
2001,APRIL,ROCK,JANESVILLE CITY WARD 1,SPRING GENERAL,JUSTICE OF THE SUPREME COURT,NONPARTISAN,SCATTERING,276,2
2001,APRIL,ROCK,JANESVILLE CITY WARD 2,SPRING GENERAL,JUSTICE OF THE SUPREME COURT,NONPARTISAN,"DAVID T PROSSER, JR.",185,183
2001,APRIL,ROCK,JANESVILLE CITY WARD 2,SPRING GENERAL,JUSTICE OF THE SUPREME COURT,NONPARTISAN,SCATTERING,185,2
2001,APRIL,ROCK,JANESVILLE CITY WARD 3,SPRING GENERAL,JUSTICE OF THE SUPREME COURT,NONPARTISAN,"DAVID T PROSSER, JR.",89,87
2001,APRIL,ROCK,JANESVILLE CITY WARD 3,SPRING GENERAL,JUSTICE OF THE SUPREME COURT,NONPARTISAN,SCATTERING,89,2
2001,APRIL,ROCK,JANESVILLE CITY WARD 4,SPRING GENERAL,JUSTICE OF THE SUPREME COURT,NONPARTISAN,"DAVID T PROSSER, JR.",77,76
2001,APRIL,ROCK,JANESVILLE CITY WARD 4,SPRING GENERAL,JUSTICE OF THE SUPREME COURT,NONPARTISAN,SCATTERING,77,1
2001,APRIL,ROCK,JANESVILLE CITY WARD 5,SPRING GENERAL,JUSTICE OF THE SUPREME COURT,NONPARTISAN,"DAVID T PROSSER, JR.",147,147
2001,APRIL,ROCK,JANESVILLE CITY WARD 5,SPRING GENERAL,JUSTICE OF THE SUPREME COURT,NONPARTISAN,SCATTERING,147,0
2001,APRIL,ROCK,JANESVILLE CITY WARD 6,SPRING GENERAL,JUSTICE OF THE SUPREME COURT,NONPARTISAN,"DAVID T PROSSER, JR.",171,171
2001,APRIL,ROCK,JANESVILLE CITY WARD 6,SPRING GENERAL,JUSTICE OF THE SUPREME COURT,NONPARTISAN,SCATTERING,171,0
2001,APRIL,ROCK,JANESVILLE CITY WARD 7,SPRING GENERAL,JUSTICE OF THE SUPREME COURT,NONPARTISAN,"DAVID T PROSSER, JR.",183,181
2001,APRIL,ROCK,JANESVILLE CITY WARD 7,SPRING GENERAL,JUSTICE OF THE SUPREME COURT,NONPARTISAN,SCATTERING,183,2
2001,APRIL,ROCK,JANESVILLE CITY WARD 8,SPRING GENERAL,JUSTICE OF THE SUPREME COURT,NONPARTISAN,"DAVID T PROSSER, JR.",214,212
2001,APRIL,ROCK,JANESVILLE CITY WARD 8,SPRING GENERAL,JUSTICE OF THE SUPREME COURT,NONPARTISAN,SCATTERING,214,2
2001,APRIL,ROCK,JANESVILLE CITY WARD 9,SPRING GENERAL,JUSTICE OF THE SUPREME COURT,NONPARTISAN,"DAVID T PROSSER, JR.",143,143
2001,APRIL,ROCK,JANESVILLE CITY WARD 9,SPRING GENERAL,JUSTICE OF THE SUPREME COURT,NONPARTISAN,SCATTERING,143,0
2001,APRIL,ROCK,JANESVILLE CITY WARD 10,SPRING GENERAL,JUSTICE OF THE SUPREME COURT,NONPARTISAN,"DAVID T PROSSER, JR.",298,297
2001,APRIL,ROCK,JANESVILLE CITY WARD 10,SPRING GENERAL,JUSTICE OF THE SUPREME COURT,NONPARTISAN,SCATTERING,298,1
2001,APRIL,ROCK,JANESVILLE CITY WARD 11,SPRING GENERAL,JUSTICE OF THE SUPREME COURT,NONPARTISAN,"DAVID T PROSSER, JR.",251,249
2001,APRIL,ROCK,JANESVILLE CITY WARD 11,SPRING GENERAL,JUSTICE OF THE SUPREME COURT,NONPARTISAN,SCATTERING,251,2
2001,APRIL,ROCK,JANESVILLE CITY WARD 12,SPRING GENERAL,JUSTICE OF THE SUPREME COURT,NONPARTISAN,"DAVID T PROSSER, JR.",182,180
2001,APRIL,ROCK,JANESVILLE CITY WARD 12,SPRING GENERAL,JUSTICE OF THE SUPREME COURT,NONPARTISAN,SCATTERING,182,2
2001,APRIL,ROCK,JANESVILLE CITY WARD 13,SPRING GENERAL,JUSTICE OF THE SUPREME COURT,NONPARTISAN,"DAVID T PROSSER, JR.",186,185
2001,APRIL,ROCK,JANESVILLE CITY WARD 13,SPRING GENERAL,JUSTICE OF THE SUPREME COURT,NONPARTISAN,SCATTERING,186,1
2001,APRIL,ROCK,JANESVILLE CITY WARD 14,SPRING GENERAL,JUSTICE OF THE SUPREME COURT,NONPARTISAN,"DAVID T PROSSER, JR.",166,166
2001,APRIL,ROCK,JANESVILLE CITY WARD 14,SPRING GENERAL,JUSTICE OF THE SUPREME COURT,NONPARTISAN,SCATTERING,166,0
2001,APRIL,ROCK,JANESVILLE CITY WARD 15,SPRING GENERAL,JUSTICE OF THE SUPREME COURT,NONPARTISAN,"DAVID T PROSSER, JR.",277,274
2001,APRIL,ROCK,JANESVILLE CITY WARD 15,SPRING GENERAL,JUSTICE OF THE SUPREME COURT,NONPARTISAN,SCATTERING,277,3
2001,APRIL,ROCK,JANESVILLE CITY WARD 16,SPRING GENERAL,JUSTICE OF THE SUPREME COURT,NONPARTISAN,"DAVID T PROSSER, JR.",244,244
2001,APRIL,ROCK,JANESVILLE CITY WARD 16,SPRING GENERAL,JUSTICE OF THE SUPREME COURT,NONPARTISAN,SCATTERING,244,0
2001,APRIL,ROCK,JANESVILLE CITY WARD 17,SPRING GENERAL,JUSTICE OF THE SUPREME COURT,NONPARTISAN,"DAVID T PROSSER, JR.",475,472
2001,APRIL,ROCK,JANESVILLE CITY WARD 17,SPRING GENERAL,JUSTICE OF THE SUPREME COURT,NONPARTISAN,SCATTERING,475,3
2001,APRIL,ROCK,JANESVILLE CITY WARD 18,SPRING GENERAL,JUSTICE OF THE SUPREME COURT,NONPARTISAN,"DAVID T PROSSER, JR.",336,334
2001,APRIL,ROCK,JANESVILLE CITY WARD 18,SPRING GENERAL,JUSTICE OF THE SUPREME COURT,NONPARTISAN,SCATTERING,336,2
2001,APRIL,ROCK,JANESVILLE CITY WARD 19,SPRING GENERAL,JUSTICE OF THE SUPREME COURT,NONPARTISAN,"DAVID T PROSSER, JR.",276,276
2001,APRIL,ROCK,JANESVILLE CITY WARD 19,SPRING GENERAL,JUSTICE OF THE SUPREME COURT,NONPARTISAN,SCATTERING,276,0
2001,APRIL,ROCK,JANESVILLE CITY WARD 20,SPRING GENERAL,JUSTICE OF THE SUPREME COURT,NONPARTISAN,"DAVID T PROSSER, JR.",363,362
2001,APRIL,ROCK,JANESVILLE CITY WARD 20,SPRING GENERAL,JUSTICE OF THE SUPREME COURT,NONPARTISAN,SCATTERING,363,1
2001,APRIL,ROCK,JANESVILLE CITY WARD 21,SPRING GENERAL,JUSTICE OF THE SUPREME COURT,NONPARTISAN,"DAVID T PROSSER, JR.",348,348
2001,APRIL,ROCK,JANESVILLE CITY WARD 21,SPRING GENERAL,JUSTICE OF THE SUPREME COURT,NONPARTISAN,SCATTERING,348,0
2001,APRIL,ROCK,JANESVILLE CITY WARD 22,SPRING GENERAL,JUSTICE OF THE SUPREME COURT,NONPARTISAN,"DAVID T PROSSER, JR.",185,184
2001,APRIL,ROCK,JANESVILLE CITY WARD 22,SPRING GENERAL,JUSTICE OF THE SUPREME COURT,NONPARTISAN,SCATTERING,185,1
2001,APRIL,ROCK,JANESVILLE CITY WARD 23,SPRING GENERAL,JUSTICE OF THE SUPREME COURT,NONPARTISAN,"DAVID T PROSSER, JR.",2,2
2001,APRIL,ROCK,JANESVILLE CITY WARD 23,SPRING GENERAL,JUSTICE OF THE SUPREME COURT,NONPARTISAN,SCATTERING,2,0
2001,APRIL,ROCK,JANESVILLE CITY WARD 24,SPRING GENERAL,JUSTICE OF THE SUPREME COURT,NONPARTISAN,"DAVID T PROSSER, JR.",12,12
2001,APRIL,ROCK,JANESVILLE CITY WARD 24,SPRING GENERAL,JUSTICE OF THE SUPREME COURT,NONPARTISAN,SCATTERING,12,0
2001,APRIL,ROCK,JANESVILLE CITY WARD 25,SPRING GENERAL,JUSTICE OF THE SUPREME COURT,NONPARTISAN,"DAVID T PROSSER, JR.",4,4
2001,APRIL,ROCK,JANESVILLE CITY WARD 25,SPRING GENERAL,JUSTICE OF THE SUPREME COURT,NONPARTISAN,SCATTERING,4,0
2001,APRIL,ROCK,JANESVILLE CITY WARD 26,SPRING GENERAL,JUSTICE OF THE SUPREME COURT,NONPARTISAN,"DAVID T PROSSER, JR.",2,2
2001,APRIL,ROCK,JANESVILLE CITY WARD 26,SPRING GENERAL,JUSTICE OF THE SUPREME COURT,NONPARTISAN,SCATTERING,2,0
2001,APRIL,ROCK,JANESVILLE CITY WARD 27,SPRING GENERAL,JUSTICE OF THE SUPREME COURT,NONPARTISAN,"DAVID T PROSSER, JR.",12,12
2001,APRIL,ROCK,JANESVILLE CITY WARD 27,SPRING GENERAL,JUSTICE OF THE SUPREME COURT,NONPARTISAN,SCATTERING,12,0
2001,APRIL,ROCK,JANESVILLE CITY WARD 28,SPRING GENERAL,JUSTICE OF THE SUPREME COURT,NONPARTISAN,"DAVID T PROSSER, JR.",0,0
2001,APRIL,ROCK,JANESVILLE CITY WARD 28,SPRING GENERAL,JUSTICE OF THE SUPREME COURT,NONPARTISAN,SCATTERING,0,0
2001,APRIL,ROCK,JANESVILLE CITY WARD 29,SPRING GENERAL,JUSTICE OF THE SUPREME COURT,NONPARTISAN,"DAVID T PROSSER, JR.",0,0
2001,APRIL,ROCK,JANESVILLE CITY WARD 29,SPRING GENERAL,JUSTICE OF THE SUPREME COURT,NONPARTISAN,SCATTERING,0,0
2001,APRIL,ROCK,JANESVILLE CITY WARD 30,SPRING GENERAL,JUSTICE OF THE SUPREME COURT,NONPARTISAN,"DAVID T PROSSER, JR.",2,2
2001,APRIL,ROCK,JANESVILLE CITY WARD 30,SPRING GENERAL,JUSTICE OF THE SUPREME COURT,NONPARTISAN,SCATTERING,2,0
2001,APRIL,ROCK,JANESVILLE CITY WARD 31,SPRING GENERAL,JUSTICE OF THE SUPREME COURT,NONPARTISAN,"DAVID T PROSSER, JR.",2,2
2001,APRIL,ROCK,JANESVILLE CITY WARD 31,SPRING GENERAL,JUSTICE OF THE SUPREME COURT,NONPARTISAN,SCATTERING,2,0
2001,APRIL,ROCK,JANESVILLE CITY WARD 32,SPRING GENERAL,JUSTICE OF THE SUPREME COURT,NONPARTISAN,"DAVID T PROSSER, JR.",0,0
2001,APRIL,ROCK,JANESVILLE CITY WARD 32,SPRING GENERAL,JUSTICE OF THE SUPREME COURT,NONPARTISAN,SCATTERING,0,0
2001,APRIL,ROCK,JANESVILLE CITY WARD 33,SPRING GENERAL,JUSTICE OF THE SUPREME COURT,NONPARTISAN,"DAVID T PROSSER, JR.",0,0
2001,APRIL,ROCK,JANESVILLE CITY WARD 33,SPRING GENERAL,JUSTICE OF THE SUPREME COURT,NONPARTISAN,SCATTERING,0,0
2001,APRIL,ROCK,JANESVILLE CITY WARD 34,SPRING GENERAL,JUSTICE OF THE SUPREME COURT,NONPARTISAN,"DAVID T PROSSER, JR.",3,3
2001,APRIL,ROCK,JANESVILLE CITY WARD 34,SPRING GENERAL,JUSTICE OF THE SUPREME COURT,NONPARTISAN,SCATTERING,3,0
2001,APRIL,ROCK,JANESVILLE CITY WARD 35,SPRING GENERAL,JUSTICE OF THE SUPREME COURT,NONPARTISAN,"DAVID T PROSSER, JR.",0,0
2001,APRIL,ROCK,JANESVILLE CITY WARD 35,SPRING GENERAL,JUSTICE OF THE SUPREME COURT,NONPARTISAN,SCATTERING,0,0
2001,APRIL,ROCK,JANESVILLE CITY WARD 36,SPRING GENERAL,JUSTICE OF THE SUPREME COURT,NONPARTISAN,"DAVID T PROSSER, JR.",0,0
2001,APRIL,ROCK,JANESVILLE CITY WARD 36,SPRING GENERAL,JUSTICE OF THE SUPREME COURT,NONPARTISAN,SCATTERING,0,0
2001,APRIL,ROCK,JANESVILLE CITY WARD 37,SPRING GENERAL,JUSTICE OF THE SUPREME COURT,NONPARTISAN,"DAVID T PROSSER, JR.",0,0
2001,APRIL,ROCK,JANESVILLE CITY WARD 37,SPRING GENERAL,JUSTICE OF THE SUPREME COURT,NONPARTISAN,SCATTERING,0,0
2001,APRIL,ROCK,MILTON CITY WARDS 1 - 4,SPRING GENERAL,JUSTICE OF THE SUPREME COURT,NONPARTISAN,"DAVID T PROSSER, JR.",258,258
2001,APRIL,ROCK,MILTON CITY WARDS 1 - 4,SPRING GENERAL,JUSTICE OF THE SUPREME COURT,NONPARTISAN,SCATTERING,258,0
2001,APRIL,ROCK,MILTON CITY WARDS 5 - 8,SPRING GENERAL,JUSTICE OF THE SUPREME COURT,NONPARTISAN,"DAVID T PROSSER, JR.",264,261
2001,APRIL,ROCK,MILTON CITY WARDS 5 - 8,SPRING GENERAL,JUSTICE OF THE SUPREME COURT,NONPARTISAN,SCATTERING,264,3
2001,APRIL,RUSK,ATLANTA TOWN WARD 1,SPRING GENERAL,JUSTICE OF THE SUPREME COURT,NONPARTISAN,"DAVID T PROSSER, JR.",71,71
2001,APRIL,RUSK,ATLANTA TOWN WARD 1,SPRING GENERAL,JUSTICE OF THE SUPREME COURT,NONPARTISAN,SCATTERING,71,0
2001,APRIL,RUSK,BIG BEND TOWN WARD 1,SPRING GENERAL,JUSTICE OF THE SUPREME COURT,NONPARTISAN,"DAVID T PROSSER, JR.",128,128
2001,APRIL,RUSK,BIG BEND TOWN WARD 1,SPRING GENERAL,JUSTICE OF THE SUPREME COURT,NONPARTISAN,SCATTERING,128,0
2001,APRIL,RUSK,BIG FALLS TOWN WARD 1,SPRING GENERAL,JUSTICE OF THE SUPREME COURT,NONPARTISAN,"DAVID T PROSSER, JR.",20,20
2001,APRIL,RUSK,BIG FALLS TOWN WARD 1,SPRING GENERAL,JUSTICE OF THE SUPREME COURT,NONPARTISAN,SCATTERING,20,0
2001,APRIL,RUSK,CEDAR RAPIDS TOWN WARD 1,SPRING GENERAL,JUSTICE OF THE SUPREME COURT,NONPARTISAN,"DAVID T PROSSER, JR.",18,18
2001,APRIL,RUSK,CEDAR RAPIDS TOWN WARD 1,SPRING GENERAL,JUSTICE OF THE SUPREME COURT,NONPARTISAN,SCATTERING,18,0
2001,APRIL,RUSK,DEWEY TOWN WARD 1,SPRING GENERAL,JUSTICE OF THE SUPREME COURT,NONPARTISAN,"DAVID T PROSSER, JR.",103,103
2001,APRIL,RUSK,DEWEY TOWN WARD 1,SPRING GENERAL,JUSTICE OF THE SUPREME COURT,NONPARTISAN,SCATTERING,103,0
2001,APRIL,RUSK,FLAMBEAU TOWN WARDS 1 & 2,SPRING GENERAL,JUSTICE OF THE SUPREME COURT,NONPARTISAN,"DAVID T PROSSER, JR.",77,76
2001,APRIL,RUSK,FLAMBEAU TOWN WARDS 1 & 2,SPRING GENERAL,JUSTICE OF THE SUPREME COURT,NONPARTISAN,SCATTERING,77,1
2001,APRIL,RUSK,GRANT TOWN WARDS 1 & 2,SPRING GENERAL,JUSTICE OF THE SUPREME COURT,NONPARTISAN,"DAVID T PROSSER, JR.",81,81
2001,APRIL,RUSK,GRANT TOWN WARDS 1 & 2,SPRING GENERAL,JUSTICE OF THE SUPREME COURT,NONPARTISAN,SCATTERING,81,0
2001,APRIL,RUSK,GROW TOWN WARD 1,SPRING GENERAL,JUSTICE OF THE SUPREME COURT,NONPARTISAN,"DAVID T PROSSER, JR.",127,127
2001,APRIL,RUSK,GROW TOWN WARD 1,SPRING GENERAL,JUSTICE OF THE SUPREME COURT,NONPARTISAN,SCATTERING,127,0
2001,APRIL,RUSK,HAWKINS TOWN WARD 1,SPRING GENERAL,JUSTICE OF THE SUPREME COURT,NONPARTISAN,"DAVID T PROSSER, JR.",23,23
2001,APRIL,RUSK,HAWKINS TOWN WARD 1,SPRING GENERAL,JUSTICE OF THE SUPREME COURT,NONPARTISAN,SCATTERING,23,0
2001,APRIL,RUSK,HUBBARD TOWN WARD 1,SPRING GENERAL,JUSTICE OF THE SUPREME COURT,NONPARTISAN,"DAVID T PROSSER, JR.",64,64
2001,APRIL,RUSK,HUBBARD TOWN WARD 1,SPRING GENERAL,JUSTICE OF THE SUPREME COURT,NONPARTISAN,SCATTERING,64,0
2001,APRIL,RUSK,LAWRENCE TOWN WARD 1,SPRING GENERAL,JUSTICE OF THE SUPREME COURT,NONPARTISAN,"DAVID T PROSSER, JR.",17,17
2001,APRIL,RUSK,LAWRENCE TOWN WARD 1,SPRING GENERAL,JUSTICE OF THE SUPREME COURT,NONPARTISAN,SCATTERING,17,0
2001,APRIL,RUSK,MARSHALL TOWN WARDS 1 & 2,SPRING GENERAL,JUSTICE OF THE SUPREME COURT,NONPARTISAN,"DAVID T PROSSER, JR.",25,25
2001,APRIL,RUSK,MARSHALL TOWN WARDS 1 & 2,SPRING GENERAL,JUSTICE OF THE SUPREME COURT,NONPARTISAN,SCATTERING,25,0
2001,APRIL,RUSK,MURRY TOWN WARD 1,SPRING GENERAL,JUSTICE OF THE SUPREME COURT,NONPARTISAN,"DAVID T PROSSER, JR.",27,27
2001,APRIL,RUSK,MURRY TOWN WARD 1,SPRING GENERAL,JUSTICE OF THE SUPREME COURT,NONPARTISAN,SCATTERING,27,0
2001,APRIL,RUSK,RICHLAND TOWN WARDS 1 & 2,SPRING GENERAL,JUSTICE OF THE SUPREME COURT,NONPARTISAN,"DAVID T PROSSER, JR.",20,20
2001,APRIL,RUSK,RICHLAND TOWN WARDS 1 & 2,SPRING GENERAL,JUSTICE OF THE SUPREME COURT,NONPARTISAN,SCATTERING,20,0
2001,APRIL,RUSK,RUSK TOWN WARDS 1 & 2,SPRING GENERAL,JUSTICE OF THE SUPREME COURT,NONPARTISAN,"DAVID T PROSSER, JR.",131,131
2001,APRIL,RUSK,RUSK TOWN WARDS 1 & 2,SPRING GENERAL,JUSTICE OF THE SUPREME COURT,NONPARTISAN,SCATTERING,131,0
2001,APRIL,RUSK,SOUTH FORK TOWN WARD 1,SPRING GENERAL,JUSTICE OF THE SUPREME COURT,NONPARTISAN,"DAVID T PROSSER, JR.",17,17
2001,APRIL,RUSK,SOUTH FORK TOWN WARD 1,SPRING GENERAL,JUSTICE OF THE SUPREME COURT,NONPARTISAN,SCATTERING,17,0
2001,APRIL,RUSK,STRICKLAND TOWN WARD 1,SPRING GENERAL,JUSTICE OF THE SUPREME COURT,NONPARTISAN,"DAVID T PROSSER, JR.",74,74
2001,APRIL,RUSK,STRICKLAND TOWN WARD 1,SPRING GENERAL,JUSTICE OF THE SUPREME COURT,NONPARTISAN,SCATTERING,74,0
2001,APRIL,RUSK,STUBBS TOWN WARD 1,SPRING GENERAL,JUSTICE OF THE SUPREME COURT,NONPARTISAN,"DAVID T PROSSER, JR.",133,133
2001,APRIL,RUSK,STUBBS TOWN WARD 1,SPRING GENERAL,JUSTICE OF THE SUPREME COURT,NONPARTISAN,SCATTERING,133,0
2001,APRIL,RUSK,THORNAPPLE TOWN WARDS 1 & 2,SPRING GENERAL,JUSTICE OF THE SUPREME COURT,NONPARTISAN,"DAVID T PROSSER, JR.",62,62
2001,APRIL,RUSK,THORNAPPLE TOWN WARDS 1 & 2,SPRING GENERAL,JUSTICE OF THE SUPREME COURT,NONPARTISAN,SCATTERING,62,0
2001,APRIL,RUSK,TRUE TOWN WARDS 1 & 2,SPRING GENERAL,JUSTICE OF THE SUPREME COURT,NONPARTISAN,"DAVID T PROSSER, JR.",48,48
2001,APRIL,RUSK,TRUE TOWN WARDS 1 & 2,SPRING GENERAL,JUSTICE OF THE SUPREME COURT,NONPARTISAN,SCATTERING,48,0
2001,APRIL,RUSK,WASHINGTON TOWN WARD 1,SPRING GENERAL,JUSTICE OF THE SUPREME COURT,NONPARTISAN,"DAVID T PROSSER, JR.",23,23
2001,APRIL,RUSK,WASHINGTON TOWN WARD 1,SPRING GENERAL,JUSTICE OF THE SUPREME COURT,NONPARTISAN,SCATTERING,23,0
2001,APRIL,RUSK,WILKINSON TOWN WARD 1,SPRING GENERAL,JUSTICE OF THE SUPREME COURT,NONPARTISAN,"DAVID T PROSSER, JR.",10,10
2001,APRIL,RUSK,WILKINSON TOWN WARD 1,SPRING GENERAL,JUSTICE OF THE SUPREME COURT,NONPARTISAN,SCATTERING,10,0
2001,APRIL,RUSK,WILLARD TOWN WARDS 1 & 2,SPRING GENERAL,JUSTICE OF THE SUPREME COURT,NONPARTISAN,"DAVID T PROSSER, JR.",59,58
2001,APRIL,RUSK,WILLARD TOWN WARDS 1 & 2,SPRING GENERAL,JUSTICE OF THE SUPREME COURT,NONPARTISAN,SCATTERING,59,1
2001,APRIL,RUSK,WILSON TOWN WARD 1,SPRING GENERAL,JUSTICE OF THE SUPREME COURT,NONPARTISAN,"DAVID T PROSSER, JR.",12,12
2001,APRIL,RUSK,WILSON TOWN WARD 1,SPRING GENERAL,JUSTICE OF THE SUPREME COURT,NONPARTISAN,SCATTERING,12,0
2001,APRIL,RUSK,BRUCE VILLAGE WARDS 1 & 2,SPRING GENERAL,JUSTICE OF THE SUPREME COURT,NONPARTISAN,"DAVID T PROSSER, JR.",145,145
2001,APRIL,RUSK,BRUCE VILLAGE WARDS 1 & 2,SPRING GENERAL,JUSTICE OF THE SUPREME COURT,NONPARTISAN,SCATTERING,145,0
2001,APRIL,RUSK,CONRATH VILLAGE WARD 1,SPRING GENERAL,JUSTICE OF THE SUPREME COURT,NONPARTISAN,"DAVID T PROSSER, JR.",8,8
2001,APRIL,RUSK,CONRATH VILLAGE WARD 1,SPRING GENERAL,JUSTICE OF THE SUPREME COURT,NONPARTISAN,SCATTERING,8,0
2001,APRIL,RUSK,GLEN FLORA VILLAGE WARD 1,SPRING GENERAL,JUSTICE OF THE SUPREME COURT,NONPARTISAN,"DAVID T PROSSER, JR.",11,11
2001,APRIL,RUSK,GLEN FLORA VILLAGE WARD 1,SPRING GENERAL,JUSTICE OF THE SUPREME COURT,NONPARTISAN,SCATTERING,11,0
2001,APRIL,RUSK,HAWKINS VILLAGE WARD 1,SPRING GENERAL,JUSTICE OF THE SUPREME COURT,NONPARTISAN,"DAVID T PROSSER, JR.",38,38
2001,APRIL,RUSK,HAWKINS VILLAGE WARD 1,SPRING GENERAL,JUSTICE OF THE SUPREME COURT,NONPARTISAN,SCATTERING,38,0
2001,APRIL,RUSK,INGRAM VILLAGE WARD 1,SPRING GENERAL,JUSTICE OF THE SUPREME COURT,NONPARTISAN,"DAVID T PROSSER, JR.",16,16
2001,APRIL,RUSK,INGRAM VILLAGE WARD 1,SPRING GENERAL,JUSTICE OF THE SUPREME COURT,NONPARTISAN,SCATTERING,16,0
2001,APRIL,RUSK,SHELDON VILLAGE WARD 1,SPRING GENERAL,JUSTICE OF THE SUPREME COURT,NONPARTISAN,"DAVID T PROSSER, JR.",33,33
2001,APRIL,RUSK,SHELDON VILLAGE WARD 1,SPRING GENERAL,JUSTICE OF THE SUPREME COURT,NONPARTISAN,SCATTERING,33,0
2001,APRIL,RUSK,TONY VILLAGE WARD 1,SPRING GENERAL,JUSTICE OF THE SUPREME COURT,NONPARTISAN,"DAVID T PROSSER, JR.",37,37
2001,APRIL,RUSK,TONY VILLAGE WARD 1,SPRING GENERAL,JUSTICE OF THE SUPREME COURT,NONPARTISAN,SCATTERING,37,0
2001,APRIL,RUSK,WEYERHAEUSER VILLAGE WARD 1,SPRING GENERAL,JUSTICE OF THE SUPREME COURT,NONPARTISAN,"DAVID T PROSSER, JR.",74,74
2001,APRIL,RUSK,WEYERHAEUSER VILLAGE WARD 1,SPRING GENERAL,JUSTICE OF THE SUPREME COURT,NONPARTISAN,SCATTERING,74,0
2001,APRIL,RUSK,LADYSMITH CITY WARDS 1 - 14,SPRING GENERAL,JUSTICE OF THE SUPREME COURT,NONPARTISAN,"DAVID T PROSSER, JR.",319,317
2001,APRIL,RUSK,LADYSMITH CITY WARDS 1 - 14,SPRING GENERAL,JUSTICE OF THE SUPREME COURT,NONPARTISAN,SCATTERING,319,2
2001,APRIL,SAUK,BARABOO TOWN WARDS 1 - 3,SPRING GENERAL,JUSTICE OF THE SUPREME COURT,NONPARTISAN,"DAVID T PROSSER, JR.",99,98
2001,APRIL,SAUK,BARABOO TOWN WARDS 1 - 3,SPRING GENERAL,JUSTICE OF THE SUPREME COURT,NONPARTISAN,SCATTERING,99,1
2001,APRIL,SAUK,BEAR CREEK TOWN WARD 1,SPRING GENERAL,JUSTICE OF THE SUPREME COURT,NONPARTISAN,"DAVID T PROSSER, JR.",47,47
2001,APRIL,SAUK,BEAR CREEK TOWN WARD 1,SPRING GENERAL,JUSTICE OF THE SUPREME COURT,NONPARTISAN,SCATTERING,47,0
2001,APRIL,SAUK,DELLONA TOWN WARD 1,SPRING GENERAL,JUSTICE OF THE SUPREME COURT,NONPARTISAN,"DAVID T PROSSER, JR.",115,114
2001,APRIL,SAUK,DELLONA TOWN WARD 1,SPRING GENERAL,JUSTICE OF THE SUPREME COURT,NONPARTISAN,SCATTERING,115,1
2001,APRIL,SAUK,DELTON TOWN WARDS 1 - 3,SPRING GENERAL,JUSTICE OF THE SUPREME COURT,NONPARTISAN,"DAVID T PROSSER, JR.",78,78
2001,APRIL,SAUK,DELTON TOWN WARDS 1 - 3,SPRING GENERAL,JUSTICE OF THE SUPREME COURT,NONPARTISAN,SCATTERING,78,0
2001,APRIL,SAUK,EXCELSIOR TOWN WARDS 1 & 2,SPRING GENERAL,JUSTICE OF THE SUPREME COURT,NONPARTISAN,"DAVID T PROSSER, JR.",189,189
2001,APRIL,SAUK,EXCELSIOR TOWN WARDS 1 & 2,SPRING GENERAL,JUSTICE OF THE SUPREME COURT,NONPARTISAN,SCATTERING,189,0
2001,APRIL,SAUK,FAIRFIELD TOWN WARD 1,SPRING GENERAL,JUSTICE OF THE SUPREME COURT,NONPARTISAN,"DAVID T PROSSER, JR.",116,115
2001,APRIL,SAUK,FAIRFIELD TOWN WARD 1,SPRING GENERAL,JUSTICE OF THE SUPREME COURT,NONPARTISAN,SCATTERING,116,1
2001,APRIL,SAUK,FRANKLIN TOWN WARD 1,SPRING GENERAL,JUSTICE OF THE SUPREME COURT,NONPARTISAN,"DAVID T PROSSER, JR.",36,36
2001,APRIL,SAUK,FRANKLIN TOWN WARD 1,SPRING GENERAL,JUSTICE OF THE SUPREME COURT,NONPARTISAN,SCATTERING,36,0
2001,APRIL,SAUK,FREEDOM TOWN WARD 1,SPRING GENERAL,JUSTICE OF THE SUPREME COURT,NONPARTISAN,"DAVID T PROSSER, JR.",50,50
2001,APRIL,SAUK,FREEDOM TOWN WARD 1,SPRING GENERAL,JUSTICE OF THE SUPREME COURT,NONPARTISAN,SCATTERING,50,0
2001,APRIL,SAUK,GREENFIELD TOWN WARDS 1 & 2,SPRING GENERAL,JUSTICE OF THE SUPREME COURT,NONPARTISAN,"DAVID T PROSSER, JR.",176,176
2001,APRIL,SAUK,GREENFIELD TOWN WARDS 1 & 2,SPRING GENERAL,JUSTICE OF THE SUPREME COURT,NONPARTISAN,SCATTERING,176,0
2001,APRIL,SAUK,HONEY CREEK TOWN WARD 1,SPRING GENERAL,JUSTICE OF THE SUPREME COURT,NONPARTISAN,"DAVID T PROSSER, JR.",133,131
2001,APRIL,SAUK,HONEY CREEK TOWN WARD 1,SPRING GENERAL,JUSTICE OF THE SUPREME COURT,NONPARTISAN,SCATTERING,133,2
2001,APRIL,SAUK,IRONTON TOWN WARD 1,SPRING GENERAL,JUSTICE OF THE SUPREME COURT,NONPARTISAN,"DAVID T PROSSER, JR.",53,53
2001,APRIL,SAUK,IRONTON TOWN WARD 1,SPRING GENERAL,JUSTICE OF THE SUPREME COURT,NONPARTISAN,SCATTERING,53,0
2001,APRIL,SAUK,LA VALLE TOWN WARDS 1 & 2,SPRING GENERAL,JUSTICE OF THE SUPREME COURT,NONPARTISAN,"DAVID T PROSSER, JR.",119,118
2001,APRIL,SAUK,LA VALLE TOWN WARDS 1 & 2,SPRING GENERAL,JUSTICE OF THE SUPREME COURT,NONPARTISAN,SCATTERING,119,1
2001,APRIL,SAUK,MERRIMAC TOWN WARD 1,SPRING GENERAL,JUSTICE OF THE SUPREME COURT,NONPARTISAN,"DAVID T PROSSER, JR.",66,66
2001,APRIL,SAUK,MERRIMAC TOWN WARD 1,SPRING GENERAL,JUSTICE OF THE SUPREME COURT,NONPARTISAN,SCATTERING,66,0
2001,APRIL,SAUK,PRAIRIE DU SAC TOWN WARDS 1 & 2,SPRING GENERAL,JUSTICE OF THE SUPREME COURT,NONPARTISAN,"DAVID T PROSSER, JR.",98,98
2001,APRIL,SAUK,PRAIRIE DU SAC TOWN WARDS 1 & 2,SPRING GENERAL,JUSTICE OF THE SUPREME COURT,NONPARTISAN,SCATTERING,98,0
2001,APRIL,SAUK,REEDSBURG TOWN WARDS 1 - 3,SPRING GENERAL,JUSTICE OF THE SUPREME COURT,NONPARTISAN,"DAVID T PROSSER, JR.",149,149
2001,APRIL,SAUK,REEDSBURG TOWN WARDS 1 - 3,SPRING GENERAL,JUSTICE OF THE SUPREME COURT,NONPARTISAN,SCATTERING,149,0
2001,APRIL,SAUK,SPRING GREEN TOWN WARDS 1 - 3,SPRING GENERAL,JUSTICE OF THE SUPREME COURT,NONPARTISAN,"DAVID T PROSSER, JR.",100,98
2001,APRIL,SAUK,SPRING GREEN TOWN WARDS 1 - 3,SPRING GENERAL,JUSTICE OF THE SUPREME COURT,NONPARTISAN,SCATTERING,100,2
2001,APRIL,SAUK,SUMPTER TOWN WARDS 1 & 2,SPRING GENERAL,JUSTICE OF THE SUPREME COURT,NONPARTISAN,"DAVID T PROSSER, JR.",130,130
2001,APRIL,SAUK,SUMPTER TOWN WARDS 1 & 2,SPRING GENERAL,JUSTICE OF THE SUPREME COURT,NONPARTISAN,SCATTERING,130,0
2001,APRIL,SAUK,TROY TOWN WARDS 1 - 3,SPRING GENERAL,JUSTICE OF THE SUPREME COURT,NONPARTISAN,"DAVID T PROSSER, JR.",207,203
2001,APRIL,SAUK,TROY TOWN WARDS 1 - 3,SPRING GENERAL,JUSTICE OF THE SUPREME COURT,NONPARTISAN,SCATTERING,207,4
2001,APRIL,SAUK,WASHINGTON TOWN WARD 1,SPRING GENERAL,JUSTICE OF THE SUPREME COURT,NONPARTISAN,"DAVID T PROSSER, JR.",151,151
2001,APRIL,SAUK,WASHINGTON TOWN WARD 1,SPRING GENERAL,JUSTICE OF THE SUPREME COURT,NONPARTISAN,SCATTERING,151,0
2001,APRIL,SAUK,WESTFIELD TOWN WARDS 1 & 2,SPRING GENERAL,JUSTICE OF THE SUPREME COURT,NONPARTISAN,"DAVID T PROSSER, JR.",70,70
2001,APRIL,SAUK,WESTFIELD TOWN WARDS 1 & 2,SPRING GENERAL,JUSTICE OF THE SUPREME COURT,NONPARTISAN,SCATTERING,70,0
2001,APRIL,SAUK,WINFIELD TOWN WARD 1,SPRING GENERAL,JUSTICE OF THE SUPREME COURT,NONPARTISAN,"DAVID T PROSSER, JR.",68,67
2001,APRIL,SAUK,WINFIELD TOWN WARD 1,SPRING GENERAL,JUSTICE OF THE SUPREME COURT,NONPARTISAN,SCATTERING,68,1
2001,APRIL,SAUK,WOODLAND TOWN WARD 1,SPRING GENERAL,JUSTICE OF THE SUPREME COURT,NONPARTISAN,"DAVID T PROSSER, JR.",157,154
2001,APRIL,SAUK,WOODLAND TOWN WARD 1,SPRING GENERAL,JUSTICE OF THE SUPREME COURT,NONPARTISAN,SCATTERING,157,3
2001,APRIL,SAUK,CAZENOVIA VILLAGE WARD 2,SPRING GENERAL,JUSTICE OF THE SUPREME COURT,NONPARTISAN,"DAVID T PROSSER, JR.",3,3
2001,APRIL,SAUK,CAZENOVIA VILLAGE WARD 2,SPRING GENERAL,JUSTICE OF THE SUPREME COURT,NONPARTISAN,SCATTERING,3,0
2001,APRIL,SAUK,IRONTON VILLAGE WARD 1,SPRING GENERAL,JUSTICE OF THE SUPREME COURT,NONPARTISAN,"DAVID T PROSSER, JR.",16,16
2001,APRIL,SAUK,IRONTON VILLAGE WARD 1,SPRING GENERAL,JUSTICE OF THE SUPREME COURT,NONPARTISAN,SCATTERING,16,0
2001,APRIL,SAUK,LAKE DELTON VILLAGE WARDS 1 & 2,SPRING GENERAL,JUSTICE OF THE SUPREME COURT,NONPARTISAN,"DAVID T PROSSER, JR.",344,343
2001,APRIL,SAUK,LAKE DELTON VILLAGE WARDS 1 & 2,SPRING GENERAL,JUSTICE OF THE SUPREME COURT,NONPARTISAN,SCATTERING,344,1
2001,APRIL,SAUK,LA VALLE VILLAGE WARD 1,SPRING GENERAL,JUSTICE OF THE SUPREME COURT,NONPARTISAN,"DAVID T PROSSER, JR.",43,43
2001,APRIL,SAUK,LA VALLE VILLAGE WARD 1,SPRING GENERAL,JUSTICE OF THE SUPREME COURT,NONPARTISAN,SCATTERING,43,0
2001,APRIL,SAUK,LIME RIDGE VILLAGE WARD 1,SPRING GENERAL,JUSTICE OF THE SUPREME COURT,NONPARTISAN,"DAVID T PROSSER, JR.",29,29
2001,APRIL,SAUK,LIME RIDGE VILLAGE WARD 1,SPRING GENERAL,JUSTICE OF THE SUPREME COURT,NONPARTISAN,SCATTERING,29,0
2001,APRIL,SAUK,LOGANVILLE VILLAGE WARD 1,SPRING GENERAL,JUSTICE OF THE SUPREME COURT,NONPARTISAN,"DAVID T PROSSER, JR.",25,25
2001,APRIL,SAUK,LOGANVILLE VILLAGE WARD 1,SPRING GENERAL,JUSTICE OF THE SUPREME COURT,NONPARTISAN,SCATTERING,25,0
2001,APRIL,SAUK,MERRIMAC VILLAGE WARD 1,SPRING GENERAL,JUSTICE OF THE SUPREME COURT,NONPARTISAN,"DAVID T PROSSER, JR.",43,43
2001,APRIL,SAUK,MERRIMAC VILLAGE WARD 1,SPRING GENERAL,JUSTICE OF THE SUPREME COURT,NONPARTISAN,SCATTERING,43,0
2001,APRIL,SAUK,NORTH FREEDOM VILLAGE WARD 1,SPRING GENERAL,JUSTICE OF THE SUPREME COURT,NONPARTISAN,"DAVID T PROSSER, JR.",140,140
2001,APRIL,SAUK,NORTH FREEDOM VILLAGE WARD 1,SPRING GENERAL,JUSTICE OF THE SUPREME COURT,NONPARTISAN,SCATTERING,140,0
2001,APRIL,SAUK,PLAIN VILLAGE WARD 1,SPRING GENERAL,JUSTICE OF THE SUPREME COURT,NONPARTISAN,"DAVID T PROSSER, JR.",222,221
2001,APRIL,SAUK,PLAIN VILLAGE WARD 1,SPRING GENERAL,JUSTICE OF THE SUPREME COURT,NONPARTISAN,SCATTERING,222,1
2001,APRIL,SAUK,PRAIRIE DU SAC VILLAGE WARDS 1 - 5,SPRING GENERAL,JUSTICE OF THE SUPREME COURT,NONPARTISAN,"DAVID T PROSSER, JR.",354,352
2001,APRIL,SAUK,PRAIRIE DU SAC VILLAGE WARDS 1 - 5,SPRING GENERAL,JUSTICE OF THE SUPREME COURT,NONPARTISAN,SCATTERING,354,2
2001,APRIL,SAUK,ROCK SPRINGS VILLAGE WARD 1,SPRING GENERAL,JUSTICE OF THE SUPREME COURT,NONPARTISAN,"DAVID T PROSSER, JR.",86,85
2001,APRIL,SAUK,ROCK SPRINGS VILLAGE WARD 1,SPRING GENERAL,JUSTICE OF THE SUPREME COURT,NONPARTISAN,SCATTERING,86,1
2001,APRIL,SAUK,SAUK CITY VILLAGE WARDS 1 - 4,SPRING GENERAL,JUSTICE OF THE SUPREME COURT,NONPARTISAN,"DAVID T PROSSER, JR.",425,421
2001,APRIL,SAUK,SAUK CITY VILLAGE WARDS 1 - 4,SPRING GENERAL,JUSTICE OF THE SUPREME COURT,NONPARTISAN,SCATTERING,425,4
2001,APRIL,SAUK,SPRING GREEN VILLAGE WARDS 1 & 2,SPRING GENERAL,JUSTICE OF THE SUPREME COURT,NONPARTISAN,"DAVID T PROSSER, JR.",180,179
2001,APRIL,SAUK,SPRING GREEN VILLAGE WARDS 1 & 2,SPRING GENERAL,JUSTICE OF THE SUPREME COURT,NONPARTISAN,SCATTERING,180,1
2001,APRIL,SAUK,WEST BARABOO VILLAGE WARDS 1 & 2,SPRING GENERAL,JUSTICE OF THE SUPREME COURT,NONPARTISAN,"DAVID T PROSSER, JR.",71,71
2001,APRIL,SAUK,WEST BARABOO VILLAGE WARDS 1 & 2,SPRING GENERAL,JUSTICE OF THE SUPREME COURT,NONPARTISAN,SCATTERING,71,0
2001,APRIL,SAUK,BARABOO CITY WARD 1,SPRING GENERAL,JUSTICE OF THE SUPREME COURT,NONPARTISAN,"DAVID T PROSSER, JR.",15,15
2001,APRIL,SAUK,BARABOO CITY WARD 1,SPRING GENERAL,JUSTICE OF THE SUPREME COURT,NONPARTISAN,SCATTERING,15,0
2001,APRIL,SAUK,BARABOO CITY WARD 2,SPRING GENERAL,JUSTICE OF THE SUPREME COURT,NONPARTISAN,"DAVID T PROSSER, JR.",46,46
2001,APRIL,SAUK,BARABOO CITY WARD 2,SPRING GENERAL,JUSTICE OF THE SUPREME COURT,NONPARTISAN,SCATTERING,46,0
2001,APRIL,SAUK,BARABOO CITY WARD 3,SPRING GENERAL,JUSTICE OF THE SUPREME COURT,NONPARTISAN,"DAVID T PROSSER, JR.",61,61
2001,APRIL,SAUK,BARABOO CITY WARD 3,SPRING GENERAL,JUSTICE OF THE SUPREME COURT,NONPARTISAN,SCATTERING,61,0
2001,APRIL,SAUK,BARABOO CITY WARD 4,SPRING GENERAL,JUSTICE OF THE SUPREME COURT,NONPARTISAN,"DAVID T PROSSER, JR.",32,32
2001,APRIL,SAUK,BARABOO CITY WARD 4,SPRING GENERAL,JUSTICE OF THE SUPREME COURT,NONPARTISAN,SCATTERING,32,0
2001,APRIL,SAUK,BARABOO CITY WARD 5,SPRING GENERAL,JUSTICE OF THE SUPREME COURT,NONPARTISAN,"DAVID T PROSSER, JR.",37,37
2001,APRIL,SAUK,BARABOO CITY WARD 5,SPRING GENERAL,JUSTICE OF THE SUPREME COURT,NONPARTISAN,SCATTERING,37,0
2001,APRIL,SAUK,BARABOO CITY WARD 6,SPRING GENERAL,JUSTICE OF THE SUPREME COURT,NONPARTISAN,"DAVID T PROSSER, JR.",55,55
2001,APRIL,SAUK,BARABOO CITY WARD 6,SPRING GENERAL,JUSTICE OF THE SUPREME COURT,NONPARTISAN,SCATTERING,55,0
2001,APRIL,SAUK,BARABOO CITY WARD 7,SPRING GENERAL,JUSTICE OF THE SUPREME COURT,NONPARTISAN,"DAVID T PROSSER, JR.",51,51
2001,APRIL,SAUK,BARABOO CITY WARD 7,SPRING GENERAL,JUSTICE OF THE SUPREME COURT,NONPARTISAN,SCATTERING,51,0
2001,APRIL,SAUK,BARABOO CITY WARD 8,SPRING GENERAL,JUSTICE OF THE SUPREME COURT,NONPARTISAN,"DAVID T PROSSER, JR.",22,22
2001,APRIL,SAUK,BARABOO CITY WARD 8,SPRING GENERAL,JUSTICE OF THE SUPREME COURT,NONPARTISAN,SCATTERING,22,0
2001,APRIL,SAUK,BARABOO CITY WARD 9,SPRING GENERAL,JUSTICE OF THE SUPREME COURT,NONPARTISAN,"DAVID T PROSSER, JR.",21,21
2001,APRIL,SAUK,BARABOO CITY WARD 9,SPRING GENERAL,JUSTICE OF THE SUPREME COURT,NONPARTISAN,SCATTERING,21,0
2001,APRIL,SAUK,BARABOO CITY WARD 10,SPRING GENERAL,JUSTICE OF THE SUPREME COURT,NONPARTISAN,"DAVID T PROSSER, JR.",129,129
2001,APRIL,SAUK,BARABOO CITY WARD 10,SPRING GENERAL,JUSTICE OF THE SUPREME COURT,NONPARTISAN,SCATTERING,129,0
2001,APRIL,SAUK,BARABOO CITY WARD 11,SPRING GENERAL,JUSTICE OF THE SUPREME COURT,NONPARTISAN,"DAVID T PROSSER, JR.",58,58
2001,APRIL,SAUK,BARABOO CITY WARD 11,SPRING GENERAL,JUSTICE OF THE SUPREME COURT,NONPARTISAN,SCATTERING,58,0
2001,APRIL,SAUK,BARABOO CITY WARD 12,SPRING GENERAL,JUSTICE OF THE SUPREME COURT,NONPARTISAN,"DAVID T PROSSER, JR.",74,74
2001,APRIL,SAUK,BARABOO CITY WARD 12,SPRING GENERAL,JUSTICE OF THE SUPREME COURT,NONPARTISAN,SCATTERING,74,0
2001,APRIL,SAUK,BARABOO CITY WARD 13,SPRING GENERAL,JUSTICE OF THE SUPREME COURT,NONPARTISAN,"DAVID T PROSSER, JR.",46,46
2001,APRIL,SAUK,BARABOO CITY WARD 13,SPRING GENERAL,JUSTICE OF THE SUPREME COURT,NONPARTISAN,SCATTERING,46,0
2001,APRIL,SAUK,BARABOO CITY WARD 14,SPRING GENERAL,JUSTICE OF THE SUPREME COURT,NONPARTISAN,"DAVID T PROSSER, JR.",39,39
2001,APRIL,SAUK,BARABOO CITY WARD 14,SPRING GENERAL,JUSTICE OF THE SUPREME COURT,NONPARTISAN,SCATTERING,39,0
2001,APRIL,SAUK,REEDSBURG CITY WARDS 1 - 3,SPRING GENERAL,JUSTICE OF THE SUPREME COURT,NONPARTISAN,"DAVID T PROSSER, JR.",93,93
2001,APRIL,SAUK,REEDSBURG CITY WARDS 1 - 3,SPRING GENERAL,JUSTICE OF THE SUPREME COURT,NONPARTISAN,SCATTERING,93,0
2001,APRIL,SAUK,"REEDSBURG CITY WARDS 4, 6 & 11",SPRING GENERAL,JUSTICE OF THE SUPREME COURT,NONPARTISAN,"DAVID T PROSSER, JR.",114,114
2001,APRIL,SAUK,"REEDSBURG CITY WARDS 4, 6 & 11",SPRING GENERAL,JUSTICE OF THE SUPREME COURT,NONPARTISAN,SCATTERING,114,0
2001,APRIL,SAUK,"REEDSBURG CITY WARDS 5, 9 & 12",SPRING GENERAL,JUSTICE OF THE SUPREME COURT,NONPARTISAN,"DAVID T PROSSER, JR.",93,93
2001,APRIL,SAUK,"REEDSBURG CITY WARDS 5, 9 & 12",SPRING GENERAL,JUSTICE OF THE SUPREME COURT,NONPARTISAN,SCATTERING,93,0
2001,APRIL,SAUK,"REEDSBURG CITY WARDS 7, 8 & 10",SPRING GENERAL,JUSTICE OF THE SUPREME COURT,NONPARTISAN,"DAVID T PROSSER, JR.",130,130
2001,APRIL,SAUK,"REEDSBURG CITY WARDS 7, 8 & 10",SPRING GENERAL,JUSTICE OF THE SUPREME COURT,NONPARTISAN,SCATTERING,130,0
2001,APRIL,SAUK,WISCONSIN DELLS CITY WARD 4,SPRING GENERAL,JUSTICE OF THE SUPREME COURT,NONPARTISAN,"DAVID T PROSSER, JR.",4,4
2001,APRIL,SAUK,WISCONSIN DELLS CITY WARD 4,SPRING GENERAL,JUSTICE OF THE SUPREME COURT,NONPARTISAN,SCATTERING,4,0
2001,APRIL,SAWYER,BASS LAKE TOWN WARD 1,SPRING GENERAL,JUSTICE OF THE SUPREME COURT,NONPARTISAN,"DAVID T PROSSER, JR.",165,165
2001,APRIL,SAWYER,BASS LAKE TOWN WARD 1,SPRING GENERAL,JUSTICE OF THE SUPREME COURT,NONPARTISAN,SCATTERING,165,0
2001,APRIL,SAWYER,BASS LAKE TOWN WARD 2,SPRING GENERAL,JUSTICE OF THE SUPREME COURT,NONPARTISAN,"DAVID T PROSSER, JR.",27,27
2001,APRIL,SAWYER,BASS LAKE TOWN WARD 2,SPRING GENERAL,JUSTICE OF THE SUPREME COURT,NONPARTISAN,SCATTERING,27,0
2001,APRIL,SAWYER,COUDERAY TOWN WARD 1,SPRING GENERAL,JUSTICE OF THE SUPREME COURT,NONPARTISAN,"DAVID T PROSSER, JR.",26,26
2001,APRIL,SAWYER,COUDERAY TOWN WARD 1,SPRING GENERAL,JUSTICE OF THE SUPREME COURT,NONPARTISAN,SCATTERING,26,0
2001,APRIL,SAWYER,COUDERAY TOWN WARD 2,SPRING GENERAL,JUSTICE OF THE SUPREME COURT,NONPARTISAN,"DAVID T PROSSER, JR.",1,1
2001,APRIL,SAWYER,COUDERAY TOWN WARD 2,SPRING GENERAL,JUSTICE OF THE SUPREME COURT,NONPARTISAN,SCATTERING,1,0
2001,APRIL,SAWYER,DRAPER TOWN WARD 1,SPRING GENERAL,JUSTICE OF THE SUPREME COURT,NONPARTISAN,"DAVID T PROSSER, JR.",47,47
2001,APRIL,SAWYER,DRAPER TOWN WARD 1,SPRING GENERAL,JUSTICE OF THE SUPREME COURT,NONPARTISAN,SCATTERING,47,0
2001,APRIL,SAWYER,EDGEWATER TOWN WARD 1,SPRING GENERAL,JUSTICE OF THE SUPREME COURT,NONPARTISAN,"DAVID T PROSSER, JR.",84,84
2001,APRIL,SAWYER,EDGEWATER TOWN WARD 1,SPRING GENERAL,JUSTICE OF THE SUPREME COURT,NONPARTISAN,SCATTERING,84,0
2001,APRIL,SAWYER,HAYWARD TOWN WARDS 1 - 4,SPRING GENERAL,JUSTICE OF THE SUPREME COURT,NONPARTISAN,"DAVID T PROSSER, JR.",321,320
2001,APRIL,SAWYER,HAYWARD TOWN WARDS 1 - 4,SPRING GENERAL,JUSTICE OF THE SUPREME COURT,NONPARTISAN,SCATTERING,321,1
2001,APRIL,SAWYER,HUNTER TOWN WARDS 1 & 2,SPRING GENERAL,JUSTICE OF THE SUPREME COURT,NONPARTISAN,"DAVID T PROSSER, JR.",105,105
2001,APRIL,SAWYER,HUNTER TOWN WARDS 1 & 2,SPRING GENERAL,JUSTICE OF THE SUPREME COURT,NONPARTISAN,SCATTERING,105,0
2001,APRIL,SAWYER,LENROOT TOWN WARD 1,SPRING GENERAL,JUSTICE OF THE SUPREME COURT,NONPARTISAN,"DAVID T PROSSER, JR.",54,54
2001,APRIL,SAWYER,LENROOT TOWN WARD 1,SPRING GENERAL,JUSTICE OF THE SUPREME COURT,NONPARTISAN,SCATTERING,54,0
2001,APRIL,SAWYER,MEADOWBROOK TOWN WARD 1,SPRING GENERAL,JUSTICE OF THE SUPREME COURT,NONPARTISAN,"DAVID T PROSSER, JR.",22,22
2001,APRIL,SAWYER,MEADOWBROOK TOWN WARD 1,SPRING GENERAL,JUSTICE OF THE SUPREME COURT,NONPARTISAN,SCATTERING,22,0
2001,APRIL,SAWYER,METEOR TOWN WARD 1,SPRING GENERAL,JUSTICE OF THE SUPREME COURT,NONPARTISAN,"DAVID T PROSSER, JR.",18,18
2001,APRIL,SAWYER,METEOR TOWN WARD 1,SPRING GENERAL,JUSTICE OF THE SUPREME COURT,NONPARTISAN,SCATTERING,18,0
2001,APRIL,SAWYER,OJIBWA TOWN WARD 1,SPRING GENERAL,JUSTICE OF THE SUPREME COURT,NONPARTISAN,"DAVID T PROSSER, JR.",44,44
2001,APRIL,SAWYER,OJIBWA TOWN WARD 1,SPRING GENERAL,JUSTICE OF THE SUPREME COURT,NONPARTISAN,SCATTERING,44,0
2001,APRIL,SAWYER,RADISSON TOWN WARD 1,SPRING GENERAL,JUSTICE OF THE SUPREME COURT,NONPARTISAN,"DAVID T PROSSER, JR.",17,17
2001,APRIL,SAWYER,RADISSON TOWN WARD 1,SPRING GENERAL,JUSTICE OF THE SUPREME COURT,NONPARTISAN,SCATTERING,17,0
2001,APRIL,SAWYER,RADISSON TOWN WARD 2,SPRING GENERAL,JUSTICE OF THE SUPREME COURT,NONPARTISAN,"DAVID T PROSSER, JR.",25,25
2001,APRIL,SAWYER,RADISSON TOWN WARD 2,SPRING GENERAL,JUSTICE OF THE SUPREME COURT,NONPARTISAN,SCATTERING,25,0
2001,APRIL,SAWYER,ROUND LAKE TOWN WARDS 1 & 2,SPRING GENERAL,JUSTICE OF THE SUPREME COURT,NONPARTISAN,"DAVID T PROSSER, JR.",77,77
2001,APRIL,SAWYER,ROUND LAKE TOWN WARDS 1 & 2,SPRING GENERAL,JUSTICE OF THE SUPREME COURT,NONPARTISAN,SCATTERING,77,0
2001,APRIL,SAWYER,SAND LAKE TOWN WARD 1,SPRING GENERAL,JUSTICE OF THE SUPREME COURT,NONPARTISAN,"DAVID T PROSSER, JR.",49,49
2001,APRIL,SAWYER,SAND LAKE TOWN WARD 1,SPRING GENERAL,JUSTICE OF THE SUPREME COURT,NONPARTISAN,SCATTERING,49,0
2001,APRIL,SAWYER,SPIDER LAKE TOWN WARD 1,SPRING GENERAL,JUSTICE OF THE SUPREME COURT,NONPARTISAN,"DAVID T PROSSER, JR.",32,32
2001,APRIL,SAWYER,SPIDER LAKE TOWN WARD 1,SPRING GENERAL,JUSTICE OF THE SUPREME COURT,NONPARTISAN,SCATTERING,32,0
2001,APRIL,SAWYER,WEIRGOR TOWN WARD 1,SPRING GENERAL,JUSTICE OF THE SUPREME COURT,NONPARTISAN,"DAVID T PROSSER, JR.",20,20
2001,APRIL,SAWYER,WEIRGOR TOWN WARD 1,SPRING GENERAL,JUSTICE OF THE SUPREME COURT,NONPARTISAN,SCATTERING,20,0
2001,APRIL,SAWYER,WINTER TOWN WARDS 1 & 2,SPRING GENERAL,JUSTICE OF THE SUPREME COURT,NONPARTISAN,"DAVID T PROSSER, JR.",228,228
2001,APRIL,SAWYER,WINTER TOWN WARDS 1 & 2,SPRING GENERAL,JUSTICE OF THE SUPREME COURT,NONPARTISAN,SCATTERING,228,0
2001,APRIL,SAWYER,COUDERAY VILLAGE WARD 1,SPRING GENERAL,JUSTICE OF THE SUPREME COURT,NONPARTISAN,"DAVID T PROSSER, JR.",19,19
2001,APRIL,SAWYER,COUDERAY VILLAGE WARD 1,SPRING GENERAL,JUSTICE OF THE SUPREME COURT,NONPARTISAN,SCATTERING,19,0
2001,APRIL,SAWYER,EXELAND VILLAGE WARD 1,SPRING GENERAL,JUSTICE OF THE SUPREME COURT,NONPARTISAN,"DAVID T PROSSER, JR.",32,32
2001,APRIL,SAWYER,EXELAND VILLAGE WARD 1,SPRING GENERAL,JUSTICE OF THE SUPREME COURT,NONPARTISAN,SCATTERING,32,0
2001,APRIL,SAWYER,RADISSON VILLAGE WARD 1,SPRING GENERAL,JUSTICE OF THE SUPREME COURT,NONPARTISAN,"DAVID T PROSSER, JR.",35,35
2001,APRIL,SAWYER,RADISSON VILLAGE WARD 1,SPRING GENERAL,JUSTICE OF THE SUPREME COURT,NONPARTISAN,SCATTERING,35,0
2001,APRIL,SAWYER,WINTER VILLAGE WARD 1,SPRING GENERAL,JUSTICE OF THE SUPREME COURT,NONPARTISAN,"DAVID T PROSSER, JR.",95,95
2001,APRIL,SAWYER,WINTER VILLAGE WARD 1,SPRING GENERAL,JUSTICE OF THE SUPREME COURT,NONPARTISAN,SCATTERING,95,0
2001,APRIL,SAWYER,HAYWARD CITY WARD 1,SPRING GENERAL,JUSTICE OF THE SUPREME COURT,NONPARTISAN,"DAVID T PROSSER, JR.",14,14
2001,APRIL,SAWYER,HAYWARD CITY WARD 1,SPRING GENERAL,JUSTICE OF THE SUPREME COURT,NONPARTISAN,SCATTERING,14,0
2001,APRIL,SAWYER,HAYWARD CITY WARD 2,SPRING GENERAL,JUSTICE OF THE SUPREME COURT,NONPARTISAN,"DAVID T PROSSER, JR.",24,24
2001,APRIL,SAWYER,HAYWARD CITY WARD 2,SPRING GENERAL,JUSTICE OF THE SUPREME COURT,NONPARTISAN,SCATTERING,24,0
2001,APRIL,SAWYER,HAYWARD CITY WARD 3,SPRING GENERAL,JUSTICE OF THE SUPREME COURT,NONPARTISAN,"DAVID T PROSSER, JR.",20,20
2001,APRIL,SAWYER,HAYWARD CITY WARD 3,SPRING GENERAL,JUSTICE OF THE SUPREME COURT,NONPARTISAN,SCATTERING,20,0
2001,APRIL,SAWYER,HAYWARD CITY WARD 4,SPRING GENERAL,JUSTICE OF THE SUPREME COURT,NONPARTISAN,"DAVID T PROSSER, JR.",75,74
2001,APRIL,SAWYER,HAYWARD CITY WARD 4,SPRING GENERAL,JUSTICE OF THE SUPREME COURT,NONPARTISAN,SCATTERING,75,1
2001,APRIL,SHAWANO,ALMON TOWN WARDS 1 & 2,SPRING GENERAL,JUSTICE OF THE SUPREME COURT,NONPARTISAN,"DAVID T PROSSER, JR.",51,51
2001,APRIL,SHAWANO,ALMON TOWN WARDS 1 & 2,SPRING GENERAL,JUSTICE OF THE SUPREME COURT,NONPARTISAN,SCATTERING,51,0
2001,APRIL,SHAWANO,ANGELICA TOWN WARDS 1 - 3,SPRING GENERAL,JUSTICE OF THE SUPREME COURT,NONPARTISAN,"DAVID T PROSSER, JR.",186,186
2001,APRIL,SHAWANO,ANGELICA TOWN WARDS 1 - 3,SPRING GENERAL,JUSTICE OF THE SUPREME COURT,NONPARTISAN,SCATTERING,186,0
2001,APRIL,SHAWANO,ANIWA TOWN WARD 1,SPRING GENERAL,JUSTICE OF THE SUPREME COURT,NONPARTISAN,"DAVID T PROSSER, JR.",28,28
2001,APRIL,SHAWANO,ANIWA TOWN WARD 1,SPRING GENERAL,JUSTICE OF THE SUPREME COURT,NONPARTISAN,SCATTERING,28,0
2001,APRIL,SHAWANO,BARTELME TOWN WARD 1,SPRING GENERAL,JUSTICE OF THE SUPREME COURT,NONPARTISAN,"DAVID T PROSSER, JR.",34,34
2001,APRIL,SHAWANO,BARTELME TOWN WARD 1,SPRING GENERAL,JUSTICE OF THE SUPREME COURT,NONPARTISAN,SCATTERING,34,0
2001,APRIL,SHAWANO,BELLE PLAINE TOWN WARDS 1 - 3,SPRING GENERAL,JUSTICE OF THE SUPREME COURT,NONPARTISAN,"DAVID T PROSSER, JR.",277,277
2001,APRIL,SHAWANO,BELLE PLAINE TOWN WARDS 1 - 3,SPRING GENERAL,JUSTICE OF THE SUPREME COURT,NONPARTISAN,SCATTERING,277,0
2001,APRIL,SHAWANO,BIRNAMWOOD TOWN WARDS 1 & 2,SPRING GENERAL,JUSTICE OF THE SUPREME COURT,NONPARTISAN,"DAVID T PROSSER, JR.",109,109
2001,APRIL,SHAWANO,BIRNAMWOOD TOWN WARDS 1 & 2,SPRING GENERAL,JUSTICE OF THE SUPREME COURT,NONPARTISAN,SCATTERING,109,0
2001,APRIL,SHAWANO,FAIRBANKS TOWN WARDS 1 & 2,SPRING GENERAL,JUSTICE OF THE SUPREME COURT,NONPARTISAN,"DAVID T PROSSER, JR.",53,53
2001,APRIL,SHAWANO,FAIRBANKS TOWN WARDS 1 & 2,SPRING GENERAL,JUSTICE OF THE SUPREME COURT,NONPARTISAN,SCATTERING,53,0
2001,APRIL,SHAWANO,GERMANIA TOWN WARD 1,SPRING GENERAL,JUSTICE OF THE SUPREME COURT,NONPARTISAN,"DAVID T PROSSER, JR.",27,27
2001,APRIL,SHAWANO,GERMANIA TOWN WARD 1,SPRING GENERAL,JUSTICE OF THE SUPREME COURT,NONPARTISAN,SCATTERING,27,0
2001,APRIL,SHAWANO,GRANT TOWN WARDS 1 & 2,SPRING GENERAL,JUSTICE OF THE SUPREME COURT,NONPARTISAN,"DAVID T PROSSER, JR.",147,147
2001,APRIL,SHAWANO,GRANT TOWN WARDS 1 & 2,SPRING GENERAL,JUSTICE OF THE SUPREME COURT,NONPARTISAN,SCATTERING,147,0
2001,APRIL,SHAWANO,GREEN VALLEY TOWN WARD 1,SPRING GENERAL,JUSTICE OF THE SUPREME COURT,NONPARTISAN,"DAVID T PROSSER, JR.",173,173
2001,APRIL,SHAWANO,GREEN VALLEY TOWN WARD 1,SPRING GENERAL,JUSTICE OF THE SUPREME COURT,NONPARTISAN,SCATTERING,173,0
2001,APRIL,SHAWANO,HARTLAND TOWN WARD 1,SPRING GENERAL,JUSTICE OF THE SUPREME COURT,NONPARTISAN,"DAVID T PROSSER, JR.",124,124
2001,APRIL,SHAWANO,HARTLAND TOWN WARD 1,SPRING GENERAL,JUSTICE OF THE SUPREME COURT,NONPARTISAN,SCATTERING,124,0
2001,APRIL,SHAWANO,HERMAN TOWN WARD 1,SPRING GENERAL,JUSTICE OF THE SUPREME COURT,NONPARTISAN,"DAVID T PROSSER, JR.",64,64
2001,APRIL,SHAWANO,HERMAN TOWN WARD 1,SPRING GENERAL,JUSTICE OF THE SUPREME COURT,NONPARTISAN,SCATTERING,64,0
2001,APRIL,SHAWANO,HUTCHINS TOWN WARD 1,SPRING GENERAL,JUSTICE OF THE SUPREME COURT,NONPARTISAN,"DAVID T PROSSER, JR.",44,44
2001,APRIL,SHAWANO,HUTCHINS TOWN WARD 1,SPRING GENERAL,JUSTICE OF THE SUPREME COURT,NONPARTISAN,SCATTERING,44,0
2001,APRIL,SHAWANO,LESSOR TOWN WARDS 1 & 2,SPRING GENERAL,JUSTICE OF THE SUPREME COURT,NONPARTISAN,"DAVID T PROSSER, JR.",224,224
2001,APRIL,SHAWANO,LESSOR TOWN WARDS 1 & 2,SPRING GENERAL,JUSTICE OF THE SUPREME COURT,NONPARTISAN,SCATTERING,224,0
2001,APRIL,SHAWANO,MAPLE GROVE TOWN WARDS 1 & 2,SPRING GENERAL,JUSTICE OF THE SUPREME COURT,NONPARTISAN,"DAVID T PROSSER, JR.",228,228
2001,APRIL,SHAWANO,MAPLE GROVE TOWN WARDS 1 & 2,SPRING GENERAL,JUSTICE OF THE SUPREME COURT,NONPARTISAN,SCATTERING,228,0
2001,APRIL,SHAWANO,MORRIS TOWN WARD 1,SPRING GENERAL,JUSTICE OF THE SUPREME COURT,NONPARTISAN,"DAVID T PROSSER, JR.",39,39
2001,APRIL,SHAWANO,MORRIS TOWN WARD 1,SPRING GENERAL,JUSTICE OF THE SUPREME COURT,NONPARTISAN,SCATTERING,39,0
2001,APRIL,SHAWANO,NAVARINO TOWN WARD 1,SPRING GENERAL,JUSTICE OF THE SUPREME COURT,NONPARTISAN,"DAVID T PROSSER, JR.",80,80
2001,APRIL,SHAWANO,NAVARINO TOWN WARD 1,SPRING GENERAL,JUSTICE OF THE SUPREME COURT,NONPARTISAN,SCATTERING,80,0
2001,APRIL,SHAWANO,PELLA TOWN WARD 1,SPRING GENERAL,JUSTICE OF THE SUPREME COURT,NONPARTISAN,"DAVID T PROSSER, JR.",118,117
2001,APRIL,SHAWANO,PELLA TOWN WARD 1,SPRING GENERAL,JUSTICE OF THE SUPREME COURT,NONPARTISAN,SCATTERING,118,1
2001,APRIL,SHAWANO,RED SPRINGS TOWN WARD 1,SPRING GENERAL,JUSTICE OF THE SUPREME COURT,NONPARTISAN,"DAVID T PROSSER, JR.",155,155
2001,APRIL,SHAWANO,RED SPRINGS TOWN WARD 1,SPRING GENERAL,JUSTICE OF THE SUPREME COURT,NONPARTISAN,SCATTERING,155,0
2001,APRIL,SHAWANO,RICHMOND TOWN WARDS 1 & 2,SPRING GENERAL,JUSTICE OF THE SUPREME COURT,NONPARTISAN,"DAVID T PROSSER, JR.",212,210
2001,APRIL,SHAWANO,RICHMOND TOWN WARDS 1 & 2,SPRING GENERAL,JUSTICE OF THE SUPREME COURT,NONPARTISAN,SCATTERING,212,2
2001,APRIL,SHAWANO,SENECA TOWN WARD 1,SPRING GENERAL,JUSTICE OF THE SUPREME COURT,NONPARTISAN,"DAVID T PROSSER, JR.",97,97
2001,APRIL,SHAWANO,SENECA TOWN WARD 1,SPRING GENERAL,JUSTICE OF THE SUPREME COURT,NONPARTISAN,SCATTERING,97,0
2001,APRIL,SHAWANO,WASHINGTON TOWN WARDS 1 & 2,SPRING GENERAL,JUSTICE OF THE SUPREME COURT,NONPARTISAN,"DAVID T PROSSER, JR.",215,215
2001,APRIL,SHAWANO,WASHINGTON TOWN WARDS 1 & 2,SPRING GENERAL,JUSTICE OF THE SUPREME COURT,NONPARTISAN,SCATTERING,215,0
2001,APRIL,SHAWANO,WAUKECHON TOWN WARDS 1 & 2,SPRING GENERAL,JUSTICE OF THE SUPREME COURT,NONPARTISAN,"DAVID T PROSSER, JR.",97,97
2001,APRIL,SHAWANO,WAUKECHON TOWN WARDS 1 & 2,SPRING GENERAL,JUSTICE OF THE SUPREME COURT,NONPARTISAN,SCATTERING,97,0
2001,APRIL,SHAWANO,WESCOTT TOWN WARDS 1 - 5,SPRING GENERAL,JUSTICE OF THE SUPREME COURT,NONPARTISAN,"DAVID T PROSSER, JR.",504,502
2001,APRIL,SHAWANO,WESCOTT TOWN WARDS 1 - 5,SPRING GENERAL,JUSTICE OF THE SUPREME COURT,NONPARTISAN,SCATTERING,504,2
2001,APRIL,SHAWANO,WITTENBERG TOWN WARD 1,SPRING GENERAL,JUSTICE OF THE SUPREME COURT,NONPARTISAN,"DAVID T PROSSER, JR.",69,69
2001,APRIL,SHAWANO,WITTENBERG TOWN WARD 1,SPRING GENERAL,JUSTICE OF THE SUPREME COURT,NONPARTISAN,SCATTERING,69,0
2001,APRIL,SHAWANO,ANIWA VILLAGE WARD 1,SPRING GENERAL,JUSTICE OF THE SUPREME COURT,NONPARTISAN,"DAVID T PROSSER, JR.",78,78
2001,APRIL,SHAWANO,ANIWA VILLAGE WARD 1,SPRING GENERAL,JUSTICE OF THE SUPREME COURT,NONPARTISAN,SCATTERING,78,0
2001,APRIL,SHAWANO,BIRNAMWOOD VILLAGE WARD 1,SPRING GENERAL,JUSTICE OF THE SUPREME COURT,NONPARTISAN,"DAVID T PROSSER, JR.",46,46
2001,APRIL,SHAWANO,BIRNAMWOOD VILLAGE WARD 1,SPRING GENERAL,JUSTICE OF THE SUPREME COURT,NONPARTISAN,SCATTERING,46,0
2001,APRIL,SHAWANO,BONDUEL VILLAGE WARDS 1 & 2,SPRING GENERAL,JUSTICE OF THE SUPREME COURT,NONPARTISAN,"DAVID T PROSSER, JR.",259,259
2001,APRIL,SHAWANO,BONDUEL VILLAGE WARDS 1 & 2,SPRING GENERAL,JUSTICE OF THE SUPREME COURT,NONPARTISAN,SCATTERING,259,0
2001,APRIL,SHAWANO,BOWLER VILLAGE WARD 1,SPRING GENERAL,JUSTICE OF THE SUPREME COURT,NONPARTISAN,"DAVID T PROSSER, JR.",43,43
2001,APRIL,SHAWANO,BOWLER VILLAGE WARD 1,SPRING GENERAL,JUSTICE OF THE SUPREME COURT,NONPARTISAN,SCATTERING,43,0
2001,APRIL,SHAWANO,CECIL VILLAGE WARD 1,SPRING GENERAL,JUSTICE OF THE SUPREME COURT,NONPARTISAN,"DAVID T PROSSER, JR.",95,95
2001,APRIL,SHAWANO,CECIL VILLAGE WARD 1,SPRING GENERAL,JUSTICE OF THE SUPREME COURT,NONPARTISAN,SCATTERING,95,0
2001,APRIL,SHAWANO,ELAND VILLAGE WARD 1,SPRING GENERAL,JUSTICE OF THE SUPREME COURT,NONPARTISAN,"DAVID T PROSSER, JR.",39,39
2001,APRIL,SHAWANO,ELAND VILLAGE WARD 1,SPRING GENERAL,JUSTICE OF THE SUPREME COURT,NONPARTISAN,SCATTERING,39,0
2001,APRIL,SHAWANO,GRESHAM VILLAGE WARD 1,SPRING GENERAL,JUSTICE OF THE SUPREME COURT,NONPARTISAN,"DAVID T PROSSER, JR.",41,41
2001,APRIL,SHAWANO,GRESHAM VILLAGE WARD 1,SPRING GENERAL,JUSTICE OF THE SUPREME COURT,NONPARTISAN,SCATTERING,41,0
2001,APRIL,SHAWANO,MATTOON VILLAGE WARD 1,SPRING GENERAL,JUSTICE OF THE SUPREME COURT,NONPARTISAN,"DAVID T PROSSER, JR.",41,41
2001,APRIL,SHAWANO,MATTOON VILLAGE WARD 1,SPRING GENERAL,JUSTICE OF THE SUPREME COURT,NONPARTISAN,SCATTERING,41,0
2001,APRIL,SHAWANO,PULASKI VILLAGE WARD 4,SPRING GENERAL,JUSTICE OF THE SUPREME COURT,NONPARTISAN,"DAVID T PROSSER, JR.",4,4
2001,APRIL,SHAWANO,PULASKI VILLAGE WARD 4,SPRING GENERAL,JUSTICE OF THE SUPREME COURT,NONPARTISAN,SCATTERING,4,0
2001,APRIL,SHAWANO,TIGERTON VILLAGE WARD 1,SPRING GENERAL,JUSTICE OF THE SUPREME COURT,NONPARTISAN,"DAVID T PROSSER, JR.",169,169
2001,APRIL,SHAWANO,TIGERTON VILLAGE WARD 1,SPRING GENERAL,JUSTICE OF THE SUPREME COURT,NONPARTISAN,SCATTERING,169,0
2001,APRIL,SHAWANO,WITTENBERG VILLAGE WARDS 1 - 3,SPRING GENERAL,JUSTICE OF THE SUPREME COURT,NONPARTISAN,"DAVID T PROSSER, JR.",67,67
2001,APRIL,SHAWANO,WITTENBERG VILLAGE WARDS 1 - 3,SPRING GENERAL,JUSTICE OF THE SUPREME COURT,NONPARTISAN,SCATTERING,67,0
2001,APRIL,SHAWANO,MARION CITY WARD 4,SPRING GENERAL,JUSTICE OF THE SUPREME COURT,NONPARTISAN,"DAVID T PROSSER, JR.",1,1
2001,APRIL,SHAWANO,MARION CITY WARD 4,SPRING GENERAL,JUSTICE OF THE SUPREME COURT,NONPARTISAN,SCATTERING,1,0
2001,APRIL,SHAWANO,SHAWANO CITY WARDS 1 & 2,SPRING GENERAL,JUSTICE OF THE SUPREME COURT,NONPARTISAN,"DAVID T PROSSER, JR.",130,130
2001,APRIL,SHAWANO,SHAWANO CITY WARDS 1 & 2,SPRING GENERAL,JUSTICE OF THE SUPREME COURT,NONPARTISAN,SCATTERING,130,0
2001,APRIL,SHAWANO,SHAWANO CITY WARDS 3 & 4,SPRING GENERAL,JUSTICE OF THE SUPREME COURT,NONPARTISAN,"DAVID T PROSSER, JR.",97,97
2001,APRIL,SHAWANO,SHAWANO CITY WARDS 3 & 4,SPRING GENERAL,JUSTICE OF THE SUPREME COURT,NONPARTISAN,SCATTERING,97,0
2001,APRIL,SHAWANO,SHAWANO CITY WARDS 5 & 6,SPRING GENERAL,JUSTICE OF THE SUPREME COURT,NONPARTISAN,"DAVID T PROSSER, JR.",119,119
2001,APRIL,SHAWANO,SHAWANO CITY WARDS 5 & 6,SPRING GENERAL,JUSTICE OF THE SUPREME COURT,NONPARTISAN,SCATTERING,119,0
2001,APRIL,SHAWANO,SHAWANO CITY WARDS 7 & 8,SPRING GENERAL,JUSTICE OF THE SUPREME COURT,NONPARTISAN,"DAVID T PROSSER, JR.",113,113
2001,APRIL,SHAWANO,SHAWANO CITY WARDS 7 & 8,SPRING GENERAL,JUSTICE OF THE SUPREME COURT,NONPARTISAN,SCATTERING,113,0
2001,APRIL,SHAWANO,SHAWANO CITY WARDS 9 & 10,SPRING GENERAL,JUSTICE OF THE SUPREME COURT,NONPARTISAN,"DAVID T PROSSER, JR.",106,106
2001,APRIL,SHAWANO,SHAWANO CITY WARDS 9 & 10,SPRING GENERAL,JUSTICE OF THE SUPREME COURT,NONPARTISAN,SCATTERING,106,0
2001,APRIL,SHAWANO,SHAWANO CITY WARDS 11 & 12,SPRING GENERAL,JUSTICE OF THE SUPREME COURT,NONPARTISAN,"DAVID T PROSSER, JR.",154,154
2001,APRIL,SHAWANO,SHAWANO CITY WARDS 11 & 12,SPRING GENERAL,JUSTICE OF THE SUPREME COURT,NONPARTISAN,SCATTERING,154,0
2001,APRIL,SHEBOYGAN,GREENBUSH TOWN WARDS 1 & 2,SPRING GENERAL,JUSTICE OF THE SUPREME COURT,NONPARTISAN,"DAVID T PROSSER, JR.",210,209
2001,APRIL,SHEBOYGAN,GREENBUSH TOWN WARDS 1 & 2,SPRING GENERAL,JUSTICE OF THE SUPREME COURT,NONPARTISAN,SCATTERING,210,1
2001,APRIL,SHEBOYGAN,HERMAN TOWN WARDS 1 - 3,SPRING GENERAL,JUSTICE OF THE SUPREME COURT,NONPARTISAN,"DAVID T PROSSER, JR.",117,117
2001,APRIL,SHEBOYGAN,HERMAN TOWN WARDS 1 - 3,SPRING GENERAL,JUSTICE OF THE SUPREME COURT,NONPARTISAN,SCATTERING,117,0
2001,APRIL,SHEBOYGAN,HOLLAND TOWN WARDS 1 - 4,SPRING GENERAL,JUSTICE OF THE SUPREME COURT,NONPARTISAN,"DAVID T PROSSER, JR.",360,360
2001,APRIL,SHEBOYGAN,HOLLAND TOWN WARDS 1 - 4,SPRING GENERAL,JUSTICE OF THE SUPREME COURT,NONPARTISAN,SCATTERING,360,0
2001,APRIL,SHEBOYGAN,LIMA TOWN WARDS 1 & 2,SPRING GENERAL,JUSTICE OF THE SUPREME COURT,NONPARTISAN,"DAVID T PROSSER, JR.",376,376
2001,APRIL,SHEBOYGAN,LIMA TOWN WARDS 1 & 2,SPRING GENERAL,JUSTICE OF THE SUPREME COURT,NONPARTISAN,SCATTERING,376,0
2001,APRIL,SHEBOYGAN,LYNDON TOWN WARDS 1 & 2,SPRING GENERAL,JUSTICE OF THE SUPREME COURT,NONPARTISAN,"DAVID T PROSSER, JR.",247,245
2001,APRIL,SHEBOYGAN,LYNDON TOWN WARDS 1 & 2,SPRING GENERAL,JUSTICE OF THE SUPREME COURT,NONPARTISAN,SCATTERING,247,2
2001,APRIL,SHEBOYGAN,MITCHELL TOWN WARD 1,SPRING GENERAL,JUSTICE OF THE SUPREME COURT,NONPARTISAN,"DAVID T PROSSER, JR.",163,163
2001,APRIL,SHEBOYGAN,MITCHELL TOWN WARD 1,SPRING GENERAL,JUSTICE OF THE SUPREME COURT,NONPARTISAN,SCATTERING,163,0
2001,APRIL,SHEBOYGAN,MOSEL TOWN WARD 1,SPRING GENERAL,JUSTICE OF THE SUPREME COURT,NONPARTISAN,"DAVID T PROSSER, JR.",150,150
2001,APRIL,SHEBOYGAN,MOSEL TOWN WARD 1,SPRING GENERAL,JUSTICE OF THE SUPREME COURT,NONPARTISAN,SCATTERING,150,0
2001,APRIL,SHEBOYGAN,PLYMOUTH TOWN WARDS 1 - 4,SPRING GENERAL,JUSTICE OF THE SUPREME COURT,NONPARTISAN,"DAVID T PROSSER, JR.",285,285
2001,APRIL,SHEBOYGAN,PLYMOUTH TOWN WARDS 1 - 4,SPRING GENERAL,JUSTICE OF THE SUPREME COURT,NONPARTISAN,SCATTERING,285,0
2001,APRIL,SHEBOYGAN,RHINE TOWN WARDS 1 & 2,SPRING GENERAL,JUSTICE OF THE SUPREME COURT,NONPARTISAN,"DAVID T PROSSER, JR.",168,166
2001,APRIL,SHEBOYGAN,RHINE TOWN WARDS 1 & 2,SPRING GENERAL,JUSTICE OF THE SUPREME COURT,NONPARTISAN,SCATTERING,168,2
2001,APRIL,SHEBOYGAN,RUSSELL TOWN WARD 1,SPRING GENERAL,JUSTICE OF THE SUPREME COURT,NONPARTISAN,"DAVID T PROSSER, JR.",63,63
2001,APRIL,SHEBOYGAN,RUSSELL TOWN WARD 1,SPRING GENERAL,JUSTICE OF THE SUPREME COURT,NONPARTISAN,SCATTERING,63,0
2001,APRIL,SHEBOYGAN,SCOTT TOWN WARDS 1 & 2,SPRING GENERAL,JUSTICE OF THE SUPREME COURT,NONPARTISAN,"DAVID T PROSSER, JR.",257,257
2001,APRIL,SHEBOYGAN,SCOTT TOWN WARDS 1 & 2,SPRING GENERAL,JUSTICE OF THE SUPREME COURT,NONPARTISAN,SCATTERING,257,0
2001,APRIL,SHEBOYGAN,SHEBOYGAN TOWN WARDS 1 - 6,SPRING GENERAL,JUSTICE OF THE SUPREME COURT,NONPARTISAN,"DAVID T PROSSER, JR.",432,429
2001,APRIL,SHEBOYGAN,SHEBOYGAN TOWN WARDS 1 - 6,SPRING GENERAL,JUSTICE OF THE SUPREME COURT,NONPARTISAN,SCATTERING,432,3
2001,APRIL,SHEBOYGAN,SHEBOYGAN FALLS TOWN WARDS 1 - 4,SPRING GENERAL,JUSTICE OF THE SUPREME COURT,NONPARTISAN,"DAVID T PROSSER, JR.",266,266
2001,APRIL,SHEBOYGAN,SHEBOYGAN FALLS TOWN WARDS 1 - 4,SPRING GENERAL,JUSTICE OF THE SUPREME COURT,NONPARTISAN,SCATTERING,266,0
2001,APRIL,SHEBOYGAN,SHERMAN TOWN WARDS 1 - 3,SPRING GENERAL,JUSTICE OF THE SUPREME COURT,NONPARTISAN,"DAVID T PROSSER, JR.",214,214
2001,APRIL,SHEBOYGAN,SHERMAN TOWN WARDS 1 - 3,SPRING GENERAL,JUSTICE OF THE SUPREME COURT,NONPARTISAN,SCATTERING,214,0
2001,APRIL,SHEBOYGAN,WILSON TOWN WARDS 1 - 3,SPRING GENERAL,JUSTICE OF THE SUPREME COURT,NONPARTISAN,"DAVID T PROSSER, JR.",376,376
2001,APRIL,SHEBOYGAN,WILSON TOWN WARDS 1 - 3,SPRING GENERAL,JUSTICE OF THE SUPREME COURT,NONPARTISAN,SCATTERING,376,0
2001,APRIL,SHEBOYGAN,ADELL VILLAGE WARD 1,SPRING GENERAL,JUSTICE OF THE SUPREME COURT,NONPARTISAN,"DAVID T PROSSER, JR.",91,91
2001,APRIL,SHEBOYGAN,ADELL VILLAGE WARD 1,SPRING GENERAL,JUSTICE OF THE SUPREME COURT,NONPARTISAN,SCATTERING,91,0
2001,APRIL,SHEBOYGAN,CASCADE VILLAGE WARD 1,SPRING GENERAL,JUSTICE OF THE SUPREME COURT,NONPARTISAN,"DAVID T PROSSER, JR.",77,76
2001,APRIL,SHEBOYGAN,CASCADE VILLAGE WARD 1,SPRING GENERAL,JUSTICE OF THE SUPREME COURT,NONPARTISAN,SCATTERING,77,1
2001,APRIL,SHEBOYGAN,CEDAR GROVE VILLAGE WARDS 1 & 2,SPRING GENERAL,JUSTICE OF THE SUPREME COURT,NONPARTISAN,"DAVID T PROSSER, JR.",297,297
2001,APRIL,SHEBOYGAN,CEDAR GROVE VILLAGE WARDS 1 & 2,SPRING GENERAL,JUSTICE OF THE SUPREME COURT,NONPARTISAN,SCATTERING,297,0
2001,APRIL,SHEBOYGAN,ELKHART LAKE VILLAGE WARDS 1 & 2,SPRING GENERAL,JUSTICE OF THE SUPREME COURT,NONPARTISAN,"DAVID T PROSSER, JR.",235,234
2001,APRIL,SHEBOYGAN,ELKHART LAKE VILLAGE WARDS 1 & 2,SPRING GENERAL,JUSTICE OF THE SUPREME COURT,NONPARTISAN,SCATTERING,235,1
2001,APRIL,SHEBOYGAN,GLENBEULAH VILLAGE WARD 1,SPRING GENERAL,JUSTICE OF THE SUPREME COURT,NONPARTISAN,"DAVID T PROSSER, JR.",59,59
2001,APRIL,SHEBOYGAN,GLENBEULAH VILLAGE WARD 1,SPRING GENERAL,JUSTICE OF THE SUPREME COURT,NONPARTISAN,SCATTERING,59,0
2001,APRIL,SHEBOYGAN,HOWARDS GROVE VILLAGE WARDS 1 - 3,SPRING GENERAL,JUSTICE OF THE SUPREME COURT,NONPARTISAN,"DAVID T PROSSER, JR.",188,188
2001,APRIL,SHEBOYGAN,HOWARDS GROVE VILLAGE WARDS 1 - 3,SPRING GENERAL,JUSTICE OF THE SUPREME COURT,NONPARTISAN,SCATTERING,188,0
2001,APRIL,SHEBOYGAN,KOHLER VILLAGE WARDS 1 - 3,SPRING GENERAL,JUSTICE OF THE SUPREME COURT,NONPARTISAN,"DAVID T PROSSER, JR.",236,236
2001,APRIL,SHEBOYGAN,KOHLER VILLAGE WARDS 1 - 3,SPRING GENERAL,JUSTICE OF THE SUPREME COURT,NONPARTISAN,SCATTERING,236,0
2001,APRIL,SHEBOYGAN,OOSTBURG VILLAGE WARDS 1 & 2,SPRING GENERAL,JUSTICE OF THE SUPREME COURT,NONPARTISAN,"DAVID T PROSSER, JR.",641,641
2001,APRIL,SHEBOYGAN,OOSTBURG VILLAGE WARDS 1 & 2,SPRING GENERAL,JUSTICE OF THE SUPREME COURT,NONPARTISAN,SCATTERING,641,0
2001,APRIL,SHEBOYGAN,RANDOM LAKE VILLAGE WARDS 1 & 2,SPRING GENERAL,JUSTICE OF THE SUPREME COURT,NONPARTISAN,"DAVID T PROSSER, JR.",287,287
2001,APRIL,SHEBOYGAN,RANDOM LAKE VILLAGE WARDS 1 & 2,SPRING GENERAL,JUSTICE OF THE SUPREME COURT,NONPARTISAN,SCATTERING,287,0
2001,APRIL,SHEBOYGAN,WALDO VILLAGE WARD 1,SPRING GENERAL,JUSTICE OF THE SUPREME COURT,NONPARTISAN,"DAVID T PROSSER, JR.",123,122
2001,APRIL,SHEBOYGAN,WALDO VILLAGE WARD 1,SPRING GENERAL,JUSTICE OF THE SUPREME COURT,NONPARTISAN,SCATTERING,123,1
2001,APRIL,SHEBOYGAN,PLYMOUTH CITY WARDS 1 - 10,SPRING GENERAL,JUSTICE OF THE SUPREME COURT,NONPARTISAN,"DAVID T PROSSER, JR.",788,788
2001,APRIL,SHEBOYGAN,PLYMOUTH CITY WARDS 1 - 10,SPRING GENERAL,JUSTICE OF THE SUPREME COURT,NONPARTISAN,SCATTERING,788,0
2001,APRIL,SHEBOYGAN,SHEBOYGAN CITY WARD 1,SPRING GENERAL,JUSTICE OF THE SUPREME COURT,NONPARTISAN,"DAVID T PROSSER, JR.",378,378
2001,APRIL,SHEBOYGAN,SHEBOYGAN CITY WARD 1,SPRING GENERAL,JUSTICE OF THE SUPREME COURT,NONPARTISAN,SCATTERING,378,0
2001,APRIL,SHEBOYGAN,SHEBOYGAN CITY WARD 2,SPRING GENERAL,JUSTICE OF THE SUPREME COURT,NONPARTISAN,"DAVID T PROSSER, JR.",241,240
2001,APRIL,SHEBOYGAN,SHEBOYGAN CITY WARD 2,SPRING GENERAL,JUSTICE OF THE SUPREME COURT,NONPARTISAN,SCATTERING,241,1
2001,APRIL,SHEBOYGAN,SHEBOYGAN CITY WARD 3,SPRING GENERAL,JUSTICE OF THE SUPREME COURT,NONPARTISAN,"DAVID T PROSSER, JR.",218,218
2001,APRIL,SHEBOYGAN,SHEBOYGAN CITY WARD 3,SPRING GENERAL,JUSTICE OF THE SUPREME COURT,NONPARTISAN,SCATTERING,218,0
2001,APRIL,SHEBOYGAN,SHEBOYGAN CITY WARD 4,SPRING GENERAL,JUSTICE OF THE SUPREME COURT,NONPARTISAN,"DAVID T PROSSER, JR.",213,213
2001,APRIL,SHEBOYGAN,SHEBOYGAN CITY WARD 4,SPRING GENERAL,JUSTICE OF THE SUPREME COURT,NONPARTISAN,SCATTERING,213,0
2001,APRIL,SHEBOYGAN,SHEBOYGAN CITY WARD 5,SPRING GENERAL,JUSTICE OF THE SUPREME COURT,NONPARTISAN,"DAVID T PROSSER, JR.",236,236
2001,APRIL,SHEBOYGAN,SHEBOYGAN CITY WARD 5,SPRING GENERAL,JUSTICE OF THE SUPREME COURT,NONPARTISAN,SCATTERING,236,0
2001,APRIL,SHEBOYGAN,SHEBOYGAN CITY WARD 6,SPRING GENERAL,JUSTICE OF THE SUPREME COURT,NONPARTISAN,"DAVID T PROSSER, JR.",476,476
2001,APRIL,SHEBOYGAN,SHEBOYGAN CITY WARD 6,SPRING GENERAL,JUSTICE OF THE SUPREME COURT,NONPARTISAN,SCATTERING,476,0
2001,APRIL,SHEBOYGAN,SHEBOYGAN CITY WARD 7,SPRING GENERAL,JUSTICE OF THE SUPREME COURT,NONPARTISAN,"DAVID T PROSSER, JR.",208,208
2001,APRIL,SHEBOYGAN,SHEBOYGAN CITY WARD 7,SPRING GENERAL,JUSTICE OF THE SUPREME COURT,NONPARTISAN,SCATTERING,208,0
2001,APRIL,SHEBOYGAN,SHEBOYGAN CITY WARD 8,SPRING GENERAL,JUSTICE OF THE SUPREME COURT,NONPARTISAN,"DAVID T PROSSER, JR.",360,360
2001,APRIL,SHEBOYGAN,SHEBOYGAN CITY WARD 8,SPRING GENERAL,JUSTICE OF THE SUPREME COURT,NONPARTISAN,SCATTERING,360,0
2001,APRIL,SHEBOYGAN,SHEBOYGAN CITY WARD 9,SPRING GENERAL,JUSTICE OF THE SUPREME COURT,NONPARTISAN,"DAVID T PROSSER, JR.",428,426
2001,APRIL,SHEBOYGAN,SHEBOYGAN CITY WARD 9,SPRING GENERAL,JUSTICE OF THE SUPREME COURT,NONPARTISAN,SCATTERING,428,2
2001,APRIL,SHEBOYGAN,SHEBOYGAN CITY WARD 10,SPRING GENERAL,JUSTICE OF THE SUPREME COURT,NONPARTISAN,"DAVID T PROSSER, JR.",405,405
2001,APRIL,SHEBOYGAN,SHEBOYGAN CITY WARD 10,SPRING GENERAL,JUSTICE OF THE SUPREME COURT,NONPARTISAN,SCATTERING,405,0
2001,APRIL,SHEBOYGAN,SHEBOYGAN CITY WARD 11,SPRING GENERAL,JUSTICE OF THE SUPREME COURT,NONPARTISAN,"DAVID T PROSSER, JR.",410,410
2001,APRIL,SHEBOYGAN,SHEBOYGAN CITY WARD 11,SPRING GENERAL,JUSTICE OF THE SUPREME COURT,NONPARTISAN,SCATTERING,410,0
2001,APRIL,SHEBOYGAN,SHEBOYGAN CITY WARD 12,SPRING GENERAL,JUSTICE OF THE SUPREME COURT,NONPARTISAN,"DAVID T PROSSER, JR.",264,264
2001,APRIL,SHEBOYGAN,SHEBOYGAN CITY WARD 12,SPRING GENERAL,JUSTICE OF THE SUPREME COURT,NONPARTISAN,SCATTERING,264,0
2001,APRIL,SHEBOYGAN,SHEBOYGAN CITY WARD 13,SPRING GENERAL,JUSTICE OF THE SUPREME COURT,NONPARTISAN,"DAVID T PROSSER, JR.",357,357
2001,APRIL,SHEBOYGAN,SHEBOYGAN CITY WARD 13,SPRING GENERAL,JUSTICE OF THE SUPREME COURT,NONPARTISAN,SCATTERING,357,0
2001,APRIL,SHEBOYGAN,SHEBOYGAN CITY WARD 14,SPRING GENERAL,JUSTICE OF THE SUPREME COURT,NONPARTISAN,"DAVID T PROSSER, JR.",458,457
2001,APRIL,SHEBOYGAN,SHEBOYGAN CITY WARD 14,SPRING GENERAL,JUSTICE OF THE SUPREME COURT,NONPARTISAN,SCATTERING,458,1
2001,APRIL,SHEBOYGAN,SHEBOYGAN CITY WARD 15,SPRING GENERAL,JUSTICE OF THE SUPREME COURT,NONPARTISAN,"DAVID T PROSSER, JR.",302,302
2001,APRIL,SHEBOYGAN,SHEBOYGAN CITY WARD 15,SPRING GENERAL,JUSTICE OF THE SUPREME COURT,NONPARTISAN,SCATTERING,302,0
2001,APRIL,SHEBOYGAN,SHEBOYGAN CITY WARD 16,SPRING GENERAL,JUSTICE OF THE SUPREME COURT,NONPARTISAN,"DAVID T PROSSER, JR.",152,152
2001,APRIL,SHEBOYGAN,SHEBOYGAN CITY WARD 16,SPRING GENERAL,JUSTICE OF THE SUPREME COURT,NONPARTISAN,SCATTERING,152,0
2001,APRIL,SHEBOYGAN,SHEBOYGAN FALLS CITY WARDS 1 - 7,SPRING GENERAL,JUSTICE OF THE SUPREME COURT,NONPARTISAN,"DAVID T PROSSER, JR.",477,477
2001,APRIL,SHEBOYGAN,SHEBOYGAN FALLS CITY WARDS 1 - 7,SPRING GENERAL,JUSTICE OF THE SUPREME COURT,NONPARTISAN,SCATTERING,477,0
2001,APRIL,ST. CROIX,BALDWIN TOWN WARDS 1 & 2,SPRING GENERAL,JUSTICE OF THE SUPREME COURT,NONPARTISAN,"DAVID T PROSSER, JR.",96,96
2001,APRIL,ST. CROIX,BALDWIN TOWN WARDS 1 & 2,SPRING GENERAL,JUSTICE OF THE SUPREME COURT,NONPARTISAN,SCATTERING,96,0
2001,APRIL,ST. CROIX,CADY TOWN WARD 1,SPRING GENERAL,JUSTICE OF THE SUPREME COURT,NONPARTISAN,"DAVID T PROSSER, JR.",55,55
2001,APRIL,ST. CROIX,CADY TOWN WARD 1,SPRING GENERAL,JUSTICE OF THE SUPREME COURT,NONPARTISAN,SCATTERING,55,0
2001,APRIL,ST. CROIX,CYLON TOWN WARDS 1 & 2,SPRING GENERAL,JUSTICE OF THE SUPREME COURT,NONPARTISAN,"DAVID T PROSSER, JR.",57,57
2001,APRIL,ST. CROIX,CYLON TOWN WARDS 1 & 2,SPRING GENERAL,JUSTICE OF THE SUPREME COURT,NONPARTISAN,SCATTERING,57,0
2001,APRIL,ST. CROIX,EAU GALLE TOWN WARD 1,SPRING GENERAL,JUSTICE OF THE SUPREME COURT,NONPARTISAN,"DAVID T PROSSER, JR.",142,142
2001,APRIL,ST. CROIX,EAU GALLE TOWN WARD 1,SPRING GENERAL,JUSTICE OF THE SUPREME COURT,NONPARTISAN,SCATTERING,142,0
2001,APRIL,ST. CROIX,EMERALD TOWN WARD 1,SPRING GENERAL,JUSTICE OF THE SUPREME COURT,NONPARTISAN,"DAVID T PROSSER, JR.",115,114
2001,APRIL,ST. CROIX,EMERALD TOWN WARD 1,SPRING GENERAL,JUSTICE OF THE SUPREME COURT,NONPARTISAN,SCATTERING,115,1
2001,APRIL,ST. CROIX,ERIN PRAIRIE TOWN WARD 1,SPRING GENERAL,JUSTICE OF THE SUPREME COURT,NONPARTISAN,"DAVID T PROSSER, JR.",73,73
2001,APRIL,ST. CROIX,ERIN PRAIRIE TOWN WARD 1,SPRING GENERAL,JUSTICE OF THE SUPREME COURT,NONPARTISAN,SCATTERING,73,0
2001,APRIL,ST. CROIX,FOREST TOWN WARD 1,SPRING GENERAL,JUSTICE OF THE SUPREME COURT,NONPARTISAN,"DAVID T PROSSER, JR.",67,67
2001,APRIL,ST. CROIX,FOREST TOWN WARD 1,SPRING GENERAL,JUSTICE OF THE SUPREME COURT,NONPARTISAN,SCATTERING,67,0
2001,APRIL,ST. CROIX,GLENWOOD TOWN WARD 1,SPRING GENERAL,JUSTICE OF THE SUPREME COURT,NONPARTISAN,"DAVID T PROSSER, JR.",132,131
2001,APRIL,ST. CROIX,GLENWOOD TOWN WARD 1,SPRING GENERAL,JUSTICE OF THE SUPREME COURT,NONPARTISAN,SCATTERING,132,1
2001,APRIL,ST. CROIX,HAMMOND TOWN WARDS 1 & 2,SPRING GENERAL,JUSTICE OF THE SUPREME COURT,NONPARTISAN,"DAVID T PROSSER, JR.",167,167
2001,APRIL,ST. CROIX,HAMMOND TOWN WARDS 1 & 2,SPRING GENERAL,JUSTICE OF THE SUPREME COURT,NONPARTISAN,SCATTERING,167,0
2001,APRIL,ST. CROIX,HUDSON TOWN WARDS 1 - 9,SPRING GENERAL,JUSTICE OF THE SUPREME COURT,NONPARTISAN,"DAVID T PROSSER, JR.",378,377
2001,APRIL,ST. CROIX,HUDSON TOWN WARDS 1 - 9,SPRING GENERAL,JUSTICE OF THE SUPREME COURT,NONPARTISAN,SCATTERING,378,1
2001,APRIL,ST. CROIX,KINNICKINNIC TOWN WARDS 1 & 2,SPRING GENERAL,JUSTICE OF THE SUPREME COURT,NONPARTISAN,"DAVID T PROSSER, JR.",251,250
2001,APRIL,ST. CROIX,KINNICKINNIC TOWN WARDS 1 & 2,SPRING GENERAL,JUSTICE OF THE SUPREME COURT,NONPARTISAN,SCATTERING,251,1
2001,APRIL,ST. CROIX,PLEASANT VALLEY TOWN WARD 1,SPRING GENERAL,JUSTICE OF THE SUPREME COURT,NONPARTISAN,"DAVID T PROSSER, JR.",105,105
2001,APRIL,ST. CROIX,PLEASANT VALLEY TOWN WARD 1,SPRING GENERAL,JUSTICE OF THE SUPREME COURT,NONPARTISAN,SCATTERING,105,0
2001,APRIL,ST. CROIX,RICHMOND TOWN WARDS 1 - 3,SPRING GENERAL,JUSTICE OF THE SUPREME COURT,NONPARTISAN,"DAVID T PROSSER, JR.",129,129
2001,APRIL,ST. CROIX,RICHMOND TOWN WARDS 1 - 3,SPRING GENERAL,JUSTICE OF THE SUPREME COURT,NONPARTISAN,SCATTERING,129,0
2001,APRIL,ST. CROIX,RUSH RIVER TOWN WARD 1,SPRING GENERAL,JUSTICE OF THE SUPREME COURT,NONPARTISAN,"DAVID T PROSSER, JR.",111,111
2001,APRIL,ST. CROIX,RUSH RIVER TOWN WARD 1,SPRING GENERAL,JUSTICE OF THE SUPREME COURT,NONPARTISAN,SCATTERING,111,0
2001,APRIL,ST. CROIX,ST JOSEPH TOWN WARDS 1 - 5,SPRING GENERAL,JUSTICE OF THE SUPREME COURT,NONPARTISAN,"DAVID T PROSSER, JR.",232,232
2001,APRIL,ST. CROIX,ST JOSEPH TOWN WARDS 1 - 5,SPRING GENERAL,JUSTICE OF THE SUPREME COURT,NONPARTISAN,SCATTERING,232,0
2001,APRIL,ST. CROIX,SOMERSET TOWN WARDS 1 - 4,SPRING GENERAL,JUSTICE OF THE SUPREME COURT,NONPARTISAN,"DAVID T PROSSER, JR.",161,160
2001,APRIL,ST. CROIX,SOMERSET TOWN WARDS 1 - 4,SPRING GENERAL,JUSTICE OF THE SUPREME COURT,NONPARTISAN,SCATTERING,161,1
2001,APRIL,ST. CROIX,SPRINGFIELD TOWN WARD 1,SPRING GENERAL,JUSTICE OF THE SUPREME COURT,NONPARTISAN,"DAVID T PROSSER, JR.",59,59
2001,APRIL,ST. CROIX,SPRINGFIELD TOWN WARD 1,SPRING GENERAL,JUSTICE OF THE SUPREME COURT,NONPARTISAN,SCATTERING,59,0
2001,APRIL,ST. CROIX,STANTON TOWN WARDS 1 & 2,SPRING GENERAL,JUSTICE OF THE SUPREME COURT,NONPARTISAN,"DAVID T PROSSER, JR.",123,123
2001,APRIL,ST. CROIX,STANTON TOWN WARDS 1 & 2,SPRING GENERAL,JUSTICE OF THE SUPREME COURT,NONPARTISAN,SCATTERING,123,0
2001,APRIL,ST. CROIX,STAR PRAIRIE TOWN WARDS 1 - 3,SPRING GENERAL,JUSTICE OF THE SUPREME COURT,NONPARTISAN,"DAVID T PROSSER, JR.",144,144
2001,APRIL,ST. CROIX,STAR PRAIRIE TOWN WARDS 1 - 3,SPRING GENERAL,JUSTICE OF THE SUPREME COURT,NONPARTISAN,SCATTERING,144,0
2001,APRIL,ST. CROIX,TROY TOWN WARDS 1 - 6,SPRING GENERAL,JUSTICE OF THE SUPREME COURT,NONPARTISAN,"DAVID T PROSSER, JR.",869,868
2001,APRIL,ST. CROIX,TROY TOWN WARDS 1 - 6,SPRING GENERAL,JUSTICE OF THE SUPREME COURT,NONPARTISAN,SCATTERING,869,1
2001,APRIL,ST. CROIX,WARREN TOWN WARDS 1 & 2,SPRING GENERAL,JUSTICE OF THE SUPREME COURT,NONPARTISAN,"DAVID T PROSSER, JR.",214,214
2001,APRIL,ST. CROIX,WARREN TOWN WARDS 1 & 2,SPRING GENERAL,JUSTICE OF THE SUPREME COURT,NONPARTISAN,SCATTERING,214,0
2001,APRIL,ST. CROIX,BALDWIN VILLAGE WARDS 1 - 3,SPRING GENERAL,JUSTICE OF THE SUPREME COURT,NONPARTISAN,"DAVID T PROSSER, JR.",213,213
2001,APRIL,ST. CROIX,BALDWIN VILLAGE WARDS 1 - 3,SPRING GENERAL,JUSTICE OF THE SUPREME COURT,NONPARTISAN,SCATTERING,213,0
2001,APRIL,ST. CROIX,DEER PARK VILLAGE WARD 1,SPRING GENERAL,JUSTICE OF THE SUPREME COURT,NONPARTISAN,"DAVID T PROSSER, JR.",27,27
2001,APRIL,ST. CROIX,DEER PARK VILLAGE WARD 1,SPRING GENERAL,JUSTICE OF THE SUPREME COURT,NONPARTISAN,SCATTERING,27,0
2001,APRIL,ST. CROIX,HAMMOND VILLAGE WARDS 1 & 2,SPRING GENERAL,JUSTICE OF THE SUPREME COURT,NONPARTISAN,"DAVID T PROSSER, JR.",222,221
2001,APRIL,ST. CROIX,HAMMOND VILLAGE WARDS 1 & 2,SPRING GENERAL,JUSTICE OF THE SUPREME COURT,NONPARTISAN,SCATTERING,222,1
2001,APRIL,ST. CROIX,NORTH HUDSON VILLAGE WARDS 1 - 5,SPRING GENERAL,JUSTICE OF THE SUPREME COURT,NONPARTISAN,"DAVID T PROSSER, JR.",297,297
2001,APRIL,ST. CROIX,NORTH HUDSON VILLAGE WARDS 1 - 5,SPRING GENERAL,JUSTICE OF THE SUPREME COURT,NONPARTISAN,SCATTERING,297,0
2001,APRIL,ST. CROIX,ROBERTS VILLAGE WARD 1,SPRING GENERAL,JUSTICE OF THE SUPREME COURT,NONPARTISAN,"DAVID T PROSSER, JR.",189,187
2001,APRIL,ST. CROIX,ROBERTS VILLAGE WARD 1,SPRING GENERAL,JUSTICE OF THE SUPREME COURT,NONPARTISAN,SCATTERING,189,2
2001,APRIL,ST. CROIX,SOMERSET VILLAGE WARDS 1 & 2,SPRING GENERAL,JUSTICE OF THE SUPREME COURT,NONPARTISAN,"DAVID T PROSSER, JR.",288,286
2001,APRIL,ST. CROIX,SOMERSET VILLAGE WARDS 1 & 2,SPRING GENERAL,JUSTICE OF THE SUPREME COURT,NONPARTISAN,SCATTERING,288,2
2001,APRIL,ST. CROIX,STAR PRAIRIE VILLAGE WARD 1,SPRING GENERAL,JUSTICE OF THE SUPREME COURT,NONPARTISAN,"DAVID T PROSSER, JR.",60,60
2001,APRIL,ST. CROIX,STAR PRAIRIE VILLAGE WARD 1,SPRING GENERAL,JUSTICE OF THE SUPREME COURT,NONPARTISAN,SCATTERING,60,0
2001,APRIL,ST. CROIX,SPRING VALLEY VILLAGE WARD 3,SPRING GENERAL,JUSTICE OF THE SUPREME COURT,NONPARTISAN,"DAVID T PROSSER, JR.",0,0
2001,APRIL,ST. CROIX,SPRING VALLEY VILLAGE WARD 3,SPRING GENERAL,JUSTICE OF THE SUPREME COURT,NONPARTISAN,SCATTERING,0,0
2001,APRIL,ST. CROIX,WILSON VILLAGE WARD 1,SPRING GENERAL,JUSTICE OF THE SUPREME COURT,NONPARTISAN,"DAVID T PROSSER, JR.",30,30
2001,APRIL,ST. CROIX,WILSON VILLAGE WARD 1,SPRING GENERAL,JUSTICE OF THE SUPREME COURT,NONPARTISAN,SCATTERING,30,0
2001,APRIL,ST. CROIX,WOODVILLE VILLAGE WARD 1,SPRING GENERAL,JUSTICE OF THE SUPREME COURT,NONPARTISAN,"DAVID T PROSSER, JR.",148,148
2001,APRIL,ST. CROIX,WOODVILLE VILLAGE WARD 1,SPRING GENERAL,JUSTICE OF THE SUPREME COURT,NONPARTISAN,SCATTERING,148,0
2001,APRIL,ST. CROIX,GLENWOOD CITY CITY WARDS 1 & 2,SPRING GENERAL,JUSTICE OF THE SUPREME COURT,NONPARTISAN,"DAVID T PROSSER, JR.",177,177
2001,APRIL,ST. CROIX,GLENWOOD CITY CITY WARDS 1 & 2,SPRING GENERAL,JUSTICE OF THE SUPREME COURT,NONPARTISAN,SCATTERING,177,0
2001,APRIL,ST. CROIX,HUDSON CITY WARDS 1 & 2,SPRING GENERAL,JUSTICE OF THE SUPREME COURT,NONPARTISAN,"DAVID T PROSSER, JR.",112,109
2001,APRIL,ST. CROIX,HUDSON CITY WARDS 1 & 2,SPRING GENERAL,JUSTICE OF THE SUPREME COURT,NONPARTISAN,SCATTERING,112,3
2001,APRIL,ST. CROIX,HUDSON CITY WARDS 3 & 4,SPRING GENERAL,JUSTICE OF THE SUPREME COURT,NONPARTISAN,"DAVID T PROSSER, JR.",161,161
2001,APRIL,ST. CROIX,HUDSON CITY WARDS 3 & 4,SPRING GENERAL,JUSTICE OF THE SUPREME COURT,NONPARTISAN,SCATTERING,161,0
2001,APRIL,ST. CROIX,HUDSON CITY WARDS 5 & 6,SPRING GENERAL,JUSTICE OF THE SUPREME COURT,NONPARTISAN,"DAVID T PROSSER, JR.",83,82
2001,APRIL,ST. CROIX,HUDSON CITY WARDS 5 & 6,SPRING GENERAL,JUSTICE OF THE SUPREME COURT,NONPARTISAN,SCATTERING,83,1
2001,APRIL,ST. CROIX,HUDSON CITY WARDS 7 & 8,SPRING GENERAL,JUSTICE OF THE SUPREME COURT,NONPARTISAN,"DAVID T PROSSER, JR.",106,106
2001,APRIL,ST. CROIX,HUDSON CITY WARDS 7 & 8,SPRING GENERAL,JUSTICE OF THE SUPREME COURT,NONPARTISAN,SCATTERING,106,0
2001,APRIL,ST. CROIX,HUDSON CITY WARDS 9 & 10,SPRING GENERAL,JUSTICE OF THE SUPREME COURT,NONPARTISAN,"DAVID T PROSSER, JR.",80,79
2001,APRIL,ST. CROIX,HUDSON CITY WARDS 9 & 10,SPRING GENERAL,JUSTICE OF THE SUPREME COURT,NONPARTISAN,SCATTERING,80,1
2001,APRIL,ST. CROIX,HUDSON CITY WARDS 11 & 12,SPRING GENERAL,JUSTICE OF THE SUPREME COURT,NONPARTISAN,"DAVID T PROSSER, JR.",182,182
2001,APRIL,ST. CROIX,HUDSON CITY WARDS 11 & 12,SPRING GENERAL,JUSTICE OF THE SUPREME COURT,NONPARTISAN,SCATTERING,182,0
2001,APRIL,ST. CROIX,NEW RICHMOND CITY WARDS 1 - 3,SPRING GENERAL,JUSTICE OF THE SUPREME COURT,NONPARTISAN,"DAVID T PROSSER, JR.",36,36
2001,APRIL,ST. CROIX,NEW RICHMOND CITY WARDS 1 - 3,SPRING GENERAL,JUSTICE OF THE SUPREME COURT,NONPARTISAN,SCATTERING,36,0
2001,APRIL,ST. CROIX,NEW RICHMOND CITY WARDS 4 & 5,SPRING GENERAL,JUSTICE OF THE SUPREME COURT,NONPARTISAN,"DAVID T PROSSER, JR.",72,72
2001,APRIL,ST. CROIX,NEW RICHMOND CITY WARDS 4 & 5,SPRING GENERAL,JUSTICE OF THE SUPREME COURT,NONPARTISAN,SCATTERING,72,0
2001,APRIL,ST. CROIX,NEW RICHMOND CITY WARD 6,SPRING GENERAL,JUSTICE OF THE SUPREME COURT,NONPARTISAN,"DAVID T PROSSER, JR.",72,72
2001,APRIL,ST. CROIX,NEW RICHMOND CITY WARD 6,SPRING GENERAL,JUSTICE OF THE SUPREME COURT,NONPARTISAN,SCATTERING,72,0
2001,APRIL,ST. CROIX,NEW RICHMOND CITY WARD 7,SPRING GENERAL,JUSTICE OF THE SUPREME COURT,NONPARTISAN,"DAVID T PROSSER, JR.",57,57
2001,APRIL,ST. CROIX,NEW RICHMOND CITY WARD 7,SPRING GENERAL,JUSTICE OF THE SUPREME COURT,NONPARTISAN,SCATTERING,57,0
2001,APRIL,ST. CROIX,NEW RICHMOND CITY WARD 8,SPRING GENERAL,JUSTICE OF THE SUPREME COURT,NONPARTISAN,"DAVID T PROSSER, JR.",90,90
2001,APRIL,ST. CROIX,NEW RICHMOND CITY WARD 8,SPRING GENERAL,JUSTICE OF THE SUPREME COURT,NONPARTISAN,SCATTERING,90,0
2001,APRIL,ST. CROIX,NEW RICHMOND CITY WARDS 9 & 10,SPRING GENERAL,JUSTICE OF THE SUPREME COURT,NONPARTISAN,"DAVID T PROSSER, JR.",121,119
2001,APRIL,ST. CROIX,NEW RICHMOND CITY WARDS 9 & 10,SPRING GENERAL,JUSTICE OF THE SUPREME COURT,NONPARTISAN,SCATTERING,121,2
2001,APRIL,ST. CROIX,RIVER FALLS CITY WARD 1,SPRING GENERAL,JUSTICE OF THE SUPREME COURT,NONPARTISAN,"DAVID T PROSSER, JR.",167,165
2001,APRIL,ST. CROIX,RIVER FALLS CITY WARD 1,SPRING GENERAL,JUSTICE OF THE SUPREME COURT,NONPARTISAN,SCATTERING,167,2
2001,APRIL,ST. CROIX,RIVER FALLS CITY WARD 2,SPRING GENERAL,JUSTICE OF THE SUPREME COURT,NONPARTISAN,"DAVID T PROSSER, JR.",38,38
2001,APRIL,ST. CROIX,RIVER FALLS CITY WARD 2,SPRING GENERAL,JUSTICE OF THE SUPREME COURT,NONPARTISAN,SCATTERING,38,0
2001,APRIL,TAYLOR,AURORA TOWN WARD 1,SPRING GENERAL,JUSTICE OF THE SUPREME COURT,NONPARTISAN,"DAVID T PROSSER, JR.",55,55
2001,APRIL,TAYLOR,AURORA TOWN WARD 1,SPRING GENERAL,JUSTICE OF THE SUPREME COURT,NONPARTISAN,SCATTERING,55,0
2001,APRIL,TAYLOR,BROWNING TOWN WARD 1,SPRING GENERAL,JUSTICE OF THE SUPREME COURT,NONPARTISAN,"DAVID T PROSSER, JR.",177,177
2001,APRIL,TAYLOR,BROWNING TOWN WARD 1,SPRING GENERAL,JUSTICE OF THE SUPREME COURT,NONPARTISAN,SCATTERING,177,0
2001,APRIL,TAYLOR,CHELSEA TOWN WARD 1,SPRING GENERAL,JUSTICE OF THE SUPREME COURT,NONPARTISAN,"DAVID T PROSSER, JR.",75,75
2001,APRIL,TAYLOR,CHELSEA TOWN WARD 1,SPRING GENERAL,JUSTICE OF THE SUPREME COURT,NONPARTISAN,SCATTERING,75,0
2001,APRIL,TAYLOR,CLEVELAND TOWN WARD 1,SPRING GENERAL,JUSTICE OF THE SUPREME COURT,NONPARTISAN,"DAVID T PROSSER, JR.",52,52
2001,APRIL,TAYLOR,CLEVELAND TOWN WARD 1,SPRING GENERAL,JUSTICE OF THE SUPREME COURT,NONPARTISAN,SCATTERING,52,0
2001,APRIL,TAYLOR,DEER CREEK TOWN WARD 1,SPRING GENERAL,JUSTICE OF THE SUPREME COURT,NONPARTISAN,"DAVID T PROSSER, JR.",60,60
2001,APRIL,TAYLOR,DEER CREEK TOWN WARD 1,SPRING GENERAL,JUSTICE OF THE SUPREME COURT,NONPARTISAN,SCATTERING,60,0
2001,APRIL,TAYLOR,FORD TOWN WARDS 1 & 2,SPRING GENERAL,JUSTICE OF THE SUPREME COURT,NONPARTISAN,"DAVID T PROSSER, JR.",56,56
2001,APRIL,TAYLOR,FORD TOWN WARDS 1 & 2,SPRING GENERAL,JUSTICE OF THE SUPREME COURT,NONPARTISAN,SCATTERING,56,0
2001,APRIL,TAYLOR,GOODRICH TOWN WARD 1,SPRING GENERAL,JUSTICE OF THE SUPREME COURT,NONPARTISAN,"DAVID T PROSSER, JR.",107,107
2001,APRIL,TAYLOR,GOODRICH TOWN WARD 1,SPRING GENERAL,JUSTICE OF THE SUPREME COURT,NONPARTISAN,SCATTERING,107,0
2001,APRIL,TAYLOR,GREENWOOD TOWN WARD 1,SPRING GENERAL,JUSTICE OF THE SUPREME COURT,NONPARTISAN,"DAVID T PROSSER, JR.",48,48
2001,APRIL,TAYLOR,GREENWOOD TOWN WARD 1,SPRING GENERAL,JUSTICE OF THE SUPREME COURT,NONPARTISAN,SCATTERING,48,0
2001,APRIL,TAYLOR,GROVER TOWN WARD 1,SPRING GENERAL,JUSTICE OF THE SUPREME COURT,NONPARTISAN,"DAVID T PROSSER, JR.",42,42
2001,APRIL,TAYLOR,GROVER TOWN WARD 1,SPRING GENERAL,JUSTICE OF THE SUPREME COURT,NONPARTISAN,SCATTERING,42,0
2001,APRIL,TAYLOR,HAMMEL TOWN WARD 1,SPRING GENERAL,JUSTICE OF THE SUPREME COURT,NONPARTISAN,"DAVID T PROSSER, JR.",62,62
2001,APRIL,TAYLOR,HAMMEL TOWN WARD 1,SPRING GENERAL,JUSTICE OF THE SUPREME COURT,NONPARTISAN,SCATTERING,62,0
2001,APRIL,TAYLOR,HOLWAY TOWN WARD 1,SPRING GENERAL,JUSTICE OF THE SUPREME COURT,NONPARTISAN,"DAVID T PROSSER, JR.",56,56
2001,APRIL,TAYLOR,HOLWAY TOWN WARD 1,SPRING GENERAL,JUSTICE OF THE SUPREME COURT,NONPARTISAN,SCATTERING,56,0
2001,APRIL,TAYLOR,JUMP RIVER TOWN WARD 1,SPRING GENERAL,JUSTICE OF THE SUPREME COURT,NONPARTISAN,"DAVID T PROSSER, JR.",48,48
2001,APRIL,TAYLOR,JUMP RIVER TOWN WARD 1,SPRING GENERAL,JUSTICE OF THE SUPREME COURT,NONPARTISAN,SCATTERING,48,0
2001,APRIL,TAYLOR,LITTLE BLACK TOWN WARD 1,SPRING GENERAL,JUSTICE OF THE SUPREME COURT,NONPARTISAN,"DAVID T PROSSER, JR.",104,104
2001,APRIL,TAYLOR,LITTLE BLACK TOWN WARD 1,SPRING GENERAL,JUSTICE OF THE SUPREME COURT,NONPARTISAN,SCATTERING,104,0
2001,APRIL,TAYLOR,MAPLEHURST TOWN WARD 1,SPRING GENERAL,JUSTICE OF THE SUPREME COURT,NONPARTISAN,"DAVID T PROSSER, JR.",48,48
2001,APRIL,TAYLOR,MAPLEHURST TOWN WARD 1,SPRING GENERAL,JUSTICE OF THE SUPREME COURT,NONPARTISAN,SCATTERING,48,0
2001,APRIL,TAYLOR,MCKINLEY TOWN WARD 1,SPRING GENERAL,JUSTICE OF THE SUPREME COURT,NONPARTISAN,"DAVID T PROSSER, JR.",70,70
2001,APRIL,TAYLOR,MCKINLEY TOWN WARD 1,SPRING GENERAL,JUSTICE OF THE SUPREME COURT,NONPARTISAN,SCATTERING,70,0
2001,APRIL,TAYLOR,MEDFORD TOWN WARDS 1 - 3,SPRING GENERAL,JUSTICE OF THE SUPREME COURT,NONPARTISAN,"DAVID T PROSSER, JR.",272,272
2001,APRIL,TAYLOR,MEDFORD TOWN WARDS 1 - 3,SPRING GENERAL,JUSTICE OF THE SUPREME COURT,NONPARTISAN,SCATTERING,272,0
2001,APRIL,TAYLOR,MOLITOR TOWN WARD 1,SPRING GENERAL,JUSTICE OF THE SUPREME COURT,NONPARTISAN,"DAVID T PROSSER, JR.",37,37
2001,APRIL,TAYLOR,MOLITOR TOWN WARD 1,SPRING GENERAL,JUSTICE OF THE SUPREME COURT,NONPARTISAN,SCATTERING,37,0
2001,APRIL,TAYLOR,PERSHING TOWN WARD 1,SPRING GENERAL,JUSTICE OF THE SUPREME COURT,NONPARTISAN,"DAVID T PROSSER, JR.",36,36
2001,APRIL,TAYLOR,PERSHING TOWN WARD 1,SPRING GENERAL,JUSTICE OF THE SUPREME COURT,NONPARTISAN,SCATTERING,36,0
2001,APRIL,TAYLOR,RIB LAKE TOWN WARDS 1 & 2,SPRING GENERAL,JUSTICE OF THE SUPREME COURT,NONPARTISAN,"DAVID T PROSSER, JR.",76,76
2001,APRIL,TAYLOR,RIB LAKE TOWN WARDS 1 & 2,SPRING GENERAL,JUSTICE OF THE SUPREME COURT,NONPARTISAN,SCATTERING,76,0
2001,APRIL,TAYLOR,ROOSEVELT TOWN WARD 1,SPRING GENERAL,JUSTICE OF THE SUPREME COURT,NONPARTISAN,"DAVID T PROSSER, JR.",52,52
2001,APRIL,TAYLOR,ROOSEVELT TOWN WARD 1,SPRING GENERAL,JUSTICE OF THE SUPREME COURT,NONPARTISAN,SCATTERING,52,0
2001,APRIL,TAYLOR,TAFT TOWN WARD 1,SPRING GENERAL,JUSTICE OF THE SUPREME COURT,NONPARTISAN,"DAVID T PROSSER, JR.",61,61
2001,APRIL,TAYLOR,TAFT TOWN WARD 1,SPRING GENERAL,JUSTICE OF THE SUPREME COURT,NONPARTISAN,SCATTERING,61,0
2001,APRIL,TAYLOR,WESTBORO TOWN WARD 1,SPRING GENERAL,JUSTICE OF THE SUPREME COURT,NONPARTISAN,"DAVID T PROSSER, JR.",79,79
2001,APRIL,TAYLOR,WESTBORO TOWN WARD 1,SPRING GENERAL,JUSTICE OF THE SUPREME COURT,NONPARTISAN,SCATTERING,79,0
2001,APRIL,TAYLOR,GILMAN VILLAGE WARD 1,SPRING GENERAL,JUSTICE OF THE SUPREME COURT,NONPARTISAN,"DAVID T PROSSER, JR.",112,112
2001,APRIL,TAYLOR,GILMAN VILLAGE WARD 1,SPRING GENERAL,JUSTICE OF THE SUPREME COURT,NONPARTISAN,SCATTERING,112,0
2001,APRIL,TAYLOR,LUBLIN VILLAGE WARD 1,SPRING GENERAL,JUSTICE OF THE SUPREME COURT,NONPARTISAN,"DAVID T PROSSER, JR.",35,35
2001,APRIL,TAYLOR,LUBLIN VILLAGE WARD 1,SPRING GENERAL,JUSTICE OF THE SUPREME COURT,NONPARTISAN,SCATTERING,35,0
2001,APRIL,TAYLOR,RIB LAKE VILLAGE WARD 1,SPRING GENERAL,JUSTICE OF THE SUPREME COURT,NONPARTISAN,"DAVID T PROSSER, JR.",157,157
2001,APRIL,TAYLOR,RIB LAKE VILLAGE WARD 1,SPRING GENERAL,JUSTICE OF THE SUPREME COURT,NONPARTISAN,SCATTERING,157,0
2001,APRIL,TAYLOR,STETSONVILLE VILLAGE WARD 1,SPRING GENERAL,JUSTICE OF THE SUPREME COURT,NONPARTISAN,"DAVID T PROSSER, JR.",67,67
2001,APRIL,TAYLOR,STETSONVILLE VILLAGE WARD 1,SPRING GENERAL,JUSTICE OF THE SUPREME COURT,NONPARTISAN,SCATTERING,67,0
2001,APRIL,TAYLOR,MEDFORD CITY WARDS 1 & 2,SPRING GENERAL,JUSTICE OF THE SUPREME COURT,NONPARTISAN,"DAVID T PROSSER, JR.",112,112
2001,APRIL,TAYLOR,MEDFORD CITY WARDS 1 & 2,SPRING GENERAL,JUSTICE OF THE SUPREME COURT,NONPARTISAN,SCATTERING,112,0
2001,APRIL,TAYLOR,MEDFORD CITY WARDS 3 & 4,SPRING GENERAL,JUSTICE OF THE SUPREME COURT,NONPARTISAN,"DAVID T PROSSER, JR.",111,110
2001,APRIL,TAYLOR,MEDFORD CITY WARDS 3 & 4,SPRING GENERAL,JUSTICE OF THE SUPREME COURT,NONPARTISAN,SCATTERING,111,1
2001,APRIL,TAYLOR,MEDFORD CITY WARDS 5 & 6,SPRING GENERAL,JUSTICE OF THE SUPREME COURT,NONPARTISAN,"DAVID T PROSSER, JR.",105,104
2001,APRIL,TAYLOR,MEDFORD CITY WARDS 5 & 6,SPRING GENERAL,JUSTICE OF THE SUPREME COURT,NONPARTISAN,SCATTERING,105,1
2001,APRIL,TAYLOR,MEDFORD CITY WARDS 7 & 8,SPRING GENERAL,JUSTICE OF THE SUPREME COURT,NONPARTISAN,"DAVID T PROSSER, JR.",89,88
2001,APRIL,TAYLOR,MEDFORD CITY WARDS 7 & 8,SPRING GENERAL,JUSTICE OF THE SUPREME COURT,NONPARTISAN,SCATTERING,89,1
2001,APRIL,TREMPEALEAU,ALBION TOWN WARD 1,SPRING GENERAL,JUSTICE OF THE SUPREME COURT,NONPARTISAN,"DAVID T PROSSER, JR.",67,67
2001,APRIL,TREMPEALEAU,ALBION TOWN WARD 1,SPRING GENERAL,JUSTICE OF THE SUPREME COURT,NONPARTISAN,SCATTERING,67,0
2001,APRIL,TREMPEALEAU,ARCADIA TOWN WARDS 1 - 3,SPRING GENERAL,JUSTICE OF THE SUPREME COURT,NONPARTISAN,"DAVID T PROSSER, JR.",336,336
2001,APRIL,TREMPEALEAU,ARCADIA TOWN WARDS 1 - 3,SPRING GENERAL,JUSTICE OF THE SUPREME COURT,NONPARTISAN,SCATTERING,336,0
2001,APRIL,TREMPEALEAU,BURNSIDE TOWN WARDS 1 & 2,SPRING GENERAL,JUSTICE OF THE SUPREME COURT,NONPARTISAN,"DAVID T PROSSER, JR.",77,77
2001,APRIL,TREMPEALEAU,BURNSIDE TOWN WARDS 1 & 2,SPRING GENERAL,JUSTICE OF THE SUPREME COURT,NONPARTISAN,SCATTERING,77,0
2001,APRIL,TREMPEALEAU,CALEDONIA TOWN WARD 1,SPRING GENERAL,JUSTICE OF THE SUPREME COURT,NONPARTISAN,"DAVID T PROSSER, JR.",56,56
2001,APRIL,TREMPEALEAU,CALEDONIA TOWN WARD 1,SPRING GENERAL,JUSTICE OF THE SUPREME COURT,NONPARTISAN,SCATTERING,56,0
2001,APRIL,TREMPEALEAU,CHIMNEY ROCK TOWN WARD 1,SPRING GENERAL,JUSTICE OF THE SUPREME COURT,NONPARTISAN,"DAVID T PROSSER, JR.",39,39
2001,APRIL,TREMPEALEAU,CHIMNEY ROCK TOWN WARD 1,SPRING GENERAL,JUSTICE OF THE SUPREME COURT,NONPARTISAN,SCATTERING,39,0
2001,APRIL,TREMPEALEAU,DODGE TOWN WARD 1,SPRING GENERAL,JUSTICE OF THE SUPREME COURT,NONPARTISAN,"DAVID T PROSSER, JR.",28,28
2001,APRIL,TREMPEALEAU,DODGE TOWN WARD 1,SPRING GENERAL,JUSTICE OF THE SUPREME COURT,NONPARTISAN,SCATTERING,28,0
2001,APRIL,TREMPEALEAU,ETTRICK TOWN WARDS 1 & 2,SPRING GENERAL,JUSTICE OF THE SUPREME COURT,NONPARTISAN,"DAVID T PROSSER, JR.",71,71
2001,APRIL,TREMPEALEAU,ETTRICK TOWN WARDS 1 & 2,SPRING GENERAL,JUSTICE OF THE SUPREME COURT,NONPARTISAN,SCATTERING,71,0
2001,APRIL,TREMPEALEAU,GALE TOWN WARDS 1 - 3,SPRING GENERAL,JUSTICE OF THE SUPREME COURT,NONPARTISAN,"DAVID T PROSSER, JR.",113,113
2001,APRIL,TREMPEALEAU,GALE TOWN WARDS 1 - 3,SPRING GENERAL,JUSTICE OF THE SUPREME COURT,NONPARTISAN,SCATTERING,113,0
2001,APRIL,TREMPEALEAU,HALE TOWN WARD 1,SPRING GENERAL,JUSTICE OF THE SUPREME COURT,NONPARTISAN,"DAVID T PROSSER, JR.",136,136
2001,APRIL,TREMPEALEAU,HALE TOWN WARD 1,SPRING GENERAL,JUSTICE OF THE SUPREME COURT,NONPARTISAN,SCATTERING,136,0
2001,APRIL,TREMPEALEAU,LINCOLN TOWN WARDS 1 & 2,SPRING GENERAL,JUSTICE OF THE SUPREME COURT,NONPARTISAN,"DAVID T PROSSER, JR.",64,64
2001,APRIL,TREMPEALEAU,LINCOLN TOWN WARDS 1 & 2,SPRING GENERAL,JUSTICE OF THE SUPREME COURT,NONPARTISAN,SCATTERING,64,0
2001,APRIL,TREMPEALEAU,PIGEON TOWN WARDS 1 & 2,SPRING GENERAL,JUSTICE OF THE SUPREME COURT,NONPARTISAN,"DAVID T PROSSER, JR.",42,42
2001,APRIL,TREMPEALEAU,PIGEON TOWN WARDS 1 & 2,SPRING GENERAL,JUSTICE OF THE SUPREME COURT,NONPARTISAN,SCATTERING,42,0
2001,APRIL,TREMPEALEAU,PRESTON TOWN WARDS 1 - 4,SPRING GENERAL,JUSTICE OF THE SUPREME COURT,NONPARTISAN,"DAVID T PROSSER, JR.",84,84
2001,APRIL,TREMPEALEAU,PRESTON TOWN WARDS 1 - 4,SPRING GENERAL,JUSTICE OF THE SUPREME COURT,NONPARTISAN,SCATTERING,84,0
2001,APRIL,TREMPEALEAU,SUMNER TOWN WARD 1,SPRING GENERAL,JUSTICE OF THE SUPREME COURT,NONPARTISAN,"DAVID T PROSSER, JR.",68,68
2001,APRIL,TREMPEALEAU,SUMNER TOWN WARD 1,SPRING GENERAL,JUSTICE OF THE SUPREME COURT,NONPARTISAN,SCATTERING,68,0
2001,APRIL,TREMPEALEAU,TREMPEALEAU TOWN WARDS 1 - 3,SPRING GENERAL,JUSTICE OF THE SUPREME COURT,NONPARTISAN,"DAVID T PROSSER, JR.",77,77
2001,APRIL,TREMPEALEAU,TREMPEALEAU TOWN WARDS 1 - 3,SPRING GENERAL,JUSTICE OF THE SUPREME COURT,NONPARTISAN,SCATTERING,77,0
2001,APRIL,TREMPEALEAU,UNITY TOWN WARDS 1 & 2,SPRING GENERAL,JUSTICE OF THE SUPREME COURT,NONPARTISAN,"DAVID T PROSSER, JR.",60,60
2001,APRIL,TREMPEALEAU,UNITY TOWN WARDS 1 & 2,SPRING GENERAL,JUSTICE OF THE SUPREME COURT,NONPARTISAN,SCATTERING,60,0
2001,APRIL,TREMPEALEAU,ELEVA VILLAGE WARD 1,SPRING GENERAL,JUSTICE OF THE SUPREME COURT,NONPARTISAN,"DAVID T PROSSER, JR.",53,53
2001,APRIL,TREMPEALEAU,ELEVA VILLAGE WARD 1,SPRING GENERAL,JUSTICE OF THE SUPREME COURT,NONPARTISAN,SCATTERING,53,0
2001,APRIL,TREMPEALEAU,ETTRICK VILLAGE WARD 1,SPRING GENERAL,JUSTICE OF THE SUPREME COURT,NONPARTISAN,"DAVID T PROSSER, JR.",45,45
2001,APRIL,TREMPEALEAU,ETTRICK VILLAGE WARD 1,SPRING GENERAL,JUSTICE OF THE SUPREME COURT,NONPARTISAN,SCATTERING,45,0
2001,APRIL,TREMPEALEAU,PIGEON FALLS VILLAGE WARD 1,SPRING GENERAL,JUSTICE OF THE SUPREME COURT,NONPARTISAN,"DAVID T PROSSER, JR.",46,46
2001,APRIL,TREMPEALEAU,PIGEON FALLS VILLAGE WARD 1,SPRING GENERAL,JUSTICE OF THE SUPREME COURT,NONPARTISAN,SCATTERING,46,0
2001,APRIL,TREMPEALEAU,STRUM VILLAGE WARD 1,SPRING GENERAL,JUSTICE OF THE SUPREME COURT,NONPARTISAN,"DAVID T PROSSER, JR.",166,166
2001,APRIL,TREMPEALEAU,STRUM VILLAGE WARD 1,SPRING GENERAL,JUSTICE OF THE SUPREME COURT,NONPARTISAN,SCATTERING,166,0
2001,APRIL,TREMPEALEAU,TREMPEALEAU VILLAGE WARDS 1 & 2,SPRING GENERAL,JUSTICE OF THE SUPREME COURT,NONPARTISAN,"DAVID T PROSSER, JR.",194,192
2001,APRIL,TREMPEALEAU,TREMPEALEAU VILLAGE WARDS 1 & 2,SPRING GENERAL,JUSTICE OF THE SUPREME COURT,NONPARTISAN,SCATTERING,194,2
2001,APRIL,TREMPEALEAU,ARCADIA CITY WARDS 1 - 4,SPRING GENERAL,JUSTICE OF THE SUPREME COURT,NONPARTISAN,"DAVID T PROSSER, JR.",87,86
2001,APRIL,TREMPEALEAU,ARCADIA CITY WARDS 1 - 4,SPRING GENERAL,JUSTICE OF THE SUPREME COURT,NONPARTISAN,SCATTERING,87,1
2001,APRIL,TREMPEALEAU,BLAIR CITY WARDS 1 - 3,SPRING GENERAL,JUSTICE OF THE SUPREME COURT,NONPARTISAN,"DAVID T PROSSER, JR.",120,120
2001,APRIL,TREMPEALEAU,BLAIR CITY WARDS 1 - 3,SPRING GENERAL,JUSTICE OF THE SUPREME COURT,NONPARTISAN,SCATTERING,120,0
2001,APRIL,TREMPEALEAU,GALESVILLE CITY WARDS 1 - 3,SPRING GENERAL,JUSTICE OF THE SUPREME COURT,NONPARTISAN,"DAVID T PROSSER, JR.",173,173
2001,APRIL,TREMPEALEAU,GALESVILLE CITY WARDS 1 - 3,SPRING GENERAL,JUSTICE OF THE SUPREME COURT,NONPARTISAN,SCATTERING,173,0
2001,APRIL,TREMPEALEAU,INDEPENDENCE CITY WARDS 1 - 3,SPRING GENERAL,JUSTICE OF THE SUPREME COURT,NONPARTISAN,"DAVID T PROSSER, JR.",101,101
2001,APRIL,TREMPEALEAU,INDEPENDENCE CITY WARDS 1 - 3,SPRING GENERAL,JUSTICE OF THE SUPREME COURT,NONPARTISAN,SCATTERING,101,0
2001,APRIL,TREMPEALEAU,OSSEO CITY WARDS 1 - 4,SPRING GENERAL,JUSTICE OF THE SUPREME COURT,NONPARTISAN,"DAVID T PROSSER, JR.",192,192
2001,APRIL,TREMPEALEAU,OSSEO CITY WARDS 1 - 4,SPRING GENERAL,JUSTICE OF THE SUPREME COURT,NONPARTISAN,SCATTERING,192,0
2001,APRIL,TREMPEALEAU,WHITEHALL CITY WARDS 1 - 4,SPRING GENERAL,JUSTICE OF THE SUPREME COURT,NONPARTISAN,"DAVID T PROSSER, JR.",155,155
2001,APRIL,TREMPEALEAU,WHITEHALL CITY WARDS 1 - 4,SPRING GENERAL,JUSTICE OF THE SUPREME COURT,NONPARTISAN,SCATTERING,155,0
2001,APRIL,VERNON,BERGEN TOWN WARDS 1 - 3,SPRING GENERAL,JUSTICE OF THE SUPREME COURT,NONPARTISAN,"DAVID T PROSSER, JR.",260,260
2001,APRIL,VERNON,BERGEN TOWN WARDS 1 - 3,SPRING GENERAL,JUSTICE OF THE SUPREME COURT,NONPARTISAN,SCATTERING,260,0
2001,APRIL,VERNON,CHRISTIANA TOWN WARDS 1 & 2,SPRING GENERAL,JUSTICE OF THE SUPREME COURT,NONPARTISAN,"DAVID T PROSSER, JR.",170,170
2001,APRIL,VERNON,CHRISTIANA TOWN WARDS 1 & 2,SPRING GENERAL,JUSTICE OF THE SUPREME COURT,NONPARTISAN,SCATTERING,170,0
2001,APRIL,VERNON,CLINTON TOWN WARDS 1 & 2,SPRING GENERAL,JUSTICE OF THE SUPREME COURT,NONPARTISAN,"DAVID T PROSSER, JR.",72,72
2001,APRIL,VERNON,CLINTON TOWN WARDS 1 & 2,SPRING GENERAL,JUSTICE OF THE SUPREME COURT,NONPARTISAN,SCATTERING,72,0
2001,APRIL,VERNON,COON TOWN WARDS 1 & 2,SPRING GENERAL,JUSTICE OF THE SUPREME COURT,NONPARTISAN,"DAVID T PROSSER, JR.",174,174
2001,APRIL,VERNON,COON TOWN WARDS 1 & 2,SPRING GENERAL,JUSTICE OF THE SUPREME COURT,NONPARTISAN,SCATTERING,174,0
2001,APRIL,VERNON,FOREST TOWN WARD 1,SPRING GENERAL,JUSTICE OF THE SUPREME COURT,NONPARTISAN,"DAVID T PROSSER, JR.",67,67
2001,APRIL,VERNON,FOREST TOWN WARD 1,SPRING GENERAL,JUSTICE OF THE SUPREME COURT,NONPARTISAN,SCATTERING,67,0
2001,APRIL,VERNON,FRANKLIN TOWN WARDS 1 & 2,SPRING GENERAL,JUSTICE OF THE SUPREME COURT,NONPARTISAN,"DAVID T PROSSER, JR.",137,137
2001,APRIL,VERNON,FRANKLIN TOWN WARDS 1 & 2,SPRING GENERAL,JUSTICE OF THE SUPREME COURT,NONPARTISAN,SCATTERING,137,0
2001,APRIL,VERNON,GENOA TOWN WARDS 1 - 3,SPRING GENERAL,JUSTICE OF THE SUPREME COURT,NONPARTISAN,"DAVID T PROSSER, JR.",51,51
2001,APRIL,VERNON,GENOA TOWN WARDS 1 - 3,SPRING GENERAL,JUSTICE OF THE SUPREME COURT,NONPARTISAN,SCATTERING,51,0
2001,APRIL,VERNON,GREENWOOD TOWN WARD 1,SPRING GENERAL,JUSTICE OF THE SUPREME COURT,NONPARTISAN,"DAVID T PROSSER, JR.",59,59
2001,APRIL,VERNON,GREENWOOD TOWN WARD 1,SPRING GENERAL,JUSTICE OF THE SUPREME COURT,NONPARTISAN,SCATTERING,59,0
2001,APRIL,VERNON,HAMBURG TOWN WARDS 1 & 2,SPRING GENERAL,JUSTICE OF THE SUPREME COURT,NONPARTISAN,"DAVID T PROSSER, JR.",256,256
2001,APRIL,VERNON,HAMBURG TOWN WARDS 1 & 2,SPRING GENERAL,JUSTICE OF THE SUPREME COURT,NONPARTISAN,SCATTERING,256,0
2001,APRIL,VERNON,HARMONY TOWN WARDS 1 & 2,SPRING GENERAL,JUSTICE OF THE SUPREME COURT,NONPARTISAN,"DAVID T PROSSER, JR.",152,152
2001,APRIL,VERNON,HARMONY TOWN WARDS 1 & 2,SPRING GENERAL,JUSTICE OF THE SUPREME COURT,NONPARTISAN,SCATTERING,152,0
2001,APRIL,VERNON,HILLSBORO TOWN WARDS 1 & 2,SPRING GENERAL,JUSTICE OF THE SUPREME COURT,NONPARTISAN,"DAVID T PROSSER, JR.",105,105
2001,APRIL,VERNON,HILLSBORO TOWN WARDS 1 & 2,SPRING GENERAL,JUSTICE OF THE SUPREME COURT,NONPARTISAN,SCATTERING,105,0
2001,APRIL,VERNON,JEFFERSON TOWN WARDS 1 - 4,SPRING GENERAL,JUSTICE OF THE SUPREME COURT,NONPARTISAN,"DAVID T PROSSER, JR.",186,186
2001,APRIL,VERNON,JEFFERSON TOWN WARDS 1 - 4,SPRING GENERAL,JUSTICE OF THE SUPREME COURT,NONPARTISAN,SCATTERING,186,0
2001,APRIL,VERNON,KICKAPOO TOWN WARD 1,SPRING GENERAL,JUSTICE OF THE SUPREME COURT,NONPARTISAN,"DAVID T PROSSER, JR.",42,42
2001,APRIL,VERNON,KICKAPOO TOWN WARD 1,SPRING GENERAL,JUSTICE OF THE SUPREME COURT,NONPARTISAN,SCATTERING,42,0
2001,APRIL,VERNON,LIBERTY TOWN WARD 1,SPRING GENERAL,JUSTICE OF THE SUPREME COURT,NONPARTISAN,"DAVID T PROSSER, JR.",24,24
2001,APRIL,VERNON,LIBERTY TOWN WARD 1,SPRING GENERAL,JUSTICE OF THE SUPREME COURT,NONPARTISAN,SCATTERING,24,0
2001,APRIL,VERNON,STARK TOWN WARDS 1 - 3,SPRING GENERAL,JUSTICE OF THE SUPREME COURT,NONPARTISAN,"DAVID T PROSSER, JR.",41,41
2001,APRIL,VERNON,STARK TOWN WARDS 1 - 3,SPRING GENERAL,JUSTICE OF THE SUPREME COURT,NONPARTISAN,SCATTERING,41,0
2001,APRIL,VERNON,STERLING TOWN WARD 1,SPRING GENERAL,JUSTICE OF THE SUPREME COURT,NONPARTISAN,"DAVID T PROSSER, JR.",137,137
2001,APRIL,VERNON,STERLING TOWN WARD 1,SPRING GENERAL,JUSTICE OF THE SUPREME COURT,NONPARTISAN,SCATTERING,137,0
2001,APRIL,VERNON,UNION TOWN WARDS 1 & 2,SPRING GENERAL,JUSTICE OF THE SUPREME COURT,NONPARTISAN,"DAVID T PROSSER, JR.",44,44
2001,APRIL,VERNON,UNION TOWN WARDS 1 & 2,SPRING GENERAL,JUSTICE OF THE SUPREME COURT,NONPARTISAN,SCATTERING,44,0
2001,APRIL,VERNON,VIROQUA TOWN WARDS 1 - 4,SPRING GENERAL,JUSTICE OF THE SUPREME COURT,NONPARTISAN,"DAVID T PROSSER, JR.",271,271
2001,APRIL,VERNON,VIROQUA TOWN WARDS 1 - 4,SPRING GENERAL,JUSTICE OF THE SUPREME COURT,NONPARTISAN,SCATTERING,271,0
2001,APRIL,VERNON,WEBSTER TOWN WARD 1,SPRING GENERAL,JUSTICE OF THE SUPREME COURT,NONPARTISAN,"DAVID T PROSSER, JR.",88,88
2001,APRIL,VERNON,WEBSTER TOWN WARD 1,SPRING GENERAL,JUSTICE OF THE SUPREME COURT,NONPARTISAN,SCATTERING,88,0
2001,APRIL,VERNON,WHEATLAND TOWN WARD 1,SPRING GENERAL,JUSTICE OF THE SUPREME COURT,NONPARTISAN,"DAVID T PROSSER, JR.",110,110
2001,APRIL,VERNON,WHEATLAND TOWN WARD 1,SPRING GENERAL,JUSTICE OF THE SUPREME COURT,NONPARTISAN,SCATTERING,110,0
2001,APRIL,VERNON,WHITESTOWN TOWN WARD 1,SPRING GENERAL,JUSTICE OF THE SUPREME COURT,NONPARTISAN,"DAVID T PROSSER, JR.",63,61
2001,APRIL,VERNON,WHITESTOWN TOWN WARD 1,SPRING GENERAL,JUSTICE OF THE SUPREME COURT,NONPARTISAN,SCATTERING,63,2
2001,APRIL,VERNON,CHASEBURG VILLAGE WARD 1,SPRING GENERAL,JUSTICE OF THE SUPREME COURT,NONPARTISAN,"DAVID T PROSSER, JR.",68,68
2001,APRIL,VERNON,CHASEBURG VILLAGE WARD 1,SPRING GENERAL,JUSTICE OF THE SUPREME COURT,NONPARTISAN,SCATTERING,68,0
2001,APRIL,VERNON,COON VALLEY VILLAGE WARD 1,SPRING GENERAL,JUSTICE OF THE SUPREME COURT,NONPARTISAN,"DAVID T PROSSER, JR.",174,174
2001,APRIL,VERNON,COON VALLEY VILLAGE WARD 1,SPRING GENERAL,JUSTICE OF THE SUPREME COURT,NONPARTISAN,SCATTERING,174,0
2001,APRIL,VERNON,DE SOTO VILLAGE WARD 1,SPRING GENERAL,JUSTICE OF THE SUPREME COURT,NONPARTISAN,"DAVID T PROSSER, JR.",55,55
2001,APRIL,VERNON,DE SOTO VILLAGE WARD 1,SPRING GENERAL,JUSTICE OF THE SUPREME COURT,NONPARTISAN,SCATTERING,55,0
2001,APRIL,VERNON,GENOA VILLAGE WARD 1,SPRING GENERAL,JUSTICE OF THE SUPREME COURT,NONPARTISAN,"DAVID T PROSSER, JR.",61,60
2001,APRIL,VERNON,GENOA VILLAGE WARD 1,SPRING GENERAL,JUSTICE OF THE SUPREME COURT,NONPARTISAN,SCATTERING,61,1
2001,APRIL,VERNON,LA FARGE VILLAGE WARD 1,SPRING GENERAL,JUSTICE OF THE SUPREME COURT,NONPARTISAN,"DAVID T PROSSER, JR.",100,100
2001,APRIL,VERNON,LA FARGE VILLAGE WARD 1,SPRING GENERAL,JUSTICE OF THE SUPREME COURT,NONPARTISAN,SCATTERING,100,0
2001,APRIL,VERNON,ONTARIO VILLAGE WARD 1,SPRING GENERAL,JUSTICE OF THE SUPREME COURT,NONPARTISAN,"DAVID T PROSSER, JR.",94,94
2001,APRIL,VERNON,ONTARIO VILLAGE WARD 1,SPRING GENERAL,JUSTICE OF THE SUPREME COURT,NONPARTISAN,SCATTERING,94,0
2001,APRIL,VERNON,READSTOWN VILLAGE WARD 1,SPRING GENERAL,JUSTICE OF THE SUPREME COURT,NONPARTISAN,"DAVID T PROSSER, JR.",75,75
2001,APRIL,VERNON,READSTOWN VILLAGE WARD 1,SPRING GENERAL,JUSTICE OF THE SUPREME COURT,NONPARTISAN,SCATTERING,75,0
2001,APRIL,VERNON,STODDARD VILLAGE WARDS 1 & 2,SPRING GENERAL,JUSTICE OF THE SUPREME COURT,NONPARTISAN,"DAVID T PROSSER, JR.",146,146
2001,APRIL,VERNON,STODDARD VILLAGE WARDS 1 & 2,SPRING GENERAL,JUSTICE OF THE SUPREME COURT,NONPARTISAN,SCATTERING,146,0
2001,APRIL,VERNON,VIOLA VILLAGE WARD 1,SPRING GENERAL,JUSTICE OF THE SUPREME COURT,NONPARTISAN,"DAVID T PROSSER, JR.",36,36
2001,APRIL,VERNON,VIOLA VILLAGE WARD 1,SPRING GENERAL,JUSTICE OF THE SUPREME COURT,NONPARTISAN,SCATTERING,36,0
2001,APRIL,VERNON,HILLSBORO CITY WARD 1,SPRING GENERAL,JUSTICE OF THE SUPREME COURT,NONPARTISAN,"DAVID T PROSSER, JR.",73,73
2001,APRIL,VERNON,HILLSBORO CITY WARD 1,SPRING GENERAL,JUSTICE OF THE SUPREME COURT,NONPARTISAN,SCATTERING,73,0
2001,APRIL,VERNON,HILLSBORO CITY WARD 2,SPRING GENERAL,JUSTICE OF THE SUPREME COURT,NONPARTISAN,"DAVID T PROSSER, JR.",125,125
2001,APRIL,VERNON,HILLSBORO CITY WARD 2,SPRING GENERAL,JUSTICE OF THE SUPREME COURT,NONPARTISAN,SCATTERING,125,0
2001,APRIL,VERNON,VIROQUA CITY WARD 1,SPRING GENERAL,JUSTICE OF THE SUPREME COURT,NONPARTISAN,"DAVID T PROSSER, JR.",96,96
2001,APRIL,VERNON,VIROQUA CITY WARD 1,SPRING GENERAL,JUSTICE OF THE SUPREME COURT,NONPARTISAN,SCATTERING,96,0
2001,APRIL,VERNON,VIROQUA CITY WARD 2,SPRING GENERAL,JUSTICE OF THE SUPREME COURT,NONPARTISAN,"DAVID T PROSSER, JR.",57,57
2001,APRIL,VERNON,VIROQUA CITY WARD 2,SPRING GENERAL,JUSTICE OF THE SUPREME COURT,NONPARTISAN,SCATTERING,57,0
2001,APRIL,VERNON,VIROQUA CITY WARD 3,SPRING GENERAL,JUSTICE OF THE SUPREME COURT,NONPARTISAN,"DAVID T PROSSER, JR.",54,54
2001,APRIL,VERNON,VIROQUA CITY WARD 3,SPRING GENERAL,JUSTICE OF THE SUPREME COURT,NONPARTISAN,SCATTERING,54,0
2001,APRIL,VERNON,VIROQUA CITY WARD 4,SPRING GENERAL,JUSTICE OF THE SUPREME COURT,NONPARTISAN,"DAVID T PROSSER, JR.",72,72
2001,APRIL,VERNON,VIROQUA CITY WARD 4,SPRING GENERAL,JUSTICE OF THE SUPREME COURT,NONPARTISAN,SCATTERING,72,0
2001,APRIL,VERNON,VIROQUA CITY WARD 5,SPRING GENERAL,JUSTICE OF THE SUPREME COURT,NONPARTISAN,"DAVID T PROSSER, JR.",91,91
2001,APRIL,VERNON,VIROQUA CITY WARD 5,SPRING GENERAL,JUSTICE OF THE SUPREME COURT,NONPARTISAN,SCATTERING,91,0
2001,APRIL,VERNON,VIROQUA CITY WARD 6,SPRING GENERAL,JUSTICE OF THE SUPREME COURT,NONPARTISAN,"DAVID T PROSSER, JR.",97,97
2001,APRIL,VERNON,VIROQUA CITY WARD 6,SPRING GENERAL,JUSTICE OF THE SUPREME COURT,NONPARTISAN,SCATTERING,97,0
2001,APRIL,VERNON,VIROQUA CITY WARD 7,SPRING GENERAL,JUSTICE OF THE SUPREME COURT,NONPARTISAN,"DAVID T PROSSER, JR.",79,78
2001,APRIL,VERNON,VIROQUA CITY WARD 7,SPRING GENERAL,JUSTICE OF THE SUPREME COURT,NONPARTISAN,SCATTERING,79,1
2001,APRIL,VERNON,VIROQUA CITY WARD 8,SPRING GENERAL,JUSTICE OF THE SUPREME COURT,NONPARTISAN,"DAVID T PROSSER, JR.",89,89
2001,APRIL,VERNON,VIROQUA CITY WARD 8,SPRING GENERAL,JUSTICE OF THE SUPREME COURT,NONPARTISAN,SCATTERING,89,0
2001,APRIL,VERNON,VIROQUA CITY WARD 9,SPRING GENERAL,JUSTICE OF THE SUPREME COURT,NONPARTISAN,"DAVID T PROSSER, JR.",93,92
2001,APRIL,VERNON,VIROQUA CITY WARD 9,SPRING GENERAL,JUSTICE OF THE SUPREME COURT,NONPARTISAN,SCATTERING,93,1
2001,APRIL,VERNON,WESTBY CITY WARD 1,SPRING GENERAL,JUSTICE OF THE SUPREME COURT,NONPARTISAN,"DAVID T PROSSER, JR.",163,163
2001,APRIL,VERNON,WESTBY CITY WARD 1,SPRING GENERAL,JUSTICE OF THE SUPREME COURT,NONPARTISAN,SCATTERING,163,0
2001,APRIL,VERNON,WESTBY CITY WARD 2,SPRING GENERAL,JUSTICE OF THE SUPREME COURT,NONPARTISAN,"DAVID T PROSSER, JR.",173,173
2001,APRIL,VERNON,WESTBY CITY WARD 2,SPRING GENERAL,JUSTICE OF THE SUPREME COURT,NONPARTISAN,SCATTERING,173,0
2001,APRIL,VERNON,WESTBY CITY WARD 3,SPRING GENERAL,JUSTICE OF THE SUPREME COURT,NONPARTISAN,"DAVID T PROSSER, JR.",163,163
2001,APRIL,VERNON,WESTBY CITY WARD 3,SPRING GENERAL,JUSTICE OF THE SUPREME COURT,NONPARTISAN,SCATTERING,163,0
2001,APRIL,VILAS,ARBOR VITAE TOWN WARDS 1 - 3,SPRING GENERAL,JUSTICE OF THE SUPREME COURT,NONPARTISAN,"DAVID T PROSSER, JR.",604,602
2001,APRIL,VILAS,ARBOR VITAE TOWN WARDS 1 - 3,SPRING GENERAL,JUSTICE OF THE SUPREME COURT,NONPARTISAN,SCATTERING,604,2
2001,APRIL,VILAS,BOULDER JUNCTION TOWN WARDS 1 & 2,SPRING GENERAL,JUSTICE OF THE SUPREME COURT,NONPARTISAN,"DAVID T PROSSER, JR.",138,137
2001,APRIL,VILAS,BOULDER JUNCTION TOWN WARDS 1 & 2,SPRING GENERAL,JUSTICE OF THE SUPREME COURT,NONPARTISAN,SCATTERING,138,1
2001,APRIL,VILAS,CLOVERLAND TOWN WARDS 1 & 2,SPRING GENERAL,JUSTICE OF THE SUPREME COURT,NONPARTISAN,"DAVID T PROSSER, JR.",259,258
2001,APRIL,VILAS,CLOVERLAND TOWN WARDS 1 & 2,SPRING GENERAL,JUSTICE OF THE SUPREME COURT,NONPARTISAN,SCATTERING,259,1
2001,APRIL,VILAS,CONOVER TOWN WARDS 1 - 3,SPRING GENERAL,JUSTICE OF THE SUPREME COURT,NONPARTISAN,"DAVID T PROSSER, JR.",194,194
2001,APRIL,VILAS,CONOVER TOWN WARDS 1 - 3,SPRING GENERAL,JUSTICE OF THE SUPREME COURT,NONPARTISAN,SCATTERING,194,0
2001,APRIL,VILAS,LAC DU FLAMBEAU TOWN WARDS 1 - 3,SPRING GENERAL,JUSTICE OF THE SUPREME COURT,NONPARTISAN,"DAVID T PROSSER, JR.",173,172
2001,APRIL,VILAS,LAC DU FLAMBEAU TOWN WARDS 1 - 3,SPRING GENERAL,JUSTICE OF THE SUPREME COURT,NONPARTISAN,SCATTERING,173,1
2001,APRIL,VILAS,LAND O'LAKES TOWN WARD 1,SPRING GENERAL,JUSTICE OF THE SUPREME COURT,NONPARTISAN,"DAVID T PROSSER, JR.",195,194
2001,APRIL,VILAS,LAND O'LAKES TOWN WARD 1,SPRING GENERAL,JUSTICE OF THE SUPREME COURT,NONPARTISAN,SCATTERING,195,1
2001,APRIL,VILAS,LINCOLN TOWN WARDS 1 - 5,SPRING GENERAL,JUSTICE OF THE SUPREME COURT,NONPARTISAN,"DAVID T PROSSER, JR.",300,299
2001,APRIL,VILAS,LINCOLN TOWN WARDS 1 - 5,SPRING GENERAL,JUSTICE OF THE SUPREME COURT,NONPARTISAN,SCATTERING,300,1
2001,APRIL,VILAS,MANITOWISH WATERS TOWN WARD 1,SPRING GENERAL,JUSTICE OF THE SUPREME COURT,NONPARTISAN,"DAVID T PROSSER, JR.",314,312
2001,APRIL,VILAS,MANITOWISH WATERS TOWN WARD 1,SPRING GENERAL,JUSTICE OF THE SUPREME COURT,NONPARTISAN,SCATTERING,314,2
2001,APRIL,VILAS,PHELPS TOWN WARDS 1 & 2,SPRING GENERAL,JUSTICE OF THE SUPREME COURT,NONPARTISAN,"DAVID T PROSSER, JR.",108,108
2001,APRIL,VILAS,PHELPS TOWN WARDS 1 & 2,SPRING GENERAL,JUSTICE OF THE SUPREME COURT,NONPARTISAN,SCATTERING,108,0
2001,APRIL,VILAS,PLUM LAKE TOWN WARDS 1 & 2,SPRING GENERAL,JUSTICE OF THE SUPREME COURT,NONPARTISAN,"DAVID T PROSSER, JR.",56,55
2001,APRIL,VILAS,PLUM LAKE TOWN WARDS 1 & 2,SPRING GENERAL,JUSTICE OF THE SUPREME COURT,NONPARTISAN,SCATTERING,56,1
2001,APRIL,VILAS,PRESQUE ISLE TOWN WARD 1,SPRING GENERAL,JUSTICE OF THE SUPREME COURT,NONPARTISAN,"DAVID T PROSSER, JR.",86,85
2001,APRIL,VILAS,PRESQUE ISLE TOWN WARD 1,SPRING GENERAL,JUSTICE OF THE SUPREME COURT,NONPARTISAN,SCATTERING,86,1
2001,APRIL,VILAS,ST GERMAIN TOWN WARDS 1 & 2,SPRING GENERAL,JUSTICE OF THE SUPREME COURT,NONPARTISAN,"DAVID T PROSSER, JR.",314,314
2001,APRIL,VILAS,ST GERMAIN TOWN WARDS 1 & 2,SPRING GENERAL,JUSTICE OF THE SUPREME COURT,NONPARTISAN,SCATTERING,314,0
2001,APRIL,VILAS,WASHINGTON TOWN WARDS 1 & 2,SPRING GENERAL,JUSTICE OF THE SUPREME COURT,NONPARTISAN,"DAVID T PROSSER, JR.",151,150
2001,APRIL,VILAS,WASHINGTON TOWN WARDS 1 & 2,SPRING GENERAL,JUSTICE OF THE SUPREME COURT,NONPARTISAN,SCATTERING,151,1
2001,APRIL,VILAS,WINCHESTER TOWN WARD 1,SPRING GENERAL,JUSTICE OF THE SUPREME COURT,NONPARTISAN,"DAVID T PROSSER, JR.",179,177
2001,APRIL,VILAS,WINCHESTER TOWN WARD 1,SPRING GENERAL,JUSTICE OF THE SUPREME COURT,NONPARTISAN,SCATTERING,179,2
2001,APRIL,VILAS,EAGLE RIVER CITY WARDS 1 - 7,SPRING GENERAL,JUSTICE OF THE SUPREME COURT,NONPARTISAN,"DAVID T PROSSER, JR.",130,130
2001,APRIL,VILAS,EAGLE RIVER CITY WARDS 1 - 7,SPRING GENERAL,JUSTICE OF THE SUPREME COURT,NONPARTISAN,SCATTERING,130,0
2001,APRIL,WALWORTH,BLOOMFIELD TOWN WARDS 1 - 6,SPRING GENERAL,JUSTICE OF THE SUPREME COURT,NONPARTISAN,"DAVID T PROSSER, JR.",211,211
2001,APRIL,WALWORTH,BLOOMFIELD TOWN WARDS 1 - 6,SPRING GENERAL,JUSTICE OF THE SUPREME COURT,NONPARTISAN,SCATTERING,211,0
2001,APRIL,WALWORTH,DARIEN TOWN WARDS 1 - 4,SPRING GENERAL,JUSTICE OF THE SUPREME COURT,NONPARTISAN,"DAVID T PROSSER, JR.",160,159
2001,APRIL,WALWORTH,DARIEN TOWN WARDS 1 - 4,SPRING GENERAL,JUSTICE OF THE SUPREME COURT,NONPARTISAN,SCATTERING,160,1
2001,APRIL,WALWORTH,DELAVAN TOWN WARDS 1 - 8,SPRING GENERAL,JUSTICE OF THE SUPREME COURT,NONPARTISAN,"DAVID T PROSSER, JR.",747,739
2001,APRIL,WALWORTH,DELAVAN TOWN WARDS 1 - 8,SPRING GENERAL,JUSTICE OF THE SUPREME COURT,NONPARTISAN,SCATTERING,747,8
2001,APRIL,WALWORTH,EAST TROY TOWN WARDS 1 - 5,SPRING GENERAL,JUSTICE OF THE SUPREME COURT,NONPARTISAN,"DAVID T PROSSER, JR.",629,629
2001,APRIL,WALWORTH,EAST TROY TOWN WARDS 1 - 5,SPRING GENERAL,JUSTICE OF THE SUPREME COURT,NONPARTISAN,SCATTERING,629,0
2001,APRIL,WALWORTH,GENEVA TOWN WARDS 1 - 8,SPRING GENERAL,JUSTICE OF THE SUPREME COURT,NONPARTISAN,"DAVID T PROSSER, JR.",471,468
2001,APRIL,WALWORTH,GENEVA TOWN WARDS 1 - 8,SPRING GENERAL,JUSTICE OF THE SUPREME COURT,NONPARTISAN,SCATTERING,471,3
2001,APRIL,WALWORTH,LAFAYETTE TOWN WARDS 1 - 4,SPRING GENERAL,JUSTICE OF THE SUPREME COURT,NONPARTISAN,"DAVID T PROSSER, JR.",308,308
2001,APRIL,WALWORTH,LAFAYETTE TOWN WARDS 1 - 4,SPRING GENERAL,JUSTICE OF THE SUPREME COURT,NONPARTISAN,SCATTERING,308,0
2001,APRIL,WALWORTH,LA GRANGE TOWN WARDS 1 - 3,SPRING GENERAL,JUSTICE OF THE SUPREME COURT,NONPARTISAN,"DAVID T PROSSER, JR.",496,496
2001,APRIL,WALWORTH,LA GRANGE TOWN WARDS 1 - 3,SPRING GENERAL,JUSTICE OF THE SUPREME COURT,NONPARTISAN,SCATTERING,496,0
2001,APRIL,WALWORTH,"LINN TOWN WARDS 1, 2 & 4",SPRING GENERAL,JUSTICE OF THE SUPREME COURT,NONPARTISAN,"DAVID T PROSSER, JR.",123,120
2001,APRIL,WALWORTH,"LINN TOWN WARDS 1, 2 & 4",SPRING GENERAL,JUSTICE OF THE SUPREME COURT,NONPARTISAN,SCATTERING,123,3
2001,APRIL,WALWORTH,LINN TOWN WARDS 3 & 5,SPRING GENERAL,JUSTICE OF THE SUPREME COURT,NONPARTISAN,"DAVID T PROSSER, JR.",37,37
2001,APRIL,WALWORTH,LINN TOWN WARDS 3 & 5,SPRING GENERAL,JUSTICE OF THE SUPREME COURT,NONPARTISAN,SCATTERING,37,0
2001,APRIL,WALWORTH,LYONS TOWN WARDS 1 - 11,SPRING GENERAL,JUSTICE OF THE SUPREME COURT,NONPARTISAN,"DAVID T PROSSER, JR.",242,242
2001,APRIL,WALWORTH,LYONS TOWN WARDS 1 - 11,SPRING GENERAL,JUSTICE OF THE SUPREME COURT,NONPARTISAN,SCATTERING,242,0
2001,APRIL,WALWORTH,RICHMOND TOWN WARDS 1 - 3,SPRING GENERAL,JUSTICE OF THE SUPREME COURT,NONPARTISAN,"DAVID T PROSSER, JR.",107,107
2001,APRIL,WALWORTH,RICHMOND TOWN WARDS 1 - 3,SPRING GENERAL,JUSTICE OF THE SUPREME COURT,NONPARTISAN,SCATTERING,107,0
2001,APRIL,WALWORTH,SHARON TOWN WARDS 1 & 2,SPRING GENERAL,JUSTICE OF THE SUPREME COURT,NONPARTISAN,"DAVID T PROSSER, JR.",141,140
2001,APRIL,WALWORTH,SHARON TOWN WARDS 1 & 2,SPRING GENERAL,JUSTICE OF THE SUPREME COURT,NONPARTISAN,SCATTERING,141,1
2001,APRIL,WALWORTH,SPRING PRAIRIE TOWN WARDS 1 - 3,SPRING GENERAL,JUSTICE OF THE SUPREME COURT,NONPARTISAN,"DAVID T PROSSER, JR.",169,169
2001,APRIL,WALWORTH,SPRING PRAIRIE TOWN WARDS 1 - 3,SPRING GENERAL,JUSTICE OF THE SUPREME COURT,NONPARTISAN,SCATTERING,169,0
2001,APRIL,WALWORTH,SUGAR CREEK TOWN WARDS 1 - 6,SPRING GENERAL,JUSTICE OF THE SUPREME COURT,NONPARTISAN,"DAVID T PROSSER, JR.",496,496
2001,APRIL,WALWORTH,SUGAR CREEK TOWN WARDS 1 - 6,SPRING GENERAL,JUSTICE OF THE SUPREME COURT,NONPARTISAN,SCATTERING,496,0
2001,APRIL,WALWORTH,TROY TOWN WARDS 1 - 3,SPRING GENERAL,JUSTICE OF THE SUPREME COURT,NONPARTISAN,"DAVID T PROSSER, JR.",333,329
2001,APRIL,WALWORTH,TROY TOWN WARDS 1 - 3,SPRING GENERAL,JUSTICE OF THE SUPREME COURT,NONPARTISAN,SCATTERING,333,4
2001,APRIL,WALWORTH,WALWORTH TOWN WARDS 1 - 3,SPRING GENERAL,JUSTICE OF THE SUPREME COURT,NONPARTISAN,"DAVID T PROSSER, JR.",224,223
2001,APRIL,WALWORTH,WALWORTH TOWN WARDS 1 - 3,SPRING GENERAL,JUSTICE OF THE SUPREME COURT,NONPARTISAN,SCATTERING,224,1
2001,APRIL,WALWORTH,WHITEWATER TOWN WARDS 1 - 3,SPRING GENERAL,JUSTICE OF THE SUPREME COURT,NONPARTISAN,"DAVID T PROSSER, JR.",136,135
2001,APRIL,WALWORTH,WHITEWATER TOWN WARDS 1 - 3,SPRING GENERAL,JUSTICE OF THE SUPREME COURT,NONPARTISAN,SCATTERING,136,1
2001,APRIL,WALWORTH,DARIEN VILLAGE WARDS 1 & 2,SPRING GENERAL,JUSTICE OF THE SUPREME COURT,NONPARTISAN,"DAVID T PROSSER, JR.",94,94
2001,APRIL,WALWORTH,DARIEN VILLAGE WARDS 1 & 2,SPRING GENERAL,JUSTICE OF THE SUPREME COURT,NONPARTISAN,SCATTERING,94,0
2001,APRIL,WALWORTH,EAST TROY VILLAGE WARDS 1 - 5,SPRING GENERAL,JUSTICE OF THE SUPREME COURT,NONPARTISAN,"DAVID T PROSSER, JR.",425,421
2001,APRIL,WALWORTH,EAST TROY VILLAGE WARDS 1 - 5,SPRING GENERAL,JUSTICE OF THE SUPREME COURT,NONPARTISAN,SCATTERING,425,4
2001,APRIL,WALWORTH,FONTANA VILLAGE WARDS 1 - 3,SPRING GENERAL,JUSTICE OF THE SUPREME COURT,NONPARTISAN,"DAVID T PROSSER, JR.",429,429
2001,APRIL,WALWORTH,FONTANA VILLAGE WARDS 1 - 3,SPRING GENERAL,JUSTICE OF THE SUPREME COURT,NONPARTISAN,SCATTERING,429,0
2001,APRIL,WALWORTH,GENOA CITY VILLAGE WARDS 1 & 2,SPRING GENERAL,JUSTICE OF THE SUPREME COURT,NONPARTISAN,"DAVID T PROSSER, JR.",256,256
2001,APRIL,WALWORTH,GENOA CITY VILLAGE WARDS 1 & 2,SPRING GENERAL,JUSTICE OF THE SUPREME COURT,NONPARTISAN,SCATTERING,256,0
2001,APRIL,WALWORTH,"MUKWONAGO VILLAGE WARDS 7, 9 - 12",SPRING GENERAL,JUSTICE OF THE SUPREME COURT,NONPARTISAN,"DAVID T PROSSER, JR.",2,2
2001,APRIL,WALWORTH,"MUKWONAGO VILLAGE WARDS 7, 9 - 12",SPRING GENERAL,JUSTICE OF THE SUPREME COURT,NONPARTISAN,SCATTERING,2,0
2001,APRIL,WALWORTH,SHARON VILLAGE WARDS 1 & 2,SPRING GENERAL,JUSTICE OF THE SUPREME COURT,NONPARTISAN,"DAVID T PROSSER, JR.",320,316
2001,APRIL,WALWORTH,SHARON VILLAGE WARDS 1 & 2,SPRING GENERAL,JUSTICE OF THE SUPREME COURT,NONPARTISAN,SCATTERING,320,4
2001,APRIL,WALWORTH,WALWORTH VILLAGE WARDS 1 - 3,SPRING GENERAL,JUSTICE OF THE SUPREME COURT,NONPARTISAN,"DAVID T PROSSER, JR.",386,386
2001,APRIL,WALWORTH,WALWORTH VILLAGE WARDS 1 - 3,SPRING GENERAL,JUSTICE OF THE SUPREME COURT,NONPARTISAN,SCATTERING,386,0
2001,APRIL,WALWORTH,WILLIAMS BAY VILLAGE WARDS 1 - 3,SPRING GENERAL,JUSTICE OF THE SUPREME COURT,NONPARTISAN,"DAVID T PROSSER, JR.",240,238
2001,APRIL,WALWORTH,WILLIAMS BAY VILLAGE WARDS 1 - 3,SPRING GENERAL,JUSTICE OF THE SUPREME COURT,NONPARTISAN,SCATTERING,240,2
2001,APRIL,WALWORTH,BURLINGTON CITY WARD 18,SPRING GENERAL,JUSTICE OF THE SUPREME COURT,NONPARTISAN,"DAVID T PROSSER, JR.",0,0
2001,APRIL,WALWORTH,BURLINGTON CITY WARD 18,SPRING GENERAL,JUSTICE OF THE SUPREME COURT,NONPARTISAN,SCATTERING,0,0
2001,APRIL,WALWORTH,DELAVAN CITY WARDS 1 - 3,SPRING GENERAL,JUSTICE OF THE SUPREME COURT,NONPARTISAN,"DAVID T PROSSER, JR.",162,162
2001,APRIL,WALWORTH,DELAVAN CITY WARDS 1 - 3,SPRING GENERAL,JUSTICE OF THE SUPREME COURT,NONPARTISAN,SCATTERING,162,0
2001,APRIL,WALWORTH,DELAVAN CITY WARDS 4 - 6,SPRING GENERAL,JUSTICE OF THE SUPREME COURT,NONPARTISAN,"DAVID T PROSSER, JR.",165,165
2001,APRIL,WALWORTH,DELAVAN CITY WARDS 4 - 6,SPRING GENERAL,JUSTICE OF THE SUPREME COURT,NONPARTISAN,SCATTERING,165,0
2001,APRIL,WALWORTH,DELAVAN CITY WARDS 7 - 9,SPRING GENERAL,JUSTICE OF THE SUPREME COURT,NONPARTISAN,"DAVID T PROSSER, JR.",111,111
2001,APRIL,WALWORTH,DELAVAN CITY WARDS 7 - 9,SPRING GENERAL,JUSTICE OF THE SUPREME COURT,NONPARTISAN,SCATTERING,111,0
2001,APRIL,WALWORTH,ELKHORN CITY WARDS 1 & 2,SPRING GENERAL,JUSTICE OF THE SUPREME COURT,NONPARTISAN,"DAVID T PROSSER, JR.",344,343
2001,APRIL,WALWORTH,ELKHORN CITY WARDS 1 & 2,SPRING GENERAL,JUSTICE OF THE SUPREME COURT,NONPARTISAN,SCATTERING,344,1
2001,APRIL,WALWORTH,"ELKHORN CITY WARDS 3 - 5, 10 & 11",SPRING GENERAL,JUSTICE OF THE SUPREME COURT,NONPARTISAN,"DAVID T PROSSER, JR.",431,426
2001,APRIL,WALWORTH,"ELKHORN CITY WARDS 3 - 5, 10 & 11",SPRING GENERAL,JUSTICE OF THE SUPREME COURT,NONPARTISAN,SCATTERING,431,5
2001,APRIL,WALWORTH,ELKHORN CITY WARDS 6 - 9,SPRING GENERAL,JUSTICE OF THE SUPREME COURT,NONPARTISAN,"DAVID T PROSSER, JR.",371,370
2001,APRIL,WALWORTH,ELKHORN CITY WARDS 6 - 9,SPRING GENERAL,JUSTICE OF THE SUPREME COURT,NONPARTISAN,SCATTERING,371,1
2001,APRIL,WALWORTH,"LAKE GENEVA CITY WARDS 1, 2 & 5",SPRING GENERAL,JUSTICE OF THE SUPREME COURT,NONPARTISAN,"DAVID T PROSSER, JR.",185,184
2001,APRIL,WALWORTH,"LAKE GENEVA CITY WARDS 1, 2 & 5",SPRING GENERAL,JUSTICE OF THE SUPREME COURT,NONPARTISAN,SCATTERING,185,1
2001,APRIL,WALWORTH,LAKE GENEVA CITY WARDS 3 & 4,SPRING GENERAL,JUSTICE OF THE SUPREME COURT,NONPARTISAN,"DAVID T PROSSER, JR.",95,94
2001,APRIL,WALWORTH,LAKE GENEVA CITY WARDS 3 & 4,SPRING GENERAL,JUSTICE OF THE SUPREME COURT,NONPARTISAN,SCATTERING,95,1
2001,APRIL,WALWORTH,LAKE GENEVA CITY WARDS 6 & 7,SPRING GENERAL,JUSTICE OF THE SUPREME COURT,NONPARTISAN,"DAVID T PROSSER, JR.",199,199
2001,APRIL,WALWORTH,LAKE GENEVA CITY WARDS 6 & 7,SPRING GENERAL,JUSTICE OF THE SUPREME COURT,NONPARTISAN,SCATTERING,199,0
2001,APRIL,WALWORTH,LAKE GENEVA CITY WARDS 8 - 11,SPRING GENERAL,JUSTICE OF THE SUPREME COURT,NONPARTISAN,"DAVID T PROSSER, JR.",315,314
2001,APRIL,WALWORTH,LAKE GENEVA CITY WARDS 8 - 11,SPRING GENERAL,JUSTICE OF THE SUPREME COURT,NONPARTISAN,SCATTERING,315,1
2001,APRIL,WALWORTH,WHITEWATER CITY WARDS 1 - 4,SPRING GENERAL,JUSTICE OF THE SUPREME COURT,NONPARTISAN,"DAVID T PROSSER, JR.",236,234
2001,APRIL,WALWORTH,WHITEWATER CITY WARDS 1 - 4,SPRING GENERAL,JUSTICE OF THE SUPREME COURT,NONPARTISAN,SCATTERING,236,2
2001,APRIL,WALWORTH,WHITEWATER CITY WARDS 5 - 8,SPRING GENERAL,JUSTICE OF THE SUPREME COURT,NONPARTISAN,"DAVID T PROSSER, JR.",86,80
2001,APRIL,WALWORTH,WHITEWATER CITY WARDS 5 - 8,SPRING GENERAL,JUSTICE OF THE SUPREME COURT,NONPARTISAN,SCATTERING,86,6
2001,APRIL,WALWORTH,WHITEWATER CITY WARDS 9 - 12,SPRING GENERAL,JUSTICE OF THE SUPREME COURT,NONPARTISAN,"DAVID T PROSSER, JR.",240,237
2001,APRIL,WALWORTH,WHITEWATER CITY WARDS 9 - 12,SPRING GENERAL,JUSTICE OF THE SUPREME COURT,NONPARTISAN,SCATTERING,240,3
2001,APRIL,WALWORTH,WHITEWATER CITY WARDS 13 - 15 & 19,SPRING GENERAL,JUSTICE OF THE SUPREME COURT,NONPARTISAN,"DAVID T PROSSER, JR.",382,378
2001,APRIL,WALWORTH,WHITEWATER CITY WARDS 13 - 15 & 19,SPRING GENERAL,JUSTICE OF THE SUPREME COURT,NONPARTISAN,SCATTERING,382,4
2001,APRIL,WASHBURN,BARRONETT TOWN WARD 1,SPRING GENERAL,JUSTICE OF THE SUPREME COURT,NONPARTISAN,"DAVID T PROSSER, JR.",41,41
2001,APRIL,WASHBURN,BARRONETT TOWN WARD 1,SPRING GENERAL,JUSTICE OF THE SUPREME COURT,NONPARTISAN,SCATTERING,41,0
2001,APRIL,WASHBURN,BASHAW TOWN WARDS 1 & 2,SPRING GENERAL,JUSTICE OF THE SUPREME COURT,NONPARTISAN,"DAVID T PROSSER, JR.",154,154
2001,APRIL,WASHBURN,BASHAW TOWN WARDS 1 & 2,SPRING GENERAL,JUSTICE OF THE SUPREME COURT,NONPARTISAN,SCATTERING,154,0
2001,APRIL,WASHBURN,BASS LAKE TOWN WARD 1,SPRING GENERAL,JUSTICE OF THE SUPREME COURT,NONPARTISAN,"DAVID T PROSSER, JR.",143,143
2001,APRIL,WASHBURN,BASS LAKE TOWN WARD 1,SPRING GENERAL,JUSTICE OF THE SUPREME COURT,NONPARTISAN,SCATTERING,143,0
2001,APRIL,WASHBURN,BEAVER BROOK TOWN WARDS 1 & 2,SPRING GENERAL,JUSTICE OF THE SUPREME COURT,NONPARTISAN,"DAVID T PROSSER, JR.",59,59
2001,APRIL,WASHBURN,BEAVER BROOK TOWN WARDS 1 & 2,SPRING GENERAL,JUSTICE OF THE SUPREME COURT,NONPARTISAN,SCATTERING,59,0
2001,APRIL,WASHBURN,BIRCHWOOD TOWN WARDS 1 & 2,SPRING GENERAL,JUSTICE OF THE SUPREME COURT,NONPARTISAN,"DAVID T PROSSER, JR.",143,143
2001,APRIL,WASHBURN,BIRCHWOOD TOWN WARDS 1 & 2,SPRING GENERAL,JUSTICE OF THE SUPREME COURT,NONPARTISAN,SCATTERING,143,0
2001,APRIL,WASHBURN,BROOKLYN TOWN WARD 1,SPRING GENERAL,JUSTICE OF THE SUPREME COURT,NONPARTISAN,"DAVID T PROSSER, JR.",32,31
2001,APRIL,WASHBURN,BROOKLYN TOWN WARD 1,SPRING GENERAL,JUSTICE OF THE SUPREME COURT,NONPARTISAN,SCATTERING,32,1
2001,APRIL,WASHBURN,CASEY TOWN WARD 1,SPRING GENERAL,JUSTICE OF THE SUPREME COURT,NONPARTISAN,"DAVID T PROSSER, JR.",56,56
2001,APRIL,WASHBURN,CASEY TOWN WARD 1,SPRING GENERAL,JUSTICE OF THE SUPREME COURT,NONPARTISAN,SCATTERING,56,0
2001,APRIL,WASHBURN,CHICOG TOWN WARDS 1 & 2,SPRING GENERAL,JUSTICE OF THE SUPREME COURT,NONPARTISAN,"DAVID T PROSSER, JR.",66,66
2001,APRIL,WASHBURN,CHICOG TOWN WARDS 1 & 2,SPRING GENERAL,JUSTICE OF THE SUPREME COURT,NONPARTISAN,SCATTERING,66,0
2001,APRIL,WASHBURN,CRYSTAL TOWN WARD 1,SPRING GENERAL,JUSTICE OF THE SUPREME COURT,NONPARTISAN,"DAVID T PROSSER, JR.",17,17
2001,APRIL,WASHBURN,CRYSTAL TOWN WARD 1,SPRING GENERAL,JUSTICE OF THE SUPREME COURT,NONPARTISAN,SCATTERING,17,0
2001,APRIL,WASHBURN,EVERGREEN TOWN WARDS 1 & 2,SPRING GENERAL,JUSTICE OF THE SUPREME COURT,NONPARTISAN,"DAVID T PROSSER, JR.",69,69
2001,APRIL,WASHBURN,EVERGREEN TOWN WARDS 1 & 2,SPRING GENERAL,JUSTICE OF THE SUPREME COURT,NONPARTISAN,SCATTERING,69,0
2001,APRIL,WASHBURN,FROG CREEK TOWN WARD 1,SPRING GENERAL,JUSTICE OF THE SUPREME COURT,NONPARTISAN,"DAVID T PROSSER, JR.",9,9
2001,APRIL,WASHBURN,FROG CREEK TOWN WARD 1,SPRING GENERAL,JUSTICE OF THE SUPREME COURT,NONPARTISAN,SCATTERING,9,0
2001,APRIL,WASHBURN,GULL LAKE TOWN WARDS 1 & 2,SPRING GENERAL,JUSTICE OF THE SUPREME COURT,NONPARTISAN,"DAVID T PROSSER, JR.",29,29
2001,APRIL,WASHBURN,GULL LAKE TOWN WARDS 1 & 2,SPRING GENERAL,JUSTICE OF THE SUPREME COURT,NONPARTISAN,SCATTERING,29,0
2001,APRIL,WASHBURN,LONG LAKE TOWN WARD 1,SPRING GENERAL,JUSTICE OF THE SUPREME COURT,NONPARTISAN,"DAVID T PROSSER, JR.",143,143
2001,APRIL,WASHBURN,LONG LAKE TOWN WARD 1,SPRING GENERAL,JUSTICE OF THE SUPREME COURT,NONPARTISAN,SCATTERING,143,0
2001,APRIL,WASHBURN,MADGE TOWN WARDS 1 - 3,SPRING GENERAL,JUSTICE OF THE SUPREME COURT,NONPARTISAN,"DAVID T PROSSER, JR.",39,39
2001,APRIL,WASHBURN,MADGE TOWN WARDS 1 - 3,SPRING GENERAL,JUSTICE OF THE SUPREME COURT,NONPARTISAN,SCATTERING,39,0
2001,APRIL,WASHBURN,MINONG TOWN WARDS 1 & 2,SPRING GENERAL,JUSTICE OF THE SUPREME COURT,NONPARTISAN,"DAVID T PROSSER, JR.",204,204
2001,APRIL,WASHBURN,MINONG TOWN WARDS 1 & 2,SPRING GENERAL,JUSTICE OF THE SUPREME COURT,NONPARTISAN,SCATTERING,204,0
2001,APRIL,WASHBURN,SARONA TOWN WARDS 1 - 3,SPRING GENERAL,JUSTICE OF THE SUPREME COURT,NONPARTISAN,"DAVID T PROSSER, JR.",48,48
2001,APRIL,WASHBURN,SARONA TOWN WARDS 1 - 3,SPRING GENERAL,JUSTICE OF THE SUPREME COURT,NONPARTISAN,SCATTERING,48,0
2001,APRIL,WASHBURN,SPOONER TOWN WARDS 1 & 2,SPRING GENERAL,JUSTICE OF THE SUPREME COURT,NONPARTISAN,"DAVID T PROSSER, JR.",58,58
2001,APRIL,WASHBURN,SPOONER TOWN WARDS 1 & 2,SPRING GENERAL,JUSTICE OF THE SUPREME COURT,NONPARTISAN,SCATTERING,58,0
2001,APRIL,WASHBURN,SPRINGBROOK TOWN WARD 1,SPRING GENERAL,JUSTICE OF THE SUPREME COURT,NONPARTISAN,"DAVID T PROSSER, JR.",23,23
2001,APRIL,WASHBURN,SPRINGBROOK TOWN WARD 1,SPRING GENERAL,JUSTICE OF THE SUPREME COURT,NONPARTISAN,SCATTERING,23,0
2001,APRIL,WASHBURN,STINNETT TOWN WARD 1,SPRING GENERAL,JUSTICE OF THE SUPREME COURT,NONPARTISAN,"DAVID T PROSSER, JR.",49,49
2001,APRIL,WASHBURN,STINNETT TOWN WARD 1,SPRING GENERAL,JUSTICE OF THE SUPREME COURT,NONPARTISAN,SCATTERING,49,0
2001,APRIL,WASHBURN,STONE LAKE TOWN WARDS 1 & 2,SPRING GENERAL,JUSTICE OF THE SUPREME COURT,NONPARTISAN,"DAVID T PROSSER, JR.",149,149
2001,APRIL,WASHBURN,STONE LAKE TOWN WARDS 1 & 2,SPRING GENERAL,JUSTICE OF THE SUPREME COURT,NONPARTISAN,SCATTERING,149,0
2001,APRIL,WASHBURN,TREGO TOWN WARDS 1 & 2,SPRING GENERAL,JUSTICE OF THE SUPREME COURT,NONPARTISAN,"DAVID T PROSSER, JR.",81,81
2001,APRIL,WASHBURN,TREGO TOWN WARDS 1 & 2,SPRING GENERAL,JUSTICE OF THE SUPREME COURT,NONPARTISAN,SCATTERING,81,0
2001,APRIL,WASHBURN,BIRCHWOOD VILLAGE WARD 1,SPRING GENERAL,JUSTICE OF THE SUPREME COURT,NONPARTISAN,"DAVID T PROSSER, JR.",71,71
2001,APRIL,WASHBURN,BIRCHWOOD VILLAGE WARD 1,SPRING GENERAL,JUSTICE OF THE SUPREME COURT,NONPARTISAN,SCATTERING,71,0
2001,APRIL,WASHBURN,MINONG VILLAGE WARD 1,SPRING GENERAL,JUSTICE OF THE SUPREME COURT,NONPARTISAN,"DAVID T PROSSER, JR.",91,91
2001,APRIL,WASHBURN,MINONG VILLAGE WARD 1,SPRING GENERAL,JUSTICE OF THE SUPREME COURT,NONPARTISAN,SCATTERING,91,0
2001,APRIL,WASHBURN,SPOONER CITY WARD 1,SPRING GENERAL,JUSTICE OF THE SUPREME COURT,NONPARTISAN,"DAVID T PROSSER, JR.",36,36
2001,APRIL,WASHBURN,SPOONER CITY WARD 1,SPRING GENERAL,JUSTICE OF THE SUPREME COURT,NONPARTISAN,SCATTERING,36,0
2001,APRIL,WASHBURN,SPOONER CITY WARD 2,SPRING GENERAL,JUSTICE OF THE SUPREME COURT,NONPARTISAN,"DAVID T PROSSER, JR.",46,46
2001,APRIL,WASHBURN,SPOONER CITY WARD 2,SPRING GENERAL,JUSTICE OF THE SUPREME COURT,NONPARTISAN,SCATTERING,46,0
2001,APRIL,WASHBURN,SPOONER CITY WARD 3,SPRING GENERAL,JUSTICE OF THE SUPREME COURT,NONPARTISAN,"DAVID T PROSSER, JR.",36,36
2001,APRIL,WASHBURN,SPOONER CITY WARD 3,SPRING GENERAL,JUSTICE OF THE SUPREME COURT,NONPARTISAN,SCATTERING,36,0
2001,APRIL,WASHBURN,SPOONER CITY WARD 4,SPRING GENERAL,JUSTICE OF THE SUPREME COURT,NONPARTISAN,"DAVID T PROSSER, JR.",42,42
2001,APRIL,WASHBURN,SPOONER CITY WARD 4,SPRING GENERAL,JUSTICE OF THE SUPREME COURT,NONPARTISAN,SCATTERING,42,0
2001,APRIL,WASHBURN,SPOONER CITY WARD 5,SPRING GENERAL,JUSTICE OF THE SUPREME COURT,NONPARTISAN,"DAVID T PROSSER, JR.",44,44
2001,APRIL,WASHBURN,SPOONER CITY WARD 5,SPRING GENERAL,JUSTICE OF THE SUPREME COURT,NONPARTISAN,SCATTERING,44,0
2001,APRIL,WASHBURN,SHELL LAKE CITY WARD 1,SPRING GENERAL,JUSTICE OF THE SUPREME COURT,NONPARTISAN,"DAVID T PROSSER, JR.",84,84
2001,APRIL,WASHBURN,SHELL LAKE CITY WARD 1,SPRING GENERAL,JUSTICE OF THE SUPREME COURT,NONPARTISAN,SCATTERING,84,0
2001,APRIL,WASHBURN,SHELL LAKE CITY WARD 2,SPRING GENERAL,JUSTICE OF THE SUPREME COURT,NONPARTISAN,"DAVID T PROSSER, JR.",100,100
2001,APRIL,WASHBURN,SHELL LAKE CITY WARD 2,SPRING GENERAL,JUSTICE OF THE SUPREME COURT,NONPARTISAN,SCATTERING,100,0
2001,APRIL,WASHINGTON,ADDISON TOWN WARDS 1 - 6,SPRING GENERAL,JUSTICE OF THE SUPREME COURT,NONPARTISAN,"DAVID T PROSSER, JR.",749,747
2001,APRIL,WASHINGTON,ADDISON TOWN WARDS 1 - 6,SPRING GENERAL,JUSTICE OF THE SUPREME COURT,NONPARTISAN,SCATTERING,749,2
2001,APRIL,WASHINGTON,BARTON TOWN WARDS 1 - 4,SPRING GENERAL,JUSTICE OF THE SUPREME COURT,NONPARTISAN,"DAVID T PROSSER, JR.",224,223
2001,APRIL,WASHINGTON,BARTON TOWN WARDS 1 - 4,SPRING GENERAL,JUSTICE OF THE SUPREME COURT,NONPARTISAN,SCATTERING,224,1
2001,APRIL,WASHINGTON,ERIN TOWN WARDS 1 - 4,SPRING GENERAL,JUSTICE OF THE SUPREME COURT,NONPARTISAN,"DAVID T PROSSER, JR.",673,671
2001,APRIL,WASHINGTON,ERIN TOWN WARDS 1 - 4,SPRING GENERAL,JUSTICE OF THE SUPREME COURT,NONPARTISAN,SCATTERING,673,2
2001,APRIL,WASHINGTON,FARMINGTON TOWN WARDS 1 - 4,SPRING GENERAL,JUSTICE OF THE SUPREME COURT,NONPARTISAN,"DAVID T PROSSER, JR.",268,267
2001,APRIL,WASHINGTON,FARMINGTON TOWN WARDS 1 - 4,SPRING GENERAL,JUSTICE OF THE SUPREME COURT,NONPARTISAN,SCATTERING,268,1
2001,APRIL,WASHINGTON,GERMANTOWN TOWN WARD 1,SPRING GENERAL,JUSTICE OF THE SUPREME COURT,NONPARTISAN,"DAVID T PROSSER, JR.",32,32
2001,APRIL,WASHINGTON,GERMANTOWN TOWN WARD 1,SPRING GENERAL,JUSTICE OF THE SUPREME COURT,NONPARTISAN,SCATTERING,32,0
2001,APRIL,WASHINGTON,HARTFORD TOWN WARDS 1 - 4,SPRING GENERAL,JUSTICE OF THE SUPREME COURT,NONPARTISAN,"DAVID T PROSSER, JR.",231,231
2001,APRIL,WASHINGTON,HARTFORD TOWN WARDS 1 - 4,SPRING GENERAL,JUSTICE OF THE SUPREME COURT,NONPARTISAN,SCATTERING,231,0
2001,APRIL,WASHINGTON,JACKSON TOWN WARDS 1 - 7,SPRING GENERAL,JUSTICE OF THE SUPREME COURT,NONPARTISAN,"DAVID T PROSSER, JR.",264,263
2001,APRIL,WASHINGTON,JACKSON TOWN WARDS 1 - 7,SPRING GENERAL,JUSTICE OF THE SUPREME COURT,NONPARTISAN,SCATTERING,264,1
2001,APRIL,WASHINGTON,KEWASKUM TOWN WARDS 1 & 2,SPRING GENERAL,JUSTICE OF THE SUPREME COURT,NONPARTISAN,"DAVID T PROSSER, JR.",91,90
2001,APRIL,WASHINGTON,KEWASKUM TOWN WARDS 1 & 2,SPRING GENERAL,JUSTICE OF THE SUPREME COURT,NONPARTISAN,SCATTERING,91,1
2001,APRIL,WASHINGTON,POLK TOWN WARDS 1 - 8,SPRING GENERAL,JUSTICE OF THE SUPREME COURT,NONPARTISAN,"DAVID T PROSSER, JR.",308,307
2001,APRIL,WASHINGTON,POLK TOWN WARDS 1 - 8,SPRING GENERAL,JUSTICE OF THE SUPREME COURT,NONPARTISAN,SCATTERING,308,1
2001,APRIL,WASHINGTON,"RICHFIELD TOWN WARDS 1, 2 & 8",SPRING GENERAL,JUSTICE OF THE SUPREME COURT,NONPARTISAN,"DAVID T PROSSER, JR.",243,239
2001,APRIL,WASHINGTON,"RICHFIELD TOWN WARDS 1, 2 & 8",SPRING GENERAL,JUSTICE OF THE SUPREME COURT,NONPARTISAN,SCATTERING,243,4
2001,APRIL,WASHINGTON,RICHFIELD TOWN WARDS 3 - 5,SPRING GENERAL,JUSTICE OF THE SUPREME COURT,NONPARTISAN,"DAVID T PROSSER, JR.",197,196
2001,APRIL,WASHINGTON,RICHFIELD TOWN WARDS 3 - 5,SPRING GENERAL,JUSTICE OF THE SUPREME COURT,NONPARTISAN,SCATTERING,197,1
2001,APRIL,WASHINGTON,"RICHFIELD TOWN WARDS 6, 7, 13 - 15",SPRING GENERAL,JUSTICE OF THE SUPREME COURT,NONPARTISAN,"DAVID T PROSSER, JR.",283,283
2001,APRIL,WASHINGTON,"RICHFIELD TOWN WARDS 6, 7, 13 - 15",SPRING GENERAL,JUSTICE OF THE SUPREME COURT,NONPARTISAN,SCATTERING,283,0
2001,APRIL,WASHINGTON,RICHFIELD TOWN WARDS 9 - 12,SPRING GENERAL,JUSTICE OF THE SUPREME COURT,NONPARTISAN,"DAVID T PROSSER, JR.",289,287
2001,APRIL,WASHINGTON,RICHFIELD TOWN WARDS 9 - 12,SPRING GENERAL,JUSTICE OF THE SUPREME COURT,NONPARTISAN,SCATTERING,289,2
2001,APRIL,WASHINGTON,TRENTON TOWN WARDS 1 - 6,SPRING GENERAL,JUSTICE OF THE SUPREME COURT,NONPARTISAN,"DAVID T PROSSER, JR.",439,437
2001,APRIL,WASHINGTON,TRENTON TOWN WARDS 1 - 6,SPRING GENERAL,JUSTICE OF THE SUPREME COURT,NONPARTISAN,SCATTERING,439,2
2001,APRIL,WASHINGTON,WAYNE TOWN WARDS 1 & 2,SPRING GENERAL,JUSTICE OF THE SUPREME COURT,NONPARTISAN,"DAVID T PROSSER, JR.",107,107
2001,APRIL,WASHINGTON,WAYNE TOWN WARDS 1 & 2,SPRING GENERAL,JUSTICE OF THE SUPREME COURT,NONPARTISAN,SCATTERING,107,0
2001,APRIL,WASHINGTON,WEST BEND TOWN WARDS 1 - 8,SPRING GENERAL,JUSTICE OF THE SUPREME COURT,NONPARTISAN,"DAVID T PROSSER, JR.",534,531
2001,APRIL,WASHINGTON,WEST BEND TOWN WARDS 1 - 8,SPRING GENERAL,JUSTICE OF THE SUPREME COURT,NONPARTISAN,SCATTERING,534,3
2001,APRIL,WASHINGTON,"GERMANTOWN VILLAGE WARDS 1 - 3, 9 & 10",SPRING GENERAL,JUSTICE OF THE SUPREME COURT,NONPARTISAN,"DAVID T PROSSER, JR.",200,199
2001,APRIL,WASHINGTON,"GERMANTOWN VILLAGE WARDS 1 - 3, 9 & 10",SPRING GENERAL,JUSTICE OF THE SUPREME COURT,NONPARTISAN,SCATTERING,200,1
2001,APRIL,WASHINGTON,GERMANTOWN VILLAGE WARDS 4 - 6,SPRING GENERAL,JUSTICE OF THE SUPREME COURT,NONPARTISAN,"DAVID T PROSSER, JR.",198,198
2001,APRIL,WASHINGTON,GERMANTOWN VILLAGE WARDS 4 - 6,SPRING GENERAL,JUSTICE OF THE SUPREME COURT,NONPARTISAN,SCATTERING,198,0
2001,APRIL,WASHINGTON,GERMANTOWN VILLAGE WARDS 7 & 8,SPRING GENERAL,JUSTICE OF THE SUPREME COURT,NONPARTISAN,"DAVID T PROSSER, JR.",253,251
2001,APRIL,WASHINGTON,GERMANTOWN VILLAGE WARDS 7 & 8,SPRING GENERAL,JUSTICE OF THE SUPREME COURT,NONPARTISAN,SCATTERING,253,2
2001,APRIL,WASHINGTON,GERMANTOWN VILLAGE WARDS 11 - 14,SPRING GENERAL,JUSTICE OF THE SUPREME COURT,NONPARTISAN,"DAVID T PROSSER, JR.",253,251
2001,APRIL,WASHINGTON,GERMANTOWN VILLAGE WARDS 11 - 14,SPRING GENERAL,JUSTICE OF THE SUPREME COURT,NONPARTISAN,SCATTERING,253,2
2001,APRIL,WASHINGTON,JACKSON VILLAGE WARDS 1 - 10,SPRING GENERAL,JUSTICE OF THE SUPREME COURT,NONPARTISAN,"DAVID T PROSSER, JR.",325,324
2001,APRIL,WASHINGTON,JACKSON VILLAGE WARDS 1 - 10,SPRING GENERAL,JUSTICE OF THE SUPREME COURT,NONPARTISAN,SCATTERING,325,1
2001,APRIL,WASHINGTON,KEWASKUM VILLAGE WARDS 1 - 4,SPRING GENERAL,JUSTICE OF THE SUPREME COURT,NONPARTISAN,"DAVID T PROSSER, JR.",309,308
2001,APRIL,WASHINGTON,KEWASKUM VILLAGE WARDS 1 - 4,SPRING GENERAL,JUSTICE OF THE SUPREME COURT,NONPARTISAN,SCATTERING,309,1
2001,APRIL,WASHINGTON,NEWBURG VILLAGE WARD 1,SPRING GENERAL,JUSTICE OF THE SUPREME COURT,NONPARTISAN,"DAVID T PROSSER, JR.",92,92
2001,APRIL,WASHINGTON,NEWBURG VILLAGE WARD 1,SPRING GENERAL,JUSTICE OF THE SUPREME COURT,NONPARTISAN,SCATTERING,92,0
2001,APRIL,WASHINGTON,SLINGER VILLAGE WARDS 1 - 6,SPRING GENERAL,JUSTICE OF THE SUPREME COURT,NONPARTISAN,"DAVID T PROSSER, JR.",386,384
2001,APRIL,WASHINGTON,SLINGER VILLAGE WARDS 1 - 6,SPRING GENERAL,JUSTICE OF THE SUPREME COURT,NONPARTISAN,SCATTERING,386,2
2001,APRIL,WASHINGTON,"HARTFORD CITY WARDS 1 - 7, 23 - 25, 31 - 33, 35,",SPRING GENERAL,JUSTICE OF THE SUPREME COURT,NONPARTISAN,"DAVID T PROSSER, JR.",232,232
2001,APRIL,WASHINGTON,"HARTFORD CITY WARDS 1 - 7, 23 - 25, 31 - 33, 35,",SPRING GENERAL,JUSTICE OF THE SUPREME COURT,NONPARTISAN,SCATTERING,232,0
2001,APRIL,WASHINGTON,"HARTFORD CITY WARDS 8 - 12, 14, 26 - 29, 34, 38,",SPRING GENERAL,JUSTICE OF THE SUPREME COURT,NONPARTISAN,"DAVID T PROSSER, JR.",163,163
2001,APRIL,WASHINGTON,"HARTFORD CITY WARDS 8 - 12, 14, 26 - 29, 34, 38,",SPRING GENERAL,JUSTICE OF THE SUPREME COURT,NONPARTISAN,SCATTERING,163,0
2001,APRIL,WASHINGTON,"HARTFORD CITY WARDS 13, 15 - 20, 22, 30, 36, 41",SPRING GENERAL,JUSTICE OF THE SUPREME COURT,NONPARTISAN,"DAVID T PROSSER, JR.",186,186
2001,APRIL,WASHINGTON,"HARTFORD CITY WARDS 13, 15 - 20, 22, 30, 36, 41",SPRING GENERAL,JUSTICE OF THE SUPREME COURT,NONPARTISAN,SCATTERING,186,0
2001,APRIL,WASHINGTON,MILWAUKEE CITY WARD 276,SPRING GENERAL,JUSTICE OF THE SUPREME COURT,NONPARTISAN,"DAVID T PROSSER, JR.",0,0
2001,APRIL,WASHINGTON,MILWAUKEE CITY WARD 276,SPRING GENERAL,JUSTICE OF THE SUPREME COURT,NONPARTISAN,SCATTERING,0,0
2001,APRIL,WASHINGTON,"WEST BEND CITY WARDS 1, 2, 17, 32, 33, 48, 50",SPRING GENERAL,JUSTICE OF THE SUPREME COURT,NONPARTISAN,"DAVID T PROSSER, JR.",343,341
2001,APRIL,WASHINGTON,"WEST BEND CITY WARDS 1, 2, 17, 32, 33, 48, 50",SPRING GENERAL,JUSTICE OF THE SUPREME COURT,NONPARTISAN,SCATTERING,343,2
2001,APRIL,WASHINGTON,"WEST BEND CITY WARDS 3, 5 & 22",SPRING GENERAL,JUSTICE OF THE SUPREME COURT,NONPARTISAN,"DAVID T PROSSER, JR.",211,210
2001,APRIL,WASHINGTON,"WEST BEND CITY WARDS 3, 5 & 22",SPRING GENERAL,JUSTICE OF THE SUPREME COURT,NONPARTISAN,SCATTERING,211,1
2001,APRIL,WASHINGTON,"WEST BEND CITY WARDS 4, 11, 12, 26 & 28",SPRING GENERAL,JUSTICE OF THE SUPREME COURT,NONPARTISAN,"DAVID T PROSSER, JR.",228,226
2001,APRIL,WASHINGTON,"WEST BEND CITY WARDS 4, 11, 12, 26 & 28",SPRING GENERAL,JUSTICE OF THE SUPREME COURT,NONPARTISAN,SCATTERING,228,2
2001,APRIL,WASHINGTON,"WEST BEND CITY WARDS 6, 7, 25, 29, 52, 57, 61",SPRING GENERAL,JUSTICE OF THE SUPREME COURT,NONPARTISAN,"DAVID T PROSSER, JR.",600,600
2001,APRIL,WASHINGTON,"WEST BEND CITY WARDS 6, 7, 25, 29, 52, 57, 61",SPRING GENERAL,JUSTICE OF THE SUPREME COURT,NONPARTISAN,SCATTERING,600,0
2001,APRIL,WASHINGTON,"WEST BEND CITY WARDS 8 - 10, 23, 24, 34, 35,",SPRING GENERAL,JUSTICE OF THE SUPREME COURT,NONPARTISAN,"DAVID T PROSSER, JR.",397,396
2001,APRIL,WASHINGTON,"WEST BEND CITY WARDS 8 - 10, 23, 24, 34, 35,",SPRING GENERAL,JUSTICE OF THE SUPREME COURT,NONPARTISAN,SCATTERING,397,1
2001,APRIL,WASHINGTON,"WEST BEND CITY WARDS 13 - 15, 27, 40, 41, 43 -",SPRING GENERAL,JUSTICE OF THE SUPREME COURT,NONPARTISAN,"DAVID T PROSSER, JR.",259,259
2001,APRIL,WASHINGTON,"WEST BEND CITY WARDS 13 - 15, 27, 40, 41, 43 -",SPRING GENERAL,JUSTICE OF THE SUPREME COURT,NONPARTISAN,SCATTERING,259,0
2001,APRIL,WASHINGTON,"WEST BEND CITY WARDS 16, 18, 30, 31, 42 & 58",SPRING GENERAL,JUSTICE OF THE SUPREME COURT,NONPARTISAN,"DAVID T PROSSER, JR.",207,205
2001,APRIL,WASHINGTON,"WEST BEND CITY WARDS 16, 18, 30, 31, 42 & 58",SPRING GENERAL,JUSTICE OF THE SUPREME COURT,NONPARTISAN,SCATTERING,207,2
2001,APRIL,WASHINGTON,"WEST BEND CITY WARDS 19 - 21, 36, 38, 39 &",SPRING GENERAL,JUSTICE OF THE SUPREME COURT,NONPARTISAN,"DAVID T PROSSER, JR.",709,708
2001,APRIL,WASHINGTON,"WEST BEND CITY WARDS 19 - 21, 36, 38, 39 &",SPRING GENERAL,JUSTICE OF THE SUPREME COURT,NONPARTISAN,SCATTERING,709,1
2001,APRIL,WAUKESHA,"BROOKFIELD TOWN WARDS 1, 4 & 5",SPRING GENERAL,JUSTICE OF THE SUPREME COURT,NONPARTISAN,"DAVID T PROSSER, JR.",181,180
2001,APRIL,WAUKESHA,"BROOKFIELD TOWN WARDS 1, 4 & 5",SPRING GENERAL,JUSTICE OF THE SUPREME COURT,NONPARTISAN,SCATTERING,181,1
2001,APRIL,WAUKESHA,BROOKFIELD TOWN WARDS 2 & 8,SPRING GENERAL,JUSTICE OF THE SUPREME COURT,NONPARTISAN,"DAVID T PROSSER, JR.",128,128
2001,APRIL,WAUKESHA,BROOKFIELD TOWN WARDS 2 & 8,SPRING GENERAL,JUSTICE OF THE SUPREME COURT,NONPARTISAN,SCATTERING,128,0
2001,APRIL,WAUKESHA,BROOKFIELD TOWN WARDS 3 & 6,SPRING GENERAL,JUSTICE OF THE SUPREME COURT,NONPARTISAN,"DAVID T PROSSER, JR.",263,263
2001,APRIL,WAUKESHA,BROOKFIELD TOWN WARDS 3 & 6,SPRING GENERAL,JUSTICE OF THE SUPREME COURT,NONPARTISAN,SCATTERING,263,0
2001,APRIL,WAUKESHA,BROOKFIELD TOWN WARD 7,SPRING GENERAL,JUSTICE OF THE SUPREME COURT,NONPARTISAN,"DAVID T PROSSER, JR.",215,215
2001,APRIL,WAUKESHA,BROOKFIELD TOWN WARD 7,SPRING GENERAL,JUSTICE OF THE SUPREME COURT,NONPARTISAN,SCATTERING,215,0
2001,APRIL,WAUKESHA,BROOKFIELD TOWN WARDS 9 & 10,SPRING GENERAL,JUSTICE OF THE SUPREME COURT,NONPARTISAN,"DAVID T PROSSER, JR.",91,91
2001,APRIL,WAUKESHA,BROOKFIELD TOWN WARDS 9 & 10,SPRING GENERAL,JUSTICE OF THE SUPREME COURT,NONPARTISAN,SCATTERING,91,0
2001,APRIL,WAUKESHA,DELAFIELD TOWN WARDS 1 - 3,SPRING GENERAL,JUSTICE OF THE SUPREME COURT,NONPARTISAN,"DAVID T PROSSER, JR.",166,165
2001,APRIL,WAUKESHA,DELAFIELD TOWN WARDS 1 - 3,SPRING GENERAL,JUSTICE OF THE SUPREME COURT,NONPARTISAN,SCATTERING,166,1
2001,APRIL,WAUKESHA,DELAFIELD TOWN WARDS 4 - 6,SPRING GENERAL,JUSTICE OF THE SUPREME COURT,NONPARTISAN,"DAVID T PROSSER, JR.",399,399
2001,APRIL,WAUKESHA,DELAFIELD TOWN WARDS 4 - 6,SPRING GENERAL,JUSTICE OF THE SUPREME COURT,NONPARTISAN,SCATTERING,399,0
2001,APRIL,WAUKESHA,DELAFIELD TOWN WARDS 7 - 9,SPRING GENERAL,JUSTICE OF THE SUPREME COURT,NONPARTISAN,"DAVID T PROSSER, JR.",430,427
2001,APRIL,WAUKESHA,DELAFIELD TOWN WARDS 7 - 9,SPRING GENERAL,JUSTICE OF THE SUPREME COURT,NONPARTISAN,SCATTERING,430,3
2001,APRIL,WAUKESHA,EAGLE TOWN WARDS 1 - 3,SPRING GENERAL,JUSTICE OF THE SUPREME COURT,NONPARTISAN,"DAVID T PROSSER, JR.",388,388
2001,APRIL,WAUKESHA,EAGLE TOWN WARDS 1 - 3,SPRING GENERAL,JUSTICE OF THE SUPREME COURT,NONPARTISAN,SCATTERING,388,0
2001,APRIL,WAUKESHA,GENESEE TOWN WARDS 1 - 3,SPRING GENERAL,JUSTICE OF THE SUPREME COURT,NONPARTISAN,"DAVID T PROSSER, JR.",492,488
2001,APRIL,WAUKESHA,GENESEE TOWN WARDS 1 - 3,SPRING GENERAL,JUSTICE OF THE SUPREME COURT,NONPARTISAN,SCATTERING,492,4
2001,APRIL,WAUKESHA,"GENESEE TOWN WARDS 4, 5 & 7",SPRING GENERAL,JUSTICE OF THE SUPREME COURT,NONPARTISAN,"DAVID T PROSSER, JR.",364,362
2001,APRIL,WAUKESHA,"GENESEE TOWN WARDS 4, 5 & 7",SPRING GENERAL,JUSTICE OF THE SUPREME COURT,NONPARTISAN,SCATTERING,364,2
2001,APRIL,WAUKESHA,GENESEE TOWN WARDS 6 & 8,SPRING GENERAL,JUSTICE OF THE SUPREME COURT,NONPARTISAN,"DAVID T PROSSER, JR.",233,232
2001,APRIL,WAUKESHA,GENESEE TOWN WARDS 6 & 8,SPRING GENERAL,JUSTICE OF THE SUPREME COURT,NONPARTISAN,SCATTERING,233,1
2001,APRIL,WAUKESHA,"LISBON TOWN WARDS 1, 2, 10 - 12",SPRING GENERAL,JUSTICE OF THE SUPREME COURT,NONPARTISAN,"DAVID T PROSSER, JR.",295,294
2001,APRIL,WAUKESHA,"LISBON TOWN WARDS 1, 2, 10 - 12",SPRING GENERAL,JUSTICE OF THE SUPREME COURT,NONPARTISAN,SCATTERING,295,1
2001,APRIL,WAUKESHA,LISBON TOWN WARDS 3 - 5,SPRING GENERAL,JUSTICE OF THE SUPREME COURT,NONPARTISAN,"DAVID T PROSSER, JR.",225,224
2001,APRIL,WAUKESHA,LISBON TOWN WARDS 3 - 5,SPRING GENERAL,JUSTICE OF THE SUPREME COURT,NONPARTISAN,SCATTERING,225,1
2001,APRIL,WAUKESHA,LISBON TOWN WARDS 6 - 9,SPRING GENERAL,JUSTICE OF THE SUPREME COURT,NONPARTISAN,"DAVID T PROSSER, JR.",374,373
2001,APRIL,WAUKESHA,LISBON TOWN WARDS 6 - 9,SPRING GENERAL,JUSTICE OF THE SUPREME COURT,NONPARTISAN,SCATTERING,374,1
2001,APRIL,WAUKESHA,MERTON TOWN WARDS 1 - 3,SPRING GENERAL,JUSTICE OF THE SUPREME COURT,NONPARTISAN,"DAVID T PROSSER, JR.",579,577
2001,APRIL,WAUKESHA,MERTON TOWN WARDS 1 - 3,SPRING GENERAL,JUSTICE OF THE SUPREME COURT,NONPARTISAN,SCATTERING,579,2
2001,APRIL,WAUKESHA,MERTON TOWN WARD 4,SPRING GENERAL,JUSTICE OF THE SUPREME COURT,NONPARTISAN,"DAVID T PROSSER, JR.",173,173
2001,APRIL,WAUKESHA,MERTON TOWN WARD 4,SPRING GENERAL,JUSTICE OF THE SUPREME COURT,NONPARTISAN,SCATTERING,173,0
2001,APRIL,WAUKESHA,MERTON TOWN WARDS 5 & 6,SPRING GENERAL,JUSTICE OF THE SUPREME COURT,NONPARTISAN,"DAVID T PROSSER, JR.",194,194
2001,APRIL,WAUKESHA,MERTON TOWN WARDS 5 & 6,SPRING GENERAL,JUSTICE OF THE SUPREME COURT,NONPARTISAN,SCATTERING,194,0
2001,APRIL,WAUKESHA,MERTON TOWN WARDS 7 & 8,SPRING GENERAL,JUSTICE OF THE SUPREME COURT,NONPARTISAN,"DAVID T PROSSER, JR.",373,372
2001,APRIL,WAUKESHA,MERTON TOWN WARDS 7 & 8,SPRING GENERAL,JUSTICE OF THE SUPREME COURT,NONPARTISAN,SCATTERING,373,1
2001,APRIL,WAUKESHA,MUKWONAGO TOWN WARDS 1 - 3,SPRING GENERAL,JUSTICE OF THE SUPREME COURT,NONPARTISAN,"DAVID T PROSSER, JR.",343,341
2001,APRIL,WAUKESHA,MUKWONAGO TOWN WARDS 1 - 3,SPRING GENERAL,JUSTICE OF THE SUPREME COURT,NONPARTISAN,SCATTERING,343,2
2001,APRIL,WAUKESHA,MUKWONAGO TOWN WARDS 4 & 6,SPRING GENERAL,JUSTICE OF THE SUPREME COURT,NONPARTISAN,"DAVID T PROSSER, JR.",156,156
2001,APRIL,WAUKESHA,MUKWONAGO TOWN WARDS 4 & 6,SPRING GENERAL,JUSTICE OF THE SUPREME COURT,NONPARTISAN,SCATTERING,156,0
2001,APRIL,WAUKESHA,MUKWONAGO TOWN WARD 5,SPRING GENERAL,JUSTICE OF THE SUPREME COURT,NONPARTISAN,"DAVID T PROSSER, JR.",83,83
2001,APRIL,WAUKESHA,MUKWONAGO TOWN WARD 5,SPRING GENERAL,JUSTICE OF THE SUPREME COURT,NONPARTISAN,SCATTERING,83,0
2001,APRIL,WAUKESHA,MUKWONAGO TOWN WARDS 7 & 8,SPRING GENERAL,JUSTICE OF THE SUPREME COURT,NONPARTISAN,"DAVID T PROSSER, JR.",142,142
2001,APRIL,WAUKESHA,MUKWONAGO TOWN WARDS 7 & 8,SPRING GENERAL,JUSTICE OF THE SUPREME COURT,NONPARTISAN,SCATTERING,142,0
2001,APRIL,WAUKESHA,"OCONOMOWOC TOWN WARDS 1, 4 & 7",SPRING GENERAL,JUSTICE OF THE SUPREME COURT,NONPARTISAN,"DAVID T PROSSER, JR.",401,400
2001,APRIL,WAUKESHA,"OCONOMOWOC TOWN WARDS 1, 4 & 7",SPRING GENERAL,JUSTICE OF THE SUPREME COURT,NONPARTISAN,SCATTERING,401,1
2001,APRIL,WAUKESHA,"OCONOMOWOC TOWN WARDS 2, 3 & 6",SPRING GENERAL,JUSTICE OF THE SUPREME COURT,NONPARTISAN,"DAVID T PROSSER, JR.",342,341
2001,APRIL,WAUKESHA,"OCONOMOWOC TOWN WARDS 2, 3 & 6",SPRING GENERAL,JUSTICE OF THE SUPREME COURT,NONPARTISAN,SCATTERING,342,1
2001,APRIL,WAUKESHA,"OCONOMOWOC TOWN WARDS 5, 8 & 9",SPRING GENERAL,JUSTICE OF THE SUPREME COURT,NONPARTISAN,"DAVID T PROSSER, JR.",212,212
2001,APRIL,WAUKESHA,"OCONOMOWOC TOWN WARDS 5, 8 & 9",SPRING GENERAL,JUSTICE OF THE SUPREME COURT,NONPARTISAN,SCATTERING,212,0
2001,APRIL,WAUKESHA,OTTAWA TOWN WARDS 1 - 4,SPRING GENERAL,JUSTICE OF THE SUPREME COURT,NONPARTISAN,"DAVID T PROSSER, JR.",621,621
2001,APRIL,WAUKESHA,OTTAWA TOWN WARDS 1 - 4,SPRING GENERAL,JUSTICE OF THE SUPREME COURT,NONPARTISAN,SCATTERING,621,0
2001,APRIL,WAUKESHA,SUMMIT TOWN WARDS 1 - 3,SPRING GENERAL,JUSTICE OF THE SUPREME COURT,NONPARTISAN,"DAVID T PROSSER, JR.",249,248
2001,APRIL,WAUKESHA,SUMMIT TOWN WARDS 1 - 3,SPRING GENERAL,JUSTICE OF THE SUPREME COURT,NONPARTISAN,SCATTERING,249,1
2001,APRIL,WAUKESHA,SUMMIT TOWN WARDS 4 - 6,SPRING GENERAL,JUSTICE OF THE SUPREME COURT,NONPARTISAN,"DAVID T PROSSER, JR.",300,298
2001,APRIL,WAUKESHA,SUMMIT TOWN WARDS 4 - 6,SPRING GENERAL,JUSTICE OF THE SUPREME COURT,NONPARTISAN,SCATTERING,300,2
2001,APRIL,WAUKESHA,VERNON TOWN WARDS 1 - 5,SPRING GENERAL,JUSTICE OF THE SUPREME COURT,NONPARTISAN,"DAVID T PROSSER, JR.",488,488
2001,APRIL,WAUKESHA,VERNON TOWN WARDS 1 - 5,SPRING GENERAL,JUSTICE OF THE SUPREME COURT,NONPARTISAN,SCATTERING,488,0
2001,APRIL,WAUKESHA,VERNON TOWN WARDS 6 - 10,SPRING GENERAL,JUSTICE OF THE SUPREME COURT,NONPARTISAN,"DAVID T PROSSER, JR.",569,567
2001,APRIL,WAUKESHA,VERNON TOWN WARDS 6 - 10,SPRING GENERAL,JUSTICE OF THE SUPREME COURT,NONPARTISAN,SCATTERING,569,2
2001,APRIL,WAUKESHA,WAUKESHA TOWN WARDS 1 - 5,SPRING GENERAL,JUSTICE OF THE SUPREME COURT,NONPARTISAN,"DAVID T PROSSER, JR.",711,710
2001,APRIL,WAUKESHA,WAUKESHA TOWN WARDS 1 - 5,SPRING GENERAL,JUSTICE OF THE SUPREME COURT,NONPARTISAN,SCATTERING,711,1
2001,APRIL,WAUKESHA,WAUKESHA TOWN WARDS 6 - 12,SPRING GENERAL,JUSTICE OF THE SUPREME COURT,NONPARTISAN,"DAVID T PROSSER, JR.",743,742
2001,APRIL,WAUKESHA,WAUKESHA TOWN WARDS 6 - 12,SPRING GENERAL,JUSTICE OF THE SUPREME COURT,NONPARTISAN,SCATTERING,743,1
2001,APRIL,WAUKESHA,BIG BEND VILLAGE WARDS 1 - 4,SPRING GENERAL,JUSTICE OF THE SUPREME COURT,NONPARTISAN,"DAVID T PROSSER, JR.",257,257
2001,APRIL,WAUKESHA,BIG BEND VILLAGE WARDS 1 - 4,SPRING GENERAL,JUSTICE OF THE SUPREME COURT,NONPARTISAN,SCATTERING,257,0
2001,APRIL,WAUKESHA,BUTLER VILLAGE WARDS 1 - 3,SPRING GENERAL,JUSTICE OF THE SUPREME COURT,NONPARTISAN,"DAVID T PROSSER, JR.",220,220
2001,APRIL,WAUKESHA,BUTLER VILLAGE WARDS 1 - 3,SPRING GENERAL,JUSTICE OF THE SUPREME COURT,NONPARTISAN,SCATTERING,220,0
2001,APRIL,WAUKESHA,CHENEQUA VILLAGE WARD 1,SPRING GENERAL,JUSTICE OF THE SUPREME COURT,NONPARTISAN,"DAVID T PROSSER, JR.",62,62
2001,APRIL,WAUKESHA,CHENEQUA VILLAGE WARD 1,SPRING GENERAL,JUSTICE OF THE SUPREME COURT,NONPARTISAN,SCATTERING,62,0
2001,APRIL,WAUKESHA,DOUSMAN VILLAGE WARDS 1 - 3,SPRING GENERAL,JUSTICE OF THE SUPREME COURT,NONPARTISAN,"DAVID T PROSSER, JR.",285,284
2001,APRIL,WAUKESHA,DOUSMAN VILLAGE WARDS 1 - 3,SPRING GENERAL,JUSTICE OF THE SUPREME COURT,NONPARTISAN,SCATTERING,285,1
2001,APRIL,WAUKESHA,EAGLE VILLAGE WARD 1,SPRING GENERAL,JUSTICE OF THE SUPREME COURT,NONPARTISAN,"DAVID T PROSSER, JR.",210,207
2001,APRIL,WAUKESHA,EAGLE VILLAGE WARD 1,SPRING GENERAL,JUSTICE OF THE SUPREME COURT,NONPARTISAN,SCATTERING,210,3
2001,APRIL,WAUKESHA,ELM GROVE VILLAGE WARDS 1 & 2,SPRING GENERAL,JUSTICE OF THE SUPREME COURT,NONPARTISAN,"DAVID T PROSSER, JR.",143,143
2001,APRIL,WAUKESHA,ELM GROVE VILLAGE WARDS 1 & 2,SPRING GENERAL,JUSTICE OF THE SUPREME COURT,NONPARTISAN,SCATTERING,143,0
2001,APRIL,WAUKESHA,ELM GROVE VILLAGE WARDS 3 & 4,SPRING GENERAL,JUSTICE OF THE SUPREME COURT,NONPARTISAN,"DAVID T PROSSER, JR.",164,163
2001,APRIL,WAUKESHA,ELM GROVE VILLAGE WARDS 3 & 4,SPRING GENERAL,JUSTICE OF THE SUPREME COURT,NONPARTISAN,SCATTERING,164,1
2001,APRIL,WAUKESHA,ELM GROVE VILLAGE WARDS 5 & 6,SPRING GENERAL,JUSTICE OF THE SUPREME COURT,NONPARTISAN,"DAVID T PROSSER, JR.",215,215
2001,APRIL,WAUKESHA,ELM GROVE VILLAGE WARDS 5 & 6,SPRING GENERAL,JUSTICE OF THE SUPREME COURT,NONPARTISAN,SCATTERING,215,0
2001,APRIL,WAUKESHA,ELM GROVE VILLAGE WARDS 7 & 8,SPRING GENERAL,JUSTICE OF THE SUPREME COURT,NONPARTISAN,"DAVID T PROSSER, JR.",191,191
2001,APRIL,WAUKESHA,ELM GROVE VILLAGE WARDS 7 & 8,SPRING GENERAL,JUSTICE OF THE SUPREME COURT,NONPARTISAN,SCATTERING,191,0
2001,APRIL,WAUKESHA,HARTLAND VILLAGE WARDS 1 - 7,SPRING GENERAL,JUSTICE OF THE SUPREME COURT,NONPARTISAN,"DAVID T PROSSER, JR.",215,215
2001,APRIL,WAUKESHA,HARTLAND VILLAGE WARDS 1 - 7,SPRING GENERAL,JUSTICE OF THE SUPREME COURT,NONPARTISAN,SCATTERING,215,0
2001,APRIL,WAUKESHA,HARTLAND VILLAGE WARDS 8 - 13,SPRING GENERAL,JUSTICE OF THE SUPREME COURT,NONPARTISAN,"DAVID T PROSSER, JR.",152,151
2001,APRIL,WAUKESHA,HARTLAND VILLAGE WARDS 8 - 13,SPRING GENERAL,JUSTICE OF THE SUPREME COURT,NONPARTISAN,SCATTERING,152,1
2001,APRIL,WAUKESHA,LAC LA BELLE VILLAGE WARD 1,SPRING GENERAL,JUSTICE OF THE SUPREME COURT,NONPARTISAN,"DAVID T PROSSER, JR.",61,61
2001,APRIL,WAUKESHA,LAC LA BELLE VILLAGE WARD 1,SPRING GENERAL,JUSTICE OF THE SUPREME COURT,NONPARTISAN,SCATTERING,61,0
2001,APRIL,WAUKESHA,LANNON VILLAGE WARD 1,SPRING GENERAL,JUSTICE OF THE SUPREME COURT,NONPARTISAN,"DAVID T PROSSER, JR.",174,174
2001,APRIL,WAUKESHA,LANNON VILLAGE WARD 1,SPRING GENERAL,JUSTICE OF THE SUPREME COURT,NONPARTISAN,SCATTERING,174,0
2001,APRIL,WAUKESHA,MENOMONEE FALLS VILLAGE WARDS 1 & 2,SPRING GENERAL,JUSTICE OF THE SUPREME COURT,NONPARTISAN,"DAVID T PROSSER, JR.",172,172
2001,APRIL,WAUKESHA,MENOMONEE FALLS VILLAGE WARDS 1 & 2,SPRING GENERAL,JUSTICE OF THE SUPREME COURT,NONPARTISAN,SCATTERING,172,0
2001,APRIL,WAUKESHA,"MENOMONEE FALLS VILLAGE WARDS 3, 9 & 10",SPRING GENERAL,JUSTICE OF THE SUPREME COURT,NONPARTISAN,"DAVID T PROSSER, JR.",314,314
2001,APRIL,WAUKESHA,"MENOMONEE FALLS VILLAGE WARDS 3, 9 & 10",SPRING GENERAL,JUSTICE OF THE SUPREME COURT,NONPARTISAN,SCATTERING,314,0
2001,APRIL,WAUKESHA,MENOMONEE FALLS VILLAGE WARDS 4 & 8,SPRING GENERAL,JUSTICE OF THE SUPREME COURT,NONPARTISAN,"DAVID T PROSSER, JR.",201,201
2001,APRIL,WAUKESHA,MENOMONEE FALLS VILLAGE WARDS 4 & 8,SPRING GENERAL,JUSTICE OF THE SUPREME COURT,NONPARTISAN,SCATTERING,201,0
2001,APRIL,WAUKESHA,"MENOMONEE FALLS VILLAGE WARDS 5, 6 & 13",SPRING GENERAL,JUSTICE OF THE SUPREME COURT,NONPARTISAN,"DAVID T PROSSER, JR.",228,228
2001,APRIL,WAUKESHA,"MENOMONEE FALLS VILLAGE WARDS 5, 6 & 13",SPRING GENERAL,JUSTICE OF THE SUPREME COURT,NONPARTISAN,SCATTERING,228,0
2001,APRIL,WAUKESHA,MENOMONEE FALLS VILLAGE WARDS 7 & 12,SPRING GENERAL,JUSTICE OF THE SUPREME COURT,NONPARTISAN,"DAVID T PROSSER, JR.",198,198
2001,APRIL,WAUKESHA,MENOMONEE FALLS VILLAGE WARDS 7 & 12,SPRING GENERAL,JUSTICE OF THE SUPREME COURT,NONPARTISAN,SCATTERING,198,0
2001,APRIL,WAUKESHA,MENOMONEE FALLS VILLAGE WARDS 11 & 18,SPRING GENERAL,JUSTICE OF THE SUPREME COURT,NONPARTISAN,"DAVID T PROSSER, JR.",297,296
2001,APRIL,WAUKESHA,MENOMONEE FALLS VILLAGE WARDS 11 & 18,SPRING GENERAL,JUSTICE OF THE SUPREME COURT,NONPARTISAN,SCATTERING,297,1
2001,APRIL,WAUKESHA,"MENOMONEE FALLS VILLAGE WARDS 14, 15 & 21",SPRING GENERAL,JUSTICE OF THE SUPREME COURT,NONPARTISAN,"DAVID T PROSSER, JR.",310,309
2001,APRIL,WAUKESHA,"MENOMONEE FALLS VILLAGE WARDS 14, 15 & 21",SPRING GENERAL,JUSTICE OF THE SUPREME COURT,NONPARTISAN,SCATTERING,310,1
2001,APRIL,WAUKESHA,MENOMONEE FALLS VILLAGE WARDS 16 & 20,SPRING GENERAL,JUSTICE OF THE SUPREME COURT,NONPARTISAN,"DAVID T PROSSER, JR.",347,345
2001,APRIL,WAUKESHA,MENOMONEE FALLS VILLAGE WARDS 16 & 20,SPRING GENERAL,JUSTICE OF THE SUPREME COURT,NONPARTISAN,SCATTERING,347,2
2001,APRIL,WAUKESHA,MENOMONEE FALLS VILLAGE WARD 17,SPRING GENERAL,JUSTICE OF THE SUPREME COURT,NONPARTISAN,"DAVID T PROSSER, JR.",155,155
2001,APRIL,WAUKESHA,MENOMONEE FALLS VILLAGE WARD 17,SPRING GENERAL,JUSTICE OF THE SUPREME COURT,NONPARTISAN,SCATTERING,155,0
2001,APRIL,WAUKESHA,MENOMONEE FALLS VILLAGE WARDS 19 & 24,SPRING GENERAL,JUSTICE OF THE SUPREME COURT,NONPARTISAN,"DAVID T PROSSER, JR.",387,387
2001,APRIL,WAUKESHA,MENOMONEE FALLS VILLAGE WARDS 19 & 24,SPRING GENERAL,JUSTICE OF THE SUPREME COURT,NONPARTISAN,SCATTERING,387,0
2001,APRIL,WAUKESHA,MENOMONEE FALLS VILLAGE WARDS 22 & 23,SPRING GENERAL,JUSTICE OF THE SUPREME COURT,NONPARTISAN,"DAVID T PROSSER, JR.",311,311
2001,APRIL,WAUKESHA,MENOMONEE FALLS VILLAGE WARDS 22 & 23,SPRING GENERAL,JUSTICE OF THE SUPREME COURT,NONPARTISAN,SCATTERING,311,0
2001,APRIL,WAUKESHA,MENOMONEE FALLS VILLAGE WARD 25,SPRING GENERAL,JUSTICE OF THE SUPREME COURT,NONPARTISAN,"DAVID T PROSSER, JR.",100,100
2001,APRIL,WAUKESHA,MENOMONEE FALLS VILLAGE WARD 25,SPRING GENERAL,JUSTICE OF THE SUPREME COURT,NONPARTISAN,SCATTERING,100,0
2001,APRIL,WAUKESHA,MERTON VILLAGE WARDS 1 & 2,SPRING GENERAL,JUSTICE OF THE SUPREME COURT,NONPARTISAN,"DAVID T PROSSER, JR.",264,264
2001,APRIL,WAUKESHA,MERTON VILLAGE WARDS 1 & 2,SPRING GENERAL,JUSTICE OF THE SUPREME COURT,NONPARTISAN,SCATTERING,264,0
2001,APRIL,WAUKESHA,MUKWONAGO VILLAGE WARDS 1 - 6 & 8,SPRING GENERAL,JUSTICE OF THE SUPREME COURT,NONPARTISAN,"DAVID T PROSSER, JR.",473,473
2001,APRIL,WAUKESHA,MUKWONAGO VILLAGE WARDS 1 - 6 & 8,SPRING GENERAL,JUSTICE OF THE SUPREME COURT,NONPARTISAN,SCATTERING,473,0
2001,APRIL,WAUKESHA,NASHOTAH VILLAGE WARD 1,SPRING GENERAL,JUSTICE OF THE SUPREME COURT,NONPARTISAN,"DAVID T PROSSER, JR.",187,185
2001,APRIL,WAUKESHA,NASHOTAH VILLAGE WARD 1,SPRING GENERAL,JUSTICE OF THE SUPREME COURT,NONPARTISAN,SCATTERING,187,2
2001,APRIL,WAUKESHA,NORTH PRAIRIE VILLAGE WARDS 1 & 2,SPRING GENERAL,JUSTICE OF THE SUPREME COURT,NONPARTISAN,"DAVID T PROSSER, JR.",164,164
2001,APRIL,WAUKESHA,NORTH PRAIRIE VILLAGE WARDS 1 & 2,SPRING GENERAL,JUSTICE OF THE SUPREME COURT,NONPARTISAN,SCATTERING,164,0
2001,APRIL,WAUKESHA,NORTH PRAIRIE VILLAGE WARDS 3 & 4,SPRING GENERAL,JUSTICE OF THE SUPREME COURT,NONPARTISAN,"DAVID T PROSSER, JR.",6,6
2001,APRIL,WAUKESHA,NORTH PRAIRIE VILLAGE WARDS 3 & 4,SPRING GENERAL,JUSTICE OF THE SUPREME COURT,NONPARTISAN,SCATTERING,6,0
2001,APRIL,WAUKESHA,OCONOMOWOC LAKE VILLAGE WARD 1,SPRING GENERAL,JUSTICE OF THE SUPREME COURT,NONPARTISAN,"DAVID T PROSSER, JR.",129,129
2001,APRIL,WAUKESHA,OCONOMOWOC LAKE VILLAGE WARD 1,SPRING GENERAL,JUSTICE OF THE SUPREME COURT,NONPARTISAN,SCATTERING,129,0
2001,APRIL,WAUKESHA,PEWAUKEE VILLAGE WARDS 1 - 4,SPRING GENERAL,JUSTICE OF THE SUPREME COURT,NONPARTISAN,"DAVID T PROSSER, JR.",628,627
2001,APRIL,WAUKESHA,PEWAUKEE VILLAGE WARDS 1 - 4,SPRING GENERAL,JUSTICE OF THE SUPREME COURT,NONPARTISAN,SCATTERING,628,1
2001,APRIL,WAUKESHA,PEWAUKEE VILLAGE WARDS 5 - 8,SPRING GENERAL,JUSTICE OF THE SUPREME COURT,NONPARTISAN,"DAVID T PROSSER, JR.",320,320
2001,APRIL,WAUKESHA,PEWAUKEE VILLAGE WARDS 5 - 8,SPRING GENERAL,JUSTICE OF THE SUPREME COURT,NONPARTISAN,SCATTERING,320,0
2001,APRIL,WAUKESHA,SUSSEX VILLAGE WARDS 1 & 2,SPRING GENERAL,JUSTICE OF THE SUPREME COURT,NONPARTISAN,"DAVID T PROSSER, JR.",208,208
2001,APRIL,WAUKESHA,SUSSEX VILLAGE WARDS 1 & 2,SPRING GENERAL,JUSTICE OF THE SUPREME COURT,NONPARTISAN,SCATTERING,208,0
2001,APRIL,WAUKESHA,SUSSEX VILLAGE WARD 3,SPRING GENERAL,JUSTICE OF THE SUPREME COURT,NONPARTISAN,"DAVID T PROSSER, JR.",315,314
2001,APRIL,WAUKESHA,SUSSEX VILLAGE WARD 3,SPRING GENERAL,JUSTICE OF THE SUPREME COURT,NONPARTISAN,SCATTERING,315,1
2001,APRIL,WAUKESHA,SUSSEX VILLAGE WARDS 4 - 6,SPRING GENERAL,JUSTICE OF THE SUPREME COURT,NONPARTISAN,"DAVID T PROSSER, JR.",451,450
2001,APRIL,WAUKESHA,SUSSEX VILLAGE WARDS 4 - 6,SPRING GENERAL,JUSTICE OF THE SUPREME COURT,NONPARTISAN,SCATTERING,451,1
2001,APRIL,WAUKESHA,"SUSSEX VILLAGE WARDS 7 - 12, 14 - 16",SPRING GENERAL,JUSTICE OF THE SUPREME COURT,NONPARTISAN,"DAVID T PROSSER, JR.",10,10
2001,APRIL,WAUKESHA,"SUSSEX VILLAGE WARDS 7 - 12, 14 - 16",SPRING GENERAL,JUSTICE OF THE SUPREME COURT,NONPARTISAN,SCATTERING,10,0
2001,APRIL,WAUKESHA,SUSSEX VILLAGE WARD 13,SPRING GENERAL,JUSTICE OF THE SUPREME COURT,NONPARTISAN,"DAVID T PROSSER, JR.",0,0
2001,APRIL,WAUKESHA,SUSSEX VILLAGE WARD 13,SPRING GENERAL,JUSTICE OF THE SUPREME COURT,NONPARTISAN,SCATTERING,0,0
2001,APRIL,WAUKESHA,WALES VILLAGE WARDS 1 - 3,SPRING GENERAL,JUSTICE OF THE SUPREME COURT,NONPARTISAN,"DAVID T PROSSER, JR.",484,482
2001,APRIL,WAUKESHA,WALES VILLAGE WARDS 1 - 3,SPRING GENERAL,JUSTICE OF THE SUPREME COURT,NONPARTISAN,SCATTERING,484,2
2001,APRIL,WAUKESHA,BROOKFIELD CITY WARD 1,SPRING GENERAL,JUSTICE OF THE SUPREME COURT,NONPARTISAN,"DAVID T PROSSER, JR.",158,158
2001,APRIL,WAUKESHA,BROOKFIELD CITY WARD 1,SPRING GENERAL,JUSTICE OF THE SUPREME COURT,NONPARTISAN,SCATTERING,158,0
2001,APRIL,WAUKESHA,BROOKFIELD CITY WARD 2,SPRING GENERAL,JUSTICE OF THE SUPREME COURT,NONPARTISAN,"DAVID T PROSSER, JR.",103,103
2001,APRIL,WAUKESHA,BROOKFIELD CITY WARD 2,SPRING GENERAL,JUSTICE OF THE SUPREME COURT,NONPARTISAN,SCATTERING,103,0
2001,APRIL,WAUKESHA,BROOKFIELD CITY WARD 3,SPRING GENERAL,JUSTICE OF THE SUPREME COURT,NONPARTISAN,"DAVID T PROSSER, JR.",126,126
2001,APRIL,WAUKESHA,BROOKFIELD CITY WARD 3,SPRING GENERAL,JUSTICE OF THE SUPREME COURT,NONPARTISAN,SCATTERING,126,0
2001,APRIL,WAUKESHA,BROOKFIELD CITY WARD 4,SPRING GENERAL,JUSTICE OF THE SUPREME COURT,NONPARTISAN,"DAVID T PROSSER, JR.",89,89
2001,APRIL,WAUKESHA,BROOKFIELD CITY WARD 4,SPRING GENERAL,JUSTICE OF THE SUPREME COURT,NONPARTISAN,SCATTERING,89,0
2001,APRIL,WAUKESHA,BROOKFIELD CITY WARD 5,SPRING GENERAL,JUSTICE OF THE SUPREME COURT,NONPARTISAN,"DAVID T PROSSER, JR.",127,125
2001,APRIL,WAUKESHA,BROOKFIELD CITY WARD 5,SPRING GENERAL,JUSTICE OF THE SUPREME COURT,NONPARTISAN,SCATTERING,127,2
2001,APRIL,WAUKESHA,BROOKFIELD CITY WARD 6,SPRING GENERAL,JUSTICE OF THE SUPREME COURT,NONPARTISAN,"DAVID T PROSSER, JR.",151,151
2001,APRIL,WAUKESHA,BROOKFIELD CITY WARD 6,SPRING GENERAL,JUSTICE OF THE SUPREME COURT,NONPARTISAN,SCATTERING,151,0
2001,APRIL,WAUKESHA,BROOKFIELD CITY WARD 7,SPRING GENERAL,JUSTICE OF THE SUPREME COURT,NONPARTISAN,"DAVID T PROSSER, JR.",107,107
2001,APRIL,WAUKESHA,BROOKFIELD CITY WARD 7,SPRING GENERAL,JUSTICE OF THE SUPREME COURT,NONPARTISAN,SCATTERING,107,0
2001,APRIL,WAUKESHA,BROOKFIELD CITY WARD 8,SPRING GENERAL,JUSTICE OF THE SUPREME COURT,NONPARTISAN,"DAVID T PROSSER, JR.",127,127
2001,APRIL,WAUKESHA,BROOKFIELD CITY WARD 8,SPRING GENERAL,JUSTICE OF THE SUPREME COURT,NONPARTISAN,SCATTERING,127,0
2001,APRIL,WAUKESHA,BROOKFIELD CITY WARD 9,SPRING GENERAL,JUSTICE OF THE SUPREME COURT,NONPARTISAN,"DAVID T PROSSER, JR.",140,139
2001,APRIL,WAUKESHA,BROOKFIELD CITY WARD 9,SPRING GENERAL,JUSTICE OF THE SUPREME COURT,NONPARTISAN,SCATTERING,140,1
2001,APRIL,WAUKESHA,BROOKFIELD CITY WARD 10,SPRING GENERAL,JUSTICE OF THE SUPREME COURT,NONPARTISAN,"DAVID T PROSSER, JR.",65,65
2001,APRIL,WAUKESHA,BROOKFIELD CITY WARD 10,SPRING GENERAL,JUSTICE OF THE SUPREME COURT,NONPARTISAN,SCATTERING,65,0
2001,APRIL,WAUKESHA,BROOKFIELD CITY WARD 11,SPRING GENERAL,JUSTICE OF THE SUPREME COURT,NONPARTISAN,"DAVID T PROSSER, JR.",107,107
2001,APRIL,WAUKESHA,BROOKFIELD CITY WARD 11,SPRING GENERAL,JUSTICE OF THE SUPREME COURT,NONPARTISAN,SCATTERING,107,0
2001,APRIL,WAUKESHA,BROOKFIELD CITY WARD 12,SPRING GENERAL,JUSTICE OF THE SUPREME COURT,NONPARTISAN,"DAVID T PROSSER, JR.",53,53
2001,APRIL,WAUKESHA,BROOKFIELD CITY WARD 12,SPRING GENERAL,JUSTICE OF THE SUPREME COURT,NONPARTISAN,SCATTERING,53,0
2001,APRIL,WAUKESHA,BROOKFIELD CITY WARD 13,SPRING GENERAL,JUSTICE OF THE SUPREME COURT,NONPARTISAN,"DAVID T PROSSER, JR.",94,94
2001,APRIL,WAUKESHA,BROOKFIELD CITY WARD 13,SPRING GENERAL,JUSTICE OF THE SUPREME COURT,NONPARTISAN,SCATTERING,94,0
2001,APRIL,WAUKESHA,BROOKFIELD CITY WARD 14,SPRING GENERAL,JUSTICE OF THE SUPREME COURT,NONPARTISAN,"DAVID T PROSSER, JR.",58,56
2001,APRIL,WAUKESHA,BROOKFIELD CITY WARD 14,SPRING GENERAL,JUSTICE OF THE SUPREME COURT,NONPARTISAN,SCATTERING,58,2
2001,APRIL,WAUKESHA,BROOKFIELD CITY WARD 15,SPRING GENERAL,JUSTICE OF THE SUPREME COURT,NONPARTISAN,"DAVID T PROSSER, JR.",196,195
2001,APRIL,WAUKESHA,BROOKFIELD CITY WARD 15,SPRING GENERAL,JUSTICE OF THE SUPREME COURT,NONPARTISAN,SCATTERING,196,1
2001,APRIL,WAUKESHA,BROOKFIELD CITY WARD 16,SPRING GENERAL,JUSTICE OF THE SUPREME COURT,NONPARTISAN,"DAVID T PROSSER, JR.",153,152
2001,APRIL,WAUKESHA,BROOKFIELD CITY WARD 16,SPRING GENERAL,JUSTICE OF THE SUPREME COURT,NONPARTISAN,SCATTERING,153,1
2001,APRIL,WAUKESHA,BROOKFIELD CITY WARD 17,SPRING GENERAL,JUSTICE OF THE SUPREME COURT,NONPARTISAN,"DAVID T PROSSER, JR.",97,96
2001,APRIL,WAUKESHA,BROOKFIELD CITY WARD 17,SPRING GENERAL,JUSTICE OF THE SUPREME COURT,NONPARTISAN,SCATTERING,97,1
2001,APRIL,WAUKESHA,BROOKFIELD CITY WARD 18,SPRING GENERAL,JUSTICE OF THE SUPREME COURT,NONPARTISAN,"DAVID T PROSSER, JR.",114,114
2001,APRIL,WAUKESHA,BROOKFIELD CITY WARD 18,SPRING GENERAL,JUSTICE OF THE SUPREME COURT,NONPARTISAN,SCATTERING,114,0
2001,APRIL,WAUKESHA,BROOKFIELD CITY WARD 19,SPRING GENERAL,JUSTICE OF THE SUPREME COURT,NONPARTISAN,"DAVID T PROSSER, JR.",222,220
2001,APRIL,WAUKESHA,BROOKFIELD CITY WARD 19,SPRING GENERAL,JUSTICE OF THE SUPREME COURT,NONPARTISAN,SCATTERING,222,2
2001,APRIL,WAUKESHA,BROOKFIELD CITY WARD 20,SPRING GENERAL,JUSTICE OF THE SUPREME COURT,NONPARTISAN,"DAVID T PROSSER, JR.",81,81
2001,APRIL,WAUKESHA,BROOKFIELD CITY WARD 20,SPRING GENERAL,JUSTICE OF THE SUPREME COURT,NONPARTISAN,SCATTERING,81,0
2001,APRIL,WAUKESHA,BROOKFIELD CITY WARD 21,SPRING GENERAL,JUSTICE OF THE SUPREME COURT,NONPARTISAN,"DAVID T PROSSER, JR.",113,113
2001,APRIL,WAUKESHA,BROOKFIELD CITY WARD 21,SPRING GENERAL,JUSTICE OF THE SUPREME COURT,NONPARTISAN,SCATTERING,113,0
2001,APRIL,WAUKESHA,BROOKFIELD CITY WARD 22,SPRING GENERAL,JUSTICE OF THE SUPREME COURT,NONPARTISAN,"DAVID T PROSSER, JR.",61,61
2001,APRIL,WAUKESHA,BROOKFIELD CITY WARD 22,SPRING GENERAL,JUSTICE OF THE SUPREME COURT,NONPARTISAN,SCATTERING,61,0
2001,APRIL,WAUKESHA,BROOKFIELD CITY WARD 23,SPRING GENERAL,JUSTICE OF THE SUPREME COURT,NONPARTISAN,"DAVID T PROSSER, JR.",72,71
2001,APRIL,WAUKESHA,BROOKFIELD CITY WARD 23,SPRING GENERAL,JUSTICE OF THE SUPREME COURT,NONPARTISAN,SCATTERING,72,1
2001,APRIL,WAUKESHA,BROOKFIELD CITY WARD 24,SPRING GENERAL,JUSTICE OF THE SUPREME COURT,NONPARTISAN,"DAVID T PROSSER, JR.",117,117
2001,APRIL,WAUKESHA,BROOKFIELD CITY WARD 24,SPRING GENERAL,JUSTICE OF THE SUPREME COURT,NONPARTISAN,SCATTERING,117,0
2001,APRIL,WAUKESHA,DELAFIELD CITY WARDS 1 - 4,SPRING GENERAL,JUSTICE OF THE SUPREME COURT,NONPARTISAN,"DAVID T PROSSER, JR.",805,805
2001,APRIL,WAUKESHA,DELAFIELD CITY WARDS 1 - 4,SPRING GENERAL,JUSTICE OF THE SUPREME COURT,NONPARTISAN,SCATTERING,805,0
2001,APRIL,WAUKESHA,DELAFIELD CITY WARDS 5 - 7,SPRING GENERAL,JUSTICE OF THE SUPREME COURT,NONPARTISAN,"DAVID T PROSSER, JR.",630,630
2001,APRIL,WAUKESHA,DELAFIELD CITY WARDS 5 - 7,SPRING GENERAL,JUSTICE OF THE SUPREME COURT,NONPARTISAN,SCATTERING,630,0
2001,APRIL,WAUKESHA,MILWAUKEE CITY WARD 287,SPRING GENERAL,JUSTICE OF THE SUPREME COURT,NONPARTISAN,"DAVID T PROSSER, JR.",0,0
2001,APRIL,WAUKESHA,MILWAUKEE CITY WARD 287,SPRING GENERAL,JUSTICE OF THE SUPREME COURT,NONPARTISAN,SCATTERING,0,0
2001,APRIL,WAUKESHA,MUSKEGO CITY WARDS 1 & 2,SPRING GENERAL,JUSTICE OF THE SUPREME COURT,NONPARTISAN,"DAVID T PROSSER, JR.",230,230
2001,APRIL,WAUKESHA,MUSKEGO CITY WARDS 1 & 2,SPRING GENERAL,JUSTICE OF THE SUPREME COURT,NONPARTISAN,SCATTERING,230,0
2001,APRIL,WAUKESHA,MUSKEGO CITY WARDS 3 & 4,SPRING GENERAL,JUSTICE OF THE SUPREME COURT,NONPARTISAN,"DAVID T PROSSER, JR.",163,161
2001,APRIL,WAUKESHA,MUSKEGO CITY WARDS 3 & 4,SPRING GENERAL,JUSTICE OF THE SUPREME COURT,NONPARTISAN,SCATTERING,163,2
2001,APRIL,WAUKESHA,MUSKEGO CITY WARDS 5 & 6,SPRING GENERAL,JUSTICE OF THE SUPREME COURT,NONPARTISAN,"DAVID T PROSSER, JR.",185,184
2001,APRIL,WAUKESHA,MUSKEGO CITY WARDS 5 & 6,SPRING GENERAL,JUSTICE OF THE SUPREME COURT,NONPARTISAN,SCATTERING,185,1
2001,APRIL,WAUKESHA,MUSKEGO CITY WARDS 7 & 8,SPRING GENERAL,JUSTICE OF THE SUPREME COURT,NONPARTISAN,"DAVID T PROSSER, JR.",242,242
2001,APRIL,WAUKESHA,MUSKEGO CITY WARDS 7 & 8,SPRING GENERAL,JUSTICE OF THE SUPREME COURT,NONPARTISAN,SCATTERING,242,0
2001,APRIL,WAUKESHA,MUSKEGO CITY WARDS 9 & 10,SPRING GENERAL,JUSTICE OF THE SUPREME COURT,NONPARTISAN,"DAVID T PROSSER, JR.",233,232
2001,APRIL,WAUKESHA,MUSKEGO CITY WARDS 9 & 10,SPRING GENERAL,JUSTICE OF THE SUPREME COURT,NONPARTISAN,SCATTERING,233,1
2001,APRIL,WAUKESHA,MUSKEGO CITY WARDS 11 & 12,SPRING GENERAL,JUSTICE OF THE SUPREME COURT,NONPARTISAN,"DAVID T PROSSER, JR.",272,268
2001,APRIL,WAUKESHA,MUSKEGO CITY WARDS 11 & 12,SPRING GENERAL,JUSTICE OF THE SUPREME COURT,NONPARTISAN,SCATTERING,272,4
2001,APRIL,WAUKESHA,MUSKEGO CITY WARDS 13 & 14,SPRING GENERAL,JUSTICE OF THE SUPREME COURT,NONPARTISAN,"DAVID T PROSSER, JR.",231,231
2001,APRIL,WAUKESHA,MUSKEGO CITY WARDS 13 & 14,SPRING GENERAL,JUSTICE OF THE SUPREME COURT,NONPARTISAN,SCATTERING,231,0
2001,APRIL,WAUKESHA,NEW BERLIN CITY WARDS 1 - 4,SPRING GENERAL,JUSTICE OF THE SUPREME COURT,NONPARTISAN,"DAVID T PROSSER, JR.",908,908
2001,APRIL,WAUKESHA,NEW BERLIN CITY WARDS 1 - 4,SPRING GENERAL,JUSTICE OF THE SUPREME COURT,NONPARTISAN,SCATTERING,908,0
2001,APRIL,WAUKESHA,NEW BERLIN CITY WARDS 5 - 8,SPRING GENERAL,JUSTICE OF THE SUPREME COURT,NONPARTISAN,"DAVID T PROSSER, JR.",1193,1193
2001,APRIL,WAUKESHA,NEW BERLIN CITY WARDS 5 - 8,SPRING GENERAL,JUSTICE OF THE SUPREME COURT,NONPARTISAN,SCATTERING,1193,0
2001,APRIL,WAUKESHA,NEW BERLIN CITY WARDS 9 - 11,SPRING GENERAL,JUSTICE OF THE SUPREME COURT,NONPARTISAN,"DAVID T PROSSER, JR.",808,808
2001,APRIL,WAUKESHA,NEW BERLIN CITY WARDS 9 - 11,SPRING GENERAL,JUSTICE OF THE SUPREME COURT,NONPARTISAN,SCATTERING,808,0
2001,APRIL,WAUKESHA,NEW BERLIN CITY WARDS 12 - 15,SPRING GENERAL,JUSTICE OF THE SUPREME COURT,NONPARTISAN,"DAVID T PROSSER, JR.",1075,1075
2001,APRIL,WAUKESHA,NEW BERLIN CITY WARDS 12 - 15,SPRING GENERAL,JUSTICE OF THE SUPREME COURT,NONPARTISAN,SCATTERING,1075,0
2001,APRIL,WAUKESHA,NEW BERLIN CITY WARDS 16 - 18,SPRING GENERAL,JUSTICE OF THE SUPREME COURT,NONPARTISAN,"DAVID T PROSSER, JR.",1114,1114
2001,APRIL,WAUKESHA,NEW BERLIN CITY WARDS 16 - 18,SPRING GENERAL,JUSTICE OF THE SUPREME COURT,NONPARTISAN,SCATTERING,1114,0
2001,APRIL,WAUKESHA,NEW BERLIN CITY WARDS 19 - 22,SPRING GENERAL,JUSTICE OF THE SUPREME COURT,NONPARTISAN,"DAVID T PROSSER, JR.",1335,1335
2001,APRIL,WAUKESHA,NEW BERLIN CITY WARDS 19 - 22,SPRING GENERAL,JUSTICE OF THE SUPREME COURT,NONPARTISAN,SCATTERING,1335,0
2001,APRIL,WAUKESHA,NEW BERLIN CITY WARDS 23 - 25,SPRING GENERAL,JUSTICE OF THE SUPREME COURT,NONPARTISAN,"DAVID T PROSSER, JR.",1074,1074
2001,APRIL,WAUKESHA,NEW BERLIN CITY WARDS 23 - 25,SPRING GENERAL,JUSTICE OF THE SUPREME COURT,NONPARTISAN,SCATTERING,1074,0
2001,APRIL,WAUKESHA,"OCONOMOWOC CITY WARDS 1 - 3, 13 - 15, 19 -",SPRING GENERAL,JUSTICE OF THE SUPREME COURT,NONPARTISAN,"DAVID T PROSSER, JR.",369,369
2001,APRIL,WAUKESHA,"OCONOMOWOC CITY WARDS 1 - 3, 13 - 15, 19 -",SPRING GENERAL,JUSTICE OF THE SUPREME COURT,NONPARTISAN,SCATTERING,369,0
2001,APRIL,WAUKESHA,"OCONOMOWOC CITY WARDS 4 - 6, 16 - 18, 26 &",SPRING GENERAL,JUSTICE OF THE SUPREME COURT,NONPARTISAN,"DAVID T PROSSER, JR.",296,294
2001,APRIL,WAUKESHA,"OCONOMOWOC CITY WARDS 4 - 6, 16 - 18, 26 &",SPRING GENERAL,JUSTICE OF THE SUPREME COURT,NONPARTISAN,SCATTERING,296,2
2001,APRIL,WAUKESHA,"OCONOMOWOC CITY WARDS 7 - 9, 22, 23, 27 &",SPRING GENERAL,JUSTICE OF THE SUPREME COURT,NONPARTISAN,"DAVID T PROSSER, JR.",314,311
2001,APRIL,WAUKESHA,"OCONOMOWOC CITY WARDS 7 - 9, 22, 23, 27 &",SPRING GENERAL,JUSTICE OF THE SUPREME COURT,NONPARTISAN,SCATTERING,314,3
2001,APRIL,WAUKESHA,"OCONOMOWOC CITY WARDS 10 - 12, 24, 25, 31",SPRING GENERAL,JUSTICE OF THE SUPREME COURT,NONPARTISAN,"DAVID T PROSSER, JR.",266,265
2001,APRIL,WAUKESHA,"OCONOMOWOC CITY WARDS 10 - 12, 24, 25, 31",SPRING GENERAL,JUSTICE OF THE SUPREME COURT,NONPARTISAN,SCATTERING,266,1
2001,APRIL,WAUKESHA,PEWAUKEE CITY WARD 1,SPRING GENERAL,JUSTICE OF THE SUPREME COURT,NONPARTISAN,"DAVID T PROSSER, JR.",279,278
2001,APRIL,WAUKESHA,PEWAUKEE CITY WARD 1,SPRING GENERAL,JUSTICE OF THE SUPREME COURT,NONPARTISAN,SCATTERING,279,1
2001,APRIL,WAUKESHA,PEWAUKEE CITY WARDS 2 & 3,SPRING GENERAL,JUSTICE OF THE SUPREME COURT,NONPARTISAN,"DAVID T PROSSER, JR.",346,346
2001,APRIL,WAUKESHA,PEWAUKEE CITY WARDS 2 & 3,SPRING GENERAL,JUSTICE OF THE SUPREME COURT,NONPARTISAN,SCATTERING,346,0
2001,APRIL,WAUKESHA,PEWAUKEE CITY WARD 4,SPRING GENERAL,JUSTICE OF THE SUPREME COURT,NONPARTISAN,"DAVID T PROSSER, JR.",196,196
2001,APRIL,WAUKESHA,PEWAUKEE CITY WARD 4,SPRING GENERAL,JUSTICE OF THE SUPREME COURT,NONPARTISAN,SCATTERING,196,0
2001,APRIL,WAUKESHA,PEWAUKEE CITY WARDS 5 & 6,SPRING GENERAL,JUSTICE OF THE SUPREME COURT,NONPARTISAN,"DAVID T PROSSER, JR.",554,553
2001,APRIL,WAUKESHA,PEWAUKEE CITY WARDS 5 & 6,SPRING GENERAL,JUSTICE OF THE SUPREME COURT,NONPARTISAN,SCATTERING,554,1
2001,APRIL,WAUKESHA,PEWAUKEE CITY WARDS 7 & 8,SPRING GENERAL,JUSTICE OF THE SUPREME COURT,NONPARTISAN,"DAVID T PROSSER, JR.",261,259
2001,APRIL,WAUKESHA,PEWAUKEE CITY WARDS 7 & 8,SPRING GENERAL,JUSTICE OF THE SUPREME COURT,NONPARTISAN,SCATTERING,261,2
2001,APRIL,WAUKESHA,PEWAUKEE CITY WARD 9,SPRING GENERAL,JUSTICE OF THE SUPREME COURT,NONPARTISAN,"DAVID T PROSSER, JR.",239,239
2001,APRIL,WAUKESHA,PEWAUKEE CITY WARD 9,SPRING GENERAL,JUSTICE OF THE SUPREME COURT,NONPARTISAN,SCATTERING,239,0
2001,APRIL,WAUKESHA,PEWAUKEE CITY WARD 10,SPRING GENERAL,JUSTICE OF THE SUPREME COURT,NONPARTISAN,"DAVID T PROSSER, JR.",172,172
2001,APRIL,WAUKESHA,PEWAUKEE CITY WARD 10,SPRING GENERAL,JUSTICE OF THE SUPREME COURT,NONPARTISAN,SCATTERING,172,0
2001,APRIL,WAUKESHA,PEWAUKEE CITY WARDS 11 & 12,SPRING GENERAL,JUSTICE OF THE SUPREME COURT,NONPARTISAN,"DAVID T PROSSER, JR.",374,374
2001,APRIL,WAUKESHA,PEWAUKEE CITY WARDS 11 & 12,SPRING GENERAL,JUSTICE OF THE SUPREME COURT,NONPARTISAN,SCATTERING,374,0
2001,APRIL,WAUKESHA,WAUKESHA CITY WARD 1,SPRING GENERAL,JUSTICE OF THE SUPREME COURT,NONPARTISAN,"DAVID T PROSSER, JR.",301,301
2001,APRIL,WAUKESHA,WAUKESHA CITY WARD 1,SPRING GENERAL,JUSTICE OF THE SUPREME COURT,NONPARTISAN,SCATTERING,301,0
2001,APRIL,WAUKESHA,WAUKESHA CITY WARD 2,SPRING GENERAL,JUSTICE OF THE SUPREME COURT,NONPARTISAN,"DAVID T PROSSER, JR.",214,213
2001,APRIL,WAUKESHA,WAUKESHA CITY WARD 2,SPRING GENERAL,JUSTICE OF THE SUPREME COURT,NONPARTISAN,SCATTERING,214,1
2001,APRIL,WAUKESHA,WAUKESHA CITY WARD 3,SPRING GENERAL,JUSTICE OF THE SUPREME COURT,NONPARTISAN,"DAVID T PROSSER, JR.",91,91
2001,APRIL,WAUKESHA,WAUKESHA CITY WARD 3,SPRING GENERAL,JUSTICE OF THE SUPREME COURT,NONPARTISAN,SCATTERING,91,0
2001,APRIL,WAUKESHA,WAUKESHA CITY WARD 4,SPRING GENERAL,JUSTICE OF THE SUPREME COURT,NONPARTISAN,"DAVID T PROSSER, JR.",140,139
2001,APRIL,WAUKESHA,WAUKESHA CITY WARD 4,SPRING GENERAL,JUSTICE OF THE SUPREME COURT,NONPARTISAN,SCATTERING,140,1
2001,APRIL,WAUKESHA,WAUKESHA CITY WARD 5,SPRING GENERAL,JUSTICE OF THE SUPREME COURT,NONPARTISAN,"DAVID T PROSSER, JR.",136,135
2001,APRIL,WAUKESHA,WAUKESHA CITY WARD 5,SPRING GENERAL,JUSTICE OF THE SUPREME COURT,NONPARTISAN,SCATTERING,136,1
2001,APRIL,WAUKESHA,WAUKESHA CITY WARD 6,SPRING GENERAL,JUSTICE OF THE SUPREME COURT,NONPARTISAN,"DAVID T PROSSER, JR.",134,134
2001,APRIL,WAUKESHA,WAUKESHA CITY WARD 6,SPRING GENERAL,JUSTICE OF THE SUPREME COURT,NONPARTISAN,SCATTERING,134,0
2001,APRIL,WAUKESHA,WAUKESHA CITY WARD 7,SPRING GENERAL,JUSTICE OF THE SUPREME COURT,NONPARTISAN,"DAVID T PROSSER, JR.",410,407
2001,APRIL,WAUKESHA,WAUKESHA CITY WARD 7,SPRING GENERAL,JUSTICE OF THE SUPREME COURT,NONPARTISAN,SCATTERING,410,3
2001,APRIL,WAUKESHA,WAUKESHA CITY WARD 8,SPRING GENERAL,JUSTICE OF THE SUPREME COURT,NONPARTISAN,"DAVID T PROSSER, JR.",221,220
2001,APRIL,WAUKESHA,WAUKESHA CITY WARD 8,SPRING GENERAL,JUSTICE OF THE SUPREME COURT,NONPARTISAN,SCATTERING,221,1
2001,APRIL,WAUKESHA,WAUKESHA CITY WARD 9,SPRING GENERAL,JUSTICE OF THE SUPREME COURT,NONPARTISAN,"DAVID T PROSSER, JR.",113,113
2001,APRIL,WAUKESHA,WAUKESHA CITY WARD 9,SPRING GENERAL,JUSTICE OF THE SUPREME COURT,NONPARTISAN,SCATTERING,113,0
2001,APRIL,WAUKESHA,WAUKESHA CITY WARD 10,SPRING GENERAL,JUSTICE OF THE SUPREME COURT,NONPARTISAN,"DAVID T PROSSER, JR.",432,432
2001,APRIL,WAUKESHA,WAUKESHA CITY WARD 10,SPRING GENERAL,JUSTICE OF THE SUPREME COURT,NONPARTISAN,SCATTERING,432,0
2001,APRIL,WAUKESHA,WAUKESHA CITY WARD 11,SPRING GENERAL,JUSTICE OF THE SUPREME COURT,NONPARTISAN,"DAVID T PROSSER, JR.",325,325
2001,APRIL,WAUKESHA,WAUKESHA CITY WARD 11,SPRING GENERAL,JUSTICE OF THE SUPREME COURT,NONPARTISAN,SCATTERING,325,0
2001,APRIL,WAUKESHA,WAUKESHA CITY WARD 12,SPRING GENERAL,JUSTICE OF THE SUPREME COURT,NONPARTISAN,"DAVID T PROSSER, JR.",622,620
2001,APRIL,WAUKESHA,WAUKESHA CITY WARD 12,SPRING GENERAL,JUSTICE OF THE SUPREME COURT,NONPARTISAN,SCATTERING,622,2
2001,APRIL,WAUKESHA,WAUKESHA CITY WARD 13,SPRING GENERAL,JUSTICE OF THE SUPREME COURT,NONPARTISAN,"DAVID T PROSSER, JR.",227,227
2001,APRIL,WAUKESHA,WAUKESHA CITY WARD 13,SPRING GENERAL,JUSTICE OF THE SUPREME COURT,NONPARTISAN,SCATTERING,227,0
2001,APRIL,WAUKESHA,WAUKESHA CITY WARD 14,SPRING GENERAL,JUSTICE OF THE SUPREME COURT,NONPARTISAN,"DAVID T PROSSER, JR.",198,198
2001,APRIL,WAUKESHA,WAUKESHA CITY WARD 14,SPRING GENERAL,JUSTICE OF THE SUPREME COURT,NONPARTISAN,SCATTERING,198,0
2001,APRIL,WAUKESHA,WAUKESHA CITY WARD 15,SPRING GENERAL,JUSTICE OF THE SUPREME COURT,NONPARTISAN,"DAVID T PROSSER, JR.",186,186
2001,APRIL,WAUKESHA,WAUKESHA CITY WARD 15,SPRING GENERAL,JUSTICE OF THE SUPREME COURT,NONPARTISAN,SCATTERING,186,0
2001,APRIL,WAUKESHA,WAUKESHA CITY WARD 16,SPRING GENERAL,JUSTICE OF THE SUPREME COURT,NONPARTISAN,"DAVID T PROSSER, JR.",187,187
2001,APRIL,WAUKESHA,WAUKESHA CITY WARD 16,SPRING GENERAL,JUSTICE OF THE SUPREME COURT,NONPARTISAN,SCATTERING,187,0
2001,APRIL,WAUKESHA,WAUKESHA CITY WARD 17,SPRING GENERAL,JUSTICE OF THE SUPREME COURT,NONPARTISAN,"DAVID T PROSSER, JR.",179,179
2001,APRIL,WAUKESHA,WAUKESHA CITY WARD 17,SPRING GENERAL,JUSTICE OF THE SUPREME COURT,NONPARTISAN,SCATTERING,179,0
2001,APRIL,WAUKESHA,WAUKESHA CITY WARD 18,SPRING GENERAL,JUSTICE OF THE SUPREME COURT,NONPARTISAN,"DAVID T PROSSER, JR.",299,299
2001,APRIL,WAUKESHA,WAUKESHA CITY WARD 18,SPRING GENERAL,JUSTICE OF THE SUPREME COURT,NONPARTISAN,SCATTERING,299,0
2001,APRIL,WAUKESHA,WAUKESHA CITY WARD 19,SPRING GENERAL,JUSTICE OF THE SUPREME COURT,NONPARTISAN,"DAVID T PROSSER, JR.",316,315
2001,APRIL,WAUKESHA,WAUKESHA CITY WARD 19,SPRING GENERAL,JUSTICE OF THE SUPREME COURT,NONPARTISAN,SCATTERING,316,1
2001,APRIL,WAUKESHA,WAUKESHA CITY WARD 20,SPRING GENERAL,JUSTICE OF THE SUPREME COURT,NONPARTISAN,"DAVID T PROSSER, JR.",261,260
2001,APRIL,WAUKESHA,WAUKESHA CITY WARD 20,SPRING GENERAL,JUSTICE OF THE SUPREME COURT,NONPARTISAN,SCATTERING,261,1
2001,APRIL,WAUKESHA,WAUKESHA CITY WARD 21,SPRING GENERAL,JUSTICE OF THE SUPREME COURT,NONPARTISAN,"DAVID T PROSSER, JR.",78,78
2001,APRIL,WAUKESHA,WAUKESHA CITY WARD 21,SPRING GENERAL,JUSTICE OF THE SUPREME COURT,NONPARTISAN,SCATTERING,78,0
2001,APRIL,WAUKESHA,WAUKESHA CITY WARD 22,SPRING GENERAL,JUSTICE OF THE SUPREME COURT,NONPARTISAN,"DAVID T PROSSER, JR.",157,157
2001,APRIL,WAUKESHA,WAUKESHA CITY WARD 22,SPRING GENERAL,JUSTICE OF THE SUPREME COURT,NONPARTISAN,SCATTERING,157,0
2001,APRIL,WAUKESHA,WAUKESHA CITY WARD 23,SPRING GENERAL,JUSTICE OF THE SUPREME COURT,NONPARTISAN,"DAVID T PROSSER, JR.",182,181
2001,APRIL,WAUKESHA,WAUKESHA CITY WARD 23,SPRING GENERAL,JUSTICE OF THE SUPREME COURT,NONPARTISAN,SCATTERING,182,1
2001,APRIL,WAUKESHA,WAUKESHA CITY WARD 24,SPRING GENERAL,JUSTICE OF THE SUPREME COURT,NONPARTISAN,"DAVID T PROSSER, JR.",224,224
2001,APRIL,WAUKESHA,WAUKESHA CITY WARD 24,SPRING GENERAL,JUSTICE OF THE SUPREME COURT,NONPARTISAN,SCATTERING,224,0
2001,APRIL,WAUKESHA,WAUKESHA CITY WARD 25,SPRING GENERAL,JUSTICE OF THE SUPREME COURT,NONPARTISAN,"DAVID T PROSSER, JR.",537,535
2001,APRIL,WAUKESHA,WAUKESHA CITY WARD 25,SPRING GENERAL,JUSTICE OF THE SUPREME COURT,NONPARTISAN,SCATTERING,537,2
2001,APRIL,WAUKESHA,WAUKESHA CITY WARD 26,SPRING GENERAL,JUSTICE OF THE SUPREME COURT,NONPARTISAN,"DAVID T PROSSER, JR.",115,113
2001,APRIL,WAUKESHA,WAUKESHA CITY WARD 26,SPRING GENERAL,JUSTICE OF THE SUPREME COURT,NONPARTISAN,SCATTERING,115,2
2001,APRIL,WAUKESHA,WAUKESHA CITY WARD 27,SPRING GENERAL,JUSTICE OF THE SUPREME COURT,NONPARTISAN,"DAVID T PROSSER, JR.",112,112
2001,APRIL,WAUKESHA,WAUKESHA CITY WARD 27,SPRING GENERAL,JUSTICE OF THE SUPREME COURT,NONPARTISAN,SCATTERING,112,0
2001,APRIL,WAUKESHA,WAUKESHA CITY WARD 28,SPRING GENERAL,JUSTICE OF THE SUPREME COURT,NONPARTISAN,"DAVID T PROSSER, JR.",214,214
2001,APRIL,WAUKESHA,WAUKESHA CITY WARD 28,SPRING GENERAL,JUSTICE OF THE SUPREME COURT,NONPARTISAN,SCATTERING,214,0
2001,APRIL,WAUKESHA,WAUKESHA CITY WARD 29,SPRING GENERAL,JUSTICE OF THE SUPREME COURT,NONPARTISAN,"DAVID T PROSSER, JR.",515,514
2001,APRIL,WAUKESHA,WAUKESHA CITY WARD 29,SPRING GENERAL,JUSTICE OF THE SUPREME COURT,NONPARTISAN,SCATTERING,515,1
2001,APRIL,WAUKESHA,WAUKESHA CITY WARD 30,SPRING GENERAL,JUSTICE OF THE SUPREME COURT,NONPARTISAN,"DAVID T PROSSER, JR.",242,242
2001,APRIL,WAUKESHA,WAUKESHA CITY WARD 30,SPRING GENERAL,JUSTICE OF THE SUPREME COURT,NONPARTISAN,SCATTERING,242,0
2001,APRIL,WAUKESHA,WAUKESHA CITY WARD 31,SPRING GENERAL,JUSTICE OF THE SUPREME COURT,NONPARTISAN,"DAVID T PROSSER, JR.",6,6
2001,APRIL,WAUKESHA,WAUKESHA CITY WARD 31,SPRING GENERAL,JUSTICE OF THE SUPREME COURT,NONPARTISAN,SCATTERING,6,0
2001,APRIL,WAUKESHA,WAUKESHA CITY WARD 32,SPRING GENERAL,JUSTICE OF THE SUPREME COURT,NONPARTISAN,"DAVID T PROSSER, JR.",4,4
2001,APRIL,WAUKESHA,WAUKESHA CITY WARD 32,SPRING GENERAL,JUSTICE OF THE SUPREME COURT,NONPARTISAN,SCATTERING,4,0
2001,APRIL,WAUKESHA,WAUKESHA CITY WARD 33,SPRING GENERAL,JUSTICE OF THE SUPREME COURT,NONPARTISAN,"DAVID T PROSSER, JR.",53,53
2001,APRIL,WAUKESHA,WAUKESHA CITY WARD 33,SPRING GENERAL,JUSTICE OF THE SUPREME COURT,NONPARTISAN,SCATTERING,53,0
2001,APRIL,WAUKESHA,WAUKESHA CITY WARD 34,SPRING GENERAL,JUSTICE OF THE SUPREME COURT,NONPARTISAN,"DAVID T PROSSER, JR.",60,60
2001,APRIL,WAUKESHA,WAUKESHA CITY WARD 34,SPRING GENERAL,JUSTICE OF THE SUPREME COURT,NONPARTISAN,SCATTERING,60,0
2001,APRIL,WAUKESHA,WAUKESHA CITY WARD 35,SPRING GENERAL,JUSTICE OF THE SUPREME COURT,NONPARTISAN,"DAVID T PROSSER, JR.",1,1
2001,APRIL,WAUKESHA,WAUKESHA CITY WARD 35,SPRING GENERAL,JUSTICE OF THE SUPREME COURT,NONPARTISAN,SCATTERING,1,0
2001,APRIL,WAUKESHA,WAUKESHA CITY WARD 36,SPRING GENERAL,JUSTICE OF THE SUPREME COURT,NONPARTISAN,"DAVID T PROSSER, JR.",3,3
2001,APRIL,WAUKESHA,WAUKESHA CITY WARD 36,SPRING GENERAL,JUSTICE OF THE SUPREME COURT,NONPARTISAN,SCATTERING,3,0
2001,APRIL,WAUKESHA,WAUKESHA CITY WARD 37,SPRING GENERAL,JUSTICE OF THE SUPREME COURT,NONPARTISAN,"DAVID T PROSSER, JR.",48,48
2001,APRIL,WAUKESHA,WAUKESHA CITY WARD 37,SPRING GENERAL,JUSTICE OF THE SUPREME COURT,NONPARTISAN,SCATTERING,48,0
2001,APRIL,WAUKESHA,WAUKESHA CITY WARD 38,SPRING GENERAL,JUSTICE OF THE SUPREME COURT,NONPARTISAN,"DAVID T PROSSER, JR.",26,26
2001,APRIL,WAUKESHA,WAUKESHA CITY WARD 38,SPRING GENERAL,JUSTICE OF THE SUPREME COURT,NONPARTISAN,SCATTERING,26,0
2001,APRIL,WAUKESHA,WAUKESHA CITY WARD 39,SPRING GENERAL,JUSTICE OF THE SUPREME COURT,NONPARTISAN,"DAVID T PROSSER, JR.",33,33
2001,APRIL,WAUKESHA,WAUKESHA CITY WARD 39,SPRING GENERAL,JUSTICE OF THE SUPREME COURT,NONPARTISAN,SCATTERING,33,0
2001,APRIL,WAUKESHA,WAUKESHA CITY WARD 40,SPRING GENERAL,JUSTICE OF THE SUPREME COURT,NONPARTISAN,"DAVID T PROSSER, JR.",0,0
2001,APRIL,WAUKESHA,WAUKESHA CITY WARD 40,SPRING GENERAL,JUSTICE OF THE SUPREME COURT,NONPARTISAN,SCATTERING,0,0
2001,APRIL,WAUKESHA,WAUKESHA CITY WARD 41,SPRING GENERAL,JUSTICE OF THE SUPREME COURT,NONPARTISAN,"DAVID T PROSSER, JR.",16,16
2001,APRIL,WAUKESHA,WAUKESHA CITY WARD 41,SPRING GENERAL,JUSTICE OF THE SUPREME COURT,NONPARTISAN,SCATTERING,16,0
2001,APRIL,WAUKESHA,WAUKESHA CITY WARD 42,SPRING GENERAL,JUSTICE OF THE SUPREME COURT,NONPARTISAN,"DAVID T PROSSER, JR.",16,16
2001,APRIL,WAUKESHA,WAUKESHA CITY WARD 42,SPRING GENERAL,JUSTICE OF THE SUPREME COURT,NONPARTISAN,SCATTERING,16,0
2001,APRIL,WAUKESHA,WAUKESHA CITY WARD 43,SPRING GENERAL,JUSTICE OF THE SUPREME COURT,NONPARTISAN,"DAVID T PROSSER, JR.",0,0
2001,APRIL,WAUKESHA,WAUKESHA CITY WARD 43,SPRING GENERAL,JUSTICE OF THE SUPREME COURT,NONPARTISAN,SCATTERING,0,0
2001,APRIL,WAUKESHA,WAUKESHA CITY WARD 44,SPRING GENERAL,JUSTICE OF THE SUPREME COURT,NONPARTISAN,"DAVID T PROSSER, JR.",0,0
2001,APRIL,WAUKESHA,WAUKESHA CITY WARD 44,SPRING GENERAL,JUSTICE OF THE SUPREME COURT,NONPARTISAN,SCATTERING,0,0
2001,APRIL,WAUKESHA,WAUKESHA CITY WARD 45,SPRING GENERAL,JUSTICE OF THE SUPREME COURT,NONPARTISAN,"DAVID T PROSSER, JR.",1,1
2001,APRIL,WAUKESHA,WAUKESHA CITY WARD 45,SPRING GENERAL,JUSTICE OF THE SUPREME COURT,NONPARTISAN,SCATTERING,1,0
2001,APRIL,WAUKESHA,WAUKESHA CITY WARD 46,SPRING GENERAL,JUSTICE OF THE SUPREME COURT,NONPARTISAN,"DAVID T PROSSER, JR.",0,0
2001,APRIL,WAUKESHA,WAUKESHA CITY WARD 46,SPRING GENERAL,JUSTICE OF THE SUPREME COURT,NONPARTISAN,SCATTERING,0,0
2001,APRIL,WAUKESHA,WAUKESHA CITY WARD 47,SPRING GENERAL,JUSTICE OF THE SUPREME COURT,NONPARTISAN,"DAVID T PROSSER, JR.",2,2
2001,APRIL,WAUKESHA,WAUKESHA CITY WARD 47,SPRING GENERAL,JUSTICE OF THE SUPREME COURT,NONPARTISAN,SCATTERING,2,0
2001,APRIL,WAUKESHA,WAUKESHA CITY WARD 48,SPRING GENERAL,JUSTICE OF THE SUPREME COURT,NONPARTISAN,"DAVID T PROSSER, JR.",27,27
2001,APRIL,WAUKESHA,WAUKESHA CITY WARD 48,SPRING GENERAL,JUSTICE OF THE SUPREME COURT,NONPARTISAN,SCATTERING,27,0
2001,APRIL,WAUKESHA,WAUKESHA CITY WARD 49,SPRING GENERAL,JUSTICE OF THE SUPREME COURT,NONPARTISAN,"DAVID T PROSSER, JR.",0,0
2001,APRIL,WAUKESHA,WAUKESHA CITY WARD 49,SPRING GENERAL,JUSTICE OF THE SUPREME COURT,NONPARTISAN,SCATTERING,0,0
2001,APRIL,WAUKESHA,WAUKESHA CITY WARD 50,SPRING GENERAL,JUSTICE OF THE SUPREME COURT,NONPARTISAN,"DAVID T PROSSER, JR.",0,0
2001,APRIL,WAUKESHA,WAUKESHA CITY WARD 50,SPRING GENERAL,JUSTICE OF THE SUPREME COURT,NONPARTISAN,SCATTERING,0,0
2001,APRIL,WAUKESHA,WAUKESHA CITY WARD 51,SPRING GENERAL,JUSTICE OF THE SUPREME COURT,NONPARTISAN,"DAVID T PROSSER, JR.",0,0
2001,APRIL,WAUKESHA,WAUKESHA CITY WARD 51,SPRING GENERAL,JUSTICE OF THE SUPREME COURT,NONPARTISAN,SCATTERING,0,0
2001,APRIL,WAUKESHA,WAUKESHA CITY WARD 52,SPRING GENERAL,JUSTICE OF THE SUPREME COURT,NONPARTISAN,"DAVID T PROSSER, JR.",0,0
2001,APRIL,WAUKESHA,WAUKESHA CITY WARD 52,SPRING GENERAL,JUSTICE OF THE SUPREME COURT,NONPARTISAN,SCATTERING,0,0
2001,APRIL,WAUKESHA,WAUKESHA CITY WARD 53,SPRING GENERAL,JUSTICE OF THE SUPREME COURT,NONPARTISAN,"DAVID T PROSSER, JR.",0,0
2001,APRIL,WAUKESHA,WAUKESHA CITY WARD 53,SPRING GENERAL,JUSTICE OF THE SUPREME COURT,NONPARTISAN,SCATTERING,0,0
2001,APRIL,WAUKESHA,WAUKESHA CITY WARD 54,SPRING GENERAL,JUSTICE OF THE SUPREME COURT,NONPARTISAN,"DAVID T PROSSER, JR.",0,0
2001,APRIL,WAUKESHA,WAUKESHA CITY WARD 54,SPRING GENERAL,JUSTICE OF THE SUPREME COURT,NONPARTISAN,SCATTERING,0,0
2001,APRIL,WAUKESHA,WAUKESHA CITY WARD 55,SPRING GENERAL,JUSTICE OF THE SUPREME COURT,NONPARTISAN,"DAVID T PROSSER, JR.",3,3
2001,APRIL,WAUKESHA,WAUKESHA CITY WARD 55,SPRING GENERAL,JUSTICE OF THE SUPREME COURT,NONPARTISAN,SCATTERING,3,0
2001,APRIL,WAUKESHA,WAUKESHA CITY WARD 56,SPRING GENERAL,JUSTICE OF THE SUPREME COURT,NONPARTISAN,"DAVID T PROSSER, JR.",0,0
2001,APRIL,WAUKESHA,WAUKESHA CITY WARD 56,SPRING GENERAL,JUSTICE OF THE SUPREME COURT,NONPARTISAN,SCATTERING,0,0
2001,APRIL,WAUKESHA,WAUKESHA CITY WARD 57,SPRING GENERAL,JUSTICE OF THE SUPREME COURT,NONPARTISAN,"DAVID T PROSSER, JR.",0,0
2001,APRIL,WAUKESHA,WAUKESHA CITY WARD 57,SPRING GENERAL,JUSTICE OF THE SUPREME COURT,NONPARTISAN,SCATTERING,0,0
2001,APRIL,WAUKESHA,WAUKESHA CITY WARD 58,SPRING GENERAL,JUSTICE OF THE SUPREME COURT,NONPARTISAN,"DAVID T PROSSER, JR.",3,3
2001,APRIL,WAUKESHA,WAUKESHA CITY WARD 58,SPRING GENERAL,JUSTICE OF THE SUPREME COURT,NONPARTISAN,SCATTERING,3,0
2001,APRIL,WAUKESHA,WAUKESHA CITY WARD 59,SPRING GENERAL,JUSTICE OF THE SUPREME COURT,NONPARTISAN,"DAVID T PROSSER, JR.",0,0
2001,APRIL,WAUKESHA,WAUKESHA CITY WARD 59,SPRING GENERAL,JUSTICE OF THE SUPREME COURT,NONPARTISAN,SCATTERING,0,0
2001,APRIL,WAUKESHA,WAUKESHA CITY WARD 60,SPRING GENERAL,JUSTICE OF THE SUPREME COURT,NONPARTISAN,"DAVID T PROSSER, JR.",0,0
2001,APRIL,WAUKESHA,WAUKESHA CITY WARD 60,SPRING GENERAL,JUSTICE OF THE SUPREME COURT,NONPARTISAN,SCATTERING,0,0
2001,APRIL,WAUKESHA,WAUKESHA CITY WARD 61,SPRING GENERAL,JUSTICE OF THE SUPREME COURT,NONPARTISAN,"DAVID T PROSSER, JR.",1,1
2001,APRIL,WAUKESHA,WAUKESHA CITY WARD 61,SPRING GENERAL,JUSTICE OF THE SUPREME COURT,NONPARTISAN,SCATTERING,1,0
2001,APRIL,WAUKESHA,WAUKESHA CITY WARD 62,SPRING GENERAL,JUSTICE OF THE SUPREME COURT,NONPARTISAN,"DAVID T PROSSER, JR.",1,1
2001,APRIL,WAUKESHA,WAUKESHA CITY WARD 62,SPRING GENERAL,JUSTICE OF THE SUPREME COURT,NONPARTISAN,SCATTERING,1,0
2001,APRIL,WAUKESHA,WAUKESHA CITY WARD 63,SPRING GENERAL,JUSTICE OF THE SUPREME COURT,NONPARTISAN,"DAVID T PROSSER, JR.",0,0
2001,APRIL,WAUKESHA,WAUKESHA CITY WARD 63,SPRING GENERAL,JUSTICE OF THE SUPREME COURT,NONPARTISAN,SCATTERING,0,0
2001,APRIL,WAUKESHA,WAUKESHA CITY WARD 64,SPRING GENERAL,JUSTICE OF THE SUPREME COURT,NONPARTISAN,"DAVID T PROSSER, JR.",0,0
2001,APRIL,WAUKESHA,WAUKESHA CITY WARD 64,SPRING GENERAL,JUSTICE OF THE SUPREME COURT,NONPARTISAN,SCATTERING,0,0
2001,APRIL,WAUKESHA,WAUKESHA CITY WARD 65,SPRING GENERAL,JUSTICE OF THE SUPREME COURT,NONPARTISAN,"DAVID T PROSSER, JR.",16,16
2001,APRIL,WAUKESHA,WAUKESHA CITY WARD 65,SPRING GENERAL,JUSTICE OF THE SUPREME COURT,NONPARTISAN,SCATTERING,16,0
2001,APRIL,WAUKESHA,WAUKESHA CITY WARD 66,SPRING GENERAL,JUSTICE OF THE SUPREME COURT,NONPARTISAN,"DAVID T PROSSER, JR.",0,0
2001,APRIL,WAUKESHA,WAUKESHA CITY WARD 66,SPRING GENERAL,JUSTICE OF THE SUPREME COURT,NONPARTISAN,SCATTERING,0,0
2001,APRIL,WAUKESHA,WAUKESHA CITY WARD 67,SPRING GENERAL,JUSTICE OF THE SUPREME COURT,NONPARTISAN,"DAVID T PROSSER, JR.",0,0
2001,APRIL,WAUKESHA,WAUKESHA CITY WARD 67,SPRING GENERAL,JUSTICE OF THE SUPREME COURT,NONPARTISAN,SCATTERING,0,0
2001,APRIL,WAUKESHA,WAUKESHA CITY WARD 68,SPRING GENERAL,JUSTICE OF THE SUPREME COURT,NONPARTISAN,"DAVID T PROSSER, JR.",0,0
2001,APRIL,WAUKESHA,WAUKESHA CITY WARD 68,SPRING GENERAL,JUSTICE OF THE SUPREME COURT,NONPARTISAN,SCATTERING,0,0
2001,APRIL,WAUKESHA,WAUKESHA CITY WARD 69,SPRING GENERAL,JUSTICE OF THE SUPREME COURT,NONPARTISAN,"DAVID T PROSSER, JR.",0,0
2001,APRIL,WAUKESHA,WAUKESHA CITY WARD 69,SPRING GENERAL,JUSTICE OF THE SUPREME COURT,NONPARTISAN,SCATTERING,0,0
2001,APRIL,WAUKESHA,WAUKESHA CITY WARD 70,SPRING GENERAL,JUSTICE OF THE SUPREME COURT,NONPARTISAN,"DAVID T PROSSER, JR.",1,1
2001,APRIL,WAUKESHA,WAUKESHA CITY WARD 70,SPRING GENERAL,JUSTICE OF THE SUPREME COURT,NONPARTISAN,SCATTERING,1,0
2001,APRIL,WAUKESHA,WAUKESHA CITY WARD 71,SPRING GENERAL,JUSTICE OF THE SUPREME COURT,NONPARTISAN,"DAVID T PROSSER, JR.",0,0
2001,APRIL,WAUKESHA,WAUKESHA CITY WARD 71,SPRING GENERAL,JUSTICE OF THE SUPREME COURT,NONPARTISAN,SCATTERING,0,0
2001,APRIL,WAUKESHA,WAUKESHA CITY WARD 72,SPRING GENERAL,JUSTICE OF THE SUPREME COURT,NONPARTISAN,"DAVID T PROSSER, JR.",0,0
2001,APRIL,WAUKESHA,WAUKESHA CITY WARD 72,SPRING GENERAL,JUSTICE OF THE SUPREME COURT,NONPARTISAN,SCATTERING,0,0
2001,APRIL,WAUKESHA,WAUKESHA CITY WARD 73,SPRING GENERAL,JUSTICE OF THE SUPREME COURT,NONPARTISAN,"DAVID T PROSSER, JR.",0,0
2001,APRIL,WAUKESHA,WAUKESHA CITY WARD 73,SPRING GENERAL,JUSTICE OF THE SUPREME COURT,NONPARTISAN,SCATTERING,0,0
2001,APRIL,WAUKESHA,WAUKESHA CITY WARD 74,SPRING GENERAL,JUSTICE OF THE SUPREME COURT,NONPARTISAN,"DAVID T PROSSER, JR.",0,0
2001,APRIL,WAUKESHA,WAUKESHA CITY WARD 74,SPRING GENERAL,JUSTICE OF THE SUPREME COURT,NONPARTISAN,SCATTERING,0,0
2001,APRIL,WAUPACA,BEAR CREEK TOWN WARD 1,SPRING GENERAL,JUSTICE OF THE SUPREME COURT,NONPARTISAN,"DAVID T PROSSER, JR.",57,57
2001,APRIL,WAUPACA,BEAR CREEK TOWN WARD 1,SPRING GENERAL,JUSTICE OF THE SUPREME COURT,NONPARTISAN,SCATTERING,57,0
2001,APRIL,WAUPACA,CALEDONIA TOWN WARDS 1 & 2,SPRING GENERAL,JUSTICE OF THE SUPREME COURT,NONPARTISAN,"DAVID T PROSSER, JR.",256,255
2001,APRIL,WAUPACA,CALEDONIA TOWN WARDS 1 & 2,SPRING GENERAL,JUSTICE OF THE SUPREME COURT,NONPARTISAN,SCATTERING,256,1
2001,APRIL,WAUPACA,DAYTON TOWN WARDS 1 - 3,SPRING GENERAL,JUSTICE OF THE SUPREME COURT,NONPARTISAN,"DAVID T PROSSER, JR.",490,490
2001,APRIL,WAUPACA,DAYTON TOWN WARDS 1 - 3,SPRING GENERAL,JUSTICE OF THE SUPREME COURT,NONPARTISAN,SCATTERING,490,0
2001,APRIL,WAUPACA,DUPONT TOWN WARDS 1 & 2,SPRING GENERAL,JUSTICE OF THE SUPREME COURT,NONPARTISAN,"DAVID T PROSSER, JR.",45,45
2001,APRIL,WAUPACA,DUPONT TOWN WARDS 1 & 2,SPRING GENERAL,JUSTICE OF THE SUPREME COURT,NONPARTISAN,SCATTERING,45,0
2001,APRIL,WAUPACA,"FARMINGTON TOWN WARDS 1, 2 & 5",SPRING GENERAL,JUSTICE OF THE SUPREME COURT,NONPARTISAN,"DAVID T PROSSER, JR.",284,284
2001,APRIL,WAUPACA,"FARMINGTON TOWN WARDS 1, 2 & 5",SPRING GENERAL,JUSTICE OF THE SUPREME COURT,NONPARTISAN,SCATTERING,284,0
2001,APRIL,WAUPACA,FARMINGTON TOWN WARDS 3 & 4,SPRING GENERAL,JUSTICE OF THE SUPREME COURT,NONPARTISAN,"DAVID T PROSSER, JR.",175,173
2001,APRIL,WAUPACA,FARMINGTON TOWN WARDS 3 & 4,SPRING GENERAL,JUSTICE OF THE SUPREME COURT,NONPARTISAN,SCATTERING,175,2
2001,APRIL,WAUPACA,FREMONT TOWN WARD 1,SPRING GENERAL,JUSTICE OF THE SUPREME COURT,NONPARTISAN,"DAVID T PROSSER, JR.",142,142
2001,APRIL,WAUPACA,FREMONT TOWN WARD 1,SPRING GENERAL,JUSTICE OF THE SUPREME COURT,NONPARTISAN,SCATTERING,142,0
2001,APRIL,WAUPACA,HARRISON TOWN WARD 1,SPRING GENERAL,JUSTICE OF THE SUPREME COURT,NONPARTISAN,"DAVID T PROSSER, JR.",26,26
2001,APRIL,WAUPACA,HARRISON TOWN WARD 1,SPRING GENERAL,JUSTICE OF THE SUPREME COURT,NONPARTISAN,SCATTERING,26,0
2001,APRIL,WAUPACA,HELVETIA TOWN WARDS 1 & 2,SPRING GENERAL,JUSTICE OF THE SUPREME COURT,NONPARTISAN,"DAVID T PROSSER, JR.",106,106
2001,APRIL,WAUPACA,HELVETIA TOWN WARDS 1 & 2,SPRING GENERAL,JUSTICE OF THE SUPREME COURT,NONPARTISAN,SCATTERING,106,0
2001,APRIL,WAUPACA,IOLA TOWN WARD 1,SPRING GENERAL,JUSTICE OF THE SUPREME COURT,NONPARTISAN,"DAVID T PROSSER, JR.",137,137
2001,APRIL,WAUPACA,IOLA TOWN WARD 1,SPRING GENERAL,JUSTICE OF THE SUPREME COURT,NONPARTISAN,SCATTERING,137,0
2001,APRIL,WAUPACA,LARRABEE TOWN WARDS 1 - 3,SPRING GENERAL,JUSTICE OF THE SUPREME COURT,NONPARTISAN,"DAVID T PROSSER, JR.",120,120
2001,APRIL,WAUPACA,LARRABEE TOWN WARDS 1 - 3,SPRING GENERAL,JUSTICE OF THE SUPREME COURT,NONPARTISAN,SCATTERING,120,0
2001,APRIL,WAUPACA,LEBANON TOWN WARDS 1 & 2,SPRING GENERAL,JUSTICE OF THE SUPREME COURT,NONPARTISAN,"DAVID T PROSSER, JR.",139,139
2001,APRIL,WAUPACA,LEBANON TOWN WARDS 1 & 2,SPRING GENERAL,JUSTICE OF THE SUPREME COURT,NONPARTISAN,SCATTERING,139,0
2001,APRIL,WAUPACA,LIND TOWN WARDS 1 & 2,SPRING GENERAL,JUSTICE OF THE SUPREME COURT,NONPARTISAN,"DAVID T PROSSER, JR.",156,156
2001,APRIL,WAUPACA,LIND TOWN WARDS 1 & 2,SPRING GENERAL,JUSTICE OF THE SUPREME COURT,NONPARTISAN,SCATTERING,156,0
2001,APRIL,WAUPACA,LITTLE WOLF TOWN WARDS 1 - 3,SPRING GENERAL,JUSTICE OF THE SUPREME COURT,NONPARTISAN,"DAVID T PROSSER, JR.",176,176
2001,APRIL,WAUPACA,LITTLE WOLF TOWN WARDS 1 - 3,SPRING GENERAL,JUSTICE OF THE SUPREME COURT,NONPARTISAN,SCATTERING,176,0
2001,APRIL,WAUPACA,MATTESON TOWN WARD 1,SPRING GENERAL,JUSTICE OF THE SUPREME COURT,NONPARTISAN,"DAVID T PROSSER, JR.",256,256
2001,APRIL,WAUPACA,MATTESON TOWN WARD 1,SPRING GENERAL,JUSTICE OF THE SUPREME COURT,NONPARTISAN,SCATTERING,256,0
2001,APRIL,WAUPACA,MUKWA TOWN WARDS 1 - 3,SPRING GENERAL,JUSTICE OF THE SUPREME COURT,NONPARTISAN,"DAVID T PROSSER, JR.",469,467
2001,APRIL,WAUPACA,MUKWA TOWN WARDS 1 - 3,SPRING GENERAL,JUSTICE OF THE SUPREME COURT,NONPARTISAN,SCATTERING,469,2
2001,APRIL,WAUPACA,ROYALTON TOWN WARDS 1 & 2,SPRING GENERAL,JUSTICE OF THE SUPREME COURT,NONPARTISAN,"DAVID T PROSSER, JR.",116,116
2001,APRIL,WAUPACA,ROYALTON TOWN WARDS 1 & 2,SPRING GENERAL,JUSTICE OF THE SUPREME COURT,NONPARTISAN,SCATTERING,116,0
2001,APRIL,WAUPACA,ST LAWRENCE TOWN WARDS 1 & 2,SPRING GENERAL,JUSTICE OF THE SUPREME COURT,NONPARTISAN,"DAVID T PROSSER, JR.",132,132
2001,APRIL,WAUPACA,ST LAWRENCE TOWN WARDS 1 & 2,SPRING GENERAL,JUSTICE OF THE SUPREME COURT,NONPARTISAN,SCATTERING,132,0
2001,APRIL,WAUPACA,SCANDINAVIA TOWN WARD 1,SPRING GENERAL,JUSTICE OF THE SUPREME COURT,NONPARTISAN,"DAVID T PROSSER, JR.",97,97
2001,APRIL,WAUPACA,SCANDINAVIA TOWN WARD 1,SPRING GENERAL,JUSTICE OF THE SUPREME COURT,NONPARTISAN,SCATTERING,97,0
2001,APRIL,WAUPACA,UNION TOWN WARD 1,SPRING GENERAL,JUSTICE OF THE SUPREME COURT,NONPARTISAN,"DAVID T PROSSER, JR.",51,51
2001,APRIL,WAUPACA,UNION TOWN WARD 1,SPRING GENERAL,JUSTICE OF THE SUPREME COURT,NONPARTISAN,SCATTERING,51,0
2001,APRIL,WAUPACA,WAUPACA TOWN WARDS 1 & 2,SPRING GENERAL,JUSTICE OF THE SUPREME COURT,NONPARTISAN,"DAVID T PROSSER, JR.",174,174
2001,APRIL,WAUPACA,WAUPACA TOWN WARDS 1 & 2,SPRING GENERAL,JUSTICE OF THE SUPREME COURT,NONPARTISAN,SCATTERING,174,0
2001,APRIL,WAUPACA,WEYAUWEGA TOWN WARDS 1 & 2,SPRING GENERAL,JUSTICE OF THE SUPREME COURT,NONPARTISAN,"DAVID T PROSSER, JR.",41,41
2001,APRIL,WAUPACA,WEYAUWEGA TOWN WARDS 1 & 2,SPRING GENERAL,JUSTICE OF THE SUPREME COURT,NONPARTISAN,SCATTERING,41,0
2001,APRIL,WAUPACA,WYOMING TOWN WARD 1,SPRING GENERAL,JUSTICE OF THE SUPREME COURT,NONPARTISAN,"DAVID T PROSSER, JR.",44,44
2001,APRIL,WAUPACA,WYOMING TOWN WARD 1,SPRING GENERAL,JUSTICE OF THE SUPREME COURT,NONPARTISAN,SCATTERING,44,0
2001,APRIL,WAUPACA,BIG FALLS VILLAGE WARD 1,SPRING GENERAL,JUSTICE OF THE SUPREME COURT,NONPARTISAN,"DAVID T PROSSER, JR.",26,26
2001,APRIL,WAUPACA,BIG FALLS VILLAGE WARD 1,SPRING GENERAL,JUSTICE OF THE SUPREME COURT,NONPARTISAN,SCATTERING,26,0
2001,APRIL,WAUPACA,EMBARRASS VILLAGE WARD 1,SPRING GENERAL,JUSTICE OF THE SUPREME COURT,NONPARTISAN,"DAVID T PROSSER, JR.",36,36
2001,APRIL,WAUPACA,EMBARRASS VILLAGE WARD 1,SPRING GENERAL,JUSTICE OF THE SUPREME COURT,NONPARTISAN,SCATTERING,36,0
2001,APRIL,WAUPACA,FREMONT VILLAGE WARD 1,SPRING GENERAL,JUSTICE OF THE SUPREME COURT,NONPARTISAN,"DAVID T PROSSER, JR.",218,218
2001,APRIL,WAUPACA,FREMONT VILLAGE WARD 1,SPRING GENERAL,JUSTICE OF THE SUPREME COURT,NONPARTISAN,SCATTERING,218,0
2001,APRIL,WAUPACA,IOLA VILLAGE WARDS 1 - 3,SPRING GENERAL,JUSTICE OF THE SUPREME COURT,NONPARTISAN,"DAVID T PROSSER, JR.",165,165
2001,APRIL,WAUPACA,IOLA VILLAGE WARDS 1 - 3,SPRING GENERAL,JUSTICE OF THE SUPREME COURT,NONPARTISAN,SCATTERING,165,0
2001,APRIL,WAUPACA,OGDENSBURG VILLAGE WARD 1,SPRING GENERAL,JUSTICE OF THE SUPREME COURT,NONPARTISAN,"DAVID T PROSSER, JR.",24,24
2001,APRIL,WAUPACA,OGDENSBURG VILLAGE WARD 1,SPRING GENERAL,JUSTICE OF THE SUPREME COURT,NONPARTISAN,SCATTERING,24,0
2001,APRIL,WAUPACA,SCANDINAVIA VILLAGE WARD 1,SPRING GENERAL,JUSTICE OF THE SUPREME COURT,NONPARTISAN,"DAVID T PROSSER, JR.",29,29
2001,APRIL,WAUPACA,SCANDINAVIA VILLAGE WARD 1,SPRING GENERAL,JUSTICE OF THE SUPREME COURT,NONPARTISAN,SCATTERING,29,0
2001,APRIL,WAUPACA,CLINTONVILLE CITY WARDS 1 - 7,SPRING GENERAL,JUSTICE OF THE SUPREME COURT,NONPARTISAN,"DAVID T PROSSER, JR.",670,669
2001,APRIL,WAUPACA,CLINTONVILLE CITY WARDS 1 - 7,SPRING GENERAL,JUSTICE OF THE SUPREME COURT,NONPARTISAN,SCATTERING,670,1
2001,APRIL,WAUPACA,MANAWA CITY WARDS 1 - 4,SPRING GENERAL,JUSTICE OF THE SUPREME COURT,NONPARTISAN,"DAVID T PROSSER, JR.",119,119
2001,APRIL,WAUPACA,MANAWA CITY WARDS 1 - 4,SPRING GENERAL,JUSTICE OF THE SUPREME COURT,NONPARTISAN,SCATTERING,119,0
2001,APRIL,WAUPACA,MARION CITY WARDS 1 - 3,SPRING GENERAL,JUSTICE OF THE SUPREME COURT,NONPARTISAN,"DAVID T PROSSER, JR.",146,146
2001,APRIL,WAUPACA,MARION CITY WARDS 1 - 3,SPRING GENERAL,JUSTICE OF THE SUPREME COURT,NONPARTISAN,SCATTERING,146,0
2001,APRIL,WAUPACA,NEW LONDON CITY WARDS 3 & 6,SPRING GENERAL,JUSTICE OF THE SUPREME COURT,NONPARTISAN,"DAVID T PROSSER, JR.",161,160
2001,APRIL,WAUPACA,NEW LONDON CITY WARDS 3 & 6,SPRING GENERAL,JUSTICE OF THE SUPREME COURT,NONPARTISAN,SCATTERING,161,1
2001,APRIL,WAUPACA,"NEW LONDON CITY WARDS 4, 5 & 12",SPRING GENERAL,JUSTICE OF THE SUPREME COURT,NONPARTISAN,"DAVID T PROSSER, JR.",167,167
2001,APRIL,WAUPACA,"NEW LONDON CITY WARDS 4, 5 & 12",SPRING GENERAL,JUSTICE OF THE SUPREME COURT,NONPARTISAN,SCATTERING,167,0
2001,APRIL,WAUPACA,NEW LONDON CITY WARDS 7 & 8,SPRING GENERAL,JUSTICE OF THE SUPREME COURT,NONPARTISAN,"DAVID T PROSSER, JR.",72,71
2001,APRIL,WAUPACA,NEW LONDON CITY WARDS 7 & 8,SPRING GENERAL,JUSTICE OF THE SUPREME COURT,NONPARTISAN,SCATTERING,72,1
2001,APRIL,WAUPACA,"NEW LONDON CITY WARDS 9, 10 & 13",SPRING GENERAL,JUSTICE OF THE SUPREME COURT,NONPARTISAN,"DAVID T PROSSER, JR.",71,70
2001,APRIL,WAUPACA,"NEW LONDON CITY WARDS 9, 10 & 13",SPRING GENERAL,JUSTICE OF THE SUPREME COURT,NONPARTISAN,SCATTERING,71,1
2001,APRIL,WAUPACA,"WAUPACA CITY WARDS 1, 9 & 14",SPRING GENERAL,JUSTICE OF THE SUPREME COURT,NONPARTISAN,"DAVID T PROSSER, JR.",153,151
2001,APRIL,WAUPACA,"WAUPACA CITY WARDS 1, 9 & 14",SPRING GENERAL,JUSTICE OF THE SUPREME COURT,NONPARTISAN,SCATTERING,153,2
2001,APRIL,WAUPACA,"WAUPACA CITY WARDS 2, 7 & 11",SPRING GENERAL,JUSTICE OF THE SUPREME COURT,NONPARTISAN,"DAVID T PROSSER, JR.",112,112
2001,APRIL,WAUPACA,"WAUPACA CITY WARDS 2, 7 & 11",SPRING GENERAL,JUSTICE OF THE SUPREME COURT,NONPARTISAN,SCATTERING,112,0
2001,APRIL,WAUPACA,"WAUPACA CITY WARDS 3, 12, 15, 16 & 18",SPRING GENERAL,JUSTICE OF THE SUPREME COURT,NONPARTISAN,"DAVID T PROSSER, JR.",35,35
2001,APRIL,WAUPACA,"WAUPACA CITY WARDS 3, 12, 15, 16 & 18",SPRING GENERAL,JUSTICE OF THE SUPREME COURT,NONPARTISAN,SCATTERING,35,0
2001,APRIL,WAUPACA,"WAUPACA CITY WARDS 4, 6, 8, 13 & 17",SPRING GENERAL,JUSTICE OF THE SUPREME COURT,NONPARTISAN,"DAVID T PROSSER, JR.",117,117
2001,APRIL,WAUPACA,"WAUPACA CITY WARDS 4, 6, 8, 13 & 17",SPRING GENERAL,JUSTICE OF THE SUPREME COURT,NONPARTISAN,SCATTERING,117,0
2001,APRIL,WAUPACA,WAUPACA CITY WARDS 5 & 10,SPRING GENERAL,JUSTICE OF THE SUPREME COURT,NONPARTISAN,"DAVID T PROSSER, JR.",119,118
2001,APRIL,WAUPACA,WAUPACA CITY WARDS 5 & 10,SPRING GENERAL,JUSTICE OF THE SUPREME COURT,NONPARTISAN,SCATTERING,119,1
2001,APRIL,WAUPACA,WEYAUWEGA CITY WARDS 1 - 3,SPRING GENERAL,JUSTICE OF THE SUPREME COURT,NONPARTISAN,"DAVID T PROSSER, JR.",126,126
2001,APRIL,WAUPACA,WEYAUWEGA CITY WARDS 1 - 3,SPRING GENERAL,JUSTICE OF THE SUPREME COURT,NONPARTISAN,SCATTERING,126,0
2001,APRIL,WAUSHARA,AURORA TOWN WARD 1,SPRING GENERAL,JUSTICE OF THE SUPREME COURT,NONPARTISAN,"DAVID T PROSSER, JR.",63,63
2001,APRIL,WAUSHARA,AURORA TOWN WARD 1,SPRING GENERAL,JUSTICE OF THE SUPREME COURT,NONPARTISAN,SCATTERING,63,0
2001,APRIL,WAUSHARA,BLOOMFIELD TOWN WARD 1,SPRING GENERAL,JUSTICE OF THE SUPREME COURT,NONPARTISAN,"DAVID T PROSSER, JR.",147,147
2001,APRIL,WAUSHARA,BLOOMFIELD TOWN WARD 1,SPRING GENERAL,JUSTICE OF THE SUPREME COURT,NONPARTISAN,SCATTERING,147,0
2001,APRIL,WAUSHARA,COLOMA TOWN WARD 1,SPRING GENERAL,JUSTICE OF THE SUPREME COURT,NONPARTISAN,"DAVID T PROSSER, JR.",116,116
2001,APRIL,WAUSHARA,COLOMA TOWN WARD 1,SPRING GENERAL,JUSTICE OF THE SUPREME COURT,NONPARTISAN,SCATTERING,116,0
2001,APRIL,WAUSHARA,DAKOTA TOWN WARDS 1 & 2,SPRING GENERAL,JUSTICE OF THE SUPREME COURT,NONPARTISAN,"DAVID T PROSSER, JR.",115,115
2001,APRIL,WAUSHARA,DAKOTA TOWN WARDS 1 & 2,SPRING GENERAL,JUSTICE OF THE SUPREME COURT,NONPARTISAN,SCATTERING,115,0
2001,APRIL,WAUSHARA,DEERFIELD TOWN WARD 1,SPRING GENERAL,JUSTICE OF THE SUPREME COURT,NONPARTISAN,"DAVID T PROSSER, JR.",72,72
2001,APRIL,WAUSHARA,DEERFIELD TOWN WARD 1,SPRING GENERAL,JUSTICE OF THE SUPREME COURT,NONPARTISAN,SCATTERING,72,0
2001,APRIL,WAUSHARA,HANCOCK TOWN WARD 1,SPRING GENERAL,JUSTICE OF THE SUPREME COURT,NONPARTISAN,"DAVID T PROSSER, JR.",60,60
2001,APRIL,WAUSHARA,HANCOCK TOWN WARD 1,SPRING GENERAL,JUSTICE OF THE SUPREME COURT,NONPARTISAN,SCATTERING,60,0
2001,APRIL,WAUSHARA,LEON TOWN WARD 1,SPRING GENERAL,JUSTICE OF THE SUPREME COURT,NONPARTISAN,"DAVID T PROSSER, JR.",269,269
2001,APRIL,WAUSHARA,LEON TOWN WARD 1,SPRING GENERAL,JUSTICE OF THE SUPREME COURT,NONPARTISAN,SCATTERING,269,0
2001,APRIL,WAUSHARA,MARION TOWN WARDS 1 & 2,SPRING GENERAL,JUSTICE OF THE SUPREME COURT,NONPARTISAN,"DAVID T PROSSER, JR.",219,219
2001,APRIL,WAUSHARA,MARION TOWN WARDS 1 & 2,SPRING GENERAL,JUSTICE OF THE SUPREME COURT,NONPARTISAN,SCATTERING,219,0
2001,APRIL,WAUSHARA,MOUNT MORRIS TOWN WARDS 1 & 2,SPRING GENERAL,JUSTICE OF THE SUPREME COURT,NONPARTISAN,"DAVID T PROSSER, JR.",158,158
2001,APRIL,WAUSHARA,MOUNT MORRIS TOWN WARDS 1 & 2,SPRING GENERAL,JUSTICE OF THE SUPREME COURT,NONPARTISAN,SCATTERING,158,0
2001,APRIL,WAUSHARA,OASIS TOWN WARD 1,SPRING GENERAL,JUSTICE OF THE SUPREME COURT,NONPARTISAN,"DAVID T PROSSER, JR.",39,39
2001,APRIL,WAUSHARA,OASIS TOWN WARD 1,SPRING GENERAL,JUSTICE OF THE SUPREME COURT,NONPARTISAN,SCATTERING,39,0
2001,APRIL,WAUSHARA,PLAINFIELD TOWN WARD 1,SPRING GENERAL,JUSTICE OF THE SUPREME COURT,NONPARTISAN,"DAVID T PROSSER, JR.",65,65
2001,APRIL,WAUSHARA,PLAINFIELD TOWN WARD 1,SPRING GENERAL,JUSTICE OF THE SUPREME COURT,NONPARTISAN,SCATTERING,65,0
2001,APRIL,WAUSHARA,POYSIPPI TOWN WARD 1,SPRING GENERAL,JUSTICE OF THE SUPREME COURT,NONPARTISAN,"DAVID T PROSSER, JR.",45,45
2001,APRIL,WAUSHARA,POYSIPPI TOWN WARD 1,SPRING GENERAL,JUSTICE OF THE SUPREME COURT,NONPARTISAN,SCATTERING,45,0
2001,APRIL,WAUSHARA,RICHFORD TOWN WARD 1,SPRING GENERAL,JUSTICE OF THE SUPREME COURT,NONPARTISAN,"DAVID T PROSSER, JR.",56,56
2001,APRIL,WAUSHARA,RICHFORD TOWN WARD 1,SPRING GENERAL,JUSTICE OF THE SUPREME COURT,NONPARTISAN,SCATTERING,56,0
2001,APRIL,WAUSHARA,ROSE TOWN WARD 1,SPRING GENERAL,JUSTICE OF THE SUPREME COURT,NONPARTISAN,"DAVID T PROSSER, JR.",45,45
2001,APRIL,WAUSHARA,ROSE TOWN WARD 1,SPRING GENERAL,JUSTICE OF THE SUPREME COURT,NONPARTISAN,SCATTERING,45,0
2001,APRIL,WAUSHARA,SAXEVILLE TOWN WARD 1,SPRING GENERAL,JUSTICE OF THE SUPREME COURT,NONPARTISAN,"DAVID T PROSSER, JR.",133,132
2001,APRIL,WAUSHARA,SAXEVILLE TOWN WARD 1,SPRING GENERAL,JUSTICE OF THE SUPREME COURT,NONPARTISAN,SCATTERING,133,1
2001,APRIL,WAUSHARA,SPRINGWATER TOWN WARDS 1 & 2,SPRING GENERAL,JUSTICE OF THE SUPREME COURT,NONPARTISAN,"DAVID T PROSSER, JR.",154,154
2001,APRIL,WAUSHARA,SPRINGWATER TOWN WARDS 1 & 2,SPRING GENERAL,JUSTICE OF THE SUPREME COURT,NONPARTISAN,SCATTERING,154,0
2001,APRIL,WAUSHARA,WARREN TOWN WARD 1,SPRING GENERAL,JUSTICE OF THE SUPREME COURT,NONPARTISAN,"DAVID T PROSSER, JR.",61,61
2001,APRIL,WAUSHARA,WARREN TOWN WARD 1,SPRING GENERAL,JUSTICE OF THE SUPREME COURT,NONPARTISAN,SCATTERING,61,0
2001,APRIL,WAUSHARA,WAUTOMA TOWN WARDS 1 & 2,SPRING GENERAL,JUSTICE OF THE SUPREME COURT,NONPARTISAN,"DAVID T PROSSER, JR.",149,148
2001,APRIL,WAUSHARA,WAUTOMA TOWN WARDS 1 & 2,SPRING GENERAL,JUSTICE OF THE SUPREME COURT,NONPARTISAN,SCATTERING,149,1
2001,APRIL,WAUSHARA,COLOMA VILLAGE WARD 1,SPRING GENERAL,JUSTICE OF THE SUPREME COURT,NONPARTISAN,"DAVID T PROSSER, JR.",69,69
2001,APRIL,WAUSHARA,COLOMA VILLAGE WARD 1,SPRING GENERAL,JUSTICE OF THE SUPREME COURT,NONPARTISAN,SCATTERING,69,0
2001,APRIL,WAUSHARA,HANCOCK VILLAGE WARD 1,SPRING GENERAL,JUSTICE OF THE SUPREME COURT,NONPARTISAN,"DAVID T PROSSER, JR.",51,51
2001,APRIL,WAUSHARA,HANCOCK VILLAGE WARD 1,SPRING GENERAL,JUSTICE OF THE SUPREME COURT,NONPARTISAN,SCATTERING,51,0
2001,APRIL,WAUSHARA,LOHRVILLE VILLAGE WARD 1,SPRING GENERAL,JUSTICE OF THE SUPREME COURT,NONPARTISAN,"DAVID T PROSSER, JR.",15,15
2001,APRIL,WAUSHARA,LOHRVILLE VILLAGE WARD 1,SPRING GENERAL,JUSTICE OF THE SUPREME COURT,NONPARTISAN,SCATTERING,15,0
2001,APRIL,WAUSHARA,PLAINFIELD VILLAGE WARD 1,SPRING GENERAL,JUSTICE OF THE SUPREME COURT,NONPARTISAN,"DAVID T PROSSER, JR.",108,108
2001,APRIL,WAUSHARA,PLAINFIELD VILLAGE WARD 1,SPRING GENERAL,JUSTICE OF THE SUPREME COURT,NONPARTISAN,SCATTERING,108,0
2001,APRIL,WAUSHARA,REDGRANITE VILLAGE WARDS 1 & 2,SPRING GENERAL,JUSTICE OF THE SUPREME COURT,NONPARTISAN,"DAVID T PROSSER, JR.",48,48
2001,APRIL,WAUSHARA,REDGRANITE VILLAGE WARDS 1 & 2,SPRING GENERAL,JUSTICE OF THE SUPREME COURT,NONPARTISAN,SCATTERING,48,0
2001,APRIL,WAUSHARA,WILD ROSE VILLAGE WARDS 1 & 2,SPRING GENERAL,JUSTICE OF THE SUPREME COURT,NONPARTISAN,"DAVID T PROSSER, JR.",71,71
2001,APRIL,WAUSHARA,WILD ROSE VILLAGE WARDS 1 & 2,SPRING GENERAL,JUSTICE OF THE SUPREME COURT,NONPARTISAN,SCATTERING,71,0
2001,APRIL,WAUSHARA,BERLIN CITY WARD 7,SPRING GENERAL,JUSTICE OF THE SUPREME COURT,NONPARTISAN,"DAVID T PROSSER, JR.",2,2
2001,APRIL,WAUSHARA,BERLIN CITY WARD 7,SPRING GENERAL,JUSTICE OF THE SUPREME COURT,NONPARTISAN,SCATTERING,2,0
2001,APRIL,WAUSHARA,WAUTOMA CITY WARDS 1 - 4,SPRING GENERAL,JUSTICE OF THE SUPREME COURT,NONPARTISAN,"DAVID T PROSSER, JR.",288,287
2001,APRIL,WAUSHARA,WAUTOMA CITY WARDS 1 - 4,SPRING GENERAL,JUSTICE OF THE SUPREME COURT,NONPARTISAN,SCATTERING,288,1
2001,APRIL,WINNEBAGO,ALGOMA TOWN WARDS 1 - 4,SPRING GENERAL,JUSTICE OF THE SUPREME COURT,NONPARTISAN,"DAVID T PROSSER, JR.",797,795
2001,APRIL,WINNEBAGO,ALGOMA TOWN WARDS 1 - 4,SPRING GENERAL,JUSTICE OF THE SUPREME COURT,NONPARTISAN,SCATTERING,797,2
2001,APRIL,WINNEBAGO,BLACK WOLF TOWN WARDS 1 - 3,SPRING GENERAL,JUSTICE OF THE SUPREME COURT,NONPARTISAN,"DAVID T PROSSER, JR.",565,561
2001,APRIL,WINNEBAGO,BLACK WOLF TOWN WARDS 1 - 3,SPRING GENERAL,JUSTICE OF THE SUPREME COURT,NONPARTISAN,SCATTERING,565,4
2001,APRIL,WINNEBAGO,CLAYTON TOWN WARDS 1 - 3,SPRING GENERAL,JUSTICE OF THE SUPREME COURT,NONPARTISAN,"DAVID T PROSSER, JR.",550,543
2001,APRIL,WINNEBAGO,CLAYTON TOWN WARDS 1 - 3,SPRING GENERAL,JUSTICE OF THE SUPREME COURT,NONPARTISAN,SCATTERING,550,7
2001,APRIL,WINNEBAGO,MENASHA TOWN WARDS 1 - 3,SPRING GENERAL,JUSTICE OF THE SUPREME COURT,NONPARTISAN,"DAVID T PROSSER, JR.",196,194
2001,APRIL,WINNEBAGO,MENASHA TOWN WARDS 1 - 3,SPRING GENERAL,JUSTICE OF THE SUPREME COURT,NONPARTISAN,SCATTERING,196,2
2001,APRIL,WINNEBAGO,MENASHA TOWN WARDS 4 - 7,SPRING GENERAL,JUSTICE OF THE SUPREME COURT,NONPARTISAN,"DAVID T PROSSER, JR.",586,581
2001,APRIL,WINNEBAGO,MENASHA TOWN WARDS 4 - 7,SPRING GENERAL,JUSTICE OF THE SUPREME COURT,NONPARTISAN,SCATTERING,586,5
2001,APRIL,WINNEBAGO,MENASHA TOWN WARDS 8 & 9,SPRING GENERAL,JUSTICE OF THE SUPREME COURT,NONPARTISAN,"DAVID T PROSSER, JR.",405,404
2001,APRIL,WINNEBAGO,MENASHA TOWN WARDS 8 & 9,SPRING GENERAL,JUSTICE OF THE SUPREME COURT,NONPARTISAN,SCATTERING,405,1
2001,APRIL,WINNEBAGO,MENASHA TOWN WARDS 10 - 12,SPRING GENERAL,JUSTICE OF THE SUPREME COURT,NONPARTISAN,"DAVID T PROSSER, JR.",364,364
2001,APRIL,WINNEBAGO,MENASHA TOWN WARDS 10 - 12,SPRING GENERAL,JUSTICE OF THE SUPREME COURT,NONPARTISAN,SCATTERING,364,0
2001,APRIL,WINNEBAGO,NEENAH TOWN WARDS 1 - 5,SPRING GENERAL,JUSTICE OF THE SUPREME COURT,NONPARTISAN,"DAVID T PROSSER, JR.",506,504
2001,APRIL,WINNEBAGO,NEENAH TOWN WARDS 1 - 5,SPRING GENERAL,JUSTICE OF THE SUPREME COURT,NONPARTISAN,SCATTERING,506,2
2001,APRIL,WINNEBAGO,NEKIMI TOWN WARDS 1 - 3,SPRING GENERAL,JUSTICE OF THE SUPREME COURT,NONPARTISAN,"DAVID T PROSSER, JR.",189,189
2001,APRIL,WINNEBAGO,NEKIMI TOWN WARDS 1 - 3,SPRING GENERAL,JUSTICE OF THE SUPREME COURT,NONPARTISAN,SCATTERING,189,0
2001,APRIL,WINNEBAGO,NEPEUSKUN TOWN WARD 1,SPRING GENERAL,JUSTICE OF THE SUPREME COURT,NONPARTISAN,"DAVID T PROSSER, JR.",155,155
2001,APRIL,WINNEBAGO,NEPEUSKUN TOWN WARD 1,SPRING GENERAL,JUSTICE OF THE SUPREME COURT,NONPARTISAN,SCATTERING,155,0
2001,APRIL,WINNEBAGO,OMRO TOWN WARDS 1 - 3,SPRING GENERAL,JUSTICE OF THE SUPREME COURT,NONPARTISAN,"DAVID T PROSSER, JR.",181,180
2001,APRIL,WINNEBAGO,OMRO TOWN WARDS 1 - 3,SPRING GENERAL,JUSTICE OF THE SUPREME COURT,NONPARTISAN,SCATTERING,181,1
2001,APRIL,WINNEBAGO,OSHKOSH TOWN WARDS 1 - 7,SPRING GENERAL,JUSTICE OF THE SUPREME COURT,NONPARTISAN,"DAVID T PROSSER, JR.",413,407
2001,APRIL,WINNEBAGO,OSHKOSH TOWN WARDS 1 - 7,SPRING GENERAL,JUSTICE OF THE SUPREME COURT,NONPARTISAN,SCATTERING,413,6
2001,APRIL,WINNEBAGO,POYGAN TOWN WARDS 1 & 2,SPRING GENERAL,JUSTICE OF THE SUPREME COURT,NONPARTISAN,"DAVID T PROSSER, JR.",296,296
2001,APRIL,WINNEBAGO,POYGAN TOWN WARDS 1 & 2,SPRING GENERAL,JUSTICE OF THE SUPREME COURT,NONPARTISAN,SCATTERING,296,0
2001,APRIL,WINNEBAGO,RUSHFORD TOWN WARDS 1 & 2,SPRING GENERAL,JUSTICE OF THE SUPREME COURT,NONPARTISAN,"DAVID T PROSSER, JR.",141,140
2001,APRIL,WINNEBAGO,RUSHFORD TOWN WARDS 1 & 2,SPRING GENERAL,JUSTICE OF THE SUPREME COURT,NONPARTISAN,SCATTERING,141,1
2001,APRIL,WINNEBAGO,UTICA TOWN WARDS 1 & 2,SPRING GENERAL,JUSTICE OF THE SUPREME COURT,NONPARTISAN,"DAVID T PROSSER, JR.",193,193
2001,APRIL,WINNEBAGO,UTICA TOWN WARDS 1 & 2,SPRING GENERAL,JUSTICE OF THE SUPREME COURT,NONPARTISAN,SCATTERING,193,0
2001,APRIL,WINNEBAGO,VINLAND TOWN WARDS 1 - 3,SPRING GENERAL,JUSTICE OF THE SUPREME COURT,NONPARTISAN,"DAVID T PROSSER, JR.",430,429
2001,APRIL,WINNEBAGO,VINLAND TOWN WARDS 1 - 3,SPRING GENERAL,JUSTICE OF THE SUPREME COURT,NONPARTISAN,SCATTERING,430,1
2001,APRIL,WINNEBAGO,WINCHESTER TOWN WARDS 1 & 2,SPRING GENERAL,JUSTICE OF THE SUPREME COURT,NONPARTISAN,"DAVID T PROSSER, JR.",438,438
2001,APRIL,WINNEBAGO,WINCHESTER TOWN WARDS 1 & 2,SPRING GENERAL,JUSTICE OF THE SUPREME COURT,NONPARTISAN,SCATTERING,438,0
2001,APRIL,WINNEBAGO,WINNECONNE TOWN WARDS 1 - 3,SPRING GENERAL,JUSTICE OF THE SUPREME COURT,NONPARTISAN,"DAVID T PROSSER, JR.",566,563
2001,APRIL,WINNEBAGO,WINNECONNE TOWN WARDS 1 - 3,SPRING GENERAL,JUSTICE OF THE SUPREME COURT,NONPARTISAN,SCATTERING,566,3
2001,APRIL,WINNEBAGO,WOLF RIVER TOWN WARDS 1 & 2,SPRING GENERAL,JUSTICE OF THE SUPREME COURT,NONPARTISAN,"DAVID T PROSSER, JR.",172,172
2001,APRIL,WINNEBAGO,WOLF RIVER TOWN WARDS 1 & 2,SPRING GENERAL,JUSTICE OF THE SUPREME COURT,NONPARTISAN,SCATTERING,172,0
2001,APRIL,WINNEBAGO,WINNECONNE VILLAGE WARDS 1 - 4,SPRING GENERAL,JUSTICE OF THE SUPREME COURT,NONPARTISAN,"DAVID T PROSSER, JR.",609,605
2001,APRIL,WINNEBAGO,WINNECONNE VILLAGE WARDS 1 - 4,SPRING GENERAL,JUSTICE OF THE SUPREME COURT,NONPARTISAN,SCATTERING,609,4
2001,APRIL,WINNEBAGO,APPLETON CITY WARD 18,SPRING GENERAL,JUSTICE OF THE SUPREME COURT,NONPARTISAN,"DAVID T PROSSER, JR.",52,52
2001,APRIL,WINNEBAGO,APPLETON CITY WARD 18,SPRING GENERAL,JUSTICE OF THE SUPREME COURT,NONPARTISAN,SCATTERING,52,0
2001,APRIL,WINNEBAGO,APPLETON CITY WARD 36,SPRING GENERAL,JUSTICE OF THE SUPREME COURT,NONPARTISAN,"DAVID T PROSSER, JR.",3,3
2001,APRIL,WINNEBAGO,APPLETON CITY WARD 36,SPRING GENERAL,JUSTICE OF THE SUPREME COURT,NONPARTISAN,SCATTERING,3,0
2001,APRIL,WINNEBAGO,APPLETON CITY WARD 38,SPRING GENERAL,JUSTICE OF THE SUPREME COURT,NONPARTISAN,"DAVID T PROSSER, JR.",0,0
2001,APRIL,WINNEBAGO,APPLETON CITY WARD 38,SPRING GENERAL,JUSTICE OF THE SUPREME COURT,NONPARTISAN,SCATTERING,0,0
2001,APRIL,WINNEBAGO,APPLETON CITY WARD 48,SPRING GENERAL,JUSTICE OF THE SUPREME COURT,NONPARTISAN,"DAVID T PROSSER, JR.",0,0
2001,APRIL,WINNEBAGO,APPLETON CITY WARD 48,SPRING GENERAL,JUSTICE OF THE SUPREME COURT,NONPARTISAN,SCATTERING,0,0
2001,APRIL,WINNEBAGO,APPLETON CITY WARD 49,SPRING GENERAL,JUSTICE OF THE SUPREME COURT,NONPARTISAN,"DAVID T PROSSER, JR.",0,0
2001,APRIL,WINNEBAGO,APPLETON CITY WARD 49,SPRING GENERAL,JUSTICE OF THE SUPREME COURT,NONPARTISAN,SCATTERING,0,0
2001,APRIL,WINNEBAGO,MENASHA CITY WARDS 1 & 2,SPRING GENERAL,JUSTICE OF THE SUPREME COURT,NONPARTISAN,"DAVID T PROSSER, JR.",607,605
2001,APRIL,WINNEBAGO,MENASHA CITY WARDS 1 & 2,SPRING GENERAL,JUSTICE OF THE SUPREME COURT,NONPARTISAN,SCATTERING,607,2
2001,APRIL,WINNEBAGO,MENASHA CITY WARDS 3 & 4,SPRING GENERAL,JUSTICE OF THE SUPREME COURT,NONPARTISAN,"DAVID T PROSSER, JR.",369,365
2001,APRIL,WINNEBAGO,MENASHA CITY WARDS 3 & 4,SPRING GENERAL,JUSTICE OF THE SUPREME COURT,NONPARTISAN,SCATTERING,369,4
2001,APRIL,WINNEBAGO,MENASHA CITY WARDS 5 & 6,SPRING GENERAL,JUSTICE OF THE SUPREME COURT,NONPARTISAN,"DAVID T PROSSER, JR.",412,410
2001,APRIL,WINNEBAGO,MENASHA CITY WARDS 5 & 6,SPRING GENERAL,JUSTICE OF THE SUPREME COURT,NONPARTISAN,SCATTERING,412,2
2001,APRIL,WINNEBAGO,MENASHA CITY WARDS 7 & 8,SPRING GENERAL,JUSTICE OF THE SUPREME COURT,NONPARTISAN,"DAVID T PROSSER, JR.",571,567
2001,APRIL,WINNEBAGO,MENASHA CITY WARDS 7 & 8,SPRING GENERAL,JUSTICE OF THE SUPREME COURT,NONPARTISAN,SCATTERING,571,4
2001,APRIL,WINNEBAGO,"NEENAH CITY WARDS 1, 13 - 15",SPRING GENERAL,JUSTICE OF THE SUPREME COURT,NONPARTISAN,"DAVID T PROSSER, JR.",566,565
2001,APRIL,WINNEBAGO,"NEENAH CITY WARDS 1, 13 - 15",SPRING GENERAL,JUSTICE OF THE SUPREME COURT,NONPARTISAN,SCATTERING,566,1
2001,APRIL,WINNEBAGO,"NEENAH CITY WARDS 2, 7 - 9 & 28",SPRING GENERAL,JUSTICE OF THE SUPREME COURT,NONPARTISAN,"DAVID T PROSSER, JR.",1244,1234
2001,APRIL,WINNEBAGO,"NEENAH CITY WARDS 2, 7 - 9 & 28",SPRING GENERAL,JUSTICE OF THE SUPREME COURT,NONPARTISAN,SCATTERING,1244,10
2001,APRIL,WINNEBAGO,"NEENAH CITY WARDS 3, 10, 11 & 21",SPRING GENERAL,JUSTICE OF THE SUPREME COURT,NONPARTISAN,"DAVID T PROSSER, JR.",553,547
2001,APRIL,WINNEBAGO,"NEENAH CITY WARDS 3, 10, 11 & 21",SPRING GENERAL,JUSTICE OF THE SUPREME COURT,NONPARTISAN,SCATTERING,553,6
2001,APRIL,WINNEBAGO,"NEENAH CITY WARDS 4 - 6, 17 & 29",SPRING GENERAL,JUSTICE OF THE SUPREME COURT,NONPARTISAN,"DAVID T PROSSER, JR.",524,519
2001,APRIL,WINNEBAGO,"NEENAH CITY WARDS 4 - 6, 17 & 29",SPRING GENERAL,JUSTICE OF THE SUPREME COURT,NONPARTISAN,SCATTERING,524,5
2001,APRIL,WINNEBAGO,"NEENAH CITY WARDS 12, 16, 19, 20, 27 & 30",SPRING GENERAL,JUSTICE OF THE SUPREME COURT,NONPARTISAN,"DAVID T PROSSER, JR.",623,613
2001,APRIL,WINNEBAGO,"NEENAH CITY WARDS 12, 16, 19, 20, 27 & 30",SPRING GENERAL,JUSTICE OF THE SUPREME COURT,NONPARTISAN,SCATTERING,623,10
2001,APRIL,WINNEBAGO,"NEENAH CITY WARDS 18, 22 - 26",SPRING GENERAL,JUSTICE OF THE SUPREME COURT,NONPARTISAN,"DAVID T PROSSER, JR.",927,921
2001,APRIL,WINNEBAGO,"NEENAH CITY WARDS 18, 22 - 26",SPRING GENERAL,JUSTICE OF THE SUPREME COURT,NONPARTISAN,SCATTERING,927,6
2001,APRIL,WINNEBAGO,OMRO CITY WARDS 1 - 3,SPRING GENERAL,JUSTICE OF THE SUPREME COURT,NONPARTISAN,"DAVID T PROSSER, JR.",274,274
2001,APRIL,WINNEBAGO,OMRO CITY WARDS 1 - 3,SPRING GENERAL,JUSTICE OF THE SUPREME COURT,NONPARTISAN,SCATTERING,274,0
2001,APRIL,WINNEBAGO,OSHKOSH CITY WARD 1,SPRING GENERAL,JUSTICE OF THE SUPREME COURT,NONPARTISAN,"DAVID T PROSSER, JR.",144,142
2001,APRIL,WINNEBAGO,OSHKOSH CITY WARD 1,SPRING GENERAL,JUSTICE OF THE SUPREME COURT,NONPARTISAN,SCATTERING,144,2
2001,APRIL,WINNEBAGO,OSHKOSH CITY WARD 2,SPRING GENERAL,JUSTICE OF THE SUPREME COURT,NONPARTISAN,"DAVID T PROSSER, JR.",255,252
2001,APRIL,WINNEBAGO,OSHKOSH CITY WARD 2,SPRING GENERAL,JUSTICE OF THE SUPREME COURT,NONPARTISAN,SCATTERING,255,3
2001,APRIL,WINNEBAGO,OSHKOSH CITY WARD 3,SPRING GENERAL,JUSTICE OF THE SUPREME COURT,NONPARTISAN,"DAVID T PROSSER, JR.",227,226
2001,APRIL,WINNEBAGO,OSHKOSH CITY WARD 3,SPRING GENERAL,JUSTICE OF THE SUPREME COURT,NONPARTISAN,SCATTERING,227,1
2001,APRIL,WINNEBAGO,OSHKOSH CITY WARD 4,SPRING GENERAL,JUSTICE OF THE SUPREME COURT,NONPARTISAN,"DAVID T PROSSER, JR.",121,119
2001,APRIL,WINNEBAGO,OSHKOSH CITY WARD 4,SPRING GENERAL,JUSTICE OF THE SUPREME COURT,NONPARTISAN,SCATTERING,121,2
2001,APRIL,WINNEBAGO,OSHKOSH CITY WARD 5,SPRING GENERAL,JUSTICE OF THE SUPREME COURT,NONPARTISAN,"DAVID T PROSSER, JR.",207,206
2001,APRIL,WINNEBAGO,OSHKOSH CITY WARD 5,SPRING GENERAL,JUSTICE OF THE SUPREME COURT,NONPARTISAN,SCATTERING,207,1
2001,APRIL,WINNEBAGO,OSHKOSH CITY WARD 6,SPRING GENERAL,JUSTICE OF THE SUPREME COURT,NONPARTISAN,"DAVID T PROSSER, JR.",262,260
2001,APRIL,WINNEBAGO,OSHKOSH CITY WARD 6,SPRING GENERAL,JUSTICE OF THE SUPREME COURT,NONPARTISAN,SCATTERING,262,2
2001,APRIL,WINNEBAGO,OSHKOSH CITY WARD 7,SPRING GENERAL,JUSTICE OF THE SUPREME COURT,NONPARTISAN,"DAVID T PROSSER, JR.",150,145
2001,APRIL,WINNEBAGO,OSHKOSH CITY WARD 7,SPRING GENERAL,JUSTICE OF THE SUPREME COURT,NONPARTISAN,SCATTERING,150,5
2001,APRIL,WINNEBAGO,OSHKOSH CITY WARD 8,SPRING GENERAL,JUSTICE OF THE SUPREME COURT,NONPARTISAN,"DAVID T PROSSER, JR.",105,104
2001,APRIL,WINNEBAGO,OSHKOSH CITY WARD 8,SPRING GENERAL,JUSTICE OF THE SUPREME COURT,NONPARTISAN,SCATTERING,105,1
2001,APRIL,WINNEBAGO,OSHKOSH CITY WARD 9,SPRING GENERAL,JUSTICE OF THE SUPREME COURT,NONPARTISAN,"DAVID T PROSSER, JR.",149,149
2001,APRIL,WINNEBAGO,OSHKOSH CITY WARD 9,SPRING GENERAL,JUSTICE OF THE SUPREME COURT,NONPARTISAN,SCATTERING,149,0
2001,APRIL,WINNEBAGO,OSHKOSH CITY WARD 10,SPRING GENERAL,JUSTICE OF THE SUPREME COURT,NONPARTISAN,"DAVID T PROSSER, JR.",64,61
2001,APRIL,WINNEBAGO,OSHKOSH CITY WARD 10,SPRING GENERAL,JUSTICE OF THE SUPREME COURT,NONPARTISAN,SCATTERING,64,3
2001,APRIL,WINNEBAGO,OSHKOSH CITY WARD 11,SPRING GENERAL,JUSTICE OF THE SUPREME COURT,NONPARTISAN,"DAVID T PROSSER, JR.",58,56
2001,APRIL,WINNEBAGO,OSHKOSH CITY WARD 11,SPRING GENERAL,JUSTICE OF THE SUPREME COURT,NONPARTISAN,SCATTERING,58,2
2001,APRIL,WINNEBAGO,OSHKOSH CITY WARD 12,SPRING GENERAL,JUSTICE OF THE SUPREME COURT,NONPARTISAN,"DAVID T PROSSER, JR.",58,57
2001,APRIL,WINNEBAGO,OSHKOSH CITY WARD 12,SPRING GENERAL,JUSTICE OF THE SUPREME COURT,NONPARTISAN,SCATTERING,58,1
2001,APRIL,WINNEBAGO,OSHKOSH CITY WARD 13,SPRING GENERAL,JUSTICE OF THE SUPREME COURT,NONPARTISAN,"DAVID T PROSSER, JR.",52,51
2001,APRIL,WINNEBAGO,OSHKOSH CITY WARD 13,SPRING GENERAL,JUSTICE OF THE SUPREME COURT,NONPARTISAN,SCATTERING,52,1
2001,APRIL,WINNEBAGO,OSHKOSH CITY WARD 14,SPRING GENERAL,JUSTICE OF THE SUPREME COURT,NONPARTISAN,"DAVID T PROSSER, JR.",90,90
2001,APRIL,WINNEBAGO,OSHKOSH CITY WARD 14,SPRING GENERAL,JUSTICE OF THE SUPREME COURT,NONPARTISAN,SCATTERING,90,0
2001,APRIL,WINNEBAGO,OSHKOSH CITY WARD 15,SPRING GENERAL,JUSTICE OF THE SUPREME COURT,NONPARTISAN,"DAVID T PROSSER, JR.",189,189
2001,APRIL,WINNEBAGO,OSHKOSH CITY WARD 15,SPRING GENERAL,JUSTICE OF THE SUPREME COURT,NONPARTISAN,SCATTERING,189,0
2001,APRIL,WINNEBAGO,OSHKOSH CITY WARD 16,SPRING GENERAL,JUSTICE OF THE SUPREME COURT,NONPARTISAN,"DAVID T PROSSER, JR.",187,187
2001,APRIL,WINNEBAGO,OSHKOSH CITY WARD 16,SPRING GENERAL,JUSTICE OF THE SUPREME COURT,NONPARTISAN,SCATTERING,187,0
2001,APRIL,WINNEBAGO,OSHKOSH CITY WARD 17,SPRING GENERAL,JUSTICE OF THE SUPREME COURT,NONPARTISAN,"DAVID T PROSSER, JR.",164,160
2001,APRIL,WINNEBAGO,OSHKOSH CITY WARD 17,SPRING GENERAL,JUSTICE OF THE SUPREME COURT,NONPARTISAN,SCATTERING,164,4
2001,APRIL,WINNEBAGO,OSHKOSH CITY WARD 18,SPRING GENERAL,JUSTICE OF THE SUPREME COURT,NONPARTISAN,"DAVID T PROSSER, JR.",121,118
2001,APRIL,WINNEBAGO,OSHKOSH CITY WARD 18,SPRING GENERAL,JUSTICE OF THE SUPREME COURT,NONPARTISAN,SCATTERING,121,3
2001,APRIL,WINNEBAGO,OSHKOSH CITY WARD 19,SPRING GENERAL,JUSTICE OF THE SUPREME COURT,NONPARTISAN,"DAVID T PROSSER, JR.",88,86
2001,APRIL,WINNEBAGO,OSHKOSH CITY WARD 19,SPRING GENERAL,JUSTICE OF THE SUPREME COURT,NONPARTISAN,SCATTERING,88,2
2001,APRIL,WINNEBAGO,OSHKOSH CITY WARD 20,SPRING GENERAL,JUSTICE OF THE SUPREME COURT,NONPARTISAN,"DAVID T PROSSER, JR.",138,136
2001,APRIL,WINNEBAGO,OSHKOSH CITY WARD 20,SPRING GENERAL,JUSTICE OF THE SUPREME COURT,NONPARTISAN,SCATTERING,138,2
2001,APRIL,WINNEBAGO,OSHKOSH CITY WARD 21,SPRING GENERAL,JUSTICE OF THE SUPREME COURT,NONPARTISAN,"DAVID T PROSSER, JR.",220,218
2001,APRIL,WINNEBAGO,OSHKOSH CITY WARD 21,SPRING GENERAL,JUSTICE OF THE SUPREME COURT,NONPARTISAN,SCATTERING,220,2
2001,APRIL,WINNEBAGO,OSHKOSH CITY WARD 22,SPRING GENERAL,JUSTICE OF THE SUPREME COURT,NONPARTISAN,"DAVID T PROSSER, JR.",172,169
2001,APRIL,WINNEBAGO,OSHKOSH CITY WARD 22,SPRING GENERAL,JUSTICE OF THE SUPREME COURT,NONPARTISAN,SCATTERING,172,3
2001,APRIL,WINNEBAGO,OSHKOSH CITY WARD 23,SPRING GENERAL,JUSTICE OF THE SUPREME COURT,NONPARTISAN,"DAVID T PROSSER, JR.",221,217
2001,APRIL,WINNEBAGO,OSHKOSH CITY WARD 23,SPRING GENERAL,JUSTICE OF THE SUPREME COURT,NONPARTISAN,SCATTERING,221,4
2001,APRIL,WINNEBAGO,OSHKOSH CITY WARD 24,SPRING GENERAL,JUSTICE OF THE SUPREME COURT,NONPARTISAN,"DAVID T PROSSER, JR.",208,207
2001,APRIL,WINNEBAGO,OSHKOSH CITY WARD 24,SPRING GENERAL,JUSTICE OF THE SUPREME COURT,NONPARTISAN,SCATTERING,208,1
2001,APRIL,WINNEBAGO,OSHKOSH CITY WARD 25,SPRING GENERAL,JUSTICE OF THE SUPREME COURT,NONPARTISAN,"DAVID T PROSSER, JR.",158,158
2001,APRIL,WINNEBAGO,OSHKOSH CITY WARD 25,SPRING GENERAL,JUSTICE OF THE SUPREME COURT,NONPARTISAN,SCATTERING,158,0
2001,APRIL,WINNEBAGO,OSHKOSH CITY WARD 26,SPRING GENERAL,JUSTICE OF THE SUPREME COURT,NONPARTISAN,"DAVID T PROSSER, JR.",220,219
2001,APRIL,WINNEBAGO,OSHKOSH CITY WARD 26,SPRING GENERAL,JUSTICE OF THE SUPREME COURT,NONPARTISAN,SCATTERING,220,1
2001,APRIL,WINNEBAGO,OSHKOSH CITY WARD 27,SPRING GENERAL,JUSTICE OF THE SUPREME COURT,NONPARTISAN,"DAVID T PROSSER, JR.",89,89
2001,APRIL,WINNEBAGO,OSHKOSH CITY WARD 27,SPRING GENERAL,JUSTICE OF THE SUPREME COURT,NONPARTISAN,SCATTERING,89,0
2001,APRIL,WINNEBAGO,OSHKOSH CITY WARD 28,SPRING GENERAL,JUSTICE OF THE SUPREME COURT,NONPARTISAN,"DAVID T PROSSER, JR.",248,247
2001,APRIL,WINNEBAGO,OSHKOSH CITY WARD 28,SPRING GENERAL,JUSTICE OF THE SUPREME COURT,NONPARTISAN,SCATTERING,248,1
2001,APRIL,WINNEBAGO,OSHKOSH CITY WARD 29,SPRING GENERAL,JUSTICE OF THE SUPREME COURT,NONPARTISAN,"DAVID T PROSSER, JR.",362,361
2001,APRIL,WINNEBAGO,OSHKOSH CITY WARD 29,SPRING GENERAL,JUSTICE OF THE SUPREME COURT,NONPARTISAN,SCATTERING,362,1
2001,APRIL,WINNEBAGO,OSHKOSH CITY WARD 30,SPRING GENERAL,JUSTICE OF THE SUPREME COURT,NONPARTISAN,"DAVID T PROSSER, JR.",240,240
2001,APRIL,WINNEBAGO,OSHKOSH CITY WARD 30,SPRING GENERAL,JUSTICE OF THE SUPREME COURT,NONPARTISAN,SCATTERING,240,0
2001,APRIL,WINNEBAGO,OSHKOSH CITY WARD 31,SPRING GENERAL,JUSTICE OF THE SUPREME COURT,NONPARTISAN,"DAVID T PROSSER, JR.",1,1
2001,APRIL,WINNEBAGO,OSHKOSH CITY WARD 31,SPRING GENERAL,JUSTICE OF THE SUPREME COURT,NONPARTISAN,SCATTERING,1,0
2001,APRIL,WINNEBAGO,OSHKOSH CITY WARD 32,SPRING GENERAL,JUSTICE OF THE SUPREME COURT,NONPARTISAN,"DAVID T PROSSER, JR.",46,46
2001,APRIL,WINNEBAGO,OSHKOSH CITY WARD 32,SPRING GENERAL,JUSTICE OF THE SUPREME COURT,NONPARTISAN,SCATTERING,46,0
2001,APRIL,WINNEBAGO,OSHKOSH CITY WARD 33,SPRING GENERAL,JUSTICE OF THE SUPREME COURT,NONPARTISAN,"DAVID T PROSSER, JR.",2,2
2001,APRIL,WINNEBAGO,OSHKOSH CITY WARD 33,SPRING GENERAL,JUSTICE OF THE SUPREME COURT,NONPARTISAN,SCATTERING,2,0
2001,APRIL,WINNEBAGO,OSHKOSH CITY WARD 34,SPRING GENERAL,JUSTICE OF THE SUPREME COURT,NONPARTISAN,"DAVID T PROSSER, JR.",10,10
2001,APRIL,WINNEBAGO,OSHKOSH CITY WARD 34,SPRING GENERAL,JUSTICE OF THE SUPREME COURT,NONPARTISAN,SCATTERING,10,0
2001,APRIL,WINNEBAGO,OSHKOSH CITY WARD 35,SPRING GENERAL,JUSTICE OF THE SUPREME COURT,NONPARTISAN,"DAVID T PROSSER, JR.",14,14
2001,APRIL,WINNEBAGO,OSHKOSH CITY WARD 35,SPRING GENERAL,JUSTICE OF THE SUPREME COURT,NONPARTISAN,SCATTERING,14,0
2001,APRIL,WINNEBAGO,OSHKOSH CITY WARD 36,SPRING GENERAL,JUSTICE OF THE SUPREME COURT,NONPARTISAN,"DAVID T PROSSER, JR.",61,61
2001,APRIL,WINNEBAGO,OSHKOSH CITY WARD 36,SPRING GENERAL,JUSTICE OF THE SUPREME COURT,NONPARTISAN,SCATTERING,61,0
2001,APRIL,WINNEBAGO,OSHKOSH CITY WARD 37,SPRING GENERAL,JUSTICE OF THE SUPREME COURT,NONPARTISAN,"DAVID T PROSSER, JR.",9,9
2001,APRIL,WINNEBAGO,OSHKOSH CITY WARD 37,SPRING GENERAL,JUSTICE OF THE SUPREME COURT,NONPARTISAN,SCATTERING,9,0
2001,APRIL,WINNEBAGO,OSHKOSH CITY WARD 38,SPRING GENERAL,JUSTICE OF THE SUPREME COURT,NONPARTISAN,"DAVID T PROSSER, JR.",2,2
2001,APRIL,WINNEBAGO,OSHKOSH CITY WARD 38,SPRING GENERAL,JUSTICE OF THE SUPREME COURT,NONPARTISAN,SCATTERING,2,0
2001,APRIL,WINNEBAGO,OSHKOSH CITY WARD 39,SPRING GENERAL,JUSTICE OF THE SUPREME COURT,NONPARTISAN,"DAVID T PROSSER, JR.",0,0
2001,APRIL,WINNEBAGO,OSHKOSH CITY WARD 39,SPRING GENERAL,JUSTICE OF THE SUPREME COURT,NONPARTISAN,SCATTERING,0,0
2001,APRIL,WINNEBAGO,OSHKOSH CITY WARD 40,SPRING GENERAL,JUSTICE OF THE SUPREME COURT,NONPARTISAN,"DAVID T PROSSER, JR.",63,63
2001,APRIL,WINNEBAGO,OSHKOSH CITY WARD 40,SPRING GENERAL,JUSTICE OF THE SUPREME COURT,NONPARTISAN,SCATTERING,63,0
2001,APRIL,WINNEBAGO,OSHKOSH CITY WARD 41,SPRING GENERAL,JUSTICE OF THE SUPREME COURT,NONPARTISAN,"DAVID T PROSSER, JR.",0,0
2001,APRIL,WINNEBAGO,OSHKOSH CITY WARD 41,SPRING GENERAL,JUSTICE OF THE SUPREME COURT,NONPARTISAN,SCATTERING,0,0
2001,APRIL,WOOD,ARPIN TOWN WARDS 1 - 3,SPRING GENERAL,JUSTICE OF THE SUPREME COURT,NONPARTISAN,"DAVID T PROSSER, JR.",47,47
2001,APRIL,WOOD,ARPIN TOWN WARDS 1 - 3,SPRING GENERAL,JUSTICE OF THE SUPREME COURT,NONPARTISAN,SCATTERING,47,0
2001,APRIL,WOOD,AUBURNDALE TOWN WARDS 1 & 2,SPRING GENERAL,JUSTICE OF THE SUPREME COURT,NONPARTISAN,"DAVID T PROSSER, JR.",38,38
2001,APRIL,WOOD,AUBURNDALE TOWN WARDS 1 & 2,SPRING GENERAL,JUSTICE OF THE SUPREME COURT,NONPARTISAN,SCATTERING,38,0
2001,APRIL,WOOD,CAMERON TOWN WARD 1,SPRING GENERAL,JUSTICE OF THE SUPREME COURT,NONPARTISAN,"DAVID T PROSSER, JR.",44,44
2001,APRIL,WOOD,CAMERON TOWN WARD 1,SPRING GENERAL,JUSTICE OF THE SUPREME COURT,NONPARTISAN,SCATTERING,44,0
2001,APRIL,WOOD,CARY TOWN WARD 1,SPRING GENERAL,JUSTICE OF THE SUPREME COURT,NONPARTISAN,"DAVID T PROSSER, JR.",44,44
2001,APRIL,WOOD,CARY TOWN WARD 1,SPRING GENERAL,JUSTICE OF THE SUPREME COURT,NONPARTISAN,SCATTERING,44,0
2001,APRIL,WOOD,CRANMOOR TOWN WARD 1,SPRING GENERAL,JUSTICE OF THE SUPREME COURT,NONPARTISAN,"DAVID T PROSSER, JR.",30,30
2001,APRIL,WOOD,CRANMOOR TOWN WARD 1,SPRING GENERAL,JUSTICE OF THE SUPREME COURT,NONPARTISAN,SCATTERING,30,0
2001,APRIL,WOOD,DEXTER TOWN WARD 1,SPRING GENERAL,JUSTICE OF THE SUPREME COURT,NONPARTISAN,"DAVID T PROSSER, JR.",47,47
2001,APRIL,WOOD,DEXTER TOWN WARD 1,SPRING GENERAL,JUSTICE OF THE SUPREME COURT,NONPARTISAN,SCATTERING,47,0
2001,APRIL,WOOD,GRAND RAPIDS TOWN WARDS 1 - 10,SPRING GENERAL,JUSTICE OF THE SUPREME COURT,NONPARTISAN,"DAVID T PROSSER, JR.",923,922
2001,APRIL,WOOD,GRAND RAPIDS TOWN WARDS 1 - 10,SPRING GENERAL,JUSTICE OF THE SUPREME COURT,NONPARTISAN,SCATTERING,923,1
2001,APRIL,WOOD,HANSEN TOWN WARDS 1 & 2,SPRING GENERAL,JUSTICE OF THE SUPREME COURT,NONPARTISAN,"DAVID T PROSSER, JR.",80,80
2001,APRIL,WOOD,HANSEN TOWN WARDS 1 & 2,SPRING GENERAL,JUSTICE OF THE SUPREME COURT,NONPARTISAN,SCATTERING,80,0
2001,APRIL,WOOD,HILES TOWN WARD 1,SPRING GENERAL,JUSTICE OF THE SUPREME COURT,NONPARTISAN,"DAVID T PROSSER, JR.",31,31
2001,APRIL,WOOD,HILES TOWN WARD 1,SPRING GENERAL,JUSTICE OF THE SUPREME COURT,NONPARTISAN,SCATTERING,31,0
2001,APRIL,WOOD,LINCOLN TOWN WARDS 1 & 2,SPRING GENERAL,JUSTICE OF THE SUPREME COURT,NONPARTISAN,"DAVID T PROSSER, JR.",240,240
2001,APRIL,WOOD,LINCOLN TOWN WARDS 1 & 2,SPRING GENERAL,JUSTICE OF THE SUPREME COURT,NONPARTISAN,SCATTERING,240,0
2001,APRIL,WOOD,MARSHFIELD TOWN WARDS 1 & 2,SPRING GENERAL,JUSTICE OF THE SUPREME COURT,NONPARTISAN,"DAVID T PROSSER, JR.",117,117
2001,APRIL,WOOD,MARSHFIELD TOWN WARDS 1 & 2,SPRING GENERAL,JUSTICE OF THE SUPREME COURT,NONPARTISAN,SCATTERING,117,0
2001,APRIL,WOOD,MILLADORE TOWN WARD 1,SPRING GENERAL,JUSTICE OF THE SUPREME COURT,NONPARTISAN,"DAVID T PROSSER, JR.",26,26
2001,APRIL,WOOD,MILLADORE TOWN WARD 1,SPRING GENERAL,JUSTICE OF THE SUPREME COURT,NONPARTISAN,SCATTERING,26,0
2001,APRIL,WOOD,PORT EDWARDS TOWN WARDS 1 - 3,SPRING GENERAL,JUSTICE OF THE SUPREME COURT,NONPARTISAN,"DAVID T PROSSER, JR.",180,180
2001,APRIL,WOOD,PORT EDWARDS TOWN WARDS 1 - 3,SPRING GENERAL,JUSTICE OF THE SUPREME COURT,NONPARTISAN,SCATTERING,180,0
2001,APRIL,WOOD,REMINGTON TOWN WARD 1,SPRING GENERAL,JUSTICE OF THE SUPREME COURT,NONPARTISAN,"DAVID T PROSSER, JR.",77,77
2001,APRIL,WOOD,REMINGTON TOWN WARD 1,SPRING GENERAL,JUSTICE OF THE SUPREME COURT,NONPARTISAN,SCATTERING,77,0
2001,APRIL,WOOD,RICHFIELD TOWN WARDS 1 & 2,SPRING GENERAL,JUSTICE OF THE SUPREME COURT,NONPARTISAN,"DAVID T PROSSER, JR.",93,93
2001,APRIL,WOOD,RICHFIELD TOWN WARDS 1 & 2,SPRING GENERAL,JUSTICE OF THE SUPREME COURT,NONPARTISAN,SCATTERING,93,0
2001,APRIL,WOOD,ROCK TOWN WARD 1,SPRING GENERAL,JUSTICE OF THE SUPREME COURT,NONPARTISAN,"DAVID T PROSSER, JR.",133,133
2001,APRIL,WOOD,ROCK TOWN WARD 1,SPRING GENERAL,JUSTICE OF THE SUPREME COURT,NONPARTISAN,SCATTERING,133,0
2001,APRIL,WOOD,RUDOLPH TOWN WARDS 1 & 2,SPRING GENERAL,JUSTICE OF THE SUPREME COURT,NONPARTISAN,"DAVID T PROSSER, JR.",86,86
2001,APRIL,WOOD,RUDOLPH TOWN WARDS 1 & 2,SPRING GENERAL,JUSTICE OF THE SUPREME COURT,NONPARTISAN,SCATTERING,86,0
2001,APRIL,WOOD,SARATOGA TOWN WARDS 1 - 6,SPRING GENERAL,JUSTICE OF THE SUPREME COURT,NONPARTISAN,"DAVID T PROSSER, JR.",367,367
2001,APRIL,WOOD,SARATOGA TOWN WARDS 1 - 6,SPRING GENERAL,JUSTICE OF THE SUPREME COURT,NONPARTISAN,SCATTERING,367,0
2001,APRIL,WOOD,SENECA TOWN WARDS 1 & 2,SPRING GENERAL,JUSTICE OF THE SUPREME COURT,NONPARTISAN,"DAVID T PROSSER, JR.",91,91
2001,APRIL,WOOD,SENECA TOWN WARDS 1 & 2,SPRING GENERAL,JUSTICE OF THE SUPREME COURT,NONPARTISAN,SCATTERING,91,0
2001,APRIL,WOOD,SHERRY TOWN WARDS 1 & 2,SPRING GENERAL,JUSTICE OF THE SUPREME COURT,NONPARTISAN,"DAVID T PROSSER, JR.",43,43
2001,APRIL,WOOD,SHERRY TOWN WARDS 1 & 2,SPRING GENERAL,JUSTICE OF THE SUPREME COURT,NONPARTISAN,SCATTERING,43,0
2001,APRIL,WOOD,SIGEL TOWN WARDS 1 - 3,SPRING GENERAL,JUSTICE OF THE SUPREME COURT,NONPARTISAN,"DAVID T PROSSER, JR.",137,137
2001,APRIL,WOOD,SIGEL TOWN WARDS 1 - 3,SPRING GENERAL,JUSTICE OF THE SUPREME COURT,NONPARTISAN,SCATTERING,137,0
2001,APRIL,WOOD,WOOD TOWN WARD 1,SPRING GENERAL,JUSTICE OF THE SUPREME COURT,NONPARTISAN,"DAVID T PROSSER, JR.",100,100
2001,APRIL,WOOD,WOOD TOWN WARD 1,SPRING GENERAL,JUSTICE OF THE SUPREME COURT,NONPARTISAN,SCATTERING,100,0
2001,APRIL,WOOD,ARPIN VILLAGE WARD 1,SPRING GENERAL,JUSTICE OF THE SUPREME COURT,NONPARTISAN,"DAVID T PROSSER, JR.",23,23
2001,APRIL,WOOD,ARPIN VILLAGE WARD 1,SPRING GENERAL,JUSTICE OF THE SUPREME COURT,NONPARTISAN,SCATTERING,23,0
2001,APRIL,WOOD,AUBURNDALE VILLAGE WARD 1,SPRING GENERAL,JUSTICE OF THE SUPREME COURT,NONPARTISAN,"DAVID T PROSSER, JR.",50,50
2001,APRIL,WOOD,AUBURNDALE VILLAGE WARD 1,SPRING GENERAL,JUSTICE OF THE SUPREME COURT,NONPARTISAN,SCATTERING,50,0
2001,APRIL,WOOD,BIRON VILLAGE WARD 1,SPRING GENERAL,JUSTICE OF THE SUPREME COURT,NONPARTISAN,"DAVID T PROSSER, JR.",113,113
2001,APRIL,WOOD,BIRON VILLAGE WARD 1,SPRING GENERAL,JUSTICE OF THE SUPREME COURT,NONPARTISAN,SCATTERING,113,0
2001,APRIL,WOOD,HEWITT VILLAGE WARD 1,SPRING GENERAL,JUSTICE OF THE SUPREME COURT,NONPARTISAN,"DAVID T PROSSER, JR.",74,74
2001,APRIL,WOOD,HEWITT VILLAGE WARD 1,SPRING GENERAL,JUSTICE OF THE SUPREME COURT,NONPARTISAN,SCATTERING,74,0
2001,APRIL,WOOD,MILLADORE VILLAGE WARD 1,SPRING GENERAL,JUSTICE OF THE SUPREME COURT,NONPARTISAN,"DAVID T PROSSER, JR.",96,96
2001,APRIL,WOOD,MILLADORE VILLAGE WARD 1,SPRING GENERAL,JUSTICE OF THE SUPREME COURT,NONPARTISAN,SCATTERING,96,0
2001,APRIL,WOOD,PORT EDWARDS VILLAGE WARDS 1 - 3,SPRING GENERAL,JUSTICE OF THE SUPREME COURT,NONPARTISAN,"DAVID T PROSSER, JR.",378,378
2001,APRIL,WOOD,PORT EDWARDS VILLAGE WARDS 1 - 3,SPRING GENERAL,JUSTICE OF THE SUPREME COURT,NONPARTISAN,SCATTERING,378,0
2001,APRIL,WOOD,RUDOLPH VILLAGE WARD 1,SPRING GENERAL,JUSTICE OF THE SUPREME COURT,NONPARTISAN,"DAVID T PROSSER, JR.",58,58
2001,APRIL,WOOD,RUDOLPH VILLAGE WARD 1,SPRING GENERAL,JUSTICE OF THE SUPREME COURT,NONPARTISAN,SCATTERING,58,0
2001,APRIL,WOOD,VESPER VILLAGE WARD 1,SPRING GENERAL,JUSTICE OF THE SUPREME COURT,NONPARTISAN,"DAVID T PROSSER, JR.",93,93
2001,APRIL,WOOD,VESPER VILLAGE WARD 1,SPRING GENERAL,JUSTICE OF THE SUPREME COURT,NONPARTISAN,SCATTERING,93,0
2001,APRIL,WOOD,"MARSHFIELD CITY WARDS 1, 3, 11, 13 & 23",SPRING GENERAL,JUSTICE OF THE SUPREME COURT,NONPARTISAN,"DAVID T PROSSER, JR.",368,367
2001,APRIL,WOOD,"MARSHFIELD CITY WARDS 1, 3, 11, 13 & 23",SPRING GENERAL,JUSTICE OF THE SUPREME COURT,NONPARTISAN,SCATTERING,368,1
2001,APRIL,WOOD,MARSHFIELD CITY WARDS 2 & 12,SPRING GENERAL,JUSTICE OF THE SUPREME COURT,NONPARTISAN,"DAVID T PROSSER, JR.",287,285
2001,APRIL,WOOD,MARSHFIELD CITY WARDS 2 & 12,SPRING GENERAL,JUSTICE OF THE SUPREME COURT,NONPARTISAN,SCATTERING,287,2
2001,APRIL,WOOD,MARSHFIELD CITY WARDS 4 & 14,SPRING GENERAL,JUSTICE OF THE SUPREME COURT,NONPARTISAN,"DAVID T PROSSER, JR.",313,313
2001,APRIL,WOOD,MARSHFIELD CITY WARDS 4 & 14,SPRING GENERAL,JUSTICE OF THE SUPREME COURT,NONPARTISAN,SCATTERING,313,0
2001,APRIL,WOOD,"MARSHFIELD CITY WARDS 5, 7, 15 & 17",SPRING GENERAL,JUSTICE OF THE SUPREME COURT,NONPARTISAN,"DAVID T PROSSER, JR.",304,302
2001,APRIL,WOOD,"MARSHFIELD CITY WARDS 5, 7, 15 & 17",SPRING GENERAL,JUSTICE OF THE SUPREME COURT,NONPARTISAN,SCATTERING,304,2
2001,APRIL,WOOD,MARSHFIELD CITY WARDS 6 & 16,SPRING GENERAL,JUSTICE OF THE SUPREME COURT,NONPARTISAN,"DAVID T PROSSER, JR.",134,132
2001,APRIL,WOOD,MARSHFIELD CITY WARDS 6 & 16,SPRING GENERAL,JUSTICE OF THE SUPREME COURT,NONPARTISAN,SCATTERING,134,2
2001,APRIL,WOOD,MARSHFIELD CITY WARDS 8 & 18,SPRING GENERAL,JUSTICE OF THE SUPREME COURT,NONPARTISAN,"DAVID T PROSSER, JR.",131,131
2001,APRIL,WOOD,MARSHFIELD CITY WARDS 8 & 18,SPRING GENERAL,JUSTICE OF THE SUPREME COURT,NONPARTISAN,SCATTERING,131,0
2001,APRIL,WOOD,MARSHFIELD CITY WARDS 9 & 19,SPRING GENERAL,JUSTICE OF THE SUPREME COURT,NONPARTISAN,"DAVID T PROSSER, JR.",142,142
2001,APRIL,WOOD,MARSHFIELD CITY WARDS 9 & 19,SPRING GENERAL,JUSTICE OF THE SUPREME COURT,NONPARTISAN,SCATTERING,142,0
2001,APRIL,WOOD,MARSHFIELD CITY WARDS 10 & 20,SPRING GENERAL,JUSTICE OF THE SUPREME COURT,NONPARTISAN,"DAVID T PROSSER, JR.",122,122
2001,APRIL,WOOD,MARSHFIELD CITY WARDS 10 & 20,SPRING GENERAL,JUSTICE OF THE SUPREME COURT,NONPARTISAN,SCATTERING,122,0
2001,APRIL,WOOD,NEKOOSA CITY WARD 1,SPRING GENERAL,JUSTICE OF THE SUPREME COURT,NONPARTISAN,"DAVID T PROSSER, JR.",120,120
2001,APRIL,WOOD,NEKOOSA CITY WARD 1,SPRING GENERAL,JUSTICE OF THE SUPREME COURT,NONPARTISAN,SCATTERING,120,0
2001,APRIL,WOOD,NEKOOSA CITY WARD 2,SPRING GENERAL,JUSTICE OF THE SUPREME COURT,NONPARTISAN,"DAVID T PROSSER, JR.",59,59
2001,APRIL,WOOD,NEKOOSA CITY WARD 2,SPRING GENERAL,JUSTICE OF THE SUPREME COURT,NONPARTISAN,SCATTERING,59,0
2001,APRIL,WOOD,NEKOOSA CITY WARD 3,SPRING GENERAL,JUSTICE OF THE SUPREME COURT,NONPARTISAN,"DAVID T PROSSER, JR.",172,171
2001,APRIL,WOOD,NEKOOSA CITY WARD 3,SPRING GENERAL,JUSTICE OF THE SUPREME COURT,NONPARTISAN,SCATTERING,172,1
2001,APRIL,WOOD,NEKOOSA CITY WARD 4,SPRING GENERAL,JUSTICE OF THE SUPREME COURT,NONPARTISAN,"DAVID T PROSSER, JR.",89,89
2001,APRIL,WOOD,NEKOOSA CITY WARD 4,SPRING GENERAL,JUSTICE OF THE SUPREME COURT,NONPARTISAN,SCATTERING,89,0
2001,APRIL,WOOD,PITTSVILLE CITY WARD 1,SPRING GENERAL,JUSTICE OF THE SUPREME COURT,NONPARTISAN,"DAVID T PROSSER, JR.",38,38
2001,APRIL,WOOD,PITTSVILLE CITY WARD 1,SPRING GENERAL,JUSTICE OF THE SUPREME COURT,NONPARTISAN,SCATTERING,38,0
2001,APRIL,WOOD,PITTSVILLE CITY WARD 2,SPRING GENERAL,JUSTICE OF THE SUPREME COURT,NONPARTISAN,"DAVID T PROSSER, JR.",29,29
2001,APRIL,WOOD,PITTSVILLE CITY WARD 2,SPRING GENERAL,JUSTICE OF THE SUPREME COURT,NONPARTISAN,SCATTERING,29,0
2001,APRIL,WOOD,PITTSVILLE CITY WARD 3,SPRING GENERAL,JUSTICE OF THE SUPREME COURT,NONPARTISAN,"DAVID T PROSSER, JR.",25,25
2001,APRIL,WOOD,PITTSVILLE CITY WARD 3,SPRING GENERAL,JUSTICE OF THE SUPREME COURT,NONPARTISAN,SCATTERING,25,0
2001,APRIL,WOOD,WISCONSIN RAPIDS CITY WARDS 1 - 3,SPRING GENERAL,JUSTICE OF THE SUPREME COURT,NONPARTISAN,"DAVID T PROSSER, JR.",229,228
2001,APRIL,WOOD,WISCONSIN RAPIDS CITY WARDS 1 - 3,SPRING GENERAL,JUSTICE OF THE SUPREME COURT,NONPARTISAN,SCATTERING,229,1
2001,APRIL,WOOD,WISCONSIN RAPIDS CITY WARDS 4 - 6,SPRING GENERAL,JUSTICE OF THE SUPREME COURT,NONPARTISAN,"DAVID T PROSSER, JR.",239,239
2001,APRIL,WOOD,WISCONSIN RAPIDS CITY WARDS 4 - 6,SPRING GENERAL,JUSTICE OF THE SUPREME COURT,NONPARTISAN,SCATTERING,239,0
2001,APRIL,WOOD,WISCONSIN RAPIDS CITY WARDS 7 - 10,SPRING GENERAL,JUSTICE OF THE SUPREME COURT,NONPARTISAN,"DAVID T PROSSER, JR.",471,471
2001,APRIL,WOOD,WISCONSIN RAPIDS CITY WARDS 7 - 10,SPRING GENERAL,JUSTICE OF THE SUPREME COURT,NONPARTISAN,SCATTERING,471,0
2001,APRIL,WOOD,"WISCONSIN RAPIDS CITY WARDS 11, 12, 14 & 16",SPRING GENERAL,JUSTICE OF THE SUPREME COURT,NONPARTISAN,"DAVID T PROSSER, JR.",436,436
2001,APRIL,WOOD,"WISCONSIN RAPIDS CITY WARDS 11, 12, 14 & 16",SPRING GENERAL,JUSTICE OF THE SUPREME COURT,NONPARTISAN,SCATTERING,436,0
2001,APRIL,WOOD,"WISCONSIN RAPIDS CITY WARDS 13, 15 & 18",SPRING GENERAL,JUSTICE OF THE SUPREME COURT,NONPARTISAN,"DAVID T PROSSER, JR.",369,368
2001,APRIL,WOOD,"WISCONSIN RAPIDS CITY WARDS 13, 15 & 18",SPRING GENERAL,JUSTICE OF THE SUPREME COURT,NONPARTISAN,SCATTERING,369,1
2001,APRIL,WOOD,"WISCONSIN RAPIDS CITY WARDS 17, 19 & 20",SPRING GENERAL,JUSTICE OF THE SUPREME COURT,NONPARTISAN,"DAVID T PROSSER, JR.",331,331
2001,APRIL,WOOD,"WISCONSIN RAPIDS CITY WARDS 17, 19 & 20",SPRING GENERAL,JUSTICE OF THE SUPREME COURT,NONPARTISAN,SCATTERING,331,0
