year,month,county,reporting_unit,election_type,office,party,candidate,total_votes,votes
2005,APRIL,ADAMS,ADAMS TOWN WARDS 1 & 2,SPRING GENERAL,JUSTICE OF THE SUPREME COURT,NONPARTISAN,ANN W. BRADLEY,70,70
2005,APRIL,ADAMS,ADAMS TOWN WARDS 1 & 2,SPRING GENERAL,JUSTICE OF THE SUPREME COURT,NONPARTISAN,SCATTERING,70,0
2005,APRIL,ADAMS,BIG FLATS TOWN WARD 1,SPRING GENERAL,JUSTICE OF THE SUPREME COURT,NONPARTISAN,ANN W. BRADLEY,183,182
2005,APRIL,ADAMS,BIG FLATS TOWN WARD 1,SPRING GENERAL,JUSTICE OF THE SUPREME COURT,NONPARTISAN,SCATTERING,183,1
2005,APRIL,ADAMS,COLBURN TOWN WARD 1,SPRING GENERAL,JUSTICE OF THE SUPREME COURT,NONPARTISAN,ANN W. BRADLEY,26,26
2005,APRIL,ADAMS,COLBURN TOWN WARD 1,SPRING GENERAL,JUSTICE OF THE SUPREME COURT,NONPARTISAN,SCATTERING,26,0
2005,APRIL,ADAMS,DELL PRAIRIE TOWN WARDS 1 & 2,SPRING GENERAL,JUSTICE OF THE SUPREME COURT,NONPARTISAN,ANN W. BRADLEY,166,166
2005,APRIL,ADAMS,DELL PRAIRIE TOWN WARDS 1 & 2,SPRING GENERAL,JUSTICE OF THE SUPREME COURT,NONPARTISAN,SCATTERING,166,0
2005,APRIL,ADAMS,EASTON TOWN WARDS 1 & 2,SPRING GENERAL,JUSTICE OF THE SUPREME COURT,NONPARTISAN,ANN W. BRADLEY,66,66
2005,APRIL,ADAMS,EASTON TOWN WARDS 1 & 2,SPRING GENERAL,JUSTICE OF THE SUPREME COURT,NONPARTISAN,SCATTERING,66,0
2005,APRIL,ADAMS,JACKSON TOWN WARD 1,SPRING GENERAL,JUSTICE OF THE SUPREME COURT,NONPARTISAN,ANN W. BRADLEY,125,125
2005,APRIL,ADAMS,JACKSON TOWN WARD 1,SPRING GENERAL,JUSTICE OF THE SUPREME COURT,NONPARTISAN,SCATTERING,125,0
2005,APRIL,ADAMS,LEOLA TOWN WARD 1,SPRING GENERAL,JUSTICE OF THE SUPREME COURT,NONPARTISAN,ANN W. BRADLEY,72,72
2005,APRIL,ADAMS,LEOLA TOWN WARD 1,SPRING GENERAL,JUSTICE OF THE SUPREME COURT,NONPARTISAN,SCATTERING,72,0
2005,APRIL,ADAMS,LINCOLN TOWN WARD 1,SPRING GENERAL,JUSTICE OF THE SUPREME COURT,NONPARTISAN,ANN W. BRADLEY,27,27
2005,APRIL,ADAMS,LINCOLN TOWN WARD 1,SPRING GENERAL,JUSTICE OF THE SUPREME COURT,NONPARTISAN,SCATTERING,27,0
2005,APRIL,ADAMS,MONROE TOWN WARD 1,SPRING GENERAL,JUSTICE OF THE SUPREME COURT,NONPARTISAN,ANN W. BRADLEY,70,70
2005,APRIL,ADAMS,MONROE TOWN WARD 1,SPRING GENERAL,JUSTICE OF THE SUPREME COURT,NONPARTISAN,SCATTERING,70,0
2005,APRIL,ADAMS,NEW CHESTER TOWN WARDS 1 & 2,SPRING GENERAL,JUSTICE OF THE SUPREME COURT,NONPARTISAN,ANN W. BRADLEY,105,105
2005,APRIL,ADAMS,NEW CHESTER TOWN WARDS 1 & 2,SPRING GENERAL,JUSTICE OF THE SUPREME COURT,NONPARTISAN,SCATTERING,105,0
2005,APRIL,ADAMS,NEW HAVEN TOWN WARD 1,SPRING GENERAL,JUSTICE OF THE SUPREME COURT,NONPARTISAN,ANN W. BRADLEY,162,162
2005,APRIL,ADAMS,NEW HAVEN TOWN WARD 1,SPRING GENERAL,JUSTICE OF THE SUPREME COURT,NONPARTISAN,SCATTERING,162,0
2005,APRIL,ADAMS,PRESTON TOWN WARDS 1 - 3,SPRING GENERAL,JUSTICE OF THE SUPREME COURT,NONPARTISAN,ANN W. BRADLEY,74,74
2005,APRIL,ADAMS,PRESTON TOWN WARDS 1 - 3,SPRING GENERAL,JUSTICE OF THE SUPREME COURT,NONPARTISAN,SCATTERING,74,0
2005,APRIL,ADAMS,QUINCY TOWN WARDS 1 & 2,SPRING GENERAL,JUSTICE OF THE SUPREME COURT,NONPARTISAN,ANN W. BRADLEY,230,230
2005,APRIL,ADAMS,QUINCY TOWN WARDS 1 & 2,SPRING GENERAL,JUSTICE OF THE SUPREME COURT,NONPARTISAN,SCATTERING,230,0
2005,APRIL,ADAMS,RICHFIELD TOWN WARD 1,SPRING GENERAL,JUSTICE OF THE SUPREME COURT,NONPARTISAN,ANN W. BRADLEY,26,26
2005,APRIL,ADAMS,RICHFIELD TOWN WARD 1,SPRING GENERAL,JUSTICE OF THE SUPREME COURT,NONPARTISAN,SCATTERING,26,0
2005,APRIL,ADAMS,ROME TOWN WARDS 1 - 5,SPRING GENERAL,JUSTICE OF THE SUPREME COURT,NONPARTISAN,ANN W. BRADLEY,615,615
2005,APRIL,ADAMS,ROME TOWN WARDS 1 - 5,SPRING GENERAL,JUSTICE OF THE SUPREME COURT,NONPARTISAN,SCATTERING,615,0
2005,APRIL,ADAMS,SPRINGVILLE TOWN WARDS 1 & 2,SPRING GENERAL,JUSTICE OF THE SUPREME COURT,NONPARTISAN,ANN W. BRADLEY,48,48
2005,APRIL,ADAMS,SPRINGVILLE TOWN WARDS 1 & 2,SPRING GENERAL,JUSTICE OF THE SUPREME COURT,NONPARTISAN,SCATTERING,48,0
2005,APRIL,ADAMS,STRONGS PRAIRIE TOWN WARDS 1 & 2,SPRING GENERAL,JUSTICE OF THE SUPREME COURT,NONPARTISAN,ANN W. BRADLEY,124,124
2005,APRIL,ADAMS,STRONGS PRAIRIE TOWN WARDS 1 & 2,SPRING GENERAL,JUSTICE OF THE SUPREME COURT,NONPARTISAN,SCATTERING,124,0
2005,APRIL,ADAMS,FRIENDSHIP VILLAGE WARD 1,SPRING GENERAL,JUSTICE OF THE SUPREME COURT,NONPARTISAN,ANN W. BRADLEY,40,40
2005,APRIL,ADAMS,FRIENDSHIP VILLAGE WARD 1,SPRING GENERAL,JUSTICE OF THE SUPREME COURT,NONPARTISAN,SCATTERING,40,0
2005,APRIL,ADAMS,ADAMS CITY WARDS 1 - 5,SPRING GENERAL,JUSTICE OF THE SUPREME COURT,NONPARTISAN,ANN W. BRADLEY,96,96
2005,APRIL,ADAMS,ADAMS CITY WARDS 1 - 5,SPRING GENERAL,JUSTICE OF THE SUPREME COURT,NONPARTISAN,SCATTERING,96,0
2005,APRIL,ADAMS,WISCONSIN DELLS CITY WARD 5,SPRING GENERAL,JUSTICE OF THE SUPREME COURT,NONPARTISAN,ANN W. BRADLEY,3,3
2005,APRIL,ADAMS,WISCONSIN DELLS CITY WARD 5,SPRING GENERAL,JUSTICE OF THE SUPREME COURT,NONPARTISAN,SCATTERING,3,0
2005,APRIL,ASHLAND,AGENDA TOWN WARD 1,SPRING GENERAL,JUSTICE OF THE SUPREME COURT,NONPARTISAN,ANN W. BRADLEY,60,60
2005,APRIL,ASHLAND,AGENDA TOWN WARD 1,SPRING GENERAL,JUSTICE OF THE SUPREME COURT,NONPARTISAN,SCATTERING,60,0
2005,APRIL,ASHLAND,ASHLAND TOWN WARD 1,SPRING GENERAL,JUSTICE OF THE SUPREME COURT,NONPARTISAN,ANN W. BRADLEY,43,42
2005,APRIL,ASHLAND,ASHLAND TOWN WARD 1,SPRING GENERAL,JUSTICE OF THE SUPREME COURT,NONPARTISAN,SCATTERING,43,1
2005,APRIL,ASHLAND,CHIPPEWA TOWN WARD 1,SPRING GENERAL,JUSTICE OF THE SUPREME COURT,NONPARTISAN,ANN W. BRADLEY,76,76
2005,APRIL,ASHLAND,CHIPPEWA TOWN WARD 1,SPRING GENERAL,JUSTICE OF THE SUPREME COURT,NONPARTISAN,SCATTERING,76,0
2005,APRIL,ASHLAND,GINGLES TOWN WARDS 1 & 2,SPRING GENERAL,JUSTICE OF THE SUPREME COURT,NONPARTISAN,ANN W. BRADLEY,101,101
2005,APRIL,ASHLAND,GINGLES TOWN WARDS 1 & 2,SPRING GENERAL,JUSTICE OF THE SUPREME COURT,NONPARTISAN,SCATTERING,101,0
2005,APRIL,ASHLAND,GORDON TOWN WARD 1,SPRING GENERAL,JUSTICE OF THE SUPREME COURT,NONPARTISAN,ANN W. BRADLEY,58,58
2005,APRIL,ASHLAND,GORDON TOWN WARD 1,SPRING GENERAL,JUSTICE OF THE SUPREME COURT,NONPARTISAN,SCATTERING,58,0
2005,APRIL,ASHLAND,JACOBS TOWN WARD 1,SPRING GENERAL,JUSTICE OF THE SUPREME COURT,NONPARTISAN,ANN W. BRADLEY,116,115
2005,APRIL,ASHLAND,JACOBS TOWN WARD 1,SPRING GENERAL,JUSTICE OF THE SUPREME COURT,NONPARTISAN,SCATTERING,116,1
2005,APRIL,ASHLAND,LA POINTE TOWN WARD 1,SPRING GENERAL,JUSTICE OF THE SUPREME COURT,NONPARTISAN,ANN W. BRADLEY,87,85
2005,APRIL,ASHLAND,LA POINTE TOWN WARD 1,SPRING GENERAL,JUSTICE OF THE SUPREME COURT,NONPARTISAN,SCATTERING,87,2
2005,APRIL,ASHLAND,MARENGO TOWN WARDS 1 & 2,SPRING GENERAL,JUSTICE OF THE SUPREME COURT,NONPARTISAN,ANN W. BRADLEY,53,53
2005,APRIL,ASHLAND,MARENGO TOWN WARDS 1 & 2,SPRING GENERAL,JUSTICE OF THE SUPREME COURT,NONPARTISAN,SCATTERING,53,0
2005,APRIL,ASHLAND,MORSE TOWN WARDS 1 & 2,SPRING GENERAL,JUSTICE OF THE SUPREME COURT,NONPARTISAN,ANN W. BRADLEY,47,47
2005,APRIL,ASHLAND,MORSE TOWN WARDS 1 & 2,SPRING GENERAL,JUSTICE OF THE SUPREME COURT,NONPARTISAN,SCATTERING,47,0
2005,APRIL,ASHLAND,PEEKSVILLE TOWN WARD 1,SPRING GENERAL,JUSTICE OF THE SUPREME COURT,NONPARTISAN,ANN W. BRADLEY,57,57
2005,APRIL,ASHLAND,PEEKSVILLE TOWN WARD 1,SPRING GENERAL,JUSTICE OF THE SUPREME COURT,NONPARTISAN,SCATTERING,57,0
2005,APRIL,ASHLAND,SANBORN TOWN WARDS 1 & 2,SPRING GENERAL,JUSTICE OF THE SUPREME COURT,NONPARTISAN,ANN W. BRADLEY,107,107
2005,APRIL,ASHLAND,SANBORN TOWN WARDS 1 & 2,SPRING GENERAL,JUSTICE OF THE SUPREME COURT,NONPARTISAN,SCATTERING,107,0
2005,APRIL,ASHLAND,SHANAGOLDEN TOWN WARD 1,SPRING GENERAL,JUSTICE OF THE SUPREME COURT,NONPARTISAN,ANN W. BRADLEY,35,35
2005,APRIL,ASHLAND,SHANAGOLDEN TOWN WARD 1,SPRING GENERAL,JUSTICE OF THE SUPREME COURT,NONPARTISAN,SCATTERING,35,0
2005,APRIL,ASHLAND,WHITE RIVER TOWN WARDS 1 - 3,SPRING GENERAL,JUSTICE OF THE SUPREME COURT,NONPARTISAN,ANN W. BRADLEY,127,127
2005,APRIL,ASHLAND,WHITE RIVER TOWN WARDS 1 - 3,SPRING GENERAL,JUSTICE OF THE SUPREME COURT,NONPARTISAN,SCATTERING,127,0
2005,APRIL,ASHLAND,BUTTERNUT VILLAGE WARDS 1 & 2,SPRING GENERAL,JUSTICE OF THE SUPREME COURT,NONPARTISAN,ANN W. BRADLEY,71,71
2005,APRIL,ASHLAND,BUTTERNUT VILLAGE WARDS 1 & 2,SPRING GENERAL,JUSTICE OF THE SUPREME COURT,NONPARTISAN,SCATTERING,71,0
2005,APRIL,ASHLAND,ASHLAND CITY WARD 1,SPRING GENERAL,JUSTICE OF THE SUPREME COURT,NONPARTISAN,ANN W. BRADLEY,114,114
2005,APRIL,ASHLAND,ASHLAND CITY WARD 1,SPRING GENERAL,JUSTICE OF THE SUPREME COURT,NONPARTISAN,SCATTERING,114,0
2005,APRIL,ASHLAND,ASHLAND CITY WARD 2,SPRING GENERAL,JUSTICE OF THE SUPREME COURT,NONPARTISAN,ANN W. BRADLEY,65,65
2005,APRIL,ASHLAND,ASHLAND CITY WARD 2,SPRING GENERAL,JUSTICE OF THE SUPREME COURT,NONPARTISAN,SCATTERING,65,0
2005,APRIL,ASHLAND,ASHLAND CITY WARD 3,SPRING GENERAL,JUSTICE OF THE SUPREME COURT,NONPARTISAN,ANN W. BRADLEY,67,67
2005,APRIL,ASHLAND,ASHLAND CITY WARD 3,SPRING GENERAL,JUSTICE OF THE SUPREME COURT,NONPARTISAN,SCATTERING,67,0
2005,APRIL,ASHLAND,ASHLAND CITY WARD 4,SPRING GENERAL,JUSTICE OF THE SUPREME COURT,NONPARTISAN,ANN W. BRADLEY,140,140
2005,APRIL,ASHLAND,ASHLAND CITY WARD 4,SPRING GENERAL,JUSTICE OF THE SUPREME COURT,NONPARTISAN,SCATTERING,140,0
2005,APRIL,ASHLAND,ASHLAND CITY WARD 5,SPRING GENERAL,JUSTICE OF THE SUPREME COURT,NONPARTISAN,ANN W. BRADLEY,76,76
2005,APRIL,ASHLAND,ASHLAND CITY WARD 5,SPRING GENERAL,JUSTICE OF THE SUPREME COURT,NONPARTISAN,SCATTERING,76,0
2005,APRIL,ASHLAND,ASHLAND CITY WARD 6,SPRING GENERAL,JUSTICE OF THE SUPREME COURT,NONPARTISAN,ANN W. BRADLEY,72,72
2005,APRIL,ASHLAND,ASHLAND CITY WARD 6,SPRING GENERAL,JUSTICE OF THE SUPREME COURT,NONPARTISAN,SCATTERING,72,0
2005,APRIL,ASHLAND,ASHLAND CITY WARD 7,SPRING GENERAL,JUSTICE OF THE SUPREME COURT,NONPARTISAN,ANN W. BRADLEY,44,44
2005,APRIL,ASHLAND,ASHLAND CITY WARD 7,SPRING GENERAL,JUSTICE OF THE SUPREME COURT,NONPARTISAN,SCATTERING,44,0
2005,APRIL,ASHLAND,ASHLAND CITY WARD 8,SPRING GENERAL,JUSTICE OF THE SUPREME COURT,NONPARTISAN,ANN W. BRADLEY,88,88
2005,APRIL,ASHLAND,ASHLAND CITY WARD 8,SPRING GENERAL,JUSTICE OF THE SUPREME COURT,NONPARTISAN,SCATTERING,88,0
2005,APRIL,ASHLAND,ASHLAND CITY WARD 9,SPRING GENERAL,JUSTICE OF THE SUPREME COURT,NONPARTISAN,ANN W. BRADLEY,33,33
2005,APRIL,ASHLAND,ASHLAND CITY WARD 9,SPRING GENERAL,JUSTICE OF THE SUPREME COURT,NONPARTISAN,SCATTERING,33,0
2005,APRIL,ASHLAND,ASHLAND CITY WARD 10,SPRING GENERAL,JUSTICE OF THE SUPREME COURT,NONPARTISAN,ANN W. BRADLEY,127,127
2005,APRIL,ASHLAND,ASHLAND CITY WARD 10,SPRING GENERAL,JUSTICE OF THE SUPREME COURT,NONPARTISAN,SCATTERING,127,0
2005,APRIL,ASHLAND,ASHLAND CITY WARD 11,SPRING GENERAL,JUSTICE OF THE SUPREME COURT,NONPARTISAN,ANN W. BRADLEY,66,66
2005,APRIL,ASHLAND,ASHLAND CITY WARD 11,SPRING GENERAL,JUSTICE OF THE SUPREME COURT,NONPARTISAN,SCATTERING,66,0
2005,APRIL,ASHLAND,MELLEN CITY WARDS 1 - 3,SPRING GENERAL,JUSTICE OF THE SUPREME COURT,NONPARTISAN,ANN W. BRADLEY,127,127
2005,APRIL,ASHLAND,MELLEN CITY WARDS 1 - 3,SPRING GENERAL,JUSTICE OF THE SUPREME COURT,NONPARTISAN,SCATTERING,127,0
2005,APRIL,BARRON,ALMENA TOWN WARDS 1 - 3,SPRING GENERAL,JUSTICE OF THE SUPREME COURT,NONPARTISAN,ANN W. BRADLEY,98,98
2005,APRIL,BARRON,ALMENA TOWN WARDS 1 - 3,SPRING GENERAL,JUSTICE OF THE SUPREME COURT,NONPARTISAN,SCATTERING,98,0
2005,APRIL,BARRON,ARLAND TOWN WARD 1,SPRING GENERAL,JUSTICE OF THE SUPREME COURT,NONPARTISAN,ANN W. BRADLEY,20,20
2005,APRIL,BARRON,ARLAND TOWN WARD 1,SPRING GENERAL,JUSTICE OF THE SUPREME COURT,NONPARTISAN,SCATTERING,20,0
2005,APRIL,BARRON,BARRON TOWN WARDS 1 & 2,SPRING GENERAL,JUSTICE OF THE SUPREME COURT,NONPARTISAN,ANN W. BRADLEY,66,66
2005,APRIL,BARRON,BARRON TOWN WARDS 1 & 2,SPRING GENERAL,JUSTICE OF THE SUPREME COURT,NONPARTISAN,SCATTERING,66,0
2005,APRIL,BARRON,BEAR LAKE TOWN WARD 1,SPRING GENERAL,JUSTICE OF THE SUPREME COURT,NONPARTISAN,ANN W. BRADLEY,46,46
2005,APRIL,BARRON,BEAR LAKE TOWN WARD 1,SPRING GENERAL,JUSTICE OF THE SUPREME COURT,NONPARTISAN,SCATTERING,46,0
2005,APRIL,BARRON,CEDAR LAKE TOWN WARD 1,SPRING GENERAL,JUSTICE OF THE SUPREME COURT,NONPARTISAN,ANN W. BRADLEY,60,60
2005,APRIL,BARRON,CEDAR LAKE TOWN WARD 1,SPRING GENERAL,JUSTICE OF THE SUPREME COURT,NONPARTISAN,SCATTERING,60,0
2005,APRIL,BARRON,CHETEK TOWN WARDS 1 - 3,SPRING GENERAL,JUSTICE OF THE SUPREME COURT,NONPARTISAN,ANN W. BRADLEY,101,101
2005,APRIL,BARRON,CHETEK TOWN WARDS 1 - 3,SPRING GENERAL,JUSTICE OF THE SUPREME COURT,NONPARTISAN,SCATTERING,101,0
2005,APRIL,BARRON,CLINTON TOWN WARDS 1 & 2,SPRING GENERAL,JUSTICE OF THE SUPREME COURT,NONPARTISAN,ANN W. BRADLEY,138,138
2005,APRIL,BARRON,CLINTON TOWN WARDS 1 & 2,SPRING GENERAL,JUSTICE OF THE SUPREME COURT,NONPARTISAN,SCATTERING,138,0
2005,APRIL,BARRON,CRYSTAL LAKE TOWN WARD 1,SPRING GENERAL,JUSTICE OF THE SUPREME COURT,NONPARTISAN,ANN W. BRADLEY,154,154
2005,APRIL,BARRON,CRYSTAL LAKE TOWN WARD 1,SPRING GENERAL,JUSTICE OF THE SUPREME COURT,NONPARTISAN,SCATTERING,154,0
2005,APRIL,BARRON,CUMBERLAND TOWN WARD 1,SPRING GENERAL,JUSTICE OF THE SUPREME COURT,NONPARTISAN,ANN W. BRADLEY,61,61
2005,APRIL,BARRON,CUMBERLAND TOWN WARD 1,SPRING GENERAL,JUSTICE OF THE SUPREME COURT,NONPARTISAN,SCATTERING,61,0
2005,APRIL,BARRON,DALLAS TOWN WARDS 1 & 2,SPRING GENERAL,JUSTICE OF THE SUPREME COURT,NONPARTISAN,ANN W. BRADLEY,44,44
2005,APRIL,BARRON,DALLAS TOWN WARDS 1 & 2,SPRING GENERAL,JUSTICE OF THE SUPREME COURT,NONPARTISAN,SCATTERING,44,0
2005,APRIL,BARRON,DOVRE TOWN WARD 1,SPRING GENERAL,JUSTICE OF THE SUPREME COURT,NONPARTISAN,ANN W. BRADLEY,80,80
2005,APRIL,BARRON,DOVRE TOWN WARD 1,SPRING GENERAL,JUSTICE OF THE SUPREME COURT,NONPARTISAN,SCATTERING,80,0
2005,APRIL,BARRON,DOYLE TOWN WARD 1,SPRING GENERAL,JUSTICE OF THE SUPREME COURT,NONPARTISAN,ANN W. BRADLEY,51,51
2005,APRIL,BARRON,DOYLE TOWN WARD 1,SPRING GENERAL,JUSTICE OF THE SUPREME COURT,NONPARTISAN,SCATTERING,51,0
2005,APRIL,BARRON,LAKELAND TOWN WARDS 1 & 2,SPRING GENERAL,JUSTICE OF THE SUPREME COURT,NONPARTISAN,ANN W. BRADLEY,182,182
2005,APRIL,BARRON,LAKELAND TOWN WARDS 1 & 2,SPRING GENERAL,JUSTICE OF THE SUPREME COURT,NONPARTISAN,SCATTERING,182,0
2005,APRIL,BARRON,MAPLE GROVE TOWN WARDS 1 - 3,SPRING GENERAL,JUSTICE OF THE SUPREME COURT,NONPARTISAN,ANN W. BRADLEY,174,174
2005,APRIL,BARRON,MAPLE GROVE TOWN WARDS 1 - 3,SPRING GENERAL,JUSTICE OF THE SUPREME COURT,NONPARTISAN,SCATTERING,174,0
2005,APRIL,BARRON,MAPLE PLAIN TOWN WARD 1,SPRING GENERAL,JUSTICE OF THE SUPREME COURT,NONPARTISAN,ANN W. BRADLEY,56,56
2005,APRIL,BARRON,MAPLE PLAIN TOWN WARD 1,SPRING GENERAL,JUSTICE OF THE SUPREME COURT,NONPARTISAN,SCATTERING,56,0
2005,APRIL,BARRON,OAK GROVE TOWN WARDS 1 & 2,SPRING GENERAL,JUSTICE OF THE SUPREME COURT,NONPARTISAN,ANN W. BRADLEY,74,74
2005,APRIL,BARRON,OAK GROVE TOWN WARDS 1 & 2,SPRING GENERAL,JUSTICE OF THE SUPREME COURT,NONPARTISAN,SCATTERING,74,0
2005,APRIL,BARRON,PRAIRIE FARM TOWN WARDS 1 & 2,SPRING GENERAL,JUSTICE OF THE SUPREME COURT,NONPARTISAN,ANN W. BRADLEY,50,50
2005,APRIL,BARRON,PRAIRIE FARM TOWN WARDS 1 & 2,SPRING GENERAL,JUSTICE OF THE SUPREME COURT,NONPARTISAN,SCATTERING,50,0
2005,APRIL,BARRON,PRAIRIE LAKE TOWN WARDS 1 & 2,SPRING GENERAL,JUSTICE OF THE SUPREME COURT,NONPARTISAN,ANN W. BRADLEY,83,83
2005,APRIL,BARRON,PRAIRIE LAKE TOWN WARDS 1 & 2,SPRING GENERAL,JUSTICE OF THE SUPREME COURT,NONPARTISAN,SCATTERING,83,0
2005,APRIL,BARRON,RICE LAKE TOWN WARDS 1 - 4,SPRING GENERAL,JUSTICE OF THE SUPREME COURT,NONPARTISAN,ANN W. BRADLEY,238,238
2005,APRIL,BARRON,RICE LAKE TOWN WARDS 1 - 4,SPRING GENERAL,JUSTICE OF THE SUPREME COURT,NONPARTISAN,SCATTERING,238,0
2005,APRIL,BARRON,SIOUX CREEK TOWN WARD 1,SPRING GENERAL,JUSTICE OF THE SUPREME COURT,NONPARTISAN,ANN W. BRADLEY,50,49
2005,APRIL,BARRON,SIOUX CREEK TOWN WARD 1,SPRING GENERAL,JUSTICE OF THE SUPREME COURT,NONPARTISAN,SCATTERING,50,1
2005,APRIL,BARRON,STANFOLD TOWN WARD 1,SPRING GENERAL,JUSTICE OF THE SUPREME COURT,NONPARTISAN,ANN W. BRADLEY,136,136
2005,APRIL,BARRON,STANFOLD TOWN WARD 1,SPRING GENERAL,JUSTICE OF THE SUPREME COURT,NONPARTISAN,SCATTERING,136,0
2005,APRIL,BARRON,STANLEY TOWN WARDS 1 - 3,SPRING GENERAL,JUSTICE OF THE SUPREME COURT,NONPARTISAN,ANN W. BRADLEY,104,104
2005,APRIL,BARRON,STANLEY TOWN WARDS 1 - 3,SPRING GENERAL,JUSTICE OF THE SUPREME COURT,NONPARTISAN,SCATTERING,104,0
2005,APRIL,BARRON,SUMNER TOWN WARDS 1 & 2,SPRING GENERAL,JUSTICE OF THE SUPREME COURT,NONPARTISAN,ANN W. BRADLEY,39,39
2005,APRIL,BARRON,SUMNER TOWN WARDS 1 & 2,SPRING GENERAL,JUSTICE OF THE SUPREME COURT,NONPARTISAN,SCATTERING,39,0
2005,APRIL,BARRON,TURTLE LAKE TOWN WARD 1,SPRING GENERAL,JUSTICE OF THE SUPREME COURT,NONPARTISAN,ANN W. BRADLEY,44,44
2005,APRIL,BARRON,TURTLE LAKE TOWN WARD 1,SPRING GENERAL,JUSTICE OF THE SUPREME COURT,NONPARTISAN,SCATTERING,44,0
2005,APRIL,BARRON,VANCE CREEK TOWN WARD 1,SPRING GENERAL,JUSTICE OF THE SUPREME COURT,NONPARTISAN,ANN W. BRADLEY,51,51
2005,APRIL,BARRON,VANCE CREEK TOWN WARD 1,SPRING GENERAL,JUSTICE OF THE SUPREME COURT,NONPARTISAN,SCATTERING,51,0
2005,APRIL,BARRON,ALMENA VILLAGE WARD 1,SPRING GENERAL,JUSTICE OF THE SUPREME COURT,NONPARTISAN,ANN W. BRADLEY,36,36
2005,APRIL,BARRON,ALMENA VILLAGE WARD 1,SPRING GENERAL,JUSTICE OF THE SUPREME COURT,NONPARTISAN,SCATTERING,36,0
2005,APRIL,BARRON,CAMERON VILLAGE WARDS 1 & 2,SPRING GENERAL,JUSTICE OF THE SUPREME COURT,NONPARTISAN,ANN W. BRADLEY,72,71
2005,APRIL,BARRON,CAMERON VILLAGE WARDS 1 & 2,SPRING GENERAL,JUSTICE OF THE SUPREME COURT,NONPARTISAN,SCATTERING,72,1
2005,APRIL,BARRON,DALLAS VILLAGE WARD 1,SPRING GENERAL,JUSTICE OF THE SUPREME COURT,NONPARTISAN,ANN W. BRADLEY,25,25
2005,APRIL,BARRON,DALLAS VILLAGE WARD 1,SPRING GENERAL,JUSTICE OF THE SUPREME COURT,NONPARTISAN,SCATTERING,25,0
2005,APRIL,BARRON,HAUGEN VILLAGE WARD 1,SPRING GENERAL,JUSTICE OF THE SUPREME COURT,NONPARTISAN,ANN W. BRADLEY,47,47
2005,APRIL,BARRON,HAUGEN VILLAGE WARD 1,SPRING GENERAL,JUSTICE OF THE SUPREME COURT,NONPARTISAN,SCATTERING,47,0
2005,APRIL,BARRON,NEW AUBURN VILLAGE WARD 2,SPRING GENERAL,JUSTICE OF THE SUPREME COURT,NONPARTISAN,ANN W. BRADLEY,2,2
2005,APRIL,BARRON,NEW AUBURN VILLAGE WARD 2,SPRING GENERAL,JUSTICE OF THE SUPREME COURT,NONPARTISAN,SCATTERING,2,0
2005,APRIL,BARRON,PRAIRIE FARM VILLAGE WARD 1,SPRING GENERAL,JUSTICE OF THE SUPREME COURT,NONPARTISAN,ANN W. BRADLEY,40,40
2005,APRIL,BARRON,PRAIRIE FARM VILLAGE WARD 1,SPRING GENERAL,JUSTICE OF THE SUPREME COURT,NONPARTISAN,SCATTERING,40,0
2005,APRIL,BARRON,TURTLE LAKE VILLAGE WARD 1,SPRING GENERAL,JUSTICE OF THE SUPREME COURT,NONPARTISAN,ANN W. BRADLEY,88,88
2005,APRIL,BARRON,TURTLE LAKE VILLAGE WARD 1,SPRING GENERAL,JUSTICE OF THE SUPREME COURT,NONPARTISAN,SCATTERING,88,0
2005,APRIL,BARRON,BARRON CITY WARDS 1 - 7,SPRING GENERAL,JUSTICE OF THE SUPREME COURT,NONPARTISAN,ANN W. BRADLEY,148,148
2005,APRIL,BARRON,BARRON CITY WARDS 1 - 7,SPRING GENERAL,JUSTICE OF THE SUPREME COURT,NONPARTISAN,SCATTERING,148,0
2005,APRIL,BARRON,CHETEK CITY WARDS 1 - 4,SPRING GENERAL,JUSTICE OF THE SUPREME COURT,NONPARTISAN,ANN W. BRADLEY,195,195
2005,APRIL,BARRON,CHETEK CITY WARDS 1 - 4,SPRING GENERAL,JUSTICE OF THE SUPREME COURT,NONPARTISAN,SCATTERING,195,0
2005,APRIL,BARRON,CUMBERLAND CITY WARDS 1 - 5,SPRING GENERAL,JUSTICE OF THE SUPREME COURT,NONPARTISAN,ANN W. BRADLEY,220,219
2005,APRIL,BARRON,CUMBERLAND CITY WARDS 1 - 5,SPRING GENERAL,JUSTICE OF THE SUPREME COURT,NONPARTISAN,SCATTERING,220,1
2005,APRIL,BARRON,RICE LAKE CITY WARDS 1 - 4,SPRING GENERAL,JUSTICE OF THE SUPREME COURT,NONPARTISAN,ANN W. BRADLEY,74,74
2005,APRIL,BARRON,RICE LAKE CITY WARDS 1 - 4,SPRING GENERAL,JUSTICE OF THE SUPREME COURT,NONPARTISAN,SCATTERING,74,0
2005,APRIL,BARRON,RICE LAKE CITY WARDS 5 - 8,SPRING GENERAL,JUSTICE OF THE SUPREME COURT,NONPARTISAN,ANN W. BRADLEY,86,85
2005,APRIL,BARRON,RICE LAKE CITY WARDS 5 - 8,SPRING GENERAL,JUSTICE OF THE SUPREME COURT,NONPARTISAN,SCATTERING,86,1
2005,APRIL,BARRON,RICE LAKE CITY WARDS 9 - 13,SPRING GENERAL,JUSTICE OF THE SUPREME COURT,NONPARTISAN,ANN W. BRADLEY,70,70
2005,APRIL,BARRON,RICE LAKE CITY WARDS 9 - 13,SPRING GENERAL,JUSTICE OF THE SUPREME COURT,NONPARTISAN,SCATTERING,70,0
2005,APRIL,BARRON,RICE LAKE CITY WARDS 14 - 17,SPRING GENERAL,JUSTICE OF THE SUPREME COURT,NONPARTISAN,ANN W. BRADLEY,91,91
2005,APRIL,BARRON,RICE LAKE CITY WARDS 14 - 17,SPRING GENERAL,JUSTICE OF THE SUPREME COURT,NONPARTISAN,SCATTERING,91,0
2005,APRIL,BAYFIELD,BARKSDALE TOWN WARD 1,SPRING GENERAL,JUSTICE OF THE SUPREME COURT,NONPARTISAN,ANN W. BRADLEY,111,109
2005,APRIL,BAYFIELD,BARKSDALE TOWN WARD 1,SPRING GENERAL,JUSTICE OF THE SUPREME COURT,NONPARTISAN,SCATTERING,111,2
2005,APRIL,BAYFIELD,BARNES TOWN WARD 1,SPRING GENERAL,JUSTICE OF THE SUPREME COURT,NONPARTISAN,ANN W. BRADLEY,296,296
2005,APRIL,BAYFIELD,BARNES TOWN WARD 1,SPRING GENERAL,JUSTICE OF THE SUPREME COURT,NONPARTISAN,SCATTERING,296,0
2005,APRIL,BAYFIELD,BAYFIELD TOWN WARD 1,SPRING GENERAL,JUSTICE OF THE SUPREME COURT,NONPARTISAN,ANN W. BRADLEY,127,126
2005,APRIL,BAYFIELD,BAYFIELD TOWN WARD 1,SPRING GENERAL,JUSTICE OF THE SUPREME COURT,NONPARTISAN,SCATTERING,127,1
2005,APRIL,BAYFIELD,BAYVIEW TOWN WARD 1,SPRING GENERAL,JUSTICE OF THE SUPREME COURT,NONPARTISAN,ANN W. BRADLEY,142,142
2005,APRIL,BAYFIELD,BAYVIEW TOWN WARD 1,SPRING GENERAL,JUSTICE OF THE SUPREME COURT,NONPARTISAN,SCATTERING,142,0
2005,APRIL,BAYFIELD,BELL TOWN WARD 1,SPRING GENERAL,JUSTICE OF THE SUPREME COURT,NONPARTISAN,ANN W. BRADLEY,58,58
2005,APRIL,BAYFIELD,BELL TOWN WARD 1,SPRING GENERAL,JUSTICE OF THE SUPREME COURT,NONPARTISAN,SCATTERING,58,0
2005,APRIL,BAYFIELD,CABLE TOWN WARD 1,SPRING GENERAL,JUSTICE OF THE SUPREME COURT,NONPARTISAN,ANN W. BRADLEY,73,73
2005,APRIL,BAYFIELD,CABLE TOWN WARD 1,SPRING GENERAL,JUSTICE OF THE SUPREME COURT,NONPARTISAN,SCATTERING,73,0
2005,APRIL,BAYFIELD,CLOVER TOWN WARD 1,SPRING GENERAL,JUSTICE OF THE SUPREME COURT,NONPARTISAN,ANN W. BRADLEY,88,88
2005,APRIL,BAYFIELD,CLOVER TOWN WARD 1,SPRING GENERAL,JUSTICE OF THE SUPREME COURT,NONPARTISAN,SCATTERING,88,0
2005,APRIL,BAYFIELD,DELTA TOWN WARD 1,SPRING GENERAL,JUSTICE OF THE SUPREME COURT,NONPARTISAN,ANN W. BRADLEY,94,94
2005,APRIL,BAYFIELD,DELTA TOWN WARD 1,SPRING GENERAL,JUSTICE OF THE SUPREME COURT,NONPARTISAN,SCATTERING,94,0
2005,APRIL,BAYFIELD,DRUMMOND TOWN WARD 1,SPRING GENERAL,JUSTICE OF THE SUPREME COURT,NONPARTISAN,ANN W. BRADLEY,48,48
2005,APRIL,BAYFIELD,DRUMMOND TOWN WARD 1,SPRING GENERAL,JUSTICE OF THE SUPREME COURT,NONPARTISAN,SCATTERING,48,0
2005,APRIL,BAYFIELD,EILEEN TOWN WARDS 1 & 2,SPRING GENERAL,JUSTICE OF THE SUPREME COURT,NONPARTISAN,ANN W. BRADLEY,88,87
2005,APRIL,BAYFIELD,EILEEN TOWN WARDS 1 & 2,SPRING GENERAL,JUSTICE OF THE SUPREME COURT,NONPARTISAN,SCATTERING,88,1
2005,APRIL,BAYFIELD,GRAND VIEW TOWN WARD 1,SPRING GENERAL,JUSTICE OF THE SUPREME COURT,NONPARTISAN,ANN W. BRADLEY,41,41
2005,APRIL,BAYFIELD,GRAND VIEW TOWN WARD 1,SPRING GENERAL,JUSTICE OF THE SUPREME COURT,NONPARTISAN,SCATTERING,41,0
2005,APRIL,BAYFIELD,HUGHES TOWN WARD 1,SPRING GENERAL,JUSTICE OF THE SUPREME COURT,NONPARTISAN,ANN W. BRADLEY,88,88
2005,APRIL,BAYFIELD,HUGHES TOWN WARD 1,SPRING GENERAL,JUSTICE OF THE SUPREME COURT,NONPARTISAN,SCATTERING,88,0
2005,APRIL,BAYFIELD,IRON RIVER TOWN WARDS 1 & 2,SPRING GENERAL,JUSTICE OF THE SUPREME COURT,NONPARTISAN,ANN W. BRADLEY,239,239
2005,APRIL,BAYFIELD,IRON RIVER TOWN WARDS 1 & 2,SPRING GENERAL,JUSTICE OF THE SUPREME COURT,NONPARTISAN,SCATTERING,239,0
2005,APRIL,BAYFIELD,KELLY TOWN WARD 1,SPRING GENERAL,JUSTICE OF THE SUPREME COURT,NONPARTISAN,ANN W. BRADLEY,73,73
2005,APRIL,BAYFIELD,KELLY TOWN WARD 1,SPRING GENERAL,JUSTICE OF THE SUPREME COURT,NONPARTISAN,SCATTERING,73,0
2005,APRIL,BAYFIELD,KEYSTONE TOWN WARD 1,SPRING GENERAL,JUSTICE OF THE SUPREME COURT,NONPARTISAN,ANN W. BRADLEY,29,29
2005,APRIL,BAYFIELD,KEYSTONE TOWN WARD 1,SPRING GENERAL,JUSTICE OF THE SUPREME COURT,NONPARTISAN,SCATTERING,29,0
2005,APRIL,BAYFIELD,LINCOLN TOWN WARD 1,SPRING GENERAL,JUSTICE OF THE SUPREME COURT,NONPARTISAN,ANN W. BRADLEY,67,67
2005,APRIL,BAYFIELD,LINCOLN TOWN WARD 1,SPRING GENERAL,JUSTICE OF THE SUPREME COURT,NONPARTISAN,SCATTERING,67,0
2005,APRIL,BAYFIELD,MASON TOWN WARD 1,SPRING GENERAL,JUSTICE OF THE SUPREME COURT,NONPARTISAN,ANN W. BRADLEY,40,40
2005,APRIL,BAYFIELD,MASON TOWN WARD 1,SPRING GENERAL,JUSTICE OF THE SUPREME COURT,NONPARTISAN,SCATTERING,40,0
2005,APRIL,BAYFIELD,NAMAKAGON TOWN WARD 1,SPRING GENERAL,JUSTICE OF THE SUPREME COURT,NONPARTISAN,ANN W. BRADLEY,108,108
2005,APRIL,BAYFIELD,NAMAKAGON TOWN WARD 1,SPRING GENERAL,JUSTICE OF THE SUPREME COURT,NONPARTISAN,SCATTERING,108,0
2005,APRIL,BAYFIELD,ORIENTA TOWN WARD 1,SPRING GENERAL,JUSTICE OF THE SUPREME COURT,NONPARTISAN,ANN W. BRADLEY,28,28
2005,APRIL,BAYFIELD,ORIENTA TOWN WARD 1,SPRING GENERAL,JUSTICE OF THE SUPREME COURT,NONPARTISAN,SCATTERING,28,0
2005,APRIL,BAYFIELD,OULU TOWN WARD 1,SPRING GENERAL,JUSTICE OF THE SUPREME COURT,NONPARTISAN,ANN W. BRADLEY,116,116
2005,APRIL,BAYFIELD,OULU TOWN WARD 1,SPRING GENERAL,JUSTICE OF THE SUPREME COURT,NONPARTISAN,SCATTERING,116,0
2005,APRIL,BAYFIELD,PILSEN TOWN WARD 1,SPRING GENERAL,JUSTICE OF THE SUPREME COURT,NONPARTISAN,ANN W. BRADLEY,47,47
2005,APRIL,BAYFIELD,PILSEN TOWN WARD 1,SPRING GENERAL,JUSTICE OF THE SUPREME COURT,NONPARTISAN,SCATTERING,47,0
2005,APRIL,BAYFIELD,PORT WING TOWN WARD 1,SPRING GENERAL,JUSTICE OF THE SUPREME COURT,NONPARTISAN,ANN W. BRADLEY,73,73
2005,APRIL,BAYFIELD,PORT WING TOWN WARD 1,SPRING GENERAL,JUSTICE OF THE SUPREME COURT,NONPARTISAN,SCATTERING,73,0
2005,APRIL,BAYFIELD,RUSSELL TOWN WARDS 1 & 2,SPRING GENERAL,JUSTICE OF THE SUPREME COURT,NONPARTISAN,ANN W. BRADLEY,76,76
2005,APRIL,BAYFIELD,RUSSELL TOWN WARDS 1 & 2,SPRING GENERAL,JUSTICE OF THE SUPREME COURT,NONPARTISAN,SCATTERING,76,0
2005,APRIL,BAYFIELD,TRIPP TOWN WARD 1,SPRING GENERAL,JUSTICE OF THE SUPREME COURT,NONPARTISAN,ANN W. BRADLEY,20,20
2005,APRIL,BAYFIELD,TRIPP TOWN WARD 1,SPRING GENERAL,JUSTICE OF THE SUPREME COURT,NONPARTISAN,SCATTERING,20,0
2005,APRIL,BAYFIELD,WASHBURN TOWN WARD 1,SPRING GENERAL,JUSTICE OF THE SUPREME COURT,NONPARTISAN,ANN W. BRADLEY,112,112
2005,APRIL,BAYFIELD,WASHBURN TOWN WARD 1,SPRING GENERAL,JUSTICE OF THE SUPREME COURT,NONPARTISAN,SCATTERING,112,0
2005,APRIL,BAYFIELD,MASON VILLAGE WARD 1,SPRING GENERAL,JUSTICE OF THE SUPREME COURT,NONPARTISAN,ANN W. BRADLEY,26,26
2005,APRIL,BAYFIELD,MASON VILLAGE WARD 1,SPRING GENERAL,JUSTICE OF THE SUPREME COURT,NONPARTISAN,SCATTERING,26,0
2005,APRIL,BAYFIELD,ASHLAND CITY WARD 12,SPRING GENERAL,JUSTICE OF THE SUPREME COURT,NONPARTISAN,ANN W. BRADLEY,0,0
2005,APRIL,BAYFIELD,ASHLAND CITY WARD 12,SPRING GENERAL,JUSTICE OF THE SUPREME COURT,NONPARTISAN,SCATTERING,0,0
2005,APRIL,BAYFIELD,BAYFIELD CITY WARDS 1 - 4,SPRING GENERAL,JUSTICE OF THE SUPREME COURT,NONPARTISAN,ANN W. BRADLEY,55,53
2005,APRIL,BAYFIELD,BAYFIELD CITY WARDS 1 - 4,SPRING GENERAL,JUSTICE OF THE SUPREME COURT,NONPARTISAN,SCATTERING,55,2
2005,APRIL,BAYFIELD,WASHBURN CITY WARD 1,SPRING GENERAL,JUSTICE OF THE SUPREME COURT,NONPARTISAN,ANN W. BRADLEY,142,142
2005,APRIL,BAYFIELD,WASHBURN CITY WARD 1,SPRING GENERAL,JUSTICE OF THE SUPREME COURT,NONPARTISAN,SCATTERING,142,0
2005,APRIL,BAYFIELD,WASHBURN CITY WARDS 2 & 3,SPRING GENERAL,JUSTICE OF THE SUPREME COURT,NONPARTISAN,ANN W. BRADLEY,91,91
2005,APRIL,BAYFIELD,WASHBURN CITY WARDS 2 & 3,SPRING GENERAL,JUSTICE OF THE SUPREME COURT,NONPARTISAN,SCATTERING,91,0
2005,APRIL,BAYFIELD,WASHBURN CITY WARD 4,SPRING GENERAL,JUSTICE OF THE SUPREME COURT,NONPARTISAN,ANN W. BRADLEY,125,125
2005,APRIL,BAYFIELD,WASHBURN CITY WARD 4,SPRING GENERAL,JUSTICE OF THE SUPREME COURT,NONPARTISAN,SCATTERING,125,0
2005,APRIL,BROWN,EATON TOWN WARDS 1 & 2,SPRING GENERAL,JUSTICE OF THE SUPREME COURT,NONPARTISAN,ANN W. BRADLEY,336,336
2005,APRIL,BROWN,EATON TOWN WARDS 1 & 2,SPRING GENERAL,JUSTICE OF THE SUPREME COURT,NONPARTISAN,SCATTERING,336,0
2005,APRIL,BROWN,GLENMORE TOWN WARDS 1 & 2,SPRING GENERAL,JUSTICE OF THE SUPREME COURT,NONPARTISAN,ANN W. BRADLEY,244,244
2005,APRIL,BROWN,GLENMORE TOWN WARDS 1 & 2,SPRING GENERAL,JUSTICE OF THE SUPREME COURT,NONPARTISAN,SCATTERING,244,0
2005,APRIL,BROWN,GREEN BAY TOWN WARDS 1 & 2,SPRING GENERAL,JUSTICE OF THE SUPREME COURT,NONPARTISAN,ANN W. BRADLEY,407,406
2005,APRIL,BROWN,GREEN BAY TOWN WARDS 1 & 2,SPRING GENERAL,JUSTICE OF THE SUPREME COURT,NONPARTISAN,SCATTERING,407,1
2005,APRIL,BROWN,HOLLAND TOWN WARDS 1 & 2,SPRING GENERAL,JUSTICE OF THE SUPREME COURT,NONPARTISAN,ANN W. BRADLEY,146,146
2005,APRIL,BROWN,HOLLAND TOWN WARDS 1 & 2,SPRING GENERAL,JUSTICE OF THE SUPREME COURT,NONPARTISAN,SCATTERING,146,0
2005,APRIL,BROWN,HUMBOLDT TOWN WARDS 1 & 2,SPRING GENERAL,JUSTICE OF THE SUPREME COURT,NONPARTISAN,ANN W. BRADLEY,194,193
2005,APRIL,BROWN,HUMBOLDT TOWN WARDS 1 & 2,SPRING GENERAL,JUSTICE OF THE SUPREME COURT,NONPARTISAN,SCATTERING,194,1
2005,APRIL,BROWN,LAWRENCE TOWN WARDS 1 - 3,SPRING GENERAL,JUSTICE OF THE SUPREME COURT,NONPARTISAN,ANN W. BRADLEY,177,177
2005,APRIL,BROWN,LAWRENCE TOWN WARDS 1 - 3,SPRING GENERAL,JUSTICE OF THE SUPREME COURT,NONPARTISAN,SCATTERING,177,0
2005,APRIL,BROWN,LEDGEVIEW TOWN WARDS 1 - 4,SPRING GENERAL,JUSTICE OF THE SUPREME COURT,NONPARTISAN,ANN W. BRADLEY,265,265
2005,APRIL,BROWN,LEDGEVIEW TOWN WARDS 1 - 4,SPRING GENERAL,JUSTICE OF THE SUPREME COURT,NONPARTISAN,SCATTERING,265,0
2005,APRIL,BROWN,MORRISON TOWN WARDS 1 & 2,SPRING GENERAL,JUSTICE OF THE SUPREME COURT,NONPARTISAN,ANN W. BRADLEY,498,498
2005,APRIL,BROWN,MORRISON TOWN WARDS 1 & 2,SPRING GENERAL,JUSTICE OF THE SUPREME COURT,NONPARTISAN,SCATTERING,498,0
2005,APRIL,BROWN,NEW DENMARK TOWN WARDS 1 - 3,SPRING GENERAL,JUSTICE OF THE SUPREME COURT,NONPARTISAN,ANN W. BRADLEY,268,267
2005,APRIL,BROWN,NEW DENMARK TOWN WARDS 1 - 3,SPRING GENERAL,JUSTICE OF THE SUPREME COURT,NONPARTISAN,SCATTERING,268,1
2005,APRIL,BROWN,PITTSFIELD TOWN WARDS 1 - 4,SPRING GENERAL,JUSTICE OF THE SUPREME COURT,NONPARTISAN,ANN W. BRADLEY,617,615
2005,APRIL,BROWN,PITTSFIELD TOWN WARDS 1 - 4,SPRING GENERAL,JUSTICE OF THE SUPREME COURT,NONPARTISAN,SCATTERING,617,2
2005,APRIL,BROWN,ROCKLAND TOWN WARDS 1 & 2,SPRING GENERAL,JUSTICE OF THE SUPREME COURT,NONPARTISAN,ANN W. BRADLEY,432,432
2005,APRIL,BROWN,ROCKLAND TOWN WARDS 1 & 2,SPRING GENERAL,JUSTICE OF THE SUPREME COURT,NONPARTISAN,SCATTERING,432,0
2005,APRIL,BROWN,SCOTT TOWN WARDS 1 - 5,SPRING GENERAL,JUSTICE OF THE SUPREME COURT,NONPARTISAN,ANN W. BRADLEY,658,654
2005,APRIL,BROWN,SCOTT TOWN WARDS 1 - 5,SPRING GENERAL,JUSTICE OF THE SUPREME COURT,NONPARTISAN,SCATTERING,658,4
2005,APRIL,BROWN,WRIGHTSTOWN TOWN WARDS 1 - 3,SPRING GENERAL,JUSTICE OF THE SUPREME COURT,NONPARTISAN,ANN W. BRADLEY,220,220
2005,APRIL,BROWN,WRIGHTSTOWN TOWN WARDS 1 - 3,SPRING GENERAL,JUSTICE OF THE SUPREME COURT,NONPARTISAN,SCATTERING,220,0
2005,APRIL,BROWN,ALLOUEZ VILLAGE WARDS 1 & 2,SPRING GENERAL,JUSTICE OF THE SUPREME COURT,NONPARTISAN,ANN W. BRADLEY,486,484
2005,APRIL,BROWN,ALLOUEZ VILLAGE WARDS 1 & 2,SPRING GENERAL,JUSTICE OF THE SUPREME COURT,NONPARTISAN,SCATTERING,486,2
2005,APRIL,BROWN,ALLOUEZ VILLAGE WARDS 3 & 4,SPRING GENERAL,JUSTICE OF THE SUPREME COURT,NONPARTISAN,ANN W. BRADLEY,627,622
2005,APRIL,BROWN,ALLOUEZ VILLAGE WARDS 3 & 4,SPRING GENERAL,JUSTICE OF THE SUPREME COURT,NONPARTISAN,SCATTERING,627,5
2005,APRIL,BROWN,ALLOUEZ VILLAGE WARDS 5 & 6,SPRING GENERAL,JUSTICE OF THE SUPREME COURT,NONPARTISAN,ANN W. BRADLEY,724,720
2005,APRIL,BROWN,ALLOUEZ VILLAGE WARDS 5 & 6,SPRING GENERAL,JUSTICE OF THE SUPREME COURT,NONPARTISAN,SCATTERING,724,4
2005,APRIL,BROWN,ALLOUEZ VILLAGE WARDS 7 - 9,SPRING GENERAL,JUSTICE OF THE SUPREME COURT,NONPARTISAN,ANN W. BRADLEY,495,492
2005,APRIL,BROWN,ALLOUEZ VILLAGE WARDS 7 - 9,SPRING GENERAL,JUSTICE OF THE SUPREME COURT,NONPARTISAN,SCATTERING,495,3
2005,APRIL,BROWN,ASHWAUBENON VILLAGE WARDS 1 & 2,SPRING GENERAL,JUSTICE OF THE SUPREME COURT,NONPARTISAN,ANN W. BRADLEY,224,224
2005,APRIL,BROWN,ASHWAUBENON VILLAGE WARDS 1 & 2,SPRING GENERAL,JUSTICE OF THE SUPREME COURT,NONPARTISAN,SCATTERING,224,0
2005,APRIL,BROWN,ASHWAUBENON VILLAGE WARDS 3 & 4,SPRING GENERAL,JUSTICE OF THE SUPREME COURT,NONPARTISAN,ANN W. BRADLEY,339,339
2005,APRIL,BROWN,ASHWAUBENON VILLAGE WARDS 3 & 4,SPRING GENERAL,JUSTICE OF THE SUPREME COURT,NONPARTISAN,SCATTERING,339,0
2005,APRIL,BROWN,ASHWAUBENON VILLAGE WARDS 5 & 6,SPRING GENERAL,JUSTICE OF THE SUPREME COURT,NONPARTISAN,ANN W. BRADLEY,163,163
2005,APRIL,BROWN,ASHWAUBENON VILLAGE WARDS 5 & 6,SPRING GENERAL,JUSTICE OF THE SUPREME COURT,NONPARTISAN,SCATTERING,163,0
2005,APRIL,BROWN,ASHWAUBENON VILLAGE WARDS 7 & 8,SPRING GENERAL,JUSTICE OF THE SUPREME COURT,NONPARTISAN,ANN W. BRADLEY,128,127
2005,APRIL,BROWN,ASHWAUBENON VILLAGE WARDS 7 & 8,SPRING GENERAL,JUSTICE OF THE SUPREME COURT,NONPARTISAN,SCATTERING,128,1
2005,APRIL,BROWN,ASHWAUBENON VILLAGE WARDS 9 & 10,SPRING GENERAL,JUSTICE OF THE SUPREME COURT,NONPARTISAN,ANN W. BRADLEY,144,143
2005,APRIL,BROWN,ASHWAUBENON VILLAGE WARDS 9 & 10,SPRING GENERAL,JUSTICE OF THE SUPREME COURT,NONPARTISAN,SCATTERING,144,1
2005,APRIL,BROWN,ASHWAUBENON VILLAGE WARDS 11 & 12,SPRING GENERAL,JUSTICE OF THE SUPREME COURT,NONPARTISAN,ANN W. BRADLEY,118,117
2005,APRIL,BROWN,ASHWAUBENON VILLAGE WARDS 11 & 12,SPRING GENERAL,JUSTICE OF THE SUPREME COURT,NONPARTISAN,SCATTERING,118,1
2005,APRIL,BROWN,BELLEVUE VILLAGE WARDS 1 - 6,SPRING GENERAL,JUSTICE OF THE SUPREME COURT,NONPARTISAN,ANN W. BRADLEY,367,366
2005,APRIL,BROWN,BELLEVUE VILLAGE WARDS 1 - 6,SPRING GENERAL,JUSTICE OF THE SUPREME COURT,NONPARTISAN,SCATTERING,367,1
2005,APRIL,BROWN,BELLEVUE VILLAGE WARDS 7 - 10,SPRING GENERAL,JUSTICE OF THE SUPREME COURT,NONPARTISAN,ANN W. BRADLEY,375,374
2005,APRIL,BROWN,BELLEVUE VILLAGE WARDS 7 - 10,SPRING GENERAL,JUSTICE OF THE SUPREME COURT,NONPARTISAN,SCATTERING,375,1
2005,APRIL,BROWN,DENMARK VILLAGE WARDS 1 - 3,SPRING GENERAL,JUSTICE OF THE SUPREME COURT,NONPARTISAN,ANN W. BRADLEY,286,285
2005,APRIL,BROWN,DENMARK VILLAGE WARDS 1 - 3,SPRING GENERAL,JUSTICE OF THE SUPREME COURT,NONPARTISAN,SCATTERING,286,1
2005,APRIL,BROWN,HOBART VILLAGE WARDS 1 - 7,SPRING GENERAL,JUSTICE OF THE SUPREME COURT,NONPARTISAN,ANN W. BRADLEY,1259,1258
2005,APRIL,BROWN,HOBART VILLAGE WARDS 1 - 7,SPRING GENERAL,JUSTICE OF THE SUPREME COURT,NONPARTISAN,SCATTERING,1259,1
2005,APRIL,BROWN,HOWARD VILLAGE WARDS 1 & 2,SPRING GENERAL,JUSTICE OF THE SUPREME COURT,NONPARTISAN,ANN W. BRADLEY,112,112
2005,APRIL,BROWN,HOWARD VILLAGE WARDS 1 & 2,SPRING GENERAL,JUSTICE OF THE SUPREME COURT,NONPARTISAN,SCATTERING,112,0
2005,APRIL,BROWN,HOWARD VILLAGE WARDS 3 & 4,SPRING GENERAL,JUSTICE OF THE SUPREME COURT,NONPARTISAN,ANN W. BRADLEY,173,171
2005,APRIL,BROWN,HOWARD VILLAGE WARDS 3 & 4,SPRING GENERAL,JUSTICE OF THE SUPREME COURT,NONPARTISAN,SCATTERING,173,2
2005,APRIL,BROWN,HOWARD VILLAGE WARDS 5 - 8,SPRING GENERAL,JUSTICE OF THE SUPREME COURT,NONPARTISAN,ANN W. BRADLEY,420,417
2005,APRIL,BROWN,HOWARD VILLAGE WARDS 5 - 8,SPRING GENERAL,JUSTICE OF THE SUPREME COURT,NONPARTISAN,SCATTERING,420,3
2005,APRIL,BROWN,HOWARD VILLAGE WARDS 9 - 12,SPRING GENERAL,JUSTICE OF THE SUPREME COURT,NONPARTISAN,ANN W. BRADLEY,450,450
2005,APRIL,BROWN,HOWARD VILLAGE WARDS 9 - 12,SPRING GENERAL,JUSTICE OF THE SUPREME COURT,NONPARTISAN,SCATTERING,450,0
2005,APRIL,BROWN,HOWARD VILLAGE WARDS 13 & 14,SPRING GENERAL,JUSTICE OF THE SUPREME COURT,NONPARTISAN,ANN W. BRADLEY,274,271
2005,APRIL,BROWN,HOWARD VILLAGE WARDS 13 & 14,SPRING GENERAL,JUSTICE OF THE SUPREME COURT,NONPARTISAN,SCATTERING,274,3
2005,APRIL,BROWN,HOWARD VILLAGE WARDS 15 & 16,SPRING GENERAL,JUSTICE OF THE SUPREME COURT,NONPARTISAN,ANN W. BRADLEY,339,338
2005,APRIL,BROWN,HOWARD VILLAGE WARDS 15 & 16,SPRING GENERAL,JUSTICE OF THE SUPREME COURT,NONPARTISAN,SCATTERING,339,1
2005,APRIL,BROWN,PULASKI VILLAGE WARDS 1 - 3 & 6,SPRING GENERAL,JUSTICE OF THE SUPREME COURT,NONPARTISAN,ANN W. BRADLEY,548,546
2005,APRIL,BROWN,PULASKI VILLAGE WARDS 1 - 3 & 6,SPRING GENERAL,JUSTICE OF THE SUPREME COURT,NONPARTISAN,SCATTERING,548,2
2005,APRIL,BROWN,"SUAMICO VILLAGE WARDS 1 - 3, 7 & 10",SPRING GENERAL,JUSTICE OF THE SUPREME COURT,NONPARTISAN,ANN W. BRADLEY,495,495
2005,APRIL,BROWN,"SUAMICO VILLAGE WARDS 1 - 3, 7 & 10",SPRING GENERAL,JUSTICE OF THE SUPREME COURT,NONPARTISAN,SCATTERING,495,0
2005,APRIL,BROWN,"SUAMICO VILLAGE WARDS 4 - 6, 8 & 9",SPRING GENERAL,JUSTICE OF THE SUPREME COURT,NONPARTISAN,ANN W. BRADLEY,542,542
2005,APRIL,BROWN,"SUAMICO VILLAGE WARDS 4 - 6, 8 & 9",SPRING GENERAL,JUSTICE OF THE SUPREME COURT,NONPARTISAN,SCATTERING,542,0
2005,APRIL,BROWN,WRIGHTSTOWN VILLAGE WARDS 1 & 2,SPRING GENERAL,JUSTICE OF THE SUPREME COURT,NONPARTISAN,ANN W. BRADLEY,256,255
2005,APRIL,BROWN,WRIGHTSTOWN VILLAGE WARDS 1 & 2,SPRING GENERAL,JUSTICE OF THE SUPREME COURT,NONPARTISAN,SCATTERING,256,1
2005,APRIL,BROWN,DE PERE CITY WARDS 1 - 3,SPRING GENERAL,JUSTICE OF THE SUPREME COURT,NONPARTISAN,ANN W. BRADLEY,474,472
2005,APRIL,BROWN,DE PERE CITY WARDS 1 - 3,SPRING GENERAL,JUSTICE OF THE SUPREME COURT,NONPARTISAN,SCATTERING,474,2
2005,APRIL,BROWN,DE PERE CITY WARDS 4 - 7 & 15,SPRING GENERAL,JUSTICE OF THE SUPREME COURT,NONPARTISAN,ANN W. BRADLEY,315,313
2005,APRIL,BROWN,DE PERE CITY WARDS 4 - 7 & 15,SPRING GENERAL,JUSTICE OF THE SUPREME COURT,NONPARTISAN,SCATTERING,315,2
2005,APRIL,BROWN,DE PERE CITY WARDS 8 - 10,SPRING GENERAL,JUSTICE OF THE SUPREME COURT,NONPARTISAN,ANN W. BRADLEY,215,213
2005,APRIL,BROWN,DE PERE CITY WARDS 8 - 10,SPRING GENERAL,JUSTICE OF THE SUPREME COURT,NONPARTISAN,SCATTERING,215,2
2005,APRIL,BROWN,DE PERE CITY WARDS 11 - 14,SPRING GENERAL,JUSTICE OF THE SUPREME COURT,NONPARTISAN,ANN W. BRADLEY,287,285
2005,APRIL,BROWN,DE PERE CITY WARDS 11 - 14,SPRING GENERAL,JUSTICE OF THE SUPREME COURT,NONPARTISAN,SCATTERING,287,2
2005,APRIL,BROWN,GREEN BAY CITY WARD 1,SPRING GENERAL,JUSTICE OF THE SUPREME COURT,NONPARTISAN,ANN W. BRADLEY,169,169
2005,APRIL,BROWN,GREEN BAY CITY WARD 1,SPRING GENERAL,JUSTICE OF THE SUPREME COURT,NONPARTISAN,SCATTERING,169,0
2005,APRIL,BROWN,GREEN BAY CITY WARD 2,SPRING GENERAL,JUSTICE OF THE SUPREME COURT,NONPARTISAN,ANN W. BRADLEY,15,14
2005,APRIL,BROWN,GREEN BAY CITY WARD 2,SPRING GENERAL,JUSTICE OF THE SUPREME COURT,NONPARTISAN,SCATTERING,15,1
2005,APRIL,BROWN,GREEN BAY CITY WARD 3,SPRING GENERAL,JUSTICE OF THE SUPREME COURT,NONPARTISAN,ANN W. BRADLEY,186,186
2005,APRIL,BROWN,GREEN BAY CITY WARD 3,SPRING GENERAL,JUSTICE OF THE SUPREME COURT,NONPARTISAN,SCATTERING,186,0
2005,APRIL,BROWN,GREEN BAY CITY WARD 4,SPRING GENERAL,JUSTICE OF THE SUPREME COURT,NONPARTISAN,ANN W. BRADLEY,82,81
2005,APRIL,BROWN,GREEN BAY CITY WARD 4,SPRING GENERAL,JUSTICE OF THE SUPREME COURT,NONPARTISAN,SCATTERING,82,1
2005,APRIL,BROWN,GREEN BAY CITY WARD 5,SPRING GENERAL,JUSTICE OF THE SUPREME COURT,NONPARTISAN,ANN W. BRADLEY,121,121
2005,APRIL,BROWN,GREEN BAY CITY WARD 5,SPRING GENERAL,JUSTICE OF THE SUPREME COURT,NONPARTISAN,SCATTERING,121,0
2005,APRIL,BROWN,GREEN BAY CITY WARD 6,SPRING GENERAL,JUSTICE OF THE SUPREME COURT,NONPARTISAN,ANN W. BRADLEY,58,58
2005,APRIL,BROWN,GREEN BAY CITY WARD 6,SPRING GENERAL,JUSTICE OF THE SUPREME COURT,NONPARTISAN,SCATTERING,58,0
2005,APRIL,BROWN,GREEN BAY CITY WARD 7,SPRING GENERAL,JUSTICE OF THE SUPREME COURT,NONPARTISAN,ANN W. BRADLEY,159,158
2005,APRIL,BROWN,GREEN BAY CITY WARD 7,SPRING GENERAL,JUSTICE OF THE SUPREME COURT,NONPARTISAN,SCATTERING,159,1
2005,APRIL,BROWN,GREEN BAY CITY WARD 8,SPRING GENERAL,JUSTICE OF THE SUPREME COURT,NONPARTISAN,ANN W. BRADLEY,199,196
2005,APRIL,BROWN,GREEN BAY CITY WARD 8,SPRING GENERAL,JUSTICE OF THE SUPREME COURT,NONPARTISAN,SCATTERING,199,3
2005,APRIL,BROWN,GREEN BAY CITY WARD 9,SPRING GENERAL,JUSTICE OF THE SUPREME COURT,NONPARTISAN,ANN W. BRADLEY,92,92
2005,APRIL,BROWN,GREEN BAY CITY WARD 9,SPRING GENERAL,JUSTICE OF THE SUPREME COURT,NONPARTISAN,SCATTERING,92,0
2005,APRIL,BROWN,GREEN BAY CITY WARD 10,SPRING GENERAL,JUSTICE OF THE SUPREME COURT,NONPARTISAN,ANN W. BRADLEY,130,129
2005,APRIL,BROWN,GREEN BAY CITY WARD 10,SPRING GENERAL,JUSTICE OF THE SUPREME COURT,NONPARTISAN,SCATTERING,130,1
2005,APRIL,BROWN,GREEN BAY CITY WARD 11,SPRING GENERAL,JUSTICE OF THE SUPREME COURT,NONPARTISAN,ANN W. BRADLEY,53,53
2005,APRIL,BROWN,GREEN BAY CITY WARD 11,SPRING GENERAL,JUSTICE OF THE SUPREME COURT,NONPARTISAN,SCATTERING,53,0
2005,APRIL,BROWN,GREEN BAY CITY WARD 12,SPRING GENERAL,JUSTICE OF THE SUPREME COURT,NONPARTISAN,ANN W. BRADLEY,63,63
2005,APRIL,BROWN,GREEN BAY CITY WARD 12,SPRING GENERAL,JUSTICE OF THE SUPREME COURT,NONPARTISAN,SCATTERING,63,0
2005,APRIL,BROWN,GREEN BAY CITY WARD 13,SPRING GENERAL,JUSTICE OF THE SUPREME COURT,NONPARTISAN,ANN W. BRADLEY,96,96
2005,APRIL,BROWN,GREEN BAY CITY WARD 13,SPRING GENERAL,JUSTICE OF THE SUPREME COURT,NONPARTISAN,SCATTERING,96,0
2005,APRIL,BROWN,GREEN BAY CITY WARD 14,SPRING GENERAL,JUSTICE OF THE SUPREME COURT,NONPARTISAN,ANN W. BRADLEY,124,124
2005,APRIL,BROWN,GREEN BAY CITY WARD 14,SPRING GENERAL,JUSTICE OF THE SUPREME COURT,NONPARTISAN,SCATTERING,124,0
2005,APRIL,BROWN,GREEN BAY CITY WARD 15,SPRING GENERAL,JUSTICE OF THE SUPREME COURT,NONPARTISAN,ANN W. BRADLEY,139,137
2005,APRIL,BROWN,GREEN BAY CITY WARD 15,SPRING GENERAL,JUSTICE OF THE SUPREME COURT,NONPARTISAN,SCATTERING,139,2
2005,APRIL,BROWN,GREEN BAY CITY WARD 16,SPRING GENERAL,JUSTICE OF THE SUPREME COURT,NONPARTISAN,ANN W. BRADLEY,158,158
2005,APRIL,BROWN,GREEN BAY CITY WARD 16,SPRING GENERAL,JUSTICE OF THE SUPREME COURT,NONPARTISAN,SCATTERING,158,0
2005,APRIL,BROWN,GREEN BAY CITY WARD 17,SPRING GENERAL,JUSTICE OF THE SUPREME COURT,NONPARTISAN,ANN W. BRADLEY,61,59
2005,APRIL,BROWN,GREEN BAY CITY WARD 17,SPRING GENERAL,JUSTICE OF THE SUPREME COURT,NONPARTISAN,SCATTERING,61,2
2005,APRIL,BROWN,GREEN BAY CITY WARD 18,SPRING GENERAL,JUSTICE OF THE SUPREME COURT,NONPARTISAN,ANN W. BRADLEY,56,56
2005,APRIL,BROWN,GREEN BAY CITY WARD 18,SPRING GENERAL,JUSTICE OF THE SUPREME COURT,NONPARTISAN,SCATTERING,56,0
2005,APRIL,BROWN,GREEN BAY CITY WARD 19,SPRING GENERAL,JUSTICE OF THE SUPREME COURT,NONPARTISAN,ANN W. BRADLEY,46,46
2005,APRIL,BROWN,GREEN BAY CITY WARD 19,SPRING GENERAL,JUSTICE OF THE SUPREME COURT,NONPARTISAN,SCATTERING,46,0
2005,APRIL,BROWN,GREEN BAY CITY WARD 20,SPRING GENERAL,JUSTICE OF THE SUPREME COURT,NONPARTISAN,ANN W. BRADLEY,85,85
2005,APRIL,BROWN,GREEN BAY CITY WARD 20,SPRING GENERAL,JUSTICE OF THE SUPREME COURT,NONPARTISAN,SCATTERING,85,0
2005,APRIL,BROWN,GREEN BAY CITY WARD 21,SPRING GENERAL,JUSTICE OF THE SUPREME COURT,NONPARTISAN,ANN W. BRADLEY,103,103
2005,APRIL,BROWN,GREEN BAY CITY WARD 21,SPRING GENERAL,JUSTICE OF THE SUPREME COURT,NONPARTISAN,SCATTERING,103,0
2005,APRIL,BROWN,GREEN BAY CITY WARD 22,SPRING GENERAL,JUSTICE OF THE SUPREME COURT,NONPARTISAN,ANN W. BRADLEY,62,62
2005,APRIL,BROWN,GREEN BAY CITY WARD 22,SPRING GENERAL,JUSTICE OF THE SUPREME COURT,NONPARTISAN,SCATTERING,62,0
2005,APRIL,BROWN,GREEN BAY CITY WARD 23,SPRING GENERAL,JUSTICE OF THE SUPREME COURT,NONPARTISAN,ANN W. BRADLEY,79,79
2005,APRIL,BROWN,GREEN BAY CITY WARD 23,SPRING GENERAL,JUSTICE OF THE SUPREME COURT,NONPARTISAN,SCATTERING,79,0
2005,APRIL,BROWN,GREEN BAY CITY WARD 24,SPRING GENERAL,JUSTICE OF THE SUPREME COURT,NONPARTISAN,ANN W. BRADLEY,66,66
2005,APRIL,BROWN,GREEN BAY CITY WARD 24,SPRING GENERAL,JUSTICE OF THE SUPREME COURT,NONPARTISAN,SCATTERING,66,0
2005,APRIL,BROWN,GREEN BAY CITY WARD 25,SPRING GENERAL,JUSTICE OF THE SUPREME COURT,NONPARTISAN,ANN W. BRADLEY,44,44
2005,APRIL,BROWN,GREEN BAY CITY WARD 25,SPRING GENERAL,JUSTICE OF THE SUPREME COURT,NONPARTISAN,SCATTERING,44,0
2005,APRIL,BROWN,GREEN BAY CITY WARD 26,SPRING GENERAL,JUSTICE OF THE SUPREME COURT,NONPARTISAN,ANN W. BRADLEY,34,33
2005,APRIL,BROWN,GREEN BAY CITY WARD 26,SPRING GENERAL,JUSTICE OF THE SUPREME COURT,NONPARTISAN,SCATTERING,34,1
2005,APRIL,BROWN,GREEN BAY CITY WARD 27,SPRING GENERAL,JUSTICE OF THE SUPREME COURT,NONPARTISAN,ANN W. BRADLEY,134,133
2005,APRIL,BROWN,GREEN BAY CITY WARD 27,SPRING GENERAL,JUSTICE OF THE SUPREME COURT,NONPARTISAN,SCATTERING,134,1
2005,APRIL,BROWN,GREEN BAY CITY WARD 28,SPRING GENERAL,JUSTICE OF THE SUPREME COURT,NONPARTISAN,ANN W. BRADLEY,324,324
2005,APRIL,BROWN,GREEN BAY CITY WARD 28,SPRING GENERAL,JUSTICE OF THE SUPREME COURT,NONPARTISAN,SCATTERING,324,0
2005,APRIL,BROWN,GREEN BAY CITY WARD 29,SPRING GENERAL,JUSTICE OF THE SUPREME COURT,NONPARTISAN,ANN W. BRADLEY,164,160
2005,APRIL,BROWN,GREEN BAY CITY WARD 29,SPRING GENERAL,JUSTICE OF THE SUPREME COURT,NONPARTISAN,SCATTERING,164,4
2005,APRIL,BROWN,GREEN BAY CITY WARD 30,SPRING GENERAL,JUSTICE OF THE SUPREME COURT,NONPARTISAN,ANN W. BRADLEY,276,274
2005,APRIL,BROWN,GREEN BAY CITY WARD 30,SPRING GENERAL,JUSTICE OF THE SUPREME COURT,NONPARTISAN,SCATTERING,276,2
2005,APRIL,BROWN,GREEN BAY CITY WARD 31,SPRING GENERAL,JUSTICE OF THE SUPREME COURT,NONPARTISAN,ANN W. BRADLEY,111,111
2005,APRIL,BROWN,GREEN BAY CITY WARD 31,SPRING GENERAL,JUSTICE OF THE SUPREME COURT,NONPARTISAN,SCATTERING,111,0
2005,APRIL,BROWN,GREEN BAY CITY WARD 32,SPRING GENERAL,JUSTICE OF THE SUPREME COURT,NONPARTISAN,ANN W. BRADLEY,331,327
2005,APRIL,BROWN,GREEN BAY CITY WARD 32,SPRING GENERAL,JUSTICE OF THE SUPREME COURT,NONPARTISAN,SCATTERING,331,4
2005,APRIL,BROWN,GREEN BAY CITY WARD 33,SPRING GENERAL,JUSTICE OF THE SUPREME COURT,NONPARTISAN,ANN W. BRADLEY,380,377
2005,APRIL,BROWN,GREEN BAY CITY WARD 33,SPRING GENERAL,JUSTICE OF THE SUPREME COURT,NONPARTISAN,SCATTERING,380,3
2005,APRIL,BROWN,GREEN BAY CITY WARD 34,SPRING GENERAL,JUSTICE OF THE SUPREME COURT,NONPARTISAN,ANN W. BRADLEY,210,210
2005,APRIL,BROWN,GREEN BAY CITY WARD 34,SPRING GENERAL,JUSTICE OF THE SUPREME COURT,NONPARTISAN,SCATTERING,210,0
2005,APRIL,BROWN,GREEN BAY CITY WARD 35,SPRING GENERAL,JUSTICE OF THE SUPREME COURT,NONPARTISAN,ANN W. BRADLEY,147,147
2005,APRIL,BROWN,GREEN BAY CITY WARD 35,SPRING GENERAL,JUSTICE OF THE SUPREME COURT,NONPARTISAN,SCATTERING,147,0
2005,APRIL,BROWN,GREEN BAY CITY WARD 36,SPRING GENERAL,JUSTICE OF THE SUPREME COURT,NONPARTISAN,ANN W. BRADLEY,107,106
2005,APRIL,BROWN,GREEN BAY CITY WARD 36,SPRING GENERAL,JUSTICE OF THE SUPREME COURT,NONPARTISAN,SCATTERING,107,1
2005,APRIL,BROWN,GREEN BAY CITY WARD 37,SPRING GENERAL,JUSTICE OF THE SUPREME COURT,NONPARTISAN,ANN W. BRADLEY,130,129
2005,APRIL,BROWN,GREEN BAY CITY WARD 37,SPRING GENERAL,JUSTICE OF THE SUPREME COURT,NONPARTISAN,SCATTERING,130,1
2005,APRIL,BROWN,GREEN BAY CITY WARD 38,SPRING GENERAL,JUSTICE OF THE SUPREME COURT,NONPARTISAN,ANN W. BRADLEY,248,247
2005,APRIL,BROWN,GREEN BAY CITY WARD 38,SPRING GENERAL,JUSTICE OF THE SUPREME COURT,NONPARTISAN,SCATTERING,248,1
2005,APRIL,BROWN,GREEN BAY CITY WARD 39,SPRING GENERAL,JUSTICE OF THE SUPREME COURT,NONPARTISAN,ANN W. BRADLEY,162,162
2005,APRIL,BROWN,GREEN BAY CITY WARD 39,SPRING GENERAL,JUSTICE OF THE SUPREME COURT,NONPARTISAN,SCATTERING,162,0
2005,APRIL,BROWN,GREEN BAY CITY WARD 40,SPRING GENERAL,JUSTICE OF THE SUPREME COURT,NONPARTISAN,ANN W. BRADLEY,144,143
2005,APRIL,BROWN,GREEN BAY CITY WARD 40,SPRING GENERAL,JUSTICE OF THE SUPREME COURT,NONPARTISAN,SCATTERING,144,1
2005,APRIL,BROWN,GREEN BAY CITY WARD 41,SPRING GENERAL,JUSTICE OF THE SUPREME COURT,NONPARTISAN,ANN W. BRADLEY,186,185
2005,APRIL,BROWN,GREEN BAY CITY WARD 41,SPRING GENERAL,JUSTICE OF THE SUPREME COURT,NONPARTISAN,SCATTERING,186,1
2005,APRIL,BROWN,GREEN BAY CITY WARD 42,SPRING GENERAL,JUSTICE OF THE SUPREME COURT,NONPARTISAN,ANN W. BRADLEY,301,300
2005,APRIL,BROWN,GREEN BAY CITY WARD 42,SPRING GENERAL,JUSTICE OF THE SUPREME COURT,NONPARTISAN,SCATTERING,301,1
2005,APRIL,BROWN,GREEN BAY CITY WARD 43,SPRING GENERAL,JUSTICE OF THE SUPREME COURT,NONPARTISAN,ANN W. BRADLEY,319,317
2005,APRIL,BROWN,GREEN BAY CITY WARD 43,SPRING GENERAL,JUSTICE OF THE SUPREME COURT,NONPARTISAN,SCATTERING,319,2
2005,APRIL,BROWN,GREEN BAY CITY WARD 44,SPRING GENERAL,JUSTICE OF THE SUPREME COURT,NONPARTISAN,ANN W. BRADLEY,166,166
2005,APRIL,BROWN,GREEN BAY CITY WARD 44,SPRING GENERAL,JUSTICE OF THE SUPREME COURT,NONPARTISAN,SCATTERING,166,0
2005,APRIL,BROWN,GREEN BAY CITY WARD 45,SPRING GENERAL,JUSTICE OF THE SUPREME COURT,NONPARTISAN,ANN W. BRADLEY,230,228
2005,APRIL,BROWN,GREEN BAY CITY WARD 45,SPRING GENERAL,JUSTICE OF THE SUPREME COURT,NONPARTISAN,SCATTERING,230,2
2005,APRIL,BROWN,GREEN BAY CITY WARD 46,SPRING GENERAL,JUSTICE OF THE SUPREME COURT,NONPARTISAN,ANN W. BRADLEY,188,188
2005,APRIL,BROWN,GREEN BAY CITY WARD 46,SPRING GENERAL,JUSTICE OF THE SUPREME COURT,NONPARTISAN,SCATTERING,188,0
2005,APRIL,BROWN,GREEN BAY CITY WARD 47,SPRING GENERAL,JUSTICE OF THE SUPREME COURT,NONPARTISAN,ANN W. BRADLEY,70,69
2005,APRIL,BROWN,GREEN BAY CITY WARD 47,SPRING GENERAL,JUSTICE OF THE SUPREME COURT,NONPARTISAN,SCATTERING,70,1
2005,APRIL,BROWN,GREEN BAY CITY WARD 48,SPRING GENERAL,JUSTICE OF THE SUPREME COURT,NONPARTISAN,ANN W. BRADLEY,163,160
2005,APRIL,BROWN,GREEN BAY CITY WARD 48,SPRING GENERAL,JUSTICE OF THE SUPREME COURT,NONPARTISAN,SCATTERING,163,3
2005,APRIL,BROWN,GREEN BAY CITY WARD 49,SPRING GENERAL,JUSTICE OF THE SUPREME COURT,NONPARTISAN,ANN W. BRADLEY,148,148
2005,APRIL,BROWN,GREEN BAY CITY WARD 49,SPRING GENERAL,JUSTICE OF THE SUPREME COURT,NONPARTISAN,SCATTERING,148,0
2005,APRIL,BROWN,GREEN BAY CITY WARD 50,SPRING GENERAL,JUSTICE OF THE SUPREME COURT,NONPARTISAN,ANN W. BRADLEY,4,4
2005,APRIL,BROWN,GREEN BAY CITY WARD 50,SPRING GENERAL,JUSTICE OF THE SUPREME COURT,NONPARTISAN,SCATTERING,4,0
2005,APRIL,BUFFALO,ALMA TOWN WARD 1,SPRING GENERAL,JUSTICE OF THE SUPREME COURT,NONPARTISAN,ANN W. BRADLEY,32,32
2005,APRIL,BUFFALO,ALMA TOWN WARD 1,SPRING GENERAL,JUSTICE OF THE SUPREME COURT,NONPARTISAN,SCATTERING,32,0
2005,APRIL,BUFFALO,BELVIDERE TOWN WARD 1,SPRING GENERAL,JUSTICE OF THE SUPREME COURT,NONPARTISAN,ANN W. BRADLEY,37,37
2005,APRIL,BUFFALO,BELVIDERE TOWN WARD 1,SPRING GENERAL,JUSTICE OF THE SUPREME COURT,NONPARTISAN,SCATTERING,37,0
2005,APRIL,BUFFALO,BUFFALO TOWN WARD 1,SPRING GENERAL,JUSTICE OF THE SUPREME COURT,NONPARTISAN,ANN W. BRADLEY,54,54
2005,APRIL,BUFFALO,BUFFALO TOWN WARD 1,SPRING GENERAL,JUSTICE OF THE SUPREME COURT,NONPARTISAN,SCATTERING,54,0
2005,APRIL,BUFFALO,CANTON TOWN WARD 1,SPRING GENERAL,JUSTICE OF THE SUPREME COURT,NONPARTISAN,ANN W. BRADLEY,19,19
2005,APRIL,BUFFALO,CANTON TOWN WARD 1,SPRING GENERAL,JUSTICE OF THE SUPREME COURT,NONPARTISAN,SCATTERING,19,0
2005,APRIL,BUFFALO,CROSS TOWN WARD 1,SPRING GENERAL,JUSTICE OF THE SUPREME COURT,NONPARTISAN,ANN W. BRADLEY,31,31
2005,APRIL,BUFFALO,CROSS TOWN WARD 1,SPRING GENERAL,JUSTICE OF THE SUPREME COURT,NONPARTISAN,SCATTERING,31,0
2005,APRIL,BUFFALO,DOVER TOWN WARD 1,SPRING GENERAL,JUSTICE OF THE SUPREME COURT,NONPARTISAN,ANN W. BRADLEY,43,43
2005,APRIL,BUFFALO,DOVER TOWN WARD 1,SPRING GENERAL,JUSTICE OF THE SUPREME COURT,NONPARTISAN,SCATTERING,43,0
2005,APRIL,BUFFALO,GILMANTON TOWN WARD 1,SPRING GENERAL,JUSTICE OF THE SUPREME COURT,NONPARTISAN,ANN W. BRADLEY,25,25
2005,APRIL,BUFFALO,GILMANTON TOWN WARD 1,SPRING GENERAL,JUSTICE OF THE SUPREME COURT,NONPARTISAN,SCATTERING,25,0
2005,APRIL,BUFFALO,GLENCOE TOWN WARD 1,SPRING GENERAL,JUSTICE OF THE SUPREME COURT,NONPARTISAN,ANN W. BRADLEY,39,39
2005,APRIL,BUFFALO,GLENCOE TOWN WARD 1,SPRING GENERAL,JUSTICE OF THE SUPREME COURT,NONPARTISAN,SCATTERING,39,0
2005,APRIL,BUFFALO,LINCOLN TOWN WARD 1,SPRING GENERAL,JUSTICE OF THE SUPREME COURT,NONPARTISAN,ANN W. BRADLEY,18,18
2005,APRIL,BUFFALO,LINCOLN TOWN WARD 1,SPRING GENERAL,JUSTICE OF THE SUPREME COURT,NONPARTISAN,SCATTERING,18,0
2005,APRIL,BUFFALO,MAXVILLE TOWN WARD 1,SPRING GENERAL,JUSTICE OF THE SUPREME COURT,NONPARTISAN,ANN W. BRADLEY,50,50
2005,APRIL,BUFFALO,MAXVILLE TOWN WARD 1,SPRING GENERAL,JUSTICE OF THE SUPREME COURT,NONPARTISAN,SCATTERING,50,0
2005,APRIL,BUFFALO,MILTON TOWN WARD 1,SPRING GENERAL,JUSTICE OF THE SUPREME COURT,NONPARTISAN,ANN W. BRADLEY,31,31
2005,APRIL,BUFFALO,MILTON TOWN WARD 1,SPRING GENERAL,JUSTICE OF THE SUPREME COURT,NONPARTISAN,SCATTERING,31,0
2005,APRIL,BUFFALO,MODENA TOWN WARD 1,SPRING GENERAL,JUSTICE OF THE SUPREME COURT,NONPARTISAN,ANN W. BRADLEY,20,20
2005,APRIL,BUFFALO,MODENA TOWN WARD 1,SPRING GENERAL,JUSTICE OF THE SUPREME COURT,NONPARTISAN,SCATTERING,20,0
2005,APRIL,BUFFALO,MONDOVI TOWN WARDS 1 & 2,SPRING GENERAL,JUSTICE OF THE SUPREME COURT,NONPARTISAN,ANN W. BRADLEY,32,32
2005,APRIL,BUFFALO,MONDOVI TOWN WARDS 1 & 2,SPRING GENERAL,JUSTICE OF THE SUPREME COURT,NONPARTISAN,SCATTERING,32,0
2005,APRIL,BUFFALO,MONTANA TOWN WARD 1,SPRING GENERAL,JUSTICE OF THE SUPREME COURT,NONPARTISAN,ANN W. BRADLEY,47,47
2005,APRIL,BUFFALO,MONTANA TOWN WARD 1,SPRING GENERAL,JUSTICE OF THE SUPREME COURT,NONPARTISAN,SCATTERING,47,0
2005,APRIL,BUFFALO,NAPLES TOWN WARD 1,SPRING GENERAL,JUSTICE OF THE SUPREME COURT,NONPARTISAN,ANN W. BRADLEY,73,73
2005,APRIL,BUFFALO,NAPLES TOWN WARD 1,SPRING GENERAL,JUSTICE OF THE SUPREME COURT,NONPARTISAN,SCATTERING,73,0
2005,APRIL,BUFFALO,NELSON TOWN WARD 1,SPRING GENERAL,JUSTICE OF THE SUPREME COURT,NONPARTISAN,ANN W. BRADLEY,21,21
2005,APRIL,BUFFALO,NELSON TOWN WARD 1,SPRING GENERAL,JUSTICE OF THE SUPREME COURT,NONPARTISAN,SCATTERING,21,0
2005,APRIL,BUFFALO,WAUMANDEE TOWN WARD 1,SPRING GENERAL,JUSTICE OF THE SUPREME COURT,NONPARTISAN,ANN W. BRADLEY,35,35
2005,APRIL,BUFFALO,WAUMANDEE TOWN WARD 1,SPRING GENERAL,JUSTICE OF THE SUPREME COURT,NONPARTISAN,SCATTERING,35,0
2005,APRIL,BUFFALO,COCHRANE VILLAGE WARD 1,SPRING GENERAL,JUSTICE OF THE SUPREME COURT,NONPARTISAN,ANN W. BRADLEY,60,60
2005,APRIL,BUFFALO,COCHRANE VILLAGE WARD 1,SPRING GENERAL,JUSTICE OF THE SUPREME COURT,NONPARTISAN,SCATTERING,60,0
2005,APRIL,BUFFALO,NELSON VILLAGE WARD 1,SPRING GENERAL,JUSTICE OF THE SUPREME COURT,NONPARTISAN,ANN W. BRADLEY,23,23
2005,APRIL,BUFFALO,NELSON VILLAGE WARD 1,SPRING GENERAL,JUSTICE OF THE SUPREME COURT,NONPARTISAN,SCATTERING,23,0
2005,APRIL,BUFFALO,ALMA CITY WARDS 1 & 2,SPRING GENERAL,JUSTICE OF THE SUPREME COURT,NONPARTISAN,ANN W. BRADLEY,78,78
2005,APRIL,BUFFALO,ALMA CITY WARDS 1 & 2,SPRING GENERAL,JUSTICE OF THE SUPREME COURT,NONPARTISAN,SCATTERING,78,0
2005,APRIL,BUFFALO,BUFFALO CITY WARD 1,SPRING GENERAL,JUSTICE OF THE SUPREME COURT,NONPARTISAN,ANN W. BRADLEY,144,144
2005,APRIL,BUFFALO,BUFFALO CITY WARD 1,SPRING GENERAL,JUSTICE OF THE SUPREME COURT,NONPARTISAN,SCATTERING,144,0
2005,APRIL,BUFFALO,FOUNTAIN CITY CITY WARDS 1 & 2,SPRING GENERAL,JUSTICE OF THE SUPREME COURT,NONPARTISAN,ANN W. BRADLEY,93,93
2005,APRIL,BUFFALO,FOUNTAIN CITY CITY WARDS 1 & 2,SPRING GENERAL,JUSTICE OF THE SUPREME COURT,NONPARTISAN,SCATTERING,93,0
2005,APRIL,BUFFALO,MONDOVI CITY WARDS 1 - 3,SPRING GENERAL,JUSTICE OF THE SUPREME COURT,NONPARTISAN,ANN W. BRADLEY,159,159
2005,APRIL,BUFFALO,MONDOVI CITY WARDS 1 - 3,SPRING GENERAL,JUSTICE OF THE SUPREME COURT,NONPARTISAN,SCATTERING,159,0
2005,APRIL,BURNETT,ANDERSON TOWN WARD 1,SPRING GENERAL,JUSTICE OF THE SUPREME COURT,NONPARTISAN,ANN W. BRADLEY,53,53
2005,APRIL,BURNETT,ANDERSON TOWN WARD 1,SPRING GENERAL,JUSTICE OF THE SUPREME COURT,NONPARTISAN,SCATTERING,53,0
2005,APRIL,BURNETT,BLAINE TOWN WARD 1,SPRING GENERAL,JUSTICE OF THE SUPREME COURT,NONPARTISAN,ANN W. BRADLEY,55,55
2005,APRIL,BURNETT,BLAINE TOWN WARD 1,SPRING GENERAL,JUSTICE OF THE SUPREME COURT,NONPARTISAN,SCATTERING,55,0
2005,APRIL,BURNETT,DANIELS TOWN WARD 1,SPRING GENERAL,JUSTICE OF THE SUPREME COURT,NONPARTISAN,ANN W. BRADLEY,104,104
2005,APRIL,BURNETT,DANIELS TOWN WARD 1,SPRING GENERAL,JUSTICE OF THE SUPREME COURT,NONPARTISAN,SCATTERING,104,0
2005,APRIL,BURNETT,DEWEY TOWN WARD 1,SPRING GENERAL,JUSTICE OF THE SUPREME COURT,NONPARTISAN,ANN W. BRADLEY,58,58
2005,APRIL,BURNETT,DEWEY TOWN WARD 1,SPRING GENERAL,JUSTICE OF THE SUPREME COURT,NONPARTISAN,SCATTERING,58,0
2005,APRIL,BURNETT,GRANTSBURG TOWN WARDS 1 - 3,SPRING GENERAL,JUSTICE OF THE SUPREME COURT,NONPARTISAN,ANN W. BRADLEY,160,159
2005,APRIL,BURNETT,GRANTSBURG TOWN WARDS 1 - 3,SPRING GENERAL,JUSTICE OF THE SUPREME COURT,NONPARTISAN,SCATTERING,160,1
2005,APRIL,BURNETT,JACKSON TOWN WARD 1,SPRING GENERAL,JUSTICE OF THE SUPREME COURT,NONPARTISAN,ANN W. BRADLEY,191,191
2005,APRIL,BURNETT,JACKSON TOWN WARD 1,SPRING GENERAL,JUSTICE OF THE SUPREME COURT,NONPARTISAN,SCATTERING,191,0
2005,APRIL,BURNETT,LA FOLLETTE TOWN WARDS 1 & 2,SPRING GENERAL,JUSTICE OF THE SUPREME COURT,NONPARTISAN,ANN W. BRADLEY,75,75
2005,APRIL,BURNETT,LA FOLLETTE TOWN WARDS 1 & 2,SPRING GENERAL,JUSTICE OF THE SUPREME COURT,NONPARTISAN,SCATTERING,75,0
2005,APRIL,BURNETT,LINCOLN TOWN WARD 1,SPRING GENERAL,JUSTICE OF THE SUPREME COURT,NONPARTISAN,ANN W. BRADLEY,36,36
2005,APRIL,BURNETT,LINCOLN TOWN WARD 1,SPRING GENERAL,JUSTICE OF THE SUPREME COURT,NONPARTISAN,SCATTERING,36,0
2005,APRIL,BURNETT,MEENON TOWN WARDS 1 - 3,SPRING GENERAL,JUSTICE OF THE SUPREME COURT,NONPARTISAN,ANN W. BRADLEY,57,57
2005,APRIL,BURNETT,MEENON TOWN WARDS 1 - 3,SPRING GENERAL,JUSTICE OF THE SUPREME COURT,NONPARTISAN,SCATTERING,57,0
2005,APRIL,BURNETT,OAKLAND TOWN WARDS 1 & 2,SPRING GENERAL,JUSTICE OF THE SUPREME COURT,NONPARTISAN,ANN W. BRADLEY,68,68
2005,APRIL,BURNETT,OAKLAND TOWN WARDS 1 & 2,SPRING GENERAL,JUSTICE OF THE SUPREME COURT,NONPARTISAN,SCATTERING,68,0
2005,APRIL,BURNETT,ROOSEVELT TOWN WARD 1,SPRING GENERAL,JUSTICE OF THE SUPREME COURT,NONPARTISAN,ANN W. BRADLEY,22,22
2005,APRIL,BURNETT,ROOSEVELT TOWN WARD 1,SPRING GENERAL,JUSTICE OF THE SUPREME COURT,NONPARTISAN,SCATTERING,22,0
2005,APRIL,BURNETT,RUSK TOWN WARDS 1 & 2,SPRING GENERAL,JUSTICE OF THE SUPREME COURT,NONPARTISAN,ANN W. BRADLEY,49,49
2005,APRIL,BURNETT,RUSK TOWN WARDS 1 & 2,SPRING GENERAL,JUSTICE OF THE SUPREME COURT,NONPARTISAN,SCATTERING,49,0
2005,APRIL,BURNETT,SAND LAKE TOWN WARD 1,SPRING GENERAL,JUSTICE OF THE SUPREME COURT,NONPARTISAN,ANN W. BRADLEY,51,51
2005,APRIL,BURNETT,SAND LAKE TOWN WARD 1,SPRING GENERAL,JUSTICE OF THE SUPREME COURT,NONPARTISAN,SCATTERING,51,0
2005,APRIL,BURNETT,SCOTT TOWN WARDS 1 & 2,SPRING GENERAL,JUSTICE OF THE SUPREME COURT,NONPARTISAN,ANN W. BRADLEY,163,163
2005,APRIL,BURNETT,SCOTT TOWN WARDS 1 & 2,SPRING GENERAL,JUSTICE OF THE SUPREME COURT,NONPARTISAN,SCATTERING,163,0
2005,APRIL,BURNETT,SIREN TOWN WARDS 1 - 3,SPRING GENERAL,JUSTICE OF THE SUPREME COURT,NONPARTISAN,ANN W. BRADLEY,98,98
2005,APRIL,BURNETT,SIREN TOWN WARDS 1 - 3,SPRING GENERAL,JUSTICE OF THE SUPREME COURT,NONPARTISAN,SCATTERING,98,0
2005,APRIL,BURNETT,SWISS TOWN WARDS 1 & 2,SPRING GENERAL,JUSTICE OF THE SUPREME COURT,NONPARTISAN,ANN W. BRADLEY,115,115
2005,APRIL,BURNETT,SWISS TOWN WARDS 1 & 2,SPRING GENERAL,JUSTICE OF THE SUPREME COURT,NONPARTISAN,SCATTERING,115,0
2005,APRIL,BURNETT,TRADE LAKE TOWN WARDS 1 & 2,SPRING GENERAL,JUSTICE OF THE SUPREME COURT,NONPARTISAN,ANN W. BRADLEY,147,147
2005,APRIL,BURNETT,TRADE LAKE TOWN WARDS 1 & 2,SPRING GENERAL,JUSTICE OF THE SUPREME COURT,NONPARTISAN,SCATTERING,147,0
2005,APRIL,BURNETT,UNION TOWN WARD 1,SPRING GENERAL,JUSTICE OF THE SUPREME COURT,NONPARTISAN,ANN W. BRADLEY,30,30
2005,APRIL,BURNETT,UNION TOWN WARD 1,SPRING GENERAL,JUSTICE OF THE SUPREME COURT,NONPARTISAN,SCATTERING,30,0
2005,APRIL,BURNETT,WEBB LAKE TOWN WARD 1,SPRING GENERAL,JUSTICE OF THE SUPREME COURT,NONPARTISAN,ANN W. BRADLEY,116,116
2005,APRIL,BURNETT,WEBB LAKE TOWN WARD 1,SPRING GENERAL,JUSTICE OF THE SUPREME COURT,NONPARTISAN,SCATTERING,116,0
2005,APRIL,BURNETT,WEST MARSHLAND TOWN WARDS 1 & 2,SPRING GENERAL,JUSTICE OF THE SUPREME COURT,NONPARTISAN,ANN W. BRADLEY,56,56
2005,APRIL,BURNETT,WEST MARSHLAND TOWN WARDS 1 & 2,SPRING GENERAL,JUSTICE OF THE SUPREME COURT,NONPARTISAN,SCATTERING,56,0
2005,APRIL,BURNETT,WOOD RIVER TOWN WARDS 1 & 2,SPRING GENERAL,JUSTICE OF THE SUPREME COURT,NONPARTISAN,ANN W. BRADLEY,197,197
2005,APRIL,BURNETT,WOOD RIVER TOWN WARDS 1 & 2,SPRING GENERAL,JUSTICE OF THE SUPREME COURT,NONPARTISAN,SCATTERING,197,0
2005,APRIL,BURNETT,GRANTSBURG VILLAGE WARDS 1 & 2,SPRING GENERAL,JUSTICE OF THE SUPREME COURT,NONPARTISAN,ANN W. BRADLEY,266,265
2005,APRIL,BURNETT,GRANTSBURG VILLAGE WARDS 1 & 2,SPRING GENERAL,JUSTICE OF THE SUPREME COURT,NONPARTISAN,SCATTERING,266,1
2005,APRIL,BURNETT,SIREN VILLAGE WARDS 1 & 2,SPRING GENERAL,JUSTICE OF THE SUPREME COURT,NONPARTISAN,ANN W. BRADLEY,71,71
2005,APRIL,BURNETT,SIREN VILLAGE WARDS 1 & 2,SPRING GENERAL,JUSTICE OF THE SUPREME COURT,NONPARTISAN,SCATTERING,71,0
2005,APRIL,BURNETT,WEBSTER VILLAGE WARD 1,SPRING GENERAL,JUSTICE OF THE SUPREME COURT,NONPARTISAN,ANN W. BRADLEY,117,117
2005,APRIL,BURNETT,WEBSTER VILLAGE WARD 1,SPRING GENERAL,JUSTICE OF THE SUPREME COURT,NONPARTISAN,SCATTERING,117,0
2005,APRIL,CALUMET,BRILLION TOWN WARDS 1 & 2,SPRING GENERAL,JUSTICE OF THE SUPREME COURT,NONPARTISAN,ANN W. BRADLEY,95,95
2005,APRIL,CALUMET,BRILLION TOWN WARDS 1 & 2,SPRING GENERAL,JUSTICE OF THE SUPREME COURT,NONPARTISAN,SCATTERING,95,0
2005,APRIL,CALUMET,BROTHERTOWN TOWN WARDS 1 & 2,SPRING GENERAL,JUSTICE OF THE SUPREME COURT,NONPARTISAN,ANN W. BRADLEY,67,67
2005,APRIL,CALUMET,BROTHERTOWN TOWN WARDS 1 & 2,SPRING GENERAL,JUSTICE OF THE SUPREME COURT,NONPARTISAN,SCATTERING,67,0
2005,APRIL,CALUMET,CHARLESTOWN TOWN WARDS 1 & 2,SPRING GENERAL,JUSTICE OF THE SUPREME COURT,NONPARTISAN,ANN W. BRADLEY,68,68
2005,APRIL,CALUMET,CHARLESTOWN TOWN WARDS 1 & 2,SPRING GENERAL,JUSTICE OF THE SUPREME COURT,NONPARTISAN,SCATTERING,68,0
2005,APRIL,CALUMET,CHILTON TOWN WARDS 1 & 2,SPRING GENERAL,JUSTICE OF THE SUPREME COURT,NONPARTISAN,ANN W. BRADLEY,114,114
2005,APRIL,CALUMET,CHILTON TOWN WARDS 1 & 2,SPRING GENERAL,JUSTICE OF THE SUPREME COURT,NONPARTISAN,SCATTERING,114,0
2005,APRIL,CALUMET,HARRISON TOWN WARDS 1 - 9,SPRING GENERAL,JUSTICE OF THE SUPREME COURT,NONPARTISAN,ANN W. BRADLEY,491,490
2005,APRIL,CALUMET,HARRISON TOWN WARDS 1 - 9,SPRING GENERAL,JUSTICE OF THE SUPREME COURT,NONPARTISAN,SCATTERING,491,1
2005,APRIL,CALUMET,NEW HOLSTEIN TOWN WARDS 1 & 2,SPRING GENERAL,JUSTICE OF THE SUPREME COURT,NONPARTISAN,ANN W. BRADLEY,78,78
2005,APRIL,CALUMET,NEW HOLSTEIN TOWN WARDS 1 & 2,SPRING GENERAL,JUSTICE OF THE SUPREME COURT,NONPARTISAN,SCATTERING,78,0
2005,APRIL,CALUMET,NEW HOLSTEIN TOWN WARD 3,SPRING GENERAL,JUSTICE OF THE SUPREME COURT,NONPARTISAN,ANN W. BRADLEY,15,15
2005,APRIL,CALUMET,NEW HOLSTEIN TOWN WARD 3,SPRING GENERAL,JUSTICE OF THE SUPREME COURT,NONPARTISAN,SCATTERING,15,0
2005,APRIL,CALUMET,RANTOUL TOWN WARDS 1 & 2,SPRING GENERAL,JUSTICE OF THE SUPREME COURT,NONPARTISAN,ANN W. BRADLEY,109,109
2005,APRIL,CALUMET,RANTOUL TOWN WARDS 1 & 2,SPRING GENERAL,JUSTICE OF THE SUPREME COURT,NONPARTISAN,SCATTERING,109,0
2005,APRIL,CALUMET,STOCKBRIDGE TOWN WARDS 1 - 3,SPRING GENERAL,JUSTICE OF THE SUPREME COURT,NONPARTISAN,ANN W. BRADLEY,113,113
2005,APRIL,CALUMET,STOCKBRIDGE TOWN WARDS 1 - 3,SPRING GENERAL,JUSTICE OF THE SUPREME COURT,NONPARTISAN,SCATTERING,113,0
2005,APRIL,CALUMET,WOODVILLE TOWN WARDS 1 & 2,SPRING GENERAL,JUSTICE OF THE SUPREME COURT,NONPARTISAN,ANN W. BRADLEY,219,219
2005,APRIL,CALUMET,WOODVILLE TOWN WARDS 1 & 2,SPRING GENERAL,JUSTICE OF THE SUPREME COURT,NONPARTISAN,SCATTERING,219,0
2005,APRIL,CALUMET,HILBERT VILLAGE WARDS 1 & 2,SPRING GENERAL,JUSTICE OF THE SUPREME COURT,NONPARTISAN,ANN W. BRADLEY,306,306
2005,APRIL,CALUMET,HILBERT VILLAGE WARDS 1 & 2,SPRING GENERAL,JUSTICE OF THE SUPREME COURT,NONPARTISAN,SCATTERING,306,0
2005,APRIL,CALUMET,POTTER VILLAGE WARD 1,SPRING GENERAL,JUSTICE OF THE SUPREME COURT,NONPARTISAN,ANN W. BRADLEY,78,78
2005,APRIL,CALUMET,POTTER VILLAGE WARD 1,SPRING GENERAL,JUSTICE OF THE SUPREME COURT,NONPARTISAN,SCATTERING,78,0
2005,APRIL,CALUMET,SHERWOOD VILLAGE WARDS 1 - 8,SPRING GENERAL,JUSTICE OF THE SUPREME COURT,NONPARTISAN,ANN W. BRADLEY,234,234
2005,APRIL,CALUMET,SHERWOOD VILLAGE WARDS 1 - 8,SPRING GENERAL,JUSTICE OF THE SUPREME COURT,NONPARTISAN,SCATTERING,234,0
2005,APRIL,CALUMET,STOCKBRIDGE VILLAGE WARD 1,SPRING GENERAL,JUSTICE OF THE SUPREME COURT,NONPARTISAN,ANN W. BRADLEY,99,99
2005,APRIL,CALUMET,STOCKBRIDGE VILLAGE WARD 1,SPRING GENERAL,JUSTICE OF THE SUPREME COURT,NONPARTISAN,SCATTERING,99,0
2005,APRIL,CALUMET,APPLETON CITY WARD 12,SPRING GENERAL,JUSTICE OF THE SUPREME COURT,NONPARTISAN,ANN W. BRADLEY,36,36
2005,APRIL,CALUMET,APPLETON CITY WARD 12,SPRING GENERAL,JUSTICE OF THE SUPREME COURT,NONPARTISAN,SCATTERING,36,0
2005,APRIL,CALUMET,APPLETON CITY WARD 13,SPRING GENERAL,JUSTICE OF THE SUPREME COURT,NONPARTISAN,ANN W. BRADLEY,168,167
2005,APRIL,CALUMET,APPLETON CITY WARD 13,SPRING GENERAL,JUSTICE OF THE SUPREME COURT,NONPARTISAN,SCATTERING,168,1
2005,APRIL,CALUMET,APPLETON CITY WARD 14,SPRING GENERAL,JUSTICE OF THE SUPREME COURT,NONPARTISAN,ANN W. BRADLEY,185,184
2005,APRIL,CALUMET,APPLETON CITY WARD 14,SPRING GENERAL,JUSTICE OF THE SUPREME COURT,NONPARTISAN,SCATTERING,185,1
2005,APRIL,CALUMET,APPLETON CITY WARD 40,SPRING GENERAL,JUSTICE OF THE SUPREME COURT,NONPARTISAN,ANN W. BRADLEY,289,289
2005,APRIL,CALUMET,APPLETON CITY WARD 40,SPRING GENERAL,JUSTICE OF THE SUPREME COURT,NONPARTISAN,SCATTERING,289,0
2005,APRIL,CALUMET,APPLETON CITY WARD 42,SPRING GENERAL,JUSTICE OF THE SUPREME COURT,NONPARTISAN,ANN W. BRADLEY,346,346
2005,APRIL,CALUMET,APPLETON CITY WARD 42,SPRING GENERAL,JUSTICE OF THE SUPREME COURT,NONPARTISAN,SCATTERING,346,0
2005,APRIL,CALUMET,APPLETON CITY WARD 43,SPRING GENERAL,JUSTICE OF THE SUPREME COURT,NONPARTISAN,ANN W. BRADLEY,338,338
2005,APRIL,CALUMET,APPLETON CITY WARD 43,SPRING GENERAL,JUSTICE OF THE SUPREME COURT,NONPARTISAN,SCATTERING,338,0
2005,APRIL,CALUMET,APPLETON CITY WARD 44,SPRING GENERAL,JUSTICE OF THE SUPREME COURT,NONPARTISAN,ANN W. BRADLEY,231,231
2005,APRIL,CALUMET,APPLETON CITY WARD 44,SPRING GENERAL,JUSTICE OF THE SUPREME COURT,NONPARTISAN,SCATTERING,231,0
2005,APRIL,CALUMET,APPLETON CITY WARD 45,SPRING GENERAL,JUSTICE OF THE SUPREME COURT,NONPARTISAN,ANN W. BRADLEY,85,85
2005,APRIL,CALUMET,APPLETON CITY WARD 45,SPRING GENERAL,JUSTICE OF THE SUPREME COURT,NONPARTISAN,SCATTERING,85,0
2005,APRIL,CALUMET,APPLETON CITY WARD 46,SPRING GENERAL,JUSTICE OF THE SUPREME COURT,NONPARTISAN,ANN W. BRADLEY,15,15
2005,APRIL,CALUMET,APPLETON CITY WARD 46,SPRING GENERAL,JUSTICE OF THE SUPREME COURT,NONPARTISAN,SCATTERING,15,0
2005,APRIL,CALUMET,APPLETON CITY WARD 47,SPRING GENERAL,JUSTICE OF THE SUPREME COURT,NONPARTISAN,ANN W. BRADLEY,3,3
2005,APRIL,CALUMET,APPLETON CITY WARD 47,SPRING GENERAL,JUSTICE OF THE SUPREME COURT,NONPARTISAN,SCATTERING,3,0
2005,APRIL,CALUMET,APPLETON CITY WARD 48,SPRING GENERAL,JUSTICE OF THE SUPREME COURT,NONPARTISAN,ANN W. BRADLEY,0,0
2005,APRIL,CALUMET,APPLETON CITY WARD 48,SPRING GENERAL,JUSTICE OF THE SUPREME COURT,NONPARTISAN,SCATTERING,0,0
2005,APRIL,CALUMET,BRILLION CITY WARDS 1 - 4,SPRING GENERAL,JUSTICE OF THE SUPREME COURT,NONPARTISAN,ANN W. BRADLEY,212,212
2005,APRIL,CALUMET,BRILLION CITY WARDS 1 - 4,SPRING GENERAL,JUSTICE OF THE SUPREME COURT,NONPARTISAN,SCATTERING,212,0
2005,APRIL,CALUMET,CHILTON CITY WARDS 1 & 2,SPRING GENERAL,JUSTICE OF THE SUPREME COURT,NONPARTISAN,ANN W. BRADLEY,106,106
2005,APRIL,CALUMET,CHILTON CITY WARDS 1 & 2,SPRING GENERAL,JUSTICE OF THE SUPREME COURT,NONPARTISAN,SCATTERING,106,0
2005,APRIL,CALUMET,CHILTON CITY WARDS 3 & 4,SPRING GENERAL,JUSTICE OF THE SUPREME COURT,NONPARTISAN,ANN W. BRADLEY,91,91
2005,APRIL,CALUMET,CHILTON CITY WARDS 3 & 4,SPRING GENERAL,JUSTICE OF THE SUPREME COURT,NONPARTISAN,SCATTERING,91,0
2005,APRIL,CALUMET,KIEL CITY WARDS 7 & 8,SPRING GENERAL,JUSTICE OF THE SUPREME COURT,NONPARTISAN,ANN W. BRADLEY,10,10
2005,APRIL,CALUMET,KIEL CITY WARDS 7 & 8,SPRING GENERAL,JUSTICE OF THE SUPREME COURT,NONPARTISAN,SCATTERING,10,0
2005,APRIL,CALUMET,MENASHA CITY WARDS 11 & 15,SPRING GENERAL,JUSTICE OF THE SUPREME COURT,NONPARTISAN,ANN W. BRADLEY,60,59
2005,APRIL,CALUMET,MENASHA CITY WARDS 11 & 15,SPRING GENERAL,JUSTICE OF THE SUPREME COURT,NONPARTISAN,SCATTERING,60,1
2005,APRIL,CALUMET,NEW HOLSTEIN CITY WARDS 1 - 5,SPRING GENERAL,JUSTICE OF THE SUPREME COURT,NONPARTISAN,ANN W. BRADLEY,218,218
2005,APRIL,CALUMET,NEW HOLSTEIN CITY WARDS 1 - 5,SPRING GENERAL,JUSTICE OF THE SUPREME COURT,NONPARTISAN,SCATTERING,218,0
2005,APRIL,CHIPPEWA,ANSON TOWN WARDS 1 - 3,SPRING GENERAL,JUSTICE OF THE SUPREME COURT,NONPARTISAN,ANN W. BRADLEY,163,162
2005,APRIL,CHIPPEWA,ANSON TOWN WARDS 1 - 3,SPRING GENERAL,JUSTICE OF THE SUPREME COURT,NONPARTISAN,SCATTERING,163,1
2005,APRIL,CHIPPEWA,ARTHUR TOWN WARD 1,SPRING GENERAL,JUSTICE OF THE SUPREME COURT,NONPARTISAN,ANN W. BRADLEY,141,141
2005,APRIL,CHIPPEWA,ARTHUR TOWN WARD 1,SPRING GENERAL,JUSTICE OF THE SUPREME COURT,NONPARTISAN,SCATTERING,141,0
2005,APRIL,CHIPPEWA,AUBURN TOWN WARD 1,SPRING GENERAL,JUSTICE OF THE SUPREME COURT,NONPARTISAN,ANN W. BRADLEY,49,49
2005,APRIL,CHIPPEWA,AUBURN TOWN WARD 1,SPRING GENERAL,JUSTICE OF THE SUPREME COURT,NONPARTISAN,SCATTERING,49,0
2005,APRIL,CHIPPEWA,BIRCH CREEK TOWN WARD 1,SPRING GENERAL,JUSTICE OF THE SUPREME COURT,NONPARTISAN,ANN W. BRADLEY,50,50
2005,APRIL,CHIPPEWA,BIRCH CREEK TOWN WARD 1,SPRING GENERAL,JUSTICE OF THE SUPREME COURT,NONPARTISAN,SCATTERING,50,0
2005,APRIL,CHIPPEWA,BLOOMER TOWN WARD 1,SPRING GENERAL,JUSTICE OF THE SUPREME COURT,NONPARTISAN,ANN W. BRADLEY,48,48
2005,APRIL,CHIPPEWA,BLOOMER TOWN WARD 1,SPRING GENERAL,JUSTICE OF THE SUPREME COURT,NONPARTISAN,SCATTERING,48,0
2005,APRIL,CHIPPEWA,CLEVELAND TOWN WARD 1,SPRING GENERAL,JUSTICE OF THE SUPREME COURT,NONPARTISAN,ANN W. BRADLEY,46,46
2005,APRIL,CHIPPEWA,CLEVELAND TOWN WARD 1,SPRING GENERAL,JUSTICE OF THE SUPREME COURT,NONPARTISAN,SCATTERING,46,0
2005,APRIL,CHIPPEWA,COLBURN TOWN WARD 1,SPRING GENERAL,JUSTICE OF THE SUPREME COURT,NONPARTISAN,ANN W. BRADLEY,83,83
2005,APRIL,CHIPPEWA,COLBURN TOWN WARD 1,SPRING GENERAL,JUSTICE OF THE SUPREME COURT,NONPARTISAN,SCATTERING,83,0
2005,APRIL,CHIPPEWA,COOKS VALLEY TOWN WARD 1,SPRING GENERAL,JUSTICE OF THE SUPREME COURT,NONPARTISAN,ANN W. BRADLEY,39,39
2005,APRIL,CHIPPEWA,COOKS VALLEY TOWN WARD 1,SPRING GENERAL,JUSTICE OF THE SUPREME COURT,NONPARTISAN,SCATTERING,39,0
2005,APRIL,CHIPPEWA,DELMAR TOWN WARD 1,SPRING GENERAL,JUSTICE OF THE SUPREME COURT,NONPARTISAN,ANN W. BRADLEY,96,96
2005,APRIL,CHIPPEWA,DELMAR TOWN WARD 1,SPRING GENERAL,JUSTICE OF THE SUPREME COURT,NONPARTISAN,SCATTERING,96,0
2005,APRIL,CHIPPEWA,EAGLE POINT TOWN WARDS 1 - 4,SPRING GENERAL,JUSTICE OF THE SUPREME COURT,NONPARTISAN,ANN W. BRADLEY,475,475
2005,APRIL,CHIPPEWA,EAGLE POINT TOWN WARDS 1 - 4,SPRING GENERAL,JUSTICE OF THE SUPREME COURT,NONPARTISAN,SCATTERING,475,0
2005,APRIL,CHIPPEWA,EDSON TOWN WARD 1,SPRING GENERAL,JUSTICE OF THE SUPREME COURT,NONPARTISAN,ANN W. BRADLEY,128,128
2005,APRIL,CHIPPEWA,EDSON TOWN WARD 1,SPRING GENERAL,JUSTICE OF THE SUPREME COURT,NONPARTISAN,SCATTERING,128,0
2005,APRIL,CHIPPEWA,ESTELLA TOWN WARD 1,SPRING GENERAL,JUSTICE OF THE SUPREME COURT,NONPARTISAN,ANN W. BRADLEY,38,38
2005,APRIL,CHIPPEWA,ESTELLA TOWN WARD 1,SPRING GENERAL,JUSTICE OF THE SUPREME COURT,NONPARTISAN,SCATTERING,38,0
2005,APRIL,CHIPPEWA,GOETZ TOWN WARDS 1 & 2,SPRING GENERAL,JUSTICE OF THE SUPREME COURT,NONPARTISAN,ANN W. BRADLEY,140,140
2005,APRIL,CHIPPEWA,GOETZ TOWN WARDS 1 & 2,SPRING GENERAL,JUSTICE OF THE SUPREME COURT,NONPARTISAN,SCATTERING,140,0
2005,APRIL,CHIPPEWA,HALLIE TOWN WARDS 1 & 2,SPRING GENERAL,JUSTICE OF THE SUPREME COURT,NONPARTISAN,ANN W. BRADLEY,25,25
2005,APRIL,CHIPPEWA,HALLIE TOWN WARDS 1 & 2,SPRING GENERAL,JUSTICE OF THE SUPREME COURT,NONPARTISAN,SCATTERING,25,0
2005,APRIL,CHIPPEWA,HOWARD TOWN WARD 1,SPRING GENERAL,JUSTICE OF THE SUPREME COURT,NONPARTISAN,ANN W. BRADLEY,36,36
2005,APRIL,CHIPPEWA,HOWARD TOWN WARD 1,SPRING GENERAL,JUSTICE OF THE SUPREME COURT,NONPARTISAN,SCATTERING,36,0
2005,APRIL,CHIPPEWA,LAFAYETTE TOWN WARDS 1 - 7,SPRING GENERAL,JUSTICE OF THE SUPREME COURT,NONPARTISAN,ANN W. BRADLEY,227,227
2005,APRIL,CHIPPEWA,LAFAYETTE TOWN WARDS 1 - 7,SPRING GENERAL,JUSTICE OF THE SUPREME COURT,NONPARTISAN,SCATTERING,227,0
2005,APRIL,CHIPPEWA,LAKE HOLCOMBE TOWN WARDS 1 & 2,SPRING GENERAL,JUSTICE OF THE SUPREME COURT,NONPARTISAN,ANN W. BRADLEY,98,98
2005,APRIL,CHIPPEWA,LAKE HOLCOMBE TOWN WARDS 1 & 2,SPRING GENERAL,JUSTICE OF THE SUPREME COURT,NONPARTISAN,SCATTERING,98,0
2005,APRIL,CHIPPEWA,RUBY TOWN WARD 1,SPRING GENERAL,JUSTICE OF THE SUPREME COURT,NONPARTISAN,ANN W. BRADLEY,56,56
2005,APRIL,CHIPPEWA,RUBY TOWN WARD 1,SPRING GENERAL,JUSTICE OF THE SUPREME COURT,NONPARTISAN,SCATTERING,56,0
2005,APRIL,CHIPPEWA,SAMPSON TOWN WARD 1,SPRING GENERAL,JUSTICE OF THE SUPREME COURT,NONPARTISAN,ANN W. BRADLEY,143,143
2005,APRIL,CHIPPEWA,SAMPSON TOWN WARD 1,SPRING GENERAL,JUSTICE OF THE SUPREME COURT,NONPARTISAN,SCATTERING,143,0
2005,APRIL,CHIPPEWA,SIGEL TOWN WARDS 1 & 2,SPRING GENERAL,JUSTICE OF THE SUPREME COURT,NONPARTISAN,ANN W. BRADLEY,45,45
2005,APRIL,CHIPPEWA,SIGEL TOWN WARDS 1 & 2,SPRING GENERAL,JUSTICE OF THE SUPREME COURT,NONPARTISAN,SCATTERING,45,0
2005,APRIL,CHIPPEWA,TILDEN TOWN WARDS 1 - 3,SPRING GENERAL,JUSTICE OF THE SUPREME COURT,NONPARTISAN,ANN W. BRADLEY,45,45
2005,APRIL,CHIPPEWA,TILDEN TOWN WARDS 1 - 3,SPRING GENERAL,JUSTICE OF THE SUPREME COURT,NONPARTISAN,SCATTERING,45,0
2005,APRIL,CHIPPEWA,WHEATON TOWN WARDS 1 - 3,SPRING GENERAL,JUSTICE OF THE SUPREME COURT,NONPARTISAN,ANN W. BRADLEY,473,473
2005,APRIL,CHIPPEWA,WHEATON TOWN WARDS 1 - 3,SPRING GENERAL,JUSTICE OF THE SUPREME COURT,NONPARTISAN,SCATTERING,473,0
2005,APRIL,CHIPPEWA,WOODMOHR TOWN WARDS 1 - 3,SPRING GENERAL,JUSTICE OF THE SUPREME COURT,NONPARTISAN,ANN W. BRADLEY,139,138
2005,APRIL,CHIPPEWA,WOODMOHR TOWN WARDS 1 - 3,SPRING GENERAL,JUSTICE OF THE SUPREME COURT,NONPARTISAN,SCATTERING,139,1
2005,APRIL,CHIPPEWA,BOYD VILLAGE WARD 1,SPRING GENERAL,JUSTICE OF THE SUPREME COURT,NONPARTISAN,ANN W. BRADLEY,80,80
2005,APRIL,CHIPPEWA,BOYD VILLAGE WARD 1,SPRING GENERAL,JUSTICE OF THE SUPREME COURT,NONPARTISAN,SCATTERING,80,0
2005,APRIL,CHIPPEWA,CADOTT VILLAGE WARDS 1 & 2,SPRING GENERAL,JUSTICE OF THE SUPREME COURT,NONPARTISAN,ANN W. BRADLEY,180,180
2005,APRIL,CHIPPEWA,CADOTT VILLAGE WARDS 1 & 2,SPRING GENERAL,JUSTICE OF THE SUPREME COURT,NONPARTISAN,SCATTERING,180,0
2005,APRIL,CHIPPEWA,LAKE HALLIE VILLAGE WARDS 1 - 5,SPRING GENERAL,JUSTICE OF THE SUPREME COURT,NONPARTISAN,ANN W. BRADLEY,177,177
2005,APRIL,CHIPPEWA,LAKE HALLIE VILLAGE WARDS 1 - 5,SPRING GENERAL,JUSTICE OF THE SUPREME COURT,NONPARTISAN,SCATTERING,177,0
2005,APRIL,CHIPPEWA,NEW AUBURN VILLAGE WARD 1,SPRING GENERAL,JUSTICE OF THE SUPREME COURT,NONPARTISAN,ANN W. BRADLEY,92,92
2005,APRIL,CHIPPEWA,NEW AUBURN VILLAGE WARD 1,SPRING GENERAL,JUSTICE OF THE SUPREME COURT,NONPARTISAN,SCATTERING,92,0
2005,APRIL,CHIPPEWA,BLOOMER CITY WARDS 1 & 3,SPRING GENERAL,JUSTICE OF THE SUPREME COURT,NONPARTISAN,ANN W. BRADLEY,75,75
2005,APRIL,CHIPPEWA,BLOOMER CITY WARDS 1 & 3,SPRING GENERAL,JUSTICE OF THE SUPREME COURT,NONPARTISAN,SCATTERING,75,0
2005,APRIL,CHIPPEWA,BLOOMER CITY WARD 2,SPRING GENERAL,JUSTICE OF THE SUPREME COURT,NONPARTISAN,ANN W. BRADLEY,38,38
2005,APRIL,CHIPPEWA,BLOOMER CITY WARD 2,SPRING GENERAL,JUSTICE OF THE SUPREME COURT,NONPARTISAN,SCATTERING,38,0
2005,APRIL,CHIPPEWA,BLOOMER CITY WARD 4,SPRING GENERAL,JUSTICE OF THE SUPREME COURT,NONPARTISAN,ANN W. BRADLEY,27,27
2005,APRIL,CHIPPEWA,BLOOMER CITY WARD 4,SPRING GENERAL,JUSTICE OF THE SUPREME COURT,NONPARTISAN,SCATTERING,27,0
2005,APRIL,CHIPPEWA,CHIPPEWA FALLS CITY WARD 1,SPRING GENERAL,JUSTICE OF THE SUPREME COURT,NONPARTISAN,ANN W. BRADLEY,160,160
2005,APRIL,CHIPPEWA,CHIPPEWA FALLS CITY WARD 1,SPRING GENERAL,JUSTICE OF THE SUPREME COURT,NONPARTISAN,SCATTERING,160,0
2005,APRIL,CHIPPEWA,CHIPPEWA FALLS CITY WARD 2,SPRING GENERAL,JUSTICE OF THE SUPREME COURT,NONPARTISAN,ANN W. BRADLEY,199,199
2005,APRIL,CHIPPEWA,CHIPPEWA FALLS CITY WARD 2,SPRING GENERAL,JUSTICE OF THE SUPREME COURT,NONPARTISAN,SCATTERING,199,0
2005,APRIL,CHIPPEWA,CHIPPEWA FALLS CITY WARD 3,SPRING GENERAL,JUSTICE OF THE SUPREME COURT,NONPARTISAN,ANN W. BRADLEY,282,282
2005,APRIL,CHIPPEWA,CHIPPEWA FALLS CITY WARD 3,SPRING GENERAL,JUSTICE OF THE SUPREME COURT,NONPARTISAN,SCATTERING,282,0
2005,APRIL,CHIPPEWA,CHIPPEWA FALLS CITY WARD 4,SPRING GENERAL,JUSTICE OF THE SUPREME COURT,NONPARTISAN,ANN W. BRADLEY,169,169
2005,APRIL,CHIPPEWA,CHIPPEWA FALLS CITY WARD 4,SPRING GENERAL,JUSTICE OF THE SUPREME COURT,NONPARTISAN,SCATTERING,169,0
2005,APRIL,CHIPPEWA,CHIPPEWA FALLS CITY WARD 5,SPRING GENERAL,JUSTICE OF THE SUPREME COURT,NONPARTISAN,ANN W. BRADLEY,119,119
2005,APRIL,CHIPPEWA,CHIPPEWA FALLS CITY WARD 5,SPRING GENERAL,JUSTICE OF THE SUPREME COURT,NONPARTISAN,SCATTERING,119,0
2005,APRIL,CHIPPEWA,CHIPPEWA FALLS CITY WARD 6,SPRING GENERAL,JUSTICE OF THE SUPREME COURT,NONPARTISAN,ANN W. BRADLEY,161,160
2005,APRIL,CHIPPEWA,CHIPPEWA FALLS CITY WARD 6,SPRING GENERAL,JUSTICE OF THE SUPREME COURT,NONPARTISAN,SCATTERING,161,1
2005,APRIL,CHIPPEWA,CHIPPEWA FALLS CITY WARD 7,SPRING GENERAL,JUSTICE OF THE SUPREME COURT,NONPARTISAN,ANN W. BRADLEY,186,186
2005,APRIL,CHIPPEWA,CHIPPEWA FALLS CITY WARD 7,SPRING GENERAL,JUSTICE OF THE SUPREME COURT,NONPARTISAN,SCATTERING,186,0
2005,APRIL,CHIPPEWA,CORNELL CITY WARDS 1 - 4,SPRING GENERAL,JUSTICE OF THE SUPREME COURT,NONPARTISAN,ANN W. BRADLEY,236,235
2005,APRIL,CHIPPEWA,CORNELL CITY WARDS 1 - 4,SPRING GENERAL,JUSTICE OF THE SUPREME COURT,NONPARTISAN,SCATTERING,236,1
2005,APRIL,CHIPPEWA,EAU CLAIRE CITY WARDS 16 & 40,SPRING GENERAL,JUSTICE OF THE SUPREME COURT,NONPARTISAN,ANN W. BRADLEY,80,80
2005,APRIL,CHIPPEWA,EAU CLAIRE CITY WARDS 16 & 40,SPRING GENERAL,JUSTICE OF THE SUPREME COURT,NONPARTISAN,SCATTERING,80,0
2005,APRIL,CHIPPEWA,STANLEY CITY WARD 1,SPRING GENERAL,JUSTICE OF THE SUPREME COURT,NONPARTISAN,ANN W. BRADLEY,34,34
2005,APRIL,CHIPPEWA,STANLEY CITY WARD 1,SPRING GENERAL,JUSTICE OF THE SUPREME COURT,NONPARTISAN,SCATTERING,34,0
2005,APRIL,CHIPPEWA,STANLEY CITY WARD 2,SPRING GENERAL,JUSTICE OF THE SUPREME COURT,NONPARTISAN,ANN W. BRADLEY,15,15
2005,APRIL,CHIPPEWA,STANLEY CITY WARD 2,SPRING GENERAL,JUSTICE OF THE SUPREME COURT,NONPARTISAN,SCATTERING,15,0
2005,APRIL,CHIPPEWA,STANLEY CITY WARD 3,SPRING GENERAL,JUSTICE OF THE SUPREME COURT,NONPARTISAN,ANN W. BRADLEY,26,26
2005,APRIL,CHIPPEWA,STANLEY CITY WARD 3,SPRING GENERAL,JUSTICE OF THE SUPREME COURT,NONPARTISAN,SCATTERING,26,0
2005,APRIL,CHIPPEWA,STANLEY CITY WARD 4,SPRING GENERAL,JUSTICE OF THE SUPREME COURT,NONPARTISAN,ANN W. BRADLEY,14,14
2005,APRIL,CHIPPEWA,STANLEY CITY WARD 4,SPRING GENERAL,JUSTICE OF THE SUPREME COURT,NONPARTISAN,SCATTERING,14,0
2005,APRIL,CLARK,BEAVER TOWN WARDS 1 & 2,SPRING GENERAL,JUSTICE OF THE SUPREME COURT,NONPARTISAN,ANN W. BRADLEY,80,80
2005,APRIL,CLARK,BEAVER TOWN WARDS 1 & 2,SPRING GENERAL,JUSTICE OF THE SUPREME COURT,NONPARTISAN,SCATTERING,80,0
2005,APRIL,CLARK,BUTLER TOWN WARD 1,SPRING GENERAL,JUSTICE OF THE SUPREME COURT,NONPARTISAN,ANN W. BRADLEY,17,17
2005,APRIL,CLARK,BUTLER TOWN WARD 1,SPRING GENERAL,JUSTICE OF THE SUPREME COURT,NONPARTISAN,SCATTERING,17,0
2005,APRIL,CLARK,COLBY TOWN WARD 1,SPRING GENERAL,JUSTICE OF THE SUPREME COURT,NONPARTISAN,ANN W. BRADLEY,74,74
2005,APRIL,CLARK,COLBY TOWN WARD 1,SPRING GENERAL,JUSTICE OF THE SUPREME COURT,NONPARTISAN,SCATTERING,74,0
2005,APRIL,CLARK,DEWHURST TOWN WARD 1,SPRING GENERAL,JUSTICE OF THE SUPREME COURT,NONPARTISAN,ANN W. BRADLEY,109,109
2005,APRIL,CLARK,DEWHURST TOWN WARD 1,SPRING GENERAL,JUSTICE OF THE SUPREME COURT,NONPARTISAN,SCATTERING,109,0
2005,APRIL,CLARK,EATON TOWN WARDS 1 & 2,SPRING GENERAL,JUSTICE OF THE SUPREME COURT,NONPARTISAN,ANN W. BRADLEY,191,191
2005,APRIL,CLARK,EATON TOWN WARDS 1 & 2,SPRING GENERAL,JUSTICE OF THE SUPREME COURT,NONPARTISAN,SCATTERING,191,0
2005,APRIL,CLARK,FOSTER TOWN WARD 1,SPRING GENERAL,JUSTICE OF THE SUPREME COURT,NONPARTISAN,ANN W. BRADLEY,31,31
2005,APRIL,CLARK,FOSTER TOWN WARD 1,SPRING GENERAL,JUSTICE OF THE SUPREME COURT,NONPARTISAN,SCATTERING,31,0
2005,APRIL,CLARK,FREMONT TOWN WARDS 1 & 2,SPRING GENERAL,JUSTICE OF THE SUPREME COURT,NONPARTISAN,ANN W. BRADLEY,246,245
2005,APRIL,CLARK,FREMONT TOWN WARDS 1 & 2,SPRING GENERAL,JUSTICE OF THE SUPREME COURT,NONPARTISAN,SCATTERING,246,1
2005,APRIL,CLARK,GRANT TOWN WARDS 1 & 2,SPRING GENERAL,JUSTICE OF THE SUPREME COURT,NONPARTISAN,ANN W. BRADLEY,78,78
2005,APRIL,CLARK,GRANT TOWN WARDS 1 & 2,SPRING GENERAL,JUSTICE OF THE SUPREME COURT,NONPARTISAN,SCATTERING,78,0
2005,APRIL,CLARK,GREEN GROVE TOWN WARD 1,SPRING GENERAL,JUSTICE OF THE SUPREME COURT,NONPARTISAN,ANN W. BRADLEY,131,131
2005,APRIL,CLARK,GREEN GROVE TOWN WARD 1,SPRING GENERAL,JUSTICE OF THE SUPREME COURT,NONPARTISAN,SCATTERING,131,0
2005,APRIL,CLARK,HENDREN TOWN WARD 1,SPRING GENERAL,JUSTICE OF THE SUPREME COURT,NONPARTISAN,ANN W. BRADLEY,165,163
2005,APRIL,CLARK,HENDREN TOWN WARD 1,SPRING GENERAL,JUSTICE OF THE SUPREME COURT,NONPARTISAN,SCATTERING,165,2
2005,APRIL,CLARK,HEWETT TOWN WARDS 1 & 2,SPRING GENERAL,JUSTICE OF THE SUPREME COURT,NONPARTISAN,ANN W. BRADLEY,54,54
2005,APRIL,CLARK,HEWETT TOWN WARDS 1 & 2,SPRING GENERAL,JUSTICE OF THE SUPREME COURT,NONPARTISAN,SCATTERING,54,0
2005,APRIL,CLARK,HIXON TOWN WARDS 1 & 2,SPRING GENERAL,JUSTICE OF THE SUPREME COURT,NONPARTISAN,ANN W. BRADLEY,58,58
2005,APRIL,CLARK,HIXON TOWN WARDS 1 & 2,SPRING GENERAL,JUSTICE OF THE SUPREME COURT,NONPARTISAN,SCATTERING,58,0
2005,APRIL,CLARK,HOARD TOWN WARDS 1 & 2,SPRING GENERAL,JUSTICE OF THE SUPREME COURT,NONPARTISAN,ANN W. BRADLEY,63,63
2005,APRIL,CLARK,HOARD TOWN WARDS 1 & 2,SPRING GENERAL,JUSTICE OF THE SUPREME COURT,NONPARTISAN,SCATTERING,63,0
2005,APRIL,CLARK,LEVIS TOWN WARDS 1 & 2,SPRING GENERAL,JUSTICE OF THE SUPREME COURT,NONPARTISAN,ANN W. BRADLEY,93,93
2005,APRIL,CLARK,LEVIS TOWN WARDS 1 & 2,SPRING GENERAL,JUSTICE OF THE SUPREME COURT,NONPARTISAN,SCATTERING,93,0
2005,APRIL,CLARK,LONGWOOD TOWN WARDS 1 & 2,SPRING GENERAL,JUSTICE OF THE SUPREME COURT,NONPARTISAN,ANN W. BRADLEY,80,80
2005,APRIL,CLARK,LONGWOOD TOWN WARDS 1 & 2,SPRING GENERAL,JUSTICE OF THE SUPREME COURT,NONPARTISAN,SCATTERING,80,0
2005,APRIL,CLARK,LOYAL TOWN WARDS 1 & 2,SPRING GENERAL,JUSTICE OF THE SUPREME COURT,NONPARTISAN,ANN W. BRADLEY,158,158
2005,APRIL,CLARK,LOYAL TOWN WARDS 1 & 2,SPRING GENERAL,JUSTICE OF THE SUPREME COURT,NONPARTISAN,SCATTERING,158,0
2005,APRIL,CLARK,LYNN TOWN WARDS 1 & 2,SPRING GENERAL,JUSTICE OF THE SUPREME COURT,NONPARTISAN,ANN W. BRADLEY,157,157
2005,APRIL,CLARK,LYNN TOWN WARDS 1 & 2,SPRING GENERAL,JUSTICE OF THE SUPREME COURT,NONPARTISAN,SCATTERING,157,0
2005,APRIL,CLARK,MAYVILLE TOWN WARDS 1 & 2,SPRING GENERAL,JUSTICE OF THE SUPREME COURT,NONPARTISAN,ANN W. BRADLEY,138,138
2005,APRIL,CLARK,MAYVILLE TOWN WARDS 1 & 2,SPRING GENERAL,JUSTICE OF THE SUPREME COURT,NONPARTISAN,SCATTERING,138,0
2005,APRIL,CLARK,MEAD TOWN WARD 1,SPRING GENERAL,JUSTICE OF THE SUPREME COURT,NONPARTISAN,ANN W. BRADLEY,74,74
2005,APRIL,CLARK,MEAD TOWN WARD 1,SPRING GENERAL,JUSTICE OF THE SUPREME COURT,NONPARTISAN,SCATTERING,74,0
2005,APRIL,CLARK,MENTOR TOWN WARD 1,SPRING GENERAL,JUSTICE OF THE SUPREME COURT,NONPARTISAN,ANN W. BRADLEY,87,87
2005,APRIL,CLARK,MENTOR TOWN WARD 1,SPRING GENERAL,JUSTICE OF THE SUPREME COURT,NONPARTISAN,SCATTERING,87,0
2005,APRIL,CLARK,PINE VALLEY TOWN WARDS 1 & 2,SPRING GENERAL,JUSTICE OF THE SUPREME COURT,NONPARTISAN,ANN W. BRADLEY,172,172
2005,APRIL,CLARK,PINE VALLEY TOWN WARDS 1 & 2,SPRING GENERAL,JUSTICE OF THE SUPREME COURT,NONPARTISAN,SCATTERING,172,0
2005,APRIL,CLARK,RESEBURG TOWN WARDS 1 & 2,SPRING GENERAL,JUSTICE OF THE SUPREME COURT,NONPARTISAN,ANN W. BRADLEY,66,66
2005,APRIL,CLARK,RESEBURG TOWN WARDS 1 & 2,SPRING GENERAL,JUSTICE OF THE SUPREME COURT,NONPARTISAN,SCATTERING,66,0
2005,APRIL,CLARK,SEIF TOWN WARD 1,SPRING GENERAL,JUSTICE OF THE SUPREME COURT,NONPARTISAN,ANN W. BRADLEY,37,37
2005,APRIL,CLARK,SEIF TOWN WARD 1,SPRING GENERAL,JUSTICE OF THE SUPREME COURT,NONPARTISAN,SCATTERING,37,0
2005,APRIL,CLARK,SHERMAN TOWN WARD 1,SPRING GENERAL,JUSTICE OF THE SUPREME COURT,NONPARTISAN,ANN W. BRADLEY,112,112
2005,APRIL,CLARK,SHERMAN TOWN WARD 1,SPRING GENERAL,JUSTICE OF THE SUPREME COURT,NONPARTISAN,SCATTERING,112,0
2005,APRIL,CLARK,SHERWOOD TOWN WARD 1,SPRING GENERAL,JUSTICE OF THE SUPREME COURT,NONPARTISAN,ANN W. BRADLEY,92,92
2005,APRIL,CLARK,SHERWOOD TOWN WARD 1,SPRING GENERAL,JUSTICE OF THE SUPREME COURT,NONPARTISAN,SCATTERING,92,0
2005,APRIL,CLARK,THORP TOWN WARD 1,SPRING GENERAL,JUSTICE OF THE SUPREME COURT,NONPARTISAN,ANN W. BRADLEY,142,142
2005,APRIL,CLARK,THORP TOWN WARD 1,SPRING GENERAL,JUSTICE OF THE SUPREME COURT,NONPARTISAN,SCATTERING,142,0
2005,APRIL,CLARK,UNITY TOWN WARD 1,SPRING GENERAL,JUSTICE OF THE SUPREME COURT,NONPARTISAN,ANN W. BRADLEY,69,69
2005,APRIL,CLARK,UNITY TOWN WARD 1,SPRING GENERAL,JUSTICE OF THE SUPREME COURT,NONPARTISAN,SCATTERING,69,0
2005,APRIL,CLARK,WARNER TOWN WARDS 1 & 2,SPRING GENERAL,JUSTICE OF THE SUPREME COURT,NONPARTISAN,ANN W. BRADLEY,179,179
2005,APRIL,CLARK,WARNER TOWN WARDS 1 & 2,SPRING GENERAL,JUSTICE OF THE SUPREME COURT,NONPARTISAN,SCATTERING,179,0
2005,APRIL,CLARK,WASHBURN TOWN WARDS 1 & 2,SPRING GENERAL,JUSTICE OF THE SUPREME COURT,NONPARTISAN,ANN W. BRADLEY,57,57
2005,APRIL,CLARK,WASHBURN TOWN WARDS 1 & 2,SPRING GENERAL,JUSTICE OF THE SUPREME COURT,NONPARTISAN,SCATTERING,57,0
2005,APRIL,CLARK,WESTON TOWN WARDS 1 & 2,SPRING GENERAL,JUSTICE OF THE SUPREME COURT,NONPARTISAN,ANN W. BRADLEY,93,93
2005,APRIL,CLARK,WESTON TOWN WARDS 1 & 2,SPRING GENERAL,JUSTICE OF THE SUPREME COURT,NONPARTISAN,SCATTERING,93,0
2005,APRIL,CLARK,WITHEE TOWN WARD 1,SPRING GENERAL,JUSTICE OF THE SUPREME COURT,NONPARTISAN,ANN W. BRADLEY,124,123
2005,APRIL,CLARK,WITHEE TOWN WARD 1,SPRING GENERAL,JUSTICE OF THE SUPREME COURT,NONPARTISAN,SCATTERING,124,1
2005,APRIL,CLARK,WORDEN TOWN WARDS 1 & 2,SPRING GENERAL,JUSTICE OF THE SUPREME COURT,NONPARTISAN,ANN W. BRADLEY,79,79
2005,APRIL,CLARK,WORDEN TOWN WARDS 1 & 2,SPRING GENERAL,JUSTICE OF THE SUPREME COURT,NONPARTISAN,SCATTERING,79,0
2005,APRIL,CLARK,YORK TOWN WARD 1,SPRING GENERAL,JUSTICE OF THE SUPREME COURT,NONPARTISAN,ANN W. BRADLEY,130,130
2005,APRIL,CLARK,YORK TOWN WARD 1,SPRING GENERAL,JUSTICE OF THE SUPREME COURT,NONPARTISAN,SCATTERING,130,0
2005,APRIL,CLARK,CURTISS VILLAGE WARD 1,SPRING GENERAL,JUSTICE OF THE SUPREME COURT,NONPARTISAN,ANN W. BRADLEY,32,32
2005,APRIL,CLARK,CURTISS VILLAGE WARD 1,SPRING GENERAL,JUSTICE OF THE SUPREME COURT,NONPARTISAN,SCATTERING,32,0
2005,APRIL,CLARK,DORCHESTER VILLAGE WARD 1,SPRING GENERAL,JUSTICE OF THE SUPREME COURT,NONPARTISAN,ANN W. BRADLEY,99,99
2005,APRIL,CLARK,DORCHESTER VILLAGE WARD 1,SPRING GENERAL,JUSTICE OF THE SUPREME COURT,NONPARTISAN,SCATTERING,99,0
2005,APRIL,CLARK,GRANTON VILLAGE WARD 1,SPRING GENERAL,JUSTICE OF THE SUPREME COURT,NONPARTISAN,ANN W. BRADLEY,58,58
2005,APRIL,CLARK,GRANTON VILLAGE WARD 1,SPRING GENERAL,JUSTICE OF THE SUPREME COURT,NONPARTISAN,SCATTERING,58,0
2005,APRIL,CLARK,UNITY VILLAGE WARD 2,SPRING GENERAL,JUSTICE OF THE SUPREME COURT,NONPARTISAN,ANN W. BRADLEY,18,18
2005,APRIL,CLARK,UNITY VILLAGE WARD 2,SPRING GENERAL,JUSTICE OF THE SUPREME COURT,NONPARTISAN,SCATTERING,18,0
2005,APRIL,CLARK,WITHEE VILLAGE WARD 1,SPRING GENERAL,JUSTICE OF THE SUPREME COURT,NONPARTISAN,ANN W. BRADLEY,74,74
2005,APRIL,CLARK,WITHEE VILLAGE WARD 1,SPRING GENERAL,JUSTICE OF THE SUPREME COURT,NONPARTISAN,SCATTERING,74,0
2005,APRIL,CLARK,ABBOTSFORD CITY WARD 2,SPRING GENERAL,JUSTICE OF THE SUPREME COURT,NONPARTISAN,ANN W. BRADLEY,140,140
2005,APRIL,CLARK,ABBOTSFORD CITY WARD 2,SPRING GENERAL,JUSTICE OF THE SUPREME COURT,NONPARTISAN,SCATTERING,140,0
2005,APRIL,CLARK,ABBOTSFORD CITY WARD 3,SPRING GENERAL,JUSTICE OF THE SUPREME COURT,NONPARTISAN,ANN W. BRADLEY,125,125
2005,APRIL,CLARK,ABBOTSFORD CITY WARD 3,SPRING GENERAL,JUSTICE OF THE SUPREME COURT,NONPARTISAN,SCATTERING,125,0
2005,APRIL,CLARK,ABBOTSFORD CITY WARD 4,SPRING GENERAL,JUSTICE OF THE SUPREME COURT,NONPARTISAN,ANN W. BRADLEY,171,170
2005,APRIL,CLARK,ABBOTSFORD CITY WARD 4,SPRING GENERAL,JUSTICE OF THE SUPREME COURT,NONPARTISAN,SCATTERING,171,1
2005,APRIL,CLARK,COLBY CITY WARD 2,SPRING GENERAL,JUSTICE OF THE SUPREME COURT,NONPARTISAN,ANN W. BRADLEY,56,56
2005,APRIL,CLARK,COLBY CITY WARD 2,SPRING GENERAL,JUSTICE OF THE SUPREME COURT,NONPARTISAN,SCATTERING,56,0
2005,APRIL,CLARK,COLBY CITY WARD 3,SPRING GENERAL,JUSTICE OF THE SUPREME COURT,NONPARTISAN,ANN W. BRADLEY,56,56
2005,APRIL,CLARK,COLBY CITY WARD 3,SPRING GENERAL,JUSTICE OF THE SUPREME COURT,NONPARTISAN,SCATTERING,56,0
2005,APRIL,CLARK,COLBY CITY WARD 4,SPRING GENERAL,JUSTICE OF THE SUPREME COURT,NONPARTISAN,ANN W. BRADLEY,52,52
2005,APRIL,CLARK,COLBY CITY WARD 4,SPRING GENERAL,JUSTICE OF THE SUPREME COURT,NONPARTISAN,SCATTERING,52,0
2005,APRIL,CLARK,GREENWOOD CITY WARD 1,SPRING GENERAL,JUSTICE OF THE SUPREME COURT,NONPARTISAN,ANN W. BRADLEY,197,197
2005,APRIL,CLARK,GREENWOOD CITY WARD 1,SPRING GENERAL,JUSTICE OF THE SUPREME COURT,NONPARTISAN,SCATTERING,197,0
2005,APRIL,CLARK,GREENWOOD CITY WARD 2,SPRING GENERAL,JUSTICE OF THE SUPREME COURT,NONPARTISAN,ANN W. BRADLEY,174,174
2005,APRIL,CLARK,GREENWOOD CITY WARD 2,SPRING GENERAL,JUSTICE OF THE SUPREME COURT,NONPARTISAN,SCATTERING,174,0
2005,APRIL,CLARK,LOYAL CITY WARD 1,SPRING GENERAL,JUSTICE OF THE SUPREME COURT,NONPARTISAN,ANN W. BRADLEY,143,143
2005,APRIL,CLARK,LOYAL CITY WARD 1,SPRING GENERAL,JUSTICE OF THE SUPREME COURT,NONPARTISAN,SCATTERING,143,0
2005,APRIL,CLARK,LOYAL CITY WARD 2,SPRING GENERAL,JUSTICE OF THE SUPREME COURT,NONPARTISAN,ANN W. BRADLEY,90,90
2005,APRIL,CLARK,LOYAL CITY WARD 2,SPRING GENERAL,JUSTICE OF THE SUPREME COURT,NONPARTISAN,SCATTERING,90,0
2005,APRIL,CLARK,LOYAL CITY WARD 3,SPRING GENERAL,JUSTICE OF THE SUPREME COURT,NONPARTISAN,ANN W. BRADLEY,38,38
2005,APRIL,CLARK,LOYAL CITY WARD 3,SPRING GENERAL,JUSTICE OF THE SUPREME COURT,NONPARTISAN,SCATTERING,38,0
2005,APRIL,CLARK,NEILLSVILLE CITY WARD 1,SPRING GENERAL,JUSTICE OF THE SUPREME COURT,NONPARTISAN,ANN W. BRADLEY,60,60
2005,APRIL,CLARK,NEILLSVILLE CITY WARD 1,SPRING GENERAL,JUSTICE OF THE SUPREME COURT,NONPARTISAN,SCATTERING,60,0
2005,APRIL,CLARK,NEILLSVILLE CITY WARD 2,SPRING GENERAL,JUSTICE OF THE SUPREME COURT,NONPARTISAN,ANN W. BRADLEY,70,70
2005,APRIL,CLARK,NEILLSVILLE CITY WARD 2,SPRING GENERAL,JUSTICE OF THE SUPREME COURT,NONPARTISAN,SCATTERING,70,0
2005,APRIL,CLARK,NEILLSVILLE CITY WARD 3,SPRING GENERAL,JUSTICE OF THE SUPREME COURT,NONPARTISAN,ANN W. BRADLEY,82,81
2005,APRIL,CLARK,NEILLSVILLE CITY WARD 3,SPRING GENERAL,JUSTICE OF THE SUPREME COURT,NONPARTISAN,SCATTERING,82,1
2005,APRIL,CLARK,NEILLSVILLE CITY WARD 4,SPRING GENERAL,JUSTICE OF THE SUPREME COURT,NONPARTISAN,ANN W. BRADLEY,76,76
2005,APRIL,CLARK,NEILLSVILLE CITY WARD 4,SPRING GENERAL,JUSTICE OF THE SUPREME COURT,NONPARTISAN,SCATTERING,76,0
2005,APRIL,CLARK,NEILLSVILLE CITY WARD 5,SPRING GENERAL,JUSTICE OF THE SUPREME COURT,NONPARTISAN,ANN W. BRADLEY,58,58
2005,APRIL,CLARK,NEILLSVILLE CITY WARD 5,SPRING GENERAL,JUSTICE OF THE SUPREME COURT,NONPARTISAN,SCATTERING,58,0
2005,APRIL,CLARK,OWEN CITY WARD 1,SPRING GENERAL,JUSTICE OF THE SUPREME COURT,NONPARTISAN,ANN W. BRADLEY,101,101
2005,APRIL,CLARK,OWEN CITY WARD 1,SPRING GENERAL,JUSTICE OF THE SUPREME COURT,NONPARTISAN,SCATTERING,101,0
2005,APRIL,CLARK,OWEN CITY WARD 2,SPRING GENERAL,JUSTICE OF THE SUPREME COURT,NONPARTISAN,ANN W. BRADLEY,65,65
2005,APRIL,CLARK,OWEN CITY WARD 2,SPRING GENERAL,JUSTICE OF THE SUPREME COURT,NONPARTISAN,SCATTERING,65,0
2005,APRIL,CLARK,OWEN CITY WARD 3,SPRING GENERAL,JUSTICE OF THE SUPREME COURT,NONPARTISAN,ANN W. BRADLEY,56,56
2005,APRIL,CLARK,OWEN CITY WARD 3,SPRING GENERAL,JUSTICE OF THE SUPREME COURT,NONPARTISAN,SCATTERING,56,0
2005,APRIL,CLARK,STANLEY CITY WARD 5,SPRING GENERAL,JUSTICE OF THE SUPREME COURT,NONPARTISAN,ANN W. BRADLEY,0,0
2005,APRIL,CLARK,STANLEY CITY WARD 5,SPRING GENERAL,JUSTICE OF THE SUPREME COURT,NONPARTISAN,SCATTERING,0,0
2005,APRIL,CLARK,THORP CITY WARD 1,SPRING GENERAL,JUSTICE OF THE SUPREME COURT,NONPARTISAN,ANN W. BRADLEY,31,31
2005,APRIL,CLARK,THORP CITY WARD 1,SPRING GENERAL,JUSTICE OF THE SUPREME COURT,NONPARTISAN,SCATTERING,31,0
2005,APRIL,CLARK,THORP CITY WARD 2,SPRING GENERAL,JUSTICE OF THE SUPREME COURT,NONPARTISAN,ANN W. BRADLEY,37,37
2005,APRIL,CLARK,THORP CITY WARD 2,SPRING GENERAL,JUSTICE OF THE SUPREME COURT,NONPARTISAN,SCATTERING,37,0
2005,APRIL,CLARK,THORP CITY WARD 3,SPRING GENERAL,JUSTICE OF THE SUPREME COURT,NONPARTISAN,ANN W. BRADLEY,26,26
2005,APRIL,CLARK,THORP CITY WARD 3,SPRING GENERAL,JUSTICE OF THE SUPREME COURT,NONPARTISAN,SCATTERING,26,0
2005,APRIL,CLARK,THORP CITY WARD 4,SPRING GENERAL,JUSTICE OF THE SUPREME COURT,NONPARTISAN,ANN W. BRADLEY,17,17
2005,APRIL,CLARK,THORP CITY WARD 4,SPRING GENERAL,JUSTICE OF THE SUPREME COURT,NONPARTISAN,SCATTERING,17,0
2005,APRIL,CLARK,THORP CITY WARD 5,SPRING GENERAL,JUSTICE OF THE SUPREME COURT,NONPARTISAN,ANN W. BRADLEY,58,57
2005,APRIL,CLARK,THORP CITY WARD 5,SPRING GENERAL,JUSTICE OF THE SUPREME COURT,NONPARTISAN,SCATTERING,58,1
2005,APRIL,CLARK,THORP CITY WARD 6,SPRING GENERAL,JUSTICE OF THE SUPREME COURT,NONPARTISAN,ANN W. BRADLEY,14,14
2005,APRIL,CLARK,THORP CITY WARD 6,SPRING GENERAL,JUSTICE OF THE SUPREME COURT,NONPARTISAN,SCATTERING,14,0
2005,APRIL,COLUMBIA,ARLINGTON TOWN WARDS 1 & 2,SPRING GENERAL,JUSTICE OF THE SUPREME COURT,NONPARTISAN,ANN W. BRADLEY,58,58
2005,APRIL,COLUMBIA,ARLINGTON TOWN WARDS 1 & 2,SPRING GENERAL,JUSTICE OF THE SUPREME COURT,NONPARTISAN,SCATTERING,58,0
2005,APRIL,COLUMBIA,CALEDONIA TOWN WARDS 1 & 2,SPRING GENERAL,JUSTICE OF THE SUPREME COURT,NONPARTISAN,ANN W. BRADLEY,146,146
2005,APRIL,COLUMBIA,CALEDONIA TOWN WARDS 1 & 2,SPRING GENERAL,JUSTICE OF THE SUPREME COURT,NONPARTISAN,SCATTERING,146,0
2005,APRIL,COLUMBIA,COLUMBUS TOWN WARD 1,SPRING GENERAL,JUSTICE OF THE SUPREME COURT,NONPARTISAN,ANN W. BRADLEY,67,67
2005,APRIL,COLUMBIA,COLUMBUS TOWN WARD 1,SPRING GENERAL,JUSTICE OF THE SUPREME COURT,NONPARTISAN,SCATTERING,67,0
2005,APRIL,COLUMBIA,COURTLAND TOWN WARDS 1 & 2,SPRING GENERAL,JUSTICE OF THE SUPREME COURT,NONPARTISAN,ANN W. BRADLEY,55,55
2005,APRIL,COLUMBIA,COURTLAND TOWN WARDS 1 & 2,SPRING GENERAL,JUSTICE OF THE SUPREME COURT,NONPARTISAN,SCATTERING,55,0
2005,APRIL,COLUMBIA,DEKORRA TOWN WARDS 1 - 4,SPRING GENERAL,JUSTICE OF THE SUPREME COURT,NONPARTISAN,ANN W. BRADLEY,176,175
2005,APRIL,COLUMBIA,DEKORRA TOWN WARDS 1 - 4,SPRING GENERAL,JUSTICE OF THE SUPREME COURT,NONPARTISAN,SCATTERING,176,1
2005,APRIL,COLUMBIA,FORT WINNEBAGO TOWN WARDS 1 & 2,SPRING GENERAL,JUSTICE OF THE SUPREME COURT,NONPARTISAN,ANN W. BRADLEY,37,37
2005,APRIL,COLUMBIA,FORT WINNEBAGO TOWN WARDS 1 & 2,SPRING GENERAL,JUSTICE OF THE SUPREME COURT,NONPARTISAN,SCATTERING,37,0
2005,APRIL,COLUMBIA,FOUNTAIN PRAIRIE TOWN WARDS 1 & 2,SPRING GENERAL,JUSTICE OF THE SUPREME COURT,NONPARTISAN,ANN W. BRADLEY,181,181
2005,APRIL,COLUMBIA,FOUNTAIN PRAIRIE TOWN WARDS 1 & 2,SPRING GENERAL,JUSTICE OF THE SUPREME COURT,NONPARTISAN,SCATTERING,181,0
2005,APRIL,COLUMBIA,HAMPDEN TOWN WARD 1,SPRING GENERAL,JUSTICE OF THE SUPREME COURT,NONPARTISAN,ANN W. BRADLEY,96,95
2005,APRIL,COLUMBIA,HAMPDEN TOWN WARD 1,SPRING GENERAL,JUSTICE OF THE SUPREME COURT,NONPARTISAN,SCATTERING,96,1
2005,APRIL,COLUMBIA,LEEDS TOWN WARDS 1 & 2,SPRING GENERAL,JUSTICE OF THE SUPREME COURT,NONPARTISAN,ANN W. BRADLEY,103,103
2005,APRIL,COLUMBIA,LEEDS TOWN WARDS 1 & 2,SPRING GENERAL,JUSTICE OF THE SUPREME COURT,NONPARTISAN,SCATTERING,103,0
2005,APRIL,COLUMBIA,LEWISTON TOWN WARDS 1 & 2,SPRING GENERAL,JUSTICE OF THE SUPREME COURT,NONPARTISAN,ANN W. BRADLEY,65,65
2005,APRIL,COLUMBIA,LEWISTON TOWN WARDS 1 & 2,SPRING GENERAL,JUSTICE OF THE SUPREME COURT,NONPARTISAN,SCATTERING,65,0
2005,APRIL,COLUMBIA,LODI TOWN WARDS 1 - 5,SPRING GENERAL,JUSTICE OF THE SUPREME COURT,NONPARTISAN,ANN W. BRADLEY,497,495
2005,APRIL,COLUMBIA,LODI TOWN WARDS 1 - 5,SPRING GENERAL,JUSTICE OF THE SUPREME COURT,NONPARTISAN,SCATTERING,497,2
2005,APRIL,COLUMBIA,LOWVILLE TOWN WARDS 1 & 2,SPRING GENERAL,JUSTICE OF THE SUPREME COURT,NONPARTISAN,ANN W. BRADLEY,184,183
2005,APRIL,COLUMBIA,LOWVILLE TOWN WARDS 1 & 2,SPRING GENERAL,JUSTICE OF THE SUPREME COURT,NONPARTISAN,SCATTERING,184,1
2005,APRIL,COLUMBIA,MARCELLON TOWN WARDS 1 & 2,SPRING GENERAL,JUSTICE OF THE SUPREME COURT,NONPARTISAN,ANN W. BRADLEY,156,156
2005,APRIL,COLUMBIA,MARCELLON TOWN WARDS 1 & 2,SPRING GENERAL,JUSTICE OF THE SUPREME COURT,NONPARTISAN,SCATTERING,156,0
2005,APRIL,COLUMBIA,NEWPORT TOWN WARD 1,SPRING GENERAL,JUSTICE OF THE SUPREME COURT,NONPARTISAN,ANN W. BRADLEY,87,87
2005,APRIL,COLUMBIA,NEWPORT TOWN WARD 1,SPRING GENERAL,JUSTICE OF THE SUPREME COURT,NONPARTISAN,SCATTERING,87,0
2005,APRIL,COLUMBIA,OTSEGO TOWN WARD 1,SPRING GENERAL,JUSTICE OF THE SUPREME COURT,NONPARTISAN,ANN W. BRADLEY,41,41
2005,APRIL,COLUMBIA,OTSEGO TOWN WARD 1,SPRING GENERAL,JUSTICE OF THE SUPREME COURT,NONPARTISAN,SCATTERING,41,0
2005,APRIL,COLUMBIA,PACIFIC TOWN WARDS 1 - 3,SPRING GENERAL,JUSTICE OF THE SUPREME COURT,NONPARTISAN,ANN W. BRADLEY,251,251
2005,APRIL,COLUMBIA,PACIFIC TOWN WARDS 1 - 3,SPRING GENERAL,JUSTICE OF THE SUPREME COURT,NONPARTISAN,SCATTERING,251,0
2005,APRIL,COLUMBIA,RANDOLPH TOWN WARD 1,SPRING GENERAL,JUSTICE OF THE SUPREME COURT,NONPARTISAN,ANN W. BRADLEY,55,55
2005,APRIL,COLUMBIA,RANDOLPH TOWN WARD 1,SPRING GENERAL,JUSTICE OF THE SUPREME COURT,NONPARTISAN,SCATTERING,55,0
2005,APRIL,COLUMBIA,SCOTT TOWN WARD 1,SPRING GENERAL,JUSTICE OF THE SUPREME COURT,NONPARTISAN,ANN W. BRADLEY,42,41
2005,APRIL,COLUMBIA,SCOTT TOWN WARD 1,SPRING GENERAL,JUSTICE OF THE SUPREME COURT,NONPARTISAN,SCATTERING,42,1
2005,APRIL,COLUMBIA,SPRINGVALE TOWN WARD 1,SPRING GENERAL,JUSTICE OF THE SUPREME COURT,NONPARTISAN,ANN W. BRADLEY,53,53
2005,APRIL,COLUMBIA,SPRINGVALE TOWN WARD 1,SPRING GENERAL,JUSTICE OF THE SUPREME COURT,NONPARTISAN,SCATTERING,53,0
2005,APRIL,COLUMBIA,WEST POINT TOWN WARDS 1 & 2,SPRING GENERAL,JUSTICE OF THE SUPREME COURT,NONPARTISAN,ANN W. BRADLEY,414,414
2005,APRIL,COLUMBIA,WEST POINT TOWN WARDS 1 & 2,SPRING GENERAL,JUSTICE OF THE SUPREME COURT,NONPARTISAN,SCATTERING,414,0
2005,APRIL,COLUMBIA,WYOCENA TOWN WARDS 1 - 3,SPRING GENERAL,JUSTICE OF THE SUPREME COURT,NONPARTISAN,ANN W. BRADLEY,102,102
2005,APRIL,COLUMBIA,WYOCENA TOWN WARDS 1 - 3,SPRING GENERAL,JUSTICE OF THE SUPREME COURT,NONPARTISAN,SCATTERING,102,0
2005,APRIL,COLUMBIA,ARLINGTON VILLAGE WARD 1,SPRING GENERAL,JUSTICE OF THE SUPREME COURT,NONPARTISAN,ANN W. BRADLEY,94,94
2005,APRIL,COLUMBIA,ARLINGTON VILLAGE WARD 1,SPRING GENERAL,JUSTICE OF THE SUPREME COURT,NONPARTISAN,SCATTERING,94,0
2005,APRIL,COLUMBIA,CAMBRIA VILLAGE WARD 1,SPRING GENERAL,JUSTICE OF THE SUPREME COURT,NONPARTISAN,ANN W. BRADLEY,216,214
2005,APRIL,COLUMBIA,CAMBRIA VILLAGE WARD 1,SPRING GENERAL,JUSTICE OF THE SUPREME COURT,NONPARTISAN,SCATTERING,216,2
2005,APRIL,COLUMBIA,DOYLESTOWN VILLAGE WARD 1,SPRING GENERAL,JUSTICE OF THE SUPREME COURT,NONPARTISAN,ANN W. BRADLEY,99,99
2005,APRIL,COLUMBIA,DOYLESTOWN VILLAGE WARD 1,SPRING GENERAL,JUSTICE OF THE SUPREME COURT,NONPARTISAN,SCATTERING,99,0
2005,APRIL,COLUMBIA,FALL RIVER VILLAGE WARDS 1 & 2,SPRING GENERAL,JUSTICE OF THE SUPREME COURT,NONPARTISAN,ANN W. BRADLEY,165,165
2005,APRIL,COLUMBIA,FALL RIVER VILLAGE WARDS 1 & 2,SPRING GENERAL,JUSTICE OF THE SUPREME COURT,NONPARTISAN,SCATTERING,165,0
2005,APRIL,COLUMBIA,FRIESLAND VILLAGE WARD 1,SPRING GENERAL,JUSTICE OF THE SUPREME COURT,NONPARTISAN,ANN W. BRADLEY,77,77
2005,APRIL,COLUMBIA,FRIESLAND VILLAGE WARD 1,SPRING GENERAL,JUSTICE OF THE SUPREME COURT,NONPARTISAN,SCATTERING,77,0
2005,APRIL,COLUMBIA,PARDEEVILLE VILLAGE WARDS 1 - 3,SPRING GENERAL,JUSTICE OF THE SUPREME COURT,NONPARTISAN,ANN W. BRADLEY,147,147
2005,APRIL,COLUMBIA,PARDEEVILLE VILLAGE WARDS 1 - 3,SPRING GENERAL,JUSTICE OF THE SUPREME COURT,NONPARTISAN,SCATTERING,147,0
2005,APRIL,COLUMBIA,POYNETTE VILLAGE WARDS 1 - 3,SPRING GENERAL,JUSTICE OF THE SUPREME COURT,NONPARTISAN,ANN W. BRADLEY,176,176
2005,APRIL,COLUMBIA,POYNETTE VILLAGE WARDS 1 - 3,SPRING GENERAL,JUSTICE OF THE SUPREME COURT,NONPARTISAN,SCATTERING,176,0
2005,APRIL,COLUMBIA,RANDOLPH VILLAGE WARD 3,SPRING GENERAL,JUSTICE OF THE SUPREME COURT,NONPARTISAN,ANN W. BRADLEY,39,39
2005,APRIL,COLUMBIA,RANDOLPH VILLAGE WARD 3,SPRING GENERAL,JUSTICE OF THE SUPREME COURT,NONPARTISAN,SCATTERING,39,0
2005,APRIL,COLUMBIA,RIO VILLAGE WARD 1,SPRING GENERAL,JUSTICE OF THE SUPREME COURT,NONPARTISAN,ANN W. BRADLEY,194,193
2005,APRIL,COLUMBIA,RIO VILLAGE WARD 1,SPRING GENERAL,JUSTICE OF THE SUPREME COURT,NONPARTISAN,SCATTERING,194,1
2005,APRIL,COLUMBIA,WYOCENA VILLAGE WARD 1,SPRING GENERAL,JUSTICE OF THE SUPREME COURT,NONPARTISAN,ANN W. BRADLEY,70,70
2005,APRIL,COLUMBIA,WYOCENA VILLAGE WARD 1,SPRING GENERAL,JUSTICE OF THE SUPREME COURT,NONPARTISAN,SCATTERING,70,0
2005,APRIL,COLUMBIA,COLUMBUS CITY WARDS 1 - 8,SPRING GENERAL,JUSTICE OF THE SUPREME COURT,NONPARTISAN,ANN W. BRADLEY,624,621
2005,APRIL,COLUMBIA,COLUMBUS CITY WARDS 1 - 8,SPRING GENERAL,JUSTICE OF THE SUPREME COURT,NONPARTISAN,SCATTERING,624,3
2005,APRIL,COLUMBIA,LODI CITY WARDS 1 - 4,SPRING GENERAL,JUSTICE OF THE SUPREME COURT,NONPARTISAN,ANN W. BRADLEY,228,228
2005,APRIL,COLUMBIA,LODI CITY WARDS 1 - 4,SPRING GENERAL,JUSTICE OF THE SUPREME COURT,NONPARTISAN,SCATTERING,228,0
2005,APRIL,COLUMBIA,PORTAGE CITY WARDS 1 & 2,SPRING GENERAL,JUSTICE OF THE SUPREME COURT,NONPARTISAN,ANN W. BRADLEY,22,22
2005,APRIL,COLUMBIA,PORTAGE CITY WARDS 1 & 2,SPRING GENERAL,JUSTICE OF THE SUPREME COURT,NONPARTISAN,SCATTERING,22,0
2005,APRIL,COLUMBIA,PORTAGE CITY WARDS 3 & 4,SPRING GENERAL,JUSTICE OF THE SUPREME COURT,NONPARTISAN,ANN W. BRADLEY,29,29
2005,APRIL,COLUMBIA,PORTAGE CITY WARDS 3 & 4,SPRING GENERAL,JUSTICE OF THE SUPREME COURT,NONPARTISAN,SCATTERING,29,0
2005,APRIL,COLUMBIA,PORTAGE CITY WARDS 5 & 6,SPRING GENERAL,JUSTICE OF THE SUPREME COURT,NONPARTISAN,ANN W. BRADLEY,128,127
2005,APRIL,COLUMBIA,PORTAGE CITY WARDS 5 & 6,SPRING GENERAL,JUSTICE OF THE SUPREME COURT,NONPARTISAN,SCATTERING,128,1
2005,APRIL,COLUMBIA,PORTAGE CITY WARDS 7 & 8,SPRING GENERAL,JUSTICE OF THE SUPREME COURT,NONPARTISAN,ANN W. BRADLEY,64,64
2005,APRIL,COLUMBIA,PORTAGE CITY WARDS 7 & 8,SPRING GENERAL,JUSTICE OF THE SUPREME COURT,NONPARTISAN,SCATTERING,64,0
2005,APRIL,COLUMBIA,PORTAGE CITY WARDS 9 & 10,SPRING GENERAL,JUSTICE OF THE SUPREME COURT,NONPARTISAN,ANN W. BRADLEY,40,40
2005,APRIL,COLUMBIA,PORTAGE CITY WARDS 9 & 10,SPRING GENERAL,JUSTICE OF THE SUPREME COURT,NONPARTISAN,SCATTERING,40,0
2005,APRIL,COLUMBIA,PORTAGE CITY WARDS 11 & 12,SPRING GENERAL,JUSTICE OF THE SUPREME COURT,NONPARTISAN,ANN W. BRADLEY,64,64
2005,APRIL,COLUMBIA,PORTAGE CITY WARDS 11 & 12,SPRING GENERAL,JUSTICE OF THE SUPREME COURT,NONPARTISAN,SCATTERING,64,0
2005,APRIL,COLUMBIA,PORTAGE CITY WARDS 13 & 14,SPRING GENERAL,JUSTICE OF THE SUPREME COURT,NONPARTISAN,ANN W. BRADLEY,40,40
2005,APRIL,COLUMBIA,PORTAGE CITY WARDS 13 & 14,SPRING GENERAL,JUSTICE OF THE SUPREME COURT,NONPARTISAN,SCATTERING,40,0
2005,APRIL,COLUMBIA,PORTAGE CITY WARDS 15 & 16,SPRING GENERAL,JUSTICE OF THE SUPREME COURT,NONPARTISAN,ANN W. BRADLEY,34,34
2005,APRIL,COLUMBIA,PORTAGE CITY WARDS 15 & 16,SPRING GENERAL,JUSTICE OF THE SUPREME COURT,NONPARTISAN,SCATTERING,34,0
2005,APRIL,COLUMBIA,PORTAGE CITY WARDS 17 & 18,SPRING GENERAL,JUSTICE OF THE SUPREME COURT,NONPARTISAN,ANN W. BRADLEY,48,48
2005,APRIL,COLUMBIA,PORTAGE CITY WARDS 17 & 18,SPRING GENERAL,JUSTICE OF THE SUPREME COURT,NONPARTISAN,SCATTERING,48,0
2005,APRIL,COLUMBIA,WISCONSIN DELLS CITY WARD 1,SPRING GENERAL,JUSTICE OF THE SUPREME COURT,NONPARTISAN,ANN W. BRADLEY,108,108
2005,APRIL,COLUMBIA,WISCONSIN DELLS CITY WARD 1,SPRING GENERAL,JUSTICE OF THE SUPREME COURT,NONPARTISAN,SCATTERING,108,0
2005,APRIL,COLUMBIA,WISCONSIN DELLS CITY WARD 2,SPRING GENERAL,JUSTICE OF THE SUPREME COURT,NONPARTISAN,ANN W. BRADLEY,132,131
2005,APRIL,COLUMBIA,WISCONSIN DELLS CITY WARD 2,SPRING GENERAL,JUSTICE OF THE SUPREME COURT,NONPARTISAN,SCATTERING,132,1
2005,APRIL,COLUMBIA,WISCONSIN DELLS CITY WARDS 3 & 6,SPRING GENERAL,JUSTICE OF THE SUPREME COURT,NONPARTISAN,ANN W. BRADLEY,101,101
2005,APRIL,COLUMBIA,WISCONSIN DELLS CITY WARDS 3 & 6,SPRING GENERAL,JUSTICE OF THE SUPREME COURT,NONPARTISAN,SCATTERING,101,0
2005,APRIL,CRAWFORD,BRIDGEPORT TOWN WARD 1,SPRING GENERAL,JUSTICE OF THE SUPREME COURT,NONPARTISAN,ANN W. BRADLEY,73,73
2005,APRIL,CRAWFORD,BRIDGEPORT TOWN WARD 1,SPRING GENERAL,JUSTICE OF THE SUPREME COURT,NONPARTISAN,SCATTERING,73,0
2005,APRIL,CRAWFORD,CLAYTON TOWN WARDS 1 - 3,SPRING GENERAL,JUSTICE OF THE SUPREME COURT,NONPARTISAN,ANN W. BRADLEY,136,136
2005,APRIL,CRAWFORD,CLAYTON TOWN WARDS 1 - 3,SPRING GENERAL,JUSTICE OF THE SUPREME COURT,NONPARTISAN,SCATTERING,136,0
2005,APRIL,CRAWFORD,EASTMAN TOWN WARDS 1 & 2,SPRING GENERAL,JUSTICE OF THE SUPREME COURT,NONPARTISAN,ANN W. BRADLEY,63,63
2005,APRIL,CRAWFORD,EASTMAN TOWN WARDS 1 & 2,SPRING GENERAL,JUSTICE OF THE SUPREME COURT,NONPARTISAN,SCATTERING,63,0
2005,APRIL,CRAWFORD,FREEMAN TOWN WARD 1,SPRING GENERAL,JUSTICE OF THE SUPREME COURT,NONPARTISAN,ANN W. BRADLEY,51,51
2005,APRIL,CRAWFORD,FREEMAN TOWN WARD 1,SPRING GENERAL,JUSTICE OF THE SUPREME COURT,NONPARTISAN,SCATTERING,51,0
2005,APRIL,CRAWFORD,HANEY TOWN WARD 1,SPRING GENERAL,JUSTICE OF THE SUPREME COURT,NONPARTISAN,ANN W. BRADLEY,46,46
2005,APRIL,CRAWFORD,HANEY TOWN WARD 1,SPRING GENERAL,JUSTICE OF THE SUPREME COURT,NONPARTISAN,SCATTERING,46,0
2005,APRIL,CRAWFORD,MARIETTA TOWN WARD 1,SPRING GENERAL,JUSTICE OF THE SUPREME COURT,NONPARTISAN,ANN W. BRADLEY,111,111
2005,APRIL,CRAWFORD,MARIETTA TOWN WARD 1,SPRING GENERAL,JUSTICE OF THE SUPREME COURT,NONPARTISAN,SCATTERING,111,0
2005,APRIL,CRAWFORD,PRAIRIE DU CHIEN TOWN WARD 1,SPRING GENERAL,JUSTICE OF THE SUPREME COURT,NONPARTISAN,ANN W. BRADLEY,44,44
2005,APRIL,CRAWFORD,PRAIRIE DU CHIEN TOWN WARD 1,SPRING GENERAL,JUSTICE OF THE SUPREME COURT,NONPARTISAN,SCATTERING,44,0
2005,APRIL,CRAWFORD,SCOTT TOWN WARD 1,SPRING GENERAL,JUSTICE OF THE SUPREME COURT,NONPARTISAN,ANN W. BRADLEY,72,72
2005,APRIL,CRAWFORD,SCOTT TOWN WARD 1,SPRING GENERAL,JUSTICE OF THE SUPREME COURT,NONPARTISAN,SCATTERING,72,0
2005,APRIL,CRAWFORD,SENECA TOWN WARD 1,SPRING GENERAL,JUSTICE OF THE SUPREME COURT,NONPARTISAN,ANN W. BRADLEY,56,56
2005,APRIL,CRAWFORD,SENECA TOWN WARD 1,SPRING GENERAL,JUSTICE OF THE SUPREME COURT,NONPARTISAN,SCATTERING,56,0
2005,APRIL,CRAWFORD,UTICA TOWN WARD 1,SPRING GENERAL,JUSTICE OF THE SUPREME COURT,NONPARTISAN,ANN W. BRADLEY,140,140
2005,APRIL,CRAWFORD,UTICA TOWN WARD 1,SPRING GENERAL,JUSTICE OF THE SUPREME COURT,NONPARTISAN,SCATTERING,140,0
2005,APRIL,CRAWFORD,WAUZEKA TOWN WARDS 1 & 2,SPRING GENERAL,JUSTICE OF THE SUPREME COURT,NONPARTISAN,ANN W. BRADLEY,36,36
2005,APRIL,CRAWFORD,WAUZEKA TOWN WARDS 1 & 2,SPRING GENERAL,JUSTICE OF THE SUPREME COURT,NONPARTISAN,SCATTERING,36,0
2005,APRIL,CRAWFORD,BELL CENTER VILLAGE WARD 1,SPRING GENERAL,JUSTICE OF THE SUPREME COURT,NONPARTISAN,ANN W. BRADLEY,20,20
2005,APRIL,CRAWFORD,BELL CENTER VILLAGE WARD 1,SPRING GENERAL,JUSTICE OF THE SUPREME COURT,NONPARTISAN,SCATTERING,20,0
2005,APRIL,CRAWFORD,DE SOTO VILLAGE WARD 2,SPRING GENERAL,JUSTICE OF THE SUPREME COURT,NONPARTISAN,ANN W. BRADLEY,22,22
2005,APRIL,CRAWFORD,DE SOTO VILLAGE WARD 2,SPRING GENERAL,JUSTICE OF THE SUPREME COURT,NONPARTISAN,SCATTERING,22,0
2005,APRIL,CRAWFORD,EASTMAN VILLAGE WARD 1,SPRING GENERAL,JUSTICE OF THE SUPREME COURT,NONPARTISAN,ANN W. BRADLEY,68,68
2005,APRIL,CRAWFORD,EASTMAN VILLAGE WARD 1,SPRING GENERAL,JUSTICE OF THE SUPREME COURT,NONPARTISAN,SCATTERING,68,0
2005,APRIL,CRAWFORD,FERRYVILLE VILLAGE WARD 1,SPRING GENERAL,JUSTICE OF THE SUPREME COURT,NONPARTISAN,ANN W. BRADLEY,49,49
2005,APRIL,CRAWFORD,FERRYVILLE VILLAGE WARD 1,SPRING GENERAL,JUSTICE OF THE SUPREME COURT,NONPARTISAN,SCATTERING,49,0
2005,APRIL,CRAWFORD,GAYS MILLS VILLAGE WARD 1,SPRING GENERAL,JUSTICE OF THE SUPREME COURT,NONPARTISAN,ANN W. BRADLEY,111,110
2005,APRIL,CRAWFORD,GAYS MILLS VILLAGE WARD 1,SPRING GENERAL,JUSTICE OF THE SUPREME COURT,NONPARTISAN,SCATTERING,111,1
2005,APRIL,CRAWFORD,LYNXVILLE VILLAGE WARD 1,SPRING GENERAL,JUSTICE OF THE SUPREME COURT,NONPARTISAN,ANN W. BRADLEY,24,24
2005,APRIL,CRAWFORD,LYNXVILLE VILLAGE WARD 1,SPRING GENERAL,JUSTICE OF THE SUPREME COURT,NONPARTISAN,SCATTERING,24,0
2005,APRIL,CRAWFORD,MOUNT STERLING VILLAGE WARD 1,SPRING GENERAL,JUSTICE OF THE SUPREME COURT,NONPARTISAN,ANN W. BRADLEY,36,36
2005,APRIL,CRAWFORD,MOUNT STERLING VILLAGE WARD 1,SPRING GENERAL,JUSTICE OF THE SUPREME COURT,NONPARTISAN,SCATTERING,36,0
2005,APRIL,CRAWFORD,SOLDIERS GROVE VILLAGE WARD 1,SPRING GENERAL,JUSTICE OF THE SUPREME COURT,NONPARTISAN,ANN W. BRADLEY,62,62
2005,APRIL,CRAWFORD,SOLDIERS GROVE VILLAGE WARD 1,SPRING GENERAL,JUSTICE OF THE SUPREME COURT,NONPARTISAN,SCATTERING,62,0
2005,APRIL,CRAWFORD,STEUBEN VILLAGE WARD 1,SPRING GENERAL,JUSTICE OF THE SUPREME COURT,NONPARTISAN,ANN W. BRADLEY,24,24
2005,APRIL,CRAWFORD,STEUBEN VILLAGE WARD 1,SPRING GENERAL,JUSTICE OF THE SUPREME COURT,NONPARTISAN,SCATTERING,24,0
2005,APRIL,CRAWFORD,WAUZEKA VILLAGE WARD 1,SPRING GENERAL,JUSTICE OF THE SUPREME COURT,NONPARTISAN,ANN W. BRADLEY,104,104
2005,APRIL,CRAWFORD,WAUZEKA VILLAGE WARD 1,SPRING GENERAL,JUSTICE OF THE SUPREME COURT,NONPARTISAN,SCATTERING,104,0
2005,APRIL,CRAWFORD,PRAIRIE DU CHIEN CITY WARD 1,SPRING GENERAL,JUSTICE OF THE SUPREME COURT,NONPARTISAN,ANN W. BRADLEY,63,63
2005,APRIL,CRAWFORD,PRAIRIE DU CHIEN CITY WARD 1,SPRING GENERAL,JUSTICE OF THE SUPREME COURT,NONPARTISAN,SCATTERING,63,0
2005,APRIL,CRAWFORD,PRAIRIE DU CHIEN CITY WARDS 2 & 3,SPRING GENERAL,JUSTICE OF THE SUPREME COURT,NONPARTISAN,ANN W. BRADLEY,54,54
2005,APRIL,CRAWFORD,PRAIRIE DU CHIEN CITY WARDS 2 & 3,SPRING GENERAL,JUSTICE OF THE SUPREME COURT,NONPARTISAN,SCATTERING,54,0
2005,APRIL,CRAWFORD,PRAIRIE DU CHIEN CITY WARDS 4 & 5,SPRING GENERAL,JUSTICE OF THE SUPREME COURT,NONPARTISAN,ANN W. BRADLEY,80,80
2005,APRIL,CRAWFORD,PRAIRIE DU CHIEN CITY WARDS 4 & 5,SPRING GENERAL,JUSTICE OF THE SUPREME COURT,NONPARTISAN,SCATTERING,80,0
2005,APRIL,CRAWFORD,PRAIRIE DU CHIEN CITY WARD 6,SPRING GENERAL,JUSTICE OF THE SUPREME COURT,NONPARTISAN,ANN W. BRADLEY,40,40
2005,APRIL,CRAWFORD,PRAIRIE DU CHIEN CITY WARD 6,SPRING GENERAL,JUSTICE OF THE SUPREME COURT,NONPARTISAN,SCATTERING,40,0
2005,APRIL,CRAWFORD,PRAIRIE DU CHIEN CITY WARDS 7 & 8,SPRING GENERAL,JUSTICE OF THE SUPREME COURT,NONPARTISAN,ANN W. BRADLEY,71,71
2005,APRIL,CRAWFORD,PRAIRIE DU CHIEN CITY WARDS 7 & 8,SPRING GENERAL,JUSTICE OF THE SUPREME COURT,NONPARTISAN,SCATTERING,71,0
2005,APRIL,CRAWFORD,PRAIRIE DU CHIEN CITY WARD 9,SPRING GENERAL,JUSTICE OF THE SUPREME COURT,NONPARTISAN,ANN W. BRADLEY,126,126
2005,APRIL,CRAWFORD,PRAIRIE DU CHIEN CITY WARD 9,SPRING GENERAL,JUSTICE OF THE SUPREME COURT,NONPARTISAN,SCATTERING,126,0
2005,APRIL,DANE,ALBION TOWN WARDS 1 & 2,SPRING GENERAL,JUSTICE OF THE SUPREME COURT,NONPARTISAN,ANN W. BRADLEY,212,212
2005,APRIL,DANE,ALBION TOWN WARDS 1 & 2,SPRING GENERAL,JUSTICE OF THE SUPREME COURT,NONPARTISAN,SCATTERING,212,0
2005,APRIL,DANE,BERRY TOWN WARDS 1 & 2,SPRING GENERAL,JUSTICE OF THE SUPREME COURT,NONPARTISAN,ANN W. BRADLEY,288,288
2005,APRIL,DANE,BERRY TOWN WARDS 1 & 2,SPRING GENERAL,JUSTICE OF THE SUPREME COURT,NONPARTISAN,SCATTERING,288,0
2005,APRIL,DANE,BLACK EARTH TOWN WARD 1,SPRING GENERAL,JUSTICE OF THE SUPREME COURT,NONPARTISAN,ANN W. BRADLEY,53,53
2005,APRIL,DANE,BLACK EARTH TOWN WARD 1,SPRING GENERAL,JUSTICE OF THE SUPREME COURT,NONPARTISAN,SCATTERING,53,0
2005,APRIL,DANE,BLOOMING GROVE TOWN WARDS 1 - 3,SPRING GENERAL,JUSTICE OF THE SUPREME COURT,NONPARTISAN,ANN W. BRADLEY,157,157
2005,APRIL,DANE,BLOOMING GROVE TOWN WARDS 1 - 3,SPRING GENERAL,JUSTICE OF THE SUPREME COURT,NONPARTISAN,SCATTERING,157,0
2005,APRIL,DANE,BLUE MOUNDS TOWN WARD 1,SPRING GENERAL,JUSTICE OF THE SUPREME COURT,NONPARTISAN,ANN W. BRADLEY,77,77
2005,APRIL,DANE,BLUE MOUNDS TOWN WARD 1,SPRING GENERAL,JUSTICE OF THE SUPREME COURT,NONPARTISAN,SCATTERING,77,0
2005,APRIL,DANE,BRISTOL TOWN WARDS 1 - 3,SPRING GENERAL,JUSTICE OF THE SUPREME COURT,NONPARTISAN,ANN W. BRADLEY,451,451
2005,APRIL,DANE,BRISTOL TOWN WARDS 1 - 3,SPRING GENERAL,JUSTICE OF THE SUPREME COURT,NONPARTISAN,SCATTERING,451,0
2005,APRIL,DANE,BURKE TOWN WARDS 1 - 4,SPRING GENERAL,JUSTICE OF THE SUPREME COURT,NONPARTISAN,ANN W. BRADLEY,150,148
2005,APRIL,DANE,BURKE TOWN WARDS 1 - 4,SPRING GENERAL,JUSTICE OF THE SUPREME COURT,NONPARTISAN,SCATTERING,150,2
2005,APRIL,DANE,CHRISTIANA TOWN WARDS 1 & 2,SPRING GENERAL,JUSTICE OF THE SUPREME COURT,NONPARTISAN,ANN W. BRADLEY,169,169
2005,APRIL,DANE,CHRISTIANA TOWN WARDS 1 & 2,SPRING GENERAL,JUSTICE OF THE SUPREME COURT,NONPARTISAN,SCATTERING,169,0
2005,APRIL,DANE,COTTAGE GROVE TOWN WARDS 1 - 5,SPRING GENERAL,JUSTICE OF THE SUPREME COURT,NONPARTISAN,ANN W. BRADLEY,388,388
2005,APRIL,DANE,COTTAGE GROVE TOWN WARDS 1 - 5,SPRING GENERAL,JUSTICE OF THE SUPREME COURT,NONPARTISAN,SCATTERING,388,0
2005,APRIL,DANE,CROSS PLAINS TOWN WARDS 1 & 2,SPRING GENERAL,JUSTICE OF THE SUPREME COURT,NONPARTISAN,ANN W. BRADLEY,165,164
2005,APRIL,DANE,CROSS PLAINS TOWN WARDS 1 & 2,SPRING GENERAL,JUSTICE OF THE SUPREME COURT,NONPARTISAN,SCATTERING,165,1
2005,APRIL,DANE,DANE TOWN WARD 1,SPRING GENERAL,JUSTICE OF THE SUPREME COURT,NONPARTISAN,ANN W. BRADLEY,59,59
2005,APRIL,DANE,DANE TOWN WARD 1,SPRING GENERAL,JUSTICE OF THE SUPREME COURT,NONPARTISAN,SCATTERING,59,0
2005,APRIL,DANE,DEERFIELD TOWN WARDS 1 & 2,SPRING GENERAL,JUSTICE OF THE SUPREME COURT,NONPARTISAN,ANN W. BRADLEY,106,106
2005,APRIL,DANE,DEERFIELD TOWN WARDS 1 & 2,SPRING GENERAL,JUSTICE OF THE SUPREME COURT,NONPARTISAN,SCATTERING,106,0
2005,APRIL,DANE,DUNKIRK TOWN WARDS 1 - 3,SPRING GENERAL,JUSTICE OF THE SUPREME COURT,NONPARTISAN,ANN W. BRADLEY,369,366
2005,APRIL,DANE,DUNKIRK TOWN WARDS 1 - 3,SPRING GENERAL,JUSTICE OF THE SUPREME COURT,NONPARTISAN,SCATTERING,369,3
2005,APRIL,DANE,DUNN TOWN WARDS 1 - 7,SPRING GENERAL,JUSTICE OF THE SUPREME COURT,NONPARTISAN,ANN W. BRADLEY,369,369
2005,APRIL,DANE,DUNN TOWN WARDS 1 - 7,SPRING GENERAL,JUSTICE OF THE SUPREME COURT,NONPARTISAN,SCATTERING,369,0
2005,APRIL,DANE,MADISON TOWN WARD 1,SPRING GENERAL,JUSTICE OF THE SUPREME COURT,NONPARTISAN,ANN W. BRADLEY,51,51
2005,APRIL,DANE,MADISON TOWN WARD 1,SPRING GENERAL,JUSTICE OF THE SUPREME COURT,NONPARTISAN,SCATTERING,51,0
2005,APRIL,DANE,MADISON TOWN WARDS 2 - 11,SPRING GENERAL,JUSTICE OF THE SUPREME COURT,NONPARTISAN,ANN W. BRADLEY,230,229
2005,APRIL,DANE,MADISON TOWN WARDS 2 - 11,SPRING GENERAL,JUSTICE OF THE SUPREME COURT,NONPARTISAN,SCATTERING,230,1
2005,APRIL,DANE,MAZOMANIE TOWN WARDS 1 & 2,SPRING GENERAL,JUSTICE OF THE SUPREME COURT,NONPARTISAN,ANN W. BRADLEY,97,97
2005,APRIL,DANE,MAZOMANIE TOWN WARDS 1 & 2,SPRING GENERAL,JUSTICE OF THE SUPREME COURT,NONPARTISAN,SCATTERING,97,0
2005,APRIL,DANE,MEDINA TOWN WARDS 1 & 2,SPRING GENERAL,JUSTICE OF THE SUPREME COURT,NONPARTISAN,ANN W. BRADLEY,174,174
2005,APRIL,DANE,MEDINA TOWN WARDS 1 & 2,SPRING GENERAL,JUSTICE OF THE SUPREME COURT,NONPARTISAN,SCATTERING,174,0
2005,APRIL,DANE,MIDDLETON TOWN WARDS 1 - 5,SPRING GENERAL,JUSTICE OF THE SUPREME COURT,NONPARTISAN,ANN W. BRADLEY,398,397
2005,APRIL,DANE,MIDDLETON TOWN WARDS 1 - 5,SPRING GENERAL,JUSTICE OF THE SUPREME COURT,NONPARTISAN,SCATTERING,398,1
2005,APRIL,DANE,MONTROSE TOWN WARDS 1 & 2,SPRING GENERAL,JUSTICE OF THE SUPREME COURT,NONPARTISAN,ANN W. BRADLEY,218,218
2005,APRIL,DANE,MONTROSE TOWN WARDS 1 & 2,SPRING GENERAL,JUSTICE OF THE SUPREME COURT,NONPARTISAN,SCATTERING,218,0
2005,APRIL,DANE,OREGON TOWN WARDS 1 - 4,SPRING GENERAL,JUSTICE OF THE SUPREME COURT,NONPARTISAN,ANN W. BRADLEY,392,391
2005,APRIL,DANE,OREGON TOWN WARDS 1 - 4,SPRING GENERAL,JUSTICE OF THE SUPREME COURT,NONPARTISAN,SCATTERING,392,1
2005,APRIL,DANE,PERRY TOWN WARD 1,SPRING GENERAL,JUSTICE OF THE SUPREME COURT,NONPARTISAN,ANN W. BRADLEY,137,137
2005,APRIL,DANE,PERRY TOWN WARD 1,SPRING GENERAL,JUSTICE OF THE SUPREME COURT,NONPARTISAN,SCATTERING,137,0
2005,APRIL,DANE,PLEASANT SPRINGS TOWN WARDS 1 - 4,SPRING GENERAL,JUSTICE OF THE SUPREME COURT,NONPARTISAN,ANN W. BRADLEY,324,324
2005,APRIL,DANE,PLEASANT SPRINGS TOWN WARDS 1 - 4,SPRING GENERAL,JUSTICE OF THE SUPREME COURT,NONPARTISAN,SCATTERING,324,0
2005,APRIL,DANE,PRIMROSE TOWN WARD 1,SPRING GENERAL,JUSTICE OF THE SUPREME COURT,NONPARTISAN,ANN W. BRADLEY,309,309
2005,APRIL,DANE,PRIMROSE TOWN WARD 1,SPRING GENERAL,JUSTICE OF THE SUPREME COURT,NONPARTISAN,SCATTERING,309,0
2005,APRIL,DANE,ROXBURY TOWN WARDS 1 & 2,SPRING GENERAL,JUSTICE OF THE SUPREME COURT,NONPARTISAN,ANN W. BRADLEY,79,79
2005,APRIL,DANE,ROXBURY TOWN WARDS 1 & 2,SPRING GENERAL,JUSTICE OF THE SUPREME COURT,NONPARTISAN,SCATTERING,79,0
2005,APRIL,DANE,RUTLAND TOWN WARDS 1 & 2,SPRING GENERAL,JUSTICE OF THE SUPREME COURT,NONPARTISAN,ANN W. BRADLEY,156,156
2005,APRIL,DANE,RUTLAND TOWN WARDS 1 & 2,SPRING GENERAL,JUSTICE OF THE SUPREME COURT,NONPARTISAN,SCATTERING,156,0
2005,APRIL,DANE,SPRINGDALE TOWN WARDS 1 & 2,SPRING GENERAL,JUSTICE OF THE SUPREME COURT,NONPARTISAN,ANN W. BRADLEY,403,398
2005,APRIL,DANE,SPRINGDALE TOWN WARDS 1 & 2,SPRING GENERAL,JUSTICE OF THE SUPREME COURT,NONPARTISAN,SCATTERING,403,5
2005,APRIL,DANE,SPRINGFIELD TOWN WARDS 1 - 3,SPRING GENERAL,JUSTICE OF THE SUPREME COURT,NONPARTISAN,ANN W. BRADLEY,172,172
2005,APRIL,DANE,SPRINGFIELD TOWN WARDS 1 - 3,SPRING GENERAL,JUSTICE OF THE SUPREME COURT,NONPARTISAN,SCATTERING,172,0
2005,APRIL,DANE,SUN PRAIRIE TOWN WARDS 1 - 3,SPRING GENERAL,JUSTICE OF THE SUPREME COURT,NONPARTISAN,ANN W. BRADLEY,160,160
2005,APRIL,DANE,SUN PRAIRIE TOWN WARDS 1 - 3,SPRING GENERAL,JUSTICE OF THE SUPREME COURT,NONPARTISAN,SCATTERING,160,0
2005,APRIL,DANE,VERMONT TOWN WARD 1,SPRING GENERAL,JUSTICE OF THE SUPREME COURT,NONPARTISAN,ANN W. BRADLEY,210,210
2005,APRIL,DANE,VERMONT TOWN WARD 1,SPRING GENERAL,JUSTICE OF THE SUPREME COURT,NONPARTISAN,SCATTERING,210,0
2005,APRIL,DANE,VERONA TOWN WARDS 1 - 3,SPRING GENERAL,JUSTICE OF THE SUPREME COURT,NONPARTISAN,ANN W. BRADLEY,242,241
2005,APRIL,DANE,VERONA TOWN WARDS 1 - 3,SPRING GENERAL,JUSTICE OF THE SUPREME COURT,NONPARTISAN,SCATTERING,242,1
2005,APRIL,DANE,VIENNA TOWN WARDS 1 & 2,SPRING GENERAL,JUSTICE OF THE SUPREME COURT,NONPARTISAN,ANN W. BRADLEY,112,112
2005,APRIL,DANE,VIENNA TOWN WARDS 1 & 2,SPRING GENERAL,JUSTICE OF THE SUPREME COURT,NONPARTISAN,SCATTERING,112,0
2005,APRIL,DANE,WESTPORT TOWN WARDS 1 - 4,SPRING GENERAL,JUSTICE OF THE SUPREME COURT,NONPARTISAN,ANN W. BRADLEY,360,360
2005,APRIL,DANE,WESTPORT TOWN WARDS 1 - 4,SPRING GENERAL,JUSTICE OF THE SUPREME COURT,NONPARTISAN,SCATTERING,360,0
2005,APRIL,DANE,WINDSOR TOWN WARDS 1 - 7,SPRING GENERAL,JUSTICE OF THE SUPREME COURT,NONPARTISAN,ANN W. BRADLEY,259,258
2005,APRIL,DANE,WINDSOR TOWN WARDS 1 - 7,SPRING GENERAL,JUSTICE OF THE SUPREME COURT,NONPARTISAN,SCATTERING,259,1
2005,APRIL,DANE,YORK TOWN WARD 1,SPRING GENERAL,JUSTICE OF THE SUPREME COURT,NONPARTISAN,ANN W. BRADLEY,77,77
2005,APRIL,DANE,YORK TOWN WARD 1,SPRING GENERAL,JUSTICE OF THE SUPREME COURT,NONPARTISAN,SCATTERING,77,0
2005,APRIL,DANE,BELLEVILLE VILLAGE WARDS 1 & 2,SPRING GENERAL,JUSTICE OF THE SUPREME COURT,NONPARTISAN,ANN W. BRADLEY,283,282
2005,APRIL,DANE,BELLEVILLE VILLAGE WARDS 1 & 2,SPRING GENERAL,JUSTICE OF THE SUPREME COURT,NONPARTISAN,SCATTERING,283,1
2005,APRIL,DANE,BLACK EARTH VILLAGE WARDS 1 & 2,SPRING GENERAL,JUSTICE OF THE SUPREME COURT,NONPARTISAN,ANN W. BRADLEY,209,209
2005,APRIL,DANE,BLACK EARTH VILLAGE WARDS 1 & 2,SPRING GENERAL,JUSTICE OF THE SUPREME COURT,NONPARTISAN,SCATTERING,209,0
2005,APRIL,DANE,BLUE MOUNDS VILLAGE WARD 1,SPRING GENERAL,JUSTICE OF THE SUPREME COURT,NONPARTISAN,ANN W. BRADLEY,111,111
2005,APRIL,DANE,BLUE MOUNDS VILLAGE WARD 1,SPRING GENERAL,JUSTICE OF THE SUPREME COURT,NONPARTISAN,SCATTERING,111,0
2005,APRIL,DANE,BROOKLYN VILLAGE WARD 1,SPRING GENERAL,JUSTICE OF THE SUPREME COURT,NONPARTISAN,ANN W. BRADLEY,109,109
2005,APRIL,DANE,BROOKLYN VILLAGE WARD 1,SPRING GENERAL,JUSTICE OF THE SUPREME COURT,NONPARTISAN,SCATTERING,109,0
2005,APRIL,DANE,CAMBRIDGE VILLAGE WARDS 2 & 3,SPRING GENERAL,JUSTICE OF THE SUPREME COURT,NONPARTISAN,ANN W. BRADLEY,183,183
2005,APRIL,DANE,CAMBRIDGE VILLAGE WARDS 2 & 3,SPRING GENERAL,JUSTICE OF THE SUPREME COURT,NONPARTISAN,SCATTERING,183,0
2005,APRIL,DANE,COTTAGE GROVE VILLAGE WARDS 1 - 7,SPRING GENERAL,JUSTICE OF THE SUPREME COURT,NONPARTISAN,ANN W. BRADLEY,626,622
2005,APRIL,DANE,COTTAGE GROVE VILLAGE WARDS 1 - 7,SPRING GENERAL,JUSTICE OF THE SUPREME COURT,NONPARTISAN,SCATTERING,626,4
2005,APRIL,DANE,CROSS PLAINS VILLAGE WARDS 1 - 4,SPRING GENERAL,JUSTICE OF THE SUPREME COURT,NONPARTISAN,ANN W. BRADLEY,919,917
2005,APRIL,DANE,CROSS PLAINS VILLAGE WARDS 1 - 4,SPRING GENERAL,JUSTICE OF THE SUPREME COURT,NONPARTISAN,SCATTERING,919,2
2005,APRIL,DANE,DANE VILLAGE WARD 1,SPRING GENERAL,JUSTICE OF THE SUPREME COURT,NONPARTISAN,ANN W. BRADLEY,36,36
2005,APRIL,DANE,DANE VILLAGE WARD 1,SPRING GENERAL,JUSTICE OF THE SUPREME COURT,NONPARTISAN,SCATTERING,36,0
2005,APRIL,DANE,DEERFIELD VILLAGE WARDS 1 & 2,SPRING GENERAL,JUSTICE OF THE SUPREME COURT,NONPARTISAN,ANN W. BRADLEY,204,203
2005,APRIL,DANE,DEERFIELD VILLAGE WARDS 1 & 2,SPRING GENERAL,JUSTICE OF THE SUPREME COURT,NONPARTISAN,SCATTERING,204,1
2005,APRIL,DANE,DE FOREST VILLAGE WARDS 1 - 8,SPRING GENERAL,JUSTICE OF THE SUPREME COURT,NONPARTISAN,ANN W. BRADLEY,452,449
2005,APRIL,DANE,DE FOREST VILLAGE WARDS 1 - 8,SPRING GENERAL,JUSTICE OF THE SUPREME COURT,NONPARTISAN,SCATTERING,452,3
2005,APRIL,DANE,MAPLE BLUFF VILLAGE WARDS 1 & 2,SPRING GENERAL,JUSTICE OF THE SUPREME COURT,NONPARTISAN,ANN W. BRADLEY,341,341
2005,APRIL,DANE,MAPLE BLUFF VILLAGE WARDS 1 & 2,SPRING GENERAL,JUSTICE OF THE SUPREME COURT,NONPARTISAN,SCATTERING,341,0
2005,APRIL,DANE,MARSHALL VILLAGE WARDS 1 - 6,SPRING GENERAL,JUSTICE OF THE SUPREME COURT,NONPARTISAN,ANN W. BRADLEY,302,302
2005,APRIL,DANE,MARSHALL VILLAGE WARDS 1 - 6,SPRING GENERAL,JUSTICE OF THE SUPREME COURT,NONPARTISAN,SCATTERING,302,0
2005,APRIL,DANE,MAZOMANIE VILLAGE WARDS 1 & 2,SPRING GENERAL,JUSTICE OF THE SUPREME COURT,NONPARTISAN,ANN W. BRADLEY,263,263
2005,APRIL,DANE,MAZOMANIE VILLAGE WARDS 1 & 2,SPRING GENERAL,JUSTICE OF THE SUPREME COURT,NONPARTISAN,SCATTERING,263,0
2005,APRIL,DANE,MCFARLAND VILLAGE WARDS 1 - 7,SPRING GENERAL,JUSTICE OF THE SUPREME COURT,NONPARTISAN,ANN W. BRADLEY,977,974
2005,APRIL,DANE,MCFARLAND VILLAGE WARDS 1 - 7,SPRING GENERAL,JUSTICE OF THE SUPREME COURT,NONPARTISAN,SCATTERING,977,3
2005,APRIL,DANE,MOUNT HOREB VILLAGE WARDS 1 - 6,SPRING GENERAL,JUSTICE OF THE SUPREME COURT,NONPARTISAN,ANN W. BRADLEY,471,470
2005,APRIL,DANE,MOUNT HOREB VILLAGE WARDS 1 - 6,SPRING GENERAL,JUSTICE OF THE SUPREME COURT,NONPARTISAN,SCATTERING,471,1
2005,APRIL,DANE,"OREGON VILLAGE WARDS 1, 5 - 10",SPRING GENERAL,JUSTICE OF THE SUPREME COURT,NONPARTISAN,ANN W. BRADLEY,333,333
2005,APRIL,DANE,"OREGON VILLAGE WARDS 1, 5 - 10",SPRING GENERAL,JUSTICE OF THE SUPREME COURT,NONPARTISAN,SCATTERING,333,0
2005,APRIL,DANE,OREGON VILLAGE WARDS 2 - 4,SPRING GENERAL,JUSTICE OF THE SUPREME COURT,NONPARTISAN,ANN W. BRADLEY,255,253
2005,APRIL,DANE,OREGON VILLAGE WARDS 2 - 4,SPRING GENERAL,JUSTICE OF THE SUPREME COURT,NONPARTISAN,SCATTERING,255,2
2005,APRIL,DANE,ROCKDALE VILLAGE WARD 1,SPRING GENERAL,JUSTICE OF THE SUPREME COURT,NONPARTISAN,ANN W. BRADLEY,44,44
2005,APRIL,DANE,ROCKDALE VILLAGE WARD 1,SPRING GENERAL,JUSTICE OF THE SUPREME COURT,NONPARTISAN,SCATTERING,44,0
2005,APRIL,DANE,SHOREWOOD HILLS VILLAGE WARDS 1 & 2,SPRING GENERAL,JUSTICE OF THE SUPREME COURT,NONPARTISAN,ANN W. BRADLEY,305,305
2005,APRIL,DANE,SHOREWOOD HILLS VILLAGE WARDS 1 & 2,SPRING GENERAL,JUSTICE OF THE SUPREME COURT,NONPARTISAN,SCATTERING,305,0
2005,APRIL,DANE,WAUNAKEE VILLAGE WARDS 1 - 7,SPRING GENERAL,JUSTICE OF THE SUPREME COURT,NONPARTISAN,ANN W. BRADLEY,435,433
2005,APRIL,DANE,WAUNAKEE VILLAGE WARDS 1 - 7,SPRING GENERAL,JUSTICE OF THE SUPREME COURT,NONPARTISAN,SCATTERING,435,2
2005,APRIL,DANE,WAUNAKEE VILLAGE WARDS 8 - 14,SPRING GENERAL,JUSTICE OF THE SUPREME COURT,NONPARTISAN,ANN W. BRADLEY,611,609
2005,APRIL,DANE,WAUNAKEE VILLAGE WARDS 8 - 14,SPRING GENERAL,JUSTICE OF THE SUPREME COURT,NONPARTISAN,SCATTERING,611,2
2005,APRIL,DANE,EDGERTON CITY WARD 7,SPRING GENERAL,JUSTICE OF THE SUPREME COURT,NONPARTISAN,ANN W. BRADLEY,1,1
2005,APRIL,DANE,EDGERTON CITY WARD 7,SPRING GENERAL,JUSTICE OF THE SUPREME COURT,NONPARTISAN,SCATTERING,1,0
2005,APRIL,DANE,FITCHBURG CITY WARDS 1 - 3,SPRING GENERAL,JUSTICE OF THE SUPREME COURT,NONPARTISAN,ANN W. BRADLEY,330,330
2005,APRIL,DANE,FITCHBURG CITY WARDS 1 - 3,SPRING GENERAL,JUSTICE OF THE SUPREME COURT,NONPARTISAN,SCATTERING,330,0
2005,APRIL,DANE,FITCHBURG CITY WARDS 4 - 6,SPRING GENERAL,JUSTICE OF THE SUPREME COURT,NONPARTISAN,ANN W. BRADLEY,305,301
2005,APRIL,DANE,FITCHBURG CITY WARDS 4 - 6,SPRING GENERAL,JUSTICE OF THE SUPREME COURT,NONPARTISAN,SCATTERING,305,4
2005,APRIL,DANE,FITCHBURG CITY WARDS 7 - 9,SPRING GENERAL,JUSTICE OF THE SUPREME COURT,NONPARTISAN,ANN W. BRADLEY,837,830
2005,APRIL,DANE,FITCHBURG CITY WARDS 7 - 9,SPRING GENERAL,JUSTICE OF THE SUPREME COURT,NONPARTISAN,SCATTERING,837,7
2005,APRIL,DANE,FITCHBURG CITY WARDS 10 - 13,SPRING GENERAL,JUSTICE OF THE SUPREME COURT,NONPARTISAN,ANN W. BRADLEY,798,797
2005,APRIL,DANE,FITCHBURG CITY WARDS 10 - 13,SPRING GENERAL,JUSTICE OF THE SUPREME COURT,NONPARTISAN,SCATTERING,798,1
2005,APRIL,DANE,MADISON CITY WARD 1,SPRING GENERAL,JUSTICE OF THE SUPREME COURT,NONPARTISAN,ANN W. BRADLEY,308,305
2005,APRIL,DANE,MADISON CITY WARD 1,SPRING GENERAL,JUSTICE OF THE SUPREME COURT,NONPARTISAN,SCATTERING,308,3
2005,APRIL,DANE,MADISON CITY WARD 2,SPRING GENERAL,JUSTICE OF THE SUPREME COURT,NONPARTISAN,ANN W. BRADLEY,356,355
2005,APRIL,DANE,MADISON CITY WARD 2,SPRING GENERAL,JUSTICE OF THE SUPREME COURT,NONPARTISAN,SCATTERING,356,1
2005,APRIL,DANE,MADISON CITY WARD 3,SPRING GENERAL,JUSTICE OF THE SUPREME COURT,NONPARTISAN,ANN W. BRADLEY,242,241
2005,APRIL,DANE,MADISON CITY WARD 3,SPRING GENERAL,JUSTICE OF THE SUPREME COURT,NONPARTISAN,SCATTERING,242,1
2005,APRIL,DANE,MADISON CITY WARD 4,SPRING GENERAL,JUSTICE OF THE SUPREME COURT,NONPARTISAN,ANN W. BRADLEY,167,167
2005,APRIL,DANE,MADISON CITY WARD 4,SPRING GENERAL,JUSTICE OF THE SUPREME COURT,NONPARTISAN,SCATTERING,167,0
2005,APRIL,DANE,MADISON CITY WARD 5,SPRING GENERAL,JUSTICE OF THE SUPREME COURT,NONPARTISAN,ANN W. BRADLEY,259,258
2005,APRIL,DANE,MADISON CITY WARD 5,SPRING GENERAL,JUSTICE OF THE SUPREME COURT,NONPARTISAN,SCATTERING,259,1
2005,APRIL,DANE,MADISON CITY WARD 6,SPRING GENERAL,JUSTICE OF THE SUPREME COURT,NONPARTISAN,ANN W. BRADLEY,408,405
2005,APRIL,DANE,MADISON CITY WARD 6,SPRING GENERAL,JUSTICE OF THE SUPREME COURT,NONPARTISAN,SCATTERING,408,3
2005,APRIL,DANE,MADISON CITY WARD 7,SPRING GENERAL,JUSTICE OF THE SUPREME COURT,NONPARTISAN,ANN W. BRADLEY,332,332
2005,APRIL,DANE,MADISON CITY WARD 7,SPRING GENERAL,JUSTICE OF THE SUPREME COURT,NONPARTISAN,SCATTERING,332,0
2005,APRIL,DANE,MADISON CITY WARD 8,SPRING GENERAL,JUSTICE OF THE SUPREME COURT,NONPARTISAN,ANN W. BRADLEY,180,176
2005,APRIL,DANE,MADISON CITY WARD 8,SPRING GENERAL,JUSTICE OF THE SUPREME COURT,NONPARTISAN,SCATTERING,180,4
2005,APRIL,DANE,MADISON CITY WARD 9,SPRING GENERAL,JUSTICE OF THE SUPREME COURT,NONPARTISAN,ANN W. BRADLEY,65,65
2005,APRIL,DANE,MADISON CITY WARD 9,SPRING GENERAL,JUSTICE OF THE SUPREME COURT,NONPARTISAN,SCATTERING,65,0
2005,APRIL,DANE,MADISON CITY WARD 10,SPRING GENERAL,JUSTICE OF THE SUPREME COURT,NONPARTISAN,ANN W. BRADLEY,351,348
2005,APRIL,DANE,MADISON CITY WARD 10,SPRING GENERAL,JUSTICE OF THE SUPREME COURT,NONPARTISAN,SCATTERING,351,3
2005,APRIL,DANE,MADISON CITY WARD 11,SPRING GENERAL,JUSTICE OF THE SUPREME COURT,NONPARTISAN,ANN W. BRADLEY,510,507
2005,APRIL,DANE,MADISON CITY WARD 11,SPRING GENERAL,JUSTICE OF THE SUPREME COURT,NONPARTISAN,SCATTERING,510,3
2005,APRIL,DANE,MADISON CITY WARD 12,SPRING GENERAL,JUSTICE OF THE SUPREME COURT,NONPARTISAN,ANN W. BRADLEY,168,167
2005,APRIL,DANE,MADISON CITY WARD 12,SPRING GENERAL,JUSTICE OF THE SUPREME COURT,NONPARTISAN,SCATTERING,168,1
2005,APRIL,DANE,MADISON CITY WARD 13,SPRING GENERAL,JUSTICE OF THE SUPREME COURT,NONPARTISAN,ANN W. BRADLEY,85,83
2005,APRIL,DANE,MADISON CITY WARD 13,SPRING GENERAL,JUSTICE OF THE SUPREME COURT,NONPARTISAN,SCATTERING,85,2
2005,APRIL,DANE,MADISON CITY WARD 14,SPRING GENERAL,JUSTICE OF THE SUPREME COURT,NONPARTISAN,ANN W. BRADLEY,198,195
2005,APRIL,DANE,MADISON CITY WARD 14,SPRING GENERAL,JUSTICE OF THE SUPREME COURT,NONPARTISAN,SCATTERING,198,3
2005,APRIL,DANE,MADISON CITY WARD 15,SPRING GENERAL,JUSTICE OF THE SUPREME COURT,NONPARTISAN,ANN W. BRADLEY,90,89
2005,APRIL,DANE,MADISON CITY WARD 15,SPRING GENERAL,JUSTICE OF THE SUPREME COURT,NONPARTISAN,SCATTERING,90,1
2005,APRIL,DANE,MADISON CITY WARD 16,SPRING GENERAL,JUSTICE OF THE SUPREME COURT,NONPARTISAN,ANN W. BRADLEY,66,66
2005,APRIL,DANE,MADISON CITY WARD 16,SPRING GENERAL,JUSTICE OF THE SUPREME COURT,NONPARTISAN,SCATTERING,66,0
2005,APRIL,DANE,MADISON CITY WARD 17,SPRING GENERAL,JUSTICE OF THE SUPREME COURT,NONPARTISAN,ANN W. BRADLEY,146,145
2005,APRIL,DANE,MADISON CITY WARD 17,SPRING GENERAL,JUSTICE OF THE SUPREME COURT,NONPARTISAN,SCATTERING,146,1
2005,APRIL,DANE,MADISON CITY WARD 18,SPRING GENERAL,JUSTICE OF THE SUPREME COURT,NONPARTISAN,ANN W. BRADLEY,101,100
2005,APRIL,DANE,MADISON CITY WARD 18,SPRING GENERAL,JUSTICE OF THE SUPREME COURT,NONPARTISAN,SCATTERING,101,1
2005,APRIL,DANE,MADISON CITY WARD 19,SPRING GENERAL,JUSTICE OF THE SUPREME COURT,NONPARTISAN,ANN W. BRADLEY,186,186
2005,APRIL,DANE,MADISON CITY WARD 19,SPRING GENERAL,JUSTICE OF THE SUPREME COURT,NONPARTISAN,SCATTERING,186,0
2005,APRIL,DANE,MADISON CITY WARD 20,SPRING GENERAL,JUSTICE OF THE SUPREME COURT,NONPARTISAN,ANN W. BRADLEY,69,69
2005,APRIL,DANE,MADISON CITY WARD 20,SPRING GENERAL,JUSTICE OF THE SUPREME COURT,NONPARTISAN,SCATTERING,69,0
2005,APRIL,DANE,MADISON CITY WARD 21,SPRING GENERAL,JUSTICE OF THE SUPREME COURT,NONPARTISAN,ANN W. BRADLEY,29,29
2005,APRIL,DANE,MADISON CITY WARD 21,SPRING GENERAL,JUSTICE OF THE SUPREME COURT,NONPARTISAN,SCATTERING,29,0
2005,APRIL,DANE,MADISON CITY WARD 22,SPRING GENERAL,JUSTICE OF THE SUPREME COURT,NONPARTISAN,ANN W. BRADLEY,194,191
2005,APRIL,DANE,MADISON CITY WARD 22,SPRING GENERAL,JUSTICE OF THE SUPREME COURT,NONPARTISAN,SCATTERING,194,3
2005,APRIL,DANE,MADISON CITY WARD 23,SPRING GENERAL,JUSTICE OF THE SUPREME COURT,NONPARTISAN,ANN W. BRADLEY,58,58
2005,APRIL,DANE,MADISON CITY WARD 23,SPRING GENERAL,JUSTICE OF THE SUPREME COURT,NONPARTISAN,SCATTERING,58,0
2005,APRIL,DANE,MADISON CITY WARD 24,SPRING GENERAL,JUSTICE OF THE SUPREME COURT,NONPARTISAN,ANN W. BRADLEY,253,252
2005,APRIL,DANE,MADISON CITY WARD 24,SPRING GENERAL,JUSTICE OF THE SUPREME COURT,NONPARTISAN,SCATTERING,253,1
2005,APRIL,DANE,MADISON CITY WARD 25,SPRING GENERAL,JUSTICE OF THE SUPREME COURT,NONPARTISAN,ANN W. BRADLEY,606,601
2005,APRIL,DANE,MADISON CITY WARD 25,SPRING GENERAL,JUSTICE OF THE SUPREME COURT,NONPARTISAN,SCATTERING,606,5
2005,APRIL,DANE,MADISON CITY WARD 26,SPRING GENERAL,JUSTICE OF THE SUPREME COURT,NONPARTISAN,ANN W. BRADLEY,37,37
2005,APRIL,DANE,MADISON CITY WARD 26,SPRING GENERAL,JUSTICE OF THE SUPREME COURT,NONPARTISAN,SCATTERING,37,0
2005,APRIL,DANE,MADISON CITY WARD 27,SPRING GENERAL,JUSTICE OF THE SUPREME COURT,NONPARTISAN,ANN W. BRADLEY,311,310
2005,APRIL,DANE,MADISON CITY WARD 27,SPRING GENERAL,JUSTICE OF THE SUPREME COURT,NONPARTISAN,SCATTERING,311,1
2005,APRIL,DANE,MADISON CITY WARD 28,SPRING GENERAL,JUSTICE OF THE SUPREME COURT,NONPARTISAN,ANN W. BRADLEY,33,32
2005,APRIL,DANE,MADISON CITY WARD 28,SPRING GENERAL,JUSTICE OF THE SUPREME COURT,NONPARTISAN,SCATTERING,33,1
2005,APRIL,DANE,MADISON CITY WARD 29,SPRING GENERAL,JUSTICE OF THE SUPREME COURT,NONPARTISAN,ANN W. BRADLEY,78,78
2005,APRIL,DANE,MADISON CITY WARD 29,SPRING GENERAL,JUSTICE OF THE SUPREME COURT,NONPARTISAN,SCATTERING,78,0
2005,APRIL,DANE,MADISON CITY WARD 30,SPRING GENERAL,JUSTICE OF THE SUPREME COURT,NONPARTISAN,ANN W. BRADLEY,291,289
2005,APRIL,DANE,MADISON CITY WARD 30,SPRING GENERAL,JUSTICE OF THE SUPREME COURT,NONPARTISAN,SCATTERING,291,2
2005,APRIL,DANE,MADISON CITY WARD 31,SPRING GENERAL,JUSTICE OF THE SUPREME COURT,NONPARTISAN,ANN W. BRADLEY,173,172
2005,APRIL,DANE,MADISON CITY WARD 31,SPRING GENERAL,JUSTICE OF THE SUPREME COURT,NONPARTISAN,SCATTERING,173,1
2005,APRIL,DANE,MADISON CITY WARD 32,SPRING GENERAL,JUSTICE OF THE SUPREME COURT,NONPARTISAN,ANN W. BRADLEY,349,343
2005,APRIL,DANE,MADISON CITY WARD 32,SPRING GENERAL,JUSTICE OF THE SUPREME COURT,NONPARTISAN,SCATTERING,349,6
2005,APRIL,DANE,MADISON CITY WARD 33,SPRING GENERAL,JUSTICE OF THE SUPREME COURT,NONPARTISAN,ANN W. BRADLEY,468,457
2005,APRIL,DANE,MADISON CITY WARD 33,SPRING GENERAL,JUSTICE OF THE SUPREME COURT,NONPARTISAN,SCATTERING,468,11
2005,APRIL,DANE,MADISON CITY WARD 34,SPRING GENERAL,JUSTICE OF THE SUPREME COURT,NONPARTISAN,ANN W. BRADLEY,466,461
2005,APRIL,DANE,MADISON CITY WARD 34,SPRING GENERAL,JUSTICE OF THE SUPREME COURT,NONPARTISAN,SCATTERING,466,5
2005,APRIL,DANE,MADISON CITY WARD 35,SPRING GENERAL,JUSTICE OF THE SUPREME COURT,NONPARTISAN,ANN W. BRADLEY,219,214
2005,APRIL,DANE,MADISON CITY WARD 35,SPRING GENERAL,JUSTICE OF THE SUPREME COURT,NONPARTISAN,SCATTERING,219,5
2005,APRIL,DANE,MADISON CITY WARD 36,SPRING GENERAL,JUSTICE OF THE SUPREME COURT,NONPARTISAN,ANN W. BRADLEY,61,60
2005,APRIL,DANE,MADISON CITY WARD 36,SPRING GENERAL,JUSTICE OF THE SUPREME COURT,NONPARTISAN,SCATTERING,61,1
2005,APRIL,DANE,MADISON CITY WARD 37,SPRING GENERAL,JUSTICE OF THE SUPREME COURT,NONPARTISAN,ANN W. BRADLEY,256,250
2005,APRIL,DANE,MADISON CITY WARD 37,SPRING GENERAL,JUSTICE OF THE SUPREME COURT,NONPARTISAN,SCATTERING,256,6
2005,APRIL,DANE,MADISON CITY WARD 38,SPRING GENERAL,JUSTICE OF THE SUPREME COURT,NONPARTISAN,ANN W. BRADLEY,158,158
2005,APRIL,DANE,MADISON CITY WARD 38,SPRING GENERAL,JUSTICE OF THE SUPREME COURT,NONPARTISAN,SCATTERING,158,0
2005,APRIL,DANE,MADISON CITY WARD 39,SPRING GENERAL,JUSTICE OF THE SUPREME COURT,NONPARTISAN,ANN W. BRADLEY,141,137
2005,APRIL,DANE,MADISON CITY WARD 39,SPRING GENERAL,JUSTICE OF THE SUPREME COURT,NONPARTISAN,SCATTERING,141,4
2005,APRIL,DANE,MADISON CITY WARD 40,SPRING GENERAL,JUSTICE OF THE SUPREME COURT,NONPARTISAN,ANN W. BRADLEY,83,80
2005,APRIL,DANE,MADISON CITY WARD 40,SPRING GENERAL,JUSTICE OF THE SUPREME COURT,NONPARTISAN,SCATTERING,83,3
2005,APRIL,DANE,MADISON CITY WARD 41,SPRING GENERAL,JUSTICE OF THE SUPREME COURT,NONPARTISAN,ANN W. BRADLEY,77,75
2005,APRIL,DANE,MADISON CITY WARD 41,SPRING GENERAL,JUSTICE OF THE SUPREME COURT,NONPARTISAN,SCATTERING,77,2
2005,APRIL,DANE,MADISON CITY WARD 42,SPRING GENERAL,JUSTICE OF THE SUPREME COURT,NONPARTISAN,ANN W. BRADLEY,56,54
2005,APRIL,DANE,MADISON CITY WARD 42,SPRING GENERAL,JUSTICE OF THE SUPREME COURT,NONPARTISAN,SCATTERING,56,2
2005,APRIL,DANE,MADISON CITY WARD 43,SPRING GENERAL,JUSTICE OF THE SUPREME COURT,NONPARTISAN,ANN W. BRADLEY,240,235
2005,APRIL,DANE,MADISON CITY WARD 43,SPRING GENERAL,JUSTICE OF THE SUPREME COURT,NONPARTISAN,SCATTERING,240,5
2005,APRIL,DANE,MADISON CITY WARD 44,SPRING GENERAL,JUSTICE OF THE SUPREME COURT,NONPARTISAN,ANN W. BRADLEY,172,169
2005,APRIL,DANE,MADISON CITY WARD 44,SPRING GENERAL,JUSTICE OF THE SUPREME COURT,NONPARTISAN,SCATTERING,172,3
2005,APRIL,DANE,MADISON CITY WARD 45,SPRING GENERAL,JUSTICE OF THE SUPREME COURT,NONPARTISAN,ANN W. BRADLEY,127,122
2005,APRIL,DANE,MADISON CITY WARD 45,SPRING GENERAL,JUSTICE OF THE SUPREME COURT,NONPARTISAN,SCATTERING,127,5
2005,APRIL,DANE,MADISON CITY WARD 46,SPRING GENERAL,JUSTICE OF THE SUPREME COURT,NONPARTISAN,ANN W. BRADLEY,91,84
2005,APRIL,DANE,MADISON CITY WARD 46,SPRING GENERAL,JUSTICE OF THE SUPREME COURT,NONPARTISAN,SCATTERING,91,7
2005,APRIL,DANE,MADISON CITY WARD 47,SPRING GENERAL,JUSTICE OF THE SUPREME COURT,NONPARTISAN,ANN W. BRADLEY,61,61
2005,APRIL,DANE,MADISON CITY WARD 47,SPRING GENERAL,JUSTICE OF THE SUPREME COURT,NONPARTISAN,SCATTERING,61,0
2005,APRIL,DANE,MADISON CITY WARD 48,SPRING GENERAL,JUSTICE OF THE SUPREME COURT,NONPARTISAN,ANN W. BRADLEY,68,68
2005,APRIL,DANE,MADISON CITY WARD 48,SPRING GENERAL,JUSTICE OF THE SUPREME COURT,NONPARTISAN,SCATTERING,68,0
2005,APRIL,DANE,MADISON CITY WARD 49,SPRING GENERAL,JUSTICE OF THE SUPREME COURT,NONPARTISAN,ANN W. BRADLEY,89,89
2005,APRIL,DANE,MADISON CITY WARD 49,SPRING GENERAL,JUSTICE OF THE SUPREME COURT,NONPARTISAN,SCATTERING,89,0
2005,APRIL,DANE,MADISON CITY WARD 50,SPRING GENERAL,JUSTICE OF THE SUPREME COURT,NONPARTISAN,ANN W. BRADLEY,360,358
2005,APRIL,DANE,MADISON CITY WARD 50,SPRING GENERAL,JUSTICE OF THE SUPREME COURT,NONPARTISAN,SCATTERING,360,2
2005,APRIL,DANE,MADISON CITY WARD 51,SPRING GENERAL,JUSTICE OF THE SUPREME COURT,NONPARTISAN,ANN W. BRADLEY,159,156
2005,APRIL,DANE,MADISON CITY WARD 51,SPRING GENERAL,JUSTICE OF THE SUPREME COURT,NONPARTISAN,SCATTERING,159,3
2005,APRIL,DANE,MADISON CITY WARD 52,SPRING GENERAL,JUSTICE OF THE SUPREME COURT,NONPARTISAN,ANN W. BRADLEY,415,410
2005,APRIL,DANE,MADISON CITY WARD 52,SPRING GENERAL,JUSTICE OF THE SUPREME COURT,NONPARTISAN,SCATTERING,415,5
2005,APRIL,DANE,MADISON CITY WARD 53,SPRING GENERAL,JUSTICE OF THE SUPREME COURT,NONPARTISAN,ANN W. BRADLEY,112,112
2005,APRIL,DANE,MADISON CITY WARD 53,SPRING GENERAL,JUSTICE OF THE SUPREME COURT,NONPARTISAN,SCATTERING,112,0
2005,APRIL,DANE,MADISON CITY WARD 54,SPRING GENERAL,JUSTICE OF THE SUPREME COURT,NONPARTISAN,ANN W. BRADLEY,162,161
2005,APRIL,DANE,MADISON CITY WARD 54,SPRING GENERAL,JUSTICE OF THE SUPREME COURT,NONPARTISAN,SCATTERING,162,1
2005,APRIL,DANE,MADISON CITY WARD 55,SPRING GENERAL,JUSTICE OF THE SUPREME COURT,NONPARTISAN,ANN W. BRADLEY,11,11
2005,APRIL,DANE,MADISON CITY WARD 55,SPRING GENERAL,JUSTICE OF THE SUPREME COURT,NONPARTISAN,SCATTERING,11,0
2005,APRIL,DANE,MADISON CITY WARD 56,SPRING GENERAL,JUSTICE OF THE SUPREME COURT,NONPARTISAN,ANN W. BRADLEY,174,174
2005,APRIL,DANE,MADISON CITY WARD 56,SPRING GENERAL,JUSTICE OF THE SUPREME COURT,NONPARTISAN,SCATTERING,174,0
2005,APRIL,DANE,MADISON CITY WARD 57,SPRING GENERAL,JUSTICE OF THE SUPREME COURT,NONPARTISAN,ANN W. BRADLEY,51,50
2005,APRIL,DANE,MADISON CITY WARD 57,SPRING GENERAL,JUSTICE OF THE SUPREME COURT,NONPARTISAN,SCATTERING,51,1
2005,APRIL,DANE,MADISON CITY WARD 58,SPRING GENERAL,JUSTICE OF THE SUPREME COURT,NONPARTISAN,ANN W. BRADLEY,23,21
2005,APRIL,DANE,MADISON CITY WARD 58,SPRING GENERAL,JUSTICE OF THE SUPREME COURT,NONPARTISAN,SCATTERING,23,2
2005,APRIL,DANE,MADISON CITY WARD 59,SPRING GENERAL,JUSTICE OF THE SUPREME COURT,NONPARTISAN,ANN W. BRADLEY,201,199
2005,APRIL,DANE,MADISON CITY WARD 59,SPRING GENERAL,JUSTICE OF THE SUPREME COURT,NONPARTISAN,SCATTERING,201,2
2005,APRIL,DANE,MADISON CITY WARD 60,SPRING GENERAL,JUSTICE OF THE SUPREME COURT,NONPARTISAN,ANN W. BRADLEY,14,14
2005,APRIL,DANE,MADISON CITY WARD 60,SPRING GENERAL,JUSTICE OF THE SUPREME COURT,NONPARTISAN,SCATTERING,14,0
2005,APRIL,DANE,MADISON CITY WARD 61,SPRING GENERAL,JUSTICE OF THE SUPREME COURT,NONPARTISAN,ANN W. BRADLEY,262,260
2005,APRIL,DANE,MADISON CITY WARD 61,SPRING GENERAL,JUSTICE OF THE SUPREME COURT,NONPARTISAN,SCATTERING,262,2
2005,APRIL,DANE,MADISON CITY WARD 62,SPRING GENERAL,JUSTICE OF THE SUPREME COURT,NONPARTISAN,ANN W. BRADLEY,83,81
2005,APRIL,DANE,MADISON CITY WARD 62,SPRING GENERAL,JUSTICE OF THE SUPREME COURT,NONPARTISAN,SCATTERING,83,2
2005,APRIL,DANE,MADISON CITY WARD 63,SPRING GENERAL,JUSTICE OF THE SUPREME COURT,NONPARTISAN,ANN W. BRADLEY,46,46
2005,APRIL,DANE,MADISON CITY WARD 63,SPRING GENERAL,JUSTICE OF THE SUPREME COURT,NONPARTISAN,SCATTERING,46,0
2005,APRIL,DANE,MADISON CITY WARD 64,SPRING GENERAL,JUSTICE OF THE SUPREME COURT,NONPARTISAN,ANN W. BRADLEY,308,306
2005,APRIL,DANE,MADISON CITY WARD 64,SPRING GENERAL,JUSTICE OF THE SUPREME COURT,NONPARTISAN,SCATTERING,308,2
2005,APRIL,DANE,MADISON CITY WARD 65,SPRING GENERAL,JUSTICE OF THE SUPREME COURT,NONPARTISAN,ANN W. BRADLEY,432,428
2005,APRIL,DANE,MADISON CITY WARD 65,SPRING GENERAL,JUSTICE OF THE SUPREME COURT,NONPARTISAN,SCATTERING,432,4
2005,APRIL,DANE,MADISON CITY WARD 66,SPRING GENERAL,JUSTICE OF THE SUPREME COURT,NONPARTISAN,ANN W. BRADLEY,413,411
2005,APRIL,DANE,MADISON CITY WARD 66,SPRING GENERAL,JUSTICE OF THE SUPREME COURT,NONPARTISAN,SCATTERING,413,2
2005,APRIL,DANE,MADISON CITY WARD 67,SPRING GENERAL,JUSTICE OF THE SUPREME COURT,NONPARTISAN,ANN W. BRADLEY,612,612
2005,APRIL,DANE,MADISON CITY WARD 67,SPRING GENERAL,JUSTICE OF THE SUPREME COURT,NONPARTISAN,SCATTERING,612,0
2005,APRIL,DANE,MADISON CITY WARD 68,SPRING GENERAL,JUSTICE OF THE SUPREME COURT,NONPARTISAN,ANN W. BRADLEY,90,89
2005,APRIL,DANE,MADISON CITY WARD 68,SPRING GENERAL,JUSTICE OF THE SUPREME COURT,NONPARTISAN,SCATTERING,90,1
2005,APRIL,DANE,MADISON CITY WARD 69,SPRING GENERAL,JUSTICE OF THE SUPREME COURT,NONPARTISAN,ANN W. BRADLEY,411,409
2005,APRIL,DANE,MADISON CITY WARD 69,SPRING GENERAL,JUSTICE OF THE SUPREME COURT,NONPARTISAN,SCATTERING,411,2
2005,APRIL,DANE,MADISON CITY WARD 70,SPRING GENERAL,JUSTICE OF THE SUPREME COURT,NONPARTISAN,ANN W. BRADLEY,365,363
2005,APRIL,DANE,MADISON CITY WARD 70,SPRING GENERAL,JUSTICE OF THE SUPREME COURT,NONPARTISAN,SCATTERING,365,2
2005,APRIL,DANE,MADISON CITY WARD 71,SPRING GENERAL,JUSTICE OF THE SUPREME COURT,NONPARTISAN,ANN W. BRADLEY,165,165
2005,APRIL,DANE,MADISON CITY WARD 71,SPRING GENERAL,JUSTICE OF THE SUPREME COURT,NONPARTISAN,SCATTERING,165,0
2005,APRIL,DANE,MADISON CITY WARD 72,SPRING GENERAL,JUSTICE OF THE SUPREME COURT,NONPARTISAN,ANN W. BRADLEY,421,421
2005,APRIL,DANE,MADISON CITY WARD 72,SPRING GENERAL,JUSTICE OF THE SUPREME COURT,NONPARTISAN,SCATTERING,421,0
2005,APRIL,DANE,MADISON CITY WARD 73,SPRING GENERAL,JUSTICE OF THE SUPREME COURT,NONPARTISAN,ANN W. BRADLEY,274,273
2005,APRIL,DANE,MADISON CITY WARD 73,SPRING GENERAL,JUSTICE OF THE SUPREME COURT,NONPARTISAN,SCATTERING,274,1
2005,APRIL,DANE,MADISON CITY WARD 74,SPRING GENERAL,JUSTICE OF THE SUPREME COURT,NONPARTISAN,ANN W. BRADLEY,362,361
2005,APRIL,DANE,MADISON CITY WARD 74,SPRING GENERAL,JUSTICE OF THE SUPREME COURT,NONPARTISAN,SCATTERING,362,1
2005,APRIL,DANE,MADISON CITY WARD 75,SPRING GENERAL,JUSTICE OF THE SUPREME COURT,NONPARTISAN,ANN W. BRADLEY,442,437
2005,APRIL,DANE,MADISON CITY WARD 75,SPRING GENERAL,JUSTICE OF THE SUPREME COURT,NONPARTISAN,SCATTERING,442,5
2005,APRIL,DANE,MADISON CITY WARD 76,SPRING GENERAL,JUSTICE OF THE SUPREME COURT,NONPARTISAN,ANN W. BRADLEY,287,287
2005,APRIL,DANE,MADISON CITY WARD 76,SPRING GENERAL,JUSTICE OF THE SUPREME COURT,NONPARTISAN,SCATTERING,287,0
2005,APRIL,DANE,MADISON CITY WARD 77,SPRING GENERAL,JUSTICE OF THE SUPREME COURT,NONPARTISAN,ANN W. BRADLEY,167,167
2005,APRIL,DANE,MADISON CITY WARD 77,SPRING GENERAL,JUSTICE OF THE SUPREME COURT,NONPARTISAN,SCATTERING,167,0
2005,APRIL,DANE,MADISON CITY WARD 78,SPRING GENERAL,JUSTICE OF THE SUPREME COURT,NONPARTISAN,ANN W. BRADLEY,334,332
2005,APRIL,DANE,MADISON CITY WARD 78,SPRING GENERAL,JUSTICE OF THE SUPREME COURT,NONPARTISAN,SCATTERING,334,2
2005,APRIL,DANE,MADISON CITY WARD 79,SPRING GENERAL,JUSTICE OF THE SUPREME COURT,NONPARTISAN,ANN W. BRADLEY,161,160
2005,APRIL,DANE,MADISON CITY WARD 79,SPRING GENERAL,JUSTICE OF THE SUPREME COURT,NONPARTISAN,SCATTERING,161,1
2005,APRIL,DANE,MADISON CITY WARD 80,SPRING GENERAL,JUSTICE OF THE SUPREME COURT,NONPARTISAN,ANN W. BRADLEY,33,32
2005,APRIL,DANE,MADISON CITY WARD 80,SPRING GENERAL,JUSTICE OF THE SUPREME COURT,NONPARTISAN,SCATTERING,33,1
2005,APRIL,DANE,MADISON CITY WARD 81,SPRING GENERAL,JUSTICE OF THE SUPREME COURT,NONPARTISAN,ANN W. BRADLEY,297,296
2005,APRIL,DANE,MADISON CITY WARD 81,SPRING GENERAL,JUSTICE OF THE SUPREME COURT,NONPARTISAN,SCATTERING,297,1
2005,APRIL,DANE,MADISON CITY WARD 82,SPRING GENERAL,JUSTICE OF THE SUPREME COURT,NONPARTISAN,ANN W. BRADLEY,354,352
2005,APRIL,DANE,MADISON CITY WARD 82,SPRING GENERAL,JUSTICE OF THE SUPREME COURT,NONPARTISAN,SCATTERING,354,2
2005,APRIL,DANE,MADISON CITY WARD 83,SPRING GENERAL,JUSTICE OF THE SUPREME COURT,NONPARTISAN,ANN W. BRADLEY,245,242
2005,APRIL,DANE,MADISON CITY WARD 83,SPRING GENERAL,JUSTICE OF THE SUPREME COURT,NONPARTISAN,SCATTERING,245,3
2005,APRIL,DANE,MADISON CITY WARD 84,SPRING GENERAL,JUSTICE OF THE SUPREME COURT,NONPARTISAN,ANN W. BRADLEY,394,392
2005,APRIL,DANE,MADISON CITY WARD 84,SPRING GENERAL,JUSTICE OF THE SUPREME COURT,NONPARTISAN,SCATTERING,394,2
2005,APRIL,DANE,MADISON CITY WARD 85,SPRING GENERAL,JUSTICE OF THE SUPREME COURT,NONPARTISAN,ANN W. BRADLEY,435,431
2005,APRIL,DANE,MADISON CITY WARD 85,SPRING GENERAL,JUSTICE OF THE SUPREME COURT,NONPARTISAN,SCATTERING,435,4
2005,APRIL,DANE,MADISON CITY WARD 86,SPRING GENERAL,JUSTICE OF THE SUPREME COURT,NONPARTISAN,ANN W. BRADLEY,552,550
2005,APRIL,DANE,MADISON CITY WARD 86,SPRING GENERAL,JUSTICE OF THE SUPREME COURT,NONPARTISAN,SCATTERING,552,2
2005,APRIL,DANE,MADISON CITY WARD 87,SPRING GENERAL,JUSTICE OF THE SUPREME COURT,NONPARTISAN,ANN W. BRADLEY,460,459
2005,APRIL,DANE,MADISON CITY WARD 87,SPRING GENERAL,JUSTICE OF THE SUPREME COURT,NONPARTISAN,SCATTERING,460,1
2005,APRIL,DANE,MADISON CITY WARD 88,SPRING GENERAL,JUSTICE OF THE SUPREME COURT,NONPARTISAN,ANN W. BRADLEY,85,84
2005,APRIL,DANE,MADISON CITY WARD 88,SPRING GENERAL,JUSTICE OF THE SUPREME COURT,NONPARTISAN,SCATTERING,85,1
2005,APRIL,DANE,MADISON CITY WARD 89,SPRING GENERAL,JUSTICE OF THE SUPREME COURT,NONPARTISAN,ANN W. BRADLEY,142,142
2005,APRIL,DANE,MADISON CITY WARD 89,SPRING GENERAL,JUSTICE OF THE SUPREME COURT,NONPARTISAN,SCATTERING,142,0
2005,APRIL,DANE,MADISON CITY WARD 90,SPRING GENERAL,JUSTICE OF THE SUPREME COURT,NONPARTISAN,ANN W. BRADLEY,112,109
2005,APRIL,DANE,MADISON CITY WARD 90,SPRING GENERAL,JUSTICE OF THE SUPREME COURT,NONPARTISAN,SCATTERING,112,3
2005,APRIL,DANE,MADISON CITY WARD 91,SPRING GENERAL,JUSTICE OF THE SUPREME COURT,NONPARTISAN,ANN W. BRADLEY,130,129
2005,APRIL,DANE,MADISON CITY WARD 91,SPRING GENERAL,JUSTICE OF THE SUPREME COURT,NONPARTISAN,SCATTERING,130,1
2005,APRIL,DANE,MADISON CITY WARD 92,SPRING GENERAL,JUSTICE OF THE SUPREME COURT,NONPARTISAN,ANN W. BRADLEY,211,211
2005,APRIL,DANE,MADISON CITY WARD 92,SPRING GENERAL,JUSTICE OF THE SUPREME COURT,NONPARTISAN,SCATTERING,211,0
2005,APRIL,DANE,MADISON CITY WARD 93,SPRING GENERAL,JUSTICE OF THE SUPREME COURT,NONPARTISAN,ANN W. BRADLEY,186,184
2005,APRIL,DANE,MADISON CITY WARD 93,SPRING GENERAL,JUSTICE OF THE SUPREME COURT,NONPARTISAN,SCATTERING,186,2
2005,APRIL,DANE,MADISON CITY WARD 94,SPRING GENERAL,JUSTICE OF THE SUPREME COURT,NONPARTISAN,ANN W. BRADLEY,104,104
2005,APRIL,DANE,MADISON CITY WARD 94,SPRING GENERAL,JUSTICE OF THE SUPREME COURT,NONPARTISAN,SCATTERING,104,0
2005,APRIL,DANE,MADISON CITY WARD 95,SPRING GENERAL,JUSTICE OF THE SUPREME COURT,NONPARTISAN,ANN W. BRADLEY,134,133
2005,APRIL,DANE,MADISON CITY WARD 95,SPRING GENERAL,JUSTICE OF THE SUPREME COURT,NONPARTISAN,SCATTERING,134,1
2005,APRIL,DANE,MADISON CITY WARD 96,SPRING GENERAL,JUSTICE OF THE SUPREME COURT,NONPARTISAN,ANN W. BRADLEY,425,424
2005,APRIL,DANE,MADISON CITY WARD 96,SPRING GENERAL,JUSTICE OF THE SUPREME COURT,NONPARTISAN,SCATTERING,425,1
2005,APRIL,DANE,MADISON CITY WARD 97,SPRING GENERAL,JUSTICE OF THE SUPREME COURT,NONPARTISAN,ANN W. BRADLEY,117,117
2005,APRIL,DANE,MADISON CITY WARD 97,SPRING GENERAL,JUSTICE OF THE SUPREME COURT,NONPARTISAN,SCATTERING,117,0
2005,APRIL,DANE,MADISON CITY WARD 98,SPRING GENERAL,JUSTICE OF THE SUPREME COURT,NONPARTISAN,ANN W. BRADLEY,195,194
2005,APRIL,DANE,MADISON CITY WARD 98,SPRING GENERAL,JUSTICE OF THE SUPREME COURT,NONPARTISAN,SCATTERING,195,1
2005,APRIL,DANE,MADISON CITY WARD 99,SPRING GENERAL,JUSTICE OF THE SUPREME COURT,NONPARTISAN,ANN W. BRADLEY,345,342
2005,APRIL,DANE,MADISON CITY WARD 99,SPRING GENERAL,JUSTICE OF THE SUPREME COURT,NONPARTISAN,SCATTERING,345,3
2005,APRIL,DANE,MADISON CITY WARD 100,SPRING GENERAL,JUSTICE OF THE SUPREME COURT,NONPARTISAN,ANN W. BRADLEY,0,0
2005,APRIL,DANE,MADISON CITY WARD 100,SPRING GENERAL,JUSTICE OF THE SUPREME COURT,NONPARTISAN,SCATTERING,0,0
2005,APRIL,DANE,MADISON CITY WARD 101,SPRING GENERAL,JUSTICE OF THE SUPREME COURT,NONPARTISAN,ANN W. BRADLEY,0,0
2005,APRIL,DANE,MADISON CITY WARD 101,SPRING GENERAL,JUSTICE OF THE SUPREME COURT,NONPARTISAN,SCATTERING,0,0
2005,APRIL,DANE,MADISON CITY WARD 102,SPRING GENERAL,JUSTICE OF THE SUPREME COURT,NONPARTISAN,ANN W. BRADLEY,5,5
2005,APRIL,DANE,MADISON CITY WARD 102,SPRING GENERAL,JUSTICE OF THE SUPREME COURT,NONPARTISAN,SCATTERING,5,0
2005,APRIL,DANE,MADISON CITY WARD 103,SPRING GENERAL,JUSTICE OF THE SUPREME COURT,NONPARTISAN,ANN W. BRADLEY,0,0
2005,APRIL,DANE,MADISON CITY WARD 103,SPRING GENERAL,JUSTICE OF THE SUPREME COURT,NONPARTISAN,SCATTERING,0,0
2005,APRIL,DANE,MADISON CITY WARD 104,SPRING GENERAL,JUSTICE OF THE SUPREME COURT,NONPARTISAN,ANN W. BRADLEY,0,0
2005,APRIL,DANE,MADISON CITY WARD 104,SPRING GENERAL,JUSTICE OF THE SUPREME COURT,NONPARTISAN,SCATTERING,0,0
2005,APRIL,DANE,MADISON CITY WARD 105,SPRING GENERAL,JUSTICE OF THE SUPREME COURT,NONPARTISAN,ANN W. BRADLEY,0,0
2005,APRIL,DANE,MADISON CITY WARD 105,SPRING GENERAL,JUSTICE OF THE SUPREME COURT,NONPARTISAN,SCATTERING,0,0
2005,APRIL,DANE,MADISON CITY WARD 106,SPRING GENERAL,JUSTICE OF THE SUPREME COURT,NONPARTISAN,ANN W. BRADLEY,0,0
2005,APRIL,DANE,MADISON CITY WARD 106,SPRING GENERAL,JUSTICE OF THE SUPREME COURT,NONPARTISAN,SCATTERING,0,0
2005,APRIL,DANE,MADISON CITY WARD 107,SPRING GENERAL,JUSTICE OF THE SUPREME COURT,NONPARTISAN,ANN W. BRADLEY,1,1
2005,APRIL,DANE,MADISON CITY WARD 107,SPRING GENERAL,JUSTICE OF THE SUPREME COURT,NONPARTISAN,SCATTERING,1,0
2005,APRIL,DANE,MADISON CITY WARD 108,SPRING GENERAL,JUSTICE OF THE SUPREME COURT,NONPARTISAN,ANN W. BRADLEY,0,0
2005,APRIL,DANE,MADISON CITY WARD 108,SPRING GENERAL,JUSTICE OF THE SUPREME COURT,NONPARTISAN,SCATTERING,0,0
2005,APRIL,DANE,MADISON CITY WARD 109,SPRING GENERAL,JUSTICE OF THE SUPREME COURT,NONPARTISAN,ANN W. BRADLEY,0,0
2005,APRIL,DANE,MADISON CITY WARD 109,SPRING GENERAL,JUSTICE OF THE SUPREME COURT,NONPARTISAN,SCATTERING,0,0
2005,APRIL,DANE,MADISON CITY WARD 110,SPRING GENERAL,JUSTICE OF THE SUPREME COURT,NONPARTISAN,ANN W. BRADLEY,9,9
2005,APRIL,DANE,MADISON CITY WARD 110,SPRING GENERAL,JUSTICE OF THE SUPREME COURT,NONPARTISAN,SCATTERING,9,0
2005,APRIL,DANE,MADISON CITY WARD 111,SPRING GENERAL,JUSTICE OF THE SUPREME COURT,NONPARTISAN,ANN W. BRADLEY,0,0
2005,APRIL,DANE,MADISON CITY WARD 111,SPRING GENERAL,JUSTICE OF THE SUPREME COURT,NONPARTISAN,SCATTERING,0,0
2005,APRIL,DANE,MADISON CITY WARD 112,SPRING GENERAL,JUSTICE OF THE SUPREME COURT,NONPARTISAN,ANN W. BRADLEY,0,0
2005,APRIL,DANE,MADISON CITY WARD 112,SPRING GENERAL,JUSTICE OF THE SUPREME COURT,NONPARTISAN,SCATTERING,0,0
2005,APRIL,DANE,MADISON CITY WARD 113,SPRING GENERAL,JUSTICE OF THE SUPREME COURT,NONPARTISAN,ANN W. BRADLEY,1,1
2005,APRIL,DANE,MADISON CITY WARD 113,SPRING GENERAL,JUSTICE OF THE SUPREME COURT,NONPARTISAN,SCATTERING,1,0
2005,APRIL,DANE,MADISON CITY WARD 114,SPRING GENERAL,JUSTICE OF THE SUPREME COURT,NONPARTISAN,ANN W. BRADLEY,0,0
2005,APRIL,DANE,MADISON CITY WARD 114,SPRING GENERAL,JUSTICE OF THE SUPREME COURT,NONPARTISAN,SCATTERING,0,0
2005,APRIL,DANE,MADISON CITY WARD 115,SPRING GENERAL,JUSTICE OF THE SUPREME COURT,NONPARTISAN,ANN W. BRADLEY,0,0
2005,APRIL,DANE,MADISON CITY WARD 115,SPRING GENERAL,JUSTICE OF THE SUPREME COURT,NONPARTISAN,SCATTERING,0,0
2005,APRIL,DANE,MADISON CITY WARD 116,SPRING GENERAL,JUSTICE OF THE SUPREME COURT,NONPARTISAN,ANN W. BRADLEY,0,0
2005,APRIL,DANE,MADISON CITY WARD 116,SPRING GENERAL,JUSTICE OF THE SUPREME COURT,NONPARTISAN,SCATTERING,0,0
2005,APRIL,DANE,MADISON CITY WARD 117,SPRING GENERAL,JUSTICE OF THE SUPREME COURT,NONPARTISAN,ANN W. BRADLEY,0,0
2005,APRIL,DANE,MADISON CITY WARD 117,SPRING GENERAL,JUSTICE OF THE SUPREME COURT,NONPARTISAN,SCATTERING,0,0
2005,APRIL,DANE,MADISON CITY WARD 118,SPRING GENERAL,JUSTICE OF THE SUPREME COURT,NONPARTISAN,ANN W. BRADLEY,0,0
2005,APRIL,DANE,MADISON CITY WARD 118,SPRING GENERAL,JUSTICE OF THE SUPREME COURT,NONPARTISAN,SCATTERING,0,0
2005,APRIL,DANE,MADISON CITY WARD 119,SPRING GENERAL,JUSTICE OF THE SUPREME COURT,NONPARTISAN,ANN W. BRADLEY,0,0
2005,APRIL,DANE,MADISON CITY WARD 119,SPRING GENERAL,JUSTICE OF THE SUPREME COURT,NONPARTISAN,SCATTERING,0,0
2005,APRIL,DANE,MADISON CITY WARD 120,SPRING GENERAL,JUSTICE OF THE SUPREME COURT,NONPARTISAN,ANN W. BRADLEY,0,0
2005,APRIL,DANE,MADISON CITY WARD 120,SPRING GENERAL,JUSTICE OF THE SUPREME COURT,NONPARTISAN,SCATTERING,0,0
2005,APRIL,DANE,MADISON CITY WARD 121,SPRING GENERAL,JUSTICE OF THE SUPREME COURT,NONPARTISAN,ANN W. BRADLEY,0,0
2005,APRIL,DANE,MADISON CITY WARD 121,SPRING GENERAL,JUSTICE OF THE SUPREME COURT,NONPARTISAN,SCATTERING,0,0
2005,APRIL,DANE,MADISON CITY WARD 122,SPRING GENERAL,JUSTICE OF THE SUPREME COURT,NONPARTISAN,ANN W. BRADLEY,0,0
2005,APRIL,DANE,MADISON CITY WARD 122,SPRING GENERAL,JUSTICE OF THE SUPREME COURT,NONPARTISAN,SCATTERING,0,0
2005,APRIL,DANE,MADISON CITY WARD 123,SPRING GENERAL,JUSTICE OF THE SUPREME COURT,NONPARTISAN,ANN W. BRADLEY,0,0
2005,APRIL,DANE,MADISON CITY WARD 123,SPRING GENERAL,JUSTICE OF THE SUPREME COURT,NONPARTISAN,SCATTERING,0,0
2005,APRIL,DANE,MADISON CITY WARD 124,SPRING GENERAL,JUSTICE OF THE SUPREME COURT,NONPARTISAN,ANN W. BRADLEY,0,0
2005,APRIL,DANE,MADISON CITY WARD 124,SPRING GENERAL,JUSTICE OF THE SUPREME COURT,NONPARTISAN,SCATTERING,0,0
2005,APRIL,DANE,MADISON CITY WARD 125,SPRING GENERAL,JUSTICE OF THE SUPREME COURT,NONPARTISAN,ANN W. BRADLEY,0,0
2005,APRIL,DANE,MADISON CITY WARD 125,SPRING GENERAL,JUSTICE OF THE SUPREME COURT,NONPARTISAN,SCATTERING,0,0
2005,APRIL,DANE,MADISON CITY WARD 126,SPRING GENERAL,JUSTICE OF THE SUPREME COURT,NONPARTISAN,ANN W. BRADLEY,0,0
2005,APRIL,DANE,MADISON CITY WARD 126,SPRING GENERAL,JUSTICE OF THE SUPREME COURT,NONPARTISAN,SCATTERING,0,0
2005,APRIL,DANE,MADISON CITY WARD 127,SPRING GENERAL,JUSTICE OF THE SUPREME COURT,NONPARTISAN,ANN W. BRADLEY,0,0
2005,APRIL,DANE,MADISON CITY WARD 127,SPRING GENERAL,JUSTICE OF THE SUPREME COURT,NONPARTISAN,SCATTERING,0,0
2005,APRIL,DANE,MADISON CITY WARD 128,SPRING GENERAL,JUSTICE OF THE SUPREME COURT,NONPARTISAN,ANN W. BRADLEY,0,0
2005,APRIL,DANE,MADISON CITY WARD 128,SPRING GENERAL,JUSTICE OF THE SUPREME COURT,NONPARTISAN,SCATTERING,0,0
2005,APRIL,DANE,MADISON CITY WARD 129,SPRING GENERAL,JUSTICE OF THE SUPREME COURT,NONPARTISAN,ANN W. BRADLEY,0,0
2005,APRIL,DANE,MADISON CITY WARD 129,SPRING GENERAL,JUSTICE OF THE SUPREME COURT,NONPARTISAN,SCATTERING,0,0
2005,APRIL,DANE,MADISON CITY WARD 130,SPRING GENERAL,JUSTICE OF THE SUPREME COURT,NONPARTISAN,ANN W. BRADLEY,0,0
2005,APRIL,DANE,MADISON CITY WARD 130,SPRING GENERAL,JUSTICE OF THE SUPREME COURT,NONPARTISAN,SCATTERING,0,0
2005,APRIL,DANE,MADISON CITY WARD 131,SPRING GENERAL,JUSTICE OF THE SUPREME COURT,NONPARTISAN,ANN W. BRADLEY,0,0
2005,APRIL,DANE,MADISON CITY WARD 131,SPRING GENERAL,JUSTICE OF THE SUPREME COURT,NONPARTISAN,SCATTERING,0,0
2005,APRIL,DANE,MADISON CITY WARD 132,SPRING GENERAL,JUSTICE OF THE SUPREME COURT,NONPARTISAN,ANN W. BRADLEY,0,0
2005,APRIL,DANE,MADISON CITY WARD 132,SPRING GENERAL,JUSTICE OF THE SUPREME COURT,NONPARTISAN,SCATTERING,0,0
2005,APRIL,DANE,MADISON CITY WARD 133,SPRING GENERAL,JUSTICE OF THE SUPREME COURT,NONPARTISAN,ANN W. BRADLEY,0,0
2005,APRIL,DANE,MADISON CITY WARD 133,SPRING GENERAL,JUSTICE OF THE SUPREME COURT,NONPARTISAN,SCATTERING,0,0
2005,APRIL,DANE,MIDDLETON CITY WARDS 1 - 4 & 9,SPRING GENERAL,JUSTICE OF THE SUPREME COURT,NONPARTISAN,ANN W. BRADLEY,504,500
2005,APRIL,DANE,MIDDLETON CITY WARDS 1 - 4 & 9,SPRING GENERAL,JUSTICE OF THE SUPREME COURT,NONPARTISAN,SCATTERING,504,4
2005,APRIL,DANE,MIDDLETON CITY WARDS 5 - 8 & 10,SPRING GENERAL,JUSTICE OF THE SUPREME COURT,NONPARTISAN,ANN W. BRADLEY,645,643
2005,APRIL,DANE,MIDDLETON CITY WARDS 5 - 8 & 10,SPRING GENERAL,JUSTICE OF THE SUPREME COURT,NONPARTISAN,SCATTERING,645,2
2005,APRIL,DANE,MONONA CITY WARDS 1 - 5,SPRING GENERAL,JUSTICE OF THE SUPREME COURT,NONPARTISAN,ANN W. BRADLEY,803,798
2005,APRIL,DANE,MONONA CITY WARDS 1 - 5,SPRING GENERAL,JUSTICE OF THE SUPREME COURT,NONPARTISAN,SCATTERING,803,5
2005,APRIL,DANE,MONONA CITY WARDS 6 - 10,SPRING GENERAL,JUSTICE OF THE SUPREME COURT,NONPARTISAN,ANN W. BRADLEY,573,571
2005,APRIL,DANE,MONONA CITY WARDS 6 - 10,SPRING GENERAL,JUSTICE OF THE SUPREME COURT,NONPARTISAN,SCATTERING,573,2
2005,APRIL,DANE,STOUGHTON CITY WARDS 1 - 3,SPRING GENERAL,JUSTICE OF THE SUPREME COURT,NONPARTISAN,ANN W. BRADLEY,486,485
2005,APRIL,DANE,STOUGHTON CITY WARDS 1 - 3,SPRING GENERAL,JUSTICE OF THE SUPREME COURT,NONPARTISAN,SCATTERING,486,1
2005,APRIL,DANE,STOUGHTON CITY WARDS 4 & 5,SPRING GENERAL,JUSTICE OF THE SUPREME COURT,NONPARTISAN,ANN W. BRADLEY,255,254
2005,APRIL,DANE,STOUGHTON CITY WARDS 4 & 5,SPRING GENERAL,JUSTICE OF THE SUPREME COURT,NONPARTISAN,SCATTERING,255,1
2005,APRIL,DANE,STOUGHTON CITY WARDS 6 - 8,SPRING GENERAL,JUSTICE OF THE SUPREME COURT,NONPARTISAN,ANN W. BRADLEY,276,275
2005,APRIL,DANE,STOUGHTON CITY WARDS 6 - 8,SPRING GENERAL,JUSTICE OF THE SUPREME COURT,NONPARTISAN,SCATTERING,276,1
2005,APRIL,DANE,STOUGHTON CITY WARDS 9 & 10,SPRING GENERAL,JUSTICE OF THE SUPREME COURT,NONPARTISAN,ANN W. BRADLEY,386,384
2005,APRIL,DANE,STOUGHTON CITY WARDS 9 & 10,SPRING GENERAL,JUSTICE OF THE SUPREME COURT,NONPARTISAN,SCATTERING,386,2
2005,APRIL,DANE,"SUN PRAIRIE CITY WARDS 1 - 4, 18, 19, 22 & 25",SPRING GENERAL,JUSTICE OF THE SUPREME COURT,NONPARTISAN,ANN W. BRADLEY,541,537
2005,APRIL,DANE,"SUN PRAIRIE CITY WARDS 1 - 4, 18, 19, 22 & 25",SPRING GENERAL,JUSTICE OF THE SUPREME COURT,NONPARTISAN,SCATTERING,541,4
2005,APRIL,DANE,"SUN PRAIRIE CITY WARDS 5 - 9, 21, 23, 26 & 27",SPRING GENERAL,JUSTICE OF THE SUPREME COURT,NONPARTISAN,ANN W. BRADLEY,497,495
2005,APRIL,DANE,"SUN PRAIRIE CITY WARDS 5 - 9, 21, 23, 26 & 27",SPRING GENERAL,JUSTICE OF THE SUPREME COURT,NONPARTISAN,SCATTERING,497,2
2005,APRIL,DANE,"SUN PRAIRIE CITY WARDS 10 - 13, 20 & 28",SPRING GENERAL,JUSTICE OF THE SUPREME COURT,NONPARTISAN,ANN W. BRADLEY,377,375
2005,APRIL,DANE,"SUN PRAIRIE CITY WARDS 10 - 13, 20 & 28",SPRING GENERAL,JUSTICE OF THE SUPREME COURT,NONPARTISAN,SCATTERING,377,2
2005,APRIL,DANE,SUN PRAIRIE CITY WARDS 14 - 17 & 24,SPRING GENERAL,JUSTICE OF THE SUPREME COURT,NONPARTISAN,ANN W. BRADLEY,488,486
2005,APRIL,DANE,SUN PRAIRIE CITY WARDS 14 - 17 & 24,SPRING GENERAL,JUSTICE OF THE SUPREME COURT,NONPARTISAN,SCATTERING,488,2
2005,APRIL,DANE,VERONA CITY WARDS 1 - 4,SPRING GENERAL,JUSTICE OF THE SUPREME COURT,NONPARTISAN,ANN W. BRADLEY,343,343
2005,APRIL,DANE,VERONA CITY WARDS 1 - 4,SPRING GENERAL,JUSTICE OF THE SUPREME COURT,NONPARTISAN,SCATTERING,343,0
2005,APRIL,DANE,VERONA CITY WARDS 5 - 8,SPRING GENERAL,JUSTICE OF THE SUPREME COURT,NONPARTISAN,ANN W. BRADLEY,348,348
2005,APRIL,DANE,VERONA CITY WARDS 5 - 8,SPRING GENERAL,JUSTICE OF THE SUPREME COURT,NONPARTISAN,SCATTERING,348,0
2005,APRIL,DODGE,ASHIPPUN TOWN WARDS 1 - 3,SPRING GENERAL,JUSTICE OF THE SUPREME COURT,NONPARTISAN,ANN W. BRADLEY,388,387
2005,APRIL,DODGE,ASHIPPUN TOWN WARDS 1 - 3,SPRING GENERAL,JUSTICE OF THE SUPREME COURT,NONPARTISAN,SCATTERING,388,1
2005,APRIL,DODGE,BEAVER DAM TOWN WARDS 1 - 5,SPRING GENERAL,JUSTICE OF THE SUPREME COURT,NONPARTISAN,ANN W. BRADLEY,237,237
2005,APRIL,DODGE,BEAVER DAM TOWN WARDS 1 - 5,SPRING GENERAL,JUSTICE OF THE SUPREME COURT,NONPARTISAN,SCATTERING,237,0
2005,APRIL,DODGE,BURNETT TOWN WARDS 1 & 2,SPRING GENERAL,JUSTICE OF THE SUPREME COURT,NONPARTISAN,ANN W. BRADLEY,152,152
2005,APRIL,DODGE,BURNETT TOWN WARDS 1 & 2,SPRING GENERAL,JUSTICE OF THE SUPREME COURT,NONPARTISAN,SCATTERING,152,0
2005,APRIL,DODGE,CALAMUS TOWN WARDS 1 & 2,SPRING GENERAL,JUSTICE OF THE SUPREME COURT,NONPARTISAN,ANN W. BRADLEY,107,106
2005,APRIL,DODGE,CALAMUS TOWN WARDS 1 & 2,SPRING GENERAL,JUSTICE OF THE SUPREME COURT,NONPARTISAN,SCATTERING,107,1
2005,APRIL,DODGE,CHESTER TOWN WARDS 1 & 2,SPRING GENERAL,JUSTICE OF THE SUPREME COURT,NONPARTISAN,ANN W. BRADLEY,55,55
2005,APRIL,DODGE,CHESTER TOWN WARDS 1 & 2,SPRING GENERAL,JUSTICE OF THE SUPREME COURT,NONPARTISAN,SCATTERING,55,0
2005,APRIL,DODGE,CLYMAN TOWN WARDS 1 & 2,SPRING GENERAL,JUSTICE OF THE SUPREME COURT,NONPARTISAN,ANN W. BRADLEY,96,96
2005,APRIL,DODGE,CLYMAN TOWN WARDS 1 & 2,SPRING GENERAL,JUSTICE OF THE SUPREME COURT,NONPARTISAN,SCATTERING,96,0
2005,APRIL,DODGE,ELBA TOWN WARDS 1 & 2,SPRING GENERAL,JUSTICE OF THE SUPREME COURT,NONPARTISAN,ANN W. BRADLEY,186,186
2005,APRIL,DODGE,ELBA TOWN WARDS 1 & 2,SPRING GENERAL,JUSTICE OF THE SUPREME COURT,NONPARTISAN,SCATTERING,186,0
2005,APRIL,DODGE,EMMET TOWN WARDS 1 & 2,SPRING GENERAL,JUSTICE OF THE SUPREME COURT,NONPARTISAN,ANN W. BRADLEY,189,189
2005,APRIL,DODGE,EMMET TOWN WARDS 1 & 2,SPRING GENERAL,JUSTICE OF THE SUPREME COURT,NONPARTISAN,SCATTERING,189,0
2005,APRIL,DODGE,FOX LAKE TOWN WARDS 1 - 4,SPRING GENERAL,JUSTICE OF THE SUPREME COURT,NONPARTISAN,ANN W. BRADLEY,71,71
2005,APRIL,DODGE,FOX LAKE TOWN WARDS 1 - 4,SPRING GENERAL,JUSTICE OF THE SUPREME COURT,NONPARTISAN,SCATTERING,71,0
2005,APRIL,DODGE,HERMAN TOWN WARDS 1 & 2,SPRING GENERAL,JUSTICE OF THE SUPREME COURT,NONPARTISAN,ANN W. BRADLEY,338,338
2005,APRIL,DODGE,HERMAN TOWN WARDS 1 & 2,SPRING GENERAL,JUSTICE OF THE SUPREME COURT,NONPARTISAN,SCATTERING,338,0
2005,APRIL,DODGE,HUBBARD TOWN WARDS 1 - 3,SPRING GENERAL,JUSTICE OF THE SUPREME COURT,NONPARTISAN,ANN W. BRADLEY,59,59
2005,APRIL,DODGE,HUBBARD TOWN WARDS 1 - 3,SPRING GENERAL,JUSTICE OF THE SUPREME COURT,NONPARTISAN,SCATTERING,59,0
2005,APRIL,DODGE,HUSTISFORD TOWN WARDS 1 - 3,SPRING GENERAL,JUSTICE OF THE SUPREME COURT,NONPARTISAN,ANN W. BRADLEY,67,67
2005,APRIL,DODGE,HUSTISFORD TOWN WARDS 1 - 3,SPRING GENERAL,JUSTICE OF THE SUPREME COURT,NONPARTISAN,SCATTERING,67,0
2005,APRIL,DODGE,LEBANON TOWN WARDS 1 & 2,SPRING GENERAL,JUSTICE OF THE SUPREME COURT,NONPARTISAN,ANN W. BRADLEY,94,94
2005,APRIL,DODGE,LEBANON TOWN WARDS 1 & 2,SPRING GENERAL,JUSTICE OF THE SUPREME COURT,NONPARTISAN,SCATTERING,94,0
2005,APRIL,DODGE,LEROY TOWN WARDS 1 & 2,SPRING GENERAL,JUSTICE OF THE SUPREME COURT,NONPARTISAN,ANN W. BRADLEY,90,89
2005,APRIL,DODGE,LEROY TOWN WARDS 1 & 2,SPRING GENERAL,JUSTICE OF THE SUPREME COURT,NONPARTISAN,SCATTERING,90,1
2005,APRIL,DODGE,LOMIRA TOWN WARDS 1 & 2,SPRING GENERAL,JUSTICE OF THE SUPREME COURT,NONPARTISAN,ANN W. BRADLEY,107,107
2005,APRIL,DODGE,LOMIRA TOWN WARDS 1 & 2,SPRING GENERAL,JUSTICE OF THE SUPREME COURT,NONPARTISAN,SCATTERING,107,0
2005,APRIL,DODGE,LOWELL TOWN WARDS 1 & 2,SPRING GENERAL,JUSTICE OF THE SUPREME COURT,NONPARTISAN,ANN W. BRADLEY,60,60
2005,APRIL,DODGE,LOWELL TOWN WARDS 1 & 2,SPRING GENERAL,JUSTICE OF THE SUPREME COURT,NONPARTISAN,SCATTERING,60,0
2005,APRIL,DODGE,OAK GROVE TOWN WARDS 1 - 3,SPRING GENERAL,JUSTICE OF THE SUPREME COURT,NONPARTISAN,ANN W. BRADLEY,68,68
2005,APRIL,DODGE,OAK GROVE TOWN WARDS 1 - 3,SPRING GENERAL,JUSTICE OF THE SUPREME COURT,NONPARTISAN,SCATTERING,68,0
2005,APRIL,DODGE,PORTLAND TOWN WARDS 1 & 2,SPRING GENERAL,JUSTICE OF THE SUPREME COURT,NONPARTISAN,ANN W. BRADLEY,179,179
2005,APRIL,DODGE,PORTLAND TOWN WARDS 1 & 2,SPRING GENERAL,JUSTICE OF THE SUPREME COURT,NONPARTISAN,SCATTERING,179,0
2005,APRIL,DODGE,RUBICON TOWN WARDS 1 - 3,SPRING GENERAL,JUSTICE OF THE SUPREME COURT,NONPARTISAN,ANN W. BRADLEY,206,206
2005,APRIL,DODGE,RUBICON TOWN WARDS 1 - 3,SPRING GENERAL,JUSTICE OF THE SUPREME COURT,NONPARTISAN,SCATTERING,206,0
2005,APRIL,DODGE,SHIELDS TOWN WARD 1,SPRING GENERAL,JUSTICE OF THE SUPREME COURT,NONPARTISAN,ANN W. BRADLEY,120,120
2005,APRIL,DODGE,SHIELDS TOWN WARD 1,SPRING GENERAL,JUSTICE OF THE SUPREME COURT,NONPARTISAN,SCATTERING,120,0
2005,APRIL,DODGE,THERESA TOWN WARDS 1 & 2,SPRING GENERAL,JUSTICE OF THE SUPREME COURT,NONPARTISAN,ANN W. BRADLEY,267,267
2005,APRIL,DODGE,THERESA TOWN WARDS 1 & 2,SPRING GENERAL,JUSTICE OF THE SUPREME COURT,NONPARTISAN,SCATTERING,267,0
2005,APRIL,DODGE,TRENTON TOWN WARDS 1 - 3,SPRING GENERAL,JUSTICE OF THE SUPREME COURT,NONPARTISAN,ANN W. BRADLEY,80,80
2005,APRIL,DODGE,TRENTON TOWN WARDS 1 - 3,SPRING GENERAL,JUSTICE OF THE SUPREME COURT,NONPARTISAN,SCATTERING,80,0
2005,APRIL,DODGE,WESTFORD TOWN WARDS 1 & 2,SPRING GENERAL,JUSTICE OF THE SUPREME COURT,NONPARTISAN,ANN W. BRADLEY,49,49
2005,APRIL,DODGE,WESTFORD TOWN WARDS 1 & 2,SPRING GENERAL,JUSTICE OF THE SUPREME COURT,NONPARTISAN,SCATTERING,49,0
2005,APRIL,DODGE,WILLIAMSTOWN TOWN WARD 1,SPRING GENERAL,JUSTICE OF THE SUPREME COURT,NONPARTISAN,ANN W. BRADLEY,91,91
2005,APRIL,DODGE,WILLIAMSTOWN TOWN WARD 1,SPRING GENERAL,JUSTICE OF THE SUPREME COURT,NONPARTISAN,SCATTERING,91,0
2005,APRIL,DODGE,BROWNSVILLE VILLAGE WARD 1,SPRING GENERAL,JUSTICE OF THE SUPREME COURT,NONPARTISAN,ANN W. BRADLEY,76,76
2005,APRIL,DODGE,BROWNSVILLE VILLAGE WARD 1,SPRING GENERAL,JUSTICE OF THE SUPREME COURT,NONPARTISAN,SCATTERING,76,0
2005,APRIL,DODGE,CLYMAN VILLAGE WARD 1,SPRING GENERAL,JUSTICE OF THE SUPREME COURT,NONPARTISAN,ANN W. BRADLEY,22,22
2005,APRIL,DODGE,CLYMAN VILLAGE WARD 1,SPRING GENERAL,JUSTICE OF THE SUPREME COURT,NONPARTISAN,SCATTERING,22,0
2005,APRIL,DODGE,HUSTISFORD VILLAGE WARDS 1 & 2,SPRING GENERAL,JUSTICE OF THE SUPREME COURT,NONPARTISAN,ANN W. BRADLEY,68,68
2005,APRIL,DODGE,HUSTISFORD VILLAGE WARDS 1 & 2,SPRING GENERAL,JUSTICE OF THE SUPREME COURT,NONPARTISAN,SCATTERING,68,0
2005,APRIL,DODGE,IRON RIDGE VILLAGE WARD 1,SPRING GENERAL,JUSTICE OF THE SUPREME COURT,NONPARTISAN,ANN W. BRADLEY,61,61
2005,APRIL,DODGE,IRON RIDGE VILLAGE WARD 1,SPRING GENERAL,JUSTICE OF THE SUPREME COURT,NONPARTISAN,SCATTERING,61,0
2005,APRIL,DODGE,KEKOSKEE VILLAGE WARD 1,SPRING GENERAL,JUSTICE OF THE SUPREME COURT,NONPARTISAN,ANN W. BRADLEY,29,29
2005,APRIL,DODGE,KEKOSKEE VILLAGE WARD 1,SPRING GENERAL,JUSTICE OF THE SUPREME COURT,NONPARTISAN,SCATTERING,29,0
2005,APRIL,DODGE,LOMIRA VILLAGE WARDS 1 - 3,SPRING GENERAL,JUSTICE OF THE SUPREME COURT,NONPARTISAN,ANN W. BRADLEY,102,102
2005,APRIL,DODGE,LOMIRA VILLAGE WARDS 1 - 3,SPRING GENERAL,JUSTICE OF THE SUPREME COURT,NONPARTISAN,SCATTERING,102,0
2005,APRIL,DODGE,LOWELL VILLAGE WARD 1,SPRING GENERAL,JUSTICE OF THE SUPREME COURT,NONPARTISAN,ANN W. BRADLEY,32,31
2005,APRIL,DODGE,LOWELL VILLAGE WARD 1,SPRING GENERAL,JUSTICE OF THE SUPREME COURT,NONPARTISAN,SCATTERING,32,1
2005,APRIL,DODGE,NEOSHO VILLAGE WARD 1,SPRING GENERAL,JUSTICE OF THE SUPREME COURT,NONPARTISAN,ANN W. BRADLEY,138,137
2005,APRIL,DODGE,NEOSHO VILLAGE WARD 1,SPRING GENERAL,JUSTICE OF THE SUPREME COURT,NONPARTISAN,SCATTERING,138,1
2005,APRIL,DODGE,RANDOLPH VILLAGE WARDS 1 & 2,SPRING GENERAL,JUSTICE OF THE SUPREME COURT,NONPARTISAN,ANN W. BRADLEY,81,79
2005,APRIL,DODGE,RANDOLPH VILLAGE WARDS 1 & 2,SPRING GENERAL,JUSTICE OF THE SUPREME COURT,NONPARTISAN,SCATTERING,81,2
2005,APRIL,DODGE,REESEVILLE VILLAGE WARD 1,SPRING GENERAL,JUSTICE OF THE SUPREME COURT,NONPARTISAN,ANN W. BRADLEY,51,51
2005,APRIL,DODGE,REESEVILLE VILLAGE WARD 1,SPRING GENERAL,JUSTICE OF THE SUPREME COURT,NONPARTISAN,SCATTERING,51,0
2005,APRIL,DODGE,THERESA VILLAGE WARDS 1 - 3,SPRING GENERAL,JUSTICE OF THE SUPREME COURT,NONPARTISAN,ANN W. BRADLEY,144,143
2005,APRIL,DODGE,THERESA VILLAGE WARDS 1 - 3,SPRING GENERAL,JUSTICE OF THE SUPREME COURT,NONPARTISAN,SCATTERING,144,1
2005,APRIL,DODGE,"BEAVER DAM CITY WARDS 1, 3 & 5",SPRING GENERAL,JUSTICE OF THE SUPREME COURT,NONPARTISAN,ANN W. BRADLEY,192,191
2005,APRIL,DODGE,"BEAVER DAM CITY WARDS 1, 3 & 5",SPRING GENERAL,JUSTICE OF THE SUPREME COURT,NONPARTISAN,SCATTERING,192,1
2005,APRIL,DODGE,BEAVER DAM CITY WARDS 2 & 6,SPRING GENERAL,JUSTICE OF THE SUPREME COURT,NONPARTISAN,ANN W. BRADLEY,160,159
2005,APRIL,DODGE,BEAVER DAM CITY WARDS 2 & 6,SPRING GENERAL,JUSTICE OF THE SUPREME COURT,NONPARTISAN,SCATTERING,160,1
2005,APRIL,DODGE,BEAVER DAM CITY WARDS 4 & 10,SPRING GENERAL,JUSTICE OF THE SUPREME COURT,NONPARTISAN,ANN W. BRADLEY,91,91
2005,APRIL,DODGE,BEAVER DAM CITY WARDS 4 & 10,SPRING GENERAL,JUSTICE OF THE SUPREME COURT,NONPARTISAN,SCATTERING,91,0
2005,APRIL,DODGE,"BEAVER DAM CITY WARDS 7, 12 & 13",SPRING GENERAL,JUSTICE OF THE SUPREME COURT,NONPARTISAN,ANN W. BRADLEY,210,209
2005,APRIL,DODGE,"BEAVER DAM CITY WARDS 7, 12 & 13",SPRING GENERAL,JUSTICE OF THE SUPREME COURT,NONPARTISAN,SCATTERING,210,1
2005,APRIL,DODGE,BEAVER DAM CITY WARDS 8 & 14,SPRING GENERAL,JUSTICE OF THE SUPREME COURT,NONPARTISAN,ANN W. BRADLEY,131,130
2005,APRIL,DODGE,BEAVER DAM CITY WARDS 8 & 14,SPRING GENERAL,JUSTICE OF THE SUPREME COURT,NONPARTISAN,SCATTERING,131,1
2005,APRIL,DODGE,BEAVER DAM CITY WARDS 9 & 11,SPRING GENERAL,JUSTICE OF THE SUPREME COURT,NONPARTISAN,ANN W. BRADLEY,334,334
2005,APRIL,DODGE,BEAVER DAM CITY WARDS 9 & 11,SPRING GENERAL,JUSTICE OF THE SUPREME COURT,NONPARTISAN,SCATTERING,334,0
2005,APRIL,DODGE,COLUMBUS CITY WARD 9,SPRING GENERAL,JUSTICE OF THE SUPREME COURT,NONPARTISAN,ANN W. BRADLEY,0,0
2005,APRIL,DODGE,COLUMBUS CITY WARD 9,SPRING GENERAL,JUSTICE OF THE SUPREME COURT,NONPARTISAN,SCATTERING,0,0
2005,APRIL,DODGE,FOX LAKE CITY WARDS 1 - 3,SPRING GENERAL,JUSTICE OF THE SUPREME COURT,NONPARTISAN,ANN W. BRADLEY,75,75
2005,APRIL,DODGE,FOX LAKE CITY WARDS 1 - 3,SPRING GENERAL,JUSTICE OF THE SUPREME COURT,NONPARTISAN,SCATTERING,75,0
2005,APRIL,DODGE,HARTFORD CITY WARD 16,SPRING GENERAL,JUSTICE OF THE SUPREME COURT,NONPARTISAN,ANN W. BRADLEY,0,0
2005,APRIL,DODGE,HARTFORD CITY WARD 16,SPRING GENERAL,JUSTICE OF THE SUPREME COURT,NONPARTISAN,SCATTERING,0,0
2005,APRIL,DODGE,HORICON CITY WARDS 1 - 6,SPRING GENERAL,JUSTICE OF THE SUPREME COURT,NONPARTISAN,ANN W. BRADLEY,283,282
2005,APRIL,DODGE,HORICON CITY WARDS 1 - 6,SPRING GENERAL,JUSTICE OF THE SUPREME COURT,NONPARTISAN,SCATTERING,283,1
2005,APRIL,DODGE,JUNEAU CITY WARDS 1 - 3,SPRING GENERAL,JUSTICE OF THE SUPREME COURT,NONPARTISAN,ANN W. BRADLEY,130,129
2005,APRIL,DODGE,JUNEAU CITY WARDS 1 - 3,SPRING GENERAL,JUSTICE OF THE SUPREME COURT,NONPARTISAN,SCATTERING,130,1
2005,APRIL,DODGE,MAYVILLE CITY WARDS 1 - 7,SPRING GENERAL,JUSTICE OF THE SUPREME COURT,NONPARTISAN,ANN W. BRADLEY,170,169
2005,APRIL,DODGE,MAYVILLE CITY WARDS 1 - 7,SPRING GENERAL,JUSTICE OF THE SUPREME COURT,NONPARTISAN,SCATTERING,170,1
2005,APRIL,DODGE,WATERTOWN CITY WARDS 1 & 2,SPRING GENERAL,JUSTICE OF THE SUPREME COURT,NONPARTISAN,ANN W. BRADLEY,229,229
2005,APRIL,DODGE,WATERTOWN CITY WARDS 1 & 2,SPRING GENERAL,JUSTICE OF THE SUPREME COURT,NONPARTISAN,SCATTERING,229,0
2005,APRIL,DODGE,WATERTOWN CITY WARDS 3 & 4,SPRING GENERAL,JUSTICE OF THE SUPREME COURT,NONPARTISAN,ANN W. BRADLEY,134,134
2005,APRIL,DODGE,WATERTOWN CITY WARDS 3 & 4,SPRING GENERAL,JUSTICE OF THE SUPREME COURT,NONPARTISAN,SCATTERING,134,0
2005,APRIL,DODGE,WATERTOWN CITY WARDS 5 & 6,SPRING GENERAL,JUSTICE OF THE SUPREME COURT,NONPARTISAN,ANN W. BRADLEY,119,118
2005,APRIL,DODGE,WATERTOWN CITY WARDS 5 & 6,SPRING GENERAL,JUSTICE OF THE SUPREME COURT,NONPARTISAN,SCATTERING,119,1
2005,APRIL,DODGE,WATERTOWN CITY WARD 7,SPRING GENERAL,JUSTICE OF THE SUPREME COURT,NONPARTISAN,ANN W. BRADLEY,55,54
2005,APRIL,DODGE,WATERTOWN CITY WARD 7,SPRING GENERAL,JUSTICE OF THE SUPREME COURT,NONPARTISAN,SCATTERING,55,1
2005,APRIL,DODGE,WAUPUN CITY WARDS 1 - 3 & 8,SPRING GENERAL,JUSTICE OF THE SUPREME COURT,NONPARTISAN,ANN W. BRADLEY,163,163
2005,APRIL,DODGE,WAUPUN CITY WARDS 1 - 3 & 8,SPRING GENERAL,JUSTICE OF THE SUPREME COURT,NONPARTISAN,SCATTERING,163,0
2005,APRIL,DODGE,WAUPUN CITY WARDS 4 - 7,SPRING GENERAL,JUSTICE OF THE SUPREME COURT,NONPARTISAN,ANN W. BRADLEY,131,131
2005,APRIL,DODGE,WAUPUN CITY WARDS 4 - 7,SPRING GENERAL,JUSTICE OF THE SUPREME COURT,NONPARTISAN,SCATTERING,131,0
2005,APRIL,DOOR,BAILEYS HARBOR TOWN WARDS 1 & 2,SPRING GENERAL,JUSTICE OF THE SUPREME COURT,NONPARTISAN,ANN W. BRADLEY,141,141
2005,APRIL,DOOR,BAILEYS HARBOR TOWN WARDS 1 & 2,SPRING GENERAL,JUSTICE OF THE SUPREME COURT,NONPARTISAN,SCATTERING,141,0
2005,APRIL,DOOR,BRUSSELS TOWN WARDS 1 & 2,SPRING GENERAL,JUSTICE OF THE SUPREME COURT,NONPARTISAN,ANN W. BRADLEY,90,90
2005,APRIL,DOOR,BRUSSELS TOWN WARDS 1 & 2,SPRING GENERAL,JUSTICE OF THE SUPREME COURT,NONPARTISAN,SCATTERING,90,0
2005,APRIL,DOOR,CLAYBANKS TOWN WARD 1,SPRING GENERAL,JUSTICE OF THE SUPREME COURT,NONPARTISAN,ANN W. BRADLEY,99,99
2005,APRIL,DOOR,CLAYBANKS TOWN WARD 1,SPRING GENERAL,JUSTICE OF THE SUPREME COURT,NONPARTISAN,SCATTERING,99,0
2005,APRIL,DOOR,EGG HARBOR TOWN WARD 1,SPRING GENERAL,JUSTICE OF THE SUPREME COURT,NONPARTISAN,ANN W. BRADLEY,157,155
2005,APRIL,DOOR,EGG HARBOR TOWN WARD 1,SPRING GENERAL,JUSTICE OF THE SUPREME COURT,NONPARTISAN,SCATTERING,157,2
2005,APRIL,DOOR,EGG HARBOR TOWN WARDS 2 & 3,SPRING GENERAL,JUSTICE OF THE SUPREME COURT,NONPARTISAN,ANN W. BRADLEY,58,57
2005,APRIL,DOOR,EGG HARBOR TOWN WARDS 2 & 3,SPRING GENERAL,JUSTICE OF THE SUPREME COURT,NONPARTISAN,SCATTERING,58,1
2005,APRIL,DOOR,FORESTVILLE TOWN WARDS 1 & 2,SPRING GENERAL,JUSTICE OF THE SUPREME COURT,NONPARTISAN,ANN W. BRADLEY,168,168
2005,APRIL,DOOR,FORESTVILLE TOWN WARDS 1 & 2,SPRING GENERAL,JUSTICE OF THE SUPREME COURT,NONPARTISAN,SCATTERING,168,0
2005,APRIL,DOOR,GARDNER TOWN WARD 1,SPRING GENERAL,JUSTICE OF THE SUPREME COURT,NONPARTISAN,ANN W. BRADLEY,236,236
2005,APRIL,DOOR,GARDNER TOWN WARD 1,SPRING GENERAL,JUSTICE OF THE SUPREME COURT,NONPARTISAN,SCATTERING,236,0
2005,APRIL,DOOR,GIBRALTAR TOWN WARDS 1 & 2,SPRING GENERAL,JUSTICE OF THE SUPREME COURT,NONPARTISAN,ANN W. BRADLEY,143,143
2005,APRIL,DOOR,GIBRALTAR TOWN WARDS 1 & 2,SPRING GENERAL,JUSTICE OF THE SUPREME COURT,NONPARTISAN,SCATTERING,143,0
2005,APRIL,DOOR,JACKSONPORT TOWN WARD 1,SPRING GENERAL,JUSTICE OF THE SUPREME COURT,NONPARTISAN,ANN W. BRADLEY,238,238
2005,APRIL,DOOR,JACKSONPORT TOWN WARD 1,SPRING GENERAL,JUSTICE OF THE SUPREME COURT,NONPARTISAN,SCATTERING,238,0
2005,APRIL,DOOR,LIBERTY GROVE TOWN WARDS 1 - 3,SPRING GENERAL,JUSTICE OF THE SUPREME COURT,NONPARTISAN,ANN W. BRADLEY,261,260
2005,APRIL,DOOR,LIBERTY GROVE TOWN WARDS 1 - 3,SPRING GENERAL,JUSTICE OF THE SUPREME COURT,NONPARTISAN,SCATTERING,261,1
2005,APRIL,DOOR,NASEWAUPEE TOWN WARDS 1 - 3,SPRING GENERAL,JUSTICE OF THE SUPREME COURT,NONPARTISAN,ANN W. BRADLEY,472,471
2005,APRIL,DOOR,NASEWAUPEE TOWN WARDS 1 - 3,SPRING GENERAL,JUSTICE OF THE SUPREME COURT,NONPARTISAN,SCATTERING,472,1
2005,APRIL,DOOR,SEVASTOPOL TOWN WARDS 1 & 3,SPRING GENERAL,JUSTICE OF THE SUPREME COURT,NONPARTISAN,ANN W. BRADLEY,556,551
2005,APRIL,DOOR,SEVASTOPOL TOWN WARDS 1 & 3,SPRING GENERAL,JUSTICE OF THE SUPREME COURT,NONPARTISAN,SCATTERING,556,5
2005,APRIL,DOOR,SEVASTOPOL TOWN WARD 2,SPRING GENERAL,JUSTICE OF THE SUPREME COURT,NONPARTISAN,ANN W. BRADLEY,67,67
2005,APRIL,DOOR,SEVASTOPOL TOWN WARD 2,SPRING GENERAL,JUSTICE OF THE SUPREME COURT,NONPARTISAN,SCATTERING,67,0
2005,APRIL,DOOR,STURGEON BAY TOWN WARD 1,SPRING GENERAL,JUSTICE OF THE SUPREME COURT,NONPARTISAN,ANN W. BRADLEY,82,82
2005,APRIL,DOOR,STURGEON BAY TOWN WARD 1,SPRING GENERAL,JUSTICE OF THE SUPREME COURT,NONPARTISAN,SCATTERING,82,0
2005,APRIL,DOOR,STURGEON BAY TOWN WARD 2,SPRING GENERAL,JUSTICE OF THE SUPREME COURT,NONPARTISAN,ANN W. BRADLEY,79,79
2005,APRIL,DOOR,STURGEON BAY TOWN WARD 2,SPRING GENERAL,JUSTICE OF THE SUPREME COURT,NONPARTISAN,SCATTERING,79,0
2005,APRIL,DOOR,UNION TOWN WARD 1,SPRING GENERAL,JUSTICE OF THE SUPREME COURT,NONPARTISAN,ANN W. BRADLEY,243,243
2005,APRIL,DOOR,UNION TOWN WARD 1,SPRING GENERAL,JUSTICE OF THE SUPREME COURT,NONPARTISAN,SCATTERING,243,0
2005,APRIL,DOOR,WASHINGTON TOWN WARD 1,SPRING GENERAL,JUSTICE OF THE SUPREME COURT,NONPARTISAN,ANN W. BRADLEY,280,280
2005,APRIL,DOOR,WASHINGTON TOWN WARD 1,SPRING GENERAL,JUSTICE OF THE SUPREME COURT,NONPARTISAN,SCATTERING,280,0
2005,APRIL,DOOR,EGG HARBOR VILLAGE WARD 1,SPRING GENERAL,JUSTICE OF THE SUPREME COURT,NONPARTISAN,ANN W. BRADLEY,65,65
2005,APRIL,DOOR,EGG HARBOR VILLAGE WARD 1,SPRING GENERAL,JUSTICE OF THE SUPREME COURT,NONPARTISAN,SCATTERING,65,0
2005,APRIL,DOOR,EPHRAIM VILLAGE WARD 1,SPRING GENERAL,JUSTICE OF THE SUPREME COURT,NONPARTISAN,ANN W. BRADLEY,117,117
2005,APRIL,DOOR,EPHRAIM VILLAGE WARD 1,SPRING GENERAL,JUSTICE OF THE SUPREME COURT,NONPARTISAN,SCATTERING,117,0
2005,APRIL,DOOR,FORESTVILLE VILLAGE WARD 1,SPRING GENERAL,JUSTICE OF THE SUPREME COURT,NONPARTISAN,ANN W. BRADLEY,62,62
2005,APRIL,DOOR,FORESTVILLE VILLAGE WARD 1,SPRING GENERAL,JUSTICE OF THE SUPREME COURT,NONPARTISAN,SCATTERING,62,0
2005,APRIL,DOOR,SISTER BAY VILLAGE WARD 1,SPRING GENERAL,JUSTICE OF THE SUPREME COURT,NONPARTISAN,ANN W. BRADLEY,171,171
2005,APRIL,DOOR,SISTER BAY VILLAGE WARD 1,SPRING GENERAL,JUSTICE OF THE SUPREME COURT,NONPARTISAN,SCATTERING,171,0
2005,APRIL,DOOR,STURGEON BAY CITY WARDS 1 & 2,SPRING GENERAL,JUSTICE OF THE SUPREME COURT,NONPARTISAN,ANN W. BRADLEY,168,166
2005,APRIL,DOOR,STURGEON BAY CITY WARDS 1 & 2,SPRING GENERAL,JUSTICE OF THE SUPREME COURT,NONPARTISAN,SCATTERING,168,2
2005,APRIL,DOOR,STURGEON BAY CITY WARDS 3 & 4,SPRING GENERAL,JUSTICE OF THE SUPREME COURT,NONPARTISAN,ANN W. BRADLEY,207,204
2005,APRIL,DOOR,STURGEON BAY CITY WARDS 3 & 4,SPRING GENERAL,JUSTICE OF THE SUPREME COURT,NONPARTISAN,SCATTERING,207,3
2005,APRIL,DOOR,STURGEON BAY CITY WARDS 5 & 6,SPRING GENERAL,JUSTICE OF THE SUPREME COURT,NONPARTISAN,ANN W. BRADLEY,230,228
2005,APRIL,DOOR,STURGEON BAY CITY WARDS 5 & 6,SPRING GENERAL,JUSTICE OF THE SUPREME COURT,NONPARTISAN,SCATTERING,230,2
2005,APRIL,DOOR,STURGEON BAY CITY WARDS 7 & 8,SPRING GENERAL,JUSTICE OF THE SUPREME COURT,NONPARTISAN,ANN W. BRADLEY,163,162
2005,APRIL,DOOR,STURGEON BAY CITY WARDS 7 & 8,SPRING GENERAL,JUSTICE OF THE SUPREME COURT,NONPARTISAN,SCATTERING,163,1
2005,APRIL,DOOR,STURGEON BAY CITY WARDS 9 & 10,SPRING GENERAL,JUSTICE OF THE SUPREME COURT,NONPARTISAN,ANN W. BRADLEY,313,313
2005,APRIL,DOOR,STURGEON BAY CITY WARDS 9 & 10,SPRING GENERAL,JUSTICE OF THE SUPREME COURT,NONPARTISAN,SCATTERING,313,0
2005,APRIL,DOOR,STURGEON BAY CITY WARDS 11 & 12,SPRING GENERAL,JUSTICE OF THE SUPREME COURT,NONPARTISAN,ANN W. BRADLEY,131,130
2005,APRIL,DOOR,STURGEON BAY CITY WARDS 11 & 12,SPRING GENERAL,JUSTICE OF THE SUPREME COURT,NONPARTISAN,SCATTERING,131,1
2005,APRIL,DOOR,STURGEON BAY CITY WARDS 13 & 14,SPRING GENERAL,JUSTICE OF THE SUPREME COURT,NONPARTISAN,ANN W. BRADLEY,200,199
2005,APRIL,DOOR,STURGEON BAY CITY WARDS 13 & 14,SPRING GENERAL,JUSTICE OF THE SUPREME COURT,NONPARTISAN,SCATTERING,200,1
2005,APRIL,DOOR,STURGEON BAY CITY WARDS 15 - 17,SPRING GENERAL,JUSTICE OF THE SUPREME COURT,NONPARTISAN,ANN W. BRADLEY,8,8
2005,APRIL,DOOR,STURGEON BAY CITY WARDS 15 - 17,SPRING GENERAL,JUSTICE OF THE SUPREME COURT,NONPARTISAN,SCATTERING,8,0
2005,APRIL,DOOR,"STURGEON BAY CITY WARDS 18, 19 & 25",SPRING GENERAL,JUSTICE OF THE SUPREME COURT,NONPARTISAN,ANN W. BRADLEY,19,19
2005,APRIL,DOOR,"STURGEON BAY CITY WARDS 18, 19 & 25",SPRING GENERAL,JUSTICE OF THE SUPREME COURT,NONPARTISAN,SCATTERING,19,0
2005,APRIL,DOOR,"STURGEON BAY CITY WARDS 20, 21 & 24",SPRING GENERAL,JUSTICE OF THE SUPREME COURT,NONPARTISAN,ANN W. BRADLEY,16,16
2005,APRIL,DOOR,"STURGEON BAY CITY WARDS 20, 21 & 24",SPRING GENERAL,JUSTICE OF THE SUPREME COURT,NONPARTISAN,SCATTERING,16,0
2005,APRIL,DOOR,STURGEON BAY CITY WARDS 22 & 23,SPRING GENERAL,JUSTICE OF THE SUPREME COURT,NONPARTISAN,ANN W. BRADLEY,0,0
2005,APRIL,DOOR,STURGEON BAY CITY WARDS 22 & 23,SPRING GENERAL,JUSTICE OF THE SUPREME COURT,NONPARTISAN,SCATTERING,0,0
2005,APRIL,DOUGLAS,AMNICON TOWN WARDS 1 & 2,SPRING GENERAL,JUSTICE OF THE SUPREME COURT,NONPARTISAN,ANN W. BRADLEY,69,69
2005,APRIL,DOUGLAS,AMNICON TOWN WARDS 1 & 2,SPRING GENERAL,JUSTICE OF THE SUPREME COURT,NONPARTISAN,SCATTERING,69,0
2005,APRIL,DOUGLAS,BENNETT TOWN WARD 1,SPRING GENERAL,JUSTICE OF THE SUPREME COURT,NONPARTISAN,ANN W. BRADLEY,77,77
2005,APRIL,DOUGLAS,BENNETT TOWN WARD 1,SPRING GENERAL,JUSTICE OF THE SUPREME COURT,NONPARTISAN,SCATTERING,77,0
2005,APRIL,DOUGLAS,BRULE TOWN WARD 1,SPRING GENERAL,JUSTICE OF THE SUPREME COURT,NONPARTISAN,ANN W. BRADLEY,70,70
2005,APRIL,DOUGLAS,BRULE TOWN WARD 1,SPRING GENERAL,JUSTICE OF THE SUPREME COURT,NONPARTISAN,SCATTERING,70,0
2005,APRIL,DOUGLAS,CLOVERLAND TOWN WARD 1,SPRING GENERAL,JUSTICE OF THE SUPREME COURT,NONPARTISAN,ANN W. BRADLEY,32,32
2005,APRIL,DOUGLAS,CLOVERLAND TOWN WARD 1,SPRING GENERAL,JUSTICE OF THE SUPREME COURT,NONPARTISAN,SCATTERING,32,0
2005,APRIL,DOUGLAS,DAIRYLAND TOWN WARD 1,SPRING GENERAL,JUSTICE OF THE SUPREME COURT,NONPARTISAN,ANN W. BRADLEY,19,19
2005,APRIL,DOUGLAS,DAIRYLAND TOWN WARD 1,SPRING GENERAL,JUSTICE OF THE SUPREME COURT,NONPARTISAN,SCATTERING,19,0
2005,APRIL,DOUGLAS,GORDON TOWN WARD 1,SPRING GENERAL,JUSTICE OF THE SUPREME COURT,NONPARTISAN,ANN W. BRADLEY,200,199
2005,APRIL,DOUGLAS,GORDON TOWN WARD 1,SPRING GENERAL,JUSTICE OF THE SUPREME COURT,NONPARTISAN,SCATTERING,200,1
2005,APRIL,DOUGLAS,HAWTHORNE TOWN WARDS 1 & 2,SPRING GENERAL,JUSTICE OF THE SUPREME COURT,NONPARTISAN,ANN W. BRADLEY,144,144
2005,APRIL,DOUGLAS,HAWTHORNE TOWN WARDS 1 & 2,SPRING GENERAL,JUSTICE OF THE SUPREME COURT,NONPARTISAN,SCATTERING,144,0
2005,APRIL,DOUGLAS,HIGHLAND TOWN WARD 1,SPRING GENERAL,JUSTICE OF THE SUPREME COURT,NONPARTISAN,ANN W. BRADLEY,22,22
2005,APRIL,DOUGLAS,HIGHLAND TOWN WARD 1,SPRING GENERAL,JUSTICE OF THE SUPREME COURT,NONPARTISAN,SCATTERING,22,0
2005,APRIL,DOUGLAS,LAKESIDE TOWN WARD 1,SPRING GENERAL,JUSTICE OF THE SUPREME COURT,NONPARTISAN,ANN W. BRADLEY,38,38
2005,APRIL,DOUGLAS,LAKESIDE TOWN WARD 1,SPRING GENERAL,JUSTICE OF THE SUPREME COURT,NONPARTISAN,SCATTERING,38,0
2005,APRIL,DOUGLAS,MAPLE TOWN WARDS 1 & 2,SPRING GENERAL,JUSTICE OF THE SUPREME COURT,NONPARTISAN,ANN W. BRADLEY,105,105
2005,APRIL,DOUGLAS,MAPLE TOWN WARDS 1 & 2,SPRING GENERAL,JUSTICE OF THE SUPREME COURT,NONPARTISAN,SCATTERING,105,0
2005,APRIL,DOUGLAS,OAKLAND TOWN WARDS 1 & 2,SPRING GENERAL,JUSTICE OF THE SUPREME COURT,NONPARTISAN,ANN W. BRADLEY,73,73
2005,APRIL,DOUGLAS,OAKLAND TOWN WARDS 1 & 2,SPRING GENERAL,JUSTICE OF THE SUPREME COURT,NONPARTISAN,SCATTERING,73,0
2005,APRIL,DOUGLAS,PARKLAND TOWN WARDS 1 & 2,SPRING GENERAL,JUSTICE OF THE SUPREME COURT,NONPARTISAN,ANN W. BRADLEY,90,90
2005,APRIL,DOUGLAS,PARKLAND TOWN WARDS 1 & 2,SPRING GENERAL,JUSTICE OF THE SUPREME COURT,NONPARTISAN,SCATTERING,90,0
2005,APRIL,DOUGLAS,SOLON SPRINGS TOWN WARD 1,SPRING GENERAL,JUSTICE OF THE SUPREME COURT,NONPARTISAN,ANN W. BRADLEY,138,138
2005,APRIL,DOUGLAS,SOLON SPRINGS TOWN WARD 1,SPRING GENERAL,JUSTICE OF THE SUPREME COURT,NONPARTISAN,SCATTERING,138,0
2005,APRIL,DOUGLAS,SUMMIT TOWN WARDS 1 & 2,SPRING GENERAL,JUSTICE OF THE SUPREME COURT,NONPARTISAN,ANN W. BRADLEY,141,140
2005,APRIL,DOUGLAS,SUMMIT TOWN WARDS 1 & 2,SPRING GENERAL,JUSTICE OF THE SUPREME COURT,NONPARTISAN,SCATTERING,141,1
2005,APRIL,DOUGLAS,SUPERIOR TOWN WARDS 1 - 3,SPRING GENERAL,JUSTICE OF THE SUPREME COURT,NONPARTISAN,ANN W. BRADLEY,64,64
2005,APRIL,DOUGLAS,SUPERIOR TOWN WARDS 1 - 3,SPRING GENERAL,JUSTICE OF THE SUPREME COURT,NONPARTISAN,SCATTERING,64,0
2005,APRIL,DOUGLAS,WASCOTT TOWN WARD 1,SPRING GENERAL,JUSTICE OF THE SUPREME COURT,NONPARTISAN,ANN W. BRADLEY,76,76
2005,APRIL,DOUGLAS,WASCOTT TOWN WARD 1,SPRING GENERAL,JUSTICE OF THE SUPREME COURT,NONPARTISAN,SCATTERING,76,0
2005,APRIL,DOUGLAS,LAKE NEBAGAMON VILLAGE WARDS 1 & 2,SPRING GENERAL,JUSTICE OF THE SUPREME COURT,NONPARTISAN,ANN W. BRADLEY,97,97
2005,APRIL,DOUGLAS,LAKE NEBAGAMON VILLAGE WARDS 1 & 2,SPRING GENERAL,JUSTICE OF THE SUPREME COURT,NONPARTISAN,SCATTERING,97,0
2005,APRIL,DOUGLAS,OLIVER VILLAGE WARD 1,SPRING GENERAL,JUSTICE OF THE SUPREME COURT,NONPARTISAN,ANN W. BRADLEY,13,13
2005,APRIL,DOUGLAS,OLIVER VILLAGE WARD 1,SPRING GENERAL,JUSTICE OF THE SUPREME COURT,NONPARTISAN,SCATTERING,13,0
2005,APRIL,DOUGLAS,POPLAR VILLAGE WARD 1,SPRING GENERAL,JUSTICE OF THE SUPREME COURT,NONPARTISAN,ANN W. BRADLEY,59,59
2005,APRIL,DOUGLAS,POPLAR VILLAGE WARD 1,SPRING GENERAL,JUSTICE OF THE SUPREME COURT,NONPARTISAN,SCATTERING,59,0
2005,APRIL,DOUGLAS,SOLON SPRINGS VILLAGE WARD 1,SPRING GENERAL,JUSTICE OF THE SUPREME COURT,NONPARTISAN,ANN W. BRADLEY,57,57
2005,APRIL,DOUGLAS,SOLON SPRINGS VILLAGE WARD 1,SPRING GENERAL,JUSTICE OF THE SUPREME COURT,NONPARTISAN,SCATTERING,57,0
2005,APRIL,DOUGLAS,SUPERIOR VILLAGE WARD 1,SPRING GENERAL,JUSTICE OF THE SUPREME COURT,NONPARTISAN,ANN W. BRADLEY,37,37
2005,APRIL,DOUGLAS,SUPERIOR VILLAGE WARD 1,SPRING GENERAL,JUSTICE OF THE SUPREME COURT,NONPARTISAN,SCATTERING,37,0
2005,APRIL,DOUGLAS,SUPERIOR CITY WARDS 1 - 5,SPRING GENERAL,JUSTICE OF THE SUPREME COURT,NONPARTISAN,ANN W. BRADLEY,126,126
2005,APRIL,DOUGLAS,SUPERIOR CITY WARDS 1 - 5,SPRING GENERAL,JUSTICE OF THE SUPREME COURT,NONPARTISAN,SCATTERING,126,0
2005,APRIL,DOUGLAS,SUPERIOR CITY WARDS 6 - 8,SPRING GENERAL,JUSTICE OF THE SUPREME COURT,NONPARTISAN,ANN W. BRADLEY,77,77
2005,APRIL,DOUGLAS,SUPERIOR CITY WARDS 6 - 8,SPRING GENERAL,JUSTICE OF THE SUPREME COURT,NONPARTISAN,SCATTERING,77,0
2005,APRIL,DOUGLAS,SUPERIOR CITY WARDS 9 - 12,SPRING GENERAL,JUSTICE OF THE SUPREME COURT,NONPARTISAN,ANN W. BRADLEY,105,105
2005,APRIL,DOUGLAS,SUPERIOR CITY WARDS 9 - 12,SPRING GENERAL,JUSTICE OF THE SUPREME COURT,NONPARTISAN,SCATTERING,105,0
2005,APRIL,DOUGLAS,SUPERIOR CITY WARDS 13 - 19,SPRING GENERAL,JUSTICE OF THE SUPREME COURT,NONPARTISAN,ANN W. BRADLEY,113,112
2005,APRIL,DOUGLAS,SUPERIOR CITY WARDS 13 - 19,SPRING GENERAL,JUSTICE OF THE SUPREME COURT,NONPARTISAN,SCATTERING,113,1
2005,APRIL,DOUGLAS,SUPERIOR CITY WARDS 20 - 24,SPRING GENERAL,JUSTICE OF THE SUPREME COURT,NONPARTISAN,ANN W. BRADLEY,140,140
2005,APRIL,DOUGLAS,SUPERIOR CITY WARDS 20 - 24,SPRING GENERAL,JUSTICE OF THE SUPREME COURT,NONPARTISAN,SCATTERING,140,0
2005,APRIL,DOUGLAS,SUPERIOR CITY WARDS 25 - 27,SPRING GENERAL,JUSTICE OF THE SUPREME COURT,NONPARTISAN,ANN W. BRADLEY,83,83
2005,APRIL,DOUGLAS,SUPERIOR CITY WARDS 25 - 27,SPRING GENERAL,JUSTICE OF THE SUPREME COURT,NONPARTISAN,SCATTERING,83,0
2005,APRIL,DOUGLAS,SUPERIOR CITY WARDS 28 - 31,SPRING GENERAL,JUSTICE OF THE SUPREME COURT,NONPARTISAN,ANN W. BRADLEY,92,92
2005,APRIL,DOUGLAS,SUPERIOR CITY WARDS 28 - 31,SPRING GENERAL,JUSTICE OF THE SUPREME COURT,NONPARTISAN,SCATTERING,92,0
2005,APRIL,DOUGLAS,SUPERIOR CITY WARDS 32 - 37,SPRING GENERAL,JUSTICE OF THE SUPREME COURT,NONPARTISAN,ANN W. BRADLEY,198,196
2005,APRIL,DOUGLAS,SUPERIOR CITY WARDS 32 - 37,SPRING GENERAL,JUSTICE OF THE SUPREME COURT,NONPARTISAN,SCATTERING,198,2
2005,APRIL,DOUGLAS,SUPERIOR CITY WARDS 38 - 43,SPRING GENERAL,JUSTICE OF THE SUPREME COURT,NONPARTISAN,ANN W. BRADLEY,149,149
2005,APRIL,DOUGLAS,SUPERIOR CITY WARDS 38 - 43,SPRING GENERAL,JUSTICE OF THE SUPREME COURT,NONPARTISAN,SCATTERING,149,0
2005,APRIL,DOUGLAS,SUPERIOR CITY WARDS 44 - 47,SPRING GENERAL,JUSTICE OF THE SUPREME COURT,NONPARTISAN,ANN W. BRADLEY,146,146
2005,APRIL,DOUGLAS,SUPERIOR CITY WARDS 44 - 47,SPRING GENERAL,JUSTICE OF THE SUPREME COURT,NONPARTISAN,SCATTERING,146,0
2005,APRIL,DUNN,COLFAX TOWN WARDS 1 - 3,SPRING GENERAL,JUSTICE OF THE SUPREME COURT,NONPARTISAN,ANN W. BRADLEY,118,116
2005,APRIL,DUNN,COLFAX TOWN WARDS 1 - 3,SPRING GENERAL,JUSTICE OF THE SUPREME COURT,NONPARTISAN,SCATTERING,118,2
2005,APRIL,DUNN,DUNN TOWN WARDS 1 - 3,SPRING GENERAL,JUSTICE OF THE SUPREME COURT,NONPARTISAN,ANN W. BRADLEY,129,127
2005,APRIL,DUNN,DUNN TOWN WARDS 1 - 3,SPRING GENERAL,JUSTICE OF THE SUPREME COURT,NONPARTISAN,SCATTERING,129,2
2005,APRIL,DUNN,EAU GALLE TOWN WARD 1,SPRING GENERAL,JUSTICE OF THE SUPREME COURT,NONPARTISAN,ANN W. BRADLEY,55,53
2005,APRIL,DUNN,EAU GALLE TOWN WARD 1,SPRING GENERAL,JUSTICE OF THE SUPREME COURT,NONPARTISAN,SCATTERING,55,2
2005,APRIL,DUNN,ELK MOUND TOWN WARDS 1 - 3,SPRING GENERAL,JUSTICE OF THE SUPREME COURT,NONPARTISAN,ANN W. BRADLEY,72,72
2005,APRIL,DUNN,ELK MOUND TOWN WARDS 1 - 3,SPRING GENERAL,JUSTICE OF THE SUPREME COURT,NONPARTISAN,SCATTERING,72,0
2005,APRIL,DUNN,GRANT TOWN WARD 1,SPRING GENERAL,JUSTICE OF THE SUPREME COURT,NONPARTISAN,ANN W. BRADLEY,71,71
2005,APRIL,DUNN,GRANT TOWN WARD 1,SPRING GENERAL,JUSTICE OF THE SUPREME COURT,NONPARTISAN,SCATTERING,71,0
2005,APRIL,DUNN,HAY RIVER TOWN WARDS 1 & 2,SPRING GENERAL,JUSTICE OF THE SUPREME COURT,NONPARTISAN,ANN W. BRADLEY,38,38
2005,APRIL,DUNN,HAY RIVER TOWN WARDS 1 & 2,SPRING GENERAL,JUSTICE OF THE SUPREME COURT,NONPARTISAN,SCATTERING,38,0
2005,APRIL,DUNN,LUCAS TOWN WARD 1,SPRING GENERAL,JUSTICE OF THE SUPREME COURT,NONPARTISAN,ANN W. BRADLEY,99,96
2005,APRIL,DUNN,LUCAS TOWN WARD 1,SPRING GENERAL,JUSTICE OF THE SUPREME COURT,NONPARTISAN,SCATTERING,99,3
2005,APRIL,DUNN,MENOMONIE TOWN WARDS 1 - 4,SPRING GENERAL,JUSTICE OF THE SUPREME COURT,NONPARTISAN,ANN W. BRADLEY,211,192
2005,APRIL,DUNN,MENOMONIE TOWN WARDS 1 - 4,SPRING GENERAL,JUSTICE OF THE SUPREME COURT,NONPARTISAN,SCATTERING,211,19
2005,APRIL,DUNN,NEW HAVEN TOWN WARD 1,SPRING GENERAL,JUSTICE OF THE SUPREME COURT,NONPARTISAN,ANN W. BRADLEY,72,71
2005,APRIL,DUNN,NEW HAVEN TOWN WARD 1,SPRING GENERAL,JUSTICE OF THE SUPREME COURT,NONPARTISAN,SCATTERING,72,1
2005,APRIL,DUNN,OTTER CREEK TOWN WARD 1,SPRING GENERAL,JUSTICE OF THE SUPREME COURT,NONPARTISAN,ANN W. BRADLEY,82,81
2005,APRIL,DUNN,OTTER CREEK TOWN WARD 1,SPRING GENERAL,JUSTICE OF THE SUPREME COURT,NONPARTISAN,SCATTERING,82,1
2005,APRIL,DUNN,PERU TOWN WARD 1,SPRING GENERAL,JUSTICE OF THE SUPREME COURT,NONPARTISAN,ANN W. BRADLEY,23,23
2005,APRIL,DUNN,PERU TOWN WARD 1,SPRING GENERAL,JUSTICE OF THE SUPREME COURT,NONPARTISAN,SCATTERING,23,0
2005,APRIL,DUNN,RED CEDAR TOWN WARDS 1 - 3,SPRING GENERAL,JUSTICE OF THE SUPREME COURT,NONPARTISAN,ANN W. BRADLEY,264,264
2005,APRIL,DUNN,RED CEDAR TOWN WARDS 1 - 3,SPRING GENERAL,JUSTICE OF THE SUPREME COURT,NONPARTISAN,SCATTERING,264,0
2005,APRIL,DUNN,ROCK CREEK TOWN WARD 1,SPRING GENERAL,JUSTICE OF THE SUPREME COURT,NONPARTISAN,ANN W. BRADLEY,152,147
2005,APRIL,DUNN,ROCK CREEK TOWN WARD 1,SPRING GENERAL,JUSTICE OF THE SUPREME COURT,NONPARTISAN,SCATTERING,152,5
2005,APRIL,DUNN,SAND CREEK TOWN WARD 1,SPRING GENERAL,JUSTICE OF THE SUPREME COURT,NONPARTISAN,ANN W. BRADLEY,113,113
2005,APRIL,DUNN,SAND CREEK TOWN WARD 1,SPRING GENERAL,JUSTICE OF THE SUPREME COURT,NONPARTISAN,SCATTERING,113,0
2005,APRIL,DUNN,SHERIDAN TOWN WARD 1,SPRING GENERAL,JUSTICE OF THE SUPREME COURT,NONPARTISAN,ANN W. BRADLEY,35,35
2005,APRIL,DUNN,SHERIDAN TOWN WARD 1,SPRING GENERAL,JUSTICE OF THE SUPREME COURT,NONPARTISAN,SCATTERING,35,0
2005,APRIL,DUNN,SHERMAN TOWN WARD 1,SPRING GENERAL,JUSTICE OF THE SUPREME COURT,NONPARTISAN,ANN W. BRADLEY,44,41
2005,APRIL,DUNN,SHERMAN TOWN WARD 1,SPRING GENERAL,JUSTICE OF THE SUPREME COURT,NONPARTISAN,SCATTERING,44,3
2005,APRIL,DUNN,SPRING BROOK TOWN WARDS 1 - 3,SPRING GENERAL,JUSTICE OF THE SUPREME COURT,NONPARTISAN,ANN W. BRADLEY,278,277
2005,APRIL,DUNN,SPRING BROOK TOWN WARDS 1 - 3,SPRING GENERAL,JUSTICE OF THE SUPREME COURT,NONPARTISAN,SCATTERING,278,1
2005,APRIL,DUNN,STANTON TOWN WARD 1,SPRING GENERAL,JUSTICE OF THE SUPREME COURT,NONPARTISAN,ANN W. BRADLEY,49,48
2005,APRIL,DUNN,STANTON TOWN WARD 1,SPRING GENERAL,JUSTICE OF THE SUPREME COURT,NONPARTISAN,SCATTERING,49,1
2005,APRIL,DUNN,TAINTER TOWN WARDS 1 - 3,SPRING GENERAL,JUSTICE OF THE SUPREME COURT,NONPARTISAN,ANN W. BRADLEY,126,111
2005,APRIL,DUNN,TAINTER TOWN WARDS 1 - 3,SPRING GENERAL,JUSTICE OF THE SUPREME COURT,NONPARTISAN,SCATTERING,126,15
2005,APRIL,DUNN,TIFFANY TOWN WARDS 1 - 3,SPRING GENERAL,JUSTICE OF THE SUPREME COURT,NONPARTISAN,ANN W. BRADLEY,95,95
2005,APRIL,DUNN,TIFFANY TOWN WARDS 1 - 3,SPRING GENERAL,JUSTICE OF THE SUPREME COURT,NONPARTISAN,SCATTERING,95,0
2005,APRIL,DUNN,WESTON TOWN WARDS 1 & 2,SPRING GENERAL,JUSTICE OF THE SUPREME COURT,NONPARTISAN,ANN W. BRADLEY,35,32
2005,APRIL,DUNN,WESTON TOWN WARDS 1 & 2,SPRING GENERAL,JUSTICE OF THE SUPREME COURT,NONPARTISAN,SCATTERING,35,3
2005,APRIL,DUNN,WILSON TOWN WARD 1,SPRING GENERAL,JUSTICE OF THE SUPREME COURT,NONPARTISAN,ANN W. BRADLEY,45,45
2005,APRIL,DUNN,WILSON TOWN WARD 1,SPRING GENERAL,JUSTICE OF THE SUPREME COURT,NONPARTISAN,SCATTERING,45,0
2005,APRIL,DUNN,BOYCEVILLE VILLAGE WARD 1,SPRING GENERAL,JUSTICE OF THE SUPREME COURT,NONPARTISAN,ANN W. BRADLEY,128,128
2005,APRIL,DUNN,BOYCEVILLE VILLAGE WARD 1,SPRING GENERAL,JUSTICE OF THE SUPREME COURT,NONPARTISAN,SCATTERING,128,0
2005,APRIL,DUNN,COLFAX VILLAGE WARDS 1 & 2,SPRING GENERAL,JUSTICE OF THE SUPREME COURT,NONPARTISAN,ANN W. BRADLEY,147,146
2005,APRIL,DUNN,COLFAX VILLAGE WARDS 1 & 2,SPRING GENERAL,JUSTICE OF THE SUPREME COURT,NONPARTISAN,SCATTERING,147,1
2005,APRIL,DUNN,DOWNING VILLAGE WARD 1,SPRING GENERAL,JUSTICE OF THE SUPREME COURT,NONPARTISAN,ANN W. BRADLEY,20,20
2005,APRIL,DUNN,DOWNING VILLAGE WARD 1,SPRING GENERAL,JUSTICE OF THE SUPREME COURT,NONPARTISAN,SCATTERING,20,0
2005,APRIL,DUNN,ELK MOUND VILLAGE WARD 1,SPRING GENERAL,JUSTICE OF THE SUPREME COURT,NONPARTISAN,ANN W. BRADLEY,115,115
2005,APRIL,DUNN,ELK MOUND VILLAGE WARD 1,SPRING GENERAL,JUSTICE OF THE SUPREME COURT,NONPARTISAN,SCATTERING,115,0
2005,APRIL,DUNN,KNAPP VILLAGE WARD 1,SPRING GENERAL,JUSTICE OF THE SUPREME COURT,NONPARTISAN,ANN W. BRADLEY,49,44
2005,APRIL,DUNN,KNAPP VILLAGE WARD 1,SPRING GENERAL,JUSTICE OF THE SUPREME COURT,NONPARTISAN,SCATTERING,49,5
2005,APRIL,DUNN,RIDGELAND VILLAGE WARD 1,SPRING GENERAL,JUSTICE OF THE SUPREME COURT,NONPARTISAN,ANN W. BRADLEY,15,15
2005,APRIL,DUNN,RIDGELAND VILLAGE WARD 1,SPRING GENERAL,JUSTICE OF THE SUPREME COURT,NONPARTISAN,SCATTERING,15,0
2005,APRIL,DUNN,WHEELER VILLAGE WARD 1,SPRING GENERAL,JUSTICE OF THE SUPREME COURT,NONPARTISAN,ANN W. BRADLEY,33,33
2005,APRIL,DUNN,WHEELER VILLAGE WARD 1,SPRING GENERAL,JUSTICE OF THE SUPREME COURT,NONPARTISAN,SCATTERING,33,0
2005,APRIL,DUNN,MENOMONIE CITY WARDS 1 & 2,SPRING GENERAL,JUSTICE OF THE SUPREME COURT,NONPARTISAN,ANN W. BRADLEY,221,208
2005,APRIL,DUNN,MENOMONIE CITY WARDS 1 & 2,SPRING GENERAL,JUSTICE OF THE SUPREME COURT,NONPARTISAN,SCATTERING,221,13
2005,APRIL,DUNN,MENOMONIE CITY WARDS 3 & 4,SPRING GENERAL,JUSTICE OF THE SUPREME COURT,NONPARTISAN,ANN W. BRADLEY,40,37
2005,APRIL,DUNN,MENOMONIE CITY WARDS 3 & 4,SPRING GENERAL,JUSTICE OF THE SUPREME COURT,NONPARTISAN,SCATTERING,40,3
2005,APRIL,DUNN,MENOMONIE CITY WARDS 5 & 7,SPRING GENERAL,JUSTICE OF THE SUPREME COURT,NONPARTISAN,ANN W. BRADLEY,32,30
2005,APRIL,DUNN,MENOMONIE CITY WARDS 5 & 7,SPRING GENERAL,JUSTICE OF THE SUPREME COURT,NONPARTISAN,SCATTERING,32,2
2005,APRIL,DUNN,MENOMONIE CITY WARD 6,SPRING GENERAL,JUSTICE OF THE SUPREME COURT,NONPARTISAN,ANN W. BRADLEY,84,75
2005,APRIL,DUNN,MENOMONIE CITY WARD 6,SPRING GENERAL,JUSTICE OF THE SUPREME COURT,NONPARTISAN,SCATTERING,84,9
2005,APRIL,DUNN,MENOMONIE CITY WARDS 8 & 9,SPRING GENERAL,JUSTICE OF THE SUPREME COURT,NONPARTISAN,ANN W. BRADLEY,120,110
2005,APRIL,DUNN,MENOMONIE CITY WARDS 8 & 9,SPRING GENERAL,JUSTICE OF THE SUPREME COURT,NONPARTISAN,SCATTERING,120,10
2005,APRIL,DUNN,MENOMONIE CITY WARDS 10 & 11,SPRING GENERAL,JUSTICE OF THE SUPREME COURT,NONPARTISAN,ANN W. BRADLEY,269,253
2005,APRIL,DUNN,MENOMONIE CITY WARDS 10 & 11,SPRING GENERAL,JUSTICE OF THE SUPREME COURT,NONPARTISAN,SCATTERING,269,16
2005,APRIL,EAU CLAIRE,BRIDGE CREEK TOWN WARDS 1 & 2,SPRING GENERAL,JUSTICE OF THE SUPREME COURT,NONPARTISAN,ANN W. BRADLEY,139,139
2005,APRIL,EAU CLAIRE,BRIDGE CREEK TOWN WARDS 1 & 2,SPRING GENERAL,JUSTICE OF THE SUPREME COURT,NONPARTISAN,SCATTERING,139,0
2005,APRIL,EAU CLAIRE,BRUNSWICK TOWN WARDS 1 & 2,SPRING GENERAL,JUSTICE OF THE SUPREME COURT,NONPARTISAN,ANN W. BRADLEY,339,338
2005,APRIL,EAU CLAIRE,BRUNSWICK TOWN WARDS 1 & 2,SPRING GENERAL,JUSTICE OF THE SUPREME COURT,NONPARTISAN,SCATTERING,339,1
2005,APRIL,EAU CLAIRE,CLEAR CREEK TOWN WARDS 1 & 2,SPRING GENERAL,JUSTICE OF THE SUPREME COURT,NONPARTISAN,ANN W. BRADLEY,132,132
2005,APRIL,EAU CLAIRE,CLEAR CREEK TOWN WARDS 1 & 2,SPRING GENERAL,JUSTICE OF THE SUPREME COURT,NONPARTISAN,SCATTERING,132,0
2005,APRIL,EAU CLAIRE,DRAMMEN TOWN WARD 1,SPRING GENERAL,JUSTICE OF THE SUPREME COURT,NONPARTISAN,ANN W. BRADLEY,60,60
2005,APRIL,EAU CLAIRE,DRAMMEN TOWN WARD 1,SPRING GENERAL,JUSTICE OF THE SUPREME COURT,NONPARTISAN,SCATTERING,60,0
2005,APRIL,EAU CLAIRE,FAIRCHILD TOWN WARD 1,SPRING GENERAL,JUSTICE OF THE SUPREME COURT,NONPARTISAN,ANN W. BRADLEY,73,73
2005,APRIL,EAU CLAIRE,FAIRCHILD TOWN WARD 1,SPRING GENERAL,JUSTICE OF THE SUPREME COURT,NONPARTISAN,SCATTERING,73,0
2005,APRIL,EAU CLAIRE,LINCOLN TOWN WARDS 1 & 2,SPRING GENERAL,JUSTICE OF THE SUPREME COURT,NONPARTISAN,ANN W. BRADLEY,180,180
2005,APRIL,EAU CLAIRE,LINCOLN TOWN WARDS 1 & 2,SPRING GENERAL,JUSTICE OF THE SUPREME COURT,NONPARTISAN,SCATTERING,180,0
2005,APRIL,EAU CLAIRE,LUDINGTON TOWN WARD 1,SPRING GENERAL,JUSTICE OF THE SUPREME COURT,NONPARTISAN,ANN W. BRADLEY,46,46
2005,APRIL,EAU CLAIRE,LUDINGTON TOWN WARD 1,SPRING GENERAL,JUSTICE OF THE SUPREME COURT,NONPARTISAN,SCATTERING,46,0
2005,APRIL,EAU CLAIRE,OTTER CREEK TOWN WARD 1,SPRING GENERAL,JUSTICE OF THE SUPREME COURT,NONPARTISAN,ANN W. BRADLEY,75,74
2005,APRIL,EAU CLAIRE,OTTER CREEK TOWN WARD 1,SPRING GENERAL,JUSTICE OF THE SUPREME COURT,NONPARTISAN,SCATTERING,75,1
2005,APRIL,EAU CLAIRE,PLEASANT VALLEY TOWN WARDS 1 - 4,SPRING GENERAL,JUSTICE OF THE SUPREME COURT,NONPARTISAN,ANN W. BRADLEY,184,183
2005,APRIL,EAU CLAIRE,PLEASANT VALLEY TOWN WARDS 1 - 4,SPRING GENERAL,JUSTICE OF THE SUPREME COURT,NONPARTISAN,SCATTERING,184,1
2005,APRIL,EAU CLAIRE,SEYMOUR TOWN WARDS 1 - 4,SPRING GENERAL,JUSTICE OF THE SUPREME COURT,NONPARTISAN,ANN W. BRADLEY,231,230
2005,APRIL,EAU CLAIRE,SEYMOUR TOWN WARDS 1 - 4,SPRING GENERAL,JUSTICE OF THE SUPREME COURT,NONPARTISAN,SCATTERING,231,1
2005,APRIL,EAU CLAIRE,UNION TOWN WARDS 1 - 3,SPRING GENERAL,JUSTICE OF THE SUPREME COURT,NONPARTISAN,ANN W. BRADLEY,197,197
2005,APRIL,EAU CLAIRE,UNION TOWN WARDS 1 - 3,SPRING GENERAL,JUSTICE OF THE SUPREME COURT,NONPARTISAN,SCATTERING,197,0
2005,APRIL,EAU CLAIRE,WASHINGTON TOWN WARDS 1 - 13,SPRING GENERAL,JUSTICE OF THE SUPREME COURT,NONPARTISAN,ANN W. BRADLEY,750,745
2005,APRIL,EAU CLAIRE,WASHINGTON TOWN WARDS 1 - 13,SPRING GENERAL,JUSTICE OF THE SUPREME COURT,NONPARTISAN,SCATTERING,750,5
2005,APRIL,EAU CLAIRE,WILSON TOWN WARD 1,SPRING GENERAL,JUSTICE OF THE SUPREME COURT,NONPARTISAN,ANN W. BRADLEY,17,17
2005,APRIL,EAU CLAIRE,WILSON TOWN WARD 1,SPRING GENERAL,JUSTICE OF THE SUPREME COURT,NONPARTISAN,SCATTERING,17,0
2005,APRIL,EAU CLAIRE,FAIRCHILD VILLAGE WARD 1,SPRING GENERAL,JUSTICE OF THE SUPREME COURT,NONPARTISAN,ANN W. BRADLEY,87,87
2005,APRIL,EAU CLAIRE,FAIRCHILD VILLAGE WARD 1,SPRING GENERAL,JUSTICE OF THE SUPREME COURT,NONPARTISAN,SCATTERING,87,0
2005,APRIL,EAU CLAIRE,FALL CREEK VILLAGE WARDS 1 & 2,SPRING GENERAL,JUSTICE OF THE SUPREME COURT,NONPARTISAN,ANN W. BRADLEY,96,96
2005,APRIL,EAU CLAIRE,FALL CREEK VILLAGE WARDS 1 & 2,SPRING GENERAL,JUSTICE OF THE SUPREME COURT,NONPARTISAN,SCATTERING,96,0
2005,APRIL,EAU CLAIRE,ALTOONA CITY WARDS 1 - 7,SPRING GENERAL,JUSTICE OF THE SUPREME COURT,NONPARTISAN,ANN W. BRADLEY,549,545
2005,APRIL,EAU CLAIRE,ALTOONA CITY WARDS 1 - 7,SPRING GENERAL,JUSTICE OF THE SUPREME COURT,NONPARTISAN,SCATTERING,549,4
2005,APRIL,EAU CLAIRE,ALTOONA CITY WARDS 8 & 9,SPRING GENERAL,JUSTICE OF THE SUPREME COURT,NONPARTISAN,ANN W. BRADLEY,202,201
2005,APRIL,EAU CLAIRE,ALTOONA CITY WARDS 8 & 9,SPRING GENERAL,JUSTICE OF THE SUPREME COURT,NONPARTISAN,SCATTERING,202,1
2005,APRIL,EAU CLAIRE,ALTOONA CITY WARDS 10 & 11,SPRING GENERAL,JUSTICE OF THE SUPREME COURT,NONPARTISAN,ANN W. BRADLEY,140,140
2005,APRIL,EAU CLAIRE,ALTOONA CITY WARDS 10 & 11,SPRING GENERAL,JUSTICE OF THE SUPREME COURT,NONPARTISAN,SCATTERING,140,0
2005,APRIL,EAU CLAIRE,ALTOONA CITY WARDS 12 & 13,SPRING GENERAL,JUSTICE OF THE SUPREME COURT,NONPARTISAN,ANN W. BRADLEY,189,187
2005,APRIL,EAU CLAIRE,ALTOONA CITY WARDS 12 & 13,SPRING GENERAL,JUSTICE OF THE SUPREME COURT,NONPARTISAN,SCATTERING,189,2
2005,APRIL,EAU CLAIRE,AUGUSTA CITY WARDS 1 & 2,SPRING GENERAL,JUSTICE OF THE SUPREME COURT,NONPARTISAN,ANN W. BRADLEY,66,66
2005,APRIL,EAU CLAIRE,AUGUSTA CITY WARDS 1 & 2,SPRING GENERAL,JUSTICE OF THE SUPREME COURT,NONPARTISAN,SCATTERING,66,0
2005,APRIL,EAU CLAIRE,AUGUSTA CITY WARD 3,SPRING GENERAL,JUSTICE OF THE SUPREME COURT,NONPARTISAN,ANN W. BRADLEY,33,33
2005,APRIL,EAU CLAIRE,AUGUSTA CITY WARD 3,SPRING GENERAL,JUSTICE OF THE SUPREME COURT,NONPARTISAN,SCATTERING,33,0
2005,APRIL,EAU CLAIRE,AUGUSTA CITY WARD 4,SPRING GENERAL,JUSTICE OF THE SUPREME COURT,NONPARTISAN,ANN W. BRADLEY,27,27
2005,APRIL,EAU CLAIRE,AUGUSTA CITY WARD 4,SPRING GENERAL,JUSTICE OF THE SUPREME COURT,NONPARTISAN,SCATTERING,27,0
2005,APRIL,EAU CLAIRE,AUGUSTA CITY WARD 5,SPRING GENERAL,JUSTICE OF THE SUPREME COURT,NONPARTISAN,ANN W. BRADLEY,72,72
2005,APRIL,EAU CLAIRE,AUGUSTA CITY WARD 5,SPRING GENERAL,JUSTICE OF THE SUPREME COURT,NONPARTISAN,SCATTERING,72,0
2005,APRIL,EAU CLAIRE,EAU CLAIRE CITY WARD 1,SPRING GENERAL,JUSTICE OF THE SUPREME COURT,NONPARTISAN,ANN W. BRADLEY,86,86
2005,APRIL,EAU CLAIRE,EAU CLAIRE CITY WARD 1,SPRING GENERAL,JUSTICE OF THE SUPREME COURT,NONPARTISAN,SCATTERING,86,0
2005,APRIL,EAU CLAIRE,EAU CLAIRE CITY WARD 2,SPRING GENERAL,JUSTICE OF THE SUPREME COURT,NONPARTISAN,ANN W. BRADLEY,89,88
2005,APRIL,EAU CLAIRE,EAU CLAIRE CITY WARD 2,SPRING GENERAL,JUSTICE OF THE SUPREME COURT,NONPARTISAN,SCATTERING,89,1
2005,APRIL,EAU CLAIRE,EAU CLAIRE CITY WARD 3,SPRING GENERAL,JUSTICE OF THE SUPREME COURT,NONPARTISAN,ANN W. BRADLEY,310,308
2005,APRIL,EAU CLAIRE,EAU CLAIRE CITY WARD 3,SPRING GENERAL,JUSTICE OF THE SUPREME COURT,NONPARTISAN,SCATTERING,310,2
2005,APRIL,EAU CLAIRE,EAU CLAIRE CITY WARD 4,SPRING GENERAL,JUSTICE OF THE SUPREME COURT,NONPARTISAN,ANN W. BRADLEY,85,84
2005,APRIL,EAU CLAIRE,EAU CLAIRE CITY WARD 4,SPRING GENERAL,JUSTICE OF THE SUPREME COURT,NONPARTISAN,SCATTERING,85,1
2005,APRIL,EAU CLAIRE,EAU CLAIRE CITY WARD 5,SPRING GENERAL,JUSTICE OF THE SUPREME COURT,NONPARTISAN,ANN W. BRADLEY,41,40
2005,APRIL,EAU CLAIRE,EAU CLAIRE CITY WARD 5,SPRING GENERAL,JUSTICE OF THE SUPREME COURT,NONPARTISAN,SCATTERING,41,1
2005,APRIL,EAU CLAIRE,EAU CLAIRE CITY WARD 6,SPRING GENERAL,JUSTICE OF THE SUPREME COURT,NONPARTISAN,ANN W. BRADLEY,37,35
2005,APRIL,EAU CLAIRE,EAU CLAIRE CITY WARD 6,SPRING GENERAL,JUSTICE OF THE SUPREME COURT,NONPARTISAN,SCATTERING,37,2
2005,APRIL,EAU CLAIRE,EAU CLAIRE CITY WARD 7,SPRING GENERAL,JUSTICE OF THE SUPREME COURT,NONPARTISAN,ANN W. BRADLEY,112,112
2005,APRIL,EAU CLAIRE,EAU CLAIRE CITY WARD 7,SPRING GENERAL,JUSTICE OF THE SUPREME COURT,NONPARTISAN,SCATTERING,112,0
2005,APRIL,EAU CLAIRE,EAU CLAIRE CITY WARD 8,SPRING GENERAL,JUSTICE OF THE SUPREME COURT,NONPARTISAN,ANN W. BRADLEY,137,136
2005,APRIL,EAU CLAIRE,EAU CLAIRE CITY WARD 8,SPRING GENERAL,JUSTICE OF THE SUPREME COURT,NONPARTISAN,SCATTERING,137,1
2005,APRIL,EAU CLAIRE,EAU CLAIRE CITY WARD 9,SPRING GENERAL,JUSTICE OF THE SUPREME COURT,NONPARTISAN,ANN W. BRADLEY,8,8
2005,APRIL,EAU CLAIRE,EAU CLAIRE CITY WARD 9,SPRING GENERAL,JUSTICE OF THE SUPREME COURT,NONPARTISAN,SCATTERING,8,0
2005,APRIL,EAU CLAIRE,EAU CLAIRE CITY WARD 10,SPRING GENERAL,JUSTICE OF THE SUPREME COURT,NONPARTISAN,ANN W. BRADLEY,51,51
2005,APRIL,EAU CLAIRE,EAU CLAIRE CITY WARD 10,SPRING GENERAL,JUSTICE OF THE SUPREME COURT,NONPARTISAN,SCATTERING,51,0
2005,APRIL,EAU CLAIRE,EAU CLAIRE CITY WARD 11,SPRING GENERAL,JUSTICE OF THE SUPREME COURT,NONPARTISAN,ANN W. BRADLEY,189,189
2005,APRIL,EAU CLAIRE,EAU CLAIRE CITY WARD 11,SPRING GENERAL,JUSTICE OF THE SUPREME COURT,NONPARTISAN,SCATTERING,189,0
2005,APRIL,EAU CLAIRE,EAU CLAIRE CITY WARD 12,SPRING GENERAL,JUSTICE OF THE SUPREME COURT,NONPARTISAN,ANN W. BRADLEY,154,154
2005,APRIL,EAU CLAIRE,EAU CLAIRE CITY WARD 12,SPRING GENERAL,JUSTICE OF THE SUPREME COURT,NONPARTISAN,SCATTERING,154,0
2005,APRIL,EAU CLAIRE,EAU CLAIRE CITY WARD 13,SPRING GENERAL,JUSTICE OF THE SUPREME COURT,NONPARTISAN,ANN W. BRADLEY,84,83
2005,APRIL,EAU CLAIRE,EAU CLAIRE CITY WARD 13,SPRING GENERAL,JUSTICE OF THE SUPREME COURT,NONPARTISAN,SCATTERING,84,1
2005,APRIL,EAU CLAIRE,EAU CLAIRE CITY WARD 14,SPRING GENERAL,JUSTICE OF THE SUPREME COURT,NONPARTISAN,ANN W. BRADLEY,84,84
2005,APRIL,EAU CLAIRE,EAU CLAIRE CITY WARD 14,SPRING GENERAL,JUSTICE OF THE SUPREME COURT,NONPARTISAN,SCATTERING,84,0
2005,APRIL,EAU CLAIRE,EAU CLAIRE CITY WARD 15,SPRING GENERAL,JUSTICE OF THE SUPREME COURT,NONPARTISAN,ANN W. BRADLEY,172,171
2005,APRIL,EAU CLAIRE,EAU CLAIRE CITY WARD 15,SPRING GENERAL,JUSTICE OF THE SUPREME COURT,NONPARTISAN,SCATTERING,172,1
2005,APRIL,EAU CLAIRE,EAU CLAIRE CITY WARD 17,SPRING GENERAL,JUSTICE OF THE SUPREME COURT,NONPARTISAN,ANN W. BRADLEY,272,269
2005,APRIL,EAU CLAIRE,EAU CLAIRE CITY WARD 17,SPRING GENERAL,JUSTICE OF THE SUPREME COURT,NONPARTISAN,SCATTERING,272,3
2005,APRIL,EAU CLAIRE,EAU CLAIRE CITY WARD 18,SPRING GENERAL,JUSTICE OF THE SUPREME COURT,NONPARTISAN,ANN W. BRADLEY,184,184
2005,APRIL,EAU CLAIRE,EAU CLAIRE CITY WARD 18,SPRING GENERAL,JUSTICE OF THE SUPREME COURT,NONPARTISAN,SCATTERING,184,0
2005,APRIL,EAU CLAIRE,EAU CLAIRE CITY WARD 19,SPRING GENERAL,JUSTICE OF THE SUPREME COURT,NONPARTISAN,ANN W. BRADLEY,25,25
2005,APRIL,EAU CLAIRE,EAU CLAIRE CITY WARD 19,SPRING GENERAL,JUSTICE OF THE SUPREME COURT,NONPARTISAN,SCATTERING,25,0
2005,APRIL,EAU CLAIRE,EAU CLAIRE CITY WARD 20,SPRING GENERAL,JUSTICE OF THE SUPREME COURT,NONPARTISAN,ANN W. BRADLEY,121,118
2005,APRIL,EAU CLAIRE,EAU CLAIRE CITY WARD 20,SPRING GENERAL,JUSTICE OF THE SUPREME COURT,NONPARTISAN,SCATTERING,121,3
2005,APRIL,EAU CLAIRE,EAU CLAIRE CITY WARD 21,SPRING GENERAL,JUSTICE OF THE SUPREME COURT,NONPARTISAN,ANN W. BRADLEY,87,85
2005,APRIL,EAU CLAIRE,EAU CLAIRE CITY WARD 21,SPRING GENERAL,JUSTICE OF THE SUPREME COURT,NONPARTISAN,SCATTERING,87,2
2005,APRIL,EAU CLAIRE,EAU CLAIRE CITY WARD 22,SPRING GENERAL,JUSTICE OF THE SUPREME COURT,NONPARTISAN,ANN W. BRADLEY,44,44
2005,APRIL,EAU CLAIRE,EAU CLAIRE CITY WARD 22,SPRING GENERAL,JUSTICE OF THE SUPREME COURT,NONPARTISAN,SCATTERING,44,0
2005,APRIL,EAU CLAIRE,EAU CLAIRE CITY WARD 23,SPRING GENERAL,JUSTICE OF THE SUPREME COURT,NONPARTISAN,ANN W. BRADLEY,198,197
2005,APRIL,EAU CLAIRE,EAU CLAIRE CITY WARD 23,SPRING GENERAL,JUSTICE OF THE SUPREME COURT,NONPARTISAN,SCATTERING,198,1
2005,APRIL,EAU CLAIRE,EAU CLAIRE CITY WARD 24,SPRING GENERAL,JUSTICE OF THE SUPREME COURT,NONPARTISAN,ANN W. BRADLEY,19,19
2005,APRIL,EAU CLAIRE,EAU CLAIRE CITY WARD 24,SPRING GENERAL,JUSTICE OF THE SUPREME COURT,NONPARTISAN,SCATTERING,19,0
2005,APRIL,EAU CLAIRE,EAU CLAIRE CITY WARD 25,SPRING GENERAL,JUSTICE OF THE SUPREME COURT,NONPARTISAN,ANN W. BRADLEY,269,269
2005,APRIL,EAU CLAIRE,EAU CLAIRE CITY WARD 25,SPRING GENERAL,JUSTICE OF THE SUPREME COURT,NONPARTISAN,SCATTERING,269,0
2005,APRIL,EAU CLAIRE,EAU CLAIRE CITY WARD 26,SPRING GENERAL,JUSTICE OF THE SUPREME COURT,NONPARTISAN,ANN W. BRADLEY,129,129
2005,APRIL,EAU CLAIRE,EAU CLAIRE CITY WARD 26,SPRING GENERAL,JUSTICE OF THE SUPREME COURT,NONPARTISAN,SCATTERING,129,0
2005,APRIL,EAU CLAIRE,EAU CLAIRE CITY WARD 27,SPRING GENERAL,JUSTICE OF THE SUPREME COURT,NONPARTISAN,ANN W. BRADLEY,69,68
2005,APRIL,EAU CLAIRE,EAU CLAIRE CITY WARD 27,SPRING GENERAL,JUSTICE OF THE SUPREME COURT,NONPARTISAN,SCATTERING,69,1
2005,APRIL,EAU CLAIRE,EAU CLAIRE CITY WARD 28,SPRING GENERAL,JUSTICE OF THE SUPREME COURT,NONPARTISAN,ANN W. BRADLEY,140,140
2005,APRIL,EAU CLAIRE,EAU CLAIRE CITY WARD 28,SPRING GENERAL,JUSTICE OF THE SUPREME COURT,NONPARTISAN,SCATTERING,140,0
2005,APRIL,EAU CLAIRE,EAU CLAIRE CITY WARD 29,SPRING GENERAL,JUSTICE OF THE SUPREME COURT,NONPARTISAN,ANN W. BRADLEY,112,112
2005,APRIL,EAU CLAIRE,EAU CLAIRE CITY WARD 29,SPRING GENERAL,JUSTICE OF THE SUPREME COURT,NONPARTISAN,SCATTERING,112,0
2005,APRIL,EAU CLAIRE,EAU CLAIRE CITY WARD 30,SPRING GENERAL,JUSTICE OF THE SUPREME COURT,NONPARTISAN,ANN W. BRADLEY,236,234
2005,APRIL,EAU CLAIRE,EAU CLAIRE CITY WARD 30,SPRING GENERAL,JUSTICE OF THE SUPREME COURT,NONPARTISAN,SCATTERING,236,2
2005,APRIL,EAU CLAIRE,EAU CLAIRE CITY WARD 31,SPRING GENERAL,JUSTICE OF THE SUPREME COURT,NONPARTISAN,ANN W. BRADLEY,226,225
2005,APRIL,EAU CLAIRE,EAU CLAIRE CITY WARD 31,SPRING GENERAL,JUSTICE OF THE SUPREME COURT,NONPARTISAN,SCATTERING,226,1
2005,APRIL,EAU CLAIRE,EAU CLAIRE CITY WARD 32,SPRING GENERAL,JUSTICE OF THE SUPREME COURT,NONPARTISAN,ANN W. BRADLEY,44,43
2005,APRIL,EAU CLAIRE,EAU CLAIRE CITY WARD 32,SPRING GENERAL,JUSTICE OF THE SUPREME COURT,NONPARTISAN,SCATTERING,44,1
2005,APRIL,EAU CLAIRE,EAU CLAIRE CITY WARD 33,SPRING GENERAL,JUSTICE OF THE SUPREME COURT,NONPARTISAN,ANN W. BRADLEY,19,19
2005,APRIL,EAU CLAIRE,EAU CLAIRE CITY WARD 33,SPRING GENERAL,JUSTICE OF THE SUPREME COURT,NONPARTISAN,SCATTERING,19,0
2005,APRIL,EAU CLAIRE,EAU CLAIRE CITY WARD 34,SPRING GENERAL,JUSTICE OF THE SUPREME COURT,NONPARTISAN,ANN W. BRADLEY,72,72
2005,APRIL,EAU CLAIRE,EAU CLAIRE CITY WARD 34,SPRING GENERAL,JUSTICE OF THE SUPREME COURT,NONPARTISAN,SCATTERING,72,0
2005,APRIL,EAU CLAIRE,EAU CLAIRE CITY WARD 35,SPRING GENERAL,JUSTICE OF THE SUPREME COURT,NONPARTISAN,ANN W. BRADLEY,12,12
2005,APRIL,EAU CLAIRE,EAU CLAIRE CITY WARD 35,SPRING GENERAL,JUSTICE OF THE SUPREME COURT,NONPARTISAN,SCATTERING,12,0
2005,APRIL,EAU CLAIRE,EAU CLAIRE CITY WARD 36,SPRING GENERAL,JUSTICE OF THE SUPREME COURT,NONPARTISAN,ANN W. BRADLEY,79,79
2005,APRIL,EAU CLAIRE,EAU CLAIRE CITY WARD 36,SPRING GENERAL,JUSTICE OF THE SUPREME COURT,NONPARTISAN,SCATTERING,79,0
2005,APRIL,EAU CLAIRE,EAU CLAIRE CITY WARD 37,SPRING GENERAL,JUSTICE OF THE SUPREME COURT,NONPARTISAN,ANN W. BRADLEY,88,86
2005,APRIL,EAU CLAIRE,EAU CLAIRE CITY WARD 37,SPRING GENERAL,JUSTICE OF THE SUPREME COURT,NONPARTISAN,SCATTERING,88,2
2005,APRIL,EAU CLAIRE,EAU CLAIRE CITY WARD 38,SPRING GENERAL,JUSTICE OF THE SUPREME COURT,NONPARTISAN,ANN W. BRADLEY,98,98
2005,APRIL,EAU CLAIRE,EAU CLAIRE CITY WARD 38,SPRING GENERAL,JUSTICE OF THE SUPREME COURT,NONPARTISAN,SCATTERING,98,0
2005,APRIL,EAU CLAIRE,EAU CLAIRE CITY WARD 39,SPRING GENERAL,JUSTICE OF THE SUPREME COURT,NONPARTISAN,ANN W. BRADLEY,54,54
2005,APRIL,EAU CLAIRE,EAU CLAIRE CITY WARD 39,SPRING GENERAL,JUSTICE OF THE SUPREME COURT,NONPARTISAN,SCATTERING,54,0
2005,APRIL,FLORENCE,AURORA TOWN WARDS 1 - 3,SPRING GENERAL,JUSTICE OF THE SUPREME COURT,NONPARTISAN,ANN W. BRADLEY,187,187
2005,APRIL,FLORENCE,AURORA TOWN WARDS 1 - 3,SPRING GENERAL,JUSTICE OF THE SUPREME COURT,NONPARTISAN,SCATTERING,187,0
2005,APRIL,FLORENCE,COMMONWEALTH TOWN WARDS 1 - 3,SPRING GENERAL,JUSTICE OF THE SUPREME COURT,NONPARTISAN,ANN W. BRADLEY,81,81
2005,APRIL,FLORENCE,COMMONWEALTH TOWN WARDS 1 - 3,SPRING GENERAL,JUSTICE OF THE SUPREME COURT,NONPARTISAN,SCATTERING,81,0
2005,APRIL,FLORENCE,FENCE TOWN WARD 1,SPRING GENERAL,JUSTICE OF THE SUPREME COURT,NONPARTISAN,ANN W. BRADLEY,43,43
2005,APRIL,FLORENCE,FENCE TOWN WARD 1,SPRING GENERAL,JUSTICE OF THE SUPREME COURT,NONPARTISAN,SCATTERING,43,0
2005,APRIL,FLORENCE,FERN TOWN WARD 1,SPRING GENERAL,JUSTICE OF THE SUPREME COURT,NONPARTISAN,ANN W. BRADLEY,49,49
2005,APRIL,FLORENCE,FERN TOWN WARD 1,SPRING GENERAL,JUSTICE OF THE SUPREME COURT,NONPARTISAN,SCATTERING,49,0
2005,APRIL,FLORENCE,FLORENCE TOWN WARDS 1 - 7,SPRING GENERAL,JUSTICE OF THE SUPREME COURT,NONPARTISAN,ANN W. BRADLEY,322,322
2005,APRIL,FLORENCE,FLORENCE TOWN WARDS 1 - 7,SPRING GENERAL,JUSTICE OF THE SUPREME COURT,NONPARTISAN,SCATTERING,322,0
2005,APRIL,FLORENCE,HOMESTEAD TOWN WARD 1,SPRING GENERAL,JUSTICE OF THE SUPREME COURT,NONPARTISAN,ANN W. BRADLEY,77,77
2005,APRIL,FLORENCE,HOMESTEAD TOWN WARD 1,SPRING GENERAL,JUSTICE OF THE SUPREME COURT,NONPARTISAN,SCATTERING,77,0
2005,APRIL,FLORENCE,LONG LAKE TOWN WARD 1,SPRING GENERAL,JUSTICE OF THE SUPREME COURT,NONPARTISAN,ANN W. BRADLEY,65,65
2005,APRIL,FLORENCE,LONG LAKE TOWN WARD 1,SPRING GENERAL,JUSTICE OF THE SUPREME COURT,NONPARTISAN,SCATTERING,65,0
2005,APRIL,FLORENCE,TIPLER TOWN WARD 1,SPRING GENERAL,JUSTICE OF THE SUPREME COURT,NONPARTISAN,ANN W. BRADLEY,34,34
2005,APRIL,FLORENCE,TIPLER TOWN WARD 1,SPRING GENERAL,JUSTICE OF THE SUPREME COURT,NONPARTISAN,SCATTERING,34,0
2005,APRIL,FOND DU LAC,ALTO TOWN WARDS 1 & 2,SPRING GENERAL,JUSTICE OF THE SUPREME COURT,NONPARTISAN,ANN W. BRADLEY,99,99
2005,APRIL,FOND DU LAC,ALTO TOWN WARDS 1 & 2,SPRING GENERAL,JUSTICE OF THE SUPREME COURT,NONPARTISAN,SCATTERING,99,0
2005,APRIL,FOND DU LAC,ASHFORD TOWN WARDS 1 - 3,SPRING GENERAL,JUSTICE OF THE SUPREME COURT,NONPARTISAN,ANN W. BRADLEY,139,137
2005,APRIL,FOND DU LAC,ASHFORD TOWN WARDS 1 - 3,SPRING GENERAL,JUSTICE OF THE SUPREME COURT,NONPARTISAN,SCATTERING,139,2
2005,APRIL,FOND DU LAC,AUBURN TOWN WARDS 1 - 3,SPRING GENERAL,JUSTICE OF THE SUPREME COURT,NONPARTISAN,ANN W. BRADLEY,393,392
2005,APRIL,FOND DU LAC,AUBURN TOWN WARDS 1 - 3,SPRING GENERAL,JUSTICE OF THE SUPREME COURT,NONPARTISAN,SCATTERING,393,1
2005,APRIL,FOND DU LAC,BYRON TOWN WARDS 1 & 2,SPRING GENERAL,JUSTICE OF THE SUPREME COURT,NONPARTISAN,ANN W. BRADLEY,416,416
2005,APRIL,FOND DU LAC,BYRON TOWN WARDS 1 & 2,SPRING GENERAL,JUSTICE OF THE SUPREME COURT,NONPARTISAN,SCATTERING,416,0
2005,APRIL,FOND DU LAC,CALUMET TOWN WARDS 1 & 2,SPRING GENERAL,JUSTICE OF THE SUPREME COURT,NONPARTISAN,ANN W. BRADLEY,136,136
2005,APRIL,FOND DU LAC,CALUMET TOWN WARDS 1 & 2,SPRING GENERAL,JUSTICE OF THE SUPREME COURT,NONPARTISAN,SCATTERING,136,0
2005,APRIL,FOND DU LAC,EDEN TOWN WARD 1,SPRING GENERAL,JUSTICE OF THE SUPREME COURT,NONPARTISAN,ANN W. BRADLEY,75,75
2005,APRIL,FOND DU LAC,EDEN TOWN WARD 1,SPRING GENERAL,JUSTICE OF THE SUPREME COURT,NONPARTISAN,SCATTERING,75,0
2005,APRIL,FOND DU LAC,ELDORADO TOWN WARDS 1 - 3,SPRING GENERAL,JUSTICE OF THE SUPREME COURT,NONPARTISAN,ANN W. BRADLEY,208,208
2005,APRIL,FOND DU LAC,ELDORADO TOWN WARDS 1 - 3,SPRING GENERAL,JUSTICE OF THE SUPREME COURT,NONPARTISAN,SCATTERING,208,0
2005,APRIL,FOND DU LAC,EMPIRE TOWN WARDS 1 - 3,SPRING GENERAL,JUSTICE OF THE SUPREME COURT,NONPARTISAN,ANN W. BRADLEY,426,424
2005,APRIL,FOND DU LAC,EMPIRE TOWN WARDS 1 - 3,SPRING GENERAL,JUSTICE OF THE SUPREME COURT,NONPARTISAN,SCATTERING,426,2
2005,APRIL,FOND DU LAC,FOND DU LAC TOWN WARDS 1 - 3,SPRING GENERAL,JUSTICE OF THE SUPREME COURT,NONPARTISAN,ANN W. BRADLEY,347,346
2005,APRIL,FOND DU LAC,FOND DU LAC TOWN WARDS 1 - 3,SPRING GENERAL,JUSTICE OF THE SUPREME COURT,NONPARTISAN,SCATTERING,347,1
2005,APRIL,FOND DU LAC,FOREST TOWN WARDS 1 & 2,SPRING GENERAL,JUSTICE OF THE SUPREME COURT,NONPARTISAN,ANN W. BRADLEY,114,114
2005,APRIL,FOND DU LAC,FOREST TOWN WARDS 1 & 2,SPRING GENERAL,JUSTICE OF THE SUPREME COURT,NONPARTISAN,SCATTERING,114,0
2005,APRIL,FOND DU LAC,FRIENDSHIP TOWN WARDS 1 - 4,SPRING GENERAL,JUSTICE OF THE SUPREME COURT,NONPARTISAN,ANN W. BRADLEY,137,137
2005,APRIL,FOND DU LAC,FRIENDSHIP TOWN WARDS 1 - 4,SPRING GENERAL,JUSTICE OF THE SUPREME COURT,NONPARTISAN,SCATTERING,137,0
2005,APRIL,FOND DU LAC,LAMARTINE TOWN WARDS 1 - 3,SPRING GENERAL,JUSTICE OF THE SUPREME COURT,NONPARTISAN,ANN W. BRADLEY,279,279
2005,APRIL,FOND DU LAC,LAMARTINE TOWN WARDS 1 - 3,SPRING GENERAL,JUSTICE OF THE SUPREME COURT,NONPARTISAN,SCATTERING,279,0
2005,APRIL,FOND DU LAC,MARSHFIELD TOWN WARDS 1 & 2,SPRING GENERAL,JUSTICE OF THE SUPREME COURT,NONPARTISAN,ANN W. BRADLEY,110,110
2005,APRIL,FOND DU LAC,MARSHFIELD TOWN WARDS 1 & 2,SPRING GENERAL,JUSTICE OF THE SUPREME COURT,NONPARTISAN,SCATTERING,110,0
2005,APRIL,FOND DU LAC,METOMEN TOWN WARD 1,SPRING GENERAL,JUSTICE OF THE SUPREME COURT,NONPARTISAN,ANN W. BRADLEY,185,185
2005,APRIL,FOND DU LAC,METOMEN TOWN WARD 1,SPRING GENERAL,JUSTICE OF THE SUPREME COURT,NONPARTISAN,SCATTERING,185,0
2005,APRIL,FOND DU LAC,OAKFIELD TOWN WARD 1,SPRING GENERAL,JUSTICE OF THE SUPREME COURT,NONPARTISAN,ANN W. BRADLEY,68,67
2005,APRIL,FOND DU LAC,OAKFIELD TOWN WARD 1,SPRING GENERAL,JUSTICE OF THE SUPREME COURT,NONPARTISAN,SCATTERING,68,1
2005,APRIL,FOND DU LAC,OSCEOLA TOWN WARDS 1 & 2,SPRING GENERAL,JUSTICE OF THE SUPREME COURT,NONPARTISAN,ANN W. BRADLEY,337,336
2005,APRIL,FOND DU LAC,OSCEOLA TOWN WARDS 1 & 2,SPRING GENERAL,JUSTICE OF THE SUPREME COURT,NONPARTISAN,SCATTERING,337,1
2005,APRIL,FOND DU LAC,RIPON TOWN WARDS 1 & 2,SPRING GENERAL,JUSTICE OF THE SUPREME COURT,NONPARTISAN,ANN W. BRADLEY,167,166
2005,APRIL,FOND DU LAC,RIPON TOWN WARDS 1 & 2,SPRING GENERAL,JUSTICE OF THE SUPREME COURT,NONPARTISAN,SCATTERING,167,1
2005,APRIL,FOND DU LAC,ROSENDALE TOWN WARD 1,SPRING GENERAL,JUSTICE OF THE SUPREME COURT,NONPARTISAN,ANN W. BRADLEY,91,91
2005,APRIL,FOND DU LAC,ROSENDALE TOWN WARD 1,SPRING GENERAL,JUSTICE OF THE SUPREME COURT,NONPARTISAN,SCATTERING,91,0
2005,APRIL,FOND DU LAC,SPRINGVALE TOWN WARD 1,SPRING GENERAL,JUSTICE OF THE SUPREME COURT,NONPARTISAN,ANN W. BRADLEY,136,136
2005,APRIL,FOND DU LAC,SPRINGVALE TOWN WARD 1,SPRING GENERAL,JUSTICE OF THE SUPREME COURT,NONPARTISAN,SCATTERING,136,0
2005,APRIL,FOND DU LAC,TAYCHEEDAH TOWN WARDS 1 - 5,SPRING GENERAL,JUSTICE OF THE SUPREME COURT,NONPARTISAN,ANN W. BRADLEY,659,659
2005,APRIL,FOND DU LAC,TAYCHEEDAH TOWN WARDS 1 - 5,SPRING GENERAL,JUSTICE OF THE SUPREME COURT,NONPARTISAN,SCATTERING,659,0
2005,APRIL,FOND DU LAC,WAUPUN TOWN WARDS 1 & 2,SPRING GENERAL,JUSTICE OF THE SUPREME COURT,NONPARTISAN,ANN W. BRADLEY,143,143
2005,APRIL,FOND DU LAC,WAUPUN TOWN WARDS 1 & 2,SPRING GENERAL,JUSTICE OF THE SUPREME COURT,NONPARTISAN,SCATTERING,143,0
2005,APRIL,FOND DU LAC,BRANDON VILLAGE WARD 1,SPRING GENERAL,JUSTICE OF THE SUPREME COURT,NONPARTISAN,ANN W. BRADLEY,197,197
2005,APRIL,FOND DU LAC,BRANDON VILLAGE WARD 1,SPRING GENERAL,JUSTICE OF THE SUPREME COURT,NONPARTISAN,SCATTERING,197,0
2005,APRIL,FOND DU LAC,CAMPBELLSPORT VILLAGE WARDS 1 - 4,SPRING GENERAL,JUSTICE OF THE SUPREME COURT,NONPARTISAN,ANN W. BRADLEY,141,141
2005,APRIL,FOND DU LAC,CAMPBELLSPORT VILLAGE WARDS 1 - 4,SPRING GENERAL,JUSTICE OF THE SUPREME COURT,NONPARTISAN,SCATTERING,141,0
2005,APRIL,FOND DU LAC,EDEN VILLAGE WARD 1,SPRING GENERAL,JUSTICE OF THE SUPREME COURT,NONPARTISAN,ANN W. BRADLEY,61,61
2005,APRIL,FOND DU LAC,EDEN VILLAGE WARD 1,SPRING GENERAL,JUSTICE OF THE SUPREME COURT,NONPARTISAN,SCATTERING,61,0
2005,APRIL,FOND DU LAC,FAIRWATER VILLAGE WARD 1,SPRING GENERAL,JUSTICE OF THE SUPREME COURT,NONPARTISAN,ANN W. BRADLEY,49,49
2005,APRIL,FOND DU LAC,FAIRWATER VILLAGE WARD 1,SPRING GENERAL,JUSTICE OF THE SUPREME COURT,NONPARTISAN,SCATTERING,49,0
2005,APRIL,FOND DU LAC,KEWASKUM VILLAGE WARD 5,SPRING GENERAL,JUSTICE OF THE SUPREME COURT,NONPARTISAN,ANN W. BRADLEY,0,0
2005,APRIL,FOND DU LAC,KEWASKUM VILLAGE WARD 5,SPRING GENERAL,JUSTICE OF THE SUPREME COURT,NONPARTISAN,SCATTERING,0,0
2005,APRIL,FOND DU LAC,MOUNT CALVARY VILLAGE WARD 1,SPRING GENERAL,JUSTICE OF THE SUPREME COURT,NONPARTISAN,ANN W. BRADLEY,96,96
2005,APRIL,FOND DU LAC,MOUNT CALVARY VILLAGE WARD 1,SPRING GENERAL,JUSTICE OF THE SUPREME COURT,NONPARTISAN,SCATTERING,96,0
2005,APRIL,FOND DU LAC,NORTH FOND DU LAC VILLAGE WARDS 1 - 7,SPRING GENERAL,JUSTICE OF THE SUPREME COURT,NONPARTISAN,ANN W. BRADLEY,534,534
2005,APRIL,FOND DU LAC,NORTH FOND DU LAC VILLAGE WARDS 1 - 7,SPRING GENERAL,JUSTICE OF THE SUPREME COURT,NONPARTISAN,SCATTERING,534,0
2005,APRIL,FOND DU LAC,OAKFIELD VILLAGE WARDS 1 & 2,SPRING GENERAL,JUSTICE OF THE SUPREME COURT,NONPARTISAN,ANN W. BRADLEY,196,196
2005,APRIL,FOND DU LAC,OAKFIELD VILLAGE WARDS 1 & 2,SPRING GENERAL,JUSTICE OF THE SUPREME COURT,NONPARTISAN,SCATTERING,196,0
2005,APRIL,FOND DU LAC,ROSENDALE VILLAGE WARD 1,SPRING GENERAL,JUSTICE OF THE SUPREME COURT,NONPARTISAN,ANN W. BRADLEY,208,208
2005,APRIL,FOND DU LAC,ROSENDALE VILLAGE WARD 1,SPRING GENERAL,JUSTICE OF THE SUPREME COURT,NONPARTISAN,SCATTERING,208,0
2005,APRIL,FOND DU LAC,ST CLOUD VILLAGE WARD 1,SPRING GENERAL,JUSTICE OF THE SUPREME COURT,NONPARTISAN,ANN W. BRADLEY,125,125
2005,APRIL,FOND DU LAC,ST CLOUD VILLAGE WARD 1,SPRING GENERAL,JUSTICE OF THE SUPREME COURT,NONPARTISAN,SCATTERING,125,0
2005,APRIL,FOND DU LAC,FOND DU LAC CITY WARD 1,SPRING GENERAL,JUSTICE OF THE SUPREME COURT,NONPARTISAN,ANN W. BRADLEY,136,135
2005,APRIL,FOND DU LAC,FOND DU LAC CITY WARD 1,SPRING GENERAL,JUSTICE OF THE SUPREME COURT,NONPARTISAN,SCATTERING,136,1
2005,APRIL,FOND DU LAC,FOND DU LAC CITY WARD 2,SPRING GENERAL,JUSTICE OF THE SUPREME COURT,NONPARTISAN,ANN W. BRADLEY,352,351
2005,APRIL,FOND DU LAC,FOND DU LAC CITY WARD 2,SPRING GENERAL,JUSTICE OF THE SUPREME COURT,NONPARTISAN,SCATTERING,352,1
2005,APRIL,FOND DU LAC,FOND DU LAC CITY WARD 3,SPRING GENERAL,JUSTICE OF THE SUPREME COURT,NONPARTISAN,ANN W. BRADLEY,156,155
2005,APRIL,FOND DU LAC,FOND DU LAC CITY WARD 3,SPRING GENERAL,JUSTICE OF THE SUPREME COURT,NONPARTISAN,SCATTERING,156,1
2005,APRIL,FOND DU LAC,FOND DU LAC CITY WARD 4,SPRING GENERAL,JUSTICE OF THE SUPREME COURT,NONPARTISAN,ANN W. BRADLEY,178,176
2005,APRIL,FOND DU LAC,FOND DU LAC CITY WARD 4,SPRING GENERAL,JUSTICE OF THE SUPREME COURT,NONPARTISAN,SCATTERING,178,2
2005,APRIL,FOND DU LAC,FOND DU LAC CITY WARD 5,SPRING GENERAL,JUSTICE OF THE SUPREME COURT,NONPARTISAN,ANN W. BRADLEY,189,189
2005,APRIL,FOND DU LAC,FOND DU LAC CITY WARD 5,SPRING GENERAL,JUSTICE OF THE SUPREME COURT,NONPARTISAN,SCATTERING,189,0
2005,APRIL,FOND DU LAC,FOND DU LAC CITY WARD 6,SPRING GENERAL,JUSTICE OF THE SUPREME COURT,NONPARTISAN,ANN W. BRADLEY,123,123
2005,APRIL,FOND DU LAC,FOND DU LAC CITY WARD 6,SPRING GENERAL,JUSTICE OF THE SUPREME COURT,NONPARTISAN,SCATTERING,123,0
2005,APRIL,FOND DU LAC,FOND DU LAC CITY WARD 7,SPRING GENERAL,JUSTICE OF THE SUPREME COURT,NONPARTISAN,ANN W. BRADLEY,139,139
2005,APRIL,FOND DU LAC,FOND DU LAC CITY WARD 7,SPRING GENERAL,JUSTICE OF THE SUPREME COURT,NONPARTISAN,SCATTERING,139,0
2005,APRIL,FOND DU LAC,FOND DU LAC CITY WARD 8,SPRING GENERAL,JUSTICE OF THE SUPREME COURT,NONPARTISAN,ANN W. BRADLEY,252,251
2005,APRIL,FOND DU LAC,FOND DU LAC CITY WARD 8,SPRING GENERAL,JUSTICE OF THE SUPREME COURT,NONPARTISAN,SCATTERING,252,1
2005,APRIL,FOND DU LAC,FOND DU LAC CITY WARD 9,SPRING GENERAL,JUSTICE OF THE SUPREME COURT,NONPARTISAN,ANN W. BRADLEY,417,416
2005,APRIL,FOND DU LAC,FOND DU LAC CITY WARD 9,SPRING GENERAL,JUSTICE OF THE SUPREME COURT,NONPARTISAN,SCATTERING,417,1
2005,APRIL,FOND DU LAC,FOND DU LAC CITY WARD 10,SPRING GENERAL,JUSTICE OF THE SUPREME COURT,NONPARTISAN,ANN W. BRADLEY,399,398
2005,APRIL,FOND DU LAC,FOND DU LAC CITY WARD 10,SPRING GENERAL,JUSTICE OF THE SUPREME COURT,NONPARTISAN,SCATTERING,399,1
2005,APRIL,FOND DU LAC,FOND DU LAC CITY WARD 11,SPRING GENERAL,JUSTICE OF THE SUPREME COURT,NONPARTISAN,ANN W. BRADLEY,317,317
2005,APRIL,FOND DU LAC,FOND DU LAC CITY WARD 11,SPRING GENERAL,JUSTICE OF THE SUPREME COURT,NONPARTISAN,SCATTERING,317,0
2005,APRIL,FOND DU LAC,FOND DU LAC CITY WARD 12,SPRING GENERAL,JUSTICE OF THE SUPREME COURT,NONPARTISAN,ANN W. BRADLEY,341,339
2005,APRIL,FOND DU LAC,FOND DU LAC CITY WARD 12,SPRING GENERAL,JUSTICE OF THE SUPREME COURT,NONPARTISAN,SCATTERING,341,2
2005,APRIL,FOND DU LAC,FOND DU LAC CITY WARD 13,SPRING GENERAL,JUSTICE OF THE SUPREME COURT,NONPARTISAN,ANN W. BRADLEY,354,352
2005,APRIL,FOND DU LAC,FOND DU LAC CITY WARD 13,SPRING GENERAL,JUSTICE OF THE SUPREME COURT,NONPARTISAN,SCATTERING,354,2
2005,APRIL,FOND DU LAC,FOND DU LAC CITY WARD 14,SPRING GENERAL,JUSTICE OF THE SUPREME COURT,NONPARTISAN,ANN W. BRADLEY,348,348
2005,APRIL,FOND DU LAC,FOND DU LAC CITY WARD 14,SPRING GENERAL,JUSTICE OF THE SUPREME COURT,NONPARTISAN,SCATTERING,348,0
2005,APRIL,FOND DU LAC,FOND DU LAC CITY WARD 15,SPRING GENERAL,JUSTICE OF THE SUPREME COURT,NONPARTISAN,ANN W. BRADLEY,260,258
2005,APRIL,FOND DU LAC,FOND DU LAC CITY WARD 15,SPRING GENERAL,JUSTICE OF THE SUPREME COURT,NONPARTISAN,SCATTERING,260,2
2005,APRIL,FOND DU LAC,FOND DU LAC CITY WARD 16,SPRING GENERAL,JUSTICE OF THE SUPREME COURT,NONPARTISAN,ANN W. BRADLEY,49,49
2005,APRIL,FOND DU LAC,FOND DU LAC CITY WARD 16,SPRING GENERAL,JUSTICE OF THE SUPREME COURT,NONPARTISAN,SCATTERING,49,0
2005,APRIL,FOND DU LAC,RIPON CITY WARDS 1 - 3,SPRING GENERAL,JUSTICE OF THE SUPREME COURT,NONPARTISAN,ANN W. BRADLEY,95,95
2005,APRIL,FOND DU LAC,RIPON CITY WARDS 1 - 3,SPRING GENERAL,JUSTICE OF THE SUPREME COURT,NONPARTISAN,SCATTERING,95,0
2005,APRIL,FOND DU LAC,RIPON CITY WARDS 4 - 6,SPRING GENERAL,JUSTICE OF THE SUPREME COURT,NONPARTISAN,ANN W. BRADLEY,92,92
2005,APRIL,FOND DU LAC,RIPON CITY WARDS 4 - 6,SPRING GENERAL,JUSTICE OF THE SUPREME COURT,NONPARTISAN,SCATTERING,92,0
2005,APRIL,FOND DU LAC,RIPON CITY WARDS 7 & 8,SPRING GENERAL,JUSTICE OF THE SUPREME COURT,NONPARTISAN,ANN W. BRADLEY,117,117
2005,APRIL,FOND DU LAC,RIPON CITY WARDS 7 & 8,SPRING GENERAL,JUSTICE OF THE SUPREME COURT,NONPARTISAN,SCATTERING,117,0
2005,APRIL,FOND DU LAC,RIPON CITY WARDS 9 - 11,SPRING GENERAL,JUSTICE OF THE SUPREME COURT,NONPARTISAN,ANN W. BRADLEY,96,96
2005,APRIL,FOND DU LAC,RIPON CITY WARDS 9 - 11,SPRING GENERAL,JUSTICE OF THE SUPREME COURT,NONPARTISAN,SCATTERING,96,0
2005,APRIL,FOND DU LAC,WAUPUN CITY WARDS 9 & 10,SPRING GENERAL,JUSTICE OF THE SUPREME COURT,NONPARTISAN,ANN W. BRADLEY,156,156
2005,APRIL,FOND DU LAC,WAUPUN CITY WARDS 9 & 10,SPRING GENERAL,JUSTICE OF THE SUPREME COURT,NONPARTISAN,SCATTERING,156,0
2005,APRIL,FOND DU LAC,WAUPUN CITY WARDS 11 & 12,SPRING GENERAL,JUSTICE OF THE SUPREME COURT,NONPARTISAN,ANN W. BRADLEY,64,62
2005,APRIL,FOND DU LAC,WAUPUN CITY WARDS 11 & 12,SPRING GENERAL,JUSTICE OF THE SUPREME COURT,NONPARTISAN,SCATTERING,64,2
2005,APRIL,FOREST,ALVIN TOWN WARDS 1 & 2,SPRING GENERAL,JUSTICE OF THE SUPREME COURT,NONPARTISAN,ANN W. BRADLEY,56,56
2005,APRIL,FOREST,ALVIN TOWN WARDS 1 & 2,SPRING GENERAL,JUSTICE OF THE SUPREME COURT,NONPARTISAN,SCATTERING,56,0
2005,APRIL,FOREST,ARGONNE TOWN WARDS 1 & 2,SPRING GENERAL,JUSTICE OF THE SUPREME COURT,NONPARTISAN,ANN W. BRADLEY,131,131
2005,APRIL,FOREST,ARGONNE TOWN WARDS 1 & 2,SPRING GENERAL,JUSTICE OF THE SUPREME COURT,NONPARTISAN,SCATTERING,131,0
2005,APRIL,FOREST,ARMSTRONG CREEK TOWN WARD 1,SPRING GENERAL,JUSTICE OF THE SUPREME COURT,NONPARTISAN,ANN W. BRADLEY,89,89
2005,APRIL,FOREST,ARMSTRONG CREEK TOWN WARD 1,SPRING GENERAL,JUSTICE OF THE SUPREME COURT,NONPARTISAN,SCATTERING,89,0
2005,APRIL,FOREST,BLACKWELL TOWN WARD 1,SPRING GENERAL,JUSTICE OF THE SUPREME COURT,NONPARTISAN,ANN W. BRADLEY,28,28
2005,APRIL,FOREST,BLACKWELL TOWN WARD 1,SPRING GENERAL,JUSTICE OF THE SUPREME COURT,NONPARTISAN,SCATTERING,28,0
2005,APRIL,FOREST,CASWELL TOWN WARD 1,SPRING GENERAL,JUSTICE OF THE SUPREME COURT,NONPARTISAN,ANN W. BRADLEY,16,16
2005,APRIL,FOREST,CASWELL TOWN WARD 1,SPRING GENERAL,JUSTICE OF THE SUPREME COURT,NONPARTISAN,SCATTERING,16,0
2005,APRIL,FOREST,CRANDON TOWN WARDS 1 & 2,SPRING GENERAL,JUSTICE OF THE SUPREME COURT,NONPARTISAN,ANN W. BRADLEY,31,31
2005,APRIL,FOREST,CRANDON TOWN WARDS 1 & 2,SPRING GENERAL,JUSTICE OF THE SUPREME COURT,NONPARTISAN,SCATTERING,31,0
2005,APRIL,FOREST,FREEDOM TOWN WARD 1,SPRING GENERAL,JUSTICE OF THE SUPREME COURT,NONPARTISAN,ANN W. BRADLEY,61,61
2005,APRIL,FOREST,FREEDOM TOWN WARD 1,SPRING GENERAL,JUSTICE OF THE SUPREME COURT,NONPARTISAN,SCATTERING,61,0
2005,APRIL,FOREST,HILES TOWN WARD 1,SPRING GENERAL,JUSTICE OF THE SUPREME COURT,NONPARTISAN,ANN W. BRADLEY,95,95
2005,APRIL,FOREST,HILES TOWN WARD 1,SPRING GENERAL,JUSTICE OF THE SUPREME COURT,NONPARTISAN,SCATTERING,95,0
2005,APRIL,FOREST,LAONA TOWN WARDS 1 - 3,SPRING GENERAL,JUSTICE OF THE SUPREME COURT,NONPARTISAN,ANN W. BRADLEY,135,135
2005,APRIL,FOREST,LAONA TOWN WARDS 1 - 3,SPRING GENERAL,JUSTICE OF THE SUPREME COURT,NONPARTISAN,SCATTERING,135,0
2005,APRIL,FOREST,LINCOLN TOWN WARDS 1 - 3,SPRING GENERAL,JUSTICE OF THE SUPREME COURT,NONPARTISAN,ANN W. BRADLEY,96,96
2005,APRIL,FOREST,LINCOLN TOWN WARDS 1 - 3,SPRING GENERAL,JUSTICE OF THE SUPREME COURT,NONPARTISAN,SCATTERING,96,0
2005,APRIL,FOREST,NASHVILLE TOWN WARD 1,SPRING GENERAL,JUSTICE OF THE SUPREME COURT,NONPARTISAN,ANN W. BRADLEY,25,25
2005,APRIL,FOREST,NASHVILLE TOWN WARD 1,SPRING GENERAL,JUSTICE OF THE SUPREME COURT,NONPARTISAN,SCATTERING,25,0
2005,APRIL,FOREST,NASHVILLE TOWN WARD 2,SPRING GENERAL,JUSTICE OF THE SUPREME COURT,NONPARTISAN,ANN W. BRADLEY,95,95
2005,APRIL,FOREST,NASHVILLE TOWN WARD 2,SPRING GENERAL,JUSTICE OF THE SUPREME COURT,NONPARTISAN,SCATTERING,95,0
2005,APRIL,FOREST,NASHVILLE TOWN WARD 3,SPRING GENERAL,JUSTICE OF THE SUPREME COURT,NONPARTISAN,ANN W. BRADLEY,42,42
2005,APRIL,FOREST,NASHVILLE TOWN WARD 3,SPRING GENERAL,JUSTICE OF THE SUPREME COURT,NONPARTISAN,SCATTERING,42,0
2005,APRIL,FOREST,NASHVILLE TOWN WARD 4,SPRING GENERAL,JUSTICE OF THE SUPREME COURT,NONPARTISAN,ANN W. BRADLEY,0,0
2005,APRIL,FOREST,NASHVILLE TOWN WARD 4,SPRING GENERAL,JUSTICE OF THE SUPREME COURT,NONPARTISAN,SCATTERING,0,0
2005,APRIL,FOREST,POPPLE RIVER TOWN WARD 1,SPRING GENERAL,JUSTICE OF THE SUPREME COURT,NONPARTISAN,ANN W. BRADLEY,29,29
2005,APRIL,FOREST,POPPLE RIVER TOWN WARD 1,SPRING GENERAL,JUSTICE OF THE SUPREME COURT,NONPARTISAN,SCATTERING,29,0
2005,APRIL,FOREST,ROSS TOWN WARD 1,SPRING GENERAL,JUSTICE OF THE SUPREME COURT,NONPARTISAN,ANN W. BRADLEY,26,26
2005,APRIL,FOREST,ROSS TOWN WARD 1,SPRING GENERAL,JUSTICE OF THE SUPREME COURT,NONPARTISAN,SCATTERING,26,0
2005,APRIL,FOREST,WABENO TOWN WARDS 1 - 5,SPRING GENERAL,JUSTICE OF THE SUPREME COURT,NONPARTISAN,ANN W. BRADLEY,210,210
2005,APRIL,FOREST,WABENO TOWN WARDS 1 - 5,SPRING GENERAL,JUSTICE OF THE SUPREME COURT,NONPARTISAN,SCATTERING,210,0
2005,APRIL,FOREST,CRANDON CITY WARDS 1 - 4,SPRING GENERAL,JUSTICE OF THE SUPREME COURT,NONPARTISAN,ANN W. BRADLEY,313,313
2005,APRIL,FOREST,CRANDON CITY WARDS 1 - 4,SPRING GENERAL,JUSTICE OF THE SUPREME COURT,NONPARTISAN,SCATTERING,313,0
2005,APRIL,GRANT,BEETOWN TOWN WARD 1,SPRING GENERAL,JUSTICE OF THE SUPREME COURT,NONPARTISAN,ANN W. BRADLEY,37,37
2005,APRIL,GRANT,BEETOWN TOWN WARD 1,SPRING GENERAL,JUSTICE OF THE SUPREME COURT,NONPARTISAN,SCATTERING,37,0
2005,APRIL,GRANT,BLOOMINGTON TOWN WARDS 1 & 2,SPRING GENERAL,JUSTICE OF THE SUPREME COURT,NONPARTISAN,ANN W. BRADLEY,26,26
2005,APRIL,GRANT,BLOOMINGTON TOWN WARDS 1 & 2,SPRING GENERAL,JUSTICE OF THE SUPREME COURT,NONPARTISAN,SCATTERING,26,0
2005,APRIL,GRANT,BOSCOBEL TOWN WARDS 1 & 2,SPRING GENERAL,JUSTICE OF THE SUPREME COURT,NONPARTISAN,ANN W. BRADLEY,31,31
2005,APRIL,GRANT,BOSCOBEL TOWN WARDS 1 & 2,SPRING GENERAL,JUSTICE OF THE SUPREME COURT,NONPARTISAN,SCATTERING,31,0
2005,APRIL,GRANT,CASSVILLE TOWN WARDS 1 & 2,SPRING GENERAL,JUSTICE OF THE SUPREME COURT,NONPARTISAN,ANN W. BRADLEY,13,13
2005,APRIL,GRANT,CASSVILLE TOWN WARDS 1 & 2,SPRING GENERAL,JUSTICE OF THE SUPREME COURT,NONPARTISAN,SCATTERING,13,0
2005,APRIL,GRANT,CASTLE ROCK TOWN WARD 1,SPRING GENERAL,JUSTICE OF THE SUPREME COURT,NONPARTISAN,ANN W. BRADLEY,43,43
2005,APRIL,GRANT,CASTLE ROCK TOWN WARD 1,SPRING GENERAL,JUSTICE OF THE SUPREME COURT,NONPARTISAN,SCATTERING,43,0
2005,APRIL,GRANT,CLIFTON TOWN WARD 1,SPRING GENERAL,JUSTICE OF THE SUPREME COURT,NONPARTISAN,ANN W. BRADLEY,38,38
2005,APRIL,GRANT,CLIFTON TOWN WARD 1,SPRING GENERAL,JUSTICE OF THE SUPREME COURT,NONPARTISAN,SCATTERING,38,0
2005,APRIL,GRANT,ELLENBORO TOWN WARDS 1 & 2,SPRING GENERAL,JUSTICE OF THE SUPREME COURT,NONPARTISAN,ANN W. BRADLEY,102,102
2005,APRIL,GRANT,ELLENBORO TOWN WARDS 1 & 2,SPRING GENERAL,JUSTICE OF THE SUPREME COURT,NONPARTISAN,SCATTERING,102,0
2005,APRIL,GRANT,FENNIMORE TOWN WARDS 1 & 2,SPRING GENERAL,JUSTICE OF THE SUPREME COURT,NONPARTISAN,ANN W. BRADLEY,33,33
2005,APRIL,GRANT,FENNIMORE TOWN WARDS 1 & 2,SPRING GENERAL,JUSTICE OF THE SUPREME COURT,NONPARTISAN,SCATTERING,33,0
2005,APRIL,GRANT,GLEN HAVEN TOWN WARD 1,SPRING GENERAL,JUSTICE OF THE SUPREME COURT,NONPARTISAN,ANN W. BRADLEY,24,24
2005,APRIL,GRANT,GLEN HAVEN TOWN WARD 1,SPRING GENERAL,JUSTICE OF THE SUPREME COURT,NONPARTISAN,SCATTERING,24,0
2005,APRIL,GRANT,HARRISON TOWN WARD 1,SPRING GENERAL,JUSTICE OF THE SUPREME COURT,NONPARTISAN,ANN W. BRADLEY,59,59
2005,APRIL,GRANT,HARRISON TOWN WARD 1,SPRING GENERAL,JUSTICE OF THE SUPREME COURT,NONPARTISAN,SCATTERING,59,0
2005,APRIL,GRANT,HAZEL GREEN TOWN WARDS 1 & 2,SPRING GENERAL,JUSTICE OF THE SUPREME COURT,NONPARTISAN,ANN W. BRADLEY,101,101
2005,APRIL,GRANT,HAZEL GREEN TOWN WARDS 1 & 2,SPRING GENERAL,JUSTICE OF THE SUPREME COURT,NONPARTISAN,SCATTERING,101,0
2005,APRIL,GRANT,HICKORY GROVE TOWN WARDS 1 & 2,SPRING GENERAL,JUSTICE OF THE SUPREME COURT,NONPARTISAN,ANN W. BRADLEY,75,75
2005,APRIL,GRANT,HICKORY GROVE TOWN WARDS 1 & 2,SPRING GENERAL,JUSTICE OF THE SUPREME COURT,NONPARTISAN,SCATTERING,75,0
2005,APRIL,GRANT,JAMESTOWN TOWN WARDS 1 - 3,SPRING GENERAL,JUSTICE OF THE SUPREME COURT,NONPARTISAN,ANN W. BRADLEY,137,137
2005,APRIL,GRANT,JAMESTOWN TOWN WARDS 1 - 3,SPRING GENERAL,JUSTICE OF THE SUPREME COURT,NONPARTISAN,SCATTERING,137,0
2005,APRIL,GRANT,LIBERTY TOWN WARD 1,SPRING GENERAL,JUSTICE OF THE SUPREME COURT,NONPARTISAN,ANN W. BRADLEY,33,33
2005,APRIL,GRANT,LIBERTY TOWN WARD 1,SPRING GENERAL,JUSTICE OF THE SUPREME COURT,NONPARTISAN,SCATTERING,33,0
2005,APRIL,GRANT,LIMA TOWN WARD 1,SPRING GENERAL,JUSTICE OF THE SUPREME COURT,NONPARTISAN,ANN W. BRADLEY,50,50
2005,APRIL,GRANT,LIMA TOWN WARD 1,SPRING GENERAL,JUSTICE OF THE SUPREME COURT,NONPARTISAN,SCATTERING,50,0
2005,APRIL,GRANT,LITTLE GRANT TOWN WARD 1,SPRING GENERAL,JUSTICE OF THE SUPREME COURT,NONPARTISAN,ANN W. BRADLEY,26,26
2005,APRIL,GRANT,LITTLE GRANT TOWN WARD 1,SPRING GENERAL,JUSTICE OF THE SUPREME COURT,NONPARTISAN,SCATTERING,26,0
2005,APRIL,GRANT,MARION TOWN WARD 1,SPRING GENERAL,JUSTICE OF THE SUPREME COURT,NONPARTISAN,ANN W. BRADLEY,42,42
2005,APRIL,GRANT,MARION TOWN WARD 1,SPRING GENERAL,JUSTICE OF THE SUPREME COURT,NONPARTISAN,SCATTERING,42,0
2005,APRIL,GRANT,MILLVILLE TOWN WARD 1,SPRING GENERAL,JUSTICE OF THE SUPREME COURT,NONPARTISAN,ANN W. BRADLEY,36,36
2005,APRIL,GRANT,MILLVILLE TOWN WARD 1,SPRING GENERAL,JUSTICE OF THE SUPREME COURT,NONPARTISAN,SCATTERING,36,0
2005,APRIL,GRANT,MOUNT HOPE TOWN WARDS 1 & 2,SPRING GENERAL,JUSTICE OF THE SUPREME COURT,NONPARTISAN,ANN W. BRADLEY,12,12
2005,APRIL,GRANT,MOUNT HOPE TOWN WARDS 1 & 2,SPRING GENERAL,JUSTICE OF THE SUPREME COURT,NONPARTISAN,SCATTERING,12,0
2005,APRIL,GRANT,MOUNT IDA TOWN WARD 1,SPRING GENERAL,JUSTICE OF THE SUPREME COURT,NONPARTISAN,ANN W. BRADLEY,55,55
2005,APRIL,GRANT,MOUNT IDA TOWN WARD 1,SPRING GENERAL,JUSTICE OF THE SUPREME COURT,NONPARTISAN,SCATTERING,55,0
2005,APRIL,GRANT,MUSCODA TOWN WARDS 1 & 2,SPRING GENERAL,JUSTICE OF THE SUPREME COURT,NONPARTISAN,ANN W. BRADLEY,49,49
2005,APRIL,GRANT,MUSCODA TOWN WARDS 1 & 2,SPRING GENERAL,JUSTICE OF THE SUPREME COURT,NONPARTISAN,SCATTERING,49,0
2005,APRIL,GRANT,NORTH LANCASTER TOWN WARD 1,SPRING GENERAL,JUSTICE OF THE SUPREME COURT,NONPARTISAN,ANN W. BRADLEY,42,42
2005,APRIL,GRANT,NORTH LANCASTER TOWN WARD 1,SPRING GENERAL,JUSTICE OF THE SUPREME COURT,NONPARTISAN,SCATTERING,42,0
2005,APRIL,GRANT,PARIS TOWN WARDS 1 & 2,SPRING GENERAL,JUSTICE OF THE SUPREME COURT,NONPARTISAN,ANN W. BRADLEY,96,96
2005,APRIL,GRANT,PARIS TOWN WARDS 1 & 2,SPRING GENERAL,JUSTICE OF THE SUPREME COURT,NONPARTISAN,SCATTERING,96,0
2005,APRIL,GRANT,PATCH GROVE TOWN WARDS 1 & 2,SPRING GENERAL,JUSTICE OF THE SUPREME COURT,NONPARTISAN,ANN W. BRADLEY,30,30
2005,APRIL,GRANT,PATCH GROVE TOWN WARDS 1 & 2,SPRING GENERAL,JUSTICE OF THE SUPREME COURT,NONPARTISAN,SCATTERING,30,0
2005,APRIL,GRANT,PLATTEVILLE TOWN WARDS 1 & 2,SPRING GENERAL,JUSTICE OF THE SUPREME COURT,NONPARTISAN,ANN W. BRADLEY,122,122
2005,APRIL,GRANT,PLATTEVILLE TOWN WARDS 1 & 2,SPRING GENERAL,JUSTICE OF THE SUPREME COURT,NONPARTISAN,SCATTERING,122,0
2005,APRIL,GRANT,POTOSI TOWN WARDS 1 & 2,SPRING GENERAL,JUSTICE OF THE SUPREME COURT,NONPARTISAN,ANN W. BRADLEY,97,97
2005,APRIL,GRANT,POTOSI TOWN WARDS 1 & 2,SPRING GENERAL,JUSTICE OF THE SUPREME COURT,NONPARTISAN,SCATTERING,97,0
2005,APRIL,GRANT,SMELSER TOWN WARDS 1 & 2,SPRING GENERAL,JUSTICE OF THE SUPREME COURT,NONPARTISAN,ANN W. BRADLEY,201,201
2005,APRIL,GRANT,SMELSER TOWN WARDS 1 & 2,SPRING GENERAL,JUSTICE OF THE SUPREME COURT,NONPARTISAN,SCATTERING,201,0
2005,APRIL,GRANT,SOUTH LANCASTER TOWN WARDS 1 - 3,SPRING GENERAL,JUSTICE OF THE SUPREME COURT,NONPARTISAN,ANN W. BRADLEY,24,24
2005,APRIL,GRANT,SOUTH LANCASTER TOWN WARDS 1 - 3,SPRING GENERAL,JUSTICE OF THE SUPREME COURT,NONPARTISAN,SCATTERING,24,0
2005,APRIL,GRANT,WATERLOO TOWN WARD 1,SPRING GENERAL,JUSTICE OF THE SUPREME COURT,NONPARTISAN,ANN W. BRADLEY,25,25
2005,APRIL,GRANT,WATERLOO TOWN WARD 1,SPRING GENERAL,JUSTICE OF THE SUPREME COURT,NONPARTISAN,SCATTERING,25,0
2005,APRIL,GRANT,WATTERSTOWN TOWN WARD 1,SPRING GENERAL,JUSTICE OF THE SUPREME COURT,NONPARTISAN,ANN W. BRADLEY,125,125
2005,APRIL,GRANT,WATTERSTOWN TOWN WARD 1,SPRING GENERAL,JUSTICE OF THE SUPREME COURT,NONPARTISAN,SCATTERING,125,0
2005,APRIL,GRANT,WINGVILLE TOWN WARD 1,SPRING GENERAL,JUSTICE OF THE SUPREME COURT,NONPARTISAN,ANN W. BRADLEY,63,63
2005,APRIL,GRANT,WINGVILLE TOWN WARD 1,SPRING GENERAL,JUSTICE OF THE SUPREME COURT,NONPARTISAN,SCATTERING,63,0
2005,APRIL,GRANT,WOODMAN TOWN WARD 1,SPRING GENERAL,JUSTICE OF THE SUPREME COURT,NONPARTISAN,ANN W. BRADLEY,46,46
2005,APRIL,GRANT,WOODMAN TOWN WARD 1,SPRING GENERAL,JUSTICE OF THE SUPREME COURT,NONPARTISAN,SCATTERING,46,0
2005,APRIL,GRANT,WYALUSING TOWN WARD 1,SPRING GENERAL,JUSTICE OF THE SUPREME COURT,NONPARTISAN,ANN W. BRADLEY,37,37
2005,APRIL,GRANT,WYALUSING TOWN WARD 1,SPRING GENERAL,JUSTICE OF THE SUPREME COURT,NONPARTISAN,SCATTERING,37,0
2005,APRIL,GRANT,BAGLEY VILLAGE WARD 1,SPRING GENERAL,JUSTICE OF THE SUPREME COURT,NONPARTISAN,ANN W. BRADLEY,141,141
2005,APRIL,GRANT,BAGLEY VILLAGE WARD 1,SPRING GENERAL,JUSTICE OF THE SUPREME COURT,NONPARTISAN,SCATTERING,141,0
2005,APRIL,GRANT,BLOOMINGTON VILLAGE WARD 1,SPRING GENERAL,JUSTICE OF THE SUPREME COURT,NONPARTISAN,ANN W. BRADLEY,65,65
2005,APRIL,GRANT,BLOOMINGTON VILLAGE WARD 1,SPRING GENERAL,JUSTICE OF THE SUPREME COURT,NONPARTISAN,SCATTERING,65,0
2005,APRIL,GRANT,BLUE RIVER VILLAGE WARD 1,SPRING GENERAL,JUSTICE OF THE SUPREME COURT,NONPARTISAN,ANN W. BRADLEY,108,108
2005,APRIL,GRANT,BLUE RIVER VILLAGE WARD 1,SPRING GENERAL,JUSTICE OF THE SUPREME COURT,NONPARTISAN,SCATTERING,108,0
2005,APRIL,GRANT,CASSVILLE VILLAGE WARDS 1 & 2,SPRING GENERAL,JUSTICE OF THE SUPREME COURT,NONPARTISAN,ANN W. BRADLEY,51,51
2005,APRIL,GRANT,CASSVILLE VILLAGE WARDS 1 & 2,SPRING GENERAL,JUSTICE OF THE SUPREME COURT,NONPARTISAN,SCATTERING,51,0
2005,APRIL,GRANT,DICKEYVILLE VILLAGE WARDS 1 & 2,SPRING GENERAL,JUSTICE OF THE SUPREME COURT,NONPARTISAN,ANN W. BRADLEY,195,195
2005,APRIL,GRANT,DICKEYVILLE VILLAGE WARDS 1 & 2,SPRING GENERAL,JUSTICE OF THE SUPREME COURT,NONPARTISAN,SCATTERING,195,0
2005,APRIL,GRANT,HAZEL GREEN VILLAGE WARDS 1 & 2,SPRING GENERAL,JUSTICE OF THE SUPREME COURT,NONPARTISAN,ANN W. BRADLEY,231,231
2005,APRIL,GRANT,HAZEL GREEN VILLAGE WARDS 1 & 2,SPRING GENERAL,JUSTICE OF THE SUPREME COURT,NONPARTISAN,SCATTERING,231,0
2005,APRIL,GRANT,LIVINGSTON VILLAGE WARD 1,SPRING GENERAL,JUSTICE OF THE SUPREME COURT,NONPARTISAN,ANN W. BRADLEY,104,104
2005,APRIL,GRANT,LIVINGSTON VILLAGE WARD 1,SPRING GENERAL,JUSTICE OF THE SUPREME COURT,NONPARTISAN,SCATTERING,104,0
2005,APRIL,GRANT,MONTFORT VILLAGE WARD 1,SPRING GENERAL,JUSTICE OF THE SUPREME COURT,NONPARTISAN,ANN W. BRADLEY,118,118
2005,APRIL,GRANT,MONTFORT VILLAGE WARD 1,SPRING GENERAL,JUSTICE OF THE SUPREME COURT,NONPARTISAN,SCATTERING,118,0
2005,APRIL,GRANT,MOUNT HOPE VILLAGE WARDS 1 & 2,SPRING GENERAL,JUSTICE OF THE SUPREME COURT,NONPARTISAN,ANN W. BRADLEY,19,19
2005,APRIL,GRANT,MOUNT HOPE VILLAGE WARDS 1 & 2,SPRING GENERAL,JUSTICE OF THE SUPREME COURT,NONPARTISAN,SCATTERING,19,0
2005,APRIL,GRANT,MUSCODA VILLAGE WARDS 1 & 2,SPRING GENERAL,JUSTICE OF THE SUPREME COURT,NONPARTISAN,ANN W. BRADLEY,185,185
2005,APRIL,GRANT,MUSCODA VILLAGE WARDS 1 & 2,SPRING GENERAL,JUSTICE OF THE SUPREME COURT,NONPARTISAN,SCATTERING,185,0
2005,APRIL,GRANT,PATCH GROVE VILLAGE WARDS 1 & 2,SPRING GENERAL,JUSTICE OF THE SUPREME COURT,NONPARTISAN,ANN W. BRADLEY,17,17
2005,APRIL,GRANT,PATCH GROVE VILLAGE WARDS 1 & 2,SPRING GENERAL,JUSTICE OF THE SUPREME COURT,NONPARTISAN,SCATTERING,17,0
2005,APRIL,GRANT,POTOSI VILLAGE WARD 1,SPRING GENERAL,JUSTICE OF THE SUPREME COURT,NONPARTISAN,ANN W. BRADLEY,120,120
2005,APRIL,GRANT,POTOSI VILLAGE WARD 1,SPRING GENERAL,JUSTICE OF THE SUPREME COURT,NONPARTISAN,SCATTERING,120,0
2005,APRIL,GRANT,TENNYSON VILLAGE WARD 1,SPRING GENERAL,JUSTICE OF THE SUPREME COURT,NONPARTISAN,ANN W. BRADLEY,62,62
2005,APRIL,GRANT,TENNYSON VILLAGE WARD 1,SPRING GENERAL,JUSTICE OF THE SUPREME COURT,NONPARTISAN,SCATTERING,62,0
2005,APRIL,GRANT,WOODMAN VILLAGE WARD 1,SPRING GENERAL,JUSTICE OF THE SUPREME COURT,NONPARTISAN,ANN W. BRADLEY,15,15
2005,APRIL,GRANT,WOODMAN VILLAGE WARD 1,SPRING GENERAL,JUSTICE OF THE SUPREME COURT,NONPARTISAN,SCATTERING,15,0
2005,APRIL,GRANT,BOSCOBEL CITY WARDS 1 - 4,SPRING GENERAL,JUSTICE OF THE SUPREME COURT,NONPARTISAN,ANN W. BRADLEY,124,124
2005,APRIL,GRANT,BOSCOBEL CITY WARDS 1 - 4,SPRING GENERAL,JUSTICE OF THE SUPREME COURT,NONPARTISAN,SCATTERING,124,0
2005,APRIL,GRANT,CUBA CITY CITY WARDS 1 - 5,SPRING GENERAL,JUSTICE OF THE SUPREME COURT,NONPARTISAN,ANN W. BRADLEY,377,377
2005,APRIL,GRANT,CUBA CITY CITY WARDS 1 - 5,SPRING GENERAL,JUSTICE OF THE SUPREME COURT,NONPARTISAN,SCATTERING,377,0
2005,APRIL,GRANT,FENNIMORE CITY WARDS 1 - 6,SPRING GENERAL,JUSTICE OF THE SUPREME COURT,NONPARTISAN,ANN W. BRADLEY,120,120
2005,APRIL,GRANT,FENNIMORE CITY WARDS 1 - 6,SPRING GENERAL,JUSTICE OF THE SUPREME COURT,NONPARTISAN,SCATTERING,120,0
2005,APRIL,GRANT,LANCASTER CITY WARDS 1 - 8,SPRING GENERAL,JUSTICE OF THE SUPREME COURT,NONPARTISAN,ANN W. BRADLEY,209,208
2005,APRIL,GRANT,LANCASTER CITY WARDS 1 - 8,SPRING GENERAL,JUSTICE OF THE SUPREME COURT,NONPARTISAN,SCATTERING,209,1
2005,APRIL,GRANT,PLATTEVILLE CITY WARDS 1 - 4,SPRING GENERAL,JUSTICE OF THE SUPREME COURT,NONPARTISAN,ANN W. BRADLEY,303,302
2005,APRIL,GRANT,PLATTEVILLE CITY WARDS 1 - 4,SPRING GENERAL,JUSTICE OF THE SUPREME COURT,NONPARTISAN,SCATTERING,303,1
2005,APRIL,GRANT,PLATTEVILLE CITY WARDS 5 - 7,SPRING GENERAL,JUSTICE OF THE SUPREME COURT,NONPARTISAN,ANN W. BRADLEY,238,237
2005,APRIL,GRANT,PLATTEVILLE CITY WARDS 5 - 7,SPRING GENERAL,JUSTICE OF THE SUPREME COURT,NONPARTISAN,SCATTERING,238,1
2005,APRIL,GRANT,PLATTEVILLE CITY WARDS 8 - 10,SPRING GENERAL,JUSTICE OF THE SUPREME COURT,NONPARTISAN,ANN W. BRADLEY,67,67
2005,APRIL,GRANT,PLATTEVILLE CITY WARDS 8 - 10,SPRING GENERAL,JUSTICE OF THE SUPREME COURT,NONPARTISAN,SCATTERING,67,0
2005,APRIL,GRANT,PLATTEVILLE CITY WARDS 11 - 13,SPRING GENERAL,JUSTICE OF THE SUPREME COURT,NONPARTISAN,ANN W. BRADLEY,178,175
2005,APRIL,GRANT,PLATTEVILLE CITY WARDS 11 - 13,SPRING GENERAL,JUSTICE OF THE SUPREME COURT,NONPARTISAN,SCATTERING,178,3
2005,APRIL,GREEN,ADAMS TOWN WARD 1,SPRING GENERAL,JUSTICE OF THE SUPREME COURT,NONPARTISAN,ANN W. BRADLEY,53,53
2005,APRIL,GREEN,ADAMS TOWN WARD 1,SPRING GENERAL,JUSTICE OF THE SUPREME COURT,NONPARTISAN,SCATTERING,53,0
2005,APRIL,GREEN,ALBANY TOWN WARDS 1 & 2,SPRING GENERAL,JUSTICE OF THE SUPREME COURT,NONPARTISAN,ANN W. BRADLEY,154,154
2005,APRIL,GREEN,ALBANY TOWN WARDS 1 & 2,SPRING GENERAL,JUSTICE OF THE SUPREME COURT,NONPARTISAN,SCATTERING,154,0
2005,APRIL,GREEN,BROOKLYN TOWN WARDS 1 & 2,SPRING GENERAL,JUSTICE OF THE SUPREME COURT,NONPARTISAN,ANN W. BRADLEY,149,149
2005,APRIL,GREEN,BROOKLYN TOWN WARDS 1 & 2,SPRING GENERAL,JUSTICE OF THE SUPREME COURT,NONPARTISAN,SCATTERING,149,0
2005,APRIL,GREEN,CADIZ TOWN WARD 1,SPRING GENERAL,JUSTICE OF THE SUPREME COURT,NONPARTISAN,ANN W. BRADLEY,43,43
2005,APRIL,GREEN,CADIZ TOWN WARD 1,SPRING GENERAL,JUSTICE OF THE SUPREME COURT,NONPARTISAN,SCATTERING,43,0
2005,APRIL,GREEN,CLARNO TOWN WARDS 1 & 2,SPRING GENERAL,JUSTICE OF THE SUPREME COURT,NONPARTISAN,ANN W. BRADLEY,78,78
2005,APRIL,GREEN,CLARNO TOWN WARDS 1 & 2,SPRING GENERAL,JUSTICE OF THE SUPREME COURT,NONPARTISAN,SCATTERING,78,0
2005,APRIL,GREEN,DECATUR TOWN WARDS 1 - 3,SPRING GENERAL,JUSTICE OF THE SUPREME COURT,NONPARTISAN,ANN W. BRADLEY,92,92
2005,APRIL,GREEN,DECATUR TOWN WARDS 1 - 3,SPRING GENERAL,JUSTICE OF THE SUPREME COURT,NONPARTISAN,SCATTERING,92,0
2005,APRIL,GREEN,EXETER TOWN WARDS 1 & 2,SPRING GENERAL,JUSTICE OF THE SUPREME COURT,NONPARTISAN,ANN W. BRADLEY,102,102
2005,APRIL,GREEN,EXETER TOWN WARDS 1 & 2,SPRING GENERAL,JUSTICE OF THE SUPREME COURT,NONPARTISAN,SCATTERING,102,0
2005,APRIL,GREEN,JEFFERSON TOWN WARDS 1 - 3,SPRING GENERAL,JUSTICE OF THE SUPREME COURT,NONPARTISAN,ANN W. BRADLEY,207,206
2005,APRIL,GREEN,JEFFERSON TOWN WARDS 1 - 3,SPRING GENERAL,JUSTICE OF THE SUPREME COURT,NONPARTISAN,SCATTERING,207,1
2005,APRIL,GREEN,JORDAN TOWN WARD 1,SPRING GENERAL,JUSTICE OF THE SUPREME COURT,NONPARTISAN,ANN W. BRADLEY,49,48
2005,APRIL,GREEN,JORDAN TOWN WARD 1,SPRING GENERAL,JUSTICE OF THE SUPREME COURT,NONPARTISAN,SCATTERING,49,1
2005,APRIL,GREEN,MONROE TOWN WARDS 1 & 2,SPRING GENERAL,JUSTICE OF THE SUPREME COURT,NONPARTISAN,ANN W. BRADLEY,106,106
2005,APRIL,GREEN,MONROE TOWN WARDS 1 & 2,SPRING GENERAL,JUSTICE OF THE SUPREME COURT,NONPARTISAN,SCATTERING,106,0
2005,APRIL,GREEN,MOUNT PLEASANT TOWN WARDS 1 & 2,SPRING GENERAL,JUSTICE OF THE SUPREME COURT,NONPARTISAN,ANN W. BRADLEY,70,67
2005,APRIL,GREEN,MOUNT PLEASANT TOWN WARDS 1 & 2,SPRING GENERAL,JUSTICE OF THE SUPREME COURT,NONPARTISAN,SCATTERING,70,3
2005,APRIL,GREEN,NEW GLARUS TOWN WARDS 1 & 2,SPRING GENERAL,JUSTICE OF THE SUPREME COURT,NONPARTISAN,ANN W. BRADLEY,173,173
2005,APRIL,GREEN,NEW GLARUS TOWN WARDS 1 & 2,SPRING GENERAL,JUSTICE OF THE SUPREME COURT,NONPARTISAN,SCATTERING,173,0
2005,APRIL,GREEN,SPRING GROVE TOWN WARD 1,SPRING GENERAL,JUSTICE OF THE SUPREME COURT,NONPARTISAN,ANN W. BRADLEY,57,55
2005,APRIL,GREEN,SPRING GROVE TOWN WARD 1,SPRING GENERAL,JUSTICE OF THE SUPREME COURT,NONPARTISAN,SCATTERING,57,2
2005,APRIL,GREEN,SYLVESTER TOWN WARD 1,SPRING GENERAL,JUSTICE OF THE SUPREME COURT,NONPARTISAN,ANN W. BRADLEY,71,71
2005,APRIL,GREEN,SYLVESTER TOWN WARD 1,SPRING GENERAL,JUSTICE OF THE SUPREME COURT,NONPARTISAN,SCATTERING,71,0
2005,APRIL,GREEN,WASHINGTON TOWN WARD 1,SPRING GENERAL,JUSTICE OF THE SUPREME COURT,NONPARTISAN,ANN W. BRADLEY,89,89
2005,APRIL,GREEN,WASHINGTON TOWN WARD 1,SPRING GENERAL,JUSTICE OF THE SUPREME COURT,NONPARTISAN,SCATTERING,89,0
2005,APRIL,GREEN,YORK TOWN WARD 1,SPRING GENERAL,JUSTICE OF THE SUPREME COURT,NONPARTISAN,ANN W. BRADLEY,228,227
2005,APRIL,GREEN,YORK TOWN WARD 1,SPRING GENERAL,JUSTICE OF THE SUPREME COURT,NONPARTISAN,SCATTERING,228,1
2005,APRIL,GREEN,ALBANY VILLAGE WARDS 1 & 2,SPRING GENERAL,JUSTICE OF THE SUPREME COURT,NONPARTISAN,ANN W. BRADLEY,221,221
2005,APRIL,GREEN,ALBANY VILLAGE WARDS 1 & 2,SPRING GENERAL,JUSTICE OF THE SUPREME COURT,NONPARTISAN,SCATTERING,221,0
2005,APRIL,GREEN,BELLEVILLE VILLAGE WARD 3,SPRING GENERAL,JUSTICE OF THE SUPREME COURT,NONPARTISAN,ANN W. BRADLEY,27,27
2005,APRIL,GREEN,BELLEVILLE VILLAGE WARD 3,SPRING GENERAL,JUSTICE OF THE SUPREME COURT,NONPARTISAN,SCATTERING,27,0
2005,APRIL,GREEN,BROOKLYN VILLAGE WARD 2,SPRING GENERAL,JUSTICE OF THE SUPREME COURT,NONPARTISAN,ANN W. BRADLEY,73,73
2005,APRIL,GREEN,BROOKLYN VILLAGE WARD 2,SPRING GENERAL,JUSTICE OF THE SUPREME COURT,NONPARTISAN,SCATTERING,73,0
2005,APRIL,GREEN,BROWNTOWN VILLAGE WARD 1,SPRING GENERAL,JUSTICE OF THE SUPREME COURT,NONPARTISAN,ANN W. BRADLEY,44,44
2005,APRIL,GREEN,BROWNTOWN VILLAGE WARD 1,SPRING GENERAL,JUSTICE OF THE SUPREME COURT,NONPARTISAN,SCATTERING,44,0
2005,APRIL,GREEN,MONTICELLO VILLAGE WARDS 1 & 2,SPRING GENERAL,JUSTICE OF THE SUPREME COURT,NONPARTISAN,ANN W. BRADLEY,129,129
2005,APRIL,GREEN,MONTICELLO VILLAGE WARDS 1 & 2,SPRING GENERAL,JUSTICE OF THE SUPREME COURT,NONPARTISAN,SCATTERING,129,0
2005,APRIL,GREEN,NEW GLARUS VILLAGE WARDS 1 & 2,SPRING GENERAL,JUSTICE OF THE SUPREME COURT,NONPARTISAN,ANN W. BRADLEY,247,246
2005,APRIL,GREEN,NEW GLARUS VILLAGE WARDS 1 & 2,SPRING GENERAL,JUSTICE OF THE SUPREME COURT,NONPARTISAN,SCATTERING,247,1
2005,APRIL,GREEN,NEW GLARUS VILLAGE WARDS 3 & 4,SPRING GENERAL,JUSTICE OF THE SUPREME COURT,NONPARTISAN,ANN W. BRADLEY,227,225
2005,APRIL,GREEN,NEW GLARUS VILLAGE WARDS 3 & 4,SPRING GENERAL,JUSTICE OF THE SUPREME COURT,NONPARTISAN,SCATTERING,227,2
2005,APRIL,GREEN,BRODHEAD CITY WARD 1,SPRING GENERAL,JUSTICE OF THE SUPREME COURT,NONPARTISAN,ANN W. BRADLEY,33,33
2005,APRIL,GREEN,BRODHEAD CITY WARD 1,SPRING GENERAL,JUSTICE OF THE SUPREME COURT,NONPARTISAN,SCATTERING,33,0
2005,APRIL,GREEN,BRODHEAD CITY WARD 2,SPRING GENERAL,JUSTICE OF THE SUPREME COURT,NONPARTISAN,ANN W. BRADLEY,31,31
2005,APRIL,GREEN,BRODHEAD CITY WARD 2,SPRING GENERAL,JUSTICE OF THE SUPREME COURT,NONPARTISAN,SCATTERING,31,0
2005,APRIL,GREEN,BRODHEAD CITY WARD 3,SPRING GENERAL,JUSTICE OF THE SUPREME COURT,NONPARTISAN,ANN W. BRADLEY,71,71
2005,APRIL,GREEN,BRODHEAD CITY WARD 3,SPRING GENERAL,JUSTICE OF THE SUPREME COURT,NONPARTISAN,SCATTERING,71,0
2005,APRIL,GREEN,BRODHEAD CITY WARD 4,SPRING GENERAL,JUSTICE OF THE SUPREME COURT,NONPARTISAN,ANN W. BRADLEY,26,26
2005,APRIL,GREEN,BRODHEAD CITY WARD 4,SPRING GENERAL,JUSTICE OF THE SUPREME COURT,NONPARTISAN,SCATTERING,26,0
2005,APRIL,GREEN,BRODHEAD CITY WARD 5,SPRING GENERAL,JUSTICE OF THE SUPREME COURT,NONPARTISAN,ANN W. BRADLEY,23,23
2005,APRIL,GREEN,BRODHEAD CITY WARD 5,SPRING GENERAL,JUSTICE OF THE SUPREME COURT,NONPARTISAN,SCATTERING,23,0
2005,APRIL,GREEN,BRODHEAD CITY WARD 6,SPRING GENERAL,JUSTICE OF THE SUPREME COURT,NONPARTISAN,ANN W. BRADLEY,21,21
2005,APRIL,GREEN,BRODHEAD CITY WARD 6,SPRING GENERAL,JUSTICE OF THE SUPREME COURT,NONPARTISAN,SCATTERING,21,0
2005,APRIL,GREEN,MONROE CITY WARD 1,SPRING GENERAL,JUSTICE OF THE SUPREME COURT,NONPARTISAN,ANN W. BRADLEY,142,141
2005,APRIL,GREEN,MONROE CITY WARD 1,SPRING GENERAL,JUSTICE OF THE SUPREME COURT,NONPARTISAN,SCATTERING,142,1
2005,APRIL,GREEN,MONROE CITY WARD 2,SPRING GENERAL,JUSTICE OF THE SUPREME COURT,NONPARTISAN,ANN W. BRADLEY,184,183
2005,APRIL,GREEN,MONROE CITY WARD 2,SPRING GENERAL,JUSTICE OF THE SUPREME COURT,NONPARTISAN,SCATTERING,184,1
2005,APRIL,GREEN,MONROE CITY WARD 3,SPRING GENERAL,JUSTICE OF THE SUPREME COURT,NONPARTISAN,ANN W. BRADLEY,202,201
2005,APRIL,GREEN,MONROE CITY WARD 3,SPRING GENERAL,JUSTICE OF THE SUPREME COURT,NONPARTISAN,SCATTERING,202,1
2005,APRIL,GREEN,MONROE CITY WARD 4,SPRING GENERAL,JUSTICE OF THE SUPREME COURT,NONPARTISAN,ANN W. BRADLEY,222,222
2005,APRIL,GREEN,MONROE CITY WARD 4,SPRING GENERAL,JUSTICE OF THE SUPREME COURT,NONPARTISAN,SCATTERING,222,0
2005,APRIL,GREEN,MONROE CITY WARD 5,SPRING GENERAL,JUSTICE OF THE SUPREME COURT,NONPARTISAN,ANN W. BRADLEY,155,152
2005,APRIL,GREEN,MONROE CITY WARD 5,SPRING GENERAL,JUSTICE OF THE SUPREME COURT,NONPARTISAN,SCATTERING,155,3
2005,APRIL,GREEN,MONROE CITY WARD 6,SPRING GENERAL,JUSTICE OF THE SUPREME COURT,NONPARTISAN,ANN W. BRADLEY,114,112
2005,APRIL,GREEN,MONROE CITY WARD 6,SPRING GENERAL,JUSTICE OF THE SUPREME COURT,NONPARTISAN,SCATTERING,114,2
2005,APRIL,GREEN,MONROE CITY WARD 7,SPRING GENERAL,JUSTICE OF THE SUPREME COURT,NONPARTISAN,ANN W. BRADLEY,137,137
2005,APRIL,GREEN,MONROE CITY WARD 7,SPRING GENERAL,JUSTICE OF THE SUPREME COURT,NONPARTISAN,SCATTERING,137,0
2005,APRIL,GREEN,MONROE CITY WARD 8,SPRING GENERAL,JUSTICE OF THE SUPREME COURT,NONPARTISAN,ANN W. BRADLEY,149,149
2005,APRIL,GREEN,MONROE CITY WARD 8,SPRING GENERAL,JUSTICE OF THE SUPREME COURT,NONPARTISAN,SCATTERING,149,0
2005,APRIL,GREEN,MONROE CITY WARD 9,SPRING GENERAL,JUSTICE OF THE SUPREME COURT,NONPARTISAN,ANN W. BRADLEY,117,116
2005,APRIL,GREEN,MONROE CITY WARD 9,SPRING GENERAL,JUSTICE OF THE SUPREME COURT,NONPARTISAN,SCATTERING,117,1
2005,APRIL,GREEN,MONROE CITY WARD 10,SPRING GENERAL,JUSTICE OF THE SUPREME COURT,NONPARTISAN,ANN W. BRADLEY,153,153
2005,APRIL,GREEN,MONROE CITY WARD 10,SPRING GENERAL,JUSTICE OF THE SUPREME COURT,NONPARTISAN,SCATTERING,153,0
2005,APRIL,GREEN LAKE,BERLIN TOWN WARDS 1 & 2,SPRING GENERAL,JUSTICE OF THE SUPREME COURT,NONPARTISAN,ANN W. BRADLEY,268,267
2005,APRIL,GREEN LAKE,BERLIN TOWN WARDS 1 & 2,SPRING GENERAL,JUSTICE OF THE SUPREME COURT,NONPARTISAN,SCATTERING,268,1
2005,APRIL,GREEN LAKE,BROOKLYN TOWN WARDS 1 - 3,SPRING GENERAL,JUSTICE OF THE SUPREME COURT,NONPARTISAN,ANN W. BRADLEY,473,473
2005,APRIL,GREEN LAKE,BROOKLYN TOWN WARDS 1 - 3,SPRING GENERAL,JUSTICE OF THE SUPREME COURT,NONPARTISAN,SCATTERING,473,0
2005,APRIL,GREEN LAKE,GREEN LAKE TOWN WARDS 1 - 3,SPRING GENERAL,JUSTICE OF THE SUPREME COURT,NONPARTISAN,ANN W. BRADLEY,177,175
2005,APRIL,GREEN LAKE,GREEN LAKE TOWN WARDS 1 - 3,SPRING GENERAL,JUSTICE OF THE SUPREME COURT,NONPARTISAN,SCATTERING,177,2
2005,APRIL,GREEN LAKE,KINGSTON TOWN WARDS 1 & 2,SPRING GENERAL,JUSTICE OF THE SUPREME COURT,NONPARTISAN,ANN W. BRADLEY,74,73
2005,APRIL,GREEN LAKE,KINGSTON TOWN WARDS 1 & 2,SPRING GENERAL,JUSTICE OF THE SUPREME COURT,NONPARTISAN,SCATTERING,74,1
2005,APRIL,GREEN LAKE,MACKFORD TOWN WARD 1,SPRING GENERAL,JUSTICE OF THE SUPREME COURT,NONPARTISAN,ANN W. BRADLEY,67,67
2005,APRIL,GREEN LAKE,MACKFORD TOWN WARD 1,SPRING GENERAL,JUSTICE OF THE SUPREME COURT,NONPARTISAN,SCATTERING,67,0
2005,APRIL,GREEN LAKE,MANCHESTER TOWN WARD 1,SPRING GENERAL,JUSTICE OF THE SUPREME COURT,NONPARTISAN,ANN W. BRADLEY,75,75
2005,APRIL,GREEN LAKE,MANCHESTER TOWN WARD 1,SPRING GENERAL,JUSTICE OF THE SUPREME COURT,NONPARTISAN,SCATTERING,75,0
2005,APRIL,GREEN LAKE,MARQUETTE TOWN WARDS 1 & 2,SPRING GENERAL,JUSTICE OF THE SUPREME COURT,NONPARTISAN,ANN W. BRADLEY,61,61
2005,APRIL,GREEN LAKE,MARQUETTE TOWN WARDS 1 & 2,SPRING GENERAL,JUSTICE OF THE SUPREME COURT,NONPARTISAN,SCATTERING,61,0
2005,APRIL,GREEN LAKE,PRINCETON TOWN WARDS 1 - 4,SPRING GENERAL,JUSTICE OF THE SUPREME COURT,NONPARTISAN,ANN W. BRADLEY,222,222
2005,APRIL,GREEN LAKE,PRINCETON TOWN WARDS 1 - 4,SPRING GENERAL,JUSTICE OF THE SUPREME COURT,NONPARTISAN,SCATTERING,222,0
2005,APRIL,GREEN LAKE,ST MARIE TOWN WARD 1,SPRING GENERAL,JUSTICE OF THE SUPREME COURT,NONPARTISAN,ANN W. BRADLEY,59,59
2005,APRIL,GREEN LAKE,ST MARIE TOWN WARD 1,SPRING GENERAL,JUSTICE OF THE SUPREME COURT,NONPARTISAN,SCATTERING,59,0
2005,APRIL,GREEN LAKE,SENECA TOWN WARD 1,SPRING GENERAL,JUSTICE OF THE SUPREME COURT,NONPARTISAN,ANN W. BRADLEY,117,117
2005,APRIL,GREEN LAKE,SENECA TOWN WARD 1,SPRING GENERAL,JUSTICE OF THE SUPREME COURT,NONPARTISAN,SCATTERING,117,0
2005,APRIL,GREEN LAKE,KINGSTON VILLAGE WARD 1,SPRING GENERAL,JUSTICE OF THE SUPREME COURT,NONPARTISAN,ANN W. BRADLEY,62,62
2005,APRIL,GREEN LAKE,KINGSTON VILLAGE WARD 1,SPRING GENERAL,JUSTICE OF THE SUPREME COURT,NONPARTISAN,SCATTERING,62,0
2005,APRIL,GREEN LAKE,MARQUETTE VILLAGE WARD 1,SPRING GENERAL,JUSTICE OF THE SUPREME COURT,NONPARTISAN,ANN W. BRADLEY,24,24
2005,APRIL,GREEN LAKE,MARQUETTE VILLAGE WARD 1,SPRING GENERAL,JUSTICE OF THE SUPREME COURT,NONPARTISAN,SCATTERING,24,0
2005,APRIL,GREEN LAKE,"BERLIN CITY WARDS 1 - 6, 8 - 10",SPRING GENERAL,JUSTICE OF THE SUPREME COURT,NONPARTISAN,ANN W. BRADLEY,921,921
2005,APRIL,GREEN LAKE,"BERLIN CITY WARDS 1 - 6, 8 - 10",SPRING GENERAL,JUSTICE OF THE SUPREME COURT,NONPARTISAN,SCATTERING,921,0
2005,APRIL,GREEN LAKE,GREEN LAKE CITY WARDS 1 - 6,SPRING GENERAL,JUSTICE OF THE SUPREME COURT,NONPARTISAN,ANN W. BRADLEY,218,217
2005,APRIL,GREEN LAKE,GREEN LAKE CITY WARDS 1 - 6,SPRING GENERAL,JUSTICE OF THE SUPREME COURT,NONPARTISAN,SCATTERING,218,1
2005,APRIL,GREEN LAKE,MARKESAN CITY WARDS 1 - 3,SPRING GENERAL,JUSTICE OF THE SUPREME COURT,NONPARTISAN,ANN W. BRADLEY,209,209
2005,APRIL,GREEN LAKE,MARKESAN CITY WARDS 1 - 3,SPRING GENERAL,JUSTICE OF THE SUPREME COURT,NONPARTISAN,SCATTERING,209,0
2005,APRIL,GREEN LAKE,PRINCETON CITY WARDS 1 - 4,SPRING GENERAL,JUSTICE OF THE SUPREME COURT,NONPARTISAN,ANN W. BRADLEY,208,208
2005,APRIL,GREEN LAKE,PRINCETON CITY WARDS 1 - 4,SPRING GENERAL,JUSTICE OF THE SUPREME COURT,NONPARTISAN,SCATTERING,208,0
2005,APRIL,IOWA,ARENA TOWN WARDS 1 & 2,SPRING GENERAL,JUSTICE OF THE SUPREME COURT,NONPARTISAN,ANN W. BRADLEY,133,133
2005,APRIL,IOWA,ARENA TOWN WARDS 1 & 2,SPRING GENERAL,JUSTICE OF THE SUPREME COURT,NONPARTISAN,SCATTERING,133,0
2005,APRIL,IOWA,BRIGHAM TOWN WARDS 1 - 3,SPRING GENERAL,JUSTICE OF THE SUPREME COURT,NONPARTISAN,ANN W. BRADLEY,164,164
2005,APRIL,IOWA,BRIGHAM TOWN WARDS 1 - 3,SPRING GENERAL,JUSTICE OF THE SUPREME COURT,NONPARTISAN,SCATTERING,164,0
2005,APRIL,IOWA,CLYDE TOWN WARDS 1 - 3,SPRING GENERAL,JUSTICE OF THE SUPREME COURT,NONPARTISAN,ANN W. BRADLEY,54,54
2005,APRIL,IOWA,CLYDE TOWN WARDS 1 - 3,SPRING GENERAL,JUSTICE OF THE SUPREME COURT,NONPARTISAN,SCATTERING,54,0
2005,APRIL,IOWA,DODGEVILLE TOWN WARDS 1 - 3,SPRING GENERAL,JUSTICE OF THE SUPREME COURT,NONPARTISAN,ANN W. BRADLEY,287,287
2005,APRIL,IOWA,DODGEVILLE TOWN WARDS 1 - 3,SPRING GENERAL,JUSTICE OF THE SUPREME COURT,NONPARTISAN,SCATTERING,287,0
2005,APRIL,IOWA,EDEN TOWN WARD 1,SPRING GENERAL,JUSTICE OF THE SUPREME COURT,NONPARTISAN,ANN W. BRADLEY,70,70
2005,APRIL,IOWA,EDEN TOWN WARD 1,SPRING GENERAL,JUSTICE OF THE SUPREME COURT,NONPARTISAN,SCATTERING,70,0
2005,APRIL,IOWA,HIGHLAND TOWN WARDS 1 & 2,SPRING GENERAL,JUSTICE OF THE SUPREME COURT,NONPARTISAN,ANN W. BRADLEY,140,140
2005,APRIL,IOWA,HIGHLAND TOWN WARDS 1 & 2,SPRING GENERAL,JUSTICE OF THE SUPREME COURT,NONPARTISAN,SCATTERING,140,0
2005,APRIL,IOWA,LINDEN TOWN WARDS 1 - 3,SPRING GENERAL,JUSTICE OF THE SUPREME COURT,NONPARTISAN,ANN W. BRADLEY,98,98
2005,APRIL,IOWA,LINDEN TOWN WARDS 1 - 3,SPRING GENERAL,JUSTICE OF THE SUPREME COURT,NONPARTISAN,SCATTERING,98,0
2005,APRIL,IOWA,MIFFLIN TOWN WARDS 1 & 2,SPRING GENERAL,JUSTICE OF THE SUPREME COURT,NONPARTISAN,ANN W. BRADLEY,72,72
2005,APRIL,IOWA,MIFFLIN TOWN WARDS 1 & 2,SPRING GENERAL,JUSTICE OF THE SUPREME COURT,NONPARTISAN,SCATTERING,72,0
2005,APRIL,IOWA,MINERAL POINT TOWN WARDS 1 & 2,SPRING GENERAL,JUSTICE OF THE SUPREME COURT,NONPARTISAN,ANN W. BRADLEY,62,62
2005,APRIL,IOWA,MINERAL POINT TOWN WARDS 1 & 2,SPRING GENERAL,JUSTICE OF THE SUPREME COURT,NONPARTISAN,SCATTERING,62,0
2005,APRIL,IOWA,MOSCOW TOWN WARDS 1 & 2,SPRING GENERAL,JUSTICE OF THE SUPREME COURT,NONPARTISAN,ANN W. BRADLEY,49,49
2005,APRIL,IOWA,MOSCOW TOWN WARDS 1 & 2,SPRING GENERAL,JUSTICE OF THE SUPREME COURT,NONPARTISAN,SCATTERING,49,0
2005,APRIL,IOWA,PULASKI TOWN WARD 1,SPRING GENERAL,JUSTICE OF THE SUPREME COURT,NONPARTISAN,ANN W. BRADLEY,40,40
2005,APRIL,IOWA,PULASKI TOWN WARD 1,SPRING GENERAL,JUSTICE OF THE SUPREME COURT,NONPARTISAN,SCATTERING,40,0
2005,APRIL,IOWA,RIDGEWAY TOWN WARDS 1 & 2,SPRING GENERAL,JUSTICE OF THE SUPREME COURT,NONPARTISAN,ANN W. BRADLEY,114,114
2005,APRIL,IOWA,RIDGEWAY TOWN WARDS 1 & 2,SPRING GENERAL,JUSTICE OF THE SUPREME COURT,NONPARTISAN,SCATTERING,114,0
2005,APRIL,IOWA,WALDWICK TOWN WARD 1,SPRING GENERAL,JUSTICE OF THE SUPREME COURT,NONPARTISAN,ANN W. BRADLEY,55,55
2005,APRIL,IOWA,WALDWICK TOWN WARD 1,SPRING GENERAL,JUSTICE OF THE SUPREME COURT,NONPARTISAN,SCATTERING,55,0
2005,APRIL,IOWA,WYOMING TOWN WARD 1,SPRING GENERAL,JUSTICE OF THE SUPREME COURT,NONPARTISAN,ANN W. BRADLEY,42,42
2005,APRIL,IOWA,WYOMING TOWN WARD 1,SPRING GENERAL,JUSTICE OF THE SUPREME COURT,NONPARTISAN,SCATTERING,42,0
2005,APRIL,IOWA,ARENA VILLAGE WARD 1,SPRING GENERAL,JUSTICE OF THE SUPREME COURT,NONPARTISAN,ANN W. BRADLEY,46,46
2005,APRIL,IOWA,ARENA VILLAGE WARD 1,SPRING GENERAL,JUSTICE OF THE SUPREME COURT,NONPARTISAN,SCATTERING,46,0
2005,APRIL,IOWA,AVOCA VILLAGE WARD 1,SPRING GENERAL,JUSTICE OF THE SUPREME COURT,NONPARTISAN,ANN W. BRADLEY,47,47
2005,APRIL,IOWA,AVOCA VILLAGE WARD 1,SPRING GENERAL,JUSTICE OF THE SUPREME COURT,NONPARTISAN,SCATTERING,47,0
2005,APRIL,IOWA,BARNEVELD VILLAGE WARDS 1 & 2,SPRING GENERAL,JUSTICE OF THE SUPREME COURT,NONPARTISAN,ANN W. BRADLEY,85,85
2005,APRIL,IOWA,BARNEVELD VILLAGE WARDS 1 & 2,SPRING GENERAL,JUSTICE OF THE SUPREME COURT,NONPARTISAN,SCATTERING,85,0
2005,APRIL,IOWA,BLANCHARDVILLE VILLAGE WARD 2,SPRING GENERAL,JUSTICE OF THE SUPREME COURT,NONPARTISAN,ANN W. BRADLEY,26,26
2005,APRIL,IOWA,BLANCHARDVILLE VILLAGE WARD 2,SPRING GENERAL,JUSTICE OF THE SUPREME COURT,NONPARTISAN,SCATTERING,26,0
2005,APRIL,IOWA,COBB VILLAGE WARD 1,SPRING GENERAL,JUSTICE OF THE SUPREME COURT,NONPARTISAN,ANN W. BRADLEY,96,96
2005,APRIL,IOWA,COBB VILLAGE WARD 1,SPRING GENERAL,JUSTICE OF THE SUPREME COURT,NONPARTISAN,SCATTERING,96,0
2005,APRIL,IOWA,HIGHLAND VILLAGE WARD 1,SPRING GENERAL,JUSTICE OF THE SUPREME COURT,NONPARTISAN,ANN W. BRADLEY,233,233
2005,APRIL,IOWA,HIGHLAND VILLAGE WARD 1,SPRING GENERAL,JUSTICE OF THE SUPREME COURT,NONPARTISAN,SCATTERING,233,0
2005,APRIL,IOWA,HOLLANDALE VILLAGE WARD 1,SPRING GENERAL,JUSTICE OF THE SUPREME COURT,NONPARTISAN,ANN W. BRADLEY,45,45
2005,APRIL,IOWA,HOLLANDALE VILLAGE WARD 1,SPRING GENERAL,JUSTICE OF THE SUPREME COURT,NONPARTISAN,SCATTERING,45,0
2005,APRIL,IOWA,LINDEN VILLAGE WARD 1,SPRING GENERAL,JUSTICE OF THE SUPREME COURT,NONPARTISAN,ANN W. BRADLEY,84,84
2005,APRIL,IOWA,LINDEN VILLAGE WARD 1,SPRING GENERAL,JUSTICE OF THE SUPREME COURT,NONPARTISAN,SCATTERING,84,0
2005,APRIL,IOWA,LIVINGSTON VILLAGE WARD 2,SPRING GENERAL,JUSTICE OF THE SUPREME COURT,NONPARTISAN,ANN W. BRADLEY,2,2
2005,APRIL,IOWA,LIVINGSTON VILLAGE WARD 2,SPRING GENERAL,JUSTICE OF THE SUPREME COURT,NONPARTISAN,SCATTERING,2,0
2005,APRIL,IOWA,MONTFORT VILLAGE WARD 2,SPRING GENERAL,JUSTICE OF THE SUPREME COURT,NONPARTISAN,ANN W. BRADLEY,24,24
2005,APRIL,IOWA,MONTFORT VILLAGE WARD 2,SPRING GENERAL,JUSTICE OF THE SUPREME COURT,NONPARTISAN,SCATTERING,24,0
2005,APRIL,IOWA,MUSCODA VILLAGE WARD 3,SPRING GENERAL,JUSTICE OF THE SUPREME COURT,NONPARTISAN,ANN W. BRADLEY,5,5
2005,APRIL,IOWA,MUSCODA VILLAGE WARD 3,SPRING GENERAL,JUSTICE OF THE SUPREME COURT,NONPARTISAN,SCATTERING,5,0
2005,APRIL,IOWA,REWEY VILLAGE WARD 1,SPRING GENERAL,JUSTICE OF THE SUPREME COURT,NONPARTISAN,ANN W. BRADLEY,35,35
2005,APRIL,IOWA,REWEY VILLAGE WARD 1,SPRING GENERAL,JUSTICE OF THE SUPREME COURT,NONPARTISAN,SCATTERING,35,0
2005,APRIL,IOWA,RIDGEWAY VILLAGE WARD 1,SPRING GENERAL,JUSTICE OF THE SUPREME COURT,NONPARTISAN,ANN W. BRADLEY,143,143
2005,APRIL,IOWA,RIDGEWAY VILLAGE WARD 1,SPRING GENERAL,JUSTICE OF THE SUPREME COURT,NONPARTISAN,SCATTERING,143,0
2005,APRIL,IOWA,DODGEVILLE CITY WARDS 1 & 2,SPRING GENERAL,JUSTICE OF THE SUPREME COURT,NONPARTISAN,ANN W. BRADLEY,192,192
2005,APRIL,IOWA,DODGEVILLE CITY WARDS 1 & 2,SPRING GENERAL,JUSTICE OF THE SUPREME COURT,NONPARTISAN,SCATTERING,192,0
2005,APRIL,IOWA,DODGEVILLE CITY WARDS 3 & 4,SPRING GENERAL,JUSTICE OF THE SUPREME COURT,NONPARTISAN,ANN W. BRADLEY,166,166
2005,APRIL,IOWA,DODGEVILLE CITY WARDS 3 & 4,SPRING GENERAL,JUSTICE OF THE SUPREME COURT,NONPARTISAN,SCATTERING,166,0
2005,APRIL,IOWA,DODGEVILLE CITY WARDS 5 & 6,SPRING GENERAL,JUSTICE OF THE SUPREME COURT,NONPARTISAN,ANN W. BRADLEY,100,100
2005,APRIL,IOWA,DODGEVILLE CITY WARDS 5 & 6,SPRING GENERAL,JUSTICE OF THE SUPREME COURT,NONPARTISAN,SCATTERING,100,0
2005,APRIL,IOWA,DODGEVILLE CITY WARDS 7 & 8,SPRING GENERAL,JUSTICE OF THE SUPREME COURT,NONPARTISAN,ANN W. BRADLEY,137,137
2005,APRIL,IOWA,DODGEVILLE CITY WARDS 7 & 8,SPRING GENERAL,JUSTICE OF THE SUPREME COURT,NONPARTISAN,SCATTERING,137,0
2005,APRIL,IOWA,MINERAL POINT CITY WARD 1,SPRING GENERAL,JUSTICE OF THE SUPREME COURT,NONPARTISAN,ANN W. BRADLEY,57,57
2005,APRIL,IOWA,MINERAL POINT CITY WARD 1,SPRING GENERAL,JUSTICE OF THE SUPREME COURT,NONPARTISAN,SCATTERING,57,0
2005,APRIL,IOWA,MINERAL POINT CITY WARD 2,SPRING GENERAL,JUSTICE OF THE SUPREME COURT,NONPARTISAN,ANN W. BRADLEY,46,46
2005,APRIL,IOWA,MINERAL POINT CITY WARD 2,SPRING GENERAL,JUSTICE OF THE SUPREME COURT,NONPARTISAN,SCATTERING,46,0
2005,APRIL,IOWA,MINERAL POINT CITY WARDS 3 & 4,SPRING GENERAL,JUSTICE OF THE SUPREME COURT,NONPARTISAN,ANN W. BRADLEY,81,81
2005,APRIL,IOWA,MINERAL POINT CITY WARDS 3 & 4,SPRING GENERAL,JUSTICE OF THE SUPREME COURT,NONPARTISAN,SCATTERING,81,0
2005,APRIL,IOWA,MINERAL POINT CITY WARDS 5 & 6,SPRING GENERAL,JUSTICE OF THE SUPREME COURT,NONPARTISAN,ANN W. BRADLEY,50,50
2005,APRIL,IOWA,MINERAL POINT CITY WARDS 5 & 6,SPRING GENERAL,JUSTICE OF THE SUPREME COURT,NONPARTISAN,SCATTERING,50,0
2005,APRIL,IRON,ANDERSON TOWN WARD 1,SPRING GENERAL,JUSTICE OF THE SUPREME COURT,NONPARTISAN,ANN W. BRADLEY,22,22
2005,APRIL,IRON,ANDERSON TOWN WARD 1,SPRING GENERAL,JUSTICE OF THE SUPREME COURT,NONPARTISAN,SCATTERING,22,0
2005,APRIL,IRON,CAREY TOWN WARD 1,SPRING GENERAL,JUSTICE OF THE SUPREME COURT,NONPARTISAN,ANN W. BRADLEY,31,31
2005,APRIL,IRON,CAREY TOWN WARD 1,SPRING GENERAL,JUSTICE OF THE SUPREME COURT,NONPARTISAN,SCATTERING,31,0
2005,APRIL,IRON,GURNEY TOWN WARD 1,SPRING GENERAL,JUSTICE OF THE SUPREME COURT,NONPARTISAN,ANN W. BRADLEY,33,33
2005,APRIL,IRON,GURNEY TOWN WARD 1,SPRING GENERAL,JUSTICE OF THE SUPREME COURT,NONPARTISAN,SCATTERING,33,0
2005,APRIL,IRON,KIMBALL TOWN WARD 1,SPRING GENERAL,JUSTICE OF THE SUPREME COURT,NONPARTISAN,ANN W. BRADLEY,112,112
2005,APRIL,IRON,KIMBALL TOWN WARD 1,SPRING GENERAL,JUSTICE OF THE SUPREME COURT,NONPARTISAN,SCATTERING,112,0
2005,APRIL,IRON,KNIGHT TOWN WARD 1,SPRING GENERAL,JUSTICE OF THE SUPREME COURT,NONPARTISAN,ANN W. BRADLEY,57,57
2005,APRIL,IRON,KNIGHT TOWN WARD 1,SPRING GENERAL,JUSTICE OF THE SUPREME COURT,NONPARTISAN,SCATTERING,57,0
2005,APRIL,IRON,MERCER TOWN WARD 1,SPRING GENERAL,JUSTICE OF THE SUPREME COURT,NONPARTISAN,ANN W. BRADLEY,144,144
2005,APRIL,IRON,MERCER TOWN WARD 1,SPRING GENERAL,JUSTICE OF THE SUPREME COURT,NONPARTISAN,SCATTERING,144,0
2005,APRIL,IRON,MERCER TOWN WARD 2,SPRING GENERAL,JUSTICE OF THE SUPREME COURT,NONPARTISAN,ANN W. BRADLEY,154,154
2005,APRIL,IRON,MERCER TOWN WARD 2,SPRING GENERAL,JUSTICE OF THE SUPREME COURT,NONPARTISAN,SCATTERING,154,0
2005,APRIL,IRON,MERCER TOWN WARD 3,SPRING GENERAL,JUSTICE OF THE SUPREME COURT,NONPARTISAN,ANN W. BRADLEY,134,134
2005,APRIL,IRON,MERCER TOWN WARD 3,SPRING GENERAL,JUSTICE OF THE SUPREME COURT,NONPARTISAN,SCATTERING,134,0
2005,APRIL,IRON,MERCER TOWN WARD 4,SPRING GENERAL,JUSTICE OF THE SUPREME COURT,NONPARTISAN,ANN W. BRADLEY,116,116
2005,APRIL,IRON,MERCER TOWN WARD 4,SPRING GENERAL,JUSTICE OF THE SUPREME COURT,NONPARTISAN,SCATTERING,116,0
2005,APRIL,IRON,OMA TOWN WARD 1,SPRING GENERAL,JUSTICE OF THE SUPREME COURT,NONPARTISAN,ANN W. BRADLEY,73,73
2005,APRIL,IRON,OMA TOWN WARD 1,SPRING GENERAL,JUSTICE OF THE SUPREME COURT,NONPARTISAN,SCATTERING,73,0
2005,APRIL,IRON,PENCE TOWN WARD 1,SPRING GENERAL,JUSTICE OF THE SUPREME COURT,NONPARTISAN,ANN W. BRADLEY,54,54
2005,APRIL,IRON,PENCE TOWN WARD 1,SPRING GENERAL,JUSTICE OF THE SUPREME COURT,NONPARTISAN,SCATTERING,54,0
2005,APRIL,IRON,SAXON TOWN WARD 1,SPRING GENERAL,JUSTICE OF THE SUPREME COURT,NONPARTISAN,ANN W. BRADLEY,94,94
2005,APRIL,IRON,SAXON TOWN WARD 1,SPRING GENERAL,JUSTICE OF THE SUPREME COURT,NONPARTISAN,SCATTERING,94,0
2005,APRIL,IRON,SHERMAN TOWN WARD 1,SPRING GENERAL,JUSTICE OF THE SUPREME COURT,NONPARTISAN,ANN W. BRADLEY,116,116
2005,APRIL,IRON,SHERMAN TOWN WARD 1,SPRING GENERAL,JUSTICE OF THE SUPREME COURT,NONPARTISAN,SCATTERING,116,0
2005,APRIL,IRON,HURLEY CITY WARD 1,SPRING GENERAL,JUSTICE OF THE SUPREME COURT,NONPARTISAN,ANN W. BRADLEY,65,65
2005,APRIL,IRON,HURLEY CITY WARD 1,SPRING GENERAL,JUSTICE OF THE SUPREME COURT,NONPARTISAN,SCATTERING,65,0
2005,APRIL,IRON,HURLEY CITY WARD 2,SPRING GENERAL,JUSTICE OF THE SUPREME COURT,NONPARTISAN,ANN W. BRADLEY,62,62
2005,APRIL,IRON,HURLEY CITY WARD 2,SPRING GENERAL,JUSTICE OF THE SUPREME COURT,NONPARTISAN,SCATTERING,62,0
2005,APRIL,IRON,HURLEY CITY WARD 3,SPRING GENERAL,JUSTICE OF THE SUPREME COURT,NONPARTISAN,ANN W. BRADLEY,47,47
2005,APRIL,IRON,HURLEY CITY WARD 3,SPRING GENERAL,JUSTICE OF THE SUPREME COURT,NONPARTISAN,SCATTERING,47,0
2005,APRIL,IRON,HURLEY CITY WARD 4,SPRING GENERAL,JUSTICE OF THE SUPREME COURT,NONPARTISAN,ANN W. BRADLEY,42,42
2005,APRIL,IRON,HURLEY CITY WARD 4,SPRING GENERAL,JUSTICE OF THE SUPREME COURT,NONPARTISAN,SCATTERING,42,0
2005,APRIL,IRON,MONTREAL CITY WARD 1,SPRING GENERAL,JUSTICE OF THE SUPREME COURT,NONPARTISAN,ANN W. BRADLEY,107,107
2005,APRIL,IRON,MONTREAL CITY WARD 1,SPRING GENERAL,JUSTICE OF THE SUPREME COURT,NONPARTISAN,SCATTERING,107,0
2005,APRIL,IRON,MONTREAL CITY WARD 2,SPRING GENERAL,JUSTICE OF THE SUPREME COURT,NONPARTISAN,ANN W. BRADLEY,54,54
2005,APRIL,IRON,MONTREAL CITY WARD 2,SPRING GENERAL,JUSTICE OF THE SUPREME COURT,NONPARTISAN,SCATTERING,54,0
2005,APRIL,JACKSON,ADAMS TOWN WARDS 1 - 4,SPRING GENERAL,JUSTICE OF THE SUPREME COURT,NONPARTISAN,ANN W. BRADLEY,181,181
2005,APRIL,JACKSON,ADAMS TOWN WARDS 1 - 4,SPRING GENERAL,JUSTICE OF THE SUPREME COURT,NONPARTISAN,SCATTERING,181,0
2005,APRIL,JACKSON,ALBION TOWN WARDS 1 - 4,SPRING GENERAL,JUSTICE OF THE SUPREME COURT,NONPARTISAN,ANN W. BRADLEY,73,73
2005,APRIL,JACKSON,ALBION TOWN WARDS 1 - 4,SPRING GENERAL,JUSTICE OF THE SUPREME COURT,NONPARTISAN,SCATTERING,73,0
2005,APRIL,JACKSON,ALMA TOWN WARDS 1 & 2,SPRING GENERAL,JUSTICE OF THE SUPREME COURT,NONPARTISAN,ANN W. BRADLEY,105,105
2005,APRIL,JACKSON,ALMA TOWN WARDS 1 & 2,SPRING GENERAL,JUSTICE OF THE SUPREME COURT,NONPARTISAN,SCATTERING,105,0
2005,APRIL,JACKSON,BEAR BLUFF TOWN WARD 1,SPRING GENERAL,JUSTICE OF THE SUPREME COURT,NONPARTISAN,ANN W. BRADLEY,15,15
2005,APRIL,JACKSON,BEAR BLUFF TOWN WARD 1,SPRING GENERAL,JUSTICE OF THE SUPREME COURT,NONPARTISAN,SCATTERING,15,0
2005,APRIL,JACKSON,BROCKWAY TOWN WARDS 1 - 6,SPRING GENERAL,JUSTICE OF THE SUPREME COURT,NONPARTISAN,ANN W. BRADLEY,159,159
2005,APRIL,JACKSON,BROCKWAY TOWN WARDS 1 - 6,SPRING GENERAL,JUSTICE OF THE SUPREME COURT,NONPARTISAN,SCATTERING,159,0
2005,APRIL,JACKSON,CITY POINT TOWN WARD 1,SPRING GENERAL,JUSTICE OF THE SUPREME COURT,NONPARTISAN,ANN W. BRADLEY,44,44
2005,APRIL,JACKSON,CITY POINT TOWN WARD 1,SPRING GENERAL,JUSTICE OF THE SUPREME COURT,NONPARTISAN,SCATTERING,44,0
2005,APRIL,JACKSON,CLEVELAND TOWN WARD 1,SPRING GENERAL,JUSTICE OF THE SUPREME COURT,NONPARTISAN,ANN W. BRADLEY,67,67
2005,APRIL,JACKSON,CLEVELAND TOWN WARD 1,SPRING GENERAL,JUSTICE OF THE SUPREME COURT,NONPARTISAN,SCATTERING,67,0
2005,APRIL,JACKSON,CURRAN TOWN WARD 1,SPRING GENERAL,JUSTICE OF THE SUPREME COURT,NONPARTISAN,ANN W. BRADLEY,32,32
2005,APRIL,JACKSON,CURRAN TOWN WARD 1,SPRING GENERAL,JUSTICE OF THE SUPREME COURT,NONPARTISAN,SCATTERING,32,0
2005,APRIL,JACKSON,FRANKLIN TOWN WARD 1,SPRING GENERAL,JUSTICE OF THE SUPREME COURT,NONPARTISAN,ANN W. BRADLEY,55,55
2005,APRIL,JACKSON,FRANKLIN TOWN WARD 1,SPRING GENERAL,JUSTICE OF THE SUPREME COURT,NONPARTISAN,SCATTERING,55,0
2005,APRIL,JACKSON,GARDEN VALLEY TOWN WARD 1,SPRING GENERAL,JUSTICE OF THE SUPREME COURT,NONPARTISAN,ANN W. BRADLEY,34,34
2005,APRIL,JACKSON,GARDEN VALLEY TOWN WARD 1,SPRING GENERAL,JUSTICE OF THE SUPREME COURT,NONPARTISAN,SCATTERING,34,0
2005,APRIL,JACKSON,GARFIELD TOWN WARD 1,SPRING GENERAL,JUSTICE OF THE SUPREME COURT,NONPARTISAN,ANN W. BRADLEY,117,117
2005,APRIL,JACKSON,GARFIELD TOWN WARD 1,SPRING GENERAL,JUSTICE OF THE SUPREME COURT,NONPARTISAN,SCATTERING,117,0
2005,APRIL,JACKSON,HIXTON TOWN WARDS 1 & 2,SPRING GENERAL,JUSTICE OF THE SUPREME COURT,NONPARTISAN,ANN W. BRADLEY,123,123
2005,APRIL,JACKSON,HIXTON TOWN WARDS 1 & 2,SPRING GENERAL,JUSTICE OF THE SUPREME COURT,NONPARTISAN,SCATTERING,123,0
2005,APRIL,JACKSON,IRVING TOWN WARDS 1 & 2,SPRING GENERAL,JUSTICE OF THE SUPREME COURT,NONPARTISAN,ANN W. BRADLEY,131,131
2005,APRIL,JACKSON,IRVING TOWN WARDS 1 & 2,SPRING GENERAL,JUSTICE OF THE SUPREME COURT,NONPARTISAN,SCATTERING,131,0
2005,APRIL,JACKSON,KNAPP TOWN WARD 1,SPRING GENERAL,JUSTICE OF THE SUPREME COURT,NONPARTISAN,ANN W. BRADLEY,23,23
2005,APRIL,JACKSON,KNAPP TOWN WARD 1,SPRING GENERAL,JUSTICE OF THE SUPREME COURT,NONPARTISAN,SCATTERING,23,0
2005,APRIL,JACKSON,KOMENSKY TOWN WARD 1,SPRING GENERAL,JUSTICE OF THE SUPREME COURT,NONPARTISAN,ANN W. BRADLEY,29,29
2005,APRIL,JACKSON,KOMENSKY TOWN WARD 1,SPRING GENERAL,JUSTICE OF THE SUPREME COURT,NONPARTISAN,SCATTERING,29,0
2005,APRIL,JACKSON,MANCHESTER TOWN WARD 1,SPRING GENERAL,JUSTICE OF THE SUPREME COURT,NONPARTISAN,ANN W. BRADLEY,39,39
2005,APRIL,JACKSON,MANCHESTER TOWN WARD 1,SPRING GENERAL,JUSTICE OF THE SUPREME COURT,NONPARTISAN,SCATTERING,39,0
2005,APRIL,JACKSON,MELROSE TOWN WARDS 1 & 2,SPRING GENERAL,JUSTICE OF THE SUPREME COURT,NONPARTISAN,ANN W. BRADLEY,68,68
2005,APRIL,JACKSON,MELROSE TOWN WARDS 1 & 2,SPRING GENERAL,JUSTICE OF THE SUPREME COURT,NONPARTISAN,SCATTERING,68,0
2005,APRIL,JACKSON,MILLSTON TOWN WARD 1,SPRING GENERAL,JUSTICE OF THE SUPREME COURT,NONPARTISAN,ANN W. BRADLEY,33,33
2005,APRIL,JACKSON,MILLSTON TOWN WARD 1,SPRING GENERAL,JUSTICE OF THE SUPREME COURT,NONPARTISAN,SCATTERING,33,0
2005,APRIL,JACKSON,NORTH BEND TOWN WARD 1,SPRING GENERAL,JUSTICE OF THE SUPREME COURT,NONPARTISAN,ANN W. BRADLEY,34,34
2005,APRIL,JACKSON,NORTH BEND TOWN WARD 1,SPRING GENERAL,JUSTICE OF THE SUPREME COURT,NONPARTISAN,SCATTERING,34,0
2005,APRIL,JACKSON,NORTHFIELD TOWN WARD 1,SPRING GENERAL,JUSTICE OF THE SUPREME COURT,NONPARTISAN,ANN W. BRADLEY,61,61
2005,APRIL,JACKSON,NORTHFIELD TOWN WARD 1,SPRING GENERAL,JUSTICE OF THE SUPREME COURT,NONPARTISAN,SCATTERING,61,0
2005,APRIL,JACKSON,SPRINGFIELD TOWN WARDS 1 & 2,SPRING GENERAL,JUSTICE OF THE SUPREME COURT,NONPARTISAN,ANN W. BRADLEY,42,42
2005,APRIL,JACKSON,SPRINGFIELD TOWN WARDS 1 & 2,SPRING GENERAL,JUSTICE OF THE SUPREME COURT,NONPARTISAN,SCATTERING,42,0
2005,APRIL,JACKSON,ALMA CENTER VILLAGE WARD 1,SPRING GENERAL,JUSTICE OF THE SUPREME COURT,NONPARTISAN,ANN W. BRADLEY,61,61
2005,APRIL,JACKSON,ALMA CENTER VILLAGE WARD 1,SPRING GENERAL,JUSTICE OF THE SUPREME COURT,NONPARTISAN,SCATTERING,61,0
2005,APRIL,JACKSON,HIXTON VILLAGE WARD 1,SPRING GENERAL,JUSTICE OF THE SUPREME COURT,NONPARTISAN,ANN W. BRADLEY,53,53
2005,APRIL,JACKSON,HIXTON VILLAGE WARD 1,SPRING GENERAL,JUSTICE OF THE SUPREME COURT,NONPARTISAN,SCATTERING,53,0
2005,APRIL,JACKSON,MELROSE VILLAGE WARD 1,SPRING GENERAL,JUSTICE OF THE SUPREME COURT,NONPARTISAN,ANN W. BRADLEY,36,36
2005,APRIL,JACKSON,MELROSE VILLAGE WARD 1,SPRING GENERAL,JUSTICE OF THE SUPREME COURT,NONPARTISAN,SCATTERING,36,0
2005,APRIL,JACKSON,MERRILLAN VILLAGE WARD 1,SPRING GENERAL,JUSTICE OF THE SUPREME COURT,NONPARTISAN,ANN W. BRADLEY,60,60
2005,APRIL,JACKSON,MERRILLAN VILLAGE WARD 1,SPRING GENERAL,JUSTICE OF THE SUPREME COURT,NONPARTISAN,SCATTERING,60,0
2005,APRIL,JACKSON,TAYLOR VILLAGE WARD 1,SPRING GENERAL,JUSTICE OF THE SUPREME COURT,NONPARTISAN,ANN W. BRADLEY,99,99
2005,APRIL,JACKSON,TAYLOR VILLAGE WARD 1,SPRING GENERAL,JUSTICE OF THE SUPREME COURT,NONPARTISAN,SCATTERING,99,0
2005,APRIL,JACKSON,BLACK RIVER FALLS CITY WARDS 1 - 4,SPRING GENERAL,JUSTICE OF THE SUPREME COURT,NONPARTISAN,ANN W. BRADLEY,226,225
2005,APRIL,JACKSON,BLACK RIVER FALLS CITY WARDS 1 - 4,SPRING GENERAL,JUSTICE OF THE SUPREME COURT,NONPARTISAN,SCATTERING,226,1
2005,APRIL,JEFFERSON,AZTALAN TOWN WARDS 1 & 2,SPRING GENERAL,JUSTICE OF THE SUPREME COURT,NONPARTISAN,ANN W. BRADLEY,271,270
2005,APRIL,JEFFERSON,AZTALAN TOWN WARDS 1 & 2,SPRING GENERAL,JUSTICE OF THE SUPREME COURT,NONPARTISAN,SCATTERING,271,1
2005,APRIL,JEFFERSON,COLD SPRING TOWN WARDS 1 & 2,SPRING GENERAL,JUSTICE OF THE SUPREME COURT,NONPARTISAN,ANN W. BRADLEY,64,64
2005,APRIL,JEFFERSON,COLD SPRING TOWN WARDS 1 & 2,SPRING GENERAL,JUSTICE OF THE SUPREME COURT,NONPARTISAN,SCATTERING,64,0
2005,APRIL,JEFFERSON,CONCORD TOWN WARDS 1 - 4,SPRING GENERAL,JUSTICE OF THE SUPREME COURT,NONPARTISAN,ANN W. BRADLEY,329,326
2005,APRIL,JEFFERSON,CONCORD TOWN WARDS 1 - 4,SPRING GENERAL,JUSTICE OF THE SUPREME COURT,NONPARTISAN,SCATTERING,329,3
2005,APRIL,JEFFERSON,FARMINGTON TOWN WARDS 1 & 2,SPRING GENERAL,JUSTICE OF THE SUPREME COURT,NONPARTISAN,ANN W. BRADLEY,349,347
2005,APRIL,JEFFERSON,FARMINGTON TOWN WARDS 1 & 2,SPRING GENERAL,JUSTICE OF THE SUPREME COURT,NONPARTISAN,SCATTERING,349,2
2005,APRIL,JEFFERSON,HEBRON TOWN WARDS 1 & 2,SPRING GENERAL,JUSTICE OF THE SUPREME COURT,NONPARTISAN,ANN W. BRADLEY,57,57
2005,APRIL,JEFFERSON,HEBRON TOWN WARDS 1 & 2,SPRING GENERAL,JUSTICE OF THE SUPREME COURT,NONPARTISAN,SCATTERING,57,0
2005,APRIL,JEFFERSON,IXONIA TOWN WARDS 1 - 4,SPRING GENERAL,JUSTICE OF THE SUPREME COURT,NONPARTISAN,ANN W. BRADLEY,459,456
2005,APRIL,JEFFERSON,IXONIA TOWN WARDS 1 - 4,SPRING GENERAL,JUSTICE OF THE SUPREME COURT,NONPARTISAN,SCATTERING,459,3
2005,APRIL,JEFFERSON,JEFFERSON TOWN WARDS 1 - 5,SPRING GENERAL,JUSTICE OF THE SUPREME COURT,NONPARTISAN,ANN W. BRADLEY,105,105
2005,APRIL,JEFFERSON,JEFFERSON TOWN WARDS 1 - 5,SPRING GENERAL,JUSTICE OF THE SUPREME COURT,NONPARTISAN,SCATTERING,105,0
2005,APRIL,JEFFERSON,KOSHKONONG TOWN WARDS 1 - 5,SPRING GENERAL,JUSTICE OF THE SUPREME COURT,NONPARTISAN,ANN W. BRADLEY,210,208
2005,APRIL,JEFFERSON,KOSHKONONG TOWN WARDS 1 - 5,SPRING GENERAL,JUSTICE OF THE SUPREME COURT,NONPARTISAN,SCATTERING,210,2
2005,APRIL,JEFFERSON,LAKE MILLS TOWN WARDS 1 & 2,SPRING GENERAL,JUSTICE OF THE SUPREME COURT,NONPARTISAN,ANN W. BRADLEY,156,156
2005,APRIL,JEFFERSON,LAKE MILLS TOWN WARDS 1 & 2,SPRING GENERAL,JUSTICE OF THE SUPREME COURT,NONPARTISAN,SCATTERING,156,0
2005,APRIL,JEFFERSON,MILFORD TOWN WARDS 1 & 2,SPRING GENERAL,JUSTICE OF THE SUPREME COURT,NONPARTISAN,ANN W. BRADLEY,79,79
2005,APRIL,JEFFERSON,MILFORD TOWN WARDS 1 & 2,SPRING GENERAL,JUSTICE OF THE SUPREME COURT,NONPARTISAN,SCATTERING,79,0
2005,APRIL,JEFFERSON,OAKLAND TOWN WARDS 1 - 4,SPRING GENERAL,JUSTICE OF THE SUPREME COURT,NONPARTISAN,ANN W. BRADLEY,388,386
2005,APRIL,JEFFERSON,OAKLAND TOWN WARDS 1 - 4,SPRING GENERAL,JUSTICE OF THE SUPREME COURT,NONPARTISAN,SCATTERING,388,2
2005,APRIL,JEFFERSON,PALMYRA TOWN WARDS 1 & 2,SPRING GENERAL,JUSTICE OF THE SUPREME COURT,NONPARTISAN,ANN W. BRADLEY,97,96
2005,APRIL,JEFFERSON,PALMYRA TOWN WARDS 1 & 2,SPRING GENERAL,JUSTICE OF THE SUPREME COURT,NONPARTISAN,SCATTERING,97,1
2005,APRIL,JEFFERSON,SULLIVAN TOWN WARDS 1 - 3,SPRING GENERAL,JUSTICE OF THE SUPREME COURT,NONPARTISAN,ANN W. BRADLEY,88,88
2005,APRIL,JEFFERSON,SULLIVAN TOWN WARDS 1 - 3,SPRING GENERAL,JUSTICE OF THE SUPREME COURT,NONPARTISAN,SCATTERING,88,0
2005,APRIL,JEFFERSON,SUMNER TOWN WARD 1,SPRING GENERAL,JUSTICE OF THE SUPREME COURT,NONPARTISAN,ANN W. BRADLEY,104,103
2005,APRIL,JEFFERSON,SUMNER TOWN WARD 1,SPRING GENERAL,JUSTICE OF THE SUPREME COURT,NONPARTISAN,SCATTERING,104,1
2005,APRIL,JEFFERSON,WATERLOO TOWN WARD 1,SPRING GENERAL,JUSTICE OF THE SUPREME COURT,NONPARTISAN,ANN W. BRADLEY,67,67
2005,APRIL,JEFFERSON,WATERLOO TOWN WARD 1,SPRING GENERAL,JUSTICE OF THE SUPREME COURT,NONPARTISAN,SCATTERING,67,0
2005,APRIL,JEFFERSON,WATERTOWN TOWN WARDS 1 & 2,SPRING GENERAL,JUSTICE OF THE SUPREME COURT,NONPARTISAN,ANN W. BRADLEY,270,270
2005,APRIL,JEFFERSON,WATERTOWN TOWN WARDS 1 & 2,SPRING GENERAL,JUSTICE OF THE SUPREME COURT,NONPARTISAN,SCATTERING,270,0
2005,APRIL,JEFFERSON,CAMBRIDGE VILLAGE WARD 1,SPRING GENERAL,JUSTICE OF THE SUPREME COURT,NONPARTISAN,ANN W. BRADLEY,14,14
2005,APRIL,JEFFERSON,CAMBRIDGE VILLAGE WARD 1,SPRING GENERAL,JUSTICE OF THE SUPREME COURT,NONPARTISAN,SCATTERING,14,0
2005,APRIL,JEFFERSON,JOHNSON CREEK VILLAGE WARDS 1 & 2,SPRING GENERAL,JUSTICE OF THE SUPREME COURT,NONPARTISAN,ANN W. BRADLEY,475,469
2005,APRIL,JEFFERSON,JOHNSON CREEK VILLAGE WARDS 1 & 2,SPRING GENERAL,JUSTICE OF THE SUPREME COURT,NONPARTISAN,SCATTERING,475,6
2005,APRIL,JEFFERSON,LAC LA BELLE VILLAGE WARD 2,SPRING GENERAL,JUSTICE OF THE SUPREME COURT,NONPARTISAN,ANN W. BRADLEY,0,0
2005,APRIL,JEFFERSON,LAC LA BELLE VILLAGE WARD 2,SPRING GENERAL,JUSTICE OF THE SUPREME COURT,NONPARTISAN,SCATTERING,0,0
2005,APRIL,JEFFERSON,PALMYRA VILLAGE WARDS 1 & 2,SPRING GENERAL,JUSTICE OF THE SUPREME COURT,NONPARTISAN,ANN W. BRADLEY,320,319
2005,APRIL,JEFFERSON,PALMYRA VILLAGE WARDS 1 & 2,SPRING GENERAL,JUSTICE OF THE SUPREME COURT,NONPARTISAN,SCATTERING,320,1
2005,APRIL,JEFFERSON,SULLIVAN VILLAGE WARD 1,SPRING GENERAL,JUSTICE OF THE SUPREME COURT,NONPARTISAN,ANN W. BRADLEY,60,60
2005,APRIL,JEFFERSON,SULLIVAN VILLAGE WARD 1,SPRING GENERAL,JUSTICE OF THE SUPREME COURT,NONPARTISAN,SCATTERING,60,0
2005,APRIL,JEFFERSON,FORT ATKINSON CITY WARDS 1 - 3,SPRING GENERAL,JUSTICE OF THE SUPREME COURT,NONPARTISAN,ANN W. BRADLEY,298,296
2005,APRIL,JEFFERSON,FORT ATKINSON CITY WARDS 1 - 3,SPRING GENERAL,JUSTICE OF THE SUPREME COURT,NONPARTISAN,SCATTERING,298,2
2005,APRIL,JEFFERSON,FORT ATKINSON CITY WARDS 4 - 6,SPRING GENERAL,JUSTICE OF THE SUPREME COURT,NONPARTISAN,ANN W. BRADLEY,222,219
2005,APRIL,JEFFERSON,FORT ATKINSON CITY WARDS 4 - 6,SPRING GENERAL,JUSTICE OF THE SUPREME COURT,NONPARTISAN,SCATTERING,222,3
2005,APRIL,JEFFERSON,FORT ATKINSON CITY WARDS 7 - 9,SPRING GENERAL,JUSTICE OF THE SUPREME COURT,NONPARTISAN,ANN W. BRADLEY,201,199
2005,APRIL,JEFFERSON,FORT ATKINSON CITY WARDS 7 - 9,SPRING GENERAL,JUSTICE OF THE SUPREME COURT,NONPARTISAN,SCATTERING,201,2
2005,APRIL,JEFFERSON,"JEFFERSON CITY WARDS 1, 2, 5 & 6",SPRING GENERAL,JUSTICE OF THE SUPREME COURT,NONPARTISAN,ANN W. BRADLEY,301,301
2005,APRIL,JEFFERSON,"JEFFERSON CITY WARDS 1, 2, 5 & 6",SPRING GENERAL,JUSTICE OF THE SUPREME COURT,NONPARTISAN,SCATTERING,301,0
2005,APRIL,JEFFERSON,"JEFFERSON CITY WARDS 3, 4, 7 & 8",SPRING GENERAL,JUSTICE OF THE SUPREME COURT,NONPARTISAN,ANN W. BRADLEY,386,385
2005,APRIL,JEFFERSON,"JEFFERSON CITY WARDS 3, 4, 7 & 8",SPRING GENERAL,JUSTICE OF THE SUPREME COURT,NONPARTISAN,SCATTERING,386,1
2005,APRIL,JEFFERSON,LAKE MILLS CITY WARDS 1 & 2,SPRING GENERAL,JUSTICE OF THE SUPREME COURT,NONPARTISAN,ANN W. BRADLEY,131,131
2005,APRIL,JEFFERSON,LAKE MILLS CITY WARDS 1 & 2,SPRING GENERAL,JUSTICE OF THE SUPREME COURT,NONPARTISAN,SCATTERING,131,0
2005,APRIL,JEFFERSON,LAKE MILLS CITY WARDS 3 & 4,SPRING GENERAL,JUSTICE OF THE SUPREME COURT,NONPARTISAN,ANN W. BRADLEY,184,182
2005,APRIL,JEFFERSON,LAKE MILLS CITY WARDS 3 & 4,SPRING GENERAL,JUSTICE OF THE SUPREME COURT,NONPARTISAN,SCATTERING,184,2
2005,APRIL,JEFFERSON,WATERLOO CITY WARDS 1 - 5,SPRING GENERAL,JUSTICE OF THE SUPREME COURT,NONPARTISAN,ANN W. BRADLEY,303,302
2005,APRIL,JEFFERSON,WATERLOO CITY WARDS 1 - 5,SPRING GENERAL,JUSTICE OF THE SUPREME COURT,NONPARTISAN,SCATTERING,303,1
2005,APRIL,JEFFERSON,WATERTOWN CITY WARD 8,SPRING GENERAL,JUSTICE OF THE SUPREME COURT,NONPARTISAN,ANN W. BRADLEY,24,24
2005,APRIL,JEFFERSON,WATERTOWN CITY WARD 8,SPRING GENERAL,JUSTICE OF THE SUPREME COURT,NONPARTISAN,SCATTERING,24,0
2005,APRIL,JEFFERSON,"WATERTOWN CITY WARDS 9, 10, 15 & 16",SPRING GENERAL,JUSTICE OF THE SUPREME COURT,NONPARTISAN,ANN W. BRADLEY,249,249
2005,APRIL,JEFFERSON,"WATERTOWN CITY WARDS 9, 10, 15 & 16",SPRING GENERAL,JUSTICE OF THE SUPREME COURT,NONPARTISAN,SCATTERING,249,0
2005,APRIL,JEFFERSON,WATERTOWN CITY WARDS 11 - 14,SPRING GENERAL,JUSTICE OF THE SUPREME COURT,NONPARTISAN,ANN W. BRADLEY,322,321
2005,APRIL,JEFFERSON,WATERTOWN CITY WARDS 11 - 14,SPRING GENERAL,JUSTICE OF THE SUPREME COURT,NONPARTISAN,SCATTERING,322,1
2005,APRIL,JEFFERSON,WATERTOWN CITY WARDS 17 & 18,SPRING GENERAL,JUSTICE OF THE SUPREME COURT,NONPARTISAN,ANN W. BRADLEY,148,147
2005,APRIL,JEFFERSON,WATERTOWN CITY WARDS 17 & 18,SPRING GENERAL,JUSTICE OF THE SUPREME COURT,NONPARTISAN,SCATTERING,148,1
2005,APRIL,JEFFERSON,"WHITEWATER CITY WARDS 9, 10, 14 & 15",SPRING GENERAL,JUSTICE OF THE SUPREME COURT,NONPARTISAN,ANN W. BRADLEY,50,50
2005,APRIL,JEFFERSON,"WHITEWATER CITY WARDS 9, 10, 14 & 15",SPRING GENERAL,JUSTICE OF THE SUPREME COURT,NONPARTISAN,SCATTERING,50,0
2005,APRIL,JEFFERSON,WHITEWATER CITY WARD 11,SPRING GENERAL,JUSTICE OF THE SUPREME COURT,NONPARTISAN,ANN W. BRADLEY,0,0
2005,APRIL,JEFFERSON,WHITEWATER CITY WARD 11,SPRING GENERAL,JUSTICE OF THE SUPREME COURT,NONPARTISAN,SCATTERING,0,0
2005,APRIL,JUNEAU,ARMENIA TOWN WARD 1,SPRING GENERAL,JUSTICE OF THE SUPREME COURT,NONPARTISAN,ANN W. BRADLEY,80,80
2005,APRIL,JUNEAU,ARMENIA TOWN WARD 1,SPRING GENERAL,JUSTICE OF THE SUPREME COURT,NONPARTISAN,SCATTERING,80,0
2005,APRIL,JUNEAU,CLEARFIELD TOWN WARDS 1 & 2,SPRING GENERAL,JUSTICE OF THE SUPREME COURT,NONPARTISAN,ANN W. BRADLEY,40,40
2005,APRIL,JUNEAU,CLEARFIELD TOWN WARDS 1 & 2,SPRING GENERAL,JUSTICE OF THE SUPREME COURT,NONPARTISAN,SCATTERING,40,0
2005,APRIL,JUNEAU,CUTLER TOWN WARD 1,SPRING GENERAL,JUSTICE OF THE SUPREME COURT,NONPARTISAN,ANN W. BRADLEY,44,44
2005,APRIL,JUNEAU,CUTLER TOWN WARD 1,SPRING GENERAL,JUSTICE OF THE SUPREME COURT,NONPARTISAN,SCATTERING,44,0
2005,APRIL,JUNEAU,FINLEY TOWN WARD 1,SPRING GENERAL,JUSTICE OF THE SUPREME COURT,NONPARTISAN,ANN W. BRADLEY,26,26
2005,APRIL,JUNEAU,FINLEY TOWN WARD 1,SPRING GENERAL,JUSTICE OF THE SUPREME COURT,NONPARTISAN,SCATTERING,26,0
2005,APRIL,JUNEAU,FOUNTAIN TOWN WARD 1,SPRING GENERAL,JUSTICE OF THE SUPREME COURT,NONPARTISAN,ANN W. BRADLEY,130,130
2005,APRIL,JUNEAU,FOUNTAIN TOWN WARD 1,SPRING GENERAL,JUSTICE OF THE SUPREME COURT,NONPARTISAN,SCATTERING,130,0
2005,APRIL,JUNEAU,GERMANTOWN TOWN WARDS 1 & 2,SPRING GENERAL,JUSTICE OF THE SUPREME COURT,NONPARTISAN,ANN W. BRADLEY,166,166
2005,APRIL,JUNEAU,GERMANTOWN TOWN WARDS 1 & 2,SPRING GENERAL,JUSTICE OF THE SUPREME COURT,NONPARTISAN,SCATTERING,166,0
2005,APRIL,JUNEAU,KILDARE TOWN WARD 1,SPRING GENERAL,JUSTICE OF THE SUPREME COURT,NONPARTISAN,ANN W. BRADLEY,93,93
2005,APRIL,JUNEAU,KILDARE TOWN WARD 1,SPRING GENERAL,JUSTICE OF THE SUPREME COURT,NONPARTISAN,SCATTERING,93,0
2005,APRIL,JUNEAU,KINGSTON TOWN WARD 1,SPRING GENERAL,JUSTICE OF THE SUPREME COURT,NONPARTISAN,ANN W. BRADLEY,10,10
2005,APRIL,JUNEAU,KINGSTON TOWN WARD 1,SPRING GENERAL,JUSTICE OF THE SUPREME COURT,NONPARTISAN,SCATTERING,10,0
2005,APRIL,JUNEAU,LEMONWEIR TOWN WARDS 1 - 4,SPRING GENERAL,JUSTICE OF THE SUPREME COURT,NONPARTISAN,ANN W. BRADLEY,87,87
2005,APRIL,JUNEAU,LEMONWEIR TOWN WARDS 1 - 4,SPRING GENERAL,JUSTICE OF THE SUPREME COURT,NONPARTISAN,SCATTERING,87,0
2005,APRIL,JUNEAU,LINDINA TOWN WARDS 1 & 2,SPRING GENERAL,JUSTICE OF THE SUPREME COURT,NONPARTISAN,ANN W. BRADLEY,75,75
2005,APRIL,JUNEAU,LINDINA TOWN WARDS 1 & 2,SPRING GENERAL,JUSTICE OF THE SUPREME COURT,NONPARTISAN,SCATTERING,75,0
2005,APRIL,JUNEAU,LISBON TOWN WARDS 1 & 2,SPRING GENERAL,JUSTICE OF THE SUPREME COURT,NONPARTISAN,ANN W. BRADLEY,104,104
2005,APRIL,JUNEAU,LISBON TOWN WARDS 1 & 2,SPRING GENERAL,JUSTICE OF THE SUPREME COURT,NONPARTISAN,SCATTERING,104,0
2005,APRIL,JUNEAU,LYNDON TOWN WARDS 1 & 2,SPRING GENERAL,JUSTICE OF THE SUPREME COURT,NONPARTISAN,ANN W. BRADLEY,44,44
2005,APRIL,JUNEAU,LYNDON TOWN WARDS 1 & 2,SPRING GENERAL,JUSTICE OF THE SUPREME COURT,NONPARTISAN,SCATTERING,44,0
2005,APRIL,JUNEAU,MARION TOWN WARD 1,SPRING GENERAL,JUSTICE OF THE SUPREME COURT,NONPARTISAN,ANN W. BRADLEY,38,38
2005,APRIL,JUNEAU,MARION TOWN WARD 1,SPRING GENERAL,JUSTICE OF THE SUPREME COURT,NONPARTISAN,SCATTERING,38,0
2005,APRIL,JUNEAU,NECEDAH TOWN WARDS 1 - 3,SPRING GENERAL,JUSTICE OF THE SUPREME COURT,NONPARTISAN,ANN W. BRADLEY,311,311
2005,APRIL,JUNEAU,NECEDAH TOWN WARDS 1 - 3,SPRING GENERAL,JUSTICE OF THE SUPREME COURT,NONPARTISAN,SCATTERING,311,0
2005,APRIL,JUNEAU,ORANGE TOWN WARD 1,SPRING GENERAL,JUSTICE OF THE SUPREME COURT,NONPARTISAN,ANN W. BRADLEY,84,84
2005,APRIL,JUNEAU,ORANGE TOWN WARD 1,SPRING GENERAL,JUSTICE OF THE SUPREME COURT,NONPARTISAN,SCATTERING,84,0
2005,APRIL,JUNEAU,PLYMOUTH TOWN WARDS 1 & 2,SPRING GENERAL,JUSTICE OF THE SUPREME COURT,NONPARTISAN,ANN W. BRADLEY,87,87
2005,APRIL,JUNEAU,PLYMOUTH TOWN WARDS 1 & 2,SPRING GENERAL,JUSTICE OF THE SUPREME COURT,NONPARTISAN,SCATTERING,87,0
2005,APRIL,JUNEAU,SEVEN MILE CREEK TOWN WARDS 1 & 2,SPRING GENERAL,JUSTICE OF THE SUPREME COURT,NONPARTISAN,ANN W. BRADLEY,36,36
2005,APRIL,JUNEAU,SEVEN MILE CREEK TOWN WARDS 1 & 2,SPRING GENERAL,JUSTICE OF THE SUPREME COURT,NONPARTISAN,SCATTERING,36,0
2005,APRIL,JUNEAU,SUMMIT TOWN WARD 1,SPRING GENERAL,JUSTICE OF THE SUPREME COURT,NONPARTISAN,ANN W. BRADLEY,117,117
2005,APRIL,JUNEAU,SUMMIT TOWN WARD 1,SPRING GENERAL,JUSTICE OF THE SUPREME COURT,NONPARTISAN,SCATTERING,117,0
2005,APRIL,JUNEAU,WONEWOC TOWN WARDS 1 & 2,SPRING GENERAL,JUSTICE OF THE SUPREME COURT,NONPARTISAN,ANN W. BRADLEY,125,125
2005,APRIL,JUNEAU,WONEWOC TOWN WARDS 1 & 2,SPRING GENERAL,JUSTICE OF THE SUPREME COURT,NONPARTISAN,SCATTERING,125,0
2005,APRIL,JUNEAU,CAMP DOUGLAS VILLAGE WARD 1,SPRING GENERAL,JUSTICE OF THE SUPREME COURT,NONPARTISAN,ANN W. BRADLEY,43,43
2005,APRIL,JUNEAU,CAMP DOUGLAS VILLAGE WARD 1,SPRING GENERAL,JUSTICE OF THE SUPREME COURT,NONPARTISAN,SCATTERING,43,0
2005,APRIL,JUNEAU,HUSTLER VILLAGE WARD 1,SPRING GENERAL,JUSTICE OF THE SUPREME COURT,NONPARTISAN,ANN W. BRADLEY,33,33
2005,APRIL,JUNEAU,HUSTLER VILLAGE WARD 1,SPRING GENERAL,JUSTICE OF THE SUPREME COURT,NONPARTISAN,SCATTERING,33,0
2005,APRIL,JUNEAU,LYNDON STATION VILLAGE WARD 1,SPRING GENERAL,JUSTICE OF THE SUPREME COURT,NONPARTISAN,ANN W. BRADLEY,32,32
2005,APRIL,JUNEAU,LYNDON STATION VILLAGE WARD 1,SPRING GENERAL,JUSTICE OF THE SUPREME COURT,NONPARTISAN,SCATTERING,32,0
2005,APRIL,JUNEAU,NECEDAH VILLAGE WARD 1,SPRING GENERAL,JUSTICE OF THE SUPREME COURT,NONPARTISAN,ANN W. BRADLEY,135,135
2005,APRIL,JUNEAU,NECEDAH VILLAGE WARD 1,SPRING GENERAL,JUSTICE OF THE SUPREME COURT,NONPARTISAN,SCATTERING,135,0
2005,APRIL,JUNEAU,UNION CENTER VILLAGE WARD 1,SPRING GENERAL,JUSTICE OF THE SUPREME COURT,NONPARTISAN,ANN W. BRADLEY,47,47
2005,APRIL,JUNEAU,UNION CENTER VILLAGE WARD 1,SPRING GENERAL,JUSTICE OF THE SUPREME COURT,NONPARTISAN,SCATTERING,47,0
2005,APRIL,JUNEAU,WONEWOC VILLAGE WARD 1,SPRING GENERAL,JUSTICE OF THE SUPREME COURT,NONPARTISAN,ANN W. BRADLEY,117,117
2005,APRIL,JUNEAU,WONEWOC VILLAGE WARD 1,SPRING GENERAL,JUSTICE OF THE SUPREME COURT,NONPARTISAN,SCATTERING,117,0
2005,APRIL,JUNEAU,ELROY CITY WARDS 1 - 5,SPRING GENERAL,JUSTICE OF THE SUPREME COURT,NONPARTISAN,ANN W. BRADLEY,121,120
2005,APRIL,JUNEAU,ELROY CITY WARDS 1 - 5,SPRING GENERAL,JUSTICE OF THE SUPREME COURT,NONPARTISAN,SCATTERING,121,1
2005,APRIL,JUNEAU,MAUSTON CITY WARDS 1 - 10,SPRING GENERAL,JUSTICE OF THE SUPREME COURT,NONPARTISAN,ANN W. BRADLEY,275,275
2005,APRIL,JUNEAU,MAUSTON CITY WARDS 1 - 10,SPRING GENERAL,JUSTICE OF THE SUPREME COURT,NONPARTISAN,SCATTERING,275,0
2005,APRIL,JUNEAU,NEW LISBON CITY WARDS 1 - 6,SPRING GENERAL,JUSTICE OF THE SUPREME COURT,NONPARTISAN,ANN W. BRADLEY,74,74
2005,APRIL,JUNEAU,NEW LISBON CITY WARDS 1 - 6,SPRING GENERAL,JUSTICE OF THE SUPREME COURT,NONPARTISAN,SCATTERING,74,0
2005,APRIL,JUNEAU,WISCONSIN DELLS CITY WARD 7,SPRING GENERAL,JUSTICE OF THE SUPREME COURT,NONPARTISAN,ANN W. BRADLEY,0,0
2005,APRIL,JUNEAU,WISCONSIN DELLS CITY WARD 7,SPRING GENERAL,JUSTICE OF THE SUPREME COURT,NONPARTISAN,SCATTERING,0,0
2005,APRIL,KENOSHA,BRIGHTON TOWN WARDS 1 - 3,SPRING GENERAL,JUSTICE OF THE SUPREME COURT,NONPARTISAN,ANN W. BRADLEY,75,75
2005,APRIL,KENOSHA,BRIGHTON TOWN WARDS 1 - 3,SPRING GENERAL,JUSTICE OF THE SUPREME COURT,NONPARTISAN,SCATTERING,75,0
2005,APRIL,KENOSHA,BRISTOL TOWN WARDS 1 - 4 & 8,SPRING GENERAL,JUSTICE OF THE SUPREME COURT,NONPARTISAN,ANN W. BRADLEY,258,257
2005,APRIL,KENOSHA,BRISTOL TOWN WARDS 1 - 4 & 8,SPRING GENERAL,JUSTICE OF THE SUPREME COURT,NONPARTISAN,SCATTERING,258,1
2005,APRIL,KENOSHA,BRISTOL TOWN WARDS 5 - 7,SPRING GENERAL,JUSTICE OF THE SUPREME COURT,NONPARTISAN,ANN W. BRADLEY,229,229
2005,APRIL,KENOSHA,BRISTOL TOWN WARDS 5 - 7,SPRING GENERAL,JUSTICE OF THE SUPREME COURT,NONPARTISAN,SCATTERING,229,0
2005,APRIL,KENOSHA,PARIS TOWN WARDS 1 & 2,SPRING GENERAL,JUSTICE OF THE SUPREME COURT,NONPARTISAN,ANN W. BRADLEY,425,424
2005,APRIL,KENOSHA,PARIS TOWN WARDS 1 & 2,SPRING GENERAL,JUSTICE OF THE SUPREME COURT,NONPARTISAN,SCATTERING,425,1
2005,APRIL,KENOSHA,RANDALL TOWN WARDS 1 - 5,SPRING GENERAL,JUSTICE OF THE SUPREME COURT,NONPARTISAN,ANN W. BRADLEY,661,659
2005,APRIL,KENOSHA,RANDALL TOWN WARDS 1 - 5,SPRING GENERAL,JUSTICE OF THE SUPREME COURT,NONPARTISAN,SCATTERING,661,2
2005,APRIL,KENOSHA,SALEM TOWN WARDS 1 - 15,SPRING GENERAL,JUSTICE OF THE SUPREME COURT,NONPARTISAN,ANN W. BRADLEY,875,862
2005,APRIL,KENOSHA,SALEM TOWN WARDS 1 - 15,SPRING GENERAL,JUSTICE OF THE SUPREME COURT,NONPARTISAN,SCATTERING,875,13
2005,APRIL,KENOSHA,SOMERS TOWN WARDS 1 - 4,SPRING GENERAL,JUSTICE OF THE SUPREME COURT,NONPARTISAN,ANN W. BRADLEY,209,208
2005,APRIL,KENOSHA,SOMERS TOWN WARDS 1 - 4,SPRING GENERAL,JUSTICE OF THE SUPREME COURT,NONPARTISAN,SCATTERING,209,1
2005,APRIL,KENOSHA,SOMERS TOWN WARDS 5 - 8 & 12,SPRING GENERAL,JUSTICE OF THE SUPREME COURT,NONPARTISAN,ANN W. BRADLEY,236,236
2005,APRIL,KENOSHA,SOMERS TOWN WARDS 5 - 8 & 12,SPRING GENERAL,JUSTICE OF THE SUPREME COURT,NONPARTISAN,SCATTERING,236,0
2005,APRIL,KENOSHA,SOMERS TOWN WARDS 9 - 11,SPRING GENERAL,JUSTICE OF THE SUPREME COURT,NONPARTISAN,ANN W. BRADLEY,123,123
2005,APRIL,KENOSHA,SOMERS TOWN WARDS 9 - 11,SPRING GENERAL,JUSTICE OF THE SUPREME COURT,NONPARTISAN,SCATTERING,123,0
2005,APRIL,KENOSHA,WHEATLAND TOWN WARDS 1 - 5,SPRING GENERAL,JUSTICE OF THE SUPREME COURT,NONPARTISAN,ANN W. BRADLEY,309,308
2005,APRIL,KENOSHA,WHEATLAND TOWN WARDS 1 - 5,SPRING GENERAL,JUSTICE OF THE SUPREME COURT,NONPARTISAN,SCATTERING,309,1
2005,APRIL,KENOSHA,GENOA CITY VILLAGE WARD 4,SPRING GENERAL,JUSTICE OF THE SUPREME COURT,NONPARTISAN,ANN W. BRADLEY,0,0
2005,APRIL,KENOSHA,GENOA CITY VILLAGE WARD 4,SPRING GENERAL,JUSTICE OF THE SUPREME COURT,NONPARTISAN,SCATTERING,0,0
2005,APRIL,KENOSHA,GENOA CITY VILLAGE WARD 5,SPRING GENERAL,JUSTICE OF THE SUPREME COURT,NONPARTISAN,ANN W. BRADLEY,0,0
2005,APRIL,KENOSHA,GENOA CITY VILLAGE WARD 5,SPRING GENERAL,JUSTICE OF THE SUPREME COURT,NONPARTISAN,SCATTERING,0,0
2005,APRIL,KENOSHA,PADDOCK LAKE VILLAGE WARDS 1 - 5,SPRING GENERAL,JUSTICE OF THE SUPREME COURT,NONPARTISAN,ANN W. BRADLEY,237,234
2005,APRIL,KENOSHA,PADDOCK LAKE VILLAGE WARDS 1 - 5,SPRING GENERAL,JUSTICE OF THE SUPREME COURT,NONPARTISAN,SCATTERING,237,3
2005,APRIL,KENOSHA,PLEASANT PRAIRIE VILLAGE WARDS 1 - 3,SPRING GENERAL,JUSTICE OF THE SUPREME COURT,NONPARTISAN,ANN W. BRADLEY,340,337
2005,APRIL,KENOSHA,PLEASANT PRAIRIE VILLAGE WARDS 1 - 3,SPRING GENERAL,JUSTICE OF THE SUPREME COURT,NONPARTISAN,SCATTERING,340,3
2005,APRIL,KENOSHA,PLEASANT PRAIRIE VILLAGE WARDS 4 & 5,SPRING GENERAL,JUSTICE OF THE SUPREME COURT,NONPARTISAN,ANN W. BRADLEY,232,230
2005,APRIL,KENOSHA,PLEASANT PRAIRIE VILLAGE WARDS 4 & 5,SPRING GENERAL,JUSTICE OF THE SUPREME COURT,NONPARTISAN,SCATTERING,232,2
2005,APRIL,KENOSHA,PLEASANT PRAIRIE VILLAGE WARDS 6 & 7,SPRING GENERAL,JUSTICE OF THE SUPREME COURT,NONPARTISAN,ANN W. BRADLEY,368,363
2005,APRIL,KENOSHA,PLEASANT PRAIRIE VILLAGE WARDS 6 & 7,SPRING GENERAL,JUSTICE OF THE SUPREME COURT,NONPARTISAN,SCATTERING,368,5
2005,APRIL,KENOSHA,PLEASANT PRAIRIE VILLAGE WARDS 8 - 10,SPRING GENERAL,JUSTICE OF THE SUPREME COURT,NONPARTISAN,ANN W. BRADLEY,496,495
2005,APRIL,KENOSHA,PLEASANT PRAIRIE VILLAGE WARDS 8 - 10,SPRING GENERAL,JUSTICE OF THE SUPREME COURT,NONPARTISAN,SCATTERING,496,1
2005,APRIL,KENOSHA,PLEASANT PRAIRIE VILLAGE WARD 11,SPRING GENERAL,JUSTICE OF THE SUPREME COURT,NONPARTISAN,ANN W. BRADLEY,0,0
2005,APRIL,KENOSHA,PLEASANT PRAIRIE VILLAGE WARD 11,SPRING GENERAL,JUSTICE OF THE SUPREME COURT,NONPARTISAN,SCATTERING,0,0
2005,APRIL,KENOSHA,PLEASANT PRAIRIE VILLAGE WARDS 12 & 13,SPRING GENERAL,JUSTICE OF THE SUPREME COURT,NONPARTISAN,ANN W. BRADLEY,338,337
2005,APRIL,KENOSHA,PLEASANT PRAIRIE VILLAGE WARDS 12 & 13,SPRING GENERAL,JUSTICE OF THE SUPREME COURT,NONPARTISAN,SCATTERING,338,1
2005,APRIL,KENOSHA,SILVER LAKE VILLAGE WARDS 1 - 3,SPRING GENERAL,JUSTICE OF THE SUPREME COURT,NONPARTISAN,ANN W. BRADLEY,285,280
2005,APRIL,KENOSHA,SILVER LAKE VILLAGE WARDS 1 - 3,SPRING GENERAL,JUSTICE OF THE SUPREME COURT,NONPARTISAN,SCATTERING,285,5
2005,APRIL,KENOSHA,TWIN LAKES VILLAGE WARDS 1 - 7,SPRING GENERAL,JUSTICE OF THE SUPREME COURT,NONPARTISAN,ANN W. BRADLEY,826,821
2005,APRIL,KENOSHA,TWIN LAKES VILLAGE WARDS 1 - 7,SPRING GENERAL,JUSTICE OF THE SUPREME COURT,NONPARTISAN,SCATTERING,826,5
2005,APRIL,KENOSHA,KENOSHA CITY WARD 1,SPRING GENERAL,JUSTICE OF THE SUPREME COURT,NONPARTISAN,ANN W. BRADLEY,114,114
2005,APRIL,KENOSHA,KENOSHA CITY WARD 1,SPRING GENERAL,JUSTICE OF THE SUPREME COURT,NONPARTISAN,SCATTERING,114,0
2005,APRIL,KENOSHA,KENOSHA CITY WARD 2,SPRING GENERAL,JUSTICE OF THE SUPREME COURT,NONPARTISAN,ANN W. BRADLEY,122,122
2005,APRIL,KENOSHA,KENOSHA CITY WARD 2,SPRING GENERAL,JUSTICE OF THE SUPREME COURT,NONPARTISAN,SCATTERING,122,0
2005,APRIL,KENOSHA,KENOSHA CITY WARD 3,SPRING GENERAL,JUSTICE OF THE SUPREME COURT,NONPARTISAN,ANN W. BRADLEY,101,101
2005,APRIL,KENOSHA,KENOSHA CITY WARD 3,SPRING GENERAL,JUSTICE OF THE SUPREME COURT,NONPARTISAN,SCATTERING,101,0
2005,APRIL,KENOSHA,KENOSHA CITY WARD 4,SPRING GENERAL,JUSTICE OF THE SUPREME COURT,NONPARTISAN,ANN W. BRADLEY,192,192
2005,APRIL,KENOSHA,KENOSHA CITY WARD 4,SPRING GENERAL,JUSTICE OF THE SUPREME COURT,NONPARTISAN,SCATTERING,192,0
2005,APRIL,KENOSHA,KENOSHA CITY WARD 5,SPRING GENERAL,JUSTICE OF THE SUPREME COURT,NONPARTISAN,ANN W. BRADLEY,319,318
2005,APRIL,KENOSHA,KENOSHA CITY WARD 5,SPRING GENERAL,JUSTICE OF THE SUPREME COURT,NONPARTISAN,SCATTERING,319,1
2005,APRIL,KENOSHA,KENOSHA CITY WARD 6,SPRING GENERAL,JUSTICE OF THE SUPREME COURT,NONPARTISAN,ANN W. BRADLEY,180,180
2005,APRIL,KENOSHA,KENOSHA CITY WARD 6,SPRING GENERAL,JUSTICE OF THE SUPREME COURT,NONPARTISAN,SCATTERING,180,0
2005,APRIL,KENOSHA,KENOSHA CITY WARD 7,SPRING GENERAL,JUSTICE OF THE SUPREME COURT,NONPARTISAN,ANN W. BRADLEY,199,199
2005,APRIL,KENOSHA,KENOSHA CITY WARD 7,SPRING GENERAL,JUSTICE OF THE SUPREME COURT,NONPARTISAN,SCATTERING,199,0
2005,APRIL,KENOSHA,KENOSHA CITY WARD 8,SPRING GENERAL,JUSTICE OF THE SUPREME COURT,NONPARTISAN,ANN W. BRADLEY,206,206
2005,APRIL,KENOSHA,KENOSHA CITY WARD 8,SPRING GENERAL,JUSTICE OF THE SUPREME COURT,NONPARTISAN,SCATTERING,206,0
2005,APRIL,KENOSHA,KENOSHA CITY WARD 9,SPRING GENERAL,JUSTICE OF THE SUPREME COURT,NONPARTISAN,ANN W. BRADLEY,269,269
2005,APRIL,KENOSHA,KENOSHA CITY WARD 9,SPRING GENERAL,JUSTICE OF THE SUPREME COURT,NONPARTISAN,SCATTERING,269,0
2005,APRIL,KENOSHA,KENOSHA CITY WARD 10,SPRING GENERAL,JUSTICE OF THE SUPREME COURT,NONPARTISAN,ANN W. BRADLEY,165,165
2005,APRIL,KENOSHA,KENOSHA CITY WARD 10,SPRING GENERAL,JUSTICE OF THE SUPREME COURT,NONPARTISAN,SCATTERING,165,0
2005,APRIL,KENOSHA,KENOSHA CITY WARD 11,SPRING GENERAL,JUSTICE OF THE SUPREME COURT,NONPARTISAN,ANN W. BRADLEY,187,187
2005,APRIL,KENOSHA,KENOSHA CITY WARD 11,SPRING GENERAL,JUSTICE OF THE SUPREME COURT,NONPARTISAN,SCATTERING,187,0
2005,APRIL,KENOSHA,KENOSHA CITY WARD 12,SPRING GENERAL,JUSTICE OF THE SUPREME COURT,NONPARTISAN,ANN W. BRADLEY,121,121
2005,APRIL,KENOSHA,KENOSHA CITY WARD 12,SPRING GENERAL,JUSTICE OF THE SUPREME COURT,NONPARTISAN,SCATTERING,121,0
2005,APRIL,KENOSHA,KENOSHA CITY WARD 13,SPRING GENERAL,JUSTICE OF THE SUPREME COURT,NONPARTISAN,ANN W. BRADLEY,57,57
2005,APRIL,KENOSHA,KENOSHA CITY WARD 13,SPRING GENERAL,JUSTICE OF THE SUPREME COURT,NONPARTISAN,SCATTERING,57,0
2005,APRIL,KENOSHA,KENOSHA CITY WARD 14,SPRING GENERAL,JUSTICE OF THE SUPREME COURT,NONPARTISAN,ANN W. BRADLEY,25,25
2005,APRIL,KENOSHA,KENOSHA CITY WARD 14,SPRING GENERAL,JUSTICE OF THE SUPREME COURT,NONPARTISAN,SCATTERING,25,0
2005,APRIL,KENOSHA,KENOSHA CITY WARD 15,SPRING GENERAL,JUSTICE OF THE SUPREME COURT,NONPARTISAN,ANN W. BRADLEY,58,58
2005,APRIL,KENOSHA,KENOSHA CITY WARD 15,SPRING GENERAL,JUSTICE OF THE SUPREME COURT,NONPARTISAN,SCATTERING,58,0
2005,APRIL,KENOSHA,KENOSHA CITY WARD 16,SPRING GENERAL,JUSTICE OF THE SUPREME COURT,NONPARTISAN,ANN W. BRADLEY,62,62
2005,APRIL,KENOSHA,KENOSHA CITY WARD 16,SPRING GENERAL,JUSTICE OF THE SUPREME COURT,NONPARTISAN,SCATTERING,62,0
2005,APRIL,KENOSHA,KENOSHA CITY WARD 17,SPRING GENERAL,JUSTICE OF THE SUPREME COURT,NONPARTISAN,ANN W. BRADLEY,191,191
2005,APRIL,KENOSHA,KENOSHA CITY WARD 17,SPRING GENERAL,JUSTICE OF THE SUPREME COURT,NONPARTISAN,SCATTERING,191,0
2005,APRIL,KENOSHA,KENOSHA CITY WARD 18,SPRING GENERAL,JUSTICE OF THE SUPREME COURT,NONPARTISAN,ANN W. BRADLEY,113,113
2005,APRIL,KENOSHA,KENOSHA CITY WARD 18,SPRING GENERAL,JUSTICE OF THE SUPREME COURT,NONPARTISAN,SCATTERING,113,0
2005,APRIL,KENOSHA,KENOSHA CITY WARD 19,SPRING GENERAL,JUSTICE OF THE SUPREME COURT,NONPARTISAN,ANN W. BRADLEY,72,72
2005,APRIL,KENOSHA,KENOSHA CITY WARD 19,SPRING GENERAL,JUSTICE OF THE SUPREME COURT,NONPARTISAN,SCATTERING,72,0
2005,APRIL,KENOSHA,KENOSHA CITY WARD 20,SPRING GENERAL,JUSTICE OF THE SUPREME COURT,NONPARTISAN,ANN W. BRADLEY,58,58
2005,APRIL,KENOSHA,KENOSHA CITY WARD 20,SPRING GENERAL,JUSTICE OF THE SUPREME COURT,NONPARTISAN,SCATTERING,58,0
2005,APRIL,KENOSHA,KENOSHA CITY WARD 21,SPRING GENERAL,JUSTICE OF THE SUPREME COURT,NONPARTISAN,ANN W. BRADLEY,157,157
2005,APRIL,KENOSHA,KENOSHA CITY WARD 21,SPRING GENERAL,JUSTICE OF THE SUPREME COURT,NONPARTISAN,SCATTERING,157,0
2005,APRIL,KENOSHA,KENOSHA CITY WARD 22,SPRING GENERAL,JUSTICE OF THE SUPREME COURT,NONPARTISAN,ANN W. BRADLEY,68,68
2005,APRIL,KENOSHA,KENOSHA CITY WARD 22,SPRING GENERAL,JUSTICE OF THE SUPREME COURT,NONPARTISAN,SCATTERING,68,0
2005,APRIL,KENOSHA,KENOSHA CITY WARD 23,SPRING GENERAL,JUSTICE OF THE SUPREME COURT,NONPARTISAN,ANN W. BRADLEY,68,68
2005,APRIL,KENOSHA,KENOSHA CITY WARD 23,SPRING GENERAL,JUSTICE OF THE SUPREME COURT,NONPARTISAN,SCATTERING,68,0
2005,APRIL,KENOSHA,KENOSHA CITY WARD 24,SPRING GENERAL,JUSTICE OF THE SUPREME COURT,NONPARTISAN,ANN W. BRADLEY,117,117
2005,APRIL,KENOSHA,KENOSHA CITY WARD 24,SPRING GENERAL,JUSTICE OF THE SUPREME COURT,NONPARTISAN,SCATTERING,117,0
2005,APRIL,KENOSHA,KENOSHA CITY WARD 25,SPRING GENERAL,JUSTICE OF THE SUPREME COURT,NONPARTISAN,ANN W. BRADLEY,229,229
2005,APRIL,KENOSHA,KENOSHA CITY WARD 25,SPRING GENERAL,JUSTICE OF THE SUPREME COURT,NONPARTISAN,SCATTERING,229,0
2005,APRIL,KENOSHA,KENOSHA CITY WARD 26,SPRING GENERAL,JUSTICE OF THE SUPREME COURT,NONPARTISAN,ANN W. BRADLEY,219,219
2005,APRIL,KENOSHA,KENOSHA CITY WARD 26,SPRING GENERAL,JUSTICE OF THE SUPREME COURT,NONPARTISAN,SCATTERING,219,0
2005,APRIL,KENOSHA,KENOSHA CITY WARD 27,SPRING GENERAL,JUSTICE OF THE SUPREME COURT,NONPARTISAN,ANN W. BRADLEY,258,258
2005,APRIL,KENOSHA,KENOSHA CITY WARD 27,SPRING GENERAL,JUSTICE OF THE SUPREME COURT,NONPARTISAN,SCATTERING,258,0
2005,APRIL,KENOSHA,KENOSHA CITY WARD 28,SPRING GENERAL,JUSTICE OF THE SUPREME COURT,NONPARTISAN,ANN W. BRADLEY,227,227
2005,APRIL,KENOSHA,KENOSHA CITY WARD 28,SPRING GENERAL,JUSTICE OF THE SUPREME COURT,NONPARTISAN,SCATTERING,227,0
2005,APRIL,KENOSHA,KENOSHA CITY WARD 29,SPRING GENERAL,JUSTICE OF THE SUPREME COURT,NONPARTISAN,ANN W. BRADLEY,277,277
2005,APRIL,KENOSHA,KENOSHA CITY WARD 29,SPRING GENERAL,JUSTICE OF THE SUPREME COURT,NONPARTISAN,SCATTERING,277,0
2005,APRIL,KENOSHA,KENOSHA CITY WARD 30,SPRING GENERAL,JUSTICE OF THE SUPREME COURT,NONPARTISAN,ANN W. BRADLEY,163,163
2005,APRIL,KENOSHA,KENOSHA CITY WARD 30,SPRING GENERAL,JUSTICE OF THE SUPREME COURT,NONPARTISAN,SCATTERING,163,0
2005,APRIL,KENOSHA,KENOSHA CITY WARD 31,SPRING GENERAL,JUSTICE OF THE SUPREME COURT,NONPARTISAN,ANN W. BRADLEY,154,154
2005,APRIL,KENOSHA,KENOSHA CITY WARD 31,SPRING GENERAL,JUSTICE OF THE SUPREME COURT,NONPARTISAN,SCATTERING,154,0
2005,APRIL,KENOSHA,KENOSHA CITY WARD 32,SPRING GENERAL,JUSTICE OF THE SUPREME COURT,NONPARTISAN,ANN W. BRADLEY,93,93
2005,APRIL,KENOSHA,KENOSHA CITY WARD 32,SPRING GENERAL,JUSTICE OF THE SUPREME COURT,NONPARTISAN,SCATTERING,93,0
2005,APRIL,KENOSHA,KENOSHA CITY WARD 33,SPRING GENERAL,JUSTICE OF THE SUPREME COURT,NONPARTISAN,ANN W. BRADLEY,106,106
2005,APRIL,KENOSHA,KENOSHA CITY WARD 33,SPRING GENERAL,JUSTICE OF THE SUPREME COURT,NONPARTISAN,SCATTERING,106,0
2005,APRIL,KENOSHA,KENOSHA CITY WARD 34,SPRING GENERAL,JUSTICE OF THE SUPREME COURT,NONPARTISAN,ANN W. BRADLEY,108,108
2005,APRIL,KENOSHA,KENOSHA CITY WARD 34,SPRING GENERAL,JUSTICE OF THE SUPREME COURT,NONPARTISAN,SCATTERING,108,0
2005,APRIL,KENOSHA,KENOSHA CITY WARD 35,SPRING GENERAL,JUSTICE OF THE SUPREME COURT,NONPARTISAN,ANN W. BRADLEY,1,1
2005,APRIL,KENOSHA,KENOSHA CITY WARD 35,SPRING GENERAL,JUSTICE OF THE SUPREME COURT,NONPARTISAN,SCATTERING,1,0
2005,APRIL,KENOSHA,KENOSHA CITY WARD 36,SPRING GENERAL,JUSTICE OF THE SUPREME COURT,NONPARTISAN,ANN W. BRADLEY,3,3
2005,APRIL,KENOSHA,KENOSHA CITY WARD 36,SPRING GENERAL,JUSTICE OF THE SUPREME COURT,NONPARTISAN,SCATTERING,3,0
2005,APRIL,KENOSHA,KENOSHA CITY WARD 37,SPRING GENERAL,JUSTICE OF THE SUPREME COURT,NONPARTISAN,ANN W. BRADLEY,0,0
2005,APRIL,KENOSHA,KENOSHA CITY WARD 37,SPRING GENERAL,JUSTICE OF THE SUPREME COURT,NONPARTISAN,SCATTERING,0,0
2005,APRIL,KENOSHA,KENOSHA CITY WARD 38,SPRING GENERAL,JUSTICE OF THE SUPREME COURT,NONPARTISAN,ANN W. BRADLEY,0,0
2005,APRIL,KENOSHA,KENOSHA CITY WARD 38,SPRING GENERAL,JUSTICE OF THE SUPREME COURT,NONPARTISAN,SCATTERING,0,0
2005,APRIL,KENOSHA,KENOSHA CITY WARD 39,SPRING GENERAL,JUSTICE OF THE SUPREME COURT,NONPARTISAN,ANN W. BRADLEY,3,3
2005,APRIL,KENOSHA,KENOSHA CITY WARD 39,SPRING GENERAL,JUSTICE OF THE SUPREME COURT,NONPARTISAN,SCATTERING,3,0
2005,APRIL,KENOSHA,KENOSHA CITY WARD 40,SPRING GENERAL,JUSTICE OF THE SUPREME COURT,NONPARTISAN,ANN W. BRADLEY,2,2
2005,APRIL,KENOSHA,KENOSHA CITY WARD 40,SPRING GENERAL,JUSTICE OF THE SUPREME COURT,NONPARTISAN,SCATTERING,2,0
2005,APRIL,KENOSHA,KENOSHA CITY WARD 41,SPRING GENERAL,JUSTICE OF THE SUPREME COURT,NONPARTISAN,ANN W. BRADLEY,0,0
2005,APRIL,KENOSHA,KENOSHA CITY WARD 41,SPRING GENERAL,JUSTICE OF THE SUPREME COURT,NONPARTISAN,SCATTERING,0,0
2005,APRIL,KENOSHA,KENOSHA CITY WARD 42,SPRING GENERAL,JUSTICE OF THE SUPREME COURT,NONPARTISAN,ANN W. BRADLEY,0,0
2005,APRIL,KENOSHA,KENOSHA CITY WARD 42,SPRING GENERAL,JUSTICE OF THE SUPREME COURT,NONPARTISAN,SCATTERING,0,0
2005,APRIL,KENOSHA,KENOSHA CITY WARD 43,SPRING GENERAL,JUSTICE OF THE SUPREME COURT,NONPARTISAN,ANN W. BRADLEY,1,1
2005,APRIL,KENOSHA,KENOSHA CITY WARD 43,SPRING GENERAL,JUSTICE OF THE SUPREME COURT,NONPARTISAN,SCATTERING,1,0
2005,APRIL,KENOSHA,KENOSHA CITY WARD 44,SPRING GENERAL,JUSTICE OF THE SUPREME COURT,NONPARTISAN,ANN W. BRADLEY,0,0
2005,APRIL,KENOSHA,KENOSHA CITY WARD 44,SPRING GENERAL,JUSTICE OF THE SUPREME COURT,NONPARTISAN,SCATTERING,0,0
2005,APRIL,KENOSHA,KENOSHA CITY WARD 45,SPRING GENERAL,JUSTICE OF THE SUPREME COURT,NONPARTISAN,ANN W. BRADLEY,0,0
2005,APRIL,KENOSHA,KENOSHA CITY WARD 45,SPRING GENERAL,JUSTICE OF THE SUPREME COURT,NONPARTISAN,SCATTERING,0,0
2005,APRIL,KENOSHA,KENOSHA CITY WARD 46,SPRING GENERAL,JUSTICE OF THE SUPREME COURT,NONPARTISAN,ANN W. BRADLEY,0,0
2005,APRIL,KENOSHA,KENOSHA CITY WARD 46,SPRING GENERAL,JUSTICE OF THE SUPREME COURT,NONPARTISAN,SCATTERING,0,0
2005,APRIL,KENOSHA,KENOSHA CITY WARD 47,SPRING GENERAL,JUSTICE OF THE SUPREME COURT,NONPARTISAN,ANN W. BRADLEY,0,0
2005,APRIL,KENOSHA,KENOSHA CITY WARD 47,SPRING GENERAL,JUSTICE OF THE SUPREME COURT,NONPARTISAN,SCATTERING,0,0
2005,APRIL,KENOSHA,KENOSHA CITY WARD 48,SPRING GENERAL,JUSTICE OF THE SUPREME COURT,NONPARTISAN,ANN W. BRADLEY,0,0
2005,APRIL,KENOSHA,KENOSHA CITY WARD 48,SPRING GENERAL,JUSTICE OF THE SUPREME COURT,NONPARTISAN,SCATTERING,0,0
2005,APRIL,KENOSHA,KENOSHA CITY WARD 49,SPRING GENERAL,JUSTICE OF THE SUPREME COURT,NONPARTISAN,ANN W. BRADLEY,0,0
2005,APRIL,KENOSHA,KENOSHA CITY WARD 49,SPRING GENERAL,JUSTICE OF THE SUPREME COURT,NONPARTISAN,SCATTERING,0,0
2005,APRIL,KENOSHA,KENOSHA CITY WARD 50,SPRING GENERAL,JUSTICE OF THE SUPREME COURT,NONPARTISAN,ANN W. BRADLEY,0,0
2005,APRIL,KENOSHA,KENOSHA CITY WARD 50,SPRING GENERAL,JUSTICE OF THE SUPREME COURT,NONPARTISAN,SCATTERING,0,0
2005,APRIL,KENOSHA,KENOSHA CITY WARD 51,SPRING GENERAL,JUSTICE OF THE SUPREME COURT,NONPARTISAN,ANN W. BRADLEY,0,0
2005,APRIL,KENOSHA,KENOSHA CITY WARD 51,SPRING GENERAL,JUSTICE OF THE SUPREME COURT,NONPARTISAN,SCATTERING,0,0
2005,APRIL,KEWAUNEE,AHNAPEE TOWN WARD 1,SPRING GENERAL,JUSTICE OF THE SUPREME COURT,NONPARTISAN,ANN W. BRADLEY,73,73
2005,APRIL,KEWAUNEE,AHNAPEE TOWN WARD 1,SPRING GENERAL,JUSTICE OF THE SUPREME COURT,NONPARTISAN,SCATTERING,73,0
2005,APRIL,KEWAUNEE,CARLTON TOWN WARDS 1 & 2,SPRING GENERAL,JUSTICE OF THE SUPREME COURT,NONPARTISAN,ANN W. BRADLEY,234,234
2005,APRIL,KEWAUNEE,CARLTON TOWN WARDS 1 & 2,SPRING GENERAL,JUSTICE OF THE SUPREME COURT,NONPARTISAN,SCATTERING,234,0
2005,APRIL,KEWAUNEE,CASCO TOWN WARDS 1 & 2,SPRING GENERAL,JUSTICE OF THE SUPREME COURT,NONPARTISAN,ANN W. BRADLEY,153,153
2005,APRIL,KEWAUNEE,CASCO TOWN WARDS 1 & 2,SPRING GENERAL,JUSTICE OF THE SUPREME COURT,NONPARTISAN,SCATTERING,153,0
2005,APRIL,KEWAUNEE,FRANKLIN TOWN WARD 1,SPRING GENERAL,JUSTICE OF THE SUPREME COURT,NONPARTISAN,ANN W. BRADLEY,164,164
2005,APRIL,KEWAUNEE,FRANKLIN TOWN WARD 1,SPRING GENERAL,JUSTICE OF THE SUPREME COURT,NONPARTISAN,SCATTERING,164,0
2005,APRIL,KEWAUNEE,LINCOLN TOWN WARD 1,SPRING GENERAL,JUSTICE OF THE SUPREME COURT,NONPARTISAN,ANN W. BRADLEY,80,80
2005,APRIL,KEWAUNEE,LINCOLN TOWN WARD 1,SPRING GENERAL,JUSTICE OF THE SUPREME COURT,NONPARTISAN,SCATTERING,80,0
2005,APRIL,KEWAUNEE,LUXEMBURG TOWN WARDS 1 & 2,SPRING GENERAL,JUSTICE OF THE SUPREME COURT,NONPARTISAN,ANN W. BRADLEY,204,204
2005,APRIL,KEWAUNEE,LUXEMBURG TOWN WARDS 1 & 2,SPRING GENERAL,JUSTICE OF THE SUPREME COURT,NONPARTISAN,SCATTERING,204,0
2005,APRIL,KEWAUNEE,MONTPELIER TOWN WARDS 1 - 3,SPRING GENERAL,JUSTICE OF THE SUPREME COURT,NONPARTISAN,ANN W. BRADLEY,183,183
2005,APRIL,KEWAUNEE,MONTPELIER TOWN WARDS 1 - 3,SPRING GENERAL,JUSTICE OF THE SUPREME COURT,NONPARTISAN,SCATTERING,183,0
2005,APRIL,KEWAUNEE,PIERCE TOWN WARDS 1 & 2,SPRING GENERAL,JUSTICE OF THE SUPREME COURT,NONPARTISAN,ANN W. BRADLEY,120,120
2005,APRIL,KEWAUNEE,PIERCE TOWN WARDS 1 & 2,SPRING GENERAL,JUSTICE OF THE SUPREME COURT,NONPARTISAN,SCATTERING,120,0
2005,APRIL,KEWAUNEE,RED RIVER TOWN WARDS 1 - 3,SPRING GENERAL,JUSTICE OF THE SUPREME COURT,NONPARTISAN,ANN W. BRADLEY,147,147
2005,APRIL,KEWAUNEE,RED RIVER TOWN WARDS 1 - 3,SPRING GENERAL,JUSTICE OF THE SUPREME COURT,NONPARTISAN,SCATTERING,147,0
2005,APRIL,KEWAUNEE,WEST KEWAUNEE TOWN WARDS 1 - 3,SPRING GENERAL,JUSTICE OF THE SUPREME COURT,NONPARTISAN,ANN W. BRADLEY,207,204
2005,APRIL,KEWAUNEE,WEST KEWAUNEE TOWN WARDS 1 - 3,SPRING GENERAL,JUSTICE OF THE SUPREME COURT,NONPARTISAN,SCATTERING,207,3
2005,APRIL,KEWAUNEE,CASCO VILLAGE WARD 1,SPRING GENERAL,JUSTICE OF THE SUPREME COURT,NONPARTISAN,ANN W. BRADLEY,95,95
2005,APRIL,KEWAUNEE,CASCO VILLAGE WARD 1,SPRING GENERAL,JUSTICE OF THE SUPREME COURT,NONPARTISAN,SCATTERING,95,0
2005,APRIL,KEWAUNEE,LUXEMBURG VILLAGE WARDS 1 & 2,SPRING GENERAL,JUSTICE OF THE SUPREME COURT,NONPARTISAN,ANN W. BRADLEY,292,292
2005,APRIL,KEWAUNEE,LUXEMBURG VILLAGE WARDS 1 & 2,SPRING GENERAL,JUSTICE OF THE SUPREME COURT,NONPARTISAN,SCATTERING,292,0
2005,APRIL,KEWAUNEE,ALGOMA CITY WARDS 1 - 7,SPRING GENERAL,JUSTICE OF THE SUPREME COURT,NONPARTISAN,ANN W. BRADLEY,192,192
2005,APRIL,KEWAUNEE,ALGOMA CITY WARDS 1 - 7,SPRING GENERAL,JUSTICE OF THE SUPREME COURT,NONPARTISAN,SCATTERING,192,0
2005,APRIL,KEWAUNEE,KEWAUNEE CITY WARDS 1 - 5,SPRING GENERAL,JUSTICE OF THE SUPREME COURT,NONPARTISAN,ANN W. BRADLEY,496,496
2005,APRIL,KEWAUNEE,KEWAUNEE CITY WARDS 1 - 5,SPRING GENERAL,JUSTICE OF THE SUPREME COURT,NONPARTISAN,SCATTERING,496,0
2005,APRIL,LACROSSE,BANGOR TOWN WARD 1,SPRING GENERAL,JUSTICE OF THE SUPREME COURT,NONPARTISAN,ANN W. BRADLEY,104,103
2005,APRIL,LACROSSE,BANGOR TOWN WARD 1,SPRING GENERAL,JUSTICE OF THE SUPREME COURT,NONPARTISAN,SCATTERING,104,1
2005,APRIL,LACROSSE,BARRE TOWN WARDS 1 & 2,SPRING GENERAL,JUSTICE OF THE SUPREME COURT,NONPARTISAN,ANN W. BRADLEY,294,291
2005,APRIL,LACROSSE,BARRE TOWN WARDS 1 & 2,SPRING GENERAL,JUSTICE OF THE SUPREME COURT,NONPARTISAN,SCATTERING,294,3
2005,APRIL,LACROSSE,BURNS TOWN WARD 1,SPRING GENERAL,JUSTICE OF THE SUPREME COURT,NONPARTISAN,ANN W. BRADLEY,340,336
2005,APRIL,LACROSSE,BURNS TOWN WARD 1,SPRING GENERAL,JUSTICE OF THE SUPREME COURT,NONPARTISAN,SCATTERING,340,4
2005,APRIL,LACROSSE,CAMPBELL TOWN WARDS 1 - 7,SPRING GENERAL,JUSTICE OF THE SUPREME COURT,NONPARTISAN,ANN W. BRADLEY,792,789
2005,APRIL,LACROSSE,CAMPBELL TOWN WARDS 1 - 7,SPRING GENERAL,JUSTICE OF THE SUPREME COURT,NONPARTISAN,SCATTERING,792,3
2005,APRIL,LACROSSE,FARMINGTON TOWN WARDS 1 - 3,SPRING GENERAL,JUSTICE OF THE SUPREME COURT,NONPARTISAN,ANN W. BRADLEY,201,201
2005,APRIL,LACROSSE,FARMINGTON TOWN WARDS 1 - 3,SPRING GENERAL,JUSTICE OF THE SUPREME COURT,NONPARTISAN,SCATTERING,201,0
2005,APRIL,LACROSSE,GREENFIELD TOWN WARDS 1 - 3,SPRING GENERAL,JUSTICE OF THE SUPREME COURT,NONPARTISAN,ANN W. BRADLEY,379,376
2005,APRIL,LACROSSE,GREENFIELD TOWN WARDS 1 - 3,SPRING GENERAL,JUSTICE OF THE SUPREME COURT,NONPARTISAN,SCATTERING,379,3
2005,APRIL,LACROSSE,HAMILTON TOWN WARDS 1 - 3,SPRING GENERAL,JUSTICE OF THE SUPREME COURT,NONPARTISAN,ANN W. BRADLEY,422,422
2005,APRIL,LACROSSE,HAMILTON TOWN WARDS 1 - 3,SPRING GENERAL,JUSTICE OF THE SUPREME COURT,NONPARTISAN,SCATTERING,422,0
2005,APRIL,LACROSSE,HOLLAND TOWN WARDS 1 - 4,SPRING GENERAL,JUSTICE OF THE SUPREME COURT,NONPARTISAN,ANN W. BRADLEY,247,244
2005,APRIL,LACROSSE,HOLLAND TOWN WARDS 1 - 4,SPRING GENERAL,JUSTICE OF THE SUPREME COURT,NONPARTISAN,SCATTERING,247,3
2005,APRIL,LACROSSE,MEDARY TOWN WARDS 1 & 2,SPRING GENERAL,JUSTICE OF THE SUPREME COURT,NONPARTISAN,ANN W. BRADLEY,171,169
2005,APRIL,LACROSSE,MEDARY TOWN WARDS 1 & 2,SPRING GENERAL,JUSTICE OF THE SUPREME COURT,NONPARTISAN,SCATTERING,171,2
2005,APRIL,LACROSSE,ONALASKA TOWN WARDS 1 - 7,SPRING GENERAL,JUSTICE OF THE SUPREME COURT,NONPARTISAN,ANN W. BRADLEY,849,849
2005,APRIL,LACROSSE,ONALASKA TOWN WARDS 1 - 7,SPRING GENERAL,JUSTICE OF THE SUPREME COURT,NONPARTISAN,SCATTERING,849,0
2005,APRIL,LACROSSE,SHELBY TOWN WARDS 1 - 6,SPRING GENERAL,JUSTICE OF THE SUPREME COURT,NONPARTISAN,ANN W. BRADLEY,722,720
2005,APRIL,LACROSSE,SHELBY TOWN WARDS 1 - 6,SPRING GENERAL,JUSTICE OF THE SUPREME COURT,NONPARTISAN,SCATTERING,722,2
2005,APRIL,LACROSSE,WASHINGTON TOWN WARD 1,SPRING GENERAL,JUSTICE OF THE SUPREME COURT,NONPARTISAN,ANN W. BRADLEY,102,102
2005,APRIL,LACROSSE,WASHINGTON TOWN WARD 1,SPRING GENERAL,JUSTICE OF THE SUPREME COURT,NONPARTISAN,SCATTERING,102,0
2005,APRIL,LACROSSE,BANGOR VILLAGE WARDS 1 & 2,SPRING GENERAL,JUSTICE OF THE SUPREME COURT,NONPARTISAN,ANN W. BRADLEY,127,127
2005,APRIL,LACROSSE,BANGOR VILLAGE WARDS 1 & 2,SPRING GENERAL,JUSTICE OF THE SUPREME COURT,NONPARTISAN,SCATTERING,127,0
2005,APRIL,LACROSSE,HOLMEN VILLAGE WARDS 1 - 10,SPRING GENERAL,JUSTICE OF THE SUPREME COURT,NONPARTISAN,ANN W. BRADLEY,411,411
2005,APRIL,LACROSSE,HOLMEN VILLAGE WARDS 1 - 10,SPRING GENERAL,JUSTICE OF THE SUPREME COURT,NONPARTISAN,SCATTERING,411,0
2005,APRIL,LACROSSE,ROCKLAND VILLAGE WARD 1,SPRING GENERAL,JUSTICE OF THE SUPREME COURT,NONPARTISAN,ANN W. BRADLEY,48,47
2005,APRIL,LACROSSE,ROCKLAND VILLAGE WARD 1,SPRING GENERAL,JUSTICE OF THE SUPREME COURT,NONPARTISAN,SCATTERING,48,1
2005,APRIL,LACROSSE,WEST SALEM VILLAGE WARDS 1 - 6,SPRING GENERAL,JUSTICE OF THE SUPREME COURT,NONPARTISAN,ANN W. BRADLEY,622,622
2005,APRIL,LACROSSE,WEST SALEM VILLAGE WARDS 1 - 6,SPRING GENERAL,JUSTICE OF THE SUPREME COURT,NONPARTISAN,SCATTERING,622,0
2005,APRIL,LACROSSE,LA CROSSE CITY WARD 1,SPRING GENERAL,JUSTICE OF THE SUPREME COURT,NONPARTISAN,ANN W. BRADLEY,588,583
2005,APRIL,LACROSSE,LA CROSSE CITY WARD 1,SPRING GENERAL,JUSTICE OF THE SUPREME COURT,NONPARTISAN,SCATTERING,588,5
2005,APRIL,LACROSSE,LA CROSSE CITY WARDS 2 & 20,SPRING GENERAL,JUSTICE OF THE SUPREME COURT,NONPARTISAN,ANN W. BRADLEY,429,427
2005,APRIL,LACROSSE,LA CROSSE CITY WARDS 2 & 20,SPRING GENERAL,JUSTICE OF THE SUPREME COURT,NONPARTISAN,SCATTERING,429,2
2005,APRIL,LACROSSE,LA CROSSE CITY WARDS 3 & 18,SPRING GENERAL,JUSTICE OF THE SUPREME COURT,NONPARTISAN,ANN W. BRADLEY,346,344
2005,APRIL,LACROSSE,LA CROSSE CITY WARDS 3 & 18,SPRING GENERAL,JUSTICE OF THE SUPREME COURT,NONPARTISAN,SCATTERING,346,2
2005,APRIL,LACROSSE,LA CROSSE CITY WARD 4,SPRING GENERAL,JUSTICE OF THE SUPREME COURT,NONPARTISAN,ANN W. BRADLEY,282,280
2005,APRIL,LACROSSE,LA CROSSE CITY WARD 4,SPRING GENERAL,JUSTICE OF THE SUPREME COURT,NONPARTISAN,SCATTERING,282,2
2005,APRIL,LACROSSE,LA CROSSE CITY WARD 5,SPRING GENERAL,JUSTICE OF THE SUPREME COURT,NONPARTISAN,ANN W. BRADLEY,142,141
2005,APRIL,LACROSSE,LA CROSSE CITY WARD 5,SPRING GENERAL,JUSTICE OF THE SUPREME COURT,NONPARTISAN,SCATTERING,142,1
2005,APRIL,LACROSSE,LA CROSSE CITY WARD 6,SPRING GENERAL,JUSTICE OF THE SUPREME COURT,NONPARTISAN,ANN W. BRADLEY,250,247
2005,APRIL,LACROSSE,LA CROSSE CITY WARD 6,SPRING GENERAL,JUSTICE OF THE SUPREME COURT,NONPARTISAN,SCATTERING,250,3
2005,APRIL,LACROSSE,LA CROSSE CITY WARD 7,SPRING GENERAL,JUSTICE OF THE SUPREME COURT,NONPARTISAN,ANN W. BRADLEY,297,294
2005,APRIL,LACROSSE,LA CROSSE CITY WARD 7,SPRING GENERAL,JUSTICE OF THE SUPREME COURT,NONPARTISAN,SCATTERING,297,3
2005,APRIL,LACROSSE,LA CROSSE CITY WARDS 8 & 21,SPRING GENERAL,JUSTICE OF THE SUPREME COURT,NONPARTISAN,ANN W. BRADLEY,784,781
2005,APRIL,LACROSSE,LA CROSSE CITY WARDS 8 & 21,SPRING GENERAL,JUSTICE OF THE SUPREME COURT,NONPARTISAN,SCATTERING,784,3
2005,APRIL,LACROSSE,LA CROSSE CITY WARD 9,SPRING GENERAL,JUSTICE OF THE SUPREME COURT,NONPARTISAN,ANN W. BRADLEY,728,724
2005,APRIL,LACROSSE,LA CROSSE CITY WARD 9,SPRING GENERAL,JUSTICE OF THE SUPREME COURT,NONPARTISAN,SCATTERING,728,4
2005,APRIL,LACROSSE,LA CROSSE CITY WARD 10,SPRING GENERAL,JUSTICE OF THE SUPREME COURT,NONPARTISAN,ANN W. BRADLEY,563,559
2005,APRIL,LACROSSE,LA CROSSE CITY WARD 10,SPRING GENERAL,JUSTICE OF THE SUPREME COURT,NONPARTISAN,SCATTERING,563,4
2005,APRIL,LACROSSE,LA CROSSE CITY WARD 11,SPRING GENERAL,JUSTICE OF THE SUPREME COURT,NONPARTISAN,ANN W. BRADLEY,224,223
2005,APRIL,LACROSSE,LA CROSSE CITY WARD 11,SPRING GENERAL,JUSTICE OF THE SUPREME COURT,NONPARTISAN,SCATTERING,224,1
2005,APRIL,LACROSSE,LA CROSSE CITY WARD 12,SPRING GENERAL,JUSTICE OF THE SUPREME COURT,NONPARTISAN,ANN W. BRADLEY,378,374
2005,APRIL,LACROSSE,LA CROSSE CITY WARD 12,SPRING GENERAL,JUSTICE OF THE SUPREME COURT,NONPARTISAN,SCATTERING,378,4
2005,APRIL,LACROSSE,LA CROSSE CITY WARD 13,SPRING GENERAL,JUSTICE OF THE SUPREME COURT,NONPARTISAN,ANN W. BRADLEY,294,292
2005,APRIL,LACROSSE,LA CROSSE CITY WARD 13,SPRING GENERAL,JUSTICE OF THE SUPREME COURT,NONPARTISAN,SCATTERING,294,2
2005,APRIL,LACROSSE,LA CROSSE CITY WARD 14,SPRING GENERAL,JUSTICE OF THE SUPREME COURT,NONPARTISAN,ANN W. BRADLEY,669,668
2005,APRIL,LACROSSE,LA CROSSE CITY WARD 14,SPRING GENERAL,JUSTICE OF THE SUPREME COURT,NONPARTISAN,SCATTERING,669,1
2005,APRIL,LACROSSE,LA CROSSE CITY WARD 15,SPRING GENERAL,JUSTICE OF THE SUPREME COURT,NONPARTISAN,ANN W. BRADLEY,609,606
2005,APRIL,LACROSSE,LA CROSSE CITY WARD 15,SPRING GENERAL,JUSTICE OF THE SUPREME COURT,NONPARTISAN,SCATTERING,609,3
2005,APRIL,LACROSSE,LA CROSSE CITY WARD 16,SPRING GENERAL,JUSTICE OF THE SUPREME COURT,NONPARTISAN,ANN W. BRADLEY,552,548
2005,APRIL,LACROSSE,LA CROSSE CITY WARD 16,SPRING GENERAL,JUSTICE OF THE SUPREME COURT,NONPARTISAN,SCATTERING,552,4
2005,APRIL,LACROSSE,LA CROSSE CITY WARDS 17 & 19,SPRING GENERAL,JUSTICE OF THE SUPREME COURT,NONPARTISAN,ANN W. BRADLEY,615,615
2005,APRIL,LACROSSE,LA CROSSE CITY WARDS 17 & 19,SPRING GENERAL,JUSTICE OF THE SUPREME COURT,NONPARTISAN,SCATTERING,615,0
2005,APRIL,LACROSSE,ONALASKA CITY WARDS 1 - 4,SPRING GENERAL,JUSTICE OF THE SUPREME COURT,NONPARTISAN,ANN W. BRADLEY,276,275
2005,APRIL,LACROSSE,ONALASKA CITY WARDS 1 - 4,SPRING GENERAL,JUSTICE OF THE SUPREME COURT,NONPARTISAN,SCATTERING,276,1
2005,APRIL,LACROSSE,ONALASKA CITY WARDS 5 - 8 & 13,SPRING GENERAL,JUSTICE OF THE SUPREME COURT,NONPARTISAN,ANN W. BRADLEY,321,321
2005,APRIL,LACROSSE,ONALASKA CITY WARDS 5 - 8 & 13,SPRING GENERAL,JUSTICE OF THE SUPREME COURT,NONPARTISAN,SCATTERING,321,0
2005,APRIL,LACROSSE,ONALASKA CITY WARDS 9 - 12,SPRING GENERAL,JUSTICE OF THE SUPREME COURT,NONPARTISAN,ANN W. BRADLEY,248,246
2005,APRIL,LACROSSE,ONALASKA CITY WARDS 9 - 12,SPRING GENERAL,JUSTICE OF THE SUPREME COURT,NONPARTISAN,SCATTERING,248,2
2005,APRIL,LAFAYETTE,ARGYLE TOWN WARDS 1 & 2,SPRING GENERAL,JUSTICE OF THE SUPREME COURT,NONPARTISAN,ANN W. BRADLEY,60,60
2005,APRIL,LAFAYETTE,ARGYLE TOWN WARDS 1 & 2,SPRING GENERAL,JUSTICE OF THE SUPREME COURT,NONPARTISAN,SCATTERING,60,0
2005,APRIL,LAFAYETTE,BELMONT TOWN WARDS 1 & 2,SPRING GENERAL,JUSTICE OF THE SUPREME COURT,NONPARTISAN,ANN W. BRADLEY,30,30
2005,APRIL,LAFAYETTE,BELMONT TOWN WARDS 1 & 2,SPRING GENERAL,JUSTICE OF THE SUPREME COURT,NONPARTISAN,SCATTERING,30,0
2005,APRIL,LAFAYETTE,BENTON TOWN WARDS 1 & 2,SPRING GENERAL,JUSTICE OF THE SUPREME COURT,NONPARTISAN,ANN W. BRADLEY,69,69
2005,APRIL,LAFAYETTE,BENTON TOWN WARDS 1 & 2,SPRING GENERAL,JUSTICE OF THE SUPREME COURT,NONPARTISAN,SCATTERING,69,0
2005,APRIL,LAFAYETTE,BLANCHARD TOWN WARD 1,SPRING GENERAL,JUSTICE OF THE SUPREME COURT,NONPARTISAN,ANN W. BRADLEY,40,40
2005,APRIL,LAFAYETTE,BLANCHARD TOWN WARD 1,SPRING GENERAL,JUSTICE OF THE SUPREME COURT,NONPARTISAN,SCATTERING,40,0
2005,APRIL,LAFAYETTE,DARLINGTON TOWN WARDS 1 & 2,SPRING GENERAL,JUSTICE OF THE SUPREME COURT,NONPARTISAN,ANN W. BRADLEY,75,75
2005,APRIL,LAFAYETTE,DARLINGTON TOWN WARDS 1 & 2,SPRING GENERAL,JUSTICE OF THE SUPREME COURT,NONPARTISAN,SCATTERING,75,0
2005,APRIL,LAFAYETTE,ELK GROVE TOWN WARD 1,SPRING GENERAL,JUSTICE OF THE SUPREME COURT,NONPARTISAN,ANN W. BRADLEY,50,50
2005,APRIL,LAFAYETTE,ELK GROVE TOWN WARD 1,SPRING GENERAL,JUSTICE OF THE SUPREME COURT,NONPARTISAN,SCATTERING,50,0
2005,APRIL,LAFAYETTE,FAYETTE TOWN WARD 1,SPRING GENERAL,JUSTICE OF THE SUPREME COURT,NONPARTISAN,ANN W. BRADLEY,59,59
2005,APRIL,LAFAYETTE,FAYETTE TOWN WARD 1,SPRING GENERAL,JUSTICE OF THE SUPREME COURT,NONPARTISAN,SCATTERING,59,0
2005,APRIL,LAFAYETTE,GRATIOT TOWN WARD 1,SPRING GENERAL,JUSTICE OF THE SUPREME COURT,NONPARTISAN,ANN W. BRADLEY,129,129
2005,APRIL,LAFAYETTE,GRATIOT TOWN WARD 1,SPRING GENERAL,JUSTICE OF THE SUPREME COURT,NONPARTISAN,SCATTERING,129,0
2005,APRIL,LAFAYETTE,KENDALL TOWN WARD 1,SPRING GENERAL,JUSTICE OF THE SUPREME COURT,NONPARTISAN,ANN W. BRADLEY,106,106
2005,APRIL,LAFAYETTE,KENDALL TOWN WARD 1,SPRING GENERAL,JUSTICE OF THE SUPREME COURT,NONPARTISAN,SCATTERING,106,0
2005,APRIL,LAFAYETTE,LAMONT TOWN WARD 1,SPRING GENERAL,JUSTICE OF THE SUPREME COURT,NONPARTISAN,ANN W. BRADLEY,64,64
2005,APRIL,LAFAYETTE,LAMONT TOWN WARD 1,SPRING GENERAL,JUSTICE OF THE SUPREME COURT,NONPARTISAN,SCATTERING,64,0
2005,APRIL,LAFAYETTE,MONTICELLO TOWN WARD 1,SPRING GENERAL,JUSTICE OF THE SUPREME COURT,NONPARTISAN,ANN W. BRADLEY,23,23
2005,APRIL,LAFAYETTE,MONTICELLO TOWN WARD 1,SPRING GENERAL,JUSTICE OF THE SUPREME COURT,NONPARTISAN,SCATTERING,23,0
2005,APRIL,LAFAYETTE,NEW DIGGINGS TOWN WARD 1,SPRING GENERAL,JUSTICE OF THE SUPREME COURT,NONPARTISAN,ANN W. BRADLEY,56,56
2005,APRIL,LAFAYETTE,NEW DIGGINGS TOWN WARD 1,SPRING GENERAL,JUSTICE OF THE SUPREME COURT,NONPARTISAN,SCATTERING,56,0
2005,APRIL,LAFAYETTE,SEYMOUR TOWN WARD 1,SPRING GENERAL,JUSTICE OF THE SUPREME COURT,NONPARTISAN,ANN W. BRADLEY,22,22
2005,APRIL,LAFAYETTE,SEYMOUR TOWN WARD 1,SPRING GENERAL,JUSTICE OF THE SUPREME COURT,NONPARTISAN,SCATTERING,22,0
2005,APRIL,LAFAYETTE,SHULLSBURG TOWN WARD 1,SPRING GENERAL,JUSTICE OF THE SUPREME COURT,NONPARTISAN,ANN W. BRADLEY,56,56
2005,APRIL,LAFAYETTE,SHULLSBURG TOWN WARD 1,SPRING GENERAL,JUSTICE OF THE SUPREME COURT,NONPARTISAN,SCATTERING,56,0
2005,APRIL,LAFAYETTE,WAYNE TOWN WARD 1,SPRING GENERAL,JUSTICE OF THE SUPREME COURT,NONPARTISAN,ANN W. BRADLEY,152,152
2005,APRIL,LAFAYETTE,WAYNE TOWN WARD 1,SPRING GENERAL,JUSTICE OF THE SUPREME COURT,NONPARTISAN,SCATTERING,152,0
2005,APRIL,LAFAYETTE,WHITE OAK SPRINGS TOWN WARD 1,SPRING GENERAL,JUSTICE OF THE SUPREME COURT,NONPARTISAN,ANN W. BRADLEY,15,15
2005,APRIL,LAFAYETTE,WHITE OAK SPRINGS TOWN WARD 1,SPRING GENERAL,JUSTICE OF THE SUPREME COURT,NONPARTISAN,SCATTERING,15,0
2005,APRIL,LAFAYETTE,WILLOW SPRINGS TOWN WARD 1,SPRING GENERAL,JUSTICE OF THE SUPREME COURT,NONPARTISAN,ANN W. BRADLEY,55,55
2005,APRIL,LAFAYETTE,WILLOW SPRINGS TOWN WARD 1,SPRING GENERAL,JUSTICE OF THE SUPREME COURT,NONPARTISAN,SCATTERING,55,0
2005,APRIL,LAFAYETTE,WIOTA TOWN WARD 1,SPRING GENERAL,JUSTICE OF THE SUPREME COURT,NONPARTISAN,ANN W. BRADLEY,250,249
2005,APRIL,LAFAYETTE,WIOTA TOWN WARD 1,SPRING GENERAL,JUSTICE OF THE SUPREME COURT,NONPARTISAN,SCATTERING,250,1
2005,APRIL,LAFAYETTE,ARGYLE VILLAGE WARD 1,SPRING GENERAL,JUSTICE OF THE SUPREME COURT,NONPARTISAN,ANN W. BRADLEY,151,151
2005,APRIL,LAFAYETTE,ARGYLE VILLAGE WARD 1,SPRING GENERAL,JUSTICE OF THE SUPREME COURT,NONPARTISAN,SCATTERING,151,0
2005,APRIL,LAFAYETTE,BELMONT VILLAGE WARD 1,SPRING GENERAL,JUSTICE OF THE SUPREME COURT,NONPARTISAN,ANN W. BRADLEY,86,86
2005,APRIL,LAFAYETTE,BELMONT VILLAGE WARD 1,SPRING GENERAL,JUSTICE OF THE SUPREME COURT,NONPARTISAN,SCATTERING,86,0
2005,APRIL,LAFAYETTE,BENTON VILLAGE WARD 1,SPRING GENERAL,JUSTICE OF THE SUPREME COURT,NONPARTISAN,ANN W. BRADLEY,124,124
2005,APRIL,LAFAYETTE,BENTON VILLAGE WARD 1,SPRING GENERAL,JUSTICE OF THE SUPREME COURT,NONPARTISAN,SCATTERING,124,0
2005,APRIL,LAFAYETTE,BLANCHARDVILLE VILLAGE WARD 1,SPRING GENERAL,JUSTICE OF THE SUPREME COURT,NONPARTISAN,ANN W. BRADLEY,172,172
2005,APRIL,LAFAYETTE,BLANCHARDVILLE VILLAGE WARD 1,SPRING GENERAL,JUSTICE OF THE SUPREME COURT,NONPARTISAN,SCATTERING,172,0
2005,APRIL,LAFAYETTE,GRATIOT VILLAGE WARD 1,SPRING GENERAL,JUSTICE OF THE SUPREME COURT,NONPARTISAN,ANN W. BRADLEY,47,47
2005,APRIL,LAFAYETTE,GRATIOT VILLAGE WARD 1,SPRING GENERAL,JUSTICE OF THE SUPREME COURT,NONPARTISAN,SCATTERING,47,0
2005,APRIL,LAFAYETTE,HAZEL GREEN VILLAGE WARD 3,SPRING GENERAL,JUSTICE OF THE SUPREME COURT,NONPARTISAN,ANN W. BRADLEY,8,8
2005,APRIL,LAFAYETTE,HAZEL GREEN VILLAGE WARD 3,SPRING GENERAL,JUSTICE OF THE SUPREME COURT,NONPARTISAN,SCATTERING,8,0
2005,APRIL,LAFAYETTE,SOUTH WAYNE VILLAGE WARD 1,SPRING GENERAL,JUSTICE OF THE SUPREME COURT,NONPARTISAN,ANN W. BRADLEY,47,47
2005,APRIL,LAFAYETTE,SOUTH WAYNE VILLAGE WARD 1,SPRING GENERAL,JUSTICE OF THE SUPREME COURT,NONPARTISAN,SCATTERING,47,0
2005,APRIL,LAFAYETTE,CUBA CITY CITY WARD 6,SPRING GENERAL,JUSTICE OF THE SUPREME COURT,NONPARTISAN,ANN W. BRADLEY,37,37
2005,APRIL,LAFAYETTE,CUBA CITY CITY WARD 6,SPRING GENERAL,JUSTICE OF THE SUPREME COURT,NONPARTISAN,SCATTERING,37,0
2005,APRIL,LAFAYETTE,CUBA CITY CITY WARD 7,SPRING GENERAL,JUSTICE OF THE SUPREME COURT,NONPARTISAN,ANN W. BRADLEY,28,28
2005,APRIL,LAFAYETTE,CUBA CITY CITY WARD 7,SPRING GENERAL,JUSTICE OF THE SUPREME COURT,NONPARTISAN,SCATTERING,28,0
2005,APRIL,LAFAYETTE,DARLINGTON CITY WARDS 1 - 6,SPRING GENERAL,JUSTICE OF THE SUPREME COURT,NONPARTISAN,ANN W. BRADLEY,201,199
2005,APRIL,LAFAYETTE,DARLINGTON CITY WARDS 1 - 6,SPRING GENERAL,JUSTICE OF THE SUPREME COURT,NONPARTISAN,SCATTERING,201,2
2005,APRIL,LAFAYETTE,SHULLSBURG CITY WARDS 1 & 3,SPRING GENERAL,JUSTICE OF THE SUPREME COURT,NONPARTISAN,ANN W. BRADLEY,71,71
2005,APRIL,LAFAYETTE,SHULLSBURG CITY WARDS 1 & 3,SPRING GENERAL,JUSTICE OF THE SUPREME COURT,NONPARTISAN,SCATTERING,71,0
2005,APRIL,LAFAYETTE,SHULLSBURG CITY WARD 2,SPRING GENERAL,JUSTICE OF THE SUPREME COURT,NONPARTISAN,ANN W. BRADLEY,65,65
2005,APRIL,LAFAYETTE,SHULLSBURG CITY WARD 2,SPRING GENERAL,JUSTICE OF THE SUPREME COURT,NONPARTISAN,SCATTERING,65,0
2005,APRIL,LANGLADE,ACKLEY TOWN WARD 1,SPRING GENERAL,JUSTICE OF THE SUPREME COURT,NONPARTISAN,ANN W. BRADLEY,85,85
2005,APRIL,LANGLADE,ACKLEY TOWN WARD 1,SPRING GENERAL,JUSTICE OF THE SUPREME COURT,NONPARTISAN,SCATTERING,85,0
2005,APRIL,LANGLADE,AINSWORTH TOWN WARD 1,SPRING GENERAL,JUSTICE OF THE SUPREME COURT,NONPARTISAN,ANN W. BRADLEY,128,128
2005,APRIL,LANGLADE,AINSWORTH TOWN WARD 1,SPRING GENERAL,JUSTICE OF THE SUPREME COURT,NONPARTISAN,SCATTERING,128,0
2005,APRIL,LANGLADE,ANTIGO TOWN WARDS 1 & 2,SPRING GENERAL,JUSTICE OF THE SUPREME COURT,NONPARTISAN,ANN W. BRADLEY,328,328
2005,APRIL,LANGLADE,ANTIGO TOWN WARDS 1 & 2,SPRING GENERAL,JUSTICE OF THE SUPREME COURT,NONPARTISAN,SCATTERING,328,0
2005,APRIL,LANGLADE,ELCHO TOWN WARDS 1 - 3,SPRING GENERAL,JUSTICE OF THE SUPREME COURT,NONPARTISAN,ANN W. BRADLEY,429,429
2005,APRIL,LANGLADE,ELCHO TOWN WARDS 1 - 3,SPRING GENERAL,JUSTICE OF THE SUPREME COURT,NONPARTISAN,SCATTERING,429,0
2005,APRIL,LANGLADE,EVERGREEN TOWN WARD 1,SPRING GENERAL,JUSTICE OF THE SUPREME COURT,NONPARTISAN,ANN W. BRADLEY,102,102
2005,APRIL,LANGLADE,EVERGREEN TOWN WARD 1,SPRING GENERAL,JUSTICE OF THE SUPREME COURT,NONPARTISAN,SCATTERING,102,0
2005,APRIL,LANGLADE,LANGLADE TOWN WARDS 1 & 2,SPRING GENERAL,JUSTICE OF THE SUPREME COURT,NONPARTISAN,ANN W. BRADLEY,150,150
2005,APRIL,LANGLADE,LANGLADE TOWN WARDS 1 & 2,SPRING GENERAL,JUSTICE OF THE SUPREME COURT,NONPARTISAN,SCATTERING,150,0
2005,APRIL,LANGLADE,NEVA TOWN WARD 1,SPRING GENERAL,JUSTICE OF THE SUPREME COURT,NONPARTISAN,ANN W. BRADLEY,148,148
2005,APRIL,LANGLADE,NEVA TOWN WARD 1,SPRING GENERAL,JUSTICE OF THE SUPREME COURT,NONPARTISAN,SCATTERING,148,0
2005,APRIL,LANGLADE,NORWOOD TOWN WARDS 1 & 2,SPRING GENERAL,JUSTICE OF THE SUPREME COURT,NONPARTISAN,ANN W. BRADLEY,161,161
2005,APRIL,LANGLADE,NORWOOD TOWN WARDS 1 & 2,SPRING GENERAL,JUSTICE OF THE SUPREME COURT,NONPARTISAN,SCATTERING,161,0
2005,APRIL,LANGLADE,PARRISH TOWN WARD 1,SPRING GENERAL,JUSTICE OF THE SUPREME COURT,NONPARTISAN,ANN W. BRADLEY,34,34
2005,APRIL,LANGLADE,PARRISH TOWN WARD 1,SPRING GENERAL,JUSTICE OF THE SUPREME COURT,NONPARTISAN,SCATTERING,34,0
2005,APRIL,LANGLADE,PECK TOWN WARD 1,SPRING GENERAL,JUSTICE OF THE SUPREME COURT,NONPARTISAN,ANN W. BRADLEY,84,84
2005,APRIL,LANGLADE,PECK TOWN WARD 1,SPRING GENERAL,JUSTICE OF THE SUPREME COURT,NONPARTISAN,SCATTERING,84,0
2005,APRIL,LANGLADE,POLAR TOWN WARDS 1 & 2,SPRING GENERAL,JUSTICE OF THE SUPREME COURT,NONPARTISAN,ANN W. BRADLEY,225,225
2005,APRIL,LANGLADE,POLAR TOWN WARDS 1 & 2,SPRING GENERAL,JUSTICE OF THE SUPREME COURT,NONPARTISAN,SCATTERING,225,0
2005,APRIL,LANGLADE,PRICE TOWN WARDS 1 & 2,SPRING GENERAL,JUSTICE OF THE SUPREME COURT,NONPARTISAN,ANN W. BRADLEY,49,49
2005,APRIL,LANGLADE,PRICE TOWN WARDS 1 & 2,SPRING GENERAL,JUSTICE OF THE SUPREME COURT,NONPARTISAN,SCATTERING,49,0
2005,APRIL,LANGLADE,ROLLING TOWN WARDS 1 & 2,SPRING GENERAL,JUSTICE OF THE SUPREME COURT,NONPARTISAN,ANN W. BRADLEY,226,226
2005,APRIL,LANGLADE,ROLLING TOWN WARDS 1 & 2,SPRING GENERAL,JUSTICE OF THE SUPREME COURT,NONPARTISAN,SCATTERING,226,0
2005,APRIL,LANGLADE,SUMMIT TOWN WARD 1,SPRING GENERAL,JUSTICE OF THE SUPREME COURT,NONPARTISAN,ANN W. BRADLEY,52,52
2005,APRIL,LANGLADE,SUMMIT TOWN WARD 1,SPRING GENERAL,JUSTICE OF THE SUPREME COURT,NONPARTISAN,SCATTERING,52,0
2005,APRIL,LANGLADE,UPHAM TOWN WARD 1,SPRING GENERAL,JUSTICE OF THE SUPREME COURT,NONPARTISAN,ANN W. BRADLEY,174,174
2005,APRIL,LANGLADE,UPHAM TOWN WARD 1,SPRING GENERAL,JUSTICE OF THE SUPREME COURT,NONPARTISAN,SCATTERING,174,0
2005,APRIL,LANGLADE,VILAS TOWN WARD 1,SPRING GENERAL,JUSTICE OF THE SUPREME COURT,NONPARTISAN,ANN W. BRADLEY,45,45
2005,APRIL,LANGLADE,VILAS TOWN WARD 1,SPRING GENERAL,JUSTICE OF THE SUPREME COURT,NONPARTISAN,SCATTERING,45,0
2005,APRIL,LANGLADE,WOLF RIVER TOWN WARDS 1 & 2,SPRING GENERAL,JUSTICE OF THE SUPREME COURT,NONPARTISAN,ANN W. BRADLEY,222,222
2005,APRIL,LANGLADE,WOLF RIVER TOWN WARDS 1 & 2,SPRING GENERAL,JUSTICE OF THE SUPREME COURT,NONPARTISAN,SCATTERING,222,0
2005,APRIL,LANGLADE,WHITE LAKE VILLAGE WARD 1,SPRING GENERAL,JUSTICE OF THE SUPREME COURT,NONPARTISAN,ANN W. BRADLEY,59,59
2005,APRIL,LANGLADE,WHITE LAKE VILLAGE WARD 1,SPRING GENERAL,JUSTICE OF THE SUPREME COURT,NONPARTISAN,SCATTERING,59,0
2005,APRIL,LANGLADE,ANTIGO CITY WARD 1,SPRING GENERAL,JUSTICE OF THE SUPREME COURT,NONPARTISAN,ANN W. BRADLEY,193,190
2005,APRIL,LANGLADE,ANTIGO CITY WARD 1,SPRING GENERAL,JUSTICE OF THE SUPREME COURT,NONPARTISAN,SCATTERING,193,3
2005,APRIL,LANGLADE,ANTIGO CITY WARD 2,SPRING GENERAL,JUSTICE OF THE SUPREME COURT,NONPARTISAN,ANN W. BRADLEY,166,164
2005,APRIL,LANGLADE,ANTIGO CITY WARD 2,SPRING GENERAL,JUSTICE OF THE SUPREME COURT,NONPARTISAN,SCATTERING,166,2
2005,APRIL,LANGLADE,ANTIGO CITY WARD 3,SPRING GENERAL,JUSTICE OF THE SUPREME COURT,NONPARTISAN,ANN W. BRADLEY,194,193
2005,APRIL,LANGLADE,ANTIGO CITY WARD 3,SPRING GENERAL,JUSTICE OF THE SUPREME COURT,NONPARTISAN,SCATTERING,194,1
2005,APRIL,LANGLADE,ANTIGO CITY WARD 4,SPRING GENERAL,JUSTICE OF THE SUPREME COURT,NONPARTISAN,ANN W. BRADLEY,175,174
2005,APRIL,LANGLADE,ANTIGO CITY WARD 4,SPRING GENERAL,JUSTICE OF THE SUPREME COURT,NONPARTISAN,SCATTERING,175,1
2005,APRIL,LANGLADE,ANTIGO CITY WARD 5,SPRING GENERAL,JUSTICE OF THE SUPREME COURT,NONPARTISAN,ANN W. BRADLEY,144,143
2005,APRIL,LANGLADE,ANTIGO CITY WARD 5,SPRING GENERAL,JUSTICE OF THE SUPREME COURT,NONPARTISAN,SCATTERING,144,1
2005,APRIL,LANGLADE,ANTIGO CITY WARD 6,SPRING GENERAL,JUSTICE OF THE SUPREME COURT,NONPARTISAN,ANN W. BRADLEY,156,154
2005,APRIL,LANGLADE,ANTIGO CITY WARD 6,SPRING GENERAL,JUSTICE OF THE SUPREME COURT,NONPARTISAN,SCATTERING,156,2
2005,APRIL,LANGLADE,ANTIGO CITY WARD 7,SPRING GENERAL,JUSTICE OF THE SUPREME COURT,NONPARTISAN,ANN W. BRADLEY,258,254
2005,APRIL,LANGLADE,ANTIGO CITY WARD 7,SPRING GENERAL,JUSTICE OF THE SUPREME COURT,NONPARTISAN,SCATTERING,258,4
2005,APRIL,LANGLADE,ANTIGO CITY WARD 8,SPRING GENERAL,JUSTICE OF THE SUPREME COURT,NONPARTISAN,ANN W. BRADLEY,185,185
2005,APRIL,LANGLADE,ANTIGO CITY WARD 8,SPRING GENERAL,JUSTICE OF THE SUPREME COURT,NONPARTISAN,SCATTERING,185,0
2005,APRIL,LANGLADE,ANTIGO CITY WARD 9,SPRING GENERAL,JUSTICE OF THE SUPREME COURT,NONPARTISAN,ANN W. BRADLEY,220,220
2005,APRIL,LANGLADE,ANTIGO CITY WARD 9,SPRING GENERAL,JUSTICE OF THE SUPREME COURT,NONPARTISAN,SCATTERING,220,0
2005,APRIL,LINCOLN,BIRCH TOWN WARDS 1 & 2,SPRING GENERAL,JUSTICE OF THE SUPREME COURT,NONPARTISAN,ANN W. BRADLEY,33,33
2005,APRIL,LINCOLN,BIRCH TOWN WARDS 1 & 2,SPRING GENERAL,JUSTICE OF THE SUPREME COURT,NONPARTISAN,SCATTERING,33,0
2005,APRIL,LINCOLN,BRADLEY TOWN WARDS 1 - 4,SPRING GENERAL,JUSTICE OF THE SUPREME COURT,NONPARTISAN,ANN W. BRADLEY,131,131
2005,APRIL,LINCOLN,BRADLEY TOWN WARDS 1 - 4,SPRING GENERAL,JUSTICE OF THE SUPREME COURT,NONPARTISAN,SCATTERING,131,0
2005,APRIL,LINCOLN,CORNING TOWN WARD 1,SPRING GENERAL,JUSTICE OF THE SUPREME COURT,NONPARTISAN,ANN W. BRADLEY,138,138
2005,APRIL,LINCOLN,CORNING TOWN WARD 1,SPRING GENERAL,JUSTICE OF THE SUPREME COURT,NONPARTISAN,SCATTERING,138,0
2005,APRIL,LINCOLN,HARDING TOWN WARD 1,SPRING GENERAL,JUSTICE OF THE SUPREME COURT,NONPARTISAN,ANN W. BRADLEY,39,39
2005,APRIL,LINCOLN,HARDING TOWN WARD 1,SPRING GENERAL,JUSTICE OF THE SUPREME COURT,NONPARTISAN,SCATTERING,39,0
2005,APRIL,LINCOLN,HARRISON TOWN WARDS 1 - 4,SPRING GENERAL,JUSTICE OF THE SUPREME COURT,NONPARTISAN,ANN W. BRADLEY,140,140
2005,APRIL,LINCOLN,HARRISON TOWN WARDS 1 - 4,SPRING GENERAL,JUSTICE OF THE SUPREME COURT,NONPARTISAN,SCATTERING,140,0
2005,APRIL,LINCOLN,KING TOWN WARD 1,SPRING GENERAL,JUSTICE OF THE SUPREME COURT,NONPARTISAN,ANN W. BRADLEY,114,114
2005,APRIL,LINCOLN,KING TOWN WARD 1,SPRING GENERAL,JUSTICE OF THE SUPREME COURT,NONPARTISAN,SCATTERING,114,0
2005,APRIL,LINCOLN,MERRILL TOWN WARDS 1 - 5,SPRING GENERAL,JUSTICE OF THE SUPREME COURT,NONPARTISAN,ANN W. BRADLEY,417,416
2005,APRIL,LINCOLN,MERRILL TOWN WARDS 1 - 5,SPRING GENERAL,JUSTICE OF THE SUPREME COURT,NONPARTISAN,SCATTERING,417,1
2005,APRIL,LINCOLN,PINE RIVER TOWN WARDS 1 - 3,SPRING GENERAL,JUSTICE OF THE SUPREME COURT,NONPARTISAN,ANN W. BRADLEY,415,415
2005,APRIL,LINCOLN,PINE RIVER TOWN WARDS 1 - 3,SPRING GENERAL,JUSTICE OF THE SUPREME COURT,NONPARTISAN,SCATTERING,415,0
2005,APRIL,LINCOLN,ROCK FALLS TOWN WARDS 1 & 2,SPRING GENERAL,JUSTICE OF THE SUPREME COURT,NONPARTISAN,ANN W. BRADLEY,120,119
2005,APRIL,LINCOLN,ROCK FALLS TOWN WARDS 1 & 2,SPRING GENERAL,JUSTICE OF THE SUPREME COURT,NONPARTISAN,SCATTERING,120,1
2005,APRIL,LINCOLN,RUSSELL TOWN WARD 1,SPRING GENERAL,JUSTICE OF THE SUPREME COURT,NONPARTISAN,ANN W. BRADLEY,54,54
2005,APRIL,LINCOLN,RUSSELL TOWN WARD 1,SPRING GENERAL,JUSTICE OF THE SUPREME COURT,NONPARTISAN,SCATTERING,54,0
2005,APRIL,LINCOLN,SCHLEY TOWN WARDS 1 & 2,SPRING GENERAL,JUSTICE OF THE SUPREME COURT,NONPARTISAN,ANN W. BRADLEY,130,130
2005,APRIL,LINCOLN,SCHLEY TOWN WARDS 1 & 2,SPRING GENERAL,JUSTICE OF THE SUPREME COURT,NONPARTISAN,SCATTERING,130,0
2005,APRIL,LINCOLN,SCOTT TOWN WARDS 1 & 2,SPRING GENERAL,JUSTICE OF THE SUPREME COURT,NONPARTISAN,ANN W. BRADLEY,79,79
2005,APRIL,LINCOLN,SCOTT TOWN WARDS 1 & 2,SPRING GENERAL,JUSTICE OF THE SUPREME COURT,NONPARTISAN,SCATTERING,79,0
2005,APRIL,LINCOLN,SKANAWAN TOWN WARD 1,SPRING GENERAL,JUSTICE OF THE SUPREME COURT,NONPARTISAN,ANN W. BRADLEY,105,105
2005,APRIL,LINCOLN,SKANAWAN TOWN WARD 1,SPRING GENERAL,JUSTICE OF THE SUPREME COURT,NONPARTISAN,SCATTERING,105,0
2005,APRIL,LINCOLN,SOMO TOWN WARD 1,SPRING GENERAL,JUSTICE OF THE SUPREME COURT,NONPARTISAN,ANN W. BRADLEY,18,18
2005,APRIL,LINCOLN,SOMO TOWN WARD 1,SPRING GENERAL,JUSTICE OF THE SUPREME COURT,NONPARTISAN,SCATTERING,18,0
2005,APRIL,LINCOLN,TOMAHAWK TOWN WARDS 1 & 2,SPRING GENERAL,JUSTICE OF THE SUPREME COURT,NONPARTISAN,ANN W. BRADLEY,29,29
2005,APRIL,LINCOLN,TOMAHAWK TOWN WARDS 1 & 2,SPRING GENERAL,JUSTICE OF THE SUPREME COURT,NONPARTISAN,SCATTERING,29,0
2005,APRIL,LINCOLN,WILSON TOWN WARD 1,SPRING GENERAL,JUSTICE OF THE SUPREME COURT,NONPARTISAN,ANN W. BRADLEY,82,81
2005,APRIL,LINCOLN,WILSON TOWN WARD 1,SPRING GENERAL,JUSTICE OF THE SUPREME COURT,NONPARTISAN,SCATTERING,82,1
2005,APRIL,LINCOLN,MERRILL CITY WARD 1,SPRING GENERAL,JUSTICE OF THE SUPREME COURT,NONPARTISAN,ANN W. BRADLEY,100,100
2005,APRIL,LINCOLN,MERRILL CITY WARD 1,SPRING GENERAL,JUSTICE OF THE SUPREME COURT,NONPARTISAN,SCATTERING,100,0
2005,APRIL,LINCOLN,MERRILL CITY WARD 2,SPRING GENERAL,JUSTICE OF THE SUPREME COURT,NONPARTISAN,ANN W. BRADLEY,81,81
2005,APRIL,LINCOLN,MERRILL CITY WARD 2,SPRING GENERAL,JUSTICE OF THE SUPREME COURT,NONPARTISAN,SCATTERING,81,0
2005,APRIL,LINCOLN,MERRILL CITY WARD 3,SPRING GENERAL,JUSTICE OF THE SUPREME COURT,NONPARTISAN,ANN W. BRADLEY,70,70
2005,APRIL,LINCOLN,MERRILL CITY WARD 3,SPRING GENERAL,JUSTICE OF THE SUPREME COURT,NONPARTISAN,SCATTERING,70,0
2005,APRIL,LINCOLN,MERRILL CITY WARD 4,SPRING GENERAL,JUSTICE OF THE SUPREME COURT,NONPARTISAN,ANN W. BRADLEY,70,70
2005,APRIL,LINCOLN,MERRILL CITY WARD 4,SPRING GENERAL,JUSTICE OF THE SUPREME COURT,NONPARTISAN,SCATTERING,70,0
2005,APRIL,LINCOLN,MERRILL CITY WARD 5,SPRING GENERAL,JUSTICE OF THE SUPREME COURT,NONPARTISAN,ANN W. BRADLEY,69,69
2005,APRIL,LINCOLN,MERRILL CITY WARD 5,SPRING GENERAL,JUSTICE OF THE SUPREME COURT,NONPARTISAN,SCATTERING,69,0
2005,APRIL,LINCOLN,MERRILL CITY WARD 6,SPRING GENERAL,JUSTICE OF THE SUPREME COURT,NONPARTISAN,ANN W. BRADLEY,86,86
2005,APRIL,LINCOLN,MERRILL CITY WARD 6,SPRING GENERAL,JUSTICE OF THE SUPREME COURT,NONPARTISAN,SCATTERING,86,0
2005,APRIL,LINCOLN,MERRILL CITY WARD 7,SPRING GENERAL,JUSTICE OF THE SUPREME COURT,NONPARTISAN,ANN W. BRADLEY,101,101
2005,APRIL,LINCOLN,MERRILL CITY WARD 7,SPRING GENERAL,JUSTICE OF THE SUPREME COURT,NONPARTISAN,SCATTERING,101,0
2005,APRIL,LINCOLN,MERRILL CITY WARD 8,SPRING GENERAL,JUSTICE OF THE SUPREME COURT,NONPARTISAN,ANN W. BRADLEY,66,66
2005,APRIL,LINCOLN,MERRILL CITY WARD 8,SPRING GENERAL,JUSTICE OF THE SUPREME COURT,NONPARTISAN,SCATTERING,66,0
2005,APRIL,LINCOLN,TOMAHAWK CITY WARDS 1 - 6,SPRING GENERAL,JUSTICE OF THE SUPREME COURT,NONPARTISAN,ANN W. BRADLEY,131,131
2005,APRIL,LINCOLN,TOMAHAWK CITY WARDS 1 - 6,SPRING GENERAL,JUSTICE OF THE SUPREME COURT,NONPARTISAN,SCATTERING,131,0
2005,APRIL,MANITOWOC,CATO TOWN WARDS 1 & 2,SPRING GENERAL,JUSTICE OF THE SUPREME COURT,NONPARTISAN,ANN W. BRADLEY,125,125
2005,APRIL,MANITOWOC,CATO TOWN WARDS 1 & 2,SPRING GENERAL,JUSTICE OF THE SUPREME COURT,NONPARTISAN,SCATTERING,125,0
2005,APRIL,MANITOWOC,CENTERVILLE TOWN WARD 1,SPRING GENERAL,JUSTICE OF THE SUPREME COURT,NONPARTISAN,ANN W. BRADLEY,164,164
2005,APRIL,MANITOWOC,CENTERVILLE TOWN WARD 1,SPRING GENERAL,JUSTICE OF THE SUPREME COURT,NONPARTISAN,SCATTERING,164,0
2005,APRIL,MANITOWOC,COOPERSTOWN TOWN WARDS 1 & 2,SPRING GENERAL,JUSTICE OF THE SUPREME COURT,NONPARTISAN,ANN W. BRADLEY,327,325
2005,APRIL,MANITOWOC,COOPERSTOWN TOWN WARDS 1 & 2,SPRING GENERAL,JUSTICE OF THE SUPREME COURT,NONPARTISAN,SCATTERING,327,2
2005,APRIL,MANITOWOC,EATON TOWN WARD 1,SPRING GENERAL,JUSTICE OF THE SUPREME COURT,NONPARTISAN,ANN W. BRADLEY,71,71
2005,APRIL,MANITOWOC,EATON TOWN WARD 1,SPRING GENERAL,JUSTICE OF THE SUPREME COURT,NONPARTISAN,SCATTERING,71,0
2005,APRIL,MANITOWOC,FRANKLIN TOWN WARDS 1 & 2,SPRING GENERAL,JUSTICE OF THE SUPREME COURT,NONPARTISAN,ANN W. BRADLEY,136,136
2005,APRIL,MANITOWOC,FRANKLIN TOWN WARDS 1 & 2,SPRING GENERAL,JUSTICE OF THE SUPREME COURT,NONPARTISAN,SCATTERING,136,0
2005,APRIL,MANITOWOC,GIBSON TOWN WARDS 1 & 2,SPRING GENERAL,JUSTICE OF THE SUPREME COURT,NONPARTISAN,ANN W. BRADLEY,119,119
2005,APRIL,MANITOWOC,GIBSON TOWN WARDS 1 & 2,SPRING GENERAL,JUSTICE OF THE SUPREME COURT,NONPARTISAN,SCATTERING,119,0
2005,APRIL,MANITOWOC,KOSSUTH TOWN WARDS 1 - 3,SPRING GENERAL,JUSTICE OF THE SUPREME COURT,NONPARTISAN,ANN W. BRADLEY,170,170
2005,APRIL,MANITOWOC,KOSSUTH TOWN WARDS 1 - 3,SPRING GENERAL,JUSTICE OF THE SUPREME COURT,NONPARTISAN,SCATTERING,170,0
2005,APRIL,MANITOWOC,LIBERTY TOWN WARDS 1 & 2,SPRING GENERAL,JUSTICE OF THE SUPREME COURT,NONPARTISAN,ANN W. BRADLEY,242,242
2005,APRIL,MANITOWOC,LIBERTY TOWN WARDS 1 & 2,SPRING GENERAL,JUSTICE OF THE SUPREME COURT,NONPARTISAN,SCATTERING,242,0
2005,APRIL,MANITOWOC,MANITOWOC TOWN WARDS 1 - 3,SPRING GENERAL,JUSTICE OF THE SUPREME COURT,NONPARTISAN,ANN W. BRADLEY,101,101
2005,APRIL,MANITOWOC,MANITOWOC TOWN WARDS 1 - 3,SPRING GENERAL,JUSTICE OF THE SUPREME COURT,NONPARTISAN,SCATTERING,101,0
2005,APRIL,MANITOWOC,MANITOWOC RAPIDS TOWN WARDS 1 - 5,SPRING GENERAL,JUSTICE OF THE SUPREME COURT,NONPARTISAN,ANN W. BRADLEY,261,261
2005,APRIL,MANITOWOC,MANITOWOC RAPIDS TOWN WARDS 1 - 5,SPRING GENERAL,JUSTICE OF THE SUPREME COURT,NONPARTISAN,SCATTERING,261,0
2005,APRIL,MANITOWOC,MAPLE GROVE TOWN WARD 1,SPRING GENERAL,JUSTICE OF THE SUPREME COURT,NONPARTISAN,ANN W. BRADLEY,115,115
2005,APRIL,MANITOWOC,MAPLE GROVE TOWN WARD 1,SPRING GENERAL,JUSTICE OF THE SUPREME COURT,NONPARTISAN,SCATTERING,115,0
2005,APRIL,MANITOWOC,MEEME TOWN WARDS 1 & 2,SPRING GENERAL,JUSTICE OF THE SUPREME COURT,NONPARTISAN,ANN W. BRADLEY,146,146
2005,APRIL,MANITOWOC,MEEME TOWN WARDS 1 & 2,SPRING GENERAL,JUSTICE OF THE SUPREME COURT,NONPARTISAN,SCATTERING,146,0
2005,APRIL,MANITOWOC,MISHICOT TOWN WARDS 1 - 4,SPRING GENERAL,JUSTICE OF THE SUPREME COURT,NONPARTISAN,ANN W. BRADLEY,310,310
2005,APRIL,MANITOWOC,MISHICOT TOWN WARDS 1 - 4,SPRING GENERAL,JUSTICE OF THE SUPREME COURT,NONPARTISAN,SCATTERING,310,0
2005,APRIL,MANITOWOC,NEWTON TOWN WARDS 1 - 4,SPRING GENERAL,JUSTICE OF THE SUPREME COURT,NONPARTISAN,ANN W. BRADLEY,371,371
2005,APRIL,MANITOWOC,NEWTON TOWN WARDS 1 - 4,SPRING GENERAL,JUSTICE OF THE SUPREME COURT,NONPARTISAN,SCATTERING,371,0
2005,APRIL,MANITOWOC,ROCKLAND TOWN WARDS 1 & 2,SPRING GENERAL,JUSTICE OF THE SUPREME COURT,NONPARTISAN,ANN W. BRADLEY,62,62
2005,APRIL,MANITOWOC,ROCKLAND TOWN WARDS 1 & 2,SPRING GENERAL,JUSTICE OF THE SUPREME COURT,NONPARTISAN,SCATTERING,62,0
2005,APRIL,MANITOWOC,SCHLESWIG TOWN WARDS 1 - 3,SPRING GENERAL,JUSTICE OF THE SUPREME COURT,NONPARTISAN,ANN W. BRADLEY,213,213
2005,APRIL,MANITOWOC,SCHLESWIG TOWN WARDS 1 - 3,SPRING GENERAL,JUSTICE OF THE SUPREME COURT,NONPARTISAN,SCATTERING,213,0
2005,APRIL,MANITOWOC,TWO CREEKS TOWN WARD 1,SPRING GENERAL,JUSTICE OF THE SUPREME COURT,NONPARTISAN,ANN W. BRADLEY,209,209
2005,APRIL,MANITOWOC,TWO CREEKS TOWN WARD 1,SPRING GENERAL,JUSTICE OF THE SUPREME COURT,NONPARTISAN,SCATTERING,209,0
2005,APRIL,MANITOWOC,TWO RIVERS TOWN WARDS 1 - 4,SPRING GENERAL,JUSTICE OF THE SUPREME COURT,NONPARTISAN,ANN W. BRADLEY,174,174
2005,APRIL,MANITOWOC,TWO RIVERS TOWN WARDS 1 - 4,SPRING GENERAL,JUSTICE OF THE SUPREME COURT,NONPARTISAN,SCATTERING,174,0
2005,APRIL,MANITOWOC,CLEVELAND VILLAGE WARDS 1 & 2,SPRING GENERAL,JUSTICE OF THE SUPREME COURT,NONPARTISAN,ANN W. BRADLEY,162,162
2005,APRIL,MANITOWOC,CLEVELAND VILLAGE WARDS 1 & 2,SPRING GENERAL,JUSTICE OF THE SUPREME COURT,NONPARTISAN,SCATTERING,162,0
2005,APRIL,MANITOWOC,FRANCIS CREEK VILLAGE WARD 1,SPRING GENERAL,JUSTICE OF THE SUPREME COURT,NONPARTISAN,ANN W. BRADLEY,51,51
2005,APRIL,MANITOWOC,FRANCIS CREEK VILLAGE WARD 1,SPRING GENERAL,JUSTICE OF THE SUPREME COURT,NONPARTISAN,SCATTERING,51,0
2005,APRIL,MANITOWOC,KELLNERSVILLE VILLAGE WARD 1,SPRING GENERAL,JUSTICE OF THE SUPREME COURT,NONPARTISAN,ANN W. BRADLEY,38,38
2005,APRIL,MANITOWOC,KELLNERSVILLE VILLAGE WARD 1,SPRING GENERAL,JUSTICE OF THE SUPREME COURT,NONPARTISAN,SCATTERING,38,0
2005,APRIL,MANITOWOC,MARIBEL VILLAGE WARD 1,SPRING GENERAL,JUSTICE OF THE SUPREME COURT,NONPARTISAN,ANN W. BRADLEY,45,44
2005,APRIL,MANITOWOC,MARIBEL VILLAGE WARD 1,SPRING GENERAL,JUSTICE OF THE SUPREME COURT,NONPARTISAN,SCATTERING,45,1
2005,APRIL,MANITOWOC,MISHICOT VILLAGE WARDS 1 & 2,SPRING GENERAL,JUSTICE OF THE SUPREME COURT,NONPARTISAN,ANN W. BRADLEY,169,169
2005,APRIL,MANITOWOC,MISHICOT VILLAGE WARDS 1 & 2,SPRING GENERAL,JUSTICE OF THE SUPREME COURT,NONPARTISAN,SCATTERING,169,0
2005,APRIL,MANITOWOC,REEDSVILLE VILLAGE WARDS 1 & 2,SPRING GENERAL,JUSTICE OF THE SUPREME COURT,NONPARTISAN,ANN W. BRADLEY,253,253
2005,APRIL,MANITOWOC,REEDSVILLE VILLAGE WARDS 1 & 2,SPRING GENERAL,JUSTICE OF THE SUPREME COURT,NONPARTISAN,SCATTERING,253,0
2005,APRIL,MANITOWOC,ST NAZIANZ VILLAGE WARD 1,SPRING GENERAL,JUSTICE OF THE SUPREME COURT,NONPARTISAN,ANN W. BRADLEY,88,88
2005,APRIL,MANITOWOC,ST NAZIANZ VILLAGE WARD 1,SPRING GENERAL,JUSTICE OF THE SUPREME COURT,NONPARTISAN,SCATTERING,88,0
2005,APRIL,MANITOWOC,VALDERS VILLAGE WARD 1,SPRING GENERAL,JUSTICE OF THE SUPREME COURT,NONPARTISAN,ANN W. BRADLEY,136,136
2005,APRIL,MANITOWOC,VALDERS VILLAGE WARD 1,SPRING GENERAL,JUSTICE OF THE SUPREME COURT,NONPARTISAN,SCATTERING,136,0
2005,APRIL,MANITOWOC,WHITELAW VILLAGE WARD 1,SPRING GENERAL,JUSTICE OF THE SUPREME COURT,NONPARTISAN,ANN W. BRADLEY,68,68
2005,APRIL,MANITOWOC,WHITELAW VILLAGE WARD 1,SPRING GENERAL,JUSTICE OF THE SUPREME COURT,NONPARTISAN,SCATTERING,68,0
2005,APRIL,MANITOWOC,KIEL CITY WARDS 1 - 6,SPRING GENERAL,JUSTICE OF THE SUPREME COURT,NONPARTISAN,ANN W. BRADLEY,220,220
2005,APRIL,MANITOWOC,KIEL CITY WARDS 1 - 6,SPRING GENERAL,JUSTICE OF THE SUPREME COURT,NONPARTISAN,SCATTERING,220,0
2005,APRIL,MANITOWOC,MANITOWOC CITY WARDS 1 & 2,SPRING GENERAL,JUSTICE OF THE SUPREME COURT,NONPARTISAN,ANN W. BRADLEY,565,564
2005,APRIL,MANITOWOC,MANITOWOC CITY WARDS 1 & 2,SPRING GENERAL,JUSTICE OF THE SUPREME COURT,NONPARTISAN,SCATTERING,565,1
2005,APRIL,MANITOWOC,"MANITOWOC CITY WARDS 3, 4 & 21",SPRING GENERAL,JUSTICE OF THE SUPREME COURT,NONPARTISAN,ANN W. BRADLEY,641,636
2005,APRIL,MANITOWOC,"MANITOWOC CITY WARDS 3, 4 & 21",SPRING GENERAL,JUSTICE OF THE SUPREME COURT,NONPARTISAN,SCATTERING,641,5
2005,APRIL,MANITOWOC,MANITOWOC CITY WARDS 5 & 6,SPRING GENERAL,JUSTICE OF THE SUPREME COURT,NONPARTISAN,ANN W. BRADLEY,447,444
2005,APRIL,MANITOWOC,MANITOWOC CITY WARDS 5 & 6,SPRING GENERAL,JUSTICE OF THE SUPREME COURT,NONPARTISAN,SCATTERING,447,3
2005,APRIL,MANITOWOC,MANITOWOC CITY WARDS 7 & 8,SPRING GENERAL,JUSTICE OF THE SUPREME COURT,NONPARTISAN,ANN W. BRADLEY,360,360
2005,APRIL,MANITOWOC,MANITOWOC CITY WARDS 7 & 8,SPRING GENERAL,JUSTICE OF THE SUPREME COURT,NONPARTISAN,SCATTERING,360,0
2005,APRIL,MANITOWOC,MANITOWOC CITY WARDS 9 & 10,SPRING GENERAL,JUSTICE OF THE SUPREME COURT,NONPARTISAN,ANN W. BRADLEY,623,621
2005,APRIL,MANITOWOC,MANITOWOC CITY WARDS 9 & 10,SPRING GENERAL,JUSTICE OF THE SUPREME COURT,NONPARTISAN,SCATTERING,623,2
2005,APRIL,MANITOWOC,MANITOWOC CITY WARDS 11 & 12,SPRING GENERAL,JUSTICE OF THE SUPREME COURT,NONPARTISAN,ANN W. BRADLEY,744,741
2005,APRIL,MANITOWOC,MANITOWOC CITY WARDS 11 & 12,SPRING GENERAL,JUSTICE OF THE SUPREME COURT,NONPARTISAN,SCATTERING,744,3
2005,APRIL,MANITOWOC,"MANITOWOC CITY WARDS 13, 14, 23 & 27",SPRING GENERAL,JUSTICE OF THE SUPREME COURT,NONPARTISAN,ANN W. BRADLEY,608,607
2005,APRIL,MANITOWOC,"MANITOWOC CITY WARDS 13, 14, 23 & 27",SPRING GENERAL,JUSTICE OF THE SUPREME COURT,NONPARTISAN,SCATTERING,608,1
2005,APRIL,MANITOWOC,MANITOWOC CITY WARDS 15 & 16,SPRING GENERAL,JUSTICE OF THE SUPREME COURT,NONPARTISAN,ANN W. BRADLEY,905,903
2005,APRIL,MANITOWOC,MANITOWOC CITY WARDS 15 & 16,SPRING GENERAL,JUSTICE OF THE SUPREME COURT,NONPARTISAN,SCATTERING,905,2
2005,APRIL,MANITOWOC,"MANITOWOC CITY WARDS 17, 18, 22, 24 - 26, 28 - 30 & 32",SPRING GENERAL,JUSTICE OF THE SUPREME COURT,NONPARTISAN,ANN W. BRADLEY,550,550
2005,APRIL,MANITOWOC,"MANITOWOC CITY WARDS 17, 18, 22, 24 - 26, 28 - 30 & 32",SPRING GENERAL,JUSTICE OF THE SUPREME COURT,NONPARTISAN,SCATTERING,550,0
2005,APRIL,MANITOWOC,"MANITOWOC CITY WARDS 19, 20 & 31",SPRING GENERAL,JUSTICE OF THE SUPREME COURT,NONPARTISAN,ANN W. BRADLEY,852,851
2005,APRIL,MANITOWOC,"MANITOWOC CITY WARDS 19, 20 & 31",SPRING GENERAL,JUSTICE OF THE SUPREME COURT,NONPARTISAN,SCATTERING,852,1
2005,APRIL,MANITOWOC,TWO RIVERS CITY WARDS 1 - 3,SPRING GENERAL,JUSTICE OF THE SUPREME COURT,NONPARTISAN,ANN W. BRADLEY,386,383
2005,APRIL,MANITOWOC,TWO RIVERS CITY WARDS 1 - 3,SPRING GENERAL,JUSTICE OF THE SUPREME COURT,NONPARTISAN,SCATTERING,386,3
2005,APRIL,MANITOWOC,"TWO RIVERS CITY WARDS 4, 5, 10 & 11",SPRING GENERAL,JUSTICE OF THE SUPREME COURT,NONPARTISAN,ANN W. BRADLEY,530,529
2005,APRIL,MANITOWOC,"TWO RIVERS CITY WARDS 4, 5, 10 & 11",SPRING GENERAL,JUSTICE OF THE SUPREME COURT,NONPARTISAN,SCATTERING,530,1
2005,APRIL,MANITOWOC,TWO RIVERS CITY WARDS 6 & 7,SPRING GENERAL,JUSTICE OF THE SUPREME COURT,NONPARTISAN,ANN W. BRADLEY,272,272
2005,APRIL,MANITOWOC,TWO RIVERS CITY WARDS 6 & 7,SPRING GENERAL,JUSTICE OF THE SUPREME COURT,NONPARTISAN,SCATTERING,272,0
2005,APRIL,MANITOWOC,TWO RIVERS CITY WARDS 8 & 9,SPRING GENERAL,JUSTICE OF THE SUPREME COURT,NONPARTISAN,ANN W. BRADLEY,227,227
2005,APRIL,MANITOWOC,TWO RIVERS CITY WARDS 8 & 9,SPRING GENERAL,JUSTICE OF THE SUPREME COURT,NONPARTISAN,SCATTERING,227,0
2005,APRIL,MARATHON,BERGEN TOWN WARD 1,SPRING GENERAL,JUSTICE OF THE SUPREME COURT,NONPARTISAN,ANN W. BRADLEY,194,194
2005,APRIL,MARATHON,BERGEN TOWN WARD 1,SPRING GENERAL,JUSTICE OF THE SUPREME COURT,NONPARTISAN,SCATTERING,194,0
2005,APRIL,MARATHON,BERLIN TOWN WARD 1,SPRING GENERAL,JUSTICE OF THE SUPREME COURT,NONPARTISAN,ANN W. BRADLEY,78,78
2005,APRIL,MARATHON,BERLIN TOWN WARD 1,SPRING GENERAL,JUSTICE OF THE SUPREME COURT,NONPARTISAN,SCATTERING,78,0
2005,APRIL,MARATHON,BERN TOWN WARD 1,SPRING GENERAL,JUSTICE OF THE SUPREME COURT,NONPARTISAN,ANN W. BRADLEY,31,31
2005,APRIL,MARATHON,BERN TOWN WARD 1,SPRING GENERAL,JUSTICE OF THE SUPREME COURT,NONPARTISAN,SCATTERING,31,0
2005,APRIL,MARATHON,BEVENT TOWN WARDS 1 & 2,SPRING GENERAL,JUSTICE OF THE SUPREME COURT,NONPARTISAN,ANN W. BRADLEY,178,178
2005,APRIL,MARATHON,BEVENT TOWN WARDS 1 & 2,SPRING GENERAL,JUSTICE OF THE SUPREME COURT,NONPARTISAN,SCATTERING,178,0
2005,APRIL,MARATHON,BRIGHTON TOWN WARD 1,SPRING GENERAL,JUSTICE OF THE SUPREME COURT,NONPARTISAN,ANN W. BRADLEY,68,68
2005,APRIL,MARATHON,BRIGHTON TOWN WARD 1,SPRING GENERAL,JUSTICE OF THE SUPREME COURT,NONPARTISAN,SCATTERING,68,0
2005,APRIL,MARATHON,CASSEL TOWN WARD 1,SPRING GENERAL,JUSTICE OF THE SUPREME COURT,NONPARTISAN,ANN W. BRADLEY,102,102
2005,APRIL,MARATHON,CASSEL TOWN WARD 1,SPRING GENERAL,JUSTICE OF THE SUPREME COURT,NONPARTISAN,SCATTERING,102,0
2005,APRIL,MARATHON,CLEVELAND TOWN WARD 1,SPRING GENERAL,JUSTICE OF THE SUPREME COURT,NONPARTISAN,ANN W. BRADLEY,118,117
2005,APRIL,MARATHON,CLEVELAND TOWN WARD 1,SPRING GENERAL,JUSTICE OF THE SUPREME COURT,NONPARTISAN,SCATTERING,118,1
2005,APRIL,MARATHON,DAY TOWN WARDS 1 & 2,SPRING GENERAL,JUSTICE OF THE SUPREME COURT,NONPARTISAN,ANN W. BRADLEY,215,215
2005,APRIL,MARATHON,DAY TOWN WARDS 1 & 2,SPRING GENERAL,JUSTICE OF THE SUPREME COURT,NONPARTISAN,SCATTERING,215,0
2005,APRIL,MARATHON,EASTON TOWN WARDS 1 & 2,SPRING GENERAL,JUSTICE OF THE SUPREME COURT,NONPARTISAN,ANN W. BRADLEY,50,50
2005,APRIL,MARATHON,EASTON TOWN WARDS 1 & 2,SPRING GENERAL,JUSTICE OF THE SUPREME COURT,NONPARTISAN,SCATTERING,50,0
2005,APRIL,MARATHON,EAU PLEINE TOWN WARD 1,SPRING GENERAL,JUSTICE OF THE SUPREME COURT,NONPARTISAN,ANN W. BRADLEY,55,55
2005,APRIL,MARATHON,EAU PLEINE TOWN WARD 1,SPRING GENERAL,JUSTICE OF THE SUPREME COURT,NONPARTISAN,SCATTERING,55,0
2005,APRIL,MARATHON,ELDERON TOWN WARD 1,SPRING GENERAL,JUSTICE OF THE SUPREME COURT,NONPARTISAN,ANN W. BRADLEY,75,75
2005,APRIL,MARATHON,ELDERON TOWN WARD 1,SPRING GENERAL,JUSTICE OF THE SUPREME COURT,NONPARTISAN,SCATTERING,75,0
2005,APRIL,MARATHON,EMMET TOWN WARD 1,SPRING GENERAL,JUSTICE OF THE SUPREME COURT,NONPARTISAN,ANN W. BRADLEY,131,131
2005,APRIL,MARATHON,EMMET TOWN WARD 1,SPRING GENERAL,JUSTICE OF THE SUPREME COURT,NONPARTISAN,SCATTERING,131,0
2005,APRIL,MARATHON,FRANKFORT TOWN WARD 1,SPRING GENERAL,JUSTICE OF THE SUPREME COURT,NONPARTISAN,ANN W. BRADLEY,149,149
2005,APRIL,MARATHON,FRANKFORT TOWN WARD 1,SPRING GENERAL,JUSTICE OF THE SUPREME COURT,NONPARTISAN,SCATTERING,149,0
2005,APRIL,MARATHON,FRANZEN TOWN WARD 1,SPRING GENERAL,JUSTICE OF THE SUPREME COURT,NONPARTISAN,ANN W. BRADLEY,49,49
2005,APRIL,MARATHON,FRANZEN TOWN WARD 1,SPRING GENERAL,JUSTICE OF THE SUPREME COURT,NONPARTISAN,SCATTERING,49,0
2005,APRIL,MARATHON,GREEN VALLEY TOWN WARD 1,SPRING GENERAL,JUSTICE OF THE SUPREME COURT,NONPARTISAN,ANN W. BRADLEY,122,122
2005,APRIL,MARATHON,GREEN VALLEY TOWN WARD 1,SPRING GENERAL,JUSTICE OF THE SUPREME COURT,NONPARTISAN,SCATTERING,122,0
2005,APRIL,MARATHON,GUENTHER TOWN WARD 1,SPRING GENERAL,JUSTICE OF THE SUPREME COURT,NONPARTISAN,ANN W. BRADLEY,93,93
2005,APRIL,MARATHON,GUENTHER TOWN WARD 1,SPRING GENERAL,JUSTICE OF THE SUPREME COURT,NONPARTISAN,SCATTERING,93,0
2005,APRIL,MARATHON,HALSEY TOWN WARD 1,SPRING GENERAL,JUSTICE OF THE SUPREME COURT,NONPARTISAN,ANN W. BRADLEY,94,94
2005,APRIL,MARATHON,HALSEY TOWN WARD 1,SPRING GENERAL,JUSTICE OF THE SUPREME COURT,NONPARTISAN,SCATTERING,94,0
2005,APRIL,MARATHON,HAMBURG TOWN WARD 1,SPRING GENERAL,JUSTICE OF THE SUPREME COURT,NONPARTISAN,ANN W. BRADLEY,106,106
2005,APRIL,MARATHON,HAMBURG TOWN WARD 1,SPRING GENERAL,JUSTICE OF THE SUPREME COURT,NONPARTISAN,SCATTERING,106,0
2005,APRIL,MARATHON,HARRISON TOWN WARD 1,SPRING GENERAL,JUSTICE OF THE SUPREME COURT,NONPARTISAN,ANN W. BRADLEY,32,32
2005,APRIL,MARATHON,HARRISON TOWN WARD 1,SPRING GENERAL,JUSTICE OF THE SUPREME COURT,NONPARTISAN,SCATTERING,32,0
2005,APRIL,MARATHON,HEWITT TOWN WARD 1,SPRING GENERAL,JUSTICE OF THE SUPREME COURT,NONPARTISAN,ANN W. BRADLEY,40,40
2005,APRIL,MARATHON,HEWITT TOWN WARD 1,SPRING GENERAL,JUSTICE OF THE SUPREME COURT,NONPARTISAN,SCATTERING,40,0
2005,APRIL,MARATHON,HOLTON TOWN WARDS 1 & 2,SPRING GENERAL,JUSTICE OF THE SUPREME COURT,NONPARTISAN,ANN W. BRADLEY,118,118
2005,APRIL,MARATHON,HOLTON TOWN WARDS 1 & 2,SPRING GENERAL,JUSTICE OF THE SUPREME COURT,NONPARTISAN,SCATTERING,118,0
2005,APRIL,MARATHON,HULL TOWN WARD 1,SPRING GENERAL,JUSTICE OF THE SUPREME COURT,NONPARTISAN,ANN W. BRADLEY,97,97
2005,APRIL,MARATHON,HULL TOWN WARD 1,SPRING GENERAL,JUSTICE OF THE SUPREME COURT,NONPARTISAN,SCATTERING,97,0
2005,APRIL,MARATHON,JOHNSON TOWN WARD 1,SPRING GENERAL,JUSTICE OF THE SUPREME COURT,NONPARTISAN,ANN W. BRADLEY,152,152
2005,APRIL,MARATHON,JOHNSON TOWN WARD 1,SPRING GENERAL,JUSTICE OF THE SUPREME COURT,NONPARTISAN,SCATTERING,152,0
2005,APRIL,MARATHON,KNOWLTON TOWN WARDS 1 - 3,SPRING GENERAL,JUSTICE OF THE SUPREME COURT,NONPARTISAN,ANN W. BRADLEY,354,353
2005,APRIL,MARATHON,KNOWLTON TOWN WARDS 1 - 3,SPRING GENERAL,JUSTICE OF THE SUPREME COURT,NONPARTISAN,SCATTERING,354,1
2005,APRIL,MARATHON,MAINE TOWN WARDS 1 - 4,SPRING GENERAL,JUSTICE OF THE SUPREME COURT,NONPARTISAN,ANN W. BRADLEY,638,636
2005,APRIL,MARATHON,MAINE TOWN WARDS 1 - 4,SPRING GENERAL,JUSTICE OF THE SUPREME COURT,NONPARTISAN,SCATTERING,638,2
2005,APRIL,MARATHON,MARATHON TOWN WARDS 1 & 2,SPRING GENERAL,JUSTICE OF THE SUPREME COURT,NONPARTISAN,ANN W. BRADLEY,124,124
2005,APRIL,MARATHON,MARATHON TOWN WARDS 1 & 2,SPRING GENERAL,JUSTICE OF THE SUPREME COURT,NONPARTISAN,SCATTERING,124,0
2005,APRIL,MARATHON,MCMILLAN TOWN WARDS 1 - 3,SPRING GENERAL,JUSTICE OF THE SUPREME COURT,NONPARTISAN,ANN W. BRADLEY,461,461
2005,APRIL,MARATHON,MCMILLAN TOWN WARDS 1 - 3,SPRING GENERAL,JUSTICE OF THE SUPREME COURT,NONPARTISAN,SCATTERING,461,0
2005,APRIL,MARATHON,MOSINEE TOWN WARDS 1 - 3,SPRING GENERAL,JUSTICE OF THE SUPREME COURT,NONPARTISAN,ANN W. BRADLEY,415,415
2005,APRIL,MARATHON,MOSINEE TOWN WARDS 1 - 3,SPRING GENERAL,JUSTICE OF THE SUPREME COURT,NONPARTISAN,SCATTERING,415,0
2005,APRIL,MARATHON,NORRIE TOWN WARD 1,SPRING GENERAL,JUSTICE OF THE SUPREME COURT,NONPARTISAN,ANN W. BRADLEY,92,92
2005,APRIL,MARATHON,NORRIE TOWN WARD 1,SPRING GENERAL,JUSTICE OF THE SUPREME COURT,NONPARTISAN,SCATTERING,92,0
2005,APRIL,MARATHON,PLOVER TOWN WARD 1,SPRING GENERAL,JUSTICE OF THE SUPREME COURT,NONPARTISAN,ANN W. BRADLEY,39,39
2005,APRIL,MARATHON,PLOVER TOWN WARD 1,SPRING GENERAL,JUSTICE OF THE SUPREME COURT,NONPARTISAN,SCATTERING,39,0
2005,APRIL,MARATHON,REID TOWN WARDS 1 & 2,SPRING GENERAL,JUSTICE OF THE SUPREME COURT,NONPARTISAN,ANN W. BRADLEY,94,94
2005,APRIL,MARATHON,REID TOWN WARDS 1 & 2,SPRING GENERAL,JUSTICE OF THE SUPREME COURT,NONPARTISAN,SCATTERING,94,0
2005,APRIL,MARATHON,RIB FALLS TOWN WARD 1,SPRING GENERAL,JUSTICE OF THE SUPREME COURT,NONPARTISAN,ANN W. BRADLEY,79,79
2005,APRIL,MARATHON,RIB FALLS TOWN WARD 1,SPRING GENERAL,JUSTICE OF THE SUPREME COURT,NONPARTISAN,SCATTERING,79,0
2005,APRIL,MARATHON,RIB MOUNTAIN TOWN WARDS 1 - 10,SPRING GENERAL,JUSTICE OF THE SUPREME COURT,NONPARTISAN,ANN W. BRADLEY,402,401
2005,APRIL,MARATHON,RIB MOUNTAIN TOWN WARDS 1 - 10,SPRING GENERAL,JUSTICE OF THE SUPREME COURT,NONPARTISAN,SCATTERING,402,1
2005,APRIL,MARATHON,RIETBROCK TOWN WARD 1,SPRING GENERAL,JUSTICE OF THE SUPREME COURT,NONPARTISAN,ANN W. BRADLEY,43,43
2005,APRIL,MARATHON,RIETBROCK TOWN WARD 1,SPRING GENERAL,JUSTICE OF THE SUPREME COURT,NONPARTISAN,SCATTERING,43,0
2005,APRIL,MARATHON,RINGLE TOWN WARDS 1 & 2,SPRING GENERAL,JUSTICE OF THE SUPREME COURT,NONPARTISAN,ANN W. BRADLEY,299,298
2005,APRIL,MARATHON,RINGLE TOWN WARDS 1 & 2,SPRING GENERAL,JUSTICE OF THE SUPREME COURT,NONPARTISAN,SCATTERING,299,1
2005,APRIL,MARATHON,SPENCER TOWN WARDS 1 & 2,SPRING GENERAL,JUSTICE OF THE SUPREME COURT,NONPARTISAN,ANN W. BRADLEY,195,195
2005,APRIL,MARATHON,SPENCER TOWN WARDS 1 & 2,SPRING GENERAL,JUSTICE OF THE SUPREME COURT,NONPARTISAN,SCATTERING,195,0
2005,APRIL,MARATHON,STETTIN TOWN WARDS 1 & 2,SPRING GENERAL,JUSTICE OF THE SUPREME COURT,NONPARTISAN,ANN W. BRADLEY,271,271
2005,APRIL,MARATHON,STETTIN TOWN WARDS 1 & 2,SPRING GENERAL,JUSTICE OF THE SUPREME COURT,NONPARTISAN,SCATTERING,271,0
2005,APRIL,MARATHON,STETTIN TOWN WARDS 3 & 4,SPRING GENERAL,JUSTICE OF THE SUPREME COURT,NONPARTISAN,ANN W. BRADLEY,175,175
2005,APRIL,MARATHON,STETTIN TOWN WARDS 3 & 4,SPRING GENERAL,JUSTICE OF THE SUPREME COURT,NONPARTISAN,SCATTERING,175,0
2005,APRIL,MARATHON,TEXAS TOWN WARDS 1 & 2,SPRING GENERAL,JUSTICE OF THE SUPREME COURT,NONPARTISAN,ANN W. BRADLEY,403,403
2005,APRIL,MARATHON,TEXAS TOWN WARDS 1 & 2,SPRING GENERAL,JUSTICE OF THE SUPREME COURT,NONPARTISAN,SCATTERING,403,0
2005,APRIL,MARATHON,WAUSAU TOWN WARDS 1 - 3,SPRING GENERAL,JUSTICE OF THE SUPREME COURT,NONPARTISAN,ANN W. BRADLEY,338,337
2005,APRIL,MARATHON,WAUSAU TOWN WARDS 1 - 3,SPRING GENERAL,JUSTICE OF THE SUPREME COURT,NONPARTISAN,SCATTERING,338,1
2005,APRIL,MARATHON,WESTON TOWN WARD 1,SPRING GENERAL,JUSTICE OF THE SUPREME COURT,NONPARTISAN,ANN W. BRADLEY,38,38
2005,APRIL,MARATHON,WESTON TOWN WARD 1,SPRING GENERAL,JUSTICE OF THE SUPREME COURT,NONPARTISAN,SCATTERING,38,0
2005,APRIL,MARATHON,WIEN TOWN WARD 1,SPRING GENERAL,JUSTICE OF THE SUPREME COURT,NONPARTISAN,ANN W. BRADLEY,53,53
2005,APRIL,MARATHON,WIEN TOWN WARD 1,SPRING GENERAL,JUSTICE OF THE SUPREME COURT,NONPARTISAN,SCATTERING,53,0
2005,APRIL,MARATHON,ATHENS VILLAGE WARDS 1 & 2,SPRING GENERAL,JUSTICE OF THE SUPREME COURT,NONPARTISAN,ANN W. BRADLEY,103,103
2005,APRIL,MARATHON,ATHENS VILLAGE WARDS 1 & 2,SPRING GENERAL,JUSTICE OF THE SUPREME COURT,NONPARTISAN,SCATTERING,103,0
2005,APRIL,MARATHON,BIRNAMWOOD VILLAGE WARD 2,SPRING GENERAL,JUSTICE OF THE SUPREME COURT,NONPARTISAN,ANN W. BRADLEY,0,0
2005,APRIL,MARATHON,BIRNAMWOOD VILLAGE WARD 2,SPRING GENERAL,JUSTICE OF THE SUPREME COURT,NONPARTISAN,SCATTERING,0,0
2005,APRIL,MARATHON,BROKAW VILLAGE WARD 1,SPRING GENERAL,JUSTICE OF THE SUPREME COURT,NONPARTISAN,ANN W. BRADLEY,43,43
2005,APRIL,MARATHON,BROKAW VILLAGE WARD 1,SPRING GENERAL,JUSTICE OF THE SUPREME COURT,NONPARTISAN,SCATTERING,43,0
2005,APRIL,MARATHON,DORCHESTER VILLAGE WARD 2,SPRING GENERAL,JUSTICE OF THE SUPREME COURT,NONPARTISAN,ANN W. BRADLEY,0,0
2005,APRIL,MARATHON,DORCHESTER VILLAGE WARD 2,SPRING GENERAL,JUSTICE OF THE SUPREME COURT,NONPARTISAN,SCATTERING,0,0
2005,APRIL,MARATHON,EDGAR VILLAGE WARDS 1 - 3,SPRING GENERAL,JUSTICE OF THE SUPREME COURT,NONPARTISAN,ANN W. BRADLEY,148,147
2005,APRIL,MARATHON,EDGAR VILLAGE WARDS 1 - 3,SPRING GENERAL,JUSTICE OF THE SUPREME COURT,NONPARTISAN,SCATTERING,148,1
2005,APRIL,MARATHON,ELDERON VILLAGE WARD 1,SPRING GENERAL,JUSTICE OF THE SUPREME COURT,NONPARTISAN,ANN W. BRADLEY,28,28
2005,APRIL,MARATHON,ELDERON VILLAGE WARD 1,SPRING GENERAL,JUSTICE OF THE SUPREME COURT,NONPARTISAN,SCATTERING,28,0
2005,APRIL,MARATHON,FENWOOD VILLAGE WARD 1,SPRING GENERAL,JUSTICE OF THE SUPREME COURT,NONPARTISAN,ANN W. BRADLEY,39,39
2005,APRIL,MARATHON,FENWOOD VILLAGE WARD 1,SPRING GENERAL,JUSTICE OF THE SUPREME COURT,NONPARTISAN,SCATTERING,39,0
2005,APRIL,MARATHON,HATLEY VILLAGE WARDS 1 & 2,SPRING GENERAL,JUSTICE OF THE SUPREME COURT,NONPARTISAN,ANN W. BRADLEY,44,43
2005,APRIL,MARATHON,HATLEY VILLAGE WARDS 1 & 2,SPRING GENERAL,JUSTICE OF THE SUPREME COURT,NONPARTISAN,SCATTERING,44,1
2005,APRIL,MARATHON,KRONENWETTER VILLAGE WARDS 1 - 4,SPRING GENERAL,JUSTICE OF THE SUPREME COURT,NONPARTISAN,ANN W. BRADLEY,410,408
2005,APRIL,MARATHON,KRONENWETTER VILLAGE WARDS 1 - 4,SPRING GENERAL,JUSTICE OF THE SUPREME COURT,NONPARTISAN,SCATTERING,410,2
2005,APRIL,MARATHON,KRONENWETTER VILLAGE WARDS 5 - 8,SPRING GENERAL,JUSTICE OF THE SUPREME COURT,NONPARTISAN,ANN W. BRADLEY,321,321
2005,APRIL,MARATHON,KRONENWETTER VILLAGE WARDS 5 - 8,SPRING GENERAL,JUSTICE OF THE SUPREME COURT,NONPARTISAN,SCATTERING,321,0
2005,APRIL,MARATHON,MARATHON CITY VILLAGE WARDS 1 - 3,SPRING GENERAL,JUSTICE OF THE SUPREME COURT,NONPARTISAN,ANN W. BRADLEY,388,388
2005,APRIL,MARATHON,MARATHON CITY VILLAGE WARDS 1 - 3,SPRING GENERAL,JUSTICE OF THE SUPREME COURT,NONPARTISAN,SCATTERING,388,0
2005,APRIL,MARATHON,ROTHSCHILD VILLAGE WARDS 1 & 2,SPRING GENERAL,JUSTICE OF THE SUPREME COURT,NONPARTISAN,ANN W. BRADLEY,207,207
2005,APRIL,MARATHON,ROTHSCHILD VILLAGE WARDS 1 & 2,SPRING GENERAL,JUSTICE OF THE SUPREME COURT,NONPARTISAN,SCATTERING,207,0
2005,APRIL,MARATHON,ROTHSCHILD VILLAGE WARDS 3 & 4,SPRING GENERAL,JUSTICE OF THE SUPREME COURT,NONPARTISAN,ANN W. BRADLEY,265,265
2005,APRIL,MARATHON,ROTHSCHILD VILLAGE WARDS 3 & 4,SPRING GENERAL,JUSTICE OF THE SUPREME COURT,NONPARTISAN,SCATTERING,265,0
2005,APRIL,MARATHON,ROTHSCHILD VILLAGE WARDS 5 & 6,SPRING GENERAL,JUSTICE OF THE SUPREME COURT,NONPARTISAN,ANN W. BRADLEY,192,191
2005,APRIL,MARATHON,ROTHSCHILD VILLAGE WARDS 5 & 6,SPRING GENERAL,JUSTICE OF THE SUPREME COURT,NONPARTISAN,SCATTERING,192,1
2005,APRIL,MARATHON,SPENCER VILLAGE WARDS 1 - 4,SPRING GENERAL,JUSTICE OF THE SUPREME COURT,NONPARTISAN,ANN W. BRADLEY,310,310
2005,APRIL,MARATHON,SPENCER VILLAGE WARDS 1 - 4,SPRING GENERAL,JUSTICE OF THE SUPREME COURT,NONPARTISAN,SCATTERING,310,0
2005,APRIL,MARATHON,STRATFORD VILLAGE WARDS 1 & 2,SPRING GENERAL,JUSTICE OF THE SUPREME COURT,NONPARTISAN,ANN W. BRADLEY,81,81
2005,APRIL,MARATHON,STRATFORD VILLAGE WARDS 1 & 2,SPRING GENERAL,JUSTICE OF THE SUPREME COURT,NONPARTISAN,SCATTERING,81,0
2005,APRIL,MARATHON,UNITY VILLAGE WARD 1,SPRING GENERAL,JUSTICE OF THE SUPREME COURT,NONPARTISAN,ANN W. BRADLEY,23,23
2005,APRIL,MARATHON,UNITY VILLAGE WARD 1,SPRING GENERAL,JUSTICE OF THE SUPREME COURT,NONPARTISAN,SCATTERING,23,0
2005,APRIL,MARATHON,WESTON VILLAGE WARDS 1 & 2,SPRING GENERAL,JUSTICE OF THE SUPREME COURT,NONPARTISAN,ANN W. BRADLEY,62,62
2005,APRIL,MARATHON,WESTON VILLAGE WARDS 1 & 2,SPRING GENERAL,JUSTICE OF THE SUPREME COURT,NONPARTISAN,SCATTERING,62,0
2005,APRIL,MARATHON,WESTON VILLAGE WARDS 3 & 6,SPRING GENERAL,JUSTICE OF THE SUPREME COURT,NONPARTISAN,ANN W. BRADLEY,110,110
2005,APRIL,MARATHON,WESTON VILLAGE WARDS 3 & 6,SPRING GENERAL,JUSTICE OF THE SUPREME COURT,NONPARTISAN,SCATTERING,110,0
2005,APRIL,MARATHON,WESTON VILLAGE WARDS 4 & 5,SPRING GENERAL,JUSTICE OF THE SUPREME COURT,NONPARTISAN,ANN W. BRADLEY,86,85
2005,APRIL,MARATHON,WESTON VILLAGE WARDS 4 & 5,SPRING GENERAL,JUSTICE OF THE SUPREME COURT,NONPARTISAN,SCATTERING,86,1
2005,APRIL,MARATHON,"WESTON VILLAGE WARDS 7, 8 & 11",SPRING GENERAL,JUSTICE OF THE SUPREME COURT,NONPARTISAN,ANN W. BRADLEY,100,99
2005,APRIL,MARATHON,"WESTON VILLAGE WARDS 7, 8 & 11",SPRING GENERAL,JUSTICE OF THE SUPREME COURT,NONPARTISAN,SCATTERING,100,1
2005,APRIL,MARATHON,WESTON VILLAGE WARDS 9 & 10,SPRING GENERAL,JUSTICE OF THE SUPREME COURT,NONPARTISAN,ANN W. BRADLEY,96,96
2005,APRIL,MARATHON,WESTON VILLAGE WARDS 9 & 10,SPRING GENERAL,JUSTICE OF THE SUPREME COURT,NONPARTISAN,SCATTERING,96,0
2005,APRIL,MARATHON,ABBOTSFORD CITY WARD 1,SPRING GENERAL,JUSTICE OF THE SUPREME COURT,NONPARTISAN,ANN W. BRADLEY,91,91
2005,APRIL,MARATHON,ABBOTSFORD CITY WARD 1,SPRING GENERAL,JUSTICE OF THE SUPREME COURT,NONPARTISAN,SCATTERING,91,0
2005,APRIL,MARATHON,COLBY CITY WARD 1,SPRING GENERAL,JUSTICE OF THE SUPREME COURT,NONPARTISAN,ANN W. BRADLEY,50,50
2005,APRIL,MARATHON,COLBY CITY WARD 1,SPRING GENERAL,JUSTICE OF THE SUPREME COURT,NONPARTISAN,SCATTERING,50,0
2005,APRIL,MARATHON,"MARSHFIELD CITY WARDS 21, 22, 26, 28 - 32",SPRING GENERAL,JUSTICE OF THE SUPREME COURT,NONPARTISAN,ANN W. BRADLEY,116,116
2005,APRIL,MARATHON,"MARSHFIELD CITY WARDS 21, 22, 26, 28 - 32",SPRING GENERAL,JUSTICE OF THE SUPREME COURT,NONPARTISAN,SCATTERING,116,0
2005,APRIL,MARATHON,"MOSINEE CITY WARDS 1, 2 & 6",SPRING GENERAL,JUSTICE OF THE SUPREME COURT,NONPARTISAN,ANN W. BRADLEY,441,441
2005,APRIL,MARATHON,"MOSINEE CITY WARDS 1, 2 & 6",SPRING GENERAL,JUSTICE OF THE SUPREME COURT,NONPARTISAN,SCATTERING,441,0
2005,APRIL,MARATHON,MOSINEE CITY WARDS 3 - 5,SPRING GENERAL,JUSTICE OF THE SUPREME COURT,NONPARTISAN,ANN W. BRADLEY,610,610
2005,APRIL,MARATHON,MOSINEE CITY WARDS 3 - 5,SPRING GENERAL,JUSTICE OF THE SUPREME COURT,NONPARTISAN,SCATTERING,610,0
2005,APRIL,MARATHON,SCHOFIELD CITY WARDS 1 - 4,SPRING GENERAL,JUSTICE OF THE SUPREME COURT,NONPARTISAN,ANN W. BRADLEY,418,418
2005,APRIL,MARATHON,SCHOFIELD CITY WARDS 1 - 4,SPRING GENERAL,JUSTICE OF THE SUPREME COURT,NONPARTISAN,SCATTERING,418,0
2005,APRIL,MARATHON,WAUSAU CITY WARD 1,SPRING GENERAL,JUSTICE OF THE SUPREME COURT,NONPARTISAN,ANN W. BRADLEY,180,180
2005,APRIL,MARATHON,WAUSAU CITY WARD 1,SPRING GENERAL,JUSTICE OF THE SUPREME COURT,NONPARTISAN,SCATTERING,180,0
2005,APRIL,MARATHON,WAUSAU CITY WARD 2,SPRING GENERAL,JUSTICE OF THE SUPREME COURT,NONPARTISAN,ANN W. BRADLEY,151,151
2005,APRIL,MARATHON,WAUSAU CITY WARD 2,SPRING GENERAL,JUSTICE OF THE SUPREME COURT,NONPARTISAN,SCATTERING,151,0
2005,APRIL,MARATHON,WAUSAU CITY WARD 3,SPRING GENERAL,JUSTICE OF THE SUPREME COURT,NONPARTISAN,ANN W. BRADLEY,49,49
2005,APRIL,MARATHON,WAUSAU CITY WARD 3,SPRING GENERAL,JUSTICE OF THE SUPREME COURT,NONPARTISAN,SCATTERING,49,0
2005,APRIL,MARATHON,WAUSAU CITY WARD 4,SPRING GENERAL,JUSTICE OF THE SUPREME COURT,NONPARTISAN,ANN W. BRADLEY,76,76
2005,APRIL,MARATHON,WAUSAU CITY WARD 4,SPRING GENERAL,JUSTICE OF THE SUPREME COURT,NONPARTISAN,SCATTERING,76,0
2005,APRIL,MARATHON,WAUSAU CITY WARD 5,SPRING GENERAL,JUSTICE OF THE SUPREME COURT,NONPARTISAN,ANN W. BRADLEY,11,11
2005,APRIL,MARATHON,WAUSAU CITY WARD 5,SPRING GENERAL,JUSTICE OF THE SUPREME COURT,NONPARTISAN,SCATTERING,11,0
2005,APRIL,MARATHON,WAUSAU CITY WARD 6,SPRING GENERAL,JUSTICE OF THE SUPREME COURT,NONPARTISAN,ANN W. BRADLEY,12,12
2005,APRIL,MARATHON,WAUSAU CITY WARD 6,SPRING GENERAL,JUSTICE OF THE SUPREME COURT,NONPARTISAN,SCATTERING,12,0
2005,APRIL,MARATHON,WAUSAU CITY WARD 7,SPRING GENERAL,JUSTICE OF THE SUPREME COURT,NONPARTISAN,ANN W. BRADLEY,18,18
2005,APRIL,MARATHON,WAUSAU CITY WARD 7,SPRING GENERAL,JUSTICE OF THE SUPREME COURT,NONPARTISAN,SCATTERING,18,0
2005,APRIL,MARATHON,WAUSAU CITY WARD 8,SPRING GENERAL,JUSTICE OF THE SUPREME COURT,NONPARTISAN,ANN W. BRADLEY,78,78
2005,APRIL,MARATHON,WAUSAU CITY WARD 8,SPRING GENERAL,JUSTICE OF THE SUPREME COURT,NONPARTISAN,SCATTERING,78,0
2005,APRIL,MARATHON,WAUSAU CITY WARD 9,SPRING GENERAL,JUSTICE OF THE SUPREME COURT,NONPARTISAN,ANN W. BRADLEY,81,81
2005,APRIL,MARATHON,WAUSAU CITY WARD 9,SPRING GENERAL,JUSTICE OF THE SUPREME COURT,NONPARTISAN,SCATTERING,81,0
2005,APRIL,MARATHON,WAUSAU CITY WARD 10,SPRING GENERAL,JUSTICE OF THE SUPREME COURT,NONPARTISAN,ANN W. BRADLEY,51,51
2005,APRIL,MARATHON,WAUSAU CITY WARD 10,SPRING GENERAL,JUSTICE OF THE SUPREME COURT,NONPARTISAN,SCATTERING,51,0
2005,APRIL,MARATHON,WAUSAU CITY WARD 11,SPRING GENERAL,JUSTICE OF THE SUPREME COURT,NONPARTISAN,ANN W. BRADLEY,137,137
2005,APRIL,MARATHON,WAUSAU CITY WARD 11,SPRING GENERAL,JUSTICE OF THE SUPREME COURT,NONPARTISAN,SCATTERING,137,0
2005,APRIL,MARATHON,WAUSAU CITY WARD 12,SPRING GENERAL,JUSTICE OF THE SUPREME COURT,NONPARTISAN,ANN W. BRADLEY,77,77
2005,APRIL,MARATHON,WAUSAU CITY WARD 12,SPRING GENERAL,JUSTICE OF THE SUPREME COURT,NONPARTISAN,SCATTERING,77,0
2005,APRIL,MARATHON,WAUSAU CITY WARD 13,SPRING GENERAL,JUSTICE OF THE SUPREME COURT,NONPARTISAN,ANN W. BRADLEY,146,146
2005,APRIL,MARATHON,WAUSAU CITY WARD 13,SPRING GENERAL,JUSTICE OF THE SUPREME COURT,NONPARTISAN,SCATTERING,146,0
2005,APRIL,MARATHON,WAUSAU CITY WARD 14,SPRING GENERAL,JUSTICE OF THE SUPREME COURT,NONPARTISAN,ANN W. BRADLEY,163,163
2005,APRIL,MARATHON,WAUSAU CITY WARD 14,SPRING GENERAL,JUSTICE OF THE SUPREME COURT,NONPARTISAN,SCATTERING,163,0
2005,APRIL,MARATHON,WAUSAU CITY WARD 15,SPRING GENERAL,JUSTICE OF THE SUPREME COURT,NONPARTISAN,ANN W. BRADLEY,173,173
2005,APRIL,MARATHON,WAUSAU CITY WARD 15,SPRING GENERAL,JUSTICE OF THE SUPREME COURT,NONPARTISAN,SCATTERING,173,0
2005,APRIL,MARATHON,WAUSAU CITY WARD 16,SPRING GENERAL,JUSTICE OF THE SUPREME COURT,NONPARTISAN,ANN W. BRADLEY,97,97
2005,APRIL,MARATHON,WAUSAU CITY WARD 16,SPRING GENERAL,JUSTICE OF THE SUPREME COURT,NONPARTISAN,SCATTERING,97,0
2005,APRIL,MARATHON,WAUSAU CITY WARD 17,SPRING GENERAL,JUSTICE OF THE SUPREME COURT,NONPARTISAN,ANN W. BRADLEY,94,93
2005,APRIL,MARATHON,WAUSAU CITY WARD 17,SPRING GENERAL,JUSTICE OF THE SUPREME COURT,NONPARTISAN,SCATTERING,94,1
2005,APRIL,MARATHON,WAUSAU CITY WARD 18,SPRING GENERAL,JUSTICE OF THE SUPREME COURT,NONPARTISAN,ANN W. BRADLEY,71,71
2005,APRIL,MARATHON,WAUSAU CITY WARD 18,SPRING GENERAL,JUSTICE OF THE SUPREME COURT,NONPARTISAN,SCATTERING,71,0
2005,APRIL,MARATHON,WAUSAU CITY WARD 19,SPRING GENERAL,JUSTICE OF THE SUPREME COURT,NONPARTISAN,ANN W. BRADLEY,82,82
2005,APRIL,MARATHON,WAUSAU CITY WARD 19,SPRING GENERAL,JUSTICE OF THE SUPREME COURT,NONPARTISAN,SCATTERING,82,0
2005,APRIL,MARATHON,WAUSAU CITY WARD 20,SPRING GENERAL,JUSTICE OF THE SUPREME COURT,NONPARTISAN,ANN W. BRADLEY,166,166
2005,APRIL,MARATHON,WAUSAU CITY WARD 20,SPRING GENERAL,JUSTICE OF THE SUPREME COURT,NONPARTISAN,SCATTERING,166,0
2005,APRIL,MARATHON,WAUSAU CITY WARD 21,SPRING GENERAL,JUSTICE OF THE SUPREME COURT,NONPARTISAN,ANN W. BRADLEY,77,77
2005,APRIL,MARATHON,WAUSAU CITY WARD 21,SPRING GENERAL,JUSTICE OF THE SUPREME COURT,NONPARTISAN,SCATTERING,77,0
2005,APRIL,MARATHON,WAUSAU CITY WARD 22,SPRING GENERAL,JUSTICE OF THE SUPREME COURT,NONPARTISAN,ANN W. BRADLEY,10,10
2005,APRIL,MARATHON,WAUSAU CITY WARD 22,SPRING GENERAL,JUSTICE OF THE SUPREME COURT,NONPARTISAN,SCATTERING,10,0
2005,APRIL,MARATHON,WAUSAU CITY WARD 23,SPRING GENERAL,JUSTICE OF THE SUPREME COURT,NONPARTISAN,ANN W. BRADLEY,42,42
2005,APRIL,MARATHON,WAUSAU CITY WARD 23,SPRING GENERAL,JUSTICE OF THE SUPREME COURT,NONPARTISAN,SCATTERING,42,0
2005,APRIL,MARATHON,WAUSAU CITY WARD 24,SPRING GENERAL,JUSTICE OF THE SUPREME COURT,NONPARTISAN,ANN W. BRADLEY,82,82
2005,APRIL,MARATHON,WAUSAU CITY WARD 24,SPRING GENERAL,JUSTICE OF THE SUPREME COURT,NONPARTISAN,SCATTERING,82,0
2005,APRIL,MARATHON,WAUSAU CITY WARD 25,SPRING GENERAL,JUSTICE OF THE SUPREME COURT,NONPARTISAN,ANN W. BRADLEY,61,61
2005,APRIL,MARATHON,WAUSAU CITY WARD 25,SPRING GENERAL,JUSTICE OF THE SUPREME COURT,NONPARTISAN,SCATTERING,61,0
2005,APRIL,MARATHON,WAUSAU CITY WARD 26,SPRING GENERAL,JUSTICE OF THE SUPREME COURT,NONPARTISAN,ANN W. BRADLEY,53,53
2005,APRIL,MARATHON,WAUSAU CITY WARD 26,SPRING GENERAL,JUSTICE OF THE SUPREME COURT,NONPARTISAN,SCATTERING,53,0
2005,APRIL,MARATHON,WAUSAU CITY WARD 27,SPRING GENERAL,JUSTICE OF THE SUPREME COURT,NONPARTISAN,ANN W. BRADLEY,124,124
2005,APRIL,MARATHON,WAUSAU CITY WARD 27,SPRING GENERAL,JUSTICE OF THE SUPREME COURT,NONPARTISAN,SCATTERING,124,0
2005,APRIL,MARATHON,WAUSAU CITY WARD 28,SPRING GENERAL,JUSTICE OF THE SUPREME COURT,NONPARTISAN,ANN W. BRADLEY,55,55
2005,APRIL,MARATHON,WAUSAU CITY WARD 28,SPRING GENERAL,JUSTICE OF THE SUPREME COURT,NONPARTISAN,SCATTERING,55,0
2005,APRIL,MARATHON,WAUSAU CITY WARD 29,SPRING GENERAL,JUSTICE OF THE SUPREME COURT,NONPARTISAN,ANN W. BRADLEY,7,7
2005,APRIL,MARATHON,WAUSAU CITY WARD 29,SPRING GENERAL,JUSTICE OF THE SUPREME COURT,NONPARTISAN,SCATTERING,7,0
2005,APRIL,MARATHON,WAUSAU CITY WARD 30,SPRING GENERAL,JUSTICE OF THE SUPREME COURT,NONPARTISAN,ANN W. BRADLEY,0,0
2005,APRIL,MARATHON,WAUSAU CITY WARD 30,SPRING GENERAL,JUSTICE OF THE SUPREME COURT,NONPARTISAN,SCATTERING,0,0
2005,APRIL,MARATHON,WAUSAU CITY WARD 31,SPRING GENERAL,JUSTICE OF THE SUPREME COURT,NONPARTISAN,ANN W. BRADLEY,0,0
2005,APRIL,MARATHON,WAUSAU CITY WARD 31,SPRING GENERAL,JUSTICE OF THE SUPREME COURT,NONPARTISAN,SCATTERING,0,0
2005,APRIL,MARATHON,WAUSAU CITY WARD 32,SPRING GENERAL,JUSTICE OF THE SUPREME COURT,NONPARTISAN,ANN W. BRADLEY,0,0
2005,APRIL,MARATHON,WAUSAU CITY WARD 32,SPRING GENERAL,JUSTICE OF THE SUPREME COURT,NONPARTISAN,SCATTERING,0,0
2005,APRIL,MARATHON,WAUSAU CITY WARD 33,SPRING GENERAL,JUSTICE OF THE SUPREME COURT,NONPARTISAN,ANN W. BRADLEY,0,0
2005,APRIL,MARATHON,WAUSAU CITY WARD 33,SPRING GENERAL,JUSTICE OF THE SUPREME COURT,NONPARTISAN,SCATTERING,0,0
2005,APRIL,MARATHON,WAUSAU CITY WARD 34,SPRING GENERAL,JUSTICE OF THE SUPREME COURT,NONPARTISAN,ANN W. BRADLEY,0,0
2005,APRIL,MARATHON,WAUSAU CITY WARD 34,SPRING GENERAL,JUSTICE OF THE SUPREME COURT,NONPARTISAN,SCATTERING,0,0
2005,APRIL,MARATHON,WAUSAU CITY WARD 35,SPRING GENERAL,JUSTICE OF THE SUPREME COURT,NONPARTISAN,ANN W. BRADLEY,0,0
2005,APRIL,MARATHON,WAUSAU CITY WARD 35,SPRING GENERAL,JUSTICE OF THE SUPREME COURT,NONPARTISAN,SCATTERING,0,0
2005,APRIL,MARATHON,WAUSAU CITY WARD 36,SPRING GENERAL,JUSTICE OF THE SUPREME COURT,NONPARTISAN,ANN W. BRADLEY,0,0
2005,APRIL,MARATHON,WAUSAU CITY WARD 36,SPRING GENERAL,JUSTICE OF THE SUPREME COURT,NONPARTISAN,SCATTERING,0,0
2005,APRIL,MARATHON,WAUSAU CITY WARD 37,SPRING GENERAL,JUSTICE OF THE SUPREME COURT,NONPARTISAN,ANN W. BRADLEY,0,0
2005,APRIL,MARATHON,WAUSAU CITY WARD 37,SPRING GENERAL,JUSTICE OF THE SUPREME COURT,NONPARTISAN,SCATTERING,0,0
2005,APRIL,MARATHON,WAUSAU CITY WARD 38,SPRING GENERAL,JUSTICE OF THE SUPREME COURT,NONPARTISAN,ANN W. BRADLEY,0,0
2005,APRIL,MARATHON,WAUSAU CITY WARD 38,SPRING GENERAL,JUSTICE OF THE SUPREME COURT,NONPARTISAN,SCATTERING,0,0
2005,APRIL,MARATHON,WAUSAU CITY WARD 39,SPRING GENERAL,JUSTICE OF THE SUPREME COURT,NONPARTISAN,ANN W. BRADLEY,0,0
2005,APRIL,MARATHON,WAUSAU CITY WARD 39,SPRING GENERAL,JUSTICE OF THE SUPREME COURT,NONPARTISAN,SCATTERING,0,0
2005,APRIL,MARATHON,WAUSAU CITY WARD 40,SPRING GENERAL,JUSTICE OF THE SUPREME COURT,NONPARTISAN,ANN W. BRADLEY,1,1
2005,APRIL,MARATHON,WAUSAU CITY WARD 40,SPRING GENERAL,JUSTICE OF THE SUPREME COURT,NONPARTISAN,SCATTERING,1,0
2005,APRIL,MARATHON,WAUSAU CITY WARD 41,SPRING GENERAL,JUSTICE OF THE SUPREME COURT,NONPARTISAN,ANN W. BRADLEY,0,0
2005,APRIL,MARATHON,WAUSAU CITY WARD 41,SPRING GENERAL,JUSTICE OF THE SUPREME COURT,NONPARTISAN,SCATTERING,0,0
2005,APRIL,MARATHON,WAUSAU CITY WARD 42,SPRING GENERAL,JUSTICE OF THE SUPREME COURT,NONPARTISAN,ANN W. BRADLEY,0,0
2005,APRIL,MARATHON,WAUSAU CITY WARD 42,SPRING GENERAL,JUSTICE OF THE SUPREME COURT,NONPARTISAN,SCATTERING,0,0
2005,APRIL,MARATHON,WAUSAU CITY WARD 43,SPRING GENERAL,JUSTICE OF THE SUPREME COURT,NONPARTISAN,ANN W. BRADLEY,0,0
2005,APRIL,MARATHON,WAUSAU CITY WARD 43,SPRING GENERAL,JUSTICE OF THE SUPREME COURT,NONPARTISAN,SCATTERING,0,0
2005,APRIL,MARATHON,WAUSAU CITY WARD 44,SPRING GENERAL,JUSTICE OF THE SUPREME COURT,NONPARTISAN,ANN W. BRADLEY,2,2
2005,APRIL,MARATHON,WAUSAU CITY WARD 44,SPRING GENERAL,JUSTICE OF THE SUPREME COURT,NONPARTISAN,SCATTERING,2,0
2005,APRIL,MARATHON,WAUSAU CITY WARD 45,SPRING GENERAL,JUSTICE OF THE SUPREME COURT,NONPARTISAN,ANN W. BRADLEY,0,0
2005,APRIL,MARATHON,WAUSAU CITY WARD 45,SPRING GENERAL,JUSTICE OF THE SUPREME COURT,NONPARTISAN,SCATTERING,0,0
2005,APRIL,MARATHON,WAUSAU CITY WARD 46,SPRING GENERAL,JUSTICE OF THE SUPREME COURT,NONPARTISAN,ANN W. BRADLEY,0,0
2005,APRIL,MARATHON,WAUSAU CITY WARD 46,SPRING GENERAL,JUSTICE OF THE SUPREME COURT,NONPARTISAN,SCATTERING,0,0
2005,APRIL,MARATHON,WAUSAU CITY WARD 47,SPRING GENERAL,JUSTICE OF THE SUPREME COURT,NONPARTISAN,ANN W. BRADLEY,0,0
2005,APRIL,MARATHON,WAUSAU CITY WARD 47,SPRING GENERAL,JUSTICE OF THE SUPREME COURT,NONPARTISAN,SCATTERING,0,0
2005,APRIL,MARATHON,WAUSAU CITY WARD 48,SPRING GENERAL,JUSTICE OF THE SUPREME COURT,NONPARTISAN,ANN W. BRADLEY,0,0
2005,APRIL,MARATHON,WAUSAU CITY WARD 48,SPRING GENERAL,JUSTICE OF THE SUPREME COURT,NONPARTISAN,SCATTERING,0,0
2005,APRIL,MARATHON,WAUSAU CITY WARD 49,SPRING GENERAL,JUSTICE OF THE SUPREME COURT,NONPARTISAN,ANN W. BRADLEY,0,0
2005,APRIL,MARATHON,WAUSAU CITY WARD 49,SPRING GENERAL,JUSTICE OF THE SUPREME COURT,NONPARTISAN,SCATTERING,0,0
2005,APRIL,MARINETTE,AMBERG TOWN WARD 1,SPRING GENERAL,JUSTICE OF THE SUPREME COURT,NONPARTISAN,ANN W. BRADLEY,164,164
2005,APRIL,MARINETTE,AMBERG TOWN WARD 1,SPRING GENERAL,JUSTICE OF THE SUPREME COURT,NONPARTISAN,SCATTERING,164,0
2005,APRIL,MARINETTE,ATHELSTANE TOWN WARDS 1 & 2,SPRING GENERAL,JUSTICE OF THE SUPREME COURT,NONPARTISAN,ANN W. BRADLEY,166,165
2005,APRIL,MARINETTE,ATHELSTANE TOWN WARDS 1 & 2,SPRING GENERAL,JUSTICE OF THE SUPREME COURT,NONPARTISAN,SCATTERING,166,1
2005,APRIL,MARINETTE,BEAVER TOWN WARDS 1 - 3,SPRING GENERAL,JUSTICE OF THE SUPREME COURT,NONPARTISAN,ANN W. BRADLEY,168,168
2005,APRIL,MARINETTE,BEAVER TOWN WARDS 1 - 3,SPRING GENERAL,JUSTICE OF THE SUPREME COURT,NONPARTISAN,SCATTERING,168,0
2005,APRIL,MARINETTE,BEECHER TOWN WARDS 1 - 3,SPRING GENERAL,JUSTICE OF THE SUPREME COURT,NONPARTISAN,ANN W. BRADLEY,89,89
2005,APRIL,MARINETTE,BEECHER TOWN WARDS 1 - 3,SPRING GENERAL,JUSTICE OF THE SUPREME COURT,NONPARTISAN,SCATTERING,89,0
2005,APRIL,MARINETTE,DUNBAR TOWN WARDS 1 & 2,SPRING GENERAL,JUSTICE OF THE SUPREME COURT,NONPARTISAN,ANN W. BRADLEY,59,59
2005,APRIL,MARINETTE,DUNBAR TOWN WARDS 1 & 2,SPRING GENERAL,JUSTICE OF THE SUPREME COURT,NONPARTISAN,SCATTERING,59,0
2005,APRIL,MARINETTE,GOODMAN TOWN WARD 1,SPRING GENERAL,JUSTICE OF THE SUPREME COURT,NONPARTISAN,ANN W. BRADLEY,277,276
2005,APRIL,MARINETTE,GOODMAN TOWN WARD 1,SPRING GENERAL,JUSTICE OF THE SUPREME COURT,NONPARTISAN,SCATTERING,277,1
2005,APRIL,MARINETTE,GROVER TOWN WARDS 1 - 3,SPRING GENERAL,JUSTICE OF THE SUPREME COURT,NONPARTISAN,ANN W. BRADLEY,189,189
2005,APRIL,MARINETTE,GROVER TOWN WARDS 1 - 3,SPRING GENERAL,JUSTICE OF THE SUPREME COURT,NONPARTISAN,SCATTERING,189,0
2005,APRIL,MARINETTE,LAKE TOWN WARDS 1 & 2,SPRING GENERAL,JUSTICE OF THE SUPREME COURT,NONPARTISAN,ANN W. BRADLEY,104,104
2005,APRIL,MARINETTE,LAKE TOWN WARDS 1 & 2,SPRING GENERAL,JUSTICE OF THE SUPREME COURT,NONPARTISAN,SCATTERING,104,0
2005,APRIL,MARINETTE,MIDDLE INLET TOWN WARDS 1 & 2,SPRING GENERAL,JUSTICE OF THE SUPREME COURT,NONPARTISAN,ANN W. BRADLEY,69,69
2005,APRIL,MARINETTE,MIDDLE INLET TOWN WARDS 1 & 2,SPRING GENERAL,JUSTICE OF THE SUPREME COURT,NONPARTISAN,SCATTERING,69,0
2005,APRIL,MARINETTE,NIAGARA TOWN WARD 1,SPRING GENERAL,JUSTICE OF THE SUPREME COURT,NONPARTISAN,ANN W. BRADLEY,251,251
2005,APRIL,MARINETTE,NIAGARA TOWN WARD 1,SPRING GENERAL,JUSTICE OF THE SUPREME COURT,NONPARTISAN,SCATTERING,251,0
2005,APRIL,MARINETTE,PEMBINE TOWN WARDS 1 & 2,SPRING GENERAL,JUSTICE OF THE SUPREME COURT,NONPARTISAN,ANN W. BRADLEY,68,68
2005,APRIL,MARINETTE,PEMBINE TOWN WARDS 1 & 2,SPRING GENERAL,JUSTICE OF THE SUPREME COURT,NONPARTISAN,SCATTERING,68,0
2005,APRIL,MARINETTE,PESHTIGO TOWN WARDS 1 - 5,SPRING GENERAL,JUSTICE OF THE SUPREME COURT,NONPARTISAN,ANN W. BRADLEY,511,511
2005,APRIL,MARINETTE,PESHTIGO TOWN WARDS 1 - 5,SPRING GENERAL,JUSTICE OF THE SUPREME COURT,NONPARTISAN,SCATTERING,511,0
2005,APRIL,MARINETTE,PORTERFIELD TOWN WARDS 1 - 3,SPRING GENERAL,JUSTICE OF THE SUPREME COURT,NONPARTISAN,ANN W. BRADLEY,245,245
2005,APRIL,MARINETTE,PORTERFIELD TOWN WARDS 1 - 3,SPRING GENERAL,JUSTICE OF THE SUPREME COURT,NONPARTISAN,SCATTERING,245,0
2005,APRIL,MARINETTE,POUND TOWN WARDS 1 - 4,SPRING GENERAL,JUSTICE OF THE SUPREME COURT,NONPARTISAN,ANN W. BRADLEY,120,120
2005,APRIL,MARINETTE,POUND TOWN WARDS 1 - 4,SPRING GENERAL,JUSTICE OF THE SUPREME COURT,NONPARTISAN,SCATTERING,120,0
2005,APRIL,MARINETTE,SILVER CLIFF TOWN WARDS 1 & 2,SPRING GENERAL,JUSTICE OF THE SUPREME COURT,NONPARTISAN,ANN W. BRADLEY,60,60
2005,APRIL,MARINETTE,SILVER CLIFF TOWN WARDS 1 & 2,SPRING GENERAL,JUSTICE OF THE SUPREME COURT,NONPARTISAN,SCATTERING,60,0
2005,APRIL,MARINETTE,STEPHENSON TOWN WARDS 1 - 3,SPRING GENERAL,JUSTICE OF THE SUPREME COURT,NONPARTISAN,ANN W. BRADLEY,398,398
2005,APRIL,MARINETTE,STEPHENSON TOWN WARDS 1 - 3,SPRING GENERAL,JUSTICE OF THE SUPREME COURT,NONPARTISAN,SCATTERING,398,0
2005,APRIL,MARINETTE,STEPHENSON TOWN WARDS 4 - 6,SPRING GENERAL,JUSTICE OF THE SUPREME COURT,NONPARTISAN,ANN W. BRADLEY,302,302
2005,APRIL,MARINETTE,STEPHENSON TOWN WARDS 4 - 6,SPRING GENERAL,JUSTICE OF THE SUPREME COURT,NONPARTISAN,SCATTERING,302,0
2005,APRIL,MARINETTE,WAGNER TOWN WARD 1,SPRING GENERAL,JUSTICE OF THE SUPREME COURT,NONPARTISAN,ANN W. BRADLEY,42,42
2005,APRIL,MARINETTE,WAGNER TOWN WARD 1,SPRING GENERAL,JUSTICE OF THE SUPREME COURT,NONPARTISAN,SCATTERING,42,0
2005,APRIL,MARINETTE,WAUSAUKEE TOWN WARDS 1 - 4,SPRING GENERAL,JUSTICE OF THE SUPREME COURT,NONPARTISAN,ANN W. BRADLEY,167,167
2005,APRIL,MARINETTE,WAUSAUKEE TOWN WARDS 1 - 4,SPRING GENERAL,JUSTICE OF THE SUPREME COURT,NONPARTISAN,SCATTERING,167,0
2005,APRIL,MARINETTE,COLEMAN VILLAGE WARD 1,SPRING GENERAL,JUSTICE OF THE SUPREME COURT,NONPARTISAN,ANN W. BRADLEY,74,74
2005,APRIL,MARINETTE,COLEMAN VILLAGE WARD 1,SPRING GENERAL,JUSTICE OF THE SUPREME COURT,NONPARTISAN,SCATTERING,74,0
2005,APRIL,MARINETTE,CRIVITZ VILLAGE WARD 1,SPRING GENERAL,JUSTICE OF THE SUPREME COURT,NONPARTISAN,ANN W. BRADLEY,163,163
2005,APRIL,MARINETTE,CRIVITZ VILLAGE WARD 1,SPRING GENERAL,JUSTICE OF THE SUPREME COURT,NONPARTISAN,SCATTERING,163,0
2005,APRIL,MARINETTE,POUND VILLAGE WARD 1,SPRING GENERAL,JUSTICE OF THE SUPREME COURT,NONPARTISAN,ANN W. BRADLEY,28,28
2005,APRIL,MARINETTE,POUND VILLAGE WARD 1,SPRING GENERAL,JUSTICE OF THE SUPREME COURT,NONPARTISAN,SCATTERING,28,0
2005,APRIL,MARINETTE,WAUSAUKEE VILLAGE WARD 1,SPRING GENERAL,JUSTICE OF THE SUPREME COURT,NONPARTISAN,ANN W. BRADLEY,86,85
2005,APRIL,MARINETTE,WAUSAUKEE VILLAGE WARD 1,SPRING GENERAL,JUSTICE OF THE SUPREME COURT,NONPARTISAN,SCATTERING,86,1
2005,APRIL,MARINETTE,MARINETTE CITY WARD 1,SPRING GENERAL,JUSTICE OF THE SUPREME COURT,NONPARTISAN,ANN W. BRADLEY,88,88
2005,APRIL,MARINETTE,MARINETTE CITY WARD 1,SPRING GENERAL,JUSTICE OF THE SUPREME COURT,NONPARTISAN,SCATTERING,88,0
2005,APRIL,MARINETTE,MARINETTE CITY WARD 2,SPRING GENERAL,JUSTICE OF THE SUPREME COURT,NONPARTISAN,ANN W. BRADLEY,89,88
2005,APRIL,MARINETTE,MARINETTE CITY WARD 2,SPRING GENERAL,JUSTICE OF THE SUPREME COURT,NONPARTISAN,SCATTERING,89,1
2005,APRIL,MARINETTE,MARINETTE CITY WARD 3,SPRING GENERAL,JUSTICE OF THE SUPREME COURT,NONPARTISAN,ANN W. BRADLEY,133,133
2005,APRIL,MARINETTE,MARINETTE CITY WARD 3,SPRING GENERAL,JUSTICE OF THE SUPREME COURT,NONPARTISAN,SCATTERING,133,0
2005,APRIL,MARINETTE,MARINETTE CITY WARD 4,SPRING GENERAL,JUSTICE OF THE SUPREME COURT,NONPARTISAN,ANN W. BRADLEY,108,108
2005,APRIL,MARINETTE,MARINETTE CITY WARD 4,SPRING GENERAL,JUSTICE OF THE SUPREME COURT,NONPARTISAN,SCATTERING,108,0
2005,APRIL,MARINETTE,MARINETTE CITY WARD 5,SPRING GENERAL,JUSTICE OF THE SUPREME COURT,NONPARTISAN,ANN W. BRADLEY,88,88
2005,APRIL,MARINETTE,MARINETTE CITY WARD 5,SPRING GENERAL,JUSTICE OF THE SUPREME COURT,NONPARTISAN,SCATTERING,88,0
2005,APRIL,MARINETTE,MARINETTE CITY WARD 6,SPRING GENERAL,JUSTICE OF THE SUPREME COURT,NONPARTISAN,ANN W. BRADLEY,67,66
2005,APRIL,MARINETTE,MARINETTE CITY WARD 6,SPRING GENERAL,JUSTICE OF THE SUPREME COURT,NONPARTISAN,SCATTERING,67,1
2005,APRIL,MARINETTE,MARINETTE CITY WARD 7,SPRING GENERAL,JUSTICE OF THE SUPREME COURT,NONPARTISAN,ANN W. BRADLEY,92,92
2005,APRIL,MARINETTE,MARINETTE CITY WARD 7,SPRING GENERAL,JUSTICE OF THE SUPREME COURT,NONPARTISAN,SCATTERING,92,0
2005,APRIL,MARINETTE,MARINETTE CITY WARD 8,SPRING GENERAL,JUSTICE OF THE SUPREME COURT,NONPARTISAN,ANN W. BRADLEY,125,125
2005,APRIL,MARINETTE,MARINETTE CITY WARD 8,SPRING GENERAL,JUSTICE OF THE SUPREME COURT,NONPARTISAN,SCATTERING,125,0
2005,APRIL,MARINETTE,NIAGARA CITY WARDS 1 - 3,SPRING GENERAL,JUSTICE OF THE SUPREME COURT,NONPARTISAN,ANN W. BRADLEY,277,277
2005,APRIL,MARINETTE,NIAGARA CITY WARDS 1 - 3,SPRING GENERAL,JUSTICE OF THE SUPREME COURT,NONPARTISAN,SCATTERING,277,0
2005,APRIL,MARINETTE,PESHTIGO CITY WARDS 1 - 3 & 8,SPRING GENERAL,JUSTICE OF THE SUPREME COURT,NONPARTISAN,ANN W. BRADLEY,214,214
2005,APRIL,MARINETTE,PESHTIGO CITY WARDS 1 - 3 & 8,SPRING GENERAL,JUSTICE OF THE SUPREME COURT,NONPARTISAN,SCATTERING,214,0
2005,APRIL,MARINETTE,PESHTIGO CITY WARDS 4 - 6,SPRING GENERAL,JUSTICE OF THE SUPREME COURT,NONPARTISAN,ANN W. BRADLEY,126,126
2005,APRIL,MARINETTE,PESHTIGO CITY WARDS 4 - 6,SPRING GENERAL,JUSTICE OF THE SUPREME COURT,NONPARTISAN,SCATTERING,126,0
2005,APRIL,MARINETTE,PESHTIGO CITY WARD 7,SPRING GENERAL,JUSTICE OF THE SUPREME COURT,NONPARTISAN,ANN W. BRADLEY,16,16
2005,APRIL,MARINETTE,PESHTIGO CITY WARD 7,SPRING GENERAL,JUSTICE OF THE SUPREME COURT,NONPARTISAN,SCATTERING,16,0
2005,APRIL,MARQUETTE,BUFFALO TOWN WARDS 1 & 2,SPRING GENERAL,JUSTICE OF THE SUPREME COURT,NONPARTISAN,ANN W. BRADLEY,59,59
2005,APRIL,MARQUETTE,BUFFALO TOWN WARDS 1 & 2,SPRING GENERAL,JUSTICE OF THE SUPREME COURT,NONPARTISAN,SCATTERING,59,0
2005,APRIL,MARQUETTE,CRYSTAL LAKE TOWN WARD 1,SPRING GENERAL,JUSTICE OF THE SUPREME COURT,NONPARTISAN,ANN W. BRADLEY,73,73
2005,APRIL,MARQUETTE,CRYSTAL LAKE TOWN WARD 1,SPRING GENERAL,JUSTICE OF THE SUPREME COURT,NONPARTISAN,SCATTERING,73,0
2005,APRIL,MARQUETTE,DOUGLAS TOWN WARD 1,SPRING GENERAL,JUSTICE OF THE SUPREME COURT,NONPARTISAN,ANN W. BRADLEY,103,103
2005,APRIL,MARQUETTE,DOUGLAS TOWN WARD 1,SPRING GENERAL,JUSTICE OF THE SUPREME COURT,NONPARTISAN,SCATTERING,103,0
2005,APRIL,MARQUETTE,HARRIS TOWN WARD 1,SPRING GENERAL,JUSTICE OF THE SUPREME COURT,NONPARTISAN,ANN W. BRADLEY,81,81
2005,APRIL,MARQUETTE,HARRIS TOWN WARD 1,SPRING GENERAL,JUSTICE OF THE SUPREME COURT,NONPARTISAN,SCATTERING,81,0
2005,APRIL,MARQUETTE,MECAN TOWN WARD 1,SPRING GENERAL,JUSTICE OF THE SUPREME COURT,NONPARTISAN,ANN W. BRADLEY,66,66
2005,APRIL,MARQUETTE,MECAN TOWN WARD 1,SPRING GENERAL,JUSTICE OF THE SUPREME COURT,NONPARTISAN,SCATTERING,66,0
2005,APRIL,MARQUETTE,MONTELLO TOWN WARDS 1 - 3,SPRING GENERAL,JUSTICE OF THE SUPREME COURT,NONPARTISAN,ANN W. BRADLEY,76,76
2005,APRIL,MARQUETTE,MONTELLO TOWN WARDS 1 - 3,SPRING GENERAL,JUSTICE OF THE SUPREME COURT,NONPARTISAN,SCATTERING,76,0
2005,APRIL,MARQUETTE,MOUNDVILLE TOWN WARDS 1 & 2,SPRING GENERAL,JUSTICE OF THE SUPREME COURT,NONPARTISAN,ANN W. BRADLEY,42,42
2005,APRIL,MARQUETTE,MOUNDVILLE TOWN WARDS 1 & 2,SPRING GENERAL,JUSTICE OF THE SUPREME COURT,NONPARTISAN,SCATTERING,42,0
2005,APRIL,MARQUETTE,NESHKORO TOWN WARDS 1 & 2,SPRING GENERAL,JUSTICE OF THE SUPREME COURT,NONPARTISAN,ANN W. BRADLEY,55,55
2005,APRIL,MARQUETTE,NESHKORO TOWN WARDS 1 & 2,SPRING GENERAL,JUSTICE OF THE SUPREME COURT,NONPARTISAN,SCATTERING,55,0
2005,APRIL,MARQUETTE,NEWTON TOWN WARDS 1 & 2,SPRING GENERAL,JUSTICE OF THE SUPREME COURT,NONPARTISAN,ANN W. BRADLEY,69,69
2005,APRIL,MARQUETTE,NEWTON TOWN WARDS 1 & 2,SPRING GENERAL,JUSTICE OF THE SUPREME COURT,NONPARTISAN,SCATTERING,69,0
2005,APRIL,MARQUETTE,OXFORD TOWN WARDS 1 & 2,SPRING GENERAL,JUSTICE OF THE SUPREME COURT,NONPARTISAN,ANN W. BRADLEY,94,94
2005,APRIL,MARQUETTE,OXFORD TOWN WARDS 1 & 2,SPRING GENERAL,JUSTICE OF THE SUPREME COURT,NONPARTISAN,SCATTERING,94,0
2005,APRIL,MARQUETTE,PACKWAUKEE TOWN WARDS 1 - 3,SPRING GENERAL,JUSTICE OF THE SUPREME COURT,NONPARTISAN,ANN W. BRADLEY,210,210
2005,APRIL,MARQUETTE,PACKWAUKEE TOWN WARDS 1 - 3,SPRING GENERAL,JUSTICE OF THE SUPREME COURT,NONPARTISAN,SCATTERING,210,0
2005,APRIL,MARQUETTE,SHIELDS TOWN WARD 1,SPRING GENERAL,JUSTICE OF THE SUPREME COURT,NONPARTISAN,ANN W. BRADLEY,48,48
2005,APRIL,MARQUETTE,SHIELDS TOWN WARD 1,SPRING GENERAL,JUSTICE OF THE SUPREME COURT,NONPARTISAN,SCATTERING,48,0
2005,APRIL,MARQUETTE,SPRINGFIELD TOWN WARD 1,SPRING GENERAL,JUSTICE OF THE SUPREME COURT,NONPARTISAN,ANN W. BRADLEY,57,57
2005,APRIL,MARQUETTE,SPRINGFIELD TOWN WARD 1,SPRING GENERAL,JUSTICE OF THE SUPREME COURT,NONPARTISAN,SCATTERING,57,0
2005,APRIL,MARQUETTE,WESTFIELD TOWN WARDS 1 & 2,SPRING GENERAL,JUSTICE OF THE SUPREME COURT,NONPARTISAN,ANN W. BRADLEY,80,80
2005,APRIL,MARQUETTE,WESTFIELD TOWN WARDS 1 & 2,SPRING GENERAL,JUSTICE OF THE SUPREME COURT,NONPARTISAN,SCATTERING,80,0
2005,APRIL,MARQUETTE,ENDEAVOR VILLAGE WARD 1,SPRING GENERAL,JUSTICE OF THE SUPREME COURT,NONPARTISAN,ANN W. BRADLEY,148,148
2005,APRIL,MARQUETTE,ENDEAVOR VILLAGE WARD 1,SPRING GENERAL,JUSTICE OF THE SUPREME COURT,NONPARTISAN,SCATTERING,148,0
2005,APRIL,MARQUETTE,NESHKORO VILLAGE WARD 1,SPRING GENERAL,JUSTICE OF THE SUPREME COURT,NONPARTISAN,ANN W. BRADLEY,48,48
2005,APRIL,MARQUETTE,NESHKORO VILLAGE WARD 1,SPRING GENERAL,JUSTICE OF THE SUPREME COURT,NONPARTISAN,SCATTERING,48,0
2005,APRIL,MARQUETTE,OXFORD VILLAGE WARD 1,SPRING GENERAL,JUSTICE OF THE SUPREME COURT,NONPARTISAN,ANN W. BRADLEY,35,35
2005,APRIL,MARQUETTE,OXFORD VILLAGE WARD 1,SPRING GENERAL,JUSTICE OF THE SUPREME COURT,NONPARTISAN,SCATTERING,35,0
2005,APRIL,MARQUETTE,WESTFIELD VILLAGE WARDS 1 & 2,SPRING GENERAL,JUSTICE OF THE SUPREME COURT,NONPARTISAN,ANN W. BRADLEY,86,86
2005,APRIL,MARQUETTE,WESTFIELD VILLAGE WARDS 1 & 2,SPRING GENERAL,JUSTICE OF THE SUPREME COURT,NONPARTISAN,SCATTERING,86,0
2005,APRIL,MARQUETTE,MONTELLO CITY WARDS 1 - 4,SPRING GENERAL,JUSTICE OF THE SUPREME COURT,NONPARTISAN,ANN W. BRADLEY,87,87
2005,APRIL,MARQUETTE,MONTELLO CITY WARDS 1 - 4,SPRING GENERAL,JUSTICE OF THE SUPREME COURT,NONPARTISAN,SCATTERING,87,0
2005,APRIL,MENOMINEE,"MENOMINEE TOWN WARDS 1, 3 - 5",SPRING GENERAL,JUSTICE OF THE SUPREME COURT,NONPARTISAN,ANN W. BRADLEY,155,153
2005,APRIL,MENOMINEE,"MENOMINEE TOWN WARDS 1, 3 - 5",SPRING GENERAL,JUSTICE OF THE SUPREME COURT,NONPARTISAN,SCATTERING,155,2
2005,APRIL,MENOMINEE,MENOMINEE TOWN WARD 2,SPRING GENERAL,JUSTICE OF THE SUPREME COURT,NONPARTISAN,ANN W. BRADLEY,23,23
2005,APRIL,MENOMINEE,MENOMINEE TOWN WARD 2,SPRING GENERAL,JUSTICE OF THE SUPREME COURT,NONPARTISAN,SCATTERING,23,0
2005,APRIL,MILWAUKEE,BAYSIDE VILLAGE WARDS 1 & 4,SPRING GENERAL,JUSTICE OF THE SUPREME COURT,NONPARTISAN,ANN W. BRADLEY,88,88
2005,APRIL,MILWAUKEE,BAYSIDE VILLAGE WARDS 1 & 4,SPRING GENERAL,JUSTICE OF THE SUPREME COURT,NONPARTISAN,SCATTERING,88,0
2005,APRIL,MILWAUKEE,BAYSIDE VILLAGE WARDS 2 & 5,SPRING GENERAL,JUSTICE OF THE SUPREME COURT,NONPARTISAN,ANN W. BRADLEY,166,165
2005,APRIL,MILWAUKEE,BAYSIDE VILLAGE WARDS 2 & 5,SPRING GENERAL,JUSTICE OF THE SUPREME COURT,NONPARTISAN,SCATTERING,166,1
2005,APRIL,MILWAUKEE,BAYSIDE VILLAGE WARDS 3 & 7,SPRING GENERAL,JUSTICE OF THE SUPREME COURT,NONPARTISAN,ANN W. BRADLEY,131,131
2005,APRIL,MILWAUKEE,BAYSIDE VILLAGE WARDS 3 & 7,SPRING GENERAL,JUSTICE OF THE SUPREME COURT,NONPARTISAN,SCATTERING,131,0
2005,APRIL,MILWAUKEE,BROWN DEER VILLAGE WARDS 1 - 9,SPRING GENERAL,JUSTICE OF THE SUPREME COURT,NONPARTISAN,ANN W. BRADLEY,2226,2212
2005,APRIL,MILWAUKEE,BROWN DEER VILLAGE WARDS 1 - 9,SPRING GENERAL,JUSTICE OF THE SUPREME COURT,NONPARTISAN,SCATTERING,2226,14
2005,APRIL,MILWAUKEE,FOX POINT VILLAGE WARDS 1 - 4,SPRING GENERAL,JUSTICE OF THE SUPREME COURT,NONPARTISAN,ANN W. BRADLEY,287,283
2005,APRIL,MILWAUKEE,FOX POINT VILLAGE WARDS 1 - 4,SPRING GENERAL,JUSTICE OF THE SUPREME COURT,NONPARTISAN,SCATTERING,287,4
2005,APRIL,MILWAUKEE,FOX POINT VILLAGE WARDS 5 - 9,SPRING GENERAL,JUSTICE OF THE SUPREME COURT,NONPARTISAN,ANN W. BRADLEY,378,376
2005,APRIL,MILWAUKEE,FOX POINT VILLAGE WARDS 5 - 9,SPRING GENERAL,JUSTICE OF THE SUPREME COURT,NONPARTISAN,SCATTERING,378,2
2005,APRIL,MILWAUKEE,GREENDALE VILLAGE WARDS 1 & 2,SPRING GENERAL,JUSTICE OF THE SUPREME COURT,NONPARTISAN,ANN W. BRADLEY,506,505
2005,APRIL,MILWAUKEE,GREENDALE VILLAGE WARDS 1 & 2,SPRING GENERAL,JUSTICE OF THE SUPREME COURT,NONPARTISAN,SCATTERING,506,1
2005,APRIL,MILWAUKEE,GREENDALE VILLAGE WARDS 3 & 4,SPRING GENERAL,JUSTICE OF THE SUPREME COURT,NONPARTISAN,ANN W. BRADLEY,519,517
2005,APRIL,MILWAUKEE,GREENDALE VILLAGE WARDS 3 & 4,SPRING GENERAL,JUSTICE OF THE SUPREME COURT,NONPARTISAN,SCATTERING,519,2
2005,APRIL,MILWAUKEE,GREENDALE VILLAGE WARDS 5 & 6,SPRING GENERAL,JUSTICE OF THE SUPREME COURT,NONPARTISAN,ANN W. BRADLEY,487,485
2005,APRIL,MILWAUKEE,GREENDALE VILLAGE WARDS 5 & 6,SPRING GENERAL,JUSTICE OF THE SUPREME COURT,NONPARTISAN,SCATTERING,487,2
2005,APRIL,MILWAUKEE,GREENDALE VILLAGE WARDS 7 & 8,SPRING GENERAL,JUSTICE OF THE SUPREME COURT,NONPARTISAN,ANN W. BRADLEY,507,502
2005,APRIL,MILWAUKEE,GREENDALE VILLAGE WARDS 7 & 8,SPRING GENERAL,JUSTICE OF THE SUPREME COURT,NONPARTISAN,SCATTERING,507,5
2005,APRIL,MILWAUKEE,GREENDALE VILLAGE WARDS 9 & 10,SPRING GENERAL,JUSTICE OF THE SUPREME COURT,NONPARTISAN,ANN W. BRADLEY,485,482
2005,APRIL,MILWAUKEE,GREENDALE VILLAGE WARDS 9 & 10,SPRING GENERAL,JUSTICE OF THE SUPREME COURT,NONPARTISAN,SCATTERING,485,3
2005,APRIL,MILWAUKEE,HALES CORNERS VILLAGE WARDS 1 - 3,SPRING GENERAL,JUSTICE OF THE SUPREME COURT,NONPARTISAN,ANN W. BRADLEY,139,137
2005,APRIL,MILWAUKEE,HALES CORNERS VILLAGE WARDS 1 - 3,SPRING GENERAL,JUSTICE OF THE SUPREME COURT,NONPARTISAN,SCATTERING,139,2
2005,APRIL,MILWAUKEE,HALES CORNERS VILLAGE WARDS 4 - 6,SPRING GENERAL,JUSTICE OF THE SUPREME COURT,NONPARTISAN,ANN W. BRADLEY,120,120
2005,APRIL,MILWAUKEE,HALES CORNERS VILLAGE WARDS 4 - 6,SPRING GENERAL,JUSTICE OF THE SUPREME COURT,NONPARTISAN,SCATTERING,120,0
2005,APRIL,MILWAUKEE,HALES CORNERS VILLAGE WARDS 7 - 9,SPRING GENERAL,JUSTICE OF THE SUPREME COURT,NONPARTISAN,ANN W. BRADLEY,175,174
2005,APRIL,MILWAUKEE,HALES CORNERS VILLAGE WARDS 7 - 9,SPRING GENERAL,JUSTICE OF THE SUPREME COURT,NONPARTISAN,SCATTERING,175,1
2005,APRIL,MILWAUKEE,RIVER HILLS VILLAGE WARD 1,SPRING GENERAL,JUSTICE OF THE SUPREME COURT,NONPARTISAN,ANN W. BRADLEY,25,25
2005,APRIL,MILWAUKEE,RIVER HILLS VILLAGE WARD 1,SPRING GENERAL,JUSTICE OF THE SUPREME COURT,NONPARTISAN,SCATTERING,25,0
2005,APRIL,MILWAUKEE,RIVER HILLS VILLAGE WARDS 2 & 3,SPRING GENERAL,JUSTICE OF THE SUPREME COURT,NONPARTISAN,ANN W. BRADLEY,103,101
2005,APRIL,MILWAUKEE,RIVER HILLS VILLAGE WARDS 2 & 3,SPRING GENERAL,JUSTICE OF THE SUPREME COURT,NONPARTISAN,SCATTERING,103,2
2005,APRIL,MILWAUKEE,SHOREWOOD VILLAGE WARDS 1 & 2,SPRING GENERAL,JUSTICE OF THE SUPREME COURT,NONPARTISAN,ANN W. BRADLEY,164,163
2005,APRIL,MILWAUKEE,SHOREWOOD VILLAGE WARDS 1 & 2,SPRING GENERAL,JUSTICE OF THE SUPREME COURT,NONPARTISAN,SCATTERING,164,1
2005,APRIL,MILWAUKEE,SHOREWOOD VILLAGE WARDS 3 & 4,SPRING GENERAL,JUSTICE OF THE SUPREME COURT,NONPARTISAN,ANN W. BRADLEY,294,293
2005,APRIL,MILWAUKEE,SHOREWOOD VILLAGE WARDS 3 & 4,SPRING GENERAL,JUSTICE OF THE SUPREME COURT,NONPARTISAN,SCATTERING,294,1
2005,APRIL,MILWAUKEE,SHOREWOOD VILLAGE WARDS 5 & 6,SPRING GENERAL,JUSTICE OF THE SUPREME COURT,NONPARTISAN,ANN W. BRADLEY,240,237
2005,APRIL,MILWAUKEE,SHOREWOOD VILLAGE WARDS 5 & 6,SPRING GENERAL,JUSTICE OF THE SUPREME COURT,NONPARTISAN,SCATTERING,240,3
2005,APRIL,MILWAUKEE,SHOREWOOD VILLAGE WARDS 7 & 8,SPRING GENERAL,JUSTICE OF THE SUPREME COURT,NONPARTISAN,ANN W. BRADLEY,174,172
2005,APRIL,MILWAUKEE,SHOREWOOD VILLAGE WARDS 7 & 8,SPRING GENERAL,JUSTICE OF THE SUPREME COURT,NONPARTISAN,SCATTERING,174,2
2005,APRIL,MILWAUKEE,SHOREWOOD VILLAGE WARDS 9 & 10,SPRING GENERAL,JUSTICE OF THE SUPREME COURT,NONPARTISAN,ANN W. BRADLEY,185,182
2005,APRIL,MILWAUKEE,SHOREWOOD VILLAGE WARDS 9 & 10,SPRING GENERAL,JUSTICE OF THE SUPREME COURT,NONPARTISAN,SCATTERING,185,3
2005,APRIL,MILWAUKEE,SHOREWOOD VILLAGE WARDS 11 & 12,SPRING GENERAL,JUSTICE OF THE SUPREME COURT,NONPARTISAN,ANN W. BRADLEY,176,172
2005,APRIL,MILWAUKEE,SHOREWOOD VILLAGE WARDS 11 & 12,SPRING GENERAL,JUSTICE OF THE SUPREME COURT,NONPARTISAN,SCATTERING,176,4
2005,APRIL,MILWAUKEE,"WEST MILWAUKEE VILLAGE WARDS 1, 2 & 5",SPRING GENERAL,JUSTICE OF THE SUPREME COURT,NONPARTISAN,ANN W. BRADLEY,90,86
2005,APRIL,MILWAUKEE,"WEST MILWAUKEE VILLAGE WARDS 1, 2 & 5",SPRING GENERAL,JUSTICE OF THE SUPREME COURT,NONPARTISAN,SCATTERING,90,4
2005,APRIL,MILWAUKEE,"WEST MILWAUKEE VILLAGE WARDS 3, 4 & 6",SPRING GENERAL,JUSTICE OF THE SUPREME COURT,NONPARTISAN,ANN W. BRADLEY,157,155
2005,APRIL,MILWAUKEE,"WEST MILWAUKEE VILLAGE WARDS 3, 4 & 6",SPRING GENERAL,JUSTICE OF THE SUPREME COURT,NONPARTISAN,SCATTERING,157,2
2005,APRIL,MILWAUKEE,WHITEFISH BAY VILLAGE WARDS 1 & 2,SPRING GENERAL,JUSTICE OF THE SUPREME COURT,NONPARTISAN,ANN W. BRADLEY,192,190
2005,APRIL,MILWAUKEE,WHITEFISH BAY VILLAGE WARDS 1 & 2,SPRING GENERAL,JUSTICE OF THE SUPREME COURT,NONPARTISAN,SCATTERING,192,2
2005,APRIL,MILWAUKEE,WHITEFISH BAY VILLAGE WARDS 3 & 4,SPRING GENERAL,JUSTICE OF THE SUPREME COURT,NONPARTISAN,ANN W. BRADLEY,193,189
2005,APRIL,MILWAUKEE,WHITEFISH BAY VILLAGE WARDS 3 & 4,SPRING GENERAL,JUSTICE OF THE SUPREME COURT,NONPARTISAN,SCATTERING,193,4
2005,APRIL,MILWAUKEE,WHITEFISH BAY VILLAGE WARDS 5 & 6,SPRING GENERAL,JUSTICE OF THE SUPREME COURT,NONPARTISAN,ANN W. BRADLEY,200,199
2005,APRIL,MILWAUKEE,WHITEFISH BAY VILLAGE WARDS 5 & 6,SPRING GENERAL,JUSTICE OF THE SUPREME COURT,NONPARTISAN,SCATTERING,200,1
2005,APRIL,MILWAUKEE,WHITEFISH BAY VILLAGE WARDS 7 & 8,SPRING GENERAL,JUSTICE OF THE SUPREME COURT,NONPARTISAN,ANN W. BRADLEY,232,230
2005,APRIL,MILWAUKEE,WHITEFISH BAY VILLAGE WARDS 7 & 8,SPRING GENERAL,JUSTICE OF THE SUPREME COURT,NONPARTISAN,SCATTERING,232,2
2005,APRIL,MILWAUKEE,WHITEFISH BAY VILLAGE WARD 9,SPRING GENERAL,JUSTICE OF THE SUPREME COURT,NONPARTISAN,ANN W. BRADLEY,109,108
2005,APRIL,MILWAUKEE,WHITEFISH BAY VILLAGE WARD 9,SPRING GENERAL,JUSTICE OF THE SUPREME COURT,NONPARTISAN,SCATTERING,109,1
2005,APRIL,MILWAUKEE,WHITEFISH BAY VILLAGE WARD 10,SPRING GENERAL,JUSTICE OF THE SUPREME COURT,NONPARTISAN,ANN W. BRADLEY,110,109
2005,APRIL,MILWAUKEE,WHITEFISH BAY VILLAGE WARD 10,SPRING GENERAL,JUSTICE OF THE SUPREME COURT,NONPARTISAN,SCATTERING,110,1
2005,APRIL,MILWAUKEE,WHITEFISH BAY VILLAGE WARDS 11 & 12,SPRING GENERAL,JUSTICE OF THE SUPREME COURT,NONPARTISAN,ANN W. BRADLEY,253,251
2005,APRIL,MILWAUKEE,WHITEFISH BAY VILLAGE WARDS 11 & 12,SPRING GENERAL,JUSTICE OF THE SUPREME COURT,NONPARTISAN,SCATTERING,253,2
2005,APRIL,MILWAUKEE,CUDAHY CITY WARDS 1 - 3,SPRING GENERAL,JUSTICE OF THE SUPREME COURT,NONPARTISAN,ANN W. BRADLEY,239,237
2005,APRIL,MILWAUKEE,CUDAHY CITY WARDS 1 - 3,SPRING GENERAL,JUSTICE OF THE SUPREME COURT,NONPARTISAN,SCATTERING,239,2
2005,APRIL,MILWAUKEE,CUDAHY CITY WARDS 4 - 6,SPRING GENERAL,JUSTICE OF THE SUPREME COURT,NONPARTISAN,ANN W. BRADLEY,198,194
2005,APRIL,MILWAUKEE,CUDAHY CITY WARDS 4 - 6,SPRING GENERAL,JUSTICE OF THE SUPREME COURT,NONPARTISAN,SCATTERING,198,4
2005,APRIL,MILWAUKEE,CUDAHY CITY WARDS 7 - 9,SPRING GENERAL,JUSTICE OF THE SUPREME COURT,NONPARTISAN,ANN W. BRADLEY,80,80
2005,APRIL,MILWAUKEE,CUDAHY CITY WARDS 7 - 9,SPRING GENERAL,JUSTICE OF THE SUPREME COURT,NONPARTISAN,SCATTERING,80,0
2005,APRIL,MILWAUKEE,CUDAHY CITY WARD 10,SPRING GENERAL,JUSTICE OF THE SUPREME COURT,NONPARTISAN,ANN W. BRADLEY,112,112
2005,APRIL,MILWAUKEE,CUDAHY CITY WARD 10,SPRING GENERAL,JUSTICE OF THE SUPREME COURT,NONPARTISAN,SCATTERING,112,0
2005,APRIL,MILWAUKEE,CUDAHY CITY WARDS 11 & 12,SPRING GENERAL,JUSTICE OF THE SUPREME COURT,NONPARTISAN,ANN W. BRADLEY,119,117
2005,APRIL,MILWAUKEE,CUDAHY CITY WARDS 11 & 12,SPRING GENERAL,JUSTICE OF THE SUPREME COURT,NONPARTISAN,SCATTERING,119,2
2005,APRIL,MILWAUKEE,CUDAHY CITY WARDS 13 & 14,SPRING GENERAL,JUSTICE OF THE SUPREME COURT,NONPARTISAN,ANN W. BRADLEY,93,90
2005,APRIL,MILWAUKEE,CUDAHY CITY WARDS 13 & 14,SPRING GENERAL,JUSTICE OF THE SUPREME COURT,NONPARTISAN,SCATTERING,93,3
2005,APRIL,MILWAUKEE,CUDAHY CITY WARD 15,SPRING GENERAL,JUSTICE OF THE SUPREME COURT,NONPARTISAN,ANN W. BRADLEY,186,185
2005,APRIL,MILWAUKEE,CUDAHY CITY WARD 15,SPRING GENERAL,JUSTICE OF THE SUPREME COURT,NONPARTISAN,SCATTERING,186,1
2005,APRIL,MILWAUKEE,FRANKLIN CITY WARDS 1 - 4,SPRING GENERAL,JUSTICE OF THE SUPREME COURT,NONPARTISAN,ANN W. BRADLEY,314,312
2005,APRIL,MILWAUKEE,FRANKLIN CITY WARDS 1 - 4,SPRING GENERAL,JUSTICE OF THE SUPREME COURT,NONPARTISAN,SCATTERING,314,2
2005,APRIL,MILWAUKEE,FRANKLIN CITY WARDS 5 - 8,SPRING GENERAL,JUSTICE OF THE SUPREME COURT,NONPARTISAN,ANN W. BRADLEY,364,360
2005,APRIL,MILWAUKEE,FRANKLIN CITY WARDS 5 - 8,SPRING GENERAL,JUSTICE OF THE SUPREME COURT,NONPARTISAN,SCATTERING,364,4
2005,APRIL,MILWAUKEE,FRANKLIN CITY WARDS 9 - 12,SPRING GENERAL,JUSTICE OF THE SUPREME COURT,NONPARTISAN,ANN W. BRADLEY,451,444
2005,APRIL,MILWAUKEE,FRANKLIN CITY WARDS 9 - 12,SPRING GENERAL,JUSTICE OF THE SUPREME COURT,NONPARTISAN,SCATTERING,451,7
2005,APRIL,MILWAUKEE,FRANKLIN CITY WARDS 13 - 16,SPRING GENERAL,JUSTICE OF THE SUPREME COURT,NONPARTISAN,ANN W. BRADLEY,522,511
2005,APRIL,MILWAUKEE,FRANKLIN CITY WARDS 13 - 16,SPRING GENERAL,JUSTICE OF THE SUPREME COURT,NONPARTISAN,SCATTERING,522,11
2005,APRIL,MILWAUKEE,FRANKLIN CITY WARDS 17 - 20,SPRING GENERAL,JUSTICE OF THE SUPREME COURT,NONPARTISAN,ANN W. BRADLEY,317,315
2005,APRIL,MILWAUKEE,FRANKLIN CITY WARDS 17 - 20,SPRING GENERAL,JUSTICE OF THE SUPREME COURT,NONPARTISAN,SCATTERING,317,2
2005,APRIL,MILWAUKEE,FRANKLIN CITY WARDS 21 - 24,SPRING GENERAL,JUSTICE OF THE SUPREME COURT,NONPARTISAN,ANN W. BRADLEY,464,460
2005,APRIL,MILWAUKEE,FRANKLIN CITY WARDS 21 - 24,SPRING GENERAL,JUSTICE OF THE SUPREME COURT,NONPARTISAN,SCATTERING,464,4
2005,APRIL,MILWAUKEE,GLENDALE CITY WARDS 1 & 7,SPRING GENERAL,JUSTICE OF THE SUPREME COURT,NONPARTISAN,ANN W. BRADLEY,157,157
2005,APRIL,MILWAUKEE,GLENDALE CITY WARDS 1 & 7,SPRING GENERAL,JUSTICE OF THE SUPREME COURT,NONPARTISAN,SCATTERING,157,0
2005,APRIL,MILWAUKEE,GLENDALE CITY WARDS 2 & 8,SPRING GENERAL,JUSTICE OF THE SUPREME COURT,NONPARTISAN,ANN W. BRADLEY,203,203
2005,APRIL,MILWAUKEE,GLENDALE CITY WARDS 2 & 8,SPRING GENERAL,JUSTICE OF THE SUPREME COURT,NONPARTISAN,SCATTERING,203,0
2005,APRIL,MILWAUKEE,GLENDALE CITY WARDS 3 & 9,SPRING GENERAL,JUSTICE OF THE SUPREME COURT,NONPARTISAN,ANN W. BRADLEY,172,171
2005,APRIL,MILWAUKEE,GLENDALE CITY WARDS 3 & 9,SPRING GENERAL,JUSTICE OF THE SUPREME COURT,NONPARTISAN,SCATTERING,172,1
2005,APRIL,MILWAUKEE,GLENDALE CITY WARDS 4 & 10,SPRING GENERAL,JUSTICE OF THE SUPREME COURT,NONPARTISAN,ANN W. BRADLEY,235,235
2005,APRIL,MILWAUKEE,GLENDALE CITY WARDS 4 & 10,SPRING GENERAL,JUSTICE OF THE SUPREME COURT,NONPARTISAN,SCATTERING,235,0
2005,APRIL,MILWAUKEE,GLENDALE CITY WARDS 5 & 11,SPRING GENERAL,JUSTICE OF THE SUPREME COURT,NONPARTISAN,ANN W. BRADLEY,310,305
2005,APRIL,MILWAUKEE,GLENDALE CITY WARDS 5 & 11,SPRING GENERAL,JUSTICE OF THE SUPREME COURT,NONPARTISAN,SCATTERING,310,5
2005,APRIL,MILWAUKEE,GLENDALE CITY WARDS 6 & 12,SPRING GENERAL,JUSTICE OF THE SUPREME COURT,NONPARTISAN,ANN W. BRADLEY,132,129
2005,APRIL,MILWAUKEE,GLENDALE CITY WARDS 6 & 12,SPRING GENERAL,JUSTICE OF THE SUPREME COURT,NONPARTISAN,SCATTERING,132,3
2005,APRIL,MILWAUKEE,GREENFIELD CITY WARD 1,SPRING GENERAL,JUSTICE OF THE SUPREME COURT,NONPARTISAN,ANN W. BRADLEY,249,248
2005,APRIL,MILWAUKEE,GREENFIELD CITY WARD 1,SPRING GENERAL,JUSTICE OF THE SUPREME COURT,NONPARTISAN,SCATTERING,249,1
2005,APRIL,MILWAUKEE,GREENFIELD CITY WARD 2,SPRING GENERAL,JUSTICE OF THE SUPREME COURT,NONPARTISAN,ANN W. BRADLEY,207,206
2005,APRIL,MILWAUKEE,GREENFIELD CITY WARD 2,SPRING GENERAL,JUSTICE OF THE SUPREME COURT,NONPARTISAN,SCATTERING,207,1
2005,APRIL,MILWAUKEE,GREENFIELD CITY WARD 3,SPRING GENERAL,JUSTICE OF THE SUPREME COURT,NONPARTISAN,ANN W. BRADLEY,133,131
2005,APRIL,MILWAUKEE,GREENFIELD CITY WARD 3,SPRING GENERAL,JUSTICE OF THE SUPREME COURT,NONPARTISAN,SCATTERING,133,2
2005,APRIL,MILWAUKEE,GREENFIELD CITY WARD 4,SPRING GENERAL,JUSTICE OF THE SUPREME COURT,NONPARTISAN,ANN W. BRADLEY,134,133
2005,APRIL,MILWAUKEE,GREENFIELD CITY WARD 4,SPRING GENERAL,JUSTICE OF THE SUPREME COURT,NONPARTISAN,SCATTERING,134,1
2005,APRIL,MILWAUKEE,GREENFIELD CITY WARD 5,SPRING GENERAL,JUSTICE OF THE SUPREME COURT,NONPARTISAN,ANN W. BRADLEY,178,178
2005,APRIL,MILWAUKEE,GREENFIELD CITY WARD 5,SPRING GENERAL,JUSTICE OF THE SUPREME COURT,NONPARTISAN,SCATTERING,178,0
2005,APRIL,MILWAUKEE,GREENFIELD CITY WARD 6,SPRING GENERAL,JUSTICE OF THE SUPREME COURT,NONPARTISAN,ANN W. BRADLEY,216,215
2005,APRIL,MILWAUKEE,GREENFIELD CITY WARD 6,SPRING GENERAL,JUSTICE OF THE SUPREME COURT,NONPARTISAN,SCATTERING,216,1
2005,APRIL,MILWAUKEE,GREENFIELD CITY WARD 7,SPRING GENERAL,JUSTICE OF THE SUPREME COURT,NONPARTISAN,ANN W. BRADLEY,262,261
2005,APRIL,MILWAUKEE,GREENFIELD CITY WARD 7,SPRING GENERAL,JUSTICE OF THE SUPREME COURT,NONPARTISAN,SCATTERING,262,1
2005,APRIL,MILWAUKEE,GREENFIELD CITY WARD 8,SPRING GENERAL,JUSTICE OF THE SUPREME COURT,NONPARTISAN,ANN W. BRADLEY,183,183
2005,APRIL,MILWAUKEE,GREENFIELD CITY WARD 8,SPRING GENERAL,JUSTICE OF THE SUPREME COURT,NONPARTISAN,SCATTERING,183,0
2005,APRIL,MILWAUKEE,GREENFIELD CITY WARD 9,SPRING GENERAL,JUSTICE OF THE SUPREME COURT,NONPARTISAN,ANN W. BRADLEY,146,146
2005,APRIL,MILWAUKEE,GREENFIELD CITY WARD 9,SPRING GENERAL,JUSTICE OF THE SUPREME COURT,NONPARTISAN,SCATTERING,146,0
2005,APRIL,MILWAUKEE,GREENFIELD CITY WARD 10,SPRING GENERAL,JUSTICE OF THE SUPREME COURT,NONPARTISAN,ANN W. BRADLEY,160,157
2005,APRIL,MILWAUKEE,GREENFIELD CITY WARD 10,SPRING GENERAL,JUSTICE OF THE SUPREME COURT,NONPARTISAN,SCATTERING,160,3
2005,APRIL,MILWAUKEE,GREENFIELD CITY WARD 11,SPRING GENERAL,JUSTICE OF THE SUPREME COURT,NONPARTISAN,ANN W. BRADLEY,182,181
2005,APRIL,MILWAUKEE,GREENFIELD CITY WARD 11,SPRING GENERAL,JUSTICE OF THE SUPREME COURT,NONPARTISAN,SCATTERING,182,1
2005,APRIL,MILWAUKEE,GREENFIELD CITY WARD 12,SPRING GENERAL,JUSTICE OF THE SUPREME COURT,NONPARTISAN,ANN W. BRADLEY,147,145
2005,APRIL,MILWAUKEE,GREENFIELD CITY WARD 12,SPRING GENERAL,JUSTICE OF THE SUPREME COURT,NONPARTISAN,SCATTERING,147,2
2005,APRIL,MILWAUKEE,GREENFIELD CITY WARD 13,SPRING GENERAL,JUSTICE OF THE SUPREME COURT,NONPARTISAN,ANN W. BRADLEY,118,118
2005,APRIL,MILWAUKEE,GREENFIELD CITY WARD 13,SPRING GENERAL,JUSTICE OF THE SUPREME COURT,NONPARTISAN,SCATTERING,118,0
2005,APRIL,MILWAUKEE,GREENFIELD CITY WARD 14,SPRING GENERAL,JUSTICE OF THE SUPREME COURT,NONPARTISAN,ANN W. BRADLEY,137,135
2005,APRIL,MILWAUKEE,GREENFIELD CITY WARD 14,SPRING GENERAL,JUSTICE OF THE SUPREME COURT,NONPARTISAN,SCATTERING,137,2
2005,APRIL,MILWAUKEE,GREENFIELD CITY WARD 15,SPRING GENERAL,JUSTICE OF THE SUPREME COURT,NONPARTISAN,ANN W. BRADLEY,71,70
2005,APRIL,MILWAUKEE,GREENFIELD CITY WARD 15,SPRING GENERAL,JUSTICE OF THE SUPREME COURT,NONPARTISAN,SCATTERING,71,1
2005,APRIL,MILWAUKEE,GREENFIELD CITY WARD 16,SPRING GENERAL,JUSTICE OF THE SUPREME COURT,NONPARTISAN,ANN W. BRADLEY,85,85
2005,APRIL,MILWAUKEE,GREENFIELD CITY WARD 16,SPRING GENERAL,JUSTICE OF THE SUPREME COURT,NONPARTISAN,SCATTERING,85,0
2005,APRIL,MILWAUKEE,GREENFIELD CITY WARD 17,SPRING GENERAL,JUSTICE OF THE SUPREME COURT,NONPARTISAN,ANN W. BRADLEY,126,126
2005,APRIL,MILWAUKEE,GREENFIELD CITY WARD 17,SPRING GENERAL,JUSTICE OF THE SUPREME COURT,NONPARTISAN,SCATTERING,126,0
2005,APRIL,MILWAUKEE,GREENFIELD CITY WARD 18,SPRING GENERAL,JUSTICE OF THE SUPREME COURT,NONPARTISAN,ANN W. BRADLEY,197,196
2005,APRIL,MILWAUKEE,GREENFIELD CITY WARD 18,SPRING GENERAL,JUSTICE OF THE SUPREME COURT,NONPARTISAN,SCATTERING,197,1
2005,APRIL,MILWAUKEE,GREENFIELD CITY WARD 19,SPRING GENERAL,JUSTICE OF THE SUPREME COURT,NONPARTISAN,ANN W. BRADLEY,273,272
2005,APRIL,MILWAUKEE,GREENFIELD CITY WARD 19,SPRING GENERAL,JUSTICE OF THE SUPREME COURT,NONPARTISAN,SCATTERING,273,1
2005,APRIL,MILWAUKEE,GREENFIELD CITY WARD 20,SPRING GENERAL,JUSTICE OF THE SUPREME COURT,NONPARTISAN,ANN W. BRADLEY,219,216
2005,APRIL,MILWAUKEE,GREENFIELD CITY WARD 20,SPRING GENERAL,JUSTICE OF THE SUPREME COURT,NONPARTISAN,SCATTERING,219,3
2005,APRIL,MILWAUKEE,GREENFIELD CITY WARD 21,SPRING GENERAL,JUSTICE OF THE SUPREME COURT,NONPARTISAN,ANN W. BRADLEY,102,102
2005,APRIL,MILWAUKEE,GREENFIELD CITY WARD 21,SPRING GENERAL,JUSTICE OF THE SUPREME COURT,NONPARTISAN,SCATTERING,102,0
2005,APRIL,MILWAUKEE,MILWAUKEE CITY WARD 1,SPRING GENERAL,JUSTICE OF THE SUPREME COURT,NONPARTISAN,ANN W. BRADLEY,73,71
2005,APRIL,MILWAUKEE,MILWAUKEE CITY WARD 1,SPRING GENERAL,JUSTICE OF THE SUPREME COURT,NONPARTISAN,SCATTERING,73,2
2005,APRIL,MILWAUKEE,MILWAUKEE CITY WARD 2,SPRING GENERAL,JUSTICE OF THE SUPREME COURT,NONPARTISAN,ANN W. BRADLEY,29,29
2005,APRIL,MILWAUKEE,MILWAUKEE CITY WARD 2,SPRING GENERAL,JUSTICE OF THE SUPREME COURT,NONPARTISAN,SCATTERING,29,0
2005,APRIL,MILWAUKEE,MILWAUKEE CITY WARD 3,SPRING GENERAL,JUSTICE OF THE SUPREME COURT,NONPARTISAN,ANN W. BRADLEY,17,17
2005,APRIL,MILWAUKEE,MILWAUKEE CITY WARD 3,SPRING GENERAL,JUSTICE OF THE SUPREME COURT,NONPARTISAN,SCATTERING,17,0
2005,APRIL,MILWAUKEE,MILWAUKEE CITY WARD 4,SPRING GENERAL,JUSTICE OF THE SUPREME COURT,NONPARTISAN,ANN W. BRADLEY,67,66
2005,APRIL,MILWAUKEE,MILWAUKEE CITY WARD 4,SPRING GENERAL,JUSTICE OF THE SUPREME COURT,NONPARTISAN,SCATTERING,67,1
2005,APRIL,MILWAUKEE,MILWAUKEE CITY WARD 5,SPRING GENERAL,JUSTICE OF THE SUPREME COURT,NONPARTISAN,ANN W. BRADLEY,23,23
2005,APRIL,MILWAUKEE,MILWAUKEE CITY WARD 5,SPRING GENERAL,JUSTICE OF THE SUPREME COURT,NONPARTISAN,SCATTERING,23,0
2005,APRIL,MILWAUKEE,MILWAUKEE CITY WARD 6,SPRING GENERAL,JUSTICE OF THE SUPREME COURT,NONPARTISAN,ANN W. BRADLEY,19,19
2005,APRIL,MILWAUKEE,MILWAUKEE CITY WARD 6,SPRING GENERAL,JUSTICE OF THE SUPREME COURT,NONPARTISAN,SCATTERING,19,0
2005,APRIL,MILWAUKEE,MILWAUKEE CITY WARD 7,SPRING GENERAL,JUSTICE OF THE SUPREME COURT,NONPARTISAN,ANN W. BRADLEY,12,12
2005,APRIL,MILWAUKEE,MILWAUKEE CITY WARD 7,SPRING GENERAL,JUSTICE OF THE SUPREME COURT,NONPARTISAN,SCATTERING,12,0
2005,APRIL,MILWAUKEE,MILWAUKEE CITY WARD 8,SPRING GENERAL,JUSTICE OF THE SUPREME COURT,NONPARTISAN,ANN W. BRADLEY,34,34
2005,APRIL,MILWAUKEE,MILWAUKEE CITY WARD 8,SPRING GENERAL,JUSTICE OF THE SUPREME COURT,NONPARTISAN,SCATTERING,34,0
2005,APRIL,MILWAUKEE,MILWAUKEE CITY WARD 9,SPRING GENERAL,JUSTICE OF THE SUPREME COURT,NONPARTISAN,ANN W. BRADLEY,35,34
2005,APRIL,MILWAUKEE,MILWAUKEE CITY WARD 9,SPRING GENERAL,JUSTICE OF THE SUPREME COURT,NONPARTISAN,SCATTERING,35,1
2005,APRIL,MILWAUKEE,MILWAUKEE CITY WARD 10,SPRING GENERAL,JUSTICE OF THE SUPREME COURT,NONPARTISAN,ANN W. BRADLEY,55,54
2005,APRIL,MILWAUKEE,MILWAUKEE CITY WARD 10,SPRING GENERAL,JUSTICE OF THE SUPREME COURT,NONPARTISAN,SCATTERING,55,1
2005,APRIL,MILWAUKEE,MILWAUKEE CITY WARD 11,SPRING GENERAL,JUSTICE OF THE SUPREME COURT,NONPARTISAN,ANN W. BRADLEY,20,20
2005,APRIL,MILWAUKEE,MILWAUKEE CITY WARD 11,SPRING GENERAL,JUSTICE OF THE SUPREME COURT,NONPARTISAN,SCATTERING,20,0
2005,APRIL,MILWAUKEE,MILWAUKEE CITY WARD 12,SPRING GENERAL,JUSTICE OF THE SUPREME COURT,NONPARTISAN,ANN W. BRADLEY,47,45
2005,APRIL,MILWAUKEE,MILWAUKEE CITY WARD 12,SPRING GENERAL,JUSTICE OF THE SUPREME COURT,NONPARTISAN,SCATTERING,47,2
2005,APRIL,MILWAUKEE,MILWAUKEE CITY WARD 13,SPRING GENERAL,JUSTICE OF THE SUPREME COURT,NONPARTISAN,ANN W. BRADLEY,29,29
2005,APRIL,MILWAUKEE,MILWAUKEE CITY WARD 13,SPRING GENERAL,JUSTICE OF THE SUPREME COURT,NONPARTISAN,SCATTERING,29,0
2005,APRIL,MILWAUKEE,MILWAUKEE CITY WARD 14,SPRING GENERAL,JUSTICE OF THE SUPREME COURT,NONPARTISAN,ANN W. BRADLEY,32,32
2005,APRIL,MILWAUKEE,MILWAUKEE CITY WARD 14,SPRING GENERAL,JUSTICE OF THE SUPREME COURT,NONPARTISAN,SCATTERING,32,0
2005,APRIL,MILWAUKEE,MILWAUKEE CITY WARD 15,SPRING GENERAL,JUSTICE OF THE SUPREME COURT,NONPARTISAN,ANN W. BRADLEY,61,61
2005,APRIL,MILWAUKEE,MILWAUKEE CITY WARD 15,SPRING GENERAL,JUSTICE OF THE SUPREME COURT,NONPARTISAN,SCATTERING,61,0
2005,APRIL,MILWAUKEE,MILWAUKEE CITY WARD 16,SPRING GENERAL,JUSTICE OF THE SUPREME COURT,NONPARTISAN,ANN W. BRADLEY,45,45
2005,APRIL,MILWAUKEE,MILWAUKEE CITY WARD 16,SPRING GENERAL,JUSTICE OF THE SUPREME COURT,NONPARTISAN,SCATTERING,45,0
2005,APRIL,MILWAUKEE,MILWAUKEE CITY WARD 17,SPRING GENERAL,JUSTICE OF THE SUPREME COURT,NONPARTISAN,ANN W. BRADLEY,114,113
2005,APRIL,MILWAUKEE,MILWAUKEE CITY WARD 17,SPRING GENERAL,JUSTICE OF THE SUPREME COURT,NONPARTISAN,SCATTERING,114,1
2005,APRIL,MILWAUKEE,MILWAUKEE CITY WARD 18,SPRING GENERAL,JUSTICE OF THE SUPREME COURT,NONPARTISAN,ANN W. BRADLEY,58,58
2005,APRIL,MILWAUKEE,MILWAUKEE CITY WARD 18,SPRING GENERAL,JUSTICE OF THE SUPREME COURT,NONPARTISAN,SCATTERING,58,0
2005,APRIL,MILWAUKEE,MILWAUKEE CITY WARD 19,SPRING GENERAL,JUSTICE OF THE SUPREME COURT,NONPARTISAN,ANN W. BRADLEY,58,56
2005,APRIL,MILWAUKEE,MILWAUKEE CITY WARD 19,SPRING GENERAL,JUSTICE OF THE SUPREME COURT,NONPARTISAN,SCATTERING,58,2
2005,APRIL,MILWAUKEE,MILWAUKEE CITY WARD 20,SPRING GENERAL,JUSTICE OF THE SUPREME COURT,NONPARTISAN,ANN W. BRADLEY,25,23
2005,APRIL,MILWAUKEE,MILWAUKEE CITY WARD 20,SPRING GENERAL,JUSTICE OF THE SUPREME COURT,NONPARTISAN,SCATTERING,25,2
2005,APRIL,MILWAUKEE,MILWAUKEE CITY WARD 21,SPRING GENERAL,JUSTICE OF THE SUPREME COURT,NONPARTISAN,ANN W. BRADLEY,44,44
2005,APRIL,MILWAUKEE,MILWAUKEE CITY WARD 21,SPRING GENERAL,JUSTICE OF THE SUPREME COURT,NONPARTISAN,SCATTERING,44,0
2005,APRIL,MILWAUKEE,MILWAUKEE CITY WARD 22,SPRING GENERAL,JUSTICE OF THE SUPREME COURT,NONPARTISAN,ANN W. BRADLEY,28,27
2005,APRIL,MILWAUKEE,MILWAUKEE CITY WARD 22,SPRING GENERAL,JUSTICE OF THE SUPREME COURT,NONPARTISAN,SCATTERING,28,1
2005,APRIL,MILWAUKEE,MILWAUKEE CITY WARD 23,SPRING GENERAL,JUSTICE OF THE SUPREME COURT,NONPARTISAN,ANN W. BRADLEY,47,46
2005,APRIL,MILWAUKEE,MILWAUKEE CITY WARD 23,SPRING GENERAL,JUSTICE OF THE SUPREME COURT,NONPARTISAN,SCATTERING,47,1
2005,APRIL,MILWAUKEE,MILWAUKEE CITY WARD 24,SPRING GENERAL,JUSTICE OF THE SUPREME COURT,NONPARTISAN,ANN W. BRADLEY,51,50
2005,APRIL,MILWAUKEE,MILWAUKEE CITY WARD 24,SPRING GENERAL,JUSTICE OF THE SUPREME COURT,NONPARTISAN,SCATTERING,51,1
2005,APRIL,MILWAUKEE,MILWAUKEE CITY WARD 25,SPRING GENERAL,JUSTICE OF THE SUPREME COURT,NONPARTISAN,ANN W. BRADLEY,42,41
2005,APRIL,MILWAUKEE,MILWAUKEE CITY WARD 25,SPRING GENERAL,JUSTICE OF THE SUPREME COURT,NONPARTISAN,SCATTERING,42,1
2005,APRIL,MILWAUKEE,MILWAUKEE CITY WARD 26,SPRING GENERAL,JUSTICE OF THE SUPREME COURT,NONPARTISAN,ANN W. BRADLEY,51,51
2005,APRIL,MILWAUKEE,MILWAUKEE CITY WARD 26,SPRING GENERAL,JUSTICE OF THE SUPREME COURT,NONPARTISAN,SCATTERING,51,0
2005,APRIL,MILWAUKEE,MILWAUKEE CITY WARD 27,SPRING GENERAL,JUSTICE OF THE SUPREME COURT,NONPARTISAN,ANN W. BRADLEY,77,76
2005,APRIL,MILWAUKEE,MILWAUKEE CITY WARD 27,SPRING GENERAL,JUSTICE OF THE SUPREME COURT,NONPARTISAN,SCATTERING,77,1
2005,APRIL,MILWAUKEE,MILWAUKEE CITY WARD 28,SPRING GENERAL,JUSTICE OF THE SUPREME COURT,NONPARTISAN,ANN W. BRADLEY,30,30
2005,APRIL,MILWAUKEE,MILWAUKEE CITY WARD 28,SPRING GENERAL,JUSTICE OF THE SUPREME COURT,NONPARTISAN,SCATTERING,30,0
2005,APRIL,MILWAUKEE,MILWAUKEE CITY WARD 29,SPRING GENERAL,JUSTICE OF THE SUPREME COURT,NONPARTISAN,ANN W. BRADLEY,30,30
2005,APRIL,MILWAUKEE,MILWAUKEE CITY WARD 29,SPRING GENERAL,JUSTICE OF THE SUPREME COURT,NONPARTISAN,SCATTERING,30,0
2005,APRIL,MILWAUKEE,MILWAUKEE CITY WARD 30,SPRING GENERAL,JUSTICE OF THE SUPREME COURT,NONPARTISAN,ANN W. BRADLEY,52,50
2005,APRIL,MILWAUKEE,MILWAUKEE CITY WARD 30,SPRING GENERAL,JUSTICE OF THE SUPREME COURT,NONPARTISAN,SCATTERING,52,2
2005,APRIL,MILWAUKEE,MILWAUKEE CITY WARD 31,SPRING GENERAL,JUSTICE OF THE SUPREME COURT,NONPARTISAN,ANN W. BRADLEY,68,68
2005,APRIL,MILWAUKEE,MILWAUKEE CITY WARD 31,SPRING GENERAL,JUSTICE OF THE SUPREME COURT,NONPARTISAN,SCATTERING,68,0
2005,APRIL,MILWAUKEE,MILWAUKEE CITY WARD 32,SPRING GENERAL,JUSTICE OF THE SUPREME COURT,NONPARTISAN,ANN W. BRADLEY,53,53
2005,APRIL,MILWAUKEE,MILWAUKEE CITY WARD 32,SPRING GENERAL,JUSTICE OF THE SUPREME COURT,NONPARTISAN,SCATTERING,53,0
2005,APRIL,MILWAUKEE,MILWAUKEE CITY WARD 33,SPRING GENERAL,JUSTICE OF THE SUPREME COURT,NONPARTISAN,ANN W. BRADLEY,58,58
2005,APRIL,MILWAUKEE,MILWAUKEE CITY WARD 33,SPRING GENERAL,JUSTICE OF THE SUPREME COURT,NONPARTISAN,SCATTERING,58,0
2005,APRIL,MILWAUKEE,MILWAUKEE CITY WARD 34,SPRING GENERAL,JUSTICE OF THE SUPREME COURT,NONPARTISAN,ANN W. BRADLEY,69,68
2005,APRIL,MILWAUKEE,MILWAUKEE CITY WARD 34,SPRING GENERAL,JUSTICE OF THE SUPREME COURT,NONPARTISAN,SCATTERING,69,1
2005,APRIL,MILWAUKEE,MILWAUKEE CITY WARD 35,SPRING GENERAL,JUSTICE OF THE SUPREME COURT,NONPARTISAN,ANN W. BRADLEY,29,28
2005,APRIL,MILWAUKEE,MILWAUKEE CITY WARD 35,SPRING GENERAL,JUSTICE OF THE SUPREME COURT,NONPARTISAN,SCATTERING,29,1
2005,APRIL,MILWAUKEE,MILWAUKEE CITY WARD 36,SPRING GENERAL,JUSTICE OF THE SUPREME COURT,NONPARTISAN,ANN W. BRADLEY,79,78
2005,APRIL,MILWAUKEE,MILWAUKEE CITY WARD 36,SPRING GENERAL,JUSTICE OF THE SUPREME COURT,NONPARTISAN,SCATTERING,79,1
2005,APRIL,MILWAUKEE,MILWAUKEE CITY WARD 37,SPRING GENERAL,JUSTICE OF THE SUPREME COURT,NONPARTISAN,ANN W. BRADLEY,197,195
2005,APRIL,MILWAUKEE,MILWAUKEE CITY WARD 37,SPRING GENERAL,JUSTICE OF THE SUPREME COURT,NONPARTISAN,SCATTERING,197,2
2005,APRIL,MILWAUKEE,MILWAUKEE CITY WARD 38,SPRING GENERAL,JUSTICE OF THE SUPREME COURT,NONPARTISAN,ANN W. BRADLEY,141,136
2005,APRIL,MILWAUKEE,MILWAUKEE CITY WARD 38,SPRING GENERAL,JUSTICE OF THE SUPREME COURT,NONPARTISAN,SCATTERING,141,5
2005,APRIL,MILWAUKEE,MILWAUKEE CITY WARD 39,SPRING GENERAL,JUSTICE OF THE SUPREME COURT,NONPARTISAN,ANN W. BRADLEY,51,47
2005,APRIL,MILWAUKEE,MILWAUKEE CITY WARD 39,SPRING GENERAL,JUSTICE OF THE SUPREME COURT,NONPARTISAN,SCATTERING,51,4
2005,APRIL,MILWAUKEE,MILWAUKEE CITY WARD 40,SPRING GENERAL,JUSTICE OF THE SUPREME COURT,NONPARTISAN,ANN W. BRADLEY,107,104
2005,APRIL,MILWAUKEE,MILWAUKEE CITY WARD 40,SPRING GENERAL,JUSTICE OF THE SUPREME COURT,NONPARTISAN,SCATTERING,107,3
2005,APRIL,MILWAUKEE,MILWAUKEE CITY WARD 41,SPRING GENERAL,JUSTICE OF THE SUPREME COURT,NONPARTISAN,ANN W. BRADLEY,137,136
2005,APRIL,MILWAUKEE,MILWAUKEE CITY WARD 41,SPRING GENERAL,JUSTICE OF THE SUPREME COURT,NONPARTISAN,SCATTERING,137,1
2005,APRIL,MILWAUKEE,MILWAUKEE CITY WARD 42,SPRING GENERAL,JUSTICE OF THE SUPREME COURT,NONPARTISAN,ANN W. BRADLEY,198,197
2005,APRIL,MILWAUKEE,MILWAUKEE CITY WARD 42,SPRING GENERAL,JUSTICE OF THE SUPREME COURT,NONPARTISAN,SCATTERING,198,1
2005,APRIL,MILWAUKEE,MILWAUKEE CITY WARD 43,SPRING GENERAL,JUSTICE OF THE SUPREME COURT,NONPARTISAN,ANN W. BRADLEY,94,93
2005,APRIL,MILWAUKEE,MILWAUKEE CITY WARD 43,SPRING GENERAL,JUSTICE OF THE SUPREME COURT,NONPARTISAN,SCATTERING,94,1
2005,APRIL,MILWAUKEE,MILWAUKEE CITY WARD 44,SPRING GENERAL,JUSTICE OF THE SUPREME COURT,NONPARTISAN,ANN W. BRADLEY,83,82
2005,APRIL,MILWAUKEE,MILWAUKEE CITY WARD 44,SPRING GENERAL,JUSTICE OF THE SUPREME COURT,NONPARTISAN,SCATTERING,83,1
2005,APRIL,MILWAUKEE,MILWAUKEE CITY WARD 45,SPRING GENERAL,JUSTICE OF THE SUPREME COURT,NONPARTISAN,ANN W. BRADLEY,53,53
2005,APRIL,MILWAUKEE,MILWAUKEE CITY WARD 45,SPRING GENERAL,JUSTICE OF THE SUPREME COURT,NONPARTISAN,SCATTERING,53,0
2005,APRIL,MILWAUKEE,MILWAUKEE CITY WARD 46,SPRING GENERAL,JUSTICE OF THE SUPREME COURT,NONPARTISAN,ANN W. BRADLEY,37,37
2005,APRIL,MILWAUKEE,MILWAUKEE CITY WARD 46,SPRING GENERAL,JUSTICE OF THE SUPREME COURT,NONPARTISAN,SCATTERING,37,0
2005,APRIL,MILWAUKEE,MILWAUKEE CITY WARD 47,SPRING GENERAL,JUSTICE OF THE SUPREME COURT,NONPARTISAN,ANN W. BRADLEY,56,56
2005,APRIL,MILWAUKEE,MILWAUKEE CITY WARD 47,SPRING GENERAL,JUSTICE OF THE SUPREME COURT,NONPARTISAN,SCATTERING,56,0
2005,APRIL,MILWAUKEE,MILWAUKEE CITY WARD 48,SPRING GENERAL,JUSTICE OF THE SUPREME COURT,NONPARTISAN,ANN W. BRADLEY,59,59
2005,APRIL,MILWAUKEE,MILWAUKEE CITY WARD 48,SPRING GENERAL,JUSTICE OF THE SUPREME COURT,NONPARTISAN,SCATTERING,59,0
2005,APRIL,MILWAUKEE,MILWAUKEE CITY WARD 49,SPRING GENERAL,JUSTICE OF THE SUPREME COURT,NONPARTISAN,ANN W. BRADLEY,60,59
2005,APRIL,MILWAUKEE,MILWAUKEE CITY WARD 49,SPRING GENERAL,JUSTICE OF THE SUPREME COURT,NONPARTISAN,SCATTERING,60,1
2005,APRIL,MILWAUKEE,MILWAUKEE CITY WARD 50,SPRING GENERAL,JUSTICE OF THE SUPREME COURT,NONPARTISAN,ANN W. BRADLEY,75,75
2005,APRIL,MILWAUKEE,MILWAUKEE CITY WARD 50,SPRING GENERAL,JUSTICE OF THE SUPREME COURT,NONPARTISAN,SCATTERING,75,0
2005,APRIL,MILWAUKEE,MILWAUKEE CITY WARD 51,SPRING GENERAL,JUSTICE OF THE SUPREME COURT,NONPARTISAN,ANN W. BRADLEY,116,114
2005,APRIL,MILWAUKEE,MILWAUKEE CITY WARD 51,SPRING GENERAL,JUSTICE OF THE SUPREME COURT,NONPARTISAN,SCATTERING,116,2
2005,APRIL,MILWAUKEE,MILWAUKEE CITY WARD 52,SPRING GENERAL,JUSTICE OF THE SUPREME COURT,NONPARTISAN,ANN W. BRADLEY,88,86
2005,APRIL,MILWAUKEE,MILWAUKEE CITY WARD 52,SPRING GENERAL,JUSTICE OF THE SUPREME COURT,NONPARTISAN,SCATTERING,88,2
2005,APRIL,MILWAUKEE,MILWAUKEE CITY WARD 53,SPRING GENERAL,JUSTICE OF THE SUPREME COURT,NONPARTISAN,ANN W. BRADLEY,79,76
2005,APRIL,MILWAUKEE,MILWAUKEE CITY WARD 53,SPRING GENERAL,JUSTICE OF THE SUPREME COURT,NONPARTISAN,SCATTERING,79,3
2005,APRIL,MILWAUKEE,MILWAUKEE CITY WARD 54,SPRING GENERAL,JUSTICE OF THE SUPREME COURT,NONPARTISAN,ANN W. BRADLEY,141,133
2005,APRIL,MILWAUKEE,MILWAUKEE CITY WARD 54,SPRING GENERAL,JUSTICE OF THE SUPREME COURT,NONPARTISAN,SCATTERING,141,8
2005,APRIL,MILWAUKEE,MILWAUKEE CITY WARD 55,SPRING GENERAL,JUSTICE OF THE SUPREME COURT,NONPARTISAN,ANN W. BRADLEY,74,74
2005,APRIL,MILWAUKEE,MILWAUKEE CITY WARD 55,SPRING GENERAL,JUSTICE OF THE SUPREME COURT,NONPARTISAN,SCATTERING,74,0
2005,APRIL,MILWAUKEE,MILWAUKEE CITY WARD 56,SPRING GENERAL,JUSTICE OF THE SUPREME COURT,NONPARTISAN,ANN W. BRADLEY,175,172
2005,APRIL,MILWAUKEE,MILWAUKEE CITY WARD 56,SPRING GENERAL,JUSTICE OF THE SUPREME COURT,NONPARTISAN,SCATTERING,175,3
2005,APRIL,MILWAUKEE,MILWAUKEE CITY WARD 57,SPRING GENERAL,JUSTICE OF THE SUPREME COURT,NONPARTISAN,ANN W. BRADLEY,30,29
2005,APRIL,MILWAUKEE,MILWAUKEE CITY WARD 57,SPRING GENERAL,JUSTICE OF THE SUPREME COURT,NONPARTISAN,SCATTERING,30,1
2005,APRIL,MILWAUKEE,MILWAUKEE CITY WARD 58,SPRING GENERAL,JUSTICE OF THE SUPREME COURT,NONPARTISAN,ANN W. BRADLEY,136,132
2005,APRIL,MILWAUKEE,MILWAUKEE CITY WARD 58,SPRING GENERAL,JUSTICE OF THE SUPREME COURT,NONPARTISAN,SCATTERING,136,4
2005,APRIL,MILWAUKEE,MILWAUKEE CITY WARD 59,SPRING GENERAL,JUSTICE OF THE SUPREME COURT,NONPARTISAN,ANN W. BRADLEY,54,51
2005,APRIL,MILWAUKEE,MILWAUKEE CITY WARD 59,SPRING GENERAL,JUSTICE OF THE SUPREME COURT,NONPARTISAN,SCATTERING,54,3
2005,APRIL,MILWAUKEE,MILWAUKEE CITY WARD 60,SPRING GENERAL,JUSTICE OF THE SUPREME COURT,NONPARTISAN,ANN W. BRADLEY,29,28
2005,APRIL,MILWAUKEE,MILWAUKEE CITY WARD 60,SPRING GENERAL,JUSTICE OF THE SUPREME COURT,NONPARTISAN,SCATTERING,29,1
2005,APRIL,MILWAUKEE,MILWAUKEE CITY WARD 61,SPRING GENERAL,JUSTICE OF THE SUPREME COURT,NONPARTISAN,ANN W. BRADLEY,18,18
2005,APRIL,MILWAUKEE,MILWAUKEE CITY WARD 61,SPRING GENERAL,JUSTICE OF THE SUPREME COURT,NONPARTISAN,SCATTERING,18,0
2005,APRIL,MILWAUKEE,MILWAUKEE CITY WARD 62,SPRING GENERAL,JUSTICE OF THE SUPREME COURT,NONPARTISAN,ANN W. BRADLEY,9,9
2005,APRIL,MILWAUKEE,MILWAUKEE CITY WARD 62,SPRING GENERAL,JUSTICE OF THE SUPREME COURT,NONPARTISAN,SCATTERING,9,0
2005,APRIL,MILWAUKEE,MILWAUKEE CITY WARD 63,SPRING GENERAL,JUSTICE OF THE SUPREME COURT,NONPARTISAN,ANN W. BRADLEY,9,9
2005,APRIL,MILWAUKEE,MILWAUKEE CITY WARD 63,SPRING GENERAL,JUSTICE OF THE SUPREME COURT,NONPARTISAN,SCATTERING,9,0
2005,APRIL,MILWAUKEE,MILWAUKEE CITY WARD 64,SPRING GENERAL,JUSTICE OF THE SUPREME COURT,NONPARTISAN,ANN W. BRADLEY,52,51
2005,APRIL,MILWAUKEE,MILWAUKEE CITY WARD 64,SPRING GENERAL,JUSTICE OF THE SUPREME COURT,NONPARTISAN,SCATTERING,52,1
2005,APRIL,MILWAUKEE,MILWAUKEE CITY WARD 65,SPRING GENERAL,JUSTICE OF THE SUPREME COURT,NONPARTISAN,ANN W. BRADLEY,17,17
2005,APRIL,MILWAUKEE,MILWAUKEE CITY WARD 65,SPRING GENERAL,JUSTICE OF THE SUPREME COURT,NONPARTISAN,SCATTERING,17,0
2005,APRIL,MILWAUKEE,MILWAUKEE CITY WARD 66,SPRING GENERAL,JUSTICE OF THE SUPREME COURT,NONPARTISAN,ANN W. BRADLEY,9,9
2005,APRIL,MILWAUKEE,MILWAUKEE CITY WARD 66,SPRING GENERAL,JUSTICE OF THE SUPREME COURT,NONPARTISAN,SCATTERING,9,0
2005,APRIL,MILWAUKEE,MILWAUKEE CITY WARD 67,SPRING GENERAL,JUSTICE OF THE SUPREME COURT,NONPARTISAN,ANN W. BRADLEY,16,16
2005,APRIL,MILWAUKEE,MILWAUKEE CITY WARD 67,SPRING GENERAL,JUSTICE OF THE SUPREME COURT,NONPARTISAN,SCATTERING,16,0
2005,APRIL,MILWAUKEE,MILWAUKEE CITY WARD 68,SPRING GENERAL,JUSTICE OF THE SUPREME COURT,NONPARTISAN,ANN W. BRADLEY,26,24
2005,APRIL,MILWAUKEE,MILWAUKEE CITY WARD 68,SPRING GENERAL,JUSTICE OF THE SUPREME COURT,NONPARTISAN,SCATTERING,26,2
2005,APRIL,MILWAUKEE,MILWAUKEE CITY WARD 69,SPRING GENERAL,JUSTICE OF THE SUPREME COURT,NONPARTISAN,ANN W. BRADLEY,12,12
2005,APRIL,MILWAUKEE,MILWAUKEE CITY WARD 69,SPRING GENERAL,JUSTICE OF THE SUPREME COURT,NONPARTISAN,SCATTERING,12,0
2005,APRIL,MILWAUKEE,MILWAUKEE CITY WARD 70,SPRING GENERAL,JUSTICE OF THE SUPREME COURT,NONPARTISAN,ANN W. BRADLEY,81,80
2005,APRIL,MILWAUKEE,MILWAUKEE CITY WARD 70,SPRING GENERAL,JUSTICE OF THE SUPREME COURT,NONPARTISAN,SCATTERING,81,1
2005,APRIL,MILWAUKEE,MILWAUKEE CITY WARD 71,SPRING GENERAL,JUSTICE OF THE SUPREME COURT,NONPARTISAN,ANN W. BRADLEY,47,46
2005,APRIL,MILWAUKEE,MILWAUKEE CITY WARD 71,SPRING GENERAL,JUSTICE OF THE SUPREME COURT,NONPARTISAN,SCATTERING,47,1
2005,APRIL,MILWAUKEE,MILWAUKEE CITY WARD 72,SPRING GENERAL,JUSTICE OF THE SUPREME COURT,NONPARTISAN,ANN W. BRADLEY,27,27
2005,APRIL,MILWAUKEE,MILWAUKEE CITY WARD 72,SPRING GENERAL,JUSTICE OF THE SUPREME COURT,NONPARTISAN,SCATTERING,27,0
2005,APRIL,MILWAUKEE,MILWAUKEE CITY WARD 73,SPRING GENERAL,JUSTICE OF THE SUPREME COURT,NONPARTISAN,ANN W. BRADLEY,43,41
2005,APRIL,MILWAUKEE,MILWAUKEE CITY WARD 73,SPRING GENERAL,JUSTICE OF THE SUPREME COURT,NONPARTISAN,SCATTERING,43,2
2005,APRIL,MILWAUKEE,MILWAUKEE CITY WARD 74,SPRING GENERAL,JUSTICE OF THE SUPREME COURT,NONPARTISAN,ANN W. BRADLEY,31,31
2005,APRIL,MILWAUKEE,MILWAUKEE CITY WARD 74,SPRING GENERAL,JUSTICE OF THE SUPREME COURT,NONPARTISAN,SCATTERING,31,0
2005,APRIL,MILWAUKEE,MILWAUKEE CITY WARD 75,SPRING GENERAL,JUSTICE OF THE SUPREME COURT,NONPARTISAN,ANN W. BRADLEY,35,35
2005,APRIL,MILWAUKEE,MILWAUKEE CITY WARD 75,SPRING GENERAL,JUSTICE OF THE SUPREME COURT,NONPARTISAN,SCATTERING,35,0
2005,APRIL,MILWAUKEE,MILWAUKEE CITY WARD 76,SPRING GENERAL,JUSTICE OF THE SUPREME COURT,NONPARTISAN,ANN W. BRADLEY,62,60
2005,APRIL,MILWAUKEE,MILWAUKEE CITY WARD 76,SPRING GENERAL,JUSTICE OF THE SUPREME COURT,NONPARTISAN,SCATTERING,62,2
2005,APRIL,MILWAUKEE,MILWAUKEE CITY WARD 77,SPRING GENERAL,JUSTICE OF THE SUPREME COURT,NONPARTISAN,ANN W. BRADLEY,67,67
2005,APRIL,MILWAUKEE,MILWAUKEE CITY WARD 77,SPRING GENERAL,JUSTICE OF THE SUPREME COURT,NONPARTISAN,SCATTERING,67,0
2005,APRIL,MILWAUKEE,MILWAUKEE CITY WARD 78,SPRING GENERAL,JUSTICE OF THE SUPREME COURT,NONPARTISAN,ANN W. BRADLEY,34,34
2005,APRIL,MILWAUKEE,MILWAUKEE CITY WARD 78,SPRING GENERAL,JUSTICE OF THE SUPREME COURT,NONPARTISAN,SCATTERING,34,0
2005,APRIL,MILWAUKEE,MILWAUKEE CITY WARD 79,SPRING GENERAL,JUSTICE OF THE SUPREME COURT,NONPARTISAN,ANN W. BRADLEY,58,57
2005,APRIL,MILWAUKEE,MILWAUKEE CITY WARD 79,SPRING GENERAL,JUSTICE OF THE SUPREME COURT,NONPARTISAN,SCATTERING,58,1
2005,APRIL,MILWAUKEE,MILWAUKEE CITY WARD 80,SPRING GENERAL,JUSTICE OF THE SUPREME COURT,NONPARTISAN,ANN W. BRADLEY,54,54
2005,APRIL,MILWAUKEE,MILWAUKEE CITY WARD 80,SPRING GENERAL,JUSTICE OF THE SUPREME COURT,NONPARTISAN,SCATTERING,54,0
2005,APRIL,MILWAUKEE,MILWAUKEE CITY WARD 81,SPRING GENERAL,JUSTICE OF THE SUPREME COURT,NONPARTISAN,ANN W. BRADLEY,62,61
2005,APRIL,MILWAUKEE,MILWAUKEE CITY WARD 81,SPRING GENERAL,JUSTICE OF THE SUPREME COURT,NONPARTISAN,SCATTERING,62,1
2005,APRIL,MILWAUKEE,MILWAUKEE CITY WARD 82,SPRING GENERAL,JUSTICE OF THE SUPREME COURT,NONPARTISAN,ANN W. BRADLEY,75,75
2005,APRIL,MILWAUKEE,MILWAUKEE CITY WARD 82,SPRING GENERAL,JUSTICE OF THE SUPREME COURT,NONPARTISAN,SCATTERING,75,0
2005,APRIL,MILWAUKEE,MILWAUKEE CITY WARD 83,SPRING GENERAL,JUSTICE OF THE SUPREME COURT,NONPARTISAN,ANN W. BRADLEY,58,58
2005,APRIL,MILWAUKEE,MILWAUKEE CITY WARD 83,SPRING GENERAL,JUSTICE OF THE SUPREME COURT,NONPARTISAN,SCATTERING,58,0
2005,APRIL,MILWAUKEE,MILWAUKEE CITY WARD 84,SPRING GENERAL,JUSTICE OF THE SUPREME COURT,NONPARTISAN,ANN W. BRADLEY,88,86
2005,APRIL,MILWAUKEE,MILWAUKEE CITY WARD 84,SPRING GENERAL,JUSTICE OF THE SUPREME COURT,NONPARTISAN,SCATTERING,88,2
2005,APRIL,MILWAUKEE,MILWAUKEE CITY WARD 85,SPRING GENERAL,JUSTICE OF THE SUPREME COURT,NONPARTISAN,ANN W. BRADLEY,81,80
2005,APRIL,MILWAUKEE,MILWAUKEE CITY WARD 85,SPRING GENERAL,JUSTICE OF THE SUPREME COURT,NONPARTISAN,SCATTERING,81,1
2005,APRIL,MILWAUKEE,MILWAUKEE CITY WARD 86,SPRING GENERAL,JUSTICE OF THE SUPREME COURT,NONPARTISAN,ANN W. BRADLEY,90,89
2005,APRIL,MILWAUKEE,MILWAUKEE CITY WARD 86,SPRING GENERAL,JUSTICE OF THE SUPREME COURT,NONPARTISAN,SCATTERING,90,1
2005,APRIL,MILWAUKEE,MILWAUKEE CITY WARD 87,SPRING GENERAL,JUSTICE OF THE SUPREME COURT,NONPARTISAN,ANN W. BRADLEY,71,71
2005,APRIL,MILWAUKEE,MILWAUKEE CITY WARD 87,SPRING GENERAL,JUSTICE OF THE SUPREME COURT,NONPARTISAN,SCATTERING,71,0
2005,APRIL,MILWAUKEE,MILWAUKEE CITY WARD 88,SPRING GENERAL,JUSTICE OF THE SUPREME COURT,NONPARTISAN,ANN W. BRADLEY,69,69
2005,APRIL,MILWAUKEE,MILWAUKEE CITY WARD 88,SPRING GENERAL,JUSTICE OF THE SUPREME COURT,NONPARTISAN,SCATTERING,69,0
2005,APRIL,MILWAUKEE,MILWAUKEE CITY WARD 89,SPRING GENERAL,JUSTICE OF THE SUPREME COURT,NONPARTISAN,ANN W. BRADLEY,76,75
2005,APRIL,MILWAUKEE,MILWAUKEE CITY WARD 89,SPRING GENERAL,JUSTICE OF THE SUPREME COURT,NONPARTISAN,SCATTERING,76,1
2005,APRIL,MILWAUKEE,MILWAUKEE CITY WARD 90,SPRING GENERAL,JUSTICE OF THE SUPREME COURT,NONPARTISAN,ANN W. BRADLEY,75,74
2005,APRIL,MILWAUKEE,MILWAUKEE CITY WARD 90,SPRING GENERAL,JUSTICE OF THE SUPREME COURT,NONPARTISAN,SCATTERING,75,1
2005,APRIL,MILWAUKEE,MILWAUKEE CITY WARD 91,SPRING GENERAL,JUSTICE OF THE SUPREME COURT,NONPARTISAN,ANN W. BRADLEY,101,100
2005,APRIL,MILWAUKEE,MILWAUKEE CITY WARD 91,SPRING GENERAL,JUSTICE OF THE SUPREME COURT,NONPARTISAN,SCATTERING,101,1
2005,APRIL,MILWAUKEE,MILWAUKEE CITY WARD 92,SPRING GENERAL,JUSTICE OF THE SUPREME COURT,NONPARTISAN,ANN W. BRADLEY,128,127
2005,APRIL,MILWAUKEE,MILWAUKEE CITY WARD 92,SPRING GENERAL,JUSTICE OF THE SUPREME COURT,NONPARTISAN,SCATTERING,128,1
2005,APRIL,MILWAUKEE,MILWAUKEE CITY WARD 93,SPRING GENERAL,JUSTICE OF THE SUPREME COURT,NONPARTISAN,ANN W. BRADLEY,89,89
2005,APRIL,MILWAUKEE,MILWAUKEE CITY WARD 93,SPRING GENERAL,JUSTICE OF THE SUPREME COURT,NONPARTISAN,SCATTERING,89,0
2005,APRIL,MILWAUKEE,MILWAUKEE CITY WARD 94,SPRING GENERAL,JUSTICE OF THE SUPREME COURT,NONPARTISAN,ANN W. BRADLEY,138,138
2005,APRIL,MILWAUKEE,MILWAUKEE CITY WARD 94,SPRING GENERAL,JUSTICE OF THE SUPREME COURT,NONPARTISAN,SCATTERING,138,0
2005,APRIL,MILWAUKEE,MILWAUKEE CITY WARD 95,SPRING GENERAL,JUSTICE OF THE SUPREME COURT,NONPARTISAN,ANN W. BRADLEY,57,57
2005,APRIL,MILWAUKEE,MILWAUKEE CITY WARD 95,SPRING GENERAL,JUSTICE OF THE SUPREME COURT,NONPARTISAN,SCATTERING,57,0
2005,APRIL,MILWAUKEE,MILWAUKEE CITY WARD 96,SPRING GENERAL,JUSTICE OF THE SUPREME COURT,NONPARTISAN,ANN W. BRADLEY,25,25
2005,APRIL,MILWAUKEE,MILWAUKEE CITY WARD 96,SPRING GENERAL,JUSTICE OF THE SUPREME COURT,NONPARTISAN,SCATTERING,25,0
2005,APRIL,MILWAUKEE,MILWAUKEE CITY WARD 97,SPRING GENERAL,JUSTICE OF THE SUPREME COURT,NONPARTISAN,ANN W. BRADLEY,32,32
2005,APRIL,MILWAUKEE,MILWAUKEE CITY WARD 97,SPRING GENERAL,JUSTICE OF THE SUPREME COURT,NONPARTISAN,SCATTERING,32,0
2005,APRIL,MILWAUKEE,MILWAUKEE CITY WARD 98,SPRING GENERAL,JUSTICE OF THE SUPREME COURT,NONPARTISAN,ANN W. BRADLEY,28,28
2005,APRIL,MILWAUKEE,MILWAUKEE CITY WARD 98,SPRING GENERAL,JUSTICE OF THE SUPREME COURT,NONPARTISAN,SCATTERING,28,0
2005,APRIL,MILWAUKEE,MILWAUKEE CITY WARD 99,SPRING GENERAL,JUSTICE OF THE SUPREME COURT,NONPARTISAN,ANN W. BRADLEY,34,34
2005,APRIL,MILWAUKEE,MILWAUKEE CITY WARD 99,SPRING GENERAL,JUSTICE OF THE SUPREME COURT,NONPARTISAN,SCATTERING,34,0
2005,APRIL,MILWAUKEE,MILWAUKEE CITY WARD 100,SPRING GENERAL,JUSTICE OF THE SUPREME COURT,NONPARTISAN,ANN W. BRADLEY,32,31
2005,APRIL,MILWAUKEE,MILWAUKEE CITY WARD 100,SPRING GENERAL,JUSTICE OF THE SUPREME COURT,NONPARTISAN,SCATTERING,32,1
2005,APRIL,MILWAUKEE,MILWAUKEE CITY WARD 101,SPRING GENERAL,JUSTICE OF THE SUPREME COURT,NONPARTISAN,ANN W. BRADLEY,50,50
2005,APRIL,MILWAUKEE,MILWAUKEE CITY WARD 101,SPRING GENERAL,JUSTICE OF THE SUPREME COURT,NONPARTISAN,SCATTERING,50,0
2005,APRIL,MILWAUKEE,MILWAUKEE CITY WARD 102,SPRING GENERAL,JUSTICE OF THE SUPREME COURT,NONPARTISAN,ANN W. BRADLEY,49,47
2005,APRIL,MILWAUKEE,MILWAUKEE CITY WARD 102,SPRING GENERAL,JUSTICE OF THE SUPREME COURT,NONPARTISAN,SCATTERING,49,2
2005,APRIL,MILWAUKEE,MILWAUKEE CITY WARD 103,SPRING GENERAL,JUSTICE OF THE SUPREME COURT,NONPARTISAN,ANN W. BRADLEY,71,69
2005,APRIL,MILWAUKEE,MILWAUKEE CITY WARD 103,SPRING GENERAL,JUSTICE OF THE SUPREME COURT,NONPARTISAN,SCATTERING,71,2
2005,APRIL,MILWAUKEE,MILWAUKEE CITY WARD 104,SPRING GENERAL,JUSTICE OF THE SUPREME COURT,NONPARTISAN,ANN W. BRADLEY,30,30
2005,APRIL,MILWAUKEE,MILWAUKEE CITY WARD 104,SPRING GENERAL,JUSTICE OF THE SUPREME COURT,NONPARTISAN,SCATTERING,30,0
2005,APRIL,MILWAUKEE,MILWAUKEE CITY WARD 105,SPRING GENERAL,JUSTICE OF THE SUPREME COURT,NONPARTISAN,ANN W. BRADLEY,39,38
2005,APRIL,MILWAUKEE,MILWAUKEE CITY WARD 105,SPRING GENERAL,JUSTICE OF THE SUPREME COURT,NONPARTISAN,SCATTERING,39,1
2005,APRIL,MILWAUKEE,MILWAUKEE CITY WARD 106,SPRING GENERAL,JUSTICE OF THE SUPREME COURT,NONPARTISAN,ANN W. BRADLEY,26,26
2005,APRIL,MILWAUKEE,MILWAUKEE CITY WARD 106,SPRING GENERAL,JUSTICE OF THE SUPREME COURT,NONPARTISAN,SCATTERING,26,0
2005,APRIL,MILWAUKEE,MILWAUKEE CITY WARD 107,SPRING GENERAL,JUSTICE OF THE SUPREME COURT,NONPARTISAN,ANN W. BRADLEY,55,55
2005,APRIL,MILWAUKEE,MILWAUKEE CITY WARD 107,SPRING GENERAL,JUSTICE OF THE SUPREME COURT,NONPARTISAN,SCATTERING,55,0
2005,APRIL,MILWAUKEE,MILWAUKEE CITY WARD 108,SPRING GENERAL,JUSTICE OF THE SUPREME COURT,NONPARTISAN,ANN W. BRADLEY,55,55
2005,APRIL,MILWAUKEE,MILWAUKEE CITY WARD 108,SPRING GENERAL,JUSTICE OF THE SUPREME COURT,NONPARTISAN,SCATTERING,55,0
2005,APRIL,MILWAUKEE,MILWAUKEE CITY WARD 109,SPRING GENERAL,JUSTICE OF THE SUPREME COURT,NONPARTISAN,ANN W. BRADLEY,63,63
2005,APRIL,MILWAUKEE,MILWAUKEE CITY WARD 109,SPRING GENERAL,JUSTICE OF THE SUPREME COURT,NONPARTISAN,SCATTERING,63,0
2005,APRIL,MILWAUKEE,MILWAUKEE CITY WARD 110,SPRING GENERAL,JUSTICE OF THE SUPREME COURT,NONPARTISAN,ANN W. BRADLEY,108,107
2005,APRIL,MILWAUKEE,MILWAUKEE CITY WARD 110,SPRING GENERAL,JUSTICE OF THE SUPREME COURT,NONPARTISAN,SCATTERING,108,1
2005,APRIL,MILWAUKEE,MILWAUKEE CITY WARD 111,SPRING GENERAL,JUSTICE OF THE SUPREME COURT,NONPARTISAN,ANN W. BRADLEY,62,61
2005,APRIL,MILWAUKEE,MILWAUKEE CITY WARD 111,SPRING GENERAL,JUSTICE OF THE SUPREME COURT,NONPARTISAN,SCATTERING,62,1
2005,APRIL,MILWAUKEE,MILWAUKEE CITY WARD 112,SPRING GENERAL,JUSTICE OF THE SUPREME COURT,NONPARTISAN,ANN W. BRADLEY,56,55
2005,APRIL,MILWAUKEE,MILWAUKEE CITY WARD 112,SPRING GENERAL,JUSTICE OF THE SUPREME COURT,NONPARTISAN,SCATTERING,56,1
2005,APRIL,MILWAUKEE,MILWAUKEE CITY WARD 113,SPRING GENERAL,JUSTICE OF THE SUPREME COURT,NONPARTISAN,ANN W. BRADLEY,72,72
2005,APRIL,MILWAUKEE,MILWAUKEE CITY WARD 113,SPRING GENERAL,JUSTICE OF THE SUPREME COURT,NONPARTISAN,SCATTERING,72,0
2005,APRIL,MILWAUKEE,MILWAUKEE CITY WARD 114,SPRING GENERAL,JUSTICE OF THE SUPREME COURT,NONPARTISAN,ANN W. BRADLEY,38,38
2005,APRIL,MILWAUKEE,MILWAUKEE CITY WARD 114,SPRING GENERAL,JUSTICE OF THE SUPREME COURT,NONPARTISAN,SCATTERING,38,0
2005,APRIL,MILWAUKEE,MILWAUKEE CITY WARD 115,SPRING GENERAL,JUSTICE OF THE SUPREME COURT,NONPARTISAN,ANN W. BRADLEY,60,60
2005,APRIL,MILWAUKEE,MILWAUKEE CITY WARD 115,SPRING GENERAL,JUSTICE OF THE SUPREME COURT,NONPARTISAN,SCATTERING,60,0
2005,APRIL,MILWAUKEE,MILWAUKEE CITY WARD 116,SPRING GENERAL,JUSTICE OF THE SUPREME COURT,NONPARTISAN,ANN W. BRADLEY,31,31
2005,APRIL,MILWAUKEE,MILWAUKEE CITY WARD 116,SPRING GENERAL,JUSTICE OF THE SUPREME COURT,NONPARTISAN,SCATTERING,31,0
2005,APRIL,MILWAUKEE,MILWAUKEE CITY WARD 117,SPRING GENERAL,JUSTICE OF THE SUPREME COURT,NONPARTISAN,ANN W. BRADLEY,85,85
2005,APRIL,MILWAUKEE,MILWAUKEE CITY WARD 117,SPRING GENERAL,JUSTICE OF THE SUPREME COURT,NONPARTISAN,SCATTERING,85,0
2005,APRIL,MILWAUKEE,MILWAUKEE CITY WARD 118,SPRING GENERAL,JUSTICE OF THE SUPREME COURT,NONPARTISAN,ANN W. BRADLEY,67,65
2005,APRIL,MILWAUKEE,MILWAUKEE CITY WARD 118,SPRING GENERAL,JUSTICE OF THE SUPREME COURT,NONPARTISAN,SCATTERING,67,2
2005,APRIL,MILWAUKEE,MILWAUKEE CITY WARD 119,SPRING GENERAL,JUSTICE OF THE SUPREME COURT,NONPARTISAN,ANN W. BRADLEY,68,67
2005,APRIL,MILWAUKEE,MILWAUKEE CITY WARD 119,SPRING GENERAL,JUSTICE OF THE SUPREME COURT,NONPARTISAN,SCATTERING,68,1
2005,APRIL,MILWAUKEE,MILWAUKEE CITY WARD 120,SPRING GENERAL,JUSTICE OF THE SUPREME COURT,NONPARTISAN,ANN W. BRADLEY,73,72
2005,APRIL,MILWAUKEE,MILWAUKEE CITY WARD 120,SPRING GENERAL,JUSTICE OF THE SUPREME COURT,NONPARTISAN,SCATTERING,73,1
2005,APRIL,MILWAUKEE,MILWAUKEE CITY WARD 121,SPRING GENERAL,JUSTICE OF THE SUPREME COURT,NONPARTISAN,ANN W. BRADLEY,32,32
2005,APRIL,MILWAUKEE,MILWAUKEE CITY WARD 121,SPRING GENERAL,JUSTICE OF THE SUPREME COURT,NONPARTISAN,SCATTERING,32,0
2005,APRIL,MILWAUKEE,MILWAUKEE CITY WARD 122,SPRING GENERAL,JUSTICE OF THE SUPREME COURT,NONPARTISAN,ANN W. BRADLEY,21,21
2005,APRIL,MILWAUKEE,MILWAUKEE CITY WARD 122,SPRING GENERAL,JUSTICE OF THE SUPREME COURT,NONPARTISAN,SCATTERING,21,0
2005,APRIL,MILWAUKEE,MILWAUKEE CITY WARD 123,SPRING GENERAL,JUSTICE OF THE SUPREME COURT,NONPARTISAN,ANN W. BRADLEY,43,43
2005,APRIL,MILWAUKEE,MILWAUKEE CITY WARD 123,SPRING GENERAL,JUSTICE OF THE SUPREME COURT,NONPARTISAN,SCATTERING,43,0
2005,APRIL,MILWAUKEE,MILWAUKEE CITY WARD 124,SPRING GENERAL,JUSTICE OF THE SUPREME COURT,NONPARTISAN,ANN W. BRADLEY,47,45
2005,APRIL,MILWAUKEE,MILWAUKEE CITY WARD 124,SPRING GENERAL,JUSTICE OF THE SUPREME COURT,NONPARTISAN,SCATTERING,47,2
2005,APRIL,MILWAUKEE,MILWAUKEE CITY WARD 125,SPRING GENERAL,JUSTICE OF THE SUPREME COURT,NONPARTISAN,ANN W. BRADLEY,47,46
2005,APRIL,MILWAUKEE,MILWAUKEE CITY WARD 125,SPRING GENERAL,JUSTICE OF THE SUPREME COURT,NONPARTISAN,SCATTERING,47,1
2005,APRIL,MILWAUKEE,MILWAUKEE CITY WARD 126,SPRING GENERAL,JUSTICE OF THE SUPREME COURT,NONPARTISAN,ANN W. BRADLEY,46,44
2005,APRIL,MILWAUKEE,MILWAUKEE CITY WARD 126,SPRING GENERAL,JUSTICE OF THE SUPREME COURT,NONPARTISAN,SCATTERING,46,2
2005,APRIL,MILWAUKEE,MILWAUKEE CITY WARD 127,SPRING GENERAL,JUSTICE OF THE SUPREME COURT,NONPARTISAN,ANN W. BRADLEY,49,49
2005,APRIL,MILWAUKEE,MILWAUKEE CITY WARD 127,SPRING GENERAL,JUSTICE OF THE SUPREME COURT,NONPARTISAN,SCATTERING,49,0
2005,APRIL,MILWAUKEE,MILWAUKEE CITY WARD 128,SPRING GENERAL,JUSTICE OF THE SUPREME COURT,NONPARTISAN,ANN W. BRADLEY,84,83
2005,APRIL,MILWAUKEE,MILWAUKEE CITY WARD 128,SPRING GENERAL,JUSTICE OF THE SUPREME COURT,NONPARTISAN,SCATTERING,84,1
2005,APRIL,MILWAUKEE,MILWAUKEE CITY WARD 129,SPRING GENERAL,JUSTICE OF THE SUPREME COURT,NONPARTISAN,ANN W. BRADLEY,47,47
2005,APRIL,MILWAUKEE,MILWAUKEE CITY WARD 129,SPRING GENERAL,JUSTICE OF THE SUPREME COURT,NONPARTISAN,SCATTERING,47,0
2005,APRIL,MILWAUKEE,MILWAUKEE CITY WARD 130,SPRING GENERAL,JUSTICE OF THE SUPREME COURT,NONPARTISAN,ANN W. BRADLEY,13,12
2005,APRIL,MILWAUKEE,MILWAUKEE CITY WARD 130,SPRING GENERAL,JUSTICE OF THE SUPREME COURT,NONPARTISAN,SCATTERING,13,1
2005,APRIL,MILWAUKEE,MILWAUKEE CITY WARD 131,SPRING GENERAL,JUSTICE OF THE SUPREME COURT,NONPARTISAN,ANN W. BRADLEY,6,6
2005,APRIL,MILWAUKEE,MILWAUKEE CITY WARD 131,SPRING GENERAL,JUSTICE OF THE SUPREME COURT,NONPARTISAN,SCATTERING,6,0
2005,APRIL,MILWAUKEE,MILWAUKEE CITY WARD 132,SPRING GENERAL,JUSTICE OF THE SUPREME COURT,NONPARTISAN,ANN W. BRADLEY,21,21
2005,APRIL,MILWAUKEE,MILWAUKEE CITY WARD 132,SPRING GENERAL,JUSTICE OF THE SUPREME COURT,NONPARTISAN,SCATTERING,21,0
2005,APRIL,MILWAUKEE,MILWAUKEE CITY WARD 133,SPRING GENERAL,JUSTICE OF THE SUPREME COURT,NONPARTISAN,ANN W. BRADLEY,10,10
2005,APRIL,MILWAUKEE,MILWAUKEE CITY WARD 133,SPRING GENERAL,JUSTICE OF THE SUPREME COURT,NONPARTISAN,SCATTERING,10,0
2005,APRIL,MILWAUKEE,MILWAUKEE CITY WARD 134,SPRING GENERAL,JUSTICE OF THE SUPREME COURT,NONPARTISAN,ANN W. BRADLEY,49,48
2005,APRIL,MILWAUKEE,MILWAUKEE CITY WARD 134,SPRING GENERAL,JUSTICE OF THE SUPREME COURT,NONPARTISAN,SCATTERING,49,1
2005,APRIL,MILWAUKEE,MILWAUKEE CITY WARD 135,SPRING GENERAL,JUSTICE OF THE SUPREME COURT,NONPARTISAN,ANN W. BRADLEY,90,88
2005,APRIL,MILWAUKEE,MILWAUKEE CITY WARD 135,SPRING GENERAL,JUSTICE OF THE SUPREME COURT,NONPARTISAN,SCATTERING,90,2
2005,APRIL,MILWAUKEE,MILWAUKEE CITY WARD 136,SPRING GENERAL,JUSTICE OF THE SUPREME COURT,NONPARTISAN,ANN W. BRADLEY,61,60
2005,APRIL,MILWAUKEE,MILWAUKEE CITY WARD 136,SPRING GENERAL,JUSTICE OF THE SUPREME COURT,NONPARTISAN,SCATTERING,61,1
2005,APRIL,MILWAUKEE,MILWAUKEE CITY WARD 137,SPRING GENERAL,JUSTICE OF THE SUPREME COURT,NONPARTISAN,ANN W. BRADLEY,20,20
2005,APRIL,MILWAUKEE,MILWAUKEE CITY WARD 137,SPRING GENERAL,JUSTICE OF THE SUPREME COURT,NONPARTISAN,SCATTERING,20,0
2005,APRIL,MILWAUKEE,MILWAUKEE CITY WARD 138,SPRING GENERAL,JUSTICE OF THE SUPREME COURT,NONPARTISAN,ANN W. BRADLEY,51,51
2005,APRIL,MILWAUKEE,MILWAUKEE CITY WARD 138,SPRING GENERAL,JUSTICE OF THE SUPREME COURT,NONPARTISAN,SCATTERING,51,0
2005,APRIL,MILWAUKEE,MILWAUKEE CITY WARD 139,SPRING GENERAL,JUSTICE OF THE SUPREME COURT,NONPARTISAN,ANN W. BRADLEY,7,7
2005,APRIL,MILWAUKEE,MILWAUKEE CITY WARD 139,SPRING GENERAL,JUSTICE OF THE SUPREME COURT,NONPARTISAN,SCATTERING,7,0
2005,APRIL,MILWAUKEE,MILWAUKEE CITY WARD 140,SPRING GENERAL,JUSTICE OF THE SUPREME COURT,NONPARTISAN,ANN W. BRADLEY,35,35
2005,APRIL,MILWAUKEE,MILWAUKEE CITY WARD 140,SPRING GENERAL,JUSTICE OF THE SUPREME COURT,NONPARTISAN,SCATTERING,35,0
2005,APRIL,MILWAUKEE,MILWAUKEE CITY WARD 141,SPRING GENERAL,JUSTICE OF THE SUPREME COURT,NONPARTISAN,ANN W. BRADLEY,17,17
2005,APRIL,MILWAUKEE,MILWAUKEE CITY WARD 141,SPRING GENERAL,JUSTICE OF THE SUPREME COURT,NONPARTISAN,SCATTERING,17,0
2005,APRIL,MILWAUKEE,MILWAUKEE CITY WARD 142,SPRING GENERAL,JUSTICE OF THE SUPREME COURT,NONPARTISAN,ANN W. BRADLEY,38,37
2005,APRIL,MILWAUKEE,MILWAUKEE CITY WARD 142,SPRING GENERAL,JUSTICE OF THE SUPREME COURT,NONPARTISAN,SCATTERING,38,1
2005,APRIL,MILWAUKEE,MILWAUKEE CITY WARD 143,SPRING GENERAL,JUSTICE OF THE SUPREME COURT,NONPARTISAN,ANN W. BRADLEY,33,33
2005,APRIL,MILWAUKEE,MILWAUKEE CITY WARD 143,SPRING GENERAL,JUSTICE OF THE SUPREME COURT,NONPARTISAN,SCATTERING,33,0
2005,APRIL,MILWAUKEE,MILWAUKEE CITY WARD 144,SPRING GENERAL,JUSTICE OF THE SUPREME COURT,NONPARTISAN,ANN W. BRADLEY,95,94
2005,APRIL,MILWAUKEE,MILWAUKEE CITY WARD 144,SPRING GENERAL,JUSTICE OF THE SUPREME COURT,NONPARTISAN,SCATTERING,95,1
2005,APRIL,MILWAUKEE,MILWAUKEE CITY WARD 145,SPRING GENERAL,JUSTICE OF THE SUPREME COURT,NONPARTISAN,ANN W. BRADLEY,110,109
2005,APRIL,MILWAUKEE,MILWAUKEE CITY WARD 145,SPRING GENERAL,JUSTICE OF THE SUPREME COURT,NONPARTISAN,SCATTERING,110,1
2005,APRIL,MILWAUKEE,MILWAUKEE CITY WARD 146,SPRING GENERAL,JUSTICE OF THE SUPREME COURT,NONPARTISAN,ANN W. BRADLEY,100,98
2005,APRIL,MILWAUKEE,MILWAUKEE CITY WARD 146,SPRING GENERAL,JUSTICE OF THE SUPREME COURT,NONPARTISAN,SCATTERING,100,2
2005,APRIL,MILWAUKEE,MILWAUKEE CITY WARD 147,SPRING GENERAL,JUSTICE OF THE SUPREME COURT,NONPARTISAN,ANN W. BRADLEY,75,73
2005,APRIL,MILWAUKEE,MILWAUKEE CITY WARD 147,SPRING GENERAL,JUSTICE OF THE SUPREME COURT,NONPARTISAN,SCATTERING,75,2
2005,APRIL,MILWAUKEE,MILWAUKEE CITY WARD 148,SPRING GENERAL,JUSTICE OF THE SUPREME COURT,NONPARTISAN,ANN W. BRADLEY,84,84
2005,APRIL,MILWAUKEE,MILWAUKEE CITY WARD 148,SPRING GENERAL,JUSTICE OF THE SUPREME COURT,NONPARTISAN,SCATTERING,84,0
2005,APRIL,MILWAUKEE,MILWAUKEE CITY WARD 149,SPRING GENERAL,JUSTICE OF THE SUPREME COURT,NONPARTISAN,ANN W. BRADLEY,184,183
2005,APRIL,MILWAUKEE,MILWAUKEE CITY WARD 149,SPRING GENERAL,JUSTICE OF THE SUPREME COURT,NONPARTISAN,SCATTERING,184,1
2005,APRIL,MILWAUKEE,MILWAUKEE CITY WARD 150,SPRING GENERAL,JUSTICE OF THE SUPREME COURT,NONPARTISAN,ANN W. BRADLEY,39,37
2005,APRIL,MILWAUKEE,MILWAUKEE CITY WARD 150,SPRING GENERAL,JUSTICE OF THE SUPREME COURT,NONPARTISAN,SCATTERING,39,2
2005,APRIL,MILWAUKEE,MILWAUKEE CITY WARD 151,SPRING GENERAL,JUSTICE OF THE SUPREME COURT,NONPARTISAN,ANN W. BRADLEY,47,47
2005,APRIL,MILWAUKEE,MILWAUKEE CITY WARD 151,SPRING GENERAL,JUSTICE OF THE SUPREME COURT,NONPARTISAN,SCATTERING,47,0
2005,APRIL,MILWAUKEE,MILWAUKEE CITY WARD 152,SPRING GENERAL,JUSTICE OF THE SUPREME COURT,NONPARTISAN,ANN W. BRADLEY,87,85
2005,APRIL,MILWAUKEE,MILWAUKEE CITY WARD 152,SPRING GENERAL,JUSTICE OF THE SUPREME COURT,NONPARTISAN,SCATTERING,87,2
2005,APRIL,MILWAUKEE,MILWAUKEE CITY WARD 153,SPRING GENERAL,JUSTICE OF THE SUPREME COURT,NONPARTISAN,ANN W. BRADLEY,34,33
2005,APRIL,MILWAUKEE,MILWAUKEE CITY WARD 153,SPRING GENERAL,JUSTICE OF THE SUPREME COURT,NONPARTISAN,SCATTERING,34,1
2005,APRIL,MILWAUKEE,MILWAUKEE CITY WARD 154,SPRING GENERAL,JUSTICE OF THE SUPREME COURT,NONPARTISAN,ANN W. BRADLEY,40,40
2005,APRIL,MILWAUKEE,MILWAUKEE CITY WARD 154,SPRING GENERAL,JUSTICE OF THE SUPREME COURT,NONPARTISAN,SCATTERING,40,0
2005,APRIL,MILWAUKEE,MILWAUKEE CITY WARD 155,SPRING GENERAL,JUSTICE OF THE SUPREME COURT,NONPARTISAN,ANN W. BRADLEY,81,81
2005,APRIL,MILWAUKEE,MILWAUKEE CITY WARD 155,SPRING GENERAL,JUSTICE OF THE SUPREME COURT,NONPARTISAN,SCATTERING,81,0
2005,APRIL,MILWAUKEE,MILWAUKEE CITY WARD 156,SPRING GENERAL,JUSTICE OF THE SUPREME COURT,NONPARTISAN,ANN W. BRADLEY,34,34
2005,APRIL,MILWAUKEE,MILWAUKEE CITY WARD 156,SPRING GENERAL,JUSTICE OF THE SUPREME COURT,NONPARTISAN,SCATTERING,34,0
2005,APRIL,MILWAUKEE,MILWAUKEE CITY WARD 157,SPRING GENERAL,JUSTICE OF THE SUPREME COURT,NONPARTISAN,ANN W. BRADLEY,63,63
2005,APRIL,MILWAUKEE,MILWAUKEE CITY WARD 157,SPRING GENERAL,JUSTICE OF THE SUPREME COURT,NONPARTISAN,SCATTERING,63,0
2005,APRIL,MILWAUKEE,MILWAUKEE CITY WARD 158,SPRING GENERAL,JUSTICE OF THE SUPREME COURT,NONPARTISAN,ANN W. BRADLEY,43,43
2005,APRIL,MILWAUKEE,MILWAUKEE CITY WARD 158,SPRING GENERAL,JUSTICE OF THE SUPREME COURT,NONPARTISAN,SCATTERING,43,0
2005,APRIL,MILWAUKEE,MILWAUKEE CITY WARD 159,SPRING GENERAL,JUSTICE OF THE SUPREME COURT,NONPARTISAN,ANN W. BRADLEY,32,32
2005,APRIL,MILWAUKEE,MILWAUKEE CITY WARD 159,SPRING GENERAL,JUSTICE OF THE SUPREME COURT,NONPARTISAN,SCATTERING,32,0
2005,APRIL,MILWAUKEE,MILWAUKEE CITY WARD 160,SPRING GENERAL,JUSTICE OF THE SUPREME COURT,NONPARTISAN,ANN W. BRADLEY,8,8
2005,APRIL,MILWAUKEE,MILWAUKEE CITY WARD 160,SPRING GENERAL,JUSTICE OF THE SUPREME COURT,NONPARTISAN,SCATTERING,8,0
2005,APRIL,MILWAUKEE,MILWAUKEE CITY WARD 161,SPRING GENERAL,JUSTICE OF THE SUPREME COURT,NONPARTISAN,ANN W. BRADLEY,22,18
2005,APRIL,MILWAUKEE,MILWAUKEE CITY WARD 161,SPRING GENERAL,JUSTICE OF THE SUPREME COURT,NONPARTISAN,SCATTERING,22,4
2005,APRIL,MILWAUKEE,MILWAUKEE CITY WARD 162,SPRING GENERAL,JUSTICE OF THE SUPREME COURT,NONPARTISAN,ANN W. BRADLEY,34,34
2005,APRIL,MILWAUKEE,MILWAUKEE CITY WARD 162,SPRING GENERAL,JUSTICE OF THE SUPREME COURT,NONPARTISAN,SCATTERING,34,0
2005,APRIL,MILWAUKEE,MILWAUKEE CITY WARD 163,SPRING GENERAL,JUSTICE OF THE SUPREME COURT,NONPARTISAN,ANN W. BRADLEY,42,40
2005,APRIL,MILWAUKEE,MILWAUKEE CITY WARD 163,SPRING GENERAL,JUSTICE OF THE SUPREME COURT,NONPARTISAN,SCATTERING,42,2
2005,APRIL,MILWAUKEE,MILWAUKEE CITY WARD 164,SPRING GENERAL,JUSTICE OF THE SUPREME COURT,NONPARTISAN,ANN W. BRADLEY,26,26
2005,APRIL,MILWAUKEE,MILWAUKEE CITY WARD 164,SPRING GENERAL,JUSTICE OF THE SUPREME COURT,NONPARTISAN,SCATTERING,26,0
2005,APRIL,MILWAUKEE,MILWAUKEE CITY WARD 165,SPRING GENERAL,JUSTICE OF THE SUPREME COURT,NONPARTISAN,ANN W. BRADLEY,48,48
2005,APRIL,MILWAUKEE,MILWAUKEE CITY WARD 165,SPRING GENERAL,JUSTICE OF THE SUPREME COURT,NONPARTISAN,SCATTERING,48,0
2005,APRIL,MILWAUKEE,MILWAUKEE CITY WARD 166,SPRING GENERAL,JUSTICE OF THE SUPREME COURT,NONPARTISAN,ANN W. BRADLEY,28,28
2005,APRIL,MILWAUKEE,MILWAUKEE CITY WARD 166,SPRING GENERAL,JUSTICE OF THE SUPREME COURT,NONPARTISAN,SCATTERING,28,0
2005,APRIL,MILWAUKEE,MILWAUKEE CITY WARD 167,SPRING GENERAL,JUSTICE OF THE SUPREME COURT,NONPARTISAN,ANN W. BRADLEY,26,26
2005,APRIL,MILWAUKEE,MILWAUKEE CITY WARD 167,SPRING GENERAL,JUSTICE OF THE SUPREME COURT,NONPARTISAN,SCATTERING,26,0
2005,APRIL,MILWAUKEE,MILWAUKEE CITY WARD 168,SPRING GENERAL,JUSTICE OF THE SUPREME COURT,NONPARTISAN,ANN W. BRADLEY,40,40
2005,APRIL,MILWAUKEE,MILWAUKEE CITY WARD 168,SPRING GENERAL,JUSTICE OF THE SUPREME COURT,NONPARTISAN,SCATTERING,40,0
2005,APRIL,MILWAUKEE,MILWAUKEE CITY WARD 169,SPRING GENERAL,JUSTICE OF THE SUPREME COURT,NONPARTISAN,ANN W. BRADLEY,36,36
2005,APRIL,MILWAUKEE,MILWAUKEE CITY WARD 169,SPRING GENERAL,JUSTICE OF THE SUPREME COURT,NONPARTISAN,SCATTERING,36,0
2005,APRIL,MILWAUKEE,MILWAUKEE CITY WARD 170,SPRING GENERAL,JUSTICE OF THE SUPREME COURT,NONPARTISAN,ANN W. BRADLEY,53,53
2005,APRIL,MILWAUKEE,MILWAUKEE CITY WARD 170,SPRING GENERAL,JUSTICE OF THE SUPREME COURT,NONPARTISAN,SCATTERING,53,0
2005,APRIL,MILWAUKEE,MILWAUKEE CITY WARD 171,SPRING GENERAL,JUSTICE OF THE SUPREME COURT,NONPARTISAN,ANN W. BRADLEY,83,82
2005,APRIL,MILWAUKEE,MILWAUKEE CITY WARD 171,SPRING GENERAL,JUSTICE OF THE SUPREME COURT,NONPARTISAN,SCATTERING,83,1
2005,APRIL,MILWAUKEE,MILWAUKEE CITY WARD 172,SPRING GENERAL,JUSTICE OF THE SUPREME COURT,NONPARTISAN,ANN W. BRADLEY,79,76
2005,APRIL,MILWAUKEE,MILWAUKEE CITY WARD 172,SPRING GENERAL,JUSTICE OF THE SUPREME COURT,NONPARTISAN,SCATTERING,79,3
2005,APRIL,MILWAUKEE,MILWAUKEE CITY WARD 173,SPRING GENERAL,JUSTICE OF THE SUPREME COURT,NONPARTISAN,ANN W. BRADLEY,18,18
2005,APRIL,MILWAUKEE,MILWAUKEE CITY WARD 173,SPRING GENERAL,JUSTICE OF THE SUPREME COURT,NONPARTISAN,SCATTERING,18,0
2005,APRIL,MILWAUKEE,MILWAUKEE CITY WARD 174,SPRING GENERAL,JUSTICE OF THE SUPREME COURT,NONPARTISAN,ANN W. BRADLEY,24,24
2005,APRIL,MILWAUKEE,MILWAUKEE CITY WARD 174,SPRING GENERAL,JUSTICE OF THE SUPREME COURT,NONPARTISAN,SCATTERING,24,0
2005,APRIL,MILWAUKEE,MILWAUKEE CITY WARD 175,SPRING GENERAL,JUSTICE OF THE SUPREME COURT,NONPARTISAN,ANN W. BRADLEY,21,21
2005,APRIL,MILWAUKEE,MILWAUKEE CITY WARD 175,SPRING GENERAL,JUSTICE OF THE SUPREME COURT,NONPARTISAN,SCATTERING,21,0
2005,APRIL,MILWAUKEE,MILWAUKEE CITY WARD 176,SPRING GENERAL,JUSTICE OF THE SUPREME COURT,NONPARTISAN,ANN W. BRADLEY,32,29
2005,APRIL,MILWAUKEE,MILWAUKEE CITY WARD 176,SPRING GENERAL,JUSTICE OF THE SUPREME COURT,NONPARTISAN,SCATTERING,32,3
2005,APRIL,MILWAUKEE,MILWAUKEE CITY WARD 177,SPRING GENERAL,JUSTICE OF THE SUPREME COURT,NONPARTISAN,ANN W. BRADLEY,33,33
2005,APRIL,MILWAUKEE,MILWAUKEE CITY WARD 177,SPRING GENERAL,JUSTICE OF THE SUPREME COURT,NONPARTISAN,SCATTERING,33,0
2005,APRIL,MILWAUKEE,MILWAUKEE CITY WARD 178,SPRING GENERAL,JUSTICE OF THE SUPREME COURT,NONPARTISAN,ANN W. BRADLEY,34,33
2005,APRIL,MILWAUKEE,MILWAUKEE CITY WARD 178,SPRING GENERAL,JUSTICE OF THE SUPREME COURT,NONPARTISAN,SCATTERING,34,1
2005,APRIL,MILWAUKEE,MILWAUKEE CITY WARD 179,SPRING GENERAL,JUSTICE OF THE SUPREME COURT,NONPARTISAN,ANN W. BRADLEY,31,31
2005,APRIL,MILWAUKEE,MILWAUKEE CITY WARD 179,SPRING GENERAL,JUSTICE OF THE SUPREME COURT,NONPARTISAN,SCATTERING,31,0
2005,APRIL,MILWAUKEE,MILWAUKEE CITY WARD 180,SPRING GENERAL,JUSTICE OF THE SUPREME COURT,NONPARTISAN,ANN W. BRADLEY,36,36
2005,APRIL,MILWAUKEE,MILWAUKEE CITY WARD 180,SPRING GENERAL,JUSTICE OF THE SUPREME COURT,NONPARTISAN,SCATTERING,36,0
2005,APRIL,MILWAUKEE,MILWAUKEE CITY WARD 181,SPRING GENERAL,JUSTICE OF THE SUPREME COURT,NONPARTISAN,ANN W. BRADLEY,9,9
2005,APRIL,MILWAUKEE,MILWAUKEE CITY WARD 181,SPRING GENERAL,JUSTICE OF THE SUPREME COURT,NONPARTISAN,SCATTERING,9,0
2005,APRIL,MILWAUKEE,MILWAUKEE CITY WARD 182,SPRING GENERAL,JUSTICE OF THE SUPREME COURT,NONPARTISAN,ANN W. BRADLEY,31,31
2005,APRIL,MILWAUKEE,MILWAUKEE CITY WARD 182,SPRING GENERAL,JUSTICE OF THE SUPREME COURT,NONPARTISAN,SCATTERING,31,0
2005,APRIL,MILWAUKEE,MILWAUKEE CITY WARD 183,SPRING GENERAL,JUSTICE OF THE SUPREME COURT,NONPARTISAN,ANN W. BRADLEY,40,40
2005,APRIL,MILWAUKEE,MILWAUKEE CITY WARD 183,SPRING GENERAL,JUSTICE OF THE SUPREME COURT,NONPARTISAN,SCATTERING,40,0
2005,APRIL,MILWAUKEE,MILWAUKEE CITY WARD 184,SPRING GENERAL,JUSTICE OF THE SUPREME COURT,NONPARTISAN,ANN W. BRADLEY,164,163
2005,APRIL,MILWAUKEE,MILWAUKEE CITY WARD 184,SPRING GENERAL,JUSTICE OF THE SUPREME COURT,NONPARTISAN,SCATTERING,164,1
2005,APRIL,MILWAUKEE,MILWAUKEE CITY WARD 185,SPRING GENERAL,JUSTICE OF THE SUPREME COURT,NONPARTISAN,ANN W. BRADLEY,102,99
2005,APRIL,MILWAUKEE,MILWAUKEE CITY WARD 185,SPRING GENERAL,JUSTICE OF THE SUPREME COURT,NONPARTISAN,SCATTERING,102,3
2005,APRIL,MILWAUKEE,MILWAUKEE CITY WARD 186,SPRING GENERAL,JUSTICE OF THE SUPREME COURT,NONPARTISAN,ANN W. BRADLEY,67,67
2005,APRIL,MILWAUKEE,MILWAUKEE CITY WARD 186,SPRING GENERAL,JUSTICE OF THE SUPREME COURT,NONPARTISAN,SCATTERING,67,0
2005,APRIL,MILWAUKEE,MILWAUKEE CITY WARD 187,SPRING GENERAL,JUSTICE OF THE SUPREME COURT,NONPARTISAN,ANN W. BRADLEY,89,89
2005,APRIL,MILWAUKEE,MILWAUKEE CITY WARD 187,SPRING GENERAL,JUSTICE OF THE SUPREME COURT,NONPARTISAN,SCATTERING,89,0
2005,APRIL,MILWAUKEE,MILWAUKEE CITY WARD 188,SPRING GENERAL,JUSTICE OF THE SUPREME COURT,NONPARTISAN,ANN W. BRADLEY,171,164
2005,APRIL,MILWAUKEE,MILWAUKEE CITY WARD 188,SPRING GENERAL,JUSTICE OF THE SUPREME COURT,NONPARTISAN,SCATTERING,171,7
2005,APRIL,MILWAUKEE,MILWAUKEE CITY WARD 189,SPRING GENERAL,JUSTICE OF THE SUPREME COURT,NONPARTISAN,ANN W. BRADLEY,139,139
2005,APRIL,MILWAUKEE,MILWAUKEE CITY WARD 189,SPRING GENERAL,JUSTICE OF THE SUPREME COURT,NONPARTISAN,SCATTERING,139,0
2005,APRIL,MILWAUKEE,MILWAUKEE CITY WARD 190,SPRING GENERAL,JUSTICE OF THE SUPREME COURT,NONPARTISAN,ANN W. BRADLEY,188,188
2005,APRIL,MILWAUKEE,MILWAUKEE CITY WARD 190,SPRING GENERAL,JUSTICE OF THE SUPREME COURT,NONPARTISAN,SCATTERING,188,0
2005,APRIL,MILWAUKEE,MILWAUKEE CITY WARD 191,SPRING GENERAL,JUSTICE OF THE SUPREME COURT,NONPARTISAN,ANN W. BRADLEY,138,136
2005,APRIL,MILWAUKEE,MILWAUKEE CITY WARD 191,SPRING GENERAL,JUSTICE OF THE SUPREME COURT,NONPARTISAN,SCATTERING,138,2
2005,APRIL,MILWAUKEE,MILWAUKEE CITY WARD 192,SPRING GENERAL,JUSTICE OF THE SUPREME COURT,NONPARTISAN,ANN W. BRADLEY,204,203
2005,APRIL,MILWAUKEE,MILWAUKEE CITY WARD 192,SPRING GENERAL,JUSTICE OF THE SUPREME COURT,NONPARTISAN,SCATTERING,204,1
2005,APRIL,MILWAUKEE,MILWAUKEE CITY WARD 193,SPRING GENERAL,JUSTICE OF THE SUPREME COURT,NONPARTISAN,ANN W. BRADLEY,140,139
2005,APRIL,MILWAUKEE,MILWAUKEE CITY WARD 193,SPRING GENERAL,JUSTICE OF THE SUPREME COURT,NONPARTISAN,SCATTERING,140,1
2005,APRIL,MILWAUKEE,MILWAUKEE CITY WARD 194,SPRING GENERAL,JUSTICE OF THE SUPREME COURT,NONPARTISAN,ANN W. BRADLEY,69,68
2005,APRIL,MILWAUKEE,MILWAUKEE CITY WARD 194,SPRING GENERAL,JUSTICE OF THE SUPREME COURT,NONPARTISAN,SCATTERING,69,1
2005,APRIL,MILWAUKEE,MILWAUKEE CITY WARD 195,SPRING GENERAL,JUSTICE OF THE SUPREME COURT,NONPARTISAN,ANN W. BRADLEY,64,63
2005,APRIL,MILWAUKEE,MILWAUKEE CITY WARD 195,SPRING GENERAL,JUSTICE OF THE SUPREME COURT,NONPARTISAN,SCATTERING,64,1
2005,APRIL,MILWAUKEE,MILWAUKEE CITY WARD 196,SPRING GENERAL,JUSTICE OF THE SUPREME COURT,NONPARTISAN,ANN W. BRADLEY,172,168
2005,APRIL,MILWAUKEE,MILWAUKEE CITY WARD 196,SPRING GENERAL,JUSTICE OF THE SUPREME COURT,NONPARTISAN,SCATTERING,172,4
2005,APRIL,MILWAUKEE,MILWAUKEE CITY WARD 197,SPRING GENERAL,JUSTICE OF THE SUPREME COURT,NONPARTISAN,ANN W. BRADLEY,240,237
2005,APRIL,MILWAUKEE,MILWAUKEE CITY WARD 197,SPRING GENERAL,JUSTICE OF THE SUPREME COURT,NONPARTISAN,SCATTERING,240,3
2005,APRIL,MILWAUKEE,MILWAUKEE CITY WARD 198,SPRING GENERAL,JUSTICE OF THE SUPREME COURT,NONPARTISAN,ANN W. BRADLEY,157,156
2005,APRIL,MILWAUKEE,MILWAUKEE CITY WARD 198,SPRING GENERAL,JUSTICE OF THE SUPREME COURT,NONPARTISAN,SCATTERING,157,1
2005,APRIL,MILWAUKEE,MILWAUKEE CITY WARD 199,SPRING GENERAL,JUSTICE OF THE SUPREME COURT,NONPARTISAN,ANN W. BRADLEY,98,97
2005,APRIL,MILWAUKEE,MILWAUKEE CITY WARD 199,SPRING GENERAL,JUSTICE OF THE SUPREME COURT,NONPARTISAN,SCATTERING,98,1
2005,APRIL,MILWAUKEE,MILWAUKEE CITY WARD 200,SPRING GENERAL,JUSTICE OF THE SUPREME COURT,NONPARTISAN,ANN W. BRADLEY,270,270
2005,APRIL,MILWAUKEE,MILWAUKEE CITY WARD 200,SPRING GENERAL,JUSTICE OF THE SUPREME COURT,NONPARTISAN,SCATTERING,270,0
2005,APRIL,MILWAUKEE,MILWAUKEE CITY WARD 201,SPRING GENERAL,JUSTICE OF THE SUPREME COURT,NONPARTISAN,ANN W. BRADLEY,37,37
2005,APRIL,MILWAUKEE,MILWAUKEE CITY WARD 201,SPRING GENERAL,JUSTICE OF THE SUPREME COURT,NONPARTISAN,SCATTERING,37,0
2005,APRIL,MILWAUKEE,MILWAUKEE CITY WARD 202,SPRING GENERAL,JUSTICE OF THE SUPREME COURT,NONPARTISAN,ANN W. BRADLEY,7,7
2005,APRIL,MILWAUKEE,MILWAUKEE CITY WARD 202,SPRING GENERAL,JUSTICE OF THE SUPREME COURT,NONPARTISAN,SCATTERING,7,0
2005,APRIL,MILWAUKEE,MILWAUKEE CITY WARD 203,SPRING GENERAL,JUSTICE OF THE SUPREME COURT,NONPARTISAN,ANN W. BRADLEY,9,9
2005,APRIL,MILWAUKEE,MILWAUKEE CITY WARD 203,SPRING GENERAL,JUSTICE OF THE SUPREME COURT,NONPARTISAN,SCATTERING,9,0
2005,APRIL,MILWAUKEE,MILWAUKEE CITY WARD 204,SPRING GENERAL,JUSTICE OF THE SUPREME COURT,NONPARTISAN,ANN W. BRADLEY,14,14
2005,APRIL,MILWAUKEE,MILWAUKEE CITY WARD 204,SPRING GENERAL,JUSTICE OF THE SUPREME COURT,NONPARTISAN,SCATTERING,14,0
2005,APRIL,MILWAUKEE,MILWAUKEE CITY WARD 205,SPRING GENERAL,JUSTICE OF THE SUPREME COURT,NONPARTISAN,ANN W. BRADLEY,7,7
2005,APRIL,MILWAUKEE,MILWAUKEE CITY WARD 205,SPRING GENERAL,JUSTICE OF THE SUPREME COURT,NONPARTISAN,SCATTERING,7,0
2005,APRIL,MILWAUKEE,MILWAUKEE CITY WARD 206,SPRING GENERAL,JUSTICE OF THE SUPREME COURT,NONPARTISAN,ANN W. BRADLEY,15,15
2005,APRIL,MILWAUKEE,MILWAUKEE CITY WARD 206,SPRING GENERAL,JUSTICE OF THE SUPREME COURT,NONPARTISAN,SCATTERING,15,0
2005,APRIL,MILWAUKEE,MILWAUKEE CITY WARD 207,SPRING GENERAL,JUSTICE OF THE SUPREME COURT,NONPARTISAN,ANN W. BRADLEY,16,16
2005,APRIL,MILWAUKEE,MILWAUKEE CITY WARD 207,SPRING GENERAL,JUSTICE OF THE SUPREME COURT,NONPARTISAN,SCATTERING,16,0
2005,APRIL,MILWAUKEE,MILWAUKEE CITY WARD 208,SPRING GENERAL,JUSTICE OF THE SUPREME COURT,NONPARTISAN,ANN W. BRADLEY,10,10
2005,APRIL,MILWAUKEE,MILWAUKEE CITY WARD 208,SPRING GENERAL,JUSTICE OF THE SUPREME COURT,NONPARTISAN,SCATTERING,10,0
2005,APRIL,MILWAUKEE,MILWAUKEE CITY WARD 209,SPRING GENERAL,JUSTICE OF THE SUPREME COURT,NONPARTISAN,ANN W. BRADLEY,11,11
2005,APRIL,MILWAUKEE,MILWAUKEE CITY WARD 209,SPRING GENERAL,JUSTICE OF THE SUPREME COURT,NONPARTISAN,SCATTERING,11,0
2005,APRIL,MILWAUKEE,MILWAUKEE CITY WARD 210,SPRING GENERAL,JUSTICE OF THE SUPREME COURT,NONPARTISAN,ANN W. BRADLEY,17,17
2005,APRIL,MILWAUKEE,MILWAUKEE CITY WARD 210,SPRING GENERAL,JUSTICE OF THE SUPREME COURT,NONPARTISAN,SCATTERING,17,0
2005,APRIL,MILWAUKEE,MILWAUKEE CITY WARD 211,SPRING GENERAL,JUSTICE OF THE SUPREME COURT,NONPARTISAN,ANN W. BRADLEY,16,16
2005,APRIL,MILWAUKEE,MILWAUKEE CITY WARD 211,SPRING GENERAL,JUSTICE OF THE SUPREME COURT,NONPARTISAN,SCATTERING,16,0
2005,APRIL,MILWAUKEE,MILWAUKEE CITY WARD 212,SPRING GENERAL,JUSTICE OF THE SUPREME COURT,NONPARTISAN,ANN W. BRADLEY,30,30
2005,APRIL,MILWAUKEE,MILWAUKEE CITY WARD 212,SPRING GENERAL,JUSTICE OF THE SUPREME COURT,NONPARTISAN,SCATTERING,30,0
2005,APRIL,MILWAUKEE,MILWAUKEE CITY WARD 213,SPRING GENERAL,JUSTICE OF THE SUPREME COURT,NONPARTISAN,ANN W. BRADLEY,18,17
2005,APRIL,MILWAUKEE,MILWAUKEE CITY WARD 213,SPRING GENERAL,JUSTICE OF THE SUPREME COURT,NONPARTISAN,SCATTERING,18,1
2005,APRIL,MILWAUKEE,MILWAUKEE CITY WARD 214,SPRING GENERAL,JUSTICE OF THE SUPREME COURT,NONPARTISAN,ANN W. BRADLEY,13,12
2005,APRIL,MILWAUKEE,MILWAUKEE CITY WARD 214,SPRING GENERAL,JUSTICE OF THE SUPREME COURT,NONPARTISAN,SCATTERING,13,1
2005,APRIL,MILWAUKEE,MILWAUKEE CITY WARD 215,SPRING GENERAL,JUSTICE OF THE SUPREME COURT,NONPARTISAN,ANN W. BRADLEY,28,28
2005,APRIL,MILWAUKEE,MILWAUKEE CITY WARD 215,SPRING GENERAL,JUSTICE OF THE SUPREME COURT,NONPARTISAN,SCATTERING,28,0
2005,APRIL,MILWAUKEE,MILWAUKEE CITY WARD 216,SPRING GENERAL,JUSTICE OF THE SUPREME COURT,NONPARTISAN,ANN W. BRADLEY,87,87
2005,APRIL,MILWAUKEE,MILWAUKEE CITY WARD 216,SPRING GENERAL,JUSTICE OF THE SUPREME COURT,NONPARTISAN,SCATTERING,87,0
2005,APRIL,MILWAUKEE,MILWAUKEE CITY WARD 217,SPRING GENERAL,JUSTICE OF THE SUPREME COURT,NONPARTISAN,ANN W. BRADLEY,116,116
2005,APRIL,MILWAUKEE,MILWAUKEE CITY WARD 217,SPRING GENERAL,JUSTICE OF THE SUPREME COURT,NONPARTISAN,SCATTERING,116,0
2005,APRIL,MILWAUKEE,MILWAUKEE CITY WARD 218,SPRING GENERAL,JUSTICE OF THE SUPREME COURT,NONPARTISAN,ANN W. BRADLEY,68,67
2005,APRIL,MILWAUKEE,MILWAUKEE CITY WARD 218,SPRING GENERAL,JUSTICE OF THE SUPREME COURT,NONPARTISAN,SCATTERING,68,1
2005,APRIL,MILWAUKEE,MILWAUKEE CITY WARD 219,SPRING GENERAL,JUSTICE OF THE SUPREME COURT,NONPARTISAN,ANN W. BRADLEY,63,63
2005,APRIL,MILWAUKEE,MILWAUKEE CITY WARD 219,SPRING GENERAL,JUSTICE OF THE SUPREME COURT,NONPARTISAN,SCATTERING,63,0
2005,APRIL,MILWAUKEE,MILWAUKEE CITY WARD 220,SPRING GENERAL,JUSTICE OF THE SUPREME COURT,NONPARTISAN,ANN W. BRADLEY,87,87
2005,APRIL,MILWAUKEE,MILWAUKEE CITY WARD 220,SPRING GENERAL,JUSTICE OF THE SUPREME COURT,NONPARTISAN,SCATTERING,87,0
2005,APRIL,MILWAUKEE,MILWAUKEE CITY WARD 221,SPRING GENERAL,JUSTICE OF THE SUPREME COURT,NONPARTISAN,ANN W. BRADLEY,117,117
2005,APRIL,MILWAUKEE,MILWAUKEE CITY WARD 221,SPRING GENERAL,JUSTICE OF THE SUPREME COURT,NONPARTISAN,SCATTERING,117,0
2005,APRIL,MILWAUKEE,MILWAUKEE CITY WARD 222,SPRING GENERAL,JUSTICE OF THE SUPREME COURT,NONPARTISAN,ANN W. BRADLEY,91,90
2005,APRIL,MILWAUKEE,MILWAUKEE CITY WARD 222,SPRING GENERAL,JUSTICE OF THE SUPREME COURT,NONPARTISAN,SCATTERING,91,1
2005,APRIL,MILWAUKEE,MILWAUKEE CITY WARD 223,SPRING GENERAL,JUSTICE OF THE SUPREME COURT,NONPARTISAN,ANN W. BRADLEY,85,83
2005,APRIL,MILWAUKEE,MILWAUKEE CITY WARD 223,SPRING GENERAL,JUSTICE OF THE SUPREME COURT,NONPARTISAN,SCATTERING,85,2
2005,APRIL,MILWAUKEE,MILWAUKEE CITY WARD 224,SPRING GENERAL,JUSTICE OF THE SUPREME COURT,NONPARTISAN,ANN W. BRADLEY,86,84
2005,APRIL,MILWAUKEE,MILWAUKEE CITY WARD 224,SPRING GENERAL,JUSTICE OF THE SUPREME COURT,NONPARTISAN,SCATTERING,86,2
2005,APRIL,MILWAUKEE,MILWAUKEE CITY WARD 225,SPRING GENERAL,JUSTICE OF THE SUPREME COURT,NONPARTISAN,ANN W. BRADLEY,71,71
2005,APRIL,MILWAUKEE,MILWAUKEE CITY WARD 225,SPRING GENERAL,JUSTICE OF THE SUPREME COURT,NONPARTISAN,SCATTERING,71,0
2005,APRIL,MILWAUKEE,MILWAUKEE CITY WARD 226,SPRING GENERAL,JUSTICE OF THE SUPREME COURT,NONPARTISAN,ANN W. BRADLEY,56,56
2005,APRIL,MILWAUKEE,MILWAUKEE CITY WARD 226,SPRING GENERAL,JUSTICE OF THE SUPREME COURT,NONPARTISAN,SCATTERING,56,0
2005,APRIL,MILWAUKEE,MILWAUKEE CITY WARD 227,SPRING GENERAL,JUSTICE OF THE SUPREME COURT,NONPARTISAN,ANN W. BRADLEY,21,21
2005,APRIL,MILWAUKEE,MILWAUKEE CITY WARD 227,SPRING GENERAL,JUSTICE OF THE SUPREME COURT,NONPARTISAN,SCATTERING,21,0
2005,APRIL,MILWAUKEE,MILWAUKEE CITY WARD 228,SPRING GENERAL,JUSTICE OF THE SUPREME COURT,NONPARTISAN,ANN W. BRADLEY,113,112
2005,APRIL,MILWAUKEE,MILWAUKEE CITY WARD 228,SPRING GENERAL,JUSTICE OF THE SUPREME COURT,NONPARTISAN,SCATTERING,113,1
2005,APRIL,MILWAUKEE,MILWAUKEE CITY WARD 229,SPRING GENERAL,JUSTICE OF THE SUPREME COURT,NONPARTISAN,ANN W. BRADLEY,79,79
2005,APRIL,MILWAUKEE,MILWAUKEE CITY WARD 229,SPRING GENERAL,JUSTICE OF THE SUPREME COURT,NONPARTISAN,SCATTERING,79,0
2005,APRIL,MILWAUKEE,MILWAUKEE CITY WARD 230,SPRING GENERAL,JUSTICE OF THE SUPREME COURT,NONPARTISAN,ANN W. BRADLEY,135,134
2005,APRIL,MILWAUKEE,MILWAUKEE CITY WARD 230,SPRING GENERAL,JUSTICE OF THE SUPREME COURT,NONPARTISAN,SCATTERING,135,1
2005,APRIL,MILWAUKEE,MILWAUKEE CITY WARD 231,SPRING GENERAL,JUSTICE OF THE SUPREME COURT,NONPARTISAN,ANN W. BRADLEY,155,154
2005,APRIL,MILWAUKEE,MILWAUKEE CITY WARD 231,SPRING GENERAL,JUSTICE OF THE SUPREME COURT,NONPARTISAN,SCATTERING,155,1
2005,APRIL,MILWAUKEE,MILWAUKEE CITY WARD 232,SPRING GENERAL,JUSTICE OF THE SUPREME COURT,NONPARTISAN,ANN W. BRADLEY,146,146
2005,APRIL,MILWAUKEE,MILWAUKEE CITY WARD 232,SPRING GENERAL,JUSTICE OF THE SUPREME COURT,NONPARTISAN,SCATTERING,146,0
2005,APRIL,MILWAUKEE,MILWAUKEE CITY WARD 233,SPRING GENERAL,JUSTICE OF THE SUPREME COURT,NONPARTISAN,ANN W. BRADLEY,71,71
2005,APRIL,MILWAUKEE,MILWAUKEE CITY WARD 233,SPRING GENERAL,JUSTICE OF THE SUPREME COURT,NONPARTISAN,SCATTERING,71,0
2005,APRIL,MILWAUKEE,MILWAUKEE CITY WARD 234,SPRING GENERAL,JUSTICE OF THE SUPREME COURT,NONPARTISAN,ANN W. BRADLEY,76,76
2005,APRIL,MILWAUKEE,MILWAUKEE CITY WARD 234,SPRING GENERAL,JUSTICE OF THE SUPREME COURT,NONPARTISAN,SCATTERING,76,0
2005,APRIL,MILWAUKEE,MILWAUKEE CITY WARD 235,SPRING GENERAL,JUSTICE OF THE SUPREME COURT,NONPARTISAN,ANN W. BRADLEY,38,37
2005,APRIL,MILWAUKEE,MILWAUKEE CITY WARD 235,SPRING GENERAL,JUSTICE OF THE SUPREME COURT,NONPARTISAN,SCATTERING,38,1
2005,APRIL,MILWAUKEE,MILWAUKEE CITY WARD 236,SPRING GENERAL,JUSTICE OF THE SUPREME COURT,NONPARTISAN,ANN W. BRADLEY,84,84
2005,APRIL,MILWAUKEE,MILWAUKEE CITY WARD 236,SPRING GENERAL,JUSTICE OF THE SUPREME COURT,NONPARTISAN,SCATTERING,84,0
2005,APRIL,MILWAUKEE,MILWAUKEE CITY WARD 237,SPRING GENERAL,JUSTICE OF THE SUPREME COURT,NONPARTISAN,ANN W. BRADLEY,59,59
2005,APRIL,MILWAUKEE,MILWAUKEE CITY WARD 237,SPRING GENERAL,JUSTICE OF THE SUPREME COURT,NONPARTISAN,SCATTERING,59,0
2005,APRIL,MILWAUKEE,MILWAUKEE CITY WARD 238,SPRING GENERAL,JUSTICE OF THE SUPREME COURT,NONPARTISAN,ANN W. BRADLEY,116,114
2005,APRIL,MILWAUKEE,MILWAUKEE CITY WARD 238,SPRING GENERAL,JUSTICE OF THE SUPREME COURT,NONPARTISAN,SCATTERING,116,2
2005,APRIL,MILWAUKEE,MILWAUKEE CITY WARD 239,SPRING GENERAL,JUSTICE OF THE SUPREME COURT,NONPARTISAN,ANN W. BRADLEY,73,72
2005,APRIL,MILWAUKEE,MILWAUKEE CITY WARD 239,SPRING GENERAL,JUSTICE OF THE SUPREME COURT,NONPARTISAN,SCATTERING,73,1
2005,APRIL,MILWAUKEE,MILWAUKEE CITY WARD 240,SPRING GENERAL,JUSTICE OF THE SUPREME COURT,NONPARTISAN,ANN W. BRADLEY,59,57
2005,APRIL,MILWAUKEE,MILWAUKEE CITY WARD 240,SPRING GENERAL,JUSTICE OF THE SUPREME COURT,NONPARTISAN,SCATTERING,59,2
2005,APRIL,MILWAUKEE,MILWAUKEE CITY WARD 241,SPRING GENERAL,JUSTICE OF THE SUPREME COURT,NONPARTISAN,ANN W. BRADLEY,33,33
2005,APRIL,MILWAUKEE,MILWAUKEE CITY WARD 241,SPRING GENERAL,JUSTICE OF THE SUPREME COURT,NONPARTISAN,SCATTERING,33,0
2005,APRIL,MILWAUKEE,MILWAUKEE CITY WARD 242,SPRING GENERAL,JUSTICE OF THE SUPREME COURT,NONPARTISAN,ANN W. BRADLEY,66,65
2005,APRIL,MILWAUKEE,MILWAUKEE CITY WARD 242,SPRING GENERAL,JUSTICE OF THE SUPREME COURT,NONPARTISAN,SCATTERING,66,1
2005,APRIL,MILWAUKEE,MILWAUKEE CITY WARD 243,SPRING GENERAL,JUSTICE OF THE SUPREME COURT,NONPARTISAN,ANN W. BRADLEY,39,38
2005,APRIL,MILWAUKEE,MILWAUKEE CITY WARD 243,SPRING GENERAL,JUSTICE OF THE SUPREME COURT,NONPARTISAN,SCATTERING,39,1
2005,APRIL,MILWAUKEE,MILWAUKEE CITY WARD 244,SPRING GENERAL,JUSTICE OF THE SUPREME COURT,NONPARTISAN,ANN W. BRADLEY,28,26
2005,APRIL,MILWAUKEE,MILWAUKEE CITY WARD 244,SPRING GENERAL,JUSTICE OF THE SUPREME COURT,NONPARTISAN,SCATTERING,28,2
2005,APRIL,MILWAUKEE,MILWAUKEE CITY WARD 245,SPRING GENERAL,JUSTICE OF THE SUPREME COURT,NONPARTISAN,ANN W. BRADLEY,67,67
2005,APRIL,MILWAUKEE,MILWAUKEE CITY WARD 245,SPRING GENERAL,JUSTICE OF THE SUPREME COURT,NONPARTISAN,SCATTERING,67,0
2005,APRIL,MILWAUKEE,MILWAUKEE CITY WARD 246,SPRING GENERAL,JUSTICE OF THE SUPREME COURT,NONPARTISAN,ANN W. BRADLEY,33,32
2005,APRIL,MILWAUKEE,MILWAUKEE CITY WARD 246,SPRING GENERAL,JUSTICE OF THE SUPREME COURT,NONPARTISAN,SCATTERING,33,1
2005,APRIL,MILWAUKEE,MILWAUKEE CITY WARD 247,SPRING GENERAL,JUSTICE OF THE SUPREME COURT,NONPARTISAN,ANN W. BRADLEY,60,60
2005,APRIL,MILWAUKEE,MILWAUKEE CITY WARD 247,SPRING GENERAL,JUSTICE OF THE SUPREME COURT,NONPARTISAN,SCATTERING,60,0
2005,APRIL,MILWAUKEE,MILWAUKEE CITY WARD 248,SPRING GENERAL,JUSTICE OF THE SUPREME COURT,NONPARTISAN,ANN W. BRADLEY,53,52
2005,APRIL,MILWAUKEE,MILWAUKEE CITY WARD 248,SPRING GENERAL,JUSTICE OF THE SUPREME COURT,NONPARTISAN,SCATTERING,53,1
2005,APRIL,MILWAUKEE,MILWAUKEE CITY WARD 249,SPRING GENERAL,JUSTICE OF THE SUPREME COURT,NONPARTISAN,ANN W. BRADLEY,58,57
2005,APRIL,MILWAUKEE,MILWAUKEE CITY WARD 249,SPRING GENERAL,JUSTICE OF THE SUPREME COURT,NONPARTISAN,SCATTERING,58,1
2005,APRIL,MILWAUKEE,MILWAUKEE CITY WARD 250,SPRING GENERAL,JUSTICE OF THE SUPREME COURT,NONPARTISAN,ANN W. BRADLEY,97,95
2005,APRIL,MILWAUKEE,MILWAUKEE CITY WARD 250,SPRING GENERAL,JUSTICE OF THE SUPREME COURT,NONPARTISAN,SCATTERING,97,2
2005,APRIL,MILWAUKEE,MILWAUKEE CITY WARD 251,SPRING GENERAL,JUSTICE OF THE SUPREME COURT,NONPARTISAN,ANN W. BRADLEY,107,106
2005,APRIL,MILWAUKEE,MILWAUKEE CITY WARD 251,SPRING GENERAL,JUSTICE OF THE SUPREME COURT,NONPARTISAN,SCATTERING,107,1
2005,APRIL,MILWAUKEE,MILWAUKEE CITY WARD 252,SPRING GENERAL,JUSTICE OF THE SUPREME COURT,NONPARTISAN,ANN W. BRADLEY,81,80
2005,APRIL,MILWAUKEE,MILWAUKEE CITY WARD 252,SPRING GENERAL,JUSTICE OF THE SUPREME COURT,NONPARTISAN,SCATTERING,81,1
2005,APRIL,MILWAUKEE,MILWAUKEE CITY WARD 253,SPRING GENERAL,JUSTICE OF THE SUPREME COURT,NONPARTISAN,ANN W. BRADLEY,101,101
2005,APRIL,MILWAUKEE,MILWAUKEE CITY WARD 253,SPRING GENERAL,JUSTICE OF THE SUPREME COURT,NONPARTISAN,SCATTERING,101,0
2005,APRIL,MILWAUKEE,MILWAUKEE CITY WARD 254,SPRING GENERAL,JUSTICE OF THE SUPREME COURT,NONPARTISAN,ANN W. BRADLEY,64,63
2005,APRIL,MILWAUKEE,MILWAUKEE CITY WARD 254,SPRING GENERAL,JUSTICE OF THE SUPREME COURT,NONPARTISAN,SCATTERING,64,1
2005,APRIL,MILWAUKEE,MILWAUKEE CITY WARD 255,SPRING GENERAL,JUSTICE OF THE SUPREME COURT,NONPARTISAN,ANN W. BRADLEY,108,105
2005,APRIL,MILWAUKEE,MILWAUKEE CITY WARD 255,SPRING GENERAL,JUSTICE OF THE SUPREME COURT,NONPARTISAN,SCATTERING,108,3
2005,APRIL,MILWAUKEE,MILWAUKEE CITY WARD 256,SPRING GENERAL,JUSTICE OF THE SUPREME COURT,NONPARTISAN,ANN W. BRADLEY,102,101
2005,APRIL,MILWAUKEE,MILWAUKEE CITY WARD 256,SPRING GENERAL,JUSTICE OF THE SUPREME COURT,NONPARTISAN,SCATTERING,102,1
2005,APRIL,MILWAUKEE,MILWAUKEE CITY WARD 257,SPRING GENERAL,JUSTICE OF THE SUPREME COURT,NONPARTISAN,ANN W. BRADLEY,76,75
2005,APRIL,MILWAUKEE,MILWAUKEE CITY WARD 257,SPRING GENERAL,JUSTICE OF THE SUPREME COURT,NONPARTISAN,SCATTERING,76,1
2005,APRIL,MILWAUKEE,MILWAUKEE CITY WARD 258,SPRING GENERAL,JUSTICE OF THE SUPREME COURT,NONPARTISAN,ANN W. BRADLEY,81,81
2005,APRIL,MILWAUKEE,MILWAUKEE CITY WARD 258,SPRING GENERAL,JUSTICE OF THE SUPREME COURT,NONPARTISAN,SCATTERING,81,0
2005,APRIL,MILWAUKEE,MILWAUKEE CITY WARD 259,SPRING GENERAL,JUSTICE OF THE SUPREME COURT,NONPARTISAN,ANN W. BRADLEY,178,175
2005,APRIL,MILWAUKEE,MILWAUKEE CITY WARD 259,SPRING GENERAL,JUSTICE OF THE SUPREME COURT,NONPARTISAN,SCATTERING,178,3
2005,APRIL,MILWAUKEE,MILWAUKEE CITY WARD 260,SPRING GENERAL,JUSTICE OF THE SUPREME COURT,NONPARTISAN,ANN W. BRADLEY,9,8
2005,APRIL,MILWAUKEE,MILWAUKEE CITY WARD 260,SPRING GENERAL,JUSTICE OF THE SUPREME COURT,NONPARTISAN,SCATTERING,9,1
2005,APRIL,MILWAUKEE,MILWAUKEE CITY WARD 261,SPRING GENERAL,JUSTICE OF THE SUPREME COURT,NONPARTISAN,ANN W. BRADLEY,78,78
2005,APRIL,MILWAUKEE,MILWAUKEE CITY WARD 261,SPRING GENERAL,JUSTICE OF THE SUPREME COURT,NONPARTISAN,SCATTERING,78,0
2005,APRIL,MILWAUKEE,MILWAUKEE CITY WARD 263,SPRING GENERAL,JUSTICE OF THE SUPREME COURT,NONPARTISAN,ANN W. BRADLEY,23,23
2005,APRIL,MILWAUKEE,MILWAUKEE CITY WARD 263,SPRING GENERAL,JUSTICE OF THE SUPREME COURT,NONPARTISAN,SCATTERING,23,0
2005,APRIL,MILWAUKEE,MILWAUKEE CITY WARD 264,SPRING GENERAL,JUSTICE OF THE SUPREME COURT,NONPARTISAN,ANN W. BRADLEY,112,111
2005,APRIL,MILWAUKEE,MILWAUKEE CITY WARD 264,SPRING GENERAL,JUSTICE OF THE SUPREME COURT,NONPARTISAN,SCATTERING,112,1
2005,APRIL,MILWAUKEE,MILWAUKEE CITY WARD 265,SPRING GENERAL,JUSTICE OF THE SUPREME COURT,NONPARTISAN,ANN W. BRADLEY,57,57
2005,APRIL,MILWAUKEE,MILWAUKEE CITY WARD 265,SPRING GENERAL,JUSTICE OF THE SUPREME COURT,NONPARTISAN,SCATTERING,57,0
2005,APRIL,MILWAUKEE,MILWAUKEE CITY WARD 266,SPRING GENERAL,JUSTICE OF THE SUPREME COURT,NONPARTISAN,ANN W. BRADLEY,57,57
2005,APRIL,MILWAUKEE,MILWAUKEE CITY WARD 266,SPRING GENERAL,JUSTICE OF THE SUPREME COURT,NONPARTISAN,SCATTERING,57,0
2005,APRIL,MILWAUKEE,MILWAUKEE CITY WARD 267,SPRING GENERAL,JUSTICE OF THE SUPREME COURT,NONPARTISAN,ANN W. BRADLEY,165,163
2005,APRIL,MILWAUKEE,MILWAUKEE CITY WARD 267,SPRING GENERAL,JUSTICE OF THE SUPREME COURT,NONPARTISAN,SCATTERING,165,2
2005,APRIL,MILWAUKEE,MILWAUKEE CITY WARD 268,SPRING GENERAL,JUSTICE OF THE SUPREME COURT,NONPARTISAN,ANN W. BRADLEY,97,97
2005,APRIL,MILWAUKEE,MILWAUKEE CITY WARD 268,SPRING GENERAL,JUSTICE OF THE SUPREME COURT,NONPARTISAN,SCATTERING,97,0
2005,APRIL,MILWAUKEE,MILWAUKEE CITY WARD 269,SPRING GENERAL,JUSTICE OF THE SUPREME COURT,NONPARTISAN,ANN W. BRADLEY,100,98
2005,APRIL,MILWAUKEE,MILWAUKEE CITY WARD 269,SPRING GENERAL,JUSTICE OF THE SUPREME COURT,NONPARTISAN,SCATTERING,100,2
2005,APRIL,MILWAUKEE,MILWAUKEE CITY WARD 270,SPRING GENERAL,JUSTICE OF THE SUPREME COURT,NONPARTISAN,ANN W. BRADLEY,23,23
2005,APRIL,MILWAUKEE,MILWAUKEE CITY WARD 270,SPRING GENERAL,JUSTICE OF THE SUPREME COURT,NONPARTISAN,SCATTERING,23,0
2005,APRIL,MILWAUKEE,MILWAUKEE CITY WARD 271,SPRING GENERAL,JUSTICE OF THE SUPREME COURT,NONPARTISAN,ANN W. BRADLEY,70,70
2005,APRIL,MILWAUKEE,MILWAUKEE CITY WARD 271,SPRING GENERAL,JUSTICE OF THE SUPREME COURT,NONPARTISAN,SCATTERING,70,0
2005,APRIL,MILWAUKEE,MILWAUKEE CITY WARD 272,SPRING GENERAL,JUSTICE OF THE SUPREME COURT,NONPARTISAN,ANN W. BRADLEY,25,25
2005,APRIL,MILWAUKEE,MILWAUKEE CITY WARD 272,SPRING GENERAL,JUSTICE OF THE SUPREME COURT,NONPARTISAN,SCATTERING,25,0
2005,APRIL,MILWAUKEE,MILWAUKEE CITY WARD 273,SPRING GENERAL,JUSTICE OF THE SUPREME COURT,NONPARTISAN,ANN W. BRADLEY,161,159
2005,APRIL,MILWAUKEE,MILWAUKEE CITY WARD 273,SPRING GENERAL,JUSTICE OF THE SUPREME COURT,NONPARTISAN,SCATTERING,161,2
2005,APRIL,MILWAUKEE,MILWAUKEE CITY WARD 275,SPRING GENERAL,JUSTICE OF THE SUPREME COURT,NONPARTISAN,ANN W. BRADLEY,134,131
2005,APRIL,MILWAUKEE,MILWAUKEE CITY WARD 275,SPRING GENERAL,JUSTICE OF THE SUPREME COURT,NONPARTISAN,SCATTERING,134,3
2005,APRIL,MILWAUKEE,MILWAUKEE CITY WARD 276,SPRING GENERAL,JUSTICE OF THE SUPREME COURT,NONPARTISAN,ANN W. BRADLEY,255,253
2005,APRIL,MILWAUKEE,MILWAUKEE CITY WARD 276,SPRING GENERAL,JUSTICE OF THE SUPREME COURT,NONPARTISAN,SCATTERING,255,2
2005,APRIL,MILWAUKEE,MILWAUKEE CITY WARD 277,SPRING GENERAL,JUSTICE OF THE SUPREME COURT,NONPARTISAN,ANN W. BRADLEY,113,111
2005,APRIL,MILWAUKEE,MILWAUKEE CITY WARD 277,SPRING GENERAL,JUSTICE OF THE SUPREME COURT,NONPARTISAN,SCATTERING,113,2
2005,APRIL,MILWAUKEE,MILWAUKEE CITY WARD 278,SPRING GENERAL,JUSTICE OF THE SUPREME COURT,NONPARTISAN,ANN W. BRADLEY,127,125
2005,APRIL,MILWAUKEE,MILWAUKEE CITY WARD 278,SPRING GENERAL,JUSTICE OF THE SUPREME COURT,NONPARTISAN,SCATTERING,127,2
2005,APRIL,MILWAUKEE,MILWAUKEE CITY WARD 279,SPRING GENERAL,JUSTICE OF THE SUPREME COURT,NONPARTISAN,ANN W. BRADLEY,66,62
2005,APRIL,MILWAUKEE,MILWAUKEE CITY WARD 279,SPRING GENERAL,JUSTICE OF THE SUPREME COURT,NONPARTISAN,SCATTERING,66,4
2005,APRIL,MILWAUKEE,MILWAUKEE CITY WARD 280,SPRING GENERAL,JUSTICE OF THE SUPREME COURT,NONPARTISAN,ANN W. BRADLEY,86,84
2005,APRIL,MILWAUKEE,MILWAUKEE CITY WARD 280,SPRING GENERAL,JUSTICE OF THE SUPREME COURT,NONPARTISAN,SCATTERING,86,2
2005,APRIL,MILWAUKEE,MILWAUKEE CITY WARD 281,SPRING GENERAL,JUSTICE OF THE SUPREME COURT,NONPARTISAN,ANN W. BRADLEY,41,41
2005,APRIL,MILWAUKEE,MILWAUKEE CITY WARD 281,SPRING GENERAL,JUSTICE OF THE SUPREME COURT,NONPARTISAN,SCATTERING,41,0
2005,APRIL,MILWAUKEE,MILWAUKEE CITY WARD 282,SPRING GENERAL,JUSTICE OF THE SUPREME COURT,NONPARTISAN,ANN W. BRADLEY,166,159
2005,APRIL,MILWAUKEE,MILWAUKEE CITY WARD 282,SPRING GENERAL,JUSTICE OF THE SUPREME COURT,NONPARTISAN,SCATTERING,166,7
2005,APRIL,MILWAUKEE,MILWAUKEE CITY WARD 283,SPRING GENERAL,JUSTICE OF THE SUPREME COURT,NONPARTISAN,ANN W. BRADLEY,80,79
2005,APRIL,MILWAUKEE,MILWAUKEE CITY WARD 283,SPRING GENERAL,JUSTICE OF THE SUPREME COURT,NONPARTISAN,SCATTERING,80,1
2005,APRIL,MILWAUKEE,MILWAUKEE CITY WARD 284,SPRING GENERAL,JUSTICE OF THE SUPREME COURT,NONPARTISAN,ANN W. BRADLEY,71,71
2005,APRIL,MILWAUKEE,MILWAUKEE CITY WARD 284,SPRING GENERAL,JUSTICE OF THE SUPREME COURT,NONPARTISAN,SCATTERING,71,0
2005,APRIL,MILWAUKEE,MILWAUKEE CITY WARD 285,SPRING GENERAL,JUSTICE OF THE SUPREME COURT,NONPARTISAN,ANN W. BRADLEY,111,107
2005,APRIL,MILWAUKEE,MILWAUKEE CITY WARD 285,SPRING GENERAL,JUSTICE OF THE SUPREME COURT,NONPARTISAN,SCATTERING,111,4
2005,APRIL,MILWAUKEE,MILWAUKEE CITY WARD 286,SPRING GENERAL,JUSTICE OF THE SUPREME COURT,NONPARTISAN,ANN W. BRADLEY,79,78
2005,APRIL,MILWAUKEE,MILWAUKEE CITY WARD 286,SPRING GENERAL,JUSTICE OF THE SUPREME COURT,NONPARTISAN,SCATTERING,79,1
2005,APRIL,MILWAUKEE,MILWAUKEE CITY WARD 287,SPRING GENERAL,JUSTICE OF THE SUPREME COURT,NONPARTISAN,ANN W. BRADLEY,66,66
2005,APRIL,MILWAUKEE,MILWAUKEE CITY WARD 287,SPRING GENERAL,JUSTICE OF THE SUPREME COURT,NONPARTISAN,SCATTERING,66,0
2005,APRIL,MILWAUKEE,MILWAUKEE CITY WARD 288,SPRING GENERAL,JUSTICE OF THE SUPREME COURT,NONPARTISAN,ANN W. BRADLEY,52,52
2005,APRIL,MILWAUKEE,MILWAUKEE CITY WARD 288,SPRING GENERAL,JUSTICE OF THE SUPREME COURT,NONPARTISAN,SCATTERING,52,0
2005,APRIL,MILWAUKEE,MILWAUKEE CITY WARD 289,SPRING GENERAL,JUSTICE OF THE SUPREME COURT,NONPARTISAN,ANN W. BRADLEY,98,97
2005,APRIL,MILWAUKEE,MILWAUKEE CITY WARD 289,SPRING GENERAL,JUSTICE OF THE SUPREME COURT,NONPARTISAN,SCATTERING,98,1
2005,APRIL,MILWAUKEE,MILWAUKEE CITY WARD 290,SPRING GENERAL,JUSTICE OF THE SUPREME COURT,NONPARTISAN,ANN W. BRADLEY,20,20
2005,APRIL,MILWAUKEE,MILWAUKEE CITY WARD 290,SPRING GENERAL,JUSTICE OF THE SUPREME COURT,NONPARTISAN,SCATTERING,20,0
2005,APRIL,MILWAUKEE,MILWAUKEE CITY WARD 291,SPRING GENERAL,JUSTICE OF THE SUPREME COURT,NONPARTISAN,ANN W. BRADLEY,20,19
2005,APRIL,MILWAUKEE,MILWAUKEE CITY WARD 291,SPRING GENERAL,JUSTICE OF THE SUPREME COURT,NONPARTISAN,SCATTERING,20,1
2005,APRIL,MILWAUKEE,MILWAUKEE CITY WARD 292,SPRING GENERAL,JUSTICE OF THE SUPREME COURT,NONPARTISAN,ANN W. BRADLEY,33,33
2005,APRIL,MILWAUKEE,MILWAUKEE CITY WARD 292,SPRING GENERAL,JUSTICE OF THE SUPREME COURT,NONPARTISAN,SCATTERING,33,0
2005,APRIL,MILWAUKEE,MILWAUKEE CITY WARD 293,SPRING GENERAL,JUSTICE OF THE SUPREME COURT,NONPARTISAN,ANN W. BRADLEY,15,15
2005,APRIL,MILWAUKEE,MILWAUKEE CITY WARD 293,SPRING GENERAL,JUSTICE OF THE SUPREME COURT,NONPARTISAN,SCATTERING,15,0
2005,APRIL,MILWAUKEE,MILWAUKEE CITY WARD 294,SPRING GENERAL,JUSTICE OF THE SUPREME COURT,NONPARTISAN,ANN W. BRADLEY,10,10
2005,APRIL,MILWAUKEE,MILWAUKEE CITY WARD 294,SPRING GENERAL,JUSTICE OF THE SUPREME COURT,NONPARTISAN,SCATTERING,10,0
2005,APRIL,MILWAUKEE,MILWAUKEE CITY WARD 295,SPRING GENERAL,JUSTICE OF THE SUPREME COURT,NONPARTISAN,ANN W. BRADLEY,38,36
2005,APRIL,MILWAUKEE,MILWAUKEE CITY WARD 295,SPRING GENERAL,JUSTICE OF THE SUPREME COURT,NONPARTISAN,SCATTERING,38,2
2005,APRIL,MILWAUKEE,MILWAUKEE CITY WARD 296,SPRING GENERAL,JUSTICE OF THE SUPREME COURT,NONPARTISAN,ANN W. BRADLEY,61,59
2005,APRIL,MILWAUKEE,MILWAUKEE CITY WARD 296,SPRING GENERAL,JUSTICE OF THE SUPREME COURT,NONPARTISAN,SCATTERING,61,2
2005,APRIL,MILWAUKEE,MILWAUKEE CITY WARD 297,SPRING GENERAL,JUSTICE OF THE SUPREME COURT,NONPARTISAN,ANN W. BRADLEY,22,21
2005,APRIL,MILWAUKEE,MILWAUKEE CITY WARD 297,SPRING GENERAL,JUSTICE OF THE SUPREME COURT,NONPARTISAN,SCATTERING,22,1
2005,APRIL,MILWAUKEE,MILWAUKEE CITY WARD 298,SPRING GENERAL,JUSTICE OF THE SUPREME COURT,NONPARTISAN,ANN W. BRADLEY,19,19
2005,APRIL,MILWAUKEE,MILWAUKEE CITY WARD 298,SPRING GENERAL,JUSTICE OF THE SUPREME COURT,NONPARTISAN,SCATTERING,19,0
2005,APRIL,MILWAUKEE,MILWAUKEE CITY WARD 299,SPRING GENERAL,JUSTICE OF THE SUPREME COURT,NONPARTISAN,ANN W. BRADLEY,33,31
2005,APRIL,MILWAUKEE,MILWAUKEE CITY WARD 299,SPRING GENERAL,JUSTICE OF THE SUPREME COURT,NONPARTISAN,SCATTERING,33,2
2005,APRIL,MILWAUKEE,MILWAUKEE CITY WARD 300,SPRING GENERAL,JUSTICE OF THE SUPREME COURT,NONPARTISAN,ANN W. BRADLEY,22,22
2005,APRIL,MILWAUKEE,MILWAUKEE CITY WARD 300,SPRING GENERAL,JUSTICE OF THE SUPREME COURT,NONPARTISAN,SCATTERING,22,0
2005,APRIL,MILWAUKEE,MILWAUKEE CITY WARD 301,SPRING GENERAL,JUSTICE OF THE SUPREME COURT,NONPARTISAN,ANN W. BRADLEY,15,15
2005,APRIL,MILWAUKEE,MILWAUKEE CITY WARD 301,SPRING GENERAL,JUSTICE OF THE SUPREME COURT,NONPARTISAN,SCATTERING,15,0
2005,APRIL,MILWAUKEE,MILWAUKEE CITY WARD 302,SPRING GENERAL,JUSTICE OF THE SUPREME COURT,NONPARTISAN,ANN W. BRADLEY,38,38
2005,APRIL,MILWAUKEE,MILWAUKEE CITY WARD 302,SPRING GENERAL,JUSTICE OF THE SUPREME COURT,NONPARTISAN,SCATTERING,38,0
2005,APRIL,MILWAUKEE,MILWAUKEE CITY WARD 303,SPRING GENERAL,JUSTICE OF THE SUPREME COURT,NONPARTISAN,ANN W. BRADLEY,43,43
2005,APRIL,MILWAUKEE,MILWAUKEE CITY WARD 303,SPRING GENERAL,JUSTICE OF THE SUPREME COURT,NONPARTISAN,SCATTERING,43,0
2005,APRIL,MILWAUKEE,MILWAUKEE CITY WARD 304,SPRING GENERAL,JUSTICE OF THE SUPREME COURT,NONPARTISAN,ANN W. BRADLEY,34,34
2005,APRIL,MILWAUKEE,MILWAUKEE CITY WARD 304,SPRING GENERAL,JUSTICE OF THE SUPREME COURT,NONPARTISAN,SCATTERING,34,0
2005,APRIL,MILWAUKEE,MILWAUKEE CITY WARD 305,SPRING GENERAL,JUSTICE OF THE SUPREME COURT,NONPARTISAN,ANN W. BRADLEY,41,39
2005,APRIL,MILWAUKEE,MILWAUKEE CITY WARD 305,SPRING GENERAL,JUSTICE OF THE SUPREME COURT,NONPARTISAN,SCATTERING,41,2
2005,APRIL,MILWAUKEE,MILWAUKEE CITY WARD 306,SPRING GENERAL,JUSTICE OF THE SUPREME COURT,NONPARTISAN,ANN W. BRADLEY,18,18
2005,APRIL,MILWAUKEE,MILWAUKEE CITY WARD 306,SPRING GENERAL,JUSTICE OF THE SUPREME COURT,NONPARTISAN,SCATTERING,18,0
2005,APRIL,MILWAUKEE,MILWAUKEE CITY WARD 307,SPRING GENERAL,JUSTICE OF THE SUPREME COURT,NONPARTISAN,ANN W. BRADLEY,40,40
2005,APRIL,MILWAUKEE,MILWAUKEE CITY WARD 307,SPRING GENERAL,JUSTICE OF THE SUPREME COURT,NONPARTISAN,SCATTERING,40,0
2005,APRIL,MILWAUKEE,MILWAUKEE CITY WARD 308,SPRING GENERAL,JUSTICE OF THE SUPREME COURT,NONPARTISAN,ANN W. BRADLEY,11,10
2005,APRIL,MILWAUKEE,MILWAUKEE CITY WARD 308,SPRING GENERAL,JUSTICE OF THE SUPREME COURT,NONPARTISAN,SCATTERING,11,1
2005,APRIL,MILWAUKEE,MILWAUKEE CITY WARD 309,SPRING GENERAL,JUSTICE OF THE SUPREME COURT,NONPARTISAN,ANN W. BRADLEY,37,37
2005,APRIL,MILWAUKEE,MILWAUKEE CITY WARD 309,SPRING GENERAL,JUSTICE OF THE SUPREME COURT,NONPARTISAN,SCATTERING,37,0
2005,APRIL,MILWAUKEE,MILWAUKEE CITY WARD 310,SPRING GENERAL,JUSTICE OF THE SUPREME COURT,NONPARTISAN,ANN W. BRADLEY,21,21
2005,APRIL,MILWAUKEE,MILWAUKEE CITY WARD 310,SPRING GENERAL,JUSTICE OF THE SUPREME COURT,NONPARTISAN,SCATTERING,21,0
2005,APRIL,MILWAUKEE,MILWAUKEE CITY WARD 311,SPRING GENERAL,JUSTICE OF THE SUPREME COURT,NONPARTISAN,ANN W. BRADLEY,13,13
2005,APRIL,MILWAUKEE,MILWAUKEE CITY WARD 311,SPRING GENERAL,JUSTICE OF THE SUPREME COURT,NONPARTISAN,SCATTERING,13,0
2005,APRIL,MILWAUKEE,MILWAUKEE CITY WARD 312,SPRING GENERAL,JUSTICE OF THE SUPREME COURT,NONPARTISAN,ANN W. BRADLEY,10,10
2005,APRIL,MILWAUKEE,MILWAUKEE CITY WARD 312,SPRING GENERAL,JUSTICE OF THE SUPREME COURT,NONPARTISAN,SCATTERING,10,0
2005,APRIL,MILWAUKEE,MILWAUKEE CITY WARD 313,SPRING GENERAL,JUSTICE OF THE SUPREME COURT,NONPARTISAN,ANN W. BRADLEY,53,52
2005,APRIL,MILWAUKEE,MILWAUKEE CITY WARD 313,SPRING GENERAL,JUSTICE OF THE SUPREME COURT,NONPARTISAN,SCATTERING,53,1
2005,APRIL,MILWAUKEE,MILWAUKEE CITY WARD 314,SPRING GENERAL,JUSTICE OF THE SUPREME COURT,NONPARTISAN,ANN W. BRADLEY,28,27
2005,APRIL,MILWAUKEE,MILWAUKEE CITY WARD 314,SPRING GENERAL,JUSTICE OF THE SUPREME COURT,NONPARTISAN,SCATTERING,28,1
2005,APRIL,MILWAUKEE,OAK CREEK CITY WARDS 1 - 3,SPRING GENERAL,JUSTICE OF THE SUPREME COURT,NONPARTISAN,ANN W. BRADLEY,119,117
2005,APRIL,MILWAUKEE,OAK CREEK CITY WARDS 1 - 3,SPRING GENERAL,JUSTICE OF THE SUPREME COURT,NONPARTISAN,SCATTERING,119,2
2005,APRIL,MILWAUKEE,OAK CREEK CITY WARDS 4 - 6,SPRING GENERAL,JUSTICE OF THE SUPREME COURT,NONPARTISAN,ANN W. BRADLEY,118,116
2005,APRIL,MILWAUKEE,OAK CREEK CITY WARDS 4 - 6,SPRING GENERAL,JUSTICE OF THE SUPREME COURT,NONPARTISAN,SCATTERING,118,2
2005,APRIL,MILWAUKEE,OAK CREEK CITY WARDS 7 - 9,SPRING GENERAL,JUSTICE OF THE SUPREME COURT,NONPARTISAN,ANN W. BRADLEY,173,173
2005,APRIL,MILWAUKEE,OAK CREEK CITY WARDS 7 - 9,SPRING GENERAL,JUSTICE OF THE SUPREME COURT,NONPARTISAN,SCATTERING,173,0
2005,APRIL,MILWAUKEE,OAK CREEK CITY WARDS 10 - 12,SPRING GENERAL,JUSTICE OF THE SUPREME COURT,NONPARTISAN,ANN W. BRADLEY,188,186
2005,APRIL,MILWAUKEE,OAK CREEK CITY WARDS 10 - 12,SPRING GENERAL,JUSTICE OF THE SUPREME COURT,NONPARTISAN,SCATTERING,188,2
2005,APRIL,MILWAUKEE,OAK CREEK CITY WARDS 13 - 15,SPRING GENERAL,JUSTICE OF THE SUPREME COURT,NONPARTISAN,ANN W. BRADLEY,140,137
2005,APRIL,MILWAUKEE,OAK CREEK CITY WARDS 13 - 15,SPRING GENERAL,JUSTICE OF THE SUPREME COURT,NONPARTISAN,SCATTERING,140,3
2005,APRIL,MILWAUKEE,OAK CREEK CITY WARDS 16 - 18,SPRING GENERAL,JUSTICE OF THE SUPREME COURT,NONPARTISAN,ANN W. BRADLEY,116,112
2005,APRIL,MILWAUKEE,OAK CREEK CITY WARDS 16 - 18,SPRING GENERAL,JUSTICE OF THE SUPREME COURT,NONPARTISAN,SCATTERING,116,4
2005,APRIL,MILWAUKEE,ST FRANCIS CITY WARDS 1 - 4,SPRING GENERAL,JUSTICE OF THE SUPREME COURT,NONPARTISAN,ANN W. BRADLEY,119,117
2005,APRIL,MILWAUKEE,ST FRANCIS CITY WARDS 1 - 4,SPRING GENERAL,JUSTICE OF THE SUPREME COURT,NONPARTISAN,SCATTERING,119,2
2005,APRIL,MILWAUKEE,ST FRANCIS CITY WARDS 5 - 8,SPRING GENERAL,JUSTICE OF THE SUPREME COURT,NONPARTISAN,ANN W. BRADLEY,195,193
2005,APRIL,MILWAUKEE,ST FRANCIS CITY WARDS 5 - 8,SPRING GENERAL,JUSTICE OF THE SUPREME COURT,NONPARTISAN,SCATTERING,195,2
2005,APRIL,MILWAUKEE,ST FRANCIS CITY WARDS 9 - 12,SPRING GENERAL,JUSTICE OF THE SUPREME COURT,NONPARTISAN,ANN W. BRADLEY,296,292
2005,APRIL,MILWAUKEE,ST FRANCIS CITY WARDS 9 - 12,SPRING GENERAL,JUSTICE OF THE SUPREME COURT,NONPARTISAN,SCATTERING,296,4
2005,APRIL,MILWAUKEE,SOUTH MILWAUKEE CITY WARDS 1 & 2,SPRING GENERAL,JUSTICE OF THE SUPREME COURT,NONPARTISAN,ANN W. BRADLEY,347,345
2005,APRIL,MILWAUKEE,SOUTH MILWAUKEE CITY WARDS 1 & 2,SPRING GENERAL,JUSTICE OF THE SUPREME COURT,NONPARTISAN,SCATTERING,347,2
2005,APRIL,MILWAUKEE,SOUTH MILWAUKEE CITY WARDS 3 & 4,SPRING GENERAL,JUSTICE OF THE SUPREME COURT,NONPARTISAN,ANN W. BRADLEY,136,132
2005,APRIL,MILWAUKEE,SOUTH MILWAUKEE CITY WARDS 3 & 4,SPRING GENERAL,JUSTICE OF THE SUPREME COURT,NONPARTISAN,SCATTERING,136,4
2005,APRIL,MILWAUKEE,SOUTH MILWAUKEE CITY WARDS 5 & 6,SPRING GENERAL,JUSTICE OF THE SUPREME COURT,NONPARTISAN,ANN W. BRADLEY,191,189
2005,APRIL,MILWAUKEE,SOUTH MILWAUKEE CITY WARDS 5 & 6,SPRING GENERAL,JUSTICE OF THE SUPREME COURT,NONPARTISAN,SCATTERING,191,2
2005,APRIL,MILWAUKEE,SOUTH MILWAUKEE CITY WARDS 7 & 8,SPRING GENERAL,JUSTICE OF THE SUPREME COURT,NONPARTISAN,ANN W. BRADLEY,148,147
2005,APRIL,MILWAUKEE,SOUTH MILWAUKEE CITY WARDS 7 & 8,SPRING GENERAL,JUSTICE OF THE SUPREME COURT,NONPARTISAN,SCATTERING,148,1
2005,APRIL,MILWAUKEE,SOUTH MILWAUKEE CITY WARDS 9 & 10,SPRING GENERAL,JUSTICE OF THE SUPREME COURT,NONPARTISAN,ANN W. BRADLEY,244,243
2005,APRIL,MILWAUKEE,SOUTH MILWAUKEE CITY WARDS 9 & 10,SPRING GENERAL,JUSTICE OF THE SUPREME COURT,NONPARTISAN,SCATTERING,244,1
2005,APRIL,MILWAUKEE,SOUTH MILWAUKEE CITY WARDS 11 & 12,SPRING GENERAL,JUSTICE OF THE SUPREME COURT,NONPARTISAN,ANN W. BRADLEY,183,182
2005,APRIL,MILWAUKEE,SOUTH MILWAUKEE CITY WARDS 11 & 12,SPRING GENERAL,JUSTICE OF THE SUPREME COURT,NONPARTISAN,SCATTERING,183,1
2005,APRIL,MILWAUKEE,SOUTH MILWAUKEE CITY WARDS 13 & 14,SPRING GENERAL,JUSTICE OF THE SUPREME COURT,NONPARTISAN,ANN W. BRADLEY,206,206
2005,APRIL,MILWAUKEE,SOUTH MILWAUKEE CITY WARDS 13 & 14,SPRING GENERAL,JUSTICE OF THE SUPREME COURT,NONPARTISAN,SCATTERING,206,0
2005,APRIL,MILWAUKEE,SOUTH MILWAUKEE CITY WARDS 15 & 16,SPRING GENERAL,JUSTICE OF THE SUPREME COURT,NONPARTISAN,ANN W. BRADLEY,256,255
2005,APRIL,MILWAUKEE,SOUTH MILWAUKEE CITY WARDS 15 & 16,SPRING GENERAL,JUSTICE OF THE SUPREME COURT,NONPARTISAN,SCATTERING,256,1
2005,APRIL,MILWAUKEE,WAUWATOSA CITY WARD 1,SPRING GENERAL,JUSTICE OF THE SUPREME COURT,NONPARTISAN,ANN W. BRADLEY,217,213
2005,APRIL,MILWAUKEE,WAUWATOSA CITY WARD 1,SPRING GENERAL,JUSTICE OF THE SUPREME COURT,NONPARTISAN,SCATTERING,217,4
2005,APRIL,MILWAUKEE,WAUWATOSA CITY WARD 2,SPRING GENERAL,JUSTICE OF THE SUPREME COURT,NONPARTISAN,ANN W. BRADLEY,196,193
2005,APRIL,MILWAUKEE,WAUWATOSA CITY WARD 2,SPRING GENERAL,JUSTICE OF THE SUPREME COURT,NONPARTISAN,SCATTERING,196,3
2005,APRIL,MILWAUKEE,WAUWATOSA CITY WARD 3,SPRING GENERAL,JUSTICE OF THE SUPREME COURT,NONPARTISAN,ANN W. BRADLEY,182,181
2005,APRIL,MILWAUKEE,WAUWATOSA CITY WARD 3,SPRING GENERAL,JUSTICE OF THE SUPREME COURT,NONPARTISAN,SCATTERING,182,1
2005,APRIL,MILWAUKEE,WAUWATOSA CITY WARD 4,SPRING GENERAL,JUSTICE OF THE SUPREME COURT,NONPARTISAN,ANN W. BRADLEY,376,369
2005,APRIL,MILWAUKEE,WAUWATOSA CITY WARD 4,SPRING GENERAL,JUSTICE OF THE SUPREME COURT,NONPARTISAN,SCATTERING,376,7
2005,APRIL,MILWAUKEE,WAUWATOSA CITY WARD 5,SPRING GENERAL,JUSTICE OF THE SUPREME COURT,NONPARTISAN,ANN W. BRADLEY,288,286
2005,APRIL,MILWAUKEE,WAUWATOSA CITY WARD 5,SPRING GENERAL,JUSTICE OF THE SUPREME COURT,NONPARTISAN,SCATTERING,288,2
2005,APRIL,MILWAUKEE,WAUWATOSA CITY WARD 6,SPRING GENERAL,JUSTICE OF THE SUPREME COURT,NONPARTISAN,ANN W. BRADLEY,138,136
2005,APRIL,MILWAUKEE,WAUWATOSA CITY WARD 6,SPRING GENERAL,JUSTICE OF THE SUPREME COURT,NONPARTISAN,SCATTERING,138,2
2005,APRIL,MILWAUKEE,WAUWATOSA CITY WARD 7,SPRING GENERAL,JUSTICE OF THE SUPREME COURT,NONPARTISAN,ANN W. BRADLEY,387,384
2005,APRIL,MILWAUKEE,WAUWATOSA CITY WARD 7,SPRING GENERAL,JUSTICE OF THE SUPREME COURT,NONPARTISAN,SCATTERING,387,3
2005,APRIL,MILWAUKEE,WAUWATOSA CITY WARD 8,SPRING GENERAL,JUSTICE OF THE SUPREME COURT,NONPARTISAN,ANN W. BRADLEY,111,110
2005,APRIL,MILWAUKEE,WAUWATOSA CITY WARD 8,SPRING GENERAL,JUSTICE OF THE SUPREME COURT,NONPARTISAN,SCATTERING,111,1
2005,APRIL,MILWAUKEE,WAUWATOSA CITY WARD 9,SPRING GENERAL,JUSTICE OF THE SUPREME COURT,NONPARTISAN,ANN W. BRADLEY,192,190
2005,APRIL,MILWAUKEE,WAUWATOSA CITY WARD 9,SPRING GENERAL,JUSTICE OF THE SUPREME COURT,NONPARTISAN,SCATTERING,192,2
2005,APRIL,MILWAUKEE,WAUWATOSA CITY WARD 10,SPRING GENERAL,JUSTICE OF THE SUPREME COURT,NONPARTISAN,ANN W. BRADLEY,228,227
2005,APRIL,MILWAUKEE,WAUWATOSA CITY WARD 10,SPRING GENERAL,JUSTICE OF THE SUPREME COURT,NONPARTISAN,SCATTERING,228,1
2005,APRIL,MILWAUKEE,WAUWATOSA CITY WARD 11,SPRING GENERAL,JUSTICE OF THE SUPREME COURT,NONPARTISAN,ANN W. BRADLEY,208,207
2005,APRIL,MILWAUKEE,WAUWATOSA CITY WARD 11,SPRING GENERAL,JUSTICE OF THE SUPREME COURT,NONPARTISAN,SCATTERING,208,1
2005,APRIL,MILWAUKEE,WAUWATOSA CITY WARD 12,SPRING GENERAL,JUSTICE OF THE SUPREME COURT,NONPARTISAN,ANN W. BRADLEY,324,320
2005,APRIL,MILWAUKEE,WAUWATOSA CITY WARD 12,SPRING GENERAL,JUSTICE OF THE SUPREME COURT,NONPARTISAN,SCATTERING,324,4
2005,APRIL,MILWAUKEE,WAUWATOSA CITY WARD 13,SPRING GENERAL,JUSTICE OF THE SUPREME COURT,NONPARTISAN,ANN W. BRADLEY,89,89
2005,APRIL,MILWAUKEE,WAUWATOSA CITY WARD 13,SPRING GENERAL,JUSTICE OF THE SUPREME COURT,NONPARTISAN,SCATTERING,89,0
2005,APRIL,MILWAUKEE,WAUWATOSA CITY WARD 14,SPRING GENERAL,JUSTICE OF THE SUPREME COURT,NONPARTISAN,ANN W. BRADLEY,211,210
2005,APRIL,MILWAUKEE,WAUWATOSA CITY WARD 14,SPRING GENERAL,JUSTICE OF THE SUPREME COURT,NONPARTISAN,SCATTERING,211,1
2005,APRIL,MILWAUKEE,WAUWATOSA CITY WARD 15,SPRING GENERAL,JUSTICE OF THE SUPREME COURT,NONPARTISAN,ANN W. BRADLEY,188,186
2005,APRIL,MILWAUKEE,WAUWATOSA CITY WARD 15,SPRING GENERAL,JUSTICE OF THE SUPREME COURT,NONPARTISAN,SCATTERING,188,2
2005,APRIL,MILWAUKEE,WAUWATOSA CITY WARD 16,SPRING GENERAL,JUSTICE OF THE SUPREME COURT,NONPARTISAN,ANN W. BRADLEY,294,293
2005,APRIL,MILWAUKEE,WAUWATOSA CITY WARD 16,SPRING GENERAL,JUSTICE OF THE SUPREME COURT,NONPARTISAN,SCATTERING,294,1
2005,APRIL,MILWAUKEE,WAUWATOSA CITY WARD 17,SPRING GENERAL,JUSTICE OF THE SUPREME COURT,NONPARTISAN,ANN W. BRADLEY,271,270
2005,APRIL,MILWAUKEE,WAUWATOSA CITY WARD 17,SPRING GENERAL,JUSTICE OF THE SUPREME COURT,NONPARTISAN,SCATTERING,271,1
2005,APRIL,MILWAUKEE,WAUWATOSA CITY WARD 18,SPRING GENERAL,JUSTICE OF THE SUPREME COURT,NONPARTISAN,ANN W. BRADLEY,170,167
2005,APRIL,MILWAUKEE,WAUWATOSA CITY WARD 18,SPRING GENERAL,JUSTICE OF THE SUPREME COURT,NONPARTISAN,SCATTERING,170,3
2005,APRIL,MILWAUKEE,WAUWATOSA CITY WARD 19,SPRING GENERAL,JUSTICE OF THE SUPREME COURT,NONPARTISAN,ANN W. BRADLEY,301,300
2005,APRIL,MILWAUKEE,WAUWATOSA CITY WARD 19,SPRING GENERAL,JUSTICE OF THE SUPREME COURT,NONPARTISAN,SCATTERING,301,1
2005,APRIL,MILWAUKEE,WAUWATOSA CITY WARD 20,SPRING GENERAL,JUSTICE OF THE SUPREME COURT,NONPARTISAN,ANN W. BRADLEY,350,345
2005,APRIL,MILWAUKEE,WAUWATOSA CITY WARD 20,SPRING GENERAL,JUSTICE OF THE SUPREME COURT,NONPARTISAN,SCATTERING,350,5
2005,APRIL,MILWAUKEE,WAUWATOSA CITY WARD 21,SPRING GENERAL,JUSTICE OF THE SUPREME COURT,NONPARTISAN,ANN W. BRADLEY,87,85
2005,APRIL,MILWAUKEE,WAUWATOSA CITY WARD 21,SPRING GENERAL,JUSTICE OF THE SUPREME COURT,NONPARTISAN,SCATTERING,87,2
2005,APRIL,MILWAUKEE,WAUWATOSA CITY WARD 22,SPRING GENERAL,JUSTICE OF THE SUPREME COURT,NONPARTISAN,ANN W. BRADLEY,234,232
2005,APRIL,MILWAUKEE,WAUWATOSA CITY WARD 22,SPRING GENERAL,JUSTICE OF THE SUPREME COURT,NONPARTISAN,SCATTERING,234,2
2005,APRIL,MILWAUKEE,WAUWATOSA CITY WARD 23,SPRING GENERAL,JUSTICE OF THE SUPREME COURT,NONPARTISAN,ANN W. BRADLEY,203,202
2005,APRIL,MILWAUKEE,WAUWATOSA CITY WARD 23,SPRING GENERAL,JUSTICE OF THE SUPREME COURT,NONPARTISAN,SCATTERING,203,1
2005,APRIL,MILWAUKEE,WAUWATOSA CITY WARD 24,SPRING GENERAL,JUSTICE OF THE SUPREME COURT,NONPARTISAN,ANN W. BRADLEY,217,217
2005,APRIL,MILWAUKEE,WAUWATOSA CITY WARD 24,SPRING GENERAL,JUSTICE OF THE SUPREME COURT,NONPARTISAN,SCATTERING,217,0
2005,APRIL,MILWAUKEE,WEST ALLIS CITY WARD 1,SPRING GENERAL,JUSTICE OF THE SUPREME COURT,NONPARTISAN,ANN W. BRADLEY,70,70
2005,APRIL,MILWAUKEE,WEST ALLIS CITY WARD 1,SPRING GENERAL,JUSTICE OF THE SUPREME COURT,NONPARTISAN,SCATTERING,70,0
2005,APRIL,MILWAUKEE,WEST ALLIS CITY WARD 2,SPRING GENERAL,JUSTICE OF THE SUPREME COURT,NONPARTISAN,ANN W. BRADLEY,60,59
2005,APRIL,MILWAUKEE,WEST ALLIS CITY WARD 2,SPRING GENERAL,JUSTICE OF THE SUPREME COURT,NONPARTISAN,SCATTERING,60,1
2005,APRIL,MILWAUKEE,WEST ALLIS CITY WARD 3,SPRING GENERAL,JUSTICE OF THE SUPREME COURT,NONPARTISAN,ANN W. BRADLEY,54,54
2005,APRIL,MILWAUKEE,WEST ALLIS CITY WARD 3,SPRING GENERAL,JUSTICE OF THE SUPREME COURT,NONPARTISAN,SCATTERING,54,0
2005,APRIL,MILWAUKEE,WEST ALLIS CITY WARD 4,SPRING GENERAL,JUSTICE OF THE SUPREME COURT,NONPARTISAN,ANN W. BRADLEY,61,59
2005,APRIL,MILWAUKEE,WEST ALLIS CITY WARD 4,SPRING GENERAL,JUSTICE OF THE SUPREME COURT,NONPARTISAN,SCATTERING,61,2
2005,APRIL,MILWAUKEE,WEST ALLIS CITY WARD 5,SPRING GENERAL,JUSTICE OF THE SUPREME COURT,NONPARTISAN,ANN W. BRADLEY,52,52
2005,APRIL,MILWAUKEE,WEST ALLIS CITY WARD 5,SPRING GENERAL,JUSTICE OF THE SUPREME COURT,NONPARTISAN,SCATTERING,52,0
2005,APRIL,MILWAUKEE,WEST ALLIS CITY WARD 6,SPRING GENERAL,JUSTICE OF THE SUPREME COURT,NONPARTISAN,ANN W. BRADLEY,61,61
2005,APRIL,MILWAUKEE,WEST ALLIS CITY WARD 6,SPRING GENERAL,JUSTICE OF THE SUPREME COURT,NONPARTISAN,SCATTERING,61,0
2005,APRIL,MILWAUKEE,WEST ALLIS CITY WARD 7,SPRING GENERAL,JUSTICE OF THE SUPREME COURT,NONPARTISAN,ANN W. BRADLEY,81,81
2005,APRIL,MILWAUKEE,WEST ALLIS CITY WARD 7,SPRING GENERAL,JUSTICE OF THE SUPREME COURT,NONPARTISAN,SCATTERING,81,0
2005,APRIL,MILWAUKEE,WEST ALLIS CITY WARD 8,SPRING GENERAL,JUSTICE OF THE SUPREME COURT,NONPARTISAN,ANN W. BRADLEY,68,67
2005,APRIL,MILWAUKEE,WEST ALLIS CITY WARD 8,SPRING GENERAL,JUSTICE OF THE SUPREME COURT,NONPARTISAN,SCATTERING,68,1
2005,APRIL,MILWAUKEE,WEST ALLIS CITY WARD 9,SPRING GENERAL,JUSTICE OF THE SUPREME COURT,NONPARTISAN,ANN W. BRADLEY,41,40
2005,APRIL,MILWAUKEE,WEST ALLIS CITY WARD 9,SPRING GENERAL,JUSTICE OF THE SUPREME COURT,NONPARTISAN,SCATTERING,41,1
2005,APRIL,MILWAUKEE,WEST ALLIS CITY WARD 10,SPRING GENERAL,JUSTICE OF THE SUPREME COURT,NONPARTISAN,ANN W. BRADLEY,66,65
2005,APRIL,MILWAUKEE,WEST ALLIS CITY WARD 10,SPRING GENERAL,JUSTICE OF THE SUPREME COURT,NONPARTISAN,SCATTERING,66,1
2005,APRIL,MILWAUKEE,WEST ALLIS CITY WARD 11,SPRING GENERAL,JUSTICE OF THE SUPREME COURT,NONPARTISAN,ANN W. BRADLEY,66,65
2005,APRIL,MILWAUKEE,WEST ALLIS CITY WARD 11,SPRING GENERAL,JUSTICE OF THE SUPREME COURT,NONPARTISAN,SCATTERING,66,1
2005,APRIL,MILWAUKEE,WEST ALLIS CITY WARD 12,SPRING GENERAL,JUSTICE OF THE SUPREME COURT,NONPARTISAN,ANN W. BRADLEY,45,43
2005,APRIL,MILWAUKEE,WEST ALLIS CITY WARD 12,SPRING GENERAL,JUSTICE OF THE SUPREME COURT,NONPARTISAN,SCATTERING,45,2
2005,APRIL,MILWAUKEE,WEST ALLIS CITY WARD 13,SPRING GENERAL,JUSTICE OF THE SUPREME COURT,NONPARTISAN,ANN W. BRADLEY,75,75
2005,APRIL,MILWAUKEE,WEST ALLIS CITY WARD 13,SPRING GENERAL,JUSTICE OF THE SUPREME COURT,NONPARTISAN,SCATTERING,75,0
2005,APRIL,MILWAUKEE,WEST ALLIS CITY WARD 14,SPRING GENERAL,JUSTICE OF THE SUPREME COURT,NONPARTISAN,ANN W. BRADLEY,58,57
2005,APRIL,MILWAUKEE,WEST ALLIS CITY WARD 14,SPRING GENERAL,JUSTICE OF THE SUPREME COURT,NONPARTISAN,SCATTERING,58,1
2005,APRIL,MILWAUKEE,WEST ALLIS CITY WARD 15,SPRING GENERAL,JUSTICE OF THE SUPREME COURT,NONPARTISAN,ANN W. BRADLEY,73,72
2005,APRIL,MILWAUKEE,WEST ALLIS CITY WARD 15,SPRING GENERAL,JUSTICE OF THE SUPREME COURT,NONPARTISAN,SCATTERING,73,1
2005,APRIL,MILWAUKEE,WEST ALLIS CITY WARD 16,SPRING GENERAL,JUSTICE OF THE SUPREME COURT,NONPARTISAN,ANN W. BRADLEY,59,57
2005,APRIL,MILWAUKEE,WEST ALLIS CITY WARD 16,SPRING GENERAL,JUSTICE OF THE SUPREME COURT,NONPARTISAN,SCATTERING,59,2
2005,APRIL,MILWAUKEE,WEST ALLIS CITY WARD 17,SPRING GENERAL,JUSTICE OF THE SUPREME COURT,NONPARTISAN,ANN W. BRADLEY,87,86
2005,APRIL,MILWAUKEE,WEST ALLIS CITY WARD 17,SPRING GENERAL,JUSTICE OF THE SUPREME COURT,NONPARTISAN,SCATTERING,87,1
2005,APRIL,MILWAUKEE,WEST ALLIS CITY WARD 18,SPRING GENERAL,JUSTICE OF THE SUPREME COURT,NONPARTISAN,ANN W. BRADLEY,91,88
2005,APRIL,MILWAUKEE,WEST ALLIS CITY WARD 18,SPRING GENERAL,JUSTICE OF THE SUPREME COURT,NONPARTISAN,SCATTERING,91,3
2005,APRIL,MILWAUKEE,WEST ALLIS CITY WARD 19,SPRING GENERAL,JUSTICE OF THE SUPREME COURT,NONPARTISAN,ANN W. BRADLEY,89,89
2005,APRIL,MILWAUKEE,WEST ALLIS CITY WARD 19,SPRING GENERAL,JUSTICE OF THE SUPREME COURT,NONPARTISAN,SCATTERING,89,0
2005,APRIL,MILWAUKEE,WEST ALLIS CITY WARD 20,SPRING GENERAL,JUSTICE OF THE SUPREME COURT,NONPARTISAN,ANN W. BRADLEY,44,43
2005,APRIL,MILWAUKEE,WEST ALLIS CITY WARD 20,SPRING GENERAL,JUSTICE OF THE SUPREME COURT,NONPARTISAN,SCATTERING,44,1
2005,APRIL,MILWAUKEE,WEST ALLIS CITY WARD 21,SPRING GENERAL,JUSTICE OF THE SUPREME COURT,NONPARTISAN,ANN W. BRADLEY,54,53
2005,APRIL,MILWAUKEE,WEST ALLIS CITY WARD 21,SPRING GENERAL,JUSTICE OF THE SUPREME COURT,NONPARTISAN,SCATTERING,54,1
2005,APRIL,MILWAUKEE,WEST ALLIS CITY WARD 22,SPRING GENERAL,JUSTICE OF THE SUPREME COURT,NONPARTISAN,ANN W. BRADLEY,92,90
2005,APRIL,MILWAUKEE,WEST ALLIS CITY WARD 22,SPRING GENERAL,JUSTICE OF THE SUPREME COURT,NONPARTISAN,SCATTERING,92,2
2005,APRIL,MILWAUKEE,WEST ALLIS CITY WARD 23,SPRING GENERAL,JUSTICE OF THE SUPREME COURT,NONPARTISAN,ANN W. BRADLEY,89,89
2005,APRIL,MILWAUKEE,WEST ALLIS CITY WARD 23,SPRING GENERAL,JUSTICE OF THE SUPREME COURT,NONPARTISAN,SCATTERING,89,0
2005,APRIL,MILWAUKEE,WEST ALLIS CITY WARD 24,SPRING GENERAL,JUSTICE OF THE SUPREME COURT,NONPARTISAN,ANN W. BRADLEY,68,67
2005,APRIL,MILWAUKEE,WEST ALLIS CITY WARD 24,SPRING GENERAL,JUSTICE OF THE SUPREME COURT,NONPARTISAN,SCATTERING,68,1
2005,APRIL,MILWAUKEE,WEST ALLIS CITY WARD 25,SPRING GENERAL,JUSTICE OF THE SUPREME COURT,NONPARTISAN,ANN W. BRADLEY,156,155
2005,APRIL,MILWAUKEE,WEST ALLIS CITY WARD 25,SPRING GENERAL,JUSTICE OF THE SUPREME COURT,NONPARTISAN,SCATTERING,156,1
2005,APRIL,MILWAUKEE,WEST ALLIS CITY WARD 26,SPRING GENERAL,JUSTICE OF THE SUPREME COURT,NONPARTISAN,ANN W. BRADLEY,107,107
2005,APRIL,MILWAUKEE,WEST ALLIS CITY WARD 26,SPRING GENERAL,JUSTICE OF THE SUPREME COURT,NONPARTISAN,SCATTERING,107,0
2005,APRIL,MILWAUKEE,WEST ALLIS CITY WARD 27,SPRING GENERAL,JUSTICE OF THE SUPREME COURT,NONPARTISAN,ANN W. BRADLEY,69,69
2005,APRIL,MILWAUKEE,WEST ALLIS CITY WARD 27,SPRING GENERAL,JUSTICE OF THE SUPREME COURT,NONPARTISAN,SCATTERING,69,0
2005,APRIL,MILWAUKEE,WEST ALLIS CITY WARD 28,SPRING GENERAL,JUSTICE OF THE SUPREME COURT,NONPARTISAN,ANN W. BRADLEY,75,75
2005,APRIL,MILWAUKEE,WEST ALLIS CITY WARD 28,SPRING GENERAL,JUSTICE OF THE SUPREME COURT,NONPARTISAN,SCATTERING,75,0
2005,APRIL,MILWAUKEE,WEST ALLIS CITY WARD 29,SPRING GENERAL,JUSTICE OF THE SUPREME COURT,NONPARTISAN,ANN W. BRADLEY,92,91
2005,APRIL,MILWAUKEE,WEST ALLIS CITY WARD 29,SPRING GENERAL,JUSTICE OF THE SUPREME COURT,NONPARTISAN,SCATTERING,92,1
2005,APRIL,MILWAUKEE,WEST ALLIS CITY WARD 30,SPRING GENERAL,JUSTICE OF THE SUPREME COURT,NONPARTISAN,ANN W. BRADLEY,128,127
2005,APRIL,MILWAUKEE,WEST ALLIS CITY WARD 30,SPRING GENERAL,JUSTICE OF THE SUPREME COURT,NONPARTISAN,SCATTERING,128,1
2005,APRIL,MILWAUKEE,WEST ALLIS CITY WARD 31,SPRING GENERAL,JUSTICE OF THE SUPREME COURT,NONPARTISAN,ANN W. BRADLEY,60,60
2005,APRIL,MILWAUKEE,WEST ALLIS CITY WARD 31,SPRING GENERAL,JUSTICE OF THE SUPREME COURT,NONPARTISAN,SCATTERING,60,0
2005,APRIL,MILWAUKEE,WEST ALLIS CITY WARD 32,SPRING GENERAL,JUSTICE OF THE SUPREME COURT,NONPARTISAN,ANN W. BRADLEY,37,36
2005,APRIL,MILWAUKEE,WEST ALLIS CITY WARD 32,SPRING GENERAL,JUSTICE OF THE SUPREME COURT,NONPARTISAN,SCATTERING,37,1
2005,APRIL,MILWAUKEE,WEST ALLIS CITY WARD 33,SPRING GENERAL,JUSTICE OF THE SUPREME COURT,NONPARTISAN,ANN W. BRADLEY,77,77
2005,APRIL,MILWAUKEE,WEST ALLIS CITY WARD 33,SPRING GENERAL,JUSTICE OF THE SUPREME COURT,NONPARTISAN,SCATTERING,77,0
2005,APRIL,MILWAUKEE,WEST ALLIS CITY WARD 34,SPRING GENERAL,JUSTICE OF THE SUPREME COURT,NONPARTISAN,ANN W. BRADLEY,0,0
2005,APRIL,MILWAUKEE,WEST ALLIS CITY WARD 34,SPRING GENERAL,JUSTICE OF THE SUPREME COURT,NONPARTISAN,SCATTERING,0,0
2005,APRIL,MILWAUKEE,WEST ALLIS CITY WARD 35,SPRING GENERAL,JUSTICE OF THE SUPREME COURT,NONPARTISAN,ANN W. BRADLEY,31,31
2005,APRIL,MILWAUKEE,WEST ALLIS CITY WARD 35,SPRING GENERAL,JUSTICE OF THE SUPREME COURT,NONPARTISAN,SCATTERING,31,0
2005,APRIL,MONROE,ADRIAN TOWN WARD 1,SPRING GENERAL,JUSTICE OF THE SUPREME COURT,NONPARTISAN,ANN W. BRADLEY,99,99
2005,APRIL,MONROE,ADRIAN TOWN WARD 1,SPRING GENERAL,JUSTICE OF THE SUPREME COURT,NONPARTISAN,SCATTERING,99,0
2005,APRIL,MONROE,ANGELO TOWN WARDS 1 - 3,SPRING GENERAL,JUSTICE OF THE SUPREME COURT,NONPARTISAN,ANN W. BRADLEY,59,59
2005,APRIL,MONROE,ANGELO TOWN WARDS 1 - 3,SPRING GENERAL,JUSTICE OF THE SUPREME COURT,NONPARTISAN,SCATTERING,59,0
2005,APRIL,MONROE,BYRON TOWN WARDS 1 & 2,SPRING GENERAL,JUSTICE OF THE SUPREME COURT,NONPARTISAN,ANN W. BRADLEY,108,108
2005,APRIL,MONROE,BYRON TOWN WARDS 1 & 2,SPRING GENERAL,JUSTICE OF THE SUPREME COURT,NONPARTISAN,SCATTERING,108,0
2005,APRIL,MONROE,CLIFTON TOWN WARD 1,SPRING GENERAL,JUSTICE OF THE SUPREME COURT,NONPARTISAN,ANN W. BRADLEY,62,62
2005,APRIL,MONROE,CLIFTON TOWN WARD 1,SPRING GENERAL,JUSTICE OF THE SUPREME COURT,NONPARTISAN,SCATTERING,62,0
2005,APRIL,MONROE,GLENDALE TOWN WARD 1,SPRING GENERAL,JUSTICE OF THE SUPREME COURT,NONPARTISAN,ANN W. BRADLEY,39,39
2005,APRIL,MONROE,GLENDALE TOWN WARD 1,SPRING GENERAL,JUSTICE OF THE SUPREME COURT,NONPARTISAN,SCATTERING,39,0
2005,APRIL,MONROE,GRANT TOWN WARD 1,SPRING GENERAL,JUSTICE OF THE SUPREME COURT,NONPARTISAN,ANN W. BRADLEY,45,45
2005,APRIL,MONROE,GRANT TOWN WARD 1,SPRING GENERAL,JUSTICE OF THE SUPREME COURT,NONPARTISAN,SCATTERING,45,0
2005,APRIL,MONROE,GREENFIELD TOWN WARD 1,SPRING GENERAL,JUSTICE OF THE SUPREME COURT,NONPARTISAN,ANN W. BRADLEY,79,79
2005,APRIL,MONROE,GREENFIELD TOWN WARD 1,SPRING GENERAL,JUSTICE OF THE SUPREME COURT,NONPARTISAN,SCATTERING,79,0
2005,APRIL,MONROE,JEFFERSON TOWN WARD 1,SPRING GENERAL,JUSTICE OF THE SUPREME COURT,NONPARTISAN,ANN W. BRADLEY,81,81
2005,APRIL,MONROE,JEFFERSON TOWN WARD 1,SPRING GENERAL,JUSTICE OF THE SUPREME COURT,NONPARTISAN,SCATTERING,81,0
2005,APRIL,MONROE,LAFAYETTE TOWN WARDS 1 & 2,SPRING GENERAL,JUSTICE OF THE SUPREME COURT,NONPARTISAN,ANN W. BRADLEY,38,38
2005,APRIL,MONROE,LAFAYETTE TOWN WARDS 1 & 2,SPRING GENERAL,JUSTICE OF THE SUPREME COURT,NONPARTISAN,SCATTERING,38,0
2005,APRIL,MONROE,LA GRANGE TOWN WARDS 1 - 3,SPRING GENERAL,JUSTICE OF THE SUPREME COURT,NONPARTISAN,ANN W. BRADLEY,219,219
2005,APRIL,MONROE,LA GRANGE TOWN WARDS 1 - 3,SPRING GENERAL,JUSTICE OF THE SUPREME COURT,NONPARTISAN,SCATTERING,219,0
2005,APRIL,MONROE,LEON TOWN WARD 1,SPRING GENERAL,JUSTICE OF THE SUPREME COURT,NONPARTISAN,ANN W. BRADLEY,76,76
2005,APRIL,MONROE,LEON TOWN WARD 1,SPRING GENERAL,JUSTICE OF THE SUPREME COURT,NONPARTISAN,SCATTERING,76,0
2005,APRIL,MONROE,LINCOLN TOWN WARD 1,SPRING GENERAL,JUSTICE OF THE SUPREME COURT,NONPARTISAN,ANN W. BRADLEY,58,58
2005,APRIL,MONROE,LINCOLN TOWN WARD 1,SPRING GENERAL,JUSTICE OF THE SUPREME COURT,NONPARTISAN,SCATTERING,58,0
2005,APRIL,MONROE,LITTLE FALLS TOWN WARDS 1 & 2,SPRING GENERAL,JUSTICE OF THE SUPREME COURT,NONPARTISAN,ANN W. BRADLEY,124,123
2005,APRIL,MONROE,LITTLE FALLS TOWN WARDS 1 & 2,SPRING GENERAL,JUSTICE OF THE SUPREME COURT,NONPARTISAN,SCATTERING,124,1
2005,APRIL,MONROE,NEW LYME TOWN WARD 1,SPRING GENERAL,JUSTICE OF THE SUPREME COURT,NONPARTISAN,ANN W. BRADLEY,20,20
2005,APRIL,MONROE,NEW LYME TOWN WARD 1,SPRING GENERAL,JUSTICE OF THE SUPREME COURT,NONPARTISAN,SCATTERING,20,0
2005,APRIL,MONROE,OAKDALE TOWN WARD 1,SPRING GENERAL,JUSTICE OF THE SUPREME COURT,NONPARTISAN,ANN W. BRADLEY,48,48
2005,APRIL,MONROE,OAKDALE TOWN WARD 1,SPRING GENERAL,JUSTICE OF THE SUPREME COURT,NONPARTISAN,SCATTERING,48,0
2005,APRIL,MONROE,PORTLAND TOWN WARD 1,SPRING GENERAL,JUSTICE OF THE SUPREME COURT,NONPARTISAN,ANN W. BRADLEY,100,100
2005,APRIL,MONROE,PORTLAND TOWN WARD 1,SPRING GENERAL,JUSTICE OF THE SUPREME COURT,NONPARTISAN,SCATTERING,100,0
2005,APRIL,MONROE,RIDGEVILLE TOWN WARD 1,SPRING GENERAL,JUSTICE OF THE SUPREME COURT,NONPARTISAN,ANN W. BRADLEY,130,130
2005,APRIL,MONROE,RIDGEVILLE TOWN WARD 1,SPRING GENERAL,JUSTICE OF THE SUPREME COURT,NONPARTISAN,SCATTERING,130,0
2005,APRIL,MONROE,SCOTT TOWN WARD 1,SPRING GENERAL,JUSTICE OF THE SUPREME COURT,NONPARTISAN,ANN W. BRADLEY,15,15
2005,APRIL,MONROE,SCOTT TOWN WARD 1,SPRING GENERAL,JUSTICE OF THE SUPREME COURT,NONPARTISAN,SCATTERING,15,0
2005,APRIL,MONROE,SHELDON TOWN WARD 1,SPRING GENERAL,JUSTICE OF THE SUPREME COURT,NONPARTISAN,ANN W. BRADLEY,20,20
2005,APRIL,MONROE,SHELDON TOWN WARD 1,SPRING GENERAL,JUSTICE OF THE SUPREME COURT,NONPARTISAN,SCATTERING,20,0
2005,APRIL,MONROE,SPARTA TOWN WARDS 1 - 4,SPRING GENERAL,JUSTICE OF THE SUPREME COURT,NONPARTISAN,ANN W. BRADLEY,222,222
2005,APRIL,MONROE,SPARTA TOWN WARDS 1 - 4,SPRING GENERAL,JUSTICE OF THE SUPREME COURT,NONPARTISAN,SCATTERING,222,0
2005,APRIL,MONROE,TOMAH TOWN WARDS 1 & 2,SPRING GENERAL,JUSTICE OF THE SUPREME COURT,NONPARTISAN,ANN W. BRADLEY,138,138
2005,APRIL,MONROE,TOMAH TOWN WARDS 1 & 2,SPRING GENERAL,JUSTICE OF THE SUPREME COURT,NONPARTISAN,SCATTERING,138,0
2005,APRIL,MONROE,WELLINGTON TOWN WARDS 1 & 2,SPRING GENERAL,JUSTICE OF THE SUPREME COURT,NONPARTISAN,ANN W. BRADLEY,41,41
2005,APRIL,MONROE,WELLINGTON TOWN WARDS 1 & 2,SPRING GENERAL,JUSTICE OF THE SUPREME COURT,NONPARTISAN,SCATTERING,41,0
2005,APRIL,MONROE,WELLS TOWN WARD 1,SPRING GENERAL,JUSTICE OF THE SUPREME COURT,NONPARTISAN,ANN W. BRADLEY,112,112
2005,APRIL,MONROE,WELLS TOWN WARD 1,SPRING GENERAL,JUSTICE OF THE SUPREME COURT,NONPARTISAN,SCATTERING,112,0
2005,APRIL,MONROE,WILTON TOWN WARDS 1 - 3,SPRING GENERAL,JUSTICE OF THE SUPREME COURT,NONPARTISAN,ANN W. BRADLEY,95,95
2005,APRIL,MONROE,WILTON TOWN WARDS 1 - 3,SPRING GENERAL,JUSTICE OF THE SUPREME COURT,NONPARTISAN,SCATTERING,95,0
2005,APRIL,MONROE,CASHTON VILLAGE WARDS 1 & 2,SPRING GENERAL,JUSTICE OF THE SUPREME COURT,NONPARTISAN,ANN W. BRADLEY,156,155
2005,APRIL,MONROE,CASHTON VILLAGE WARDS 1 & 2,SPRING GENERAL,JUSTICE OF THE SUPREME COURT,NONPARTISAN,SCATTERING,156,1
2005,APRIL,MONROE,KENDALL VILLAGE WARD 1,SPRING GENERAL,JUSTICE OF THE SUPREME COURT,NONPARTISAN,ANN W. BRADLEY,49,49
2005,APRIL,MONROE,KENDALL VILLAGE WARD 1,SPRING GENERAL,JUSTICE OF THE SUPREME COURT,NONPARTISAN,SCATTERING,49,0
2005,APRIL,MONROE,MELVINA VILLAGE WARD 1,SPRING GENERAL,JUSTICE OF THE SUPREME COURT,NONPARTISAN,ANN W. BRADLEY,14,14
2005,APRIL,MONROE,MELVINA VILLAGE WARD 1,SPRING GENERAL,JUSTICE OF THE SUPREME COURT,NONPARTISAN,SCATTERING,14,0
2005,APRIL,MONROE,NORWALK VILLAGE WARD 1,SPRING GENERAL,JUSTICE OF THE SUPREME COURT,NONPARTISAN,ANN W. BRADLEY,111,111
2005,APRIL,MONROE,NORWALK VILLAGE WARD 1,SPRING GENERAL,JUSTICE OF THE SUPREME COURT,NONPARTISAN,SCATTERING,111,0
2005,APRIL,MONROE,OAKDALE VILLAGE WARD 1,SPRING GENERAL,JUSTICE OF THE SUPREME COURT,NONPARTISAN,ANN W. BRADLEY,44,44
2005,APRIL,MONROE,OAKDALE VILLAGE WARD 1,SPRING GENERAL,JUSTICE OF THE SUPREME COURT,NONPARTISAN,SCATTERING,44,0
2005,APRIL,MONROE,WARRENS VILLAGE WARD 1,SPRING GENERAL,JUSTICE OF THE SUPREME COURT,NONPARTISAN,ANN W. BRADLEY,24,24
2005,APRIL,MONROE,WARRENS VILLAGE WARD 1,SPRING GENERAL,JUSTICE OF THE SUPREME COURT,NONPARTISAN,SCATTERING,24,0
2005,APRIL,MONROE,WILTON VILLAGE WARD 1,SPRING GENERAL,JUSTICE OF THE SUPREME COURT,NONPARTISAN,ANN W. BRADLEY,69,69
2005,APRIL,MONROE,WILTON VILLAGE WARD 1,SPRING GENERAL,JUSTICE OF THE SUPREME COURT,NONPARTISAN,SCATTERING,69,0
2005,APRIL,MONROE,WYEVILLE VILLAGE WARD 1,SPRING GENERAL,JUSTICE OF THE SUPREME COURT,NONPARTISAN,ANN W. BRADLEY,13,13
2005,APRIL,MONROE,WYEVILLE VILLAGE WARD 1,SPRING GENERAL,JUSTICE OF THE SUPREME COURT,NONPARTISAN,SCATTERING,13,0
2005,APRIL,MONROE,SPARTA CITY WARDS 1 & 2,SPRING GENERAL,JUSTICE OF THE SUPREME COURT,NONPARTISAN,ANN W. BRADLEY,166,165
2005,APRIL,MONROE,SPARTA CITY WARDS 1 & 2,SPRING GENERAL,JUSTICE OF THE SUPREME COURT,NONPARTISAN,SCATTERING,166,1
2005,APRIL,MONROE,SPARTA CITY WARD 3,SPRING GENERAL,JUSTICE OF THE SUPREME COURT,NONPARTISAN,ANN W. BRADLEY,65,65
2005,APRIL,MONROE,SPARTA CITY WARD 3,SPRING GENERAL,JUSTICE OF THE SUPREME COURT,NONPARTISAN,SCATTERING,65,0
2005,APRIL,MONROE,SPARTA CITY WARD 4,SPRING GENERAL,JUSTICE OF THE SUPREME COURT,NONPARTISAN,ANN W. BRADLEY,41,41
2005,APRIL,MONROE,SPARTA CITY WARD 4,SPRING GENERAL,JUSTICE OF THE SUPREME COURT,NONPARTISAN,SCATTERING,41,0
2005,APRIL,MONROE,SPARTA CITY WARD 5,SPRING GENERAL,JUSTICE OF THE SUPREME COURT,NONPARTISAN,ANN W. BRADLEY,79,79
2005,APRIL,MONROE,SPARTA CITY WARD 5,SPRING GENERAL,JUSTICE OF THE SUPREME COURT,NONPARTISAN,SCATTERING,79,0
2005,APRIL,MONROE,SPARTA CITY WARD 6,SPRING GENERAL,JUSTICE OF THE SUPREME COURT,NONPARTISAN,ANN W. BRADLEY,40,39
2005,APRIL,MONROE,SPARTA CITY WARD 6,SPRING GENERAL,JUSTICE OF THE SUPREME COURT,NONPARTISAN,SCATTERING,40,1
2005,APRIL,MONROE,SPARTA CITY WARDS 7 & 8,SPRING GENERAL,JUSTICE OF THE SUPREME COURT,NONPARTISAN,ANN W. BRADLEY,133,132
2005,APRIL,MONROE,SPARTA CITY WARDS 7 & 8,SPRING GENERAL,JUSTICE OF THE SUPREME COURT,NONPARTISAN,SCATTERING,133,1
2005,APRIL,MONROE,SPARTA CITY WARD 9,SPRING GENERAL,JUSTICE OF THE SUPREME COURT,NONPARTISAN,ANN W. BRADLEY,23,22
2005,APRIL,MONROE,SPARTA CITY WARD 9,SPRING GENERAL,JUSTICE OF THE SUPREME COURT,NONPARTISAN,SCATTERING,23,1
2005,APRIL,MONROE,SPARTA CITY WARD 10,SPRING GENERAL,JUSTICE OF THE SUPREME COURT,NONPARTISAN,ANN W. BRADLEY,49,48
2005,APRIL,MONROE,SPARTA CITY WARD 10,SPRING GENERAL,JUSTICE OF THE SUPREME COURT,NONPARTISAN,SCATTERING,49,1
2005,APRIL,MONROE,SPARTA CITY WARDS 11 & 12,SPRING GENERAL,JUSTICE OF THE SUPREME COURT,NONPARTISAN,ANN W. BRADLEY,153,151
2005,APRIL,MONROE,SPARTA CITY WARDS 11 & 12,SPRING GENERAL,JUSTICE OF THE SUPREME COURT,NONPARTISAN,SCATTERING,153,2
2005,APRIL,MONROE,SPARTA CITY WARD 13,SPRING GENERAL,JUSTICE OF THE SUPREME COURT,NONPARTISAN,ANN W. BRADLEY,83,83
2005,APRIL,MONROE,SPARTA CITY WARD 13,SPRING GENERAL,JUSTICE OF THE SUPREME COURT,NONPARTISAN,SCATTERING,83,0
2005,APRIL,MONROE,SPARTA CITY WARD 14,SPRING GENERAL,JUSTICE OF THE SUPREME COURT,NONPARTISAN,ANN W. BRADLEY,19,19
2005,APRIL,MONROE,SPARTA CITY WARD 14,SPRING GENERAL,JUSTICE OF THE SUPREME COURT,NONPARTISAN,SCATTERING,19,0
2005,APRIL,MONROE,SPARTA CITY WARD 15,SPRING GENERAL,JUSTICE OF THE SUPREME COURT,NONPARTISAN,ANN W. BRADLEY,23,23
2005,APRIL,MONROE,SPARTA CITY WARD 15,SPRING GENERAL,JUSTICE OF THE SUPREME COURT,NONPARTISAN,SCATTERING,23,0
2005,APRIL,MONROE,SPARTA CITY WARDS 16 & 17,SPRING GENERAL,JUSTICE OF THE SUPREME COURT,NONPARTISAN,ANN W. BRADLEY,198,195
2005,APRIL,MONROE,SPARTA CITY WARDS 16 & 17,SPRING GENERAL,JUSTICE OF THE SUPREME COURT,NONPARTISAN,SCATTERING,198,3
2005,APRIL,MONROE,TOMAH CITY WARDS 1 & 2,SPRING GENERAL,JUSTICE OF THE SUPREME COURT,NONPARTISAN,ANN W. BRADLEY,48,48
2005,APRIL,MONROE,TOMAH CITY WARDS 1 & 2,SPRING GENERAL,JUSTICE OF THE SUPREME COURT,NONPARTISAN,SCATTERING,48,0
2005,APRIL,MONROE,"TOMAH CITY WARDS 3 - 6, 9, 10, 15 & 16",SPRING GENERAL,JUSTICE OF THE SUPREME COURT,NONPARTISAN,ANN W. BRADLEY,361,359
2005,APRIL,MONROE,"TOMAH CITY WARDS 3 - 6, 9, 10, 15 & 16",SPRING GENERAL,JUSTICE OF THE SUPREME COURT,NONPARTISAN,SCATTERING,361,2
2005,APRIL,MONROE,TOMAH CITY WARDS 7 & 8,SPRING GENERAL,JUSTICE OF THE SUPREME COURT,NONPARTISAN,ANN W. BRADLEY,94,94
2005,APRIL,MONROE,TOMAH CITY WARDS 7 & 8,SPRING GENERAL,JUSTICE OF THE SUPREME COURT,NONPARTISAN,SCATTERING,94,0
2005,APRIL,MONROE,TOMAH CITY WARDS 11 & 12,SPRING GENERAL,JUSTICE OF THE SUPREME COURT,NONPARTISAN,ANN W. BRADLEY,102,102
2005,APRIL,MONROE,TOMAH CITY WARDS 11 & 12,SPRING GENERAL,JUSTICE OF THE SUPREME COURT,NONPARTISAN,SCATTERING,102,0
2005,APRIL,MONROE,TOMAH CITY WARDS 13 & 14,SPRING GENERAL,JUSTICE OF THE SUPREME COURT,NONPARTISAN,ANN W. BRADLEY,130,130
2005,APRIL,MONROE,TOMAH CITY WARDS 13 & 14,SPRING GENERAL,JUSTICE OF THE SUPREME COURT,NONPARTISAN,SCATTERING,130,0
2005,APRIL,OCONTO,ABRAMS TOWN WARDS 1 - 4,SPRING GENERAL,JUSTICE OF THE SUPREME COURT,NONPARTISAN,ANN W. BRADLEY,108,108
2005,APRIL,OCONTO,ABRAMS TOWN WARDS 1 - 4,SPRING GENERAL,JUSTICE OF THE SUPREME COURT,NONPARTISAN,SCATTERING,108,0
2005,APRIL,OCONTO,BAGLEY TOWN WARD 1,SPRING GENERAL,JUSTICE OF THE SUPREME COURT,NONPARTISAN,ANN W. BRADLEY,39,39
2005,APRIL,OCONTO,BAGLEY TOWN WARD 1,SPRING GENERAL,JUSTICE OF THE SUPREME COURT,NONPARTISAN,SCATTERING,39,0
2005,APRIL,OCONTO,BRAZEAU TOWN WARDS 1 - 3,SPRING GENERAL,JUSTICE OF THE SUPREME COURT,NONPARTISAN,ANN W. BRADLEY,89,88
2005,APRIL,OCONTO,BRAZEAU TOWN WARDS 1 - 3,SPRING GENERAL,JUSTICE OF THE SUPREME COURT,NONPARTISAN,SCATTERING,89,1
2005,APRIL,OCONTO,BREED TOWN WARD 1,SPRING GENERAL,JUSTICE OF THE SUPREME COURT,NONPARTISAN,ANN W. BRADLEY,99,99
2005,APRIL,OCONTO,BREED TOWN WARD 1,SPRING GENERAL,JUSTICE OF THE SUPREME COURT,NONPARTISAN,SCATTERING,99,0
2005,APRIL,OCONTO,CHASE TOWN WARDS 1 - 4,SPRING GENERAL,JUSTICE OF THE SUPREME COURT,NONPARTISAN,ANN W. BRADLEY,318,317
2005,APRIL,OCONTO,CHASE TOWN WARDS 1 - 4,SPRING GENERAL,JUSTICE OF THE SUPREME COURT,NONPARTISAN,SCATTERING,318,1
2005,APRIL,OCONTO,DOTY TOWN WARDS 1 & 2,SPRING GENERAL,JUSTICE OF THE SUPREME COURT,NONPARTISAN,ANN W. BRADLEY,43,43
2005,APRIL,OCONTO,DOTY TOWN WARDS 1 & 2,SPRING GENERAL,JUSTICE OF THE SUPREME COURT,NONPARTISAN,SCATTERING,43,0
2005,APRIL,OCONTO,GILLETT TOWN WARDS 1 & 2,SPRING GENERAL,JUSTICE OF THE SUPREME COURT,NONPARTISAN,ANN W. BRADLEY,180,180
2005,APRIL,OCONTO,GILLETT TOWN WARDS 1 & 2,SPRING GENERAL,JUSTICE OF THE SUPREME COURT,NONPARTISAN,SCATTERING,180,0
2005,APRIL,OCONTO,HOW TOWN WARDS 1 - 3,SPRING GENERAL,JUSTICE OF THE SUPREME COURT,NONPARTISAN,ANN W. BRADLEY,52,52
2005,APRIL,OCONTO,HOW TOWN WARDS 1 - 3,SPRING GENERAL,JUSTICE OF THE SUPREME COURT,NONPARTISAN,SCATTERING,52,0
2005,APRIL,OCONTO,LAKEWOOD TOWN WARD 1,SPRING GENERAL,JUSTICE OF THE SUPREME COURT,NONPARTISAN,ANN W. BRADLEY,168,168
2005,APRIL,OCONTO,LAKEWOOD TOWN WARD 1,SPRING GENERAL,JUSTICE OF THE SUPREME COURT,NONPARTISAN,SCATTERING,168,0
2005,APRIL,OCONTO,LENA TOWN WARDS 1 & 2,SPRING GENERAL,JUSTICE OF THE SUPREME COURT,NONPARTISAN,ANN W. BRADLEY,110,110
2005,APRIL,OCONTO,LENA TOWN WARDS 1 & 2,SPRING GENERAL,JUSTICE OF THE SUPREME COURT,NONPARTISAN,SCATTERING,110,0
2005,APRIL,OCONTO,LITTLE RIVER TOWN WARDS 1 & 2,SPRING GENERAL,JUSTICE OF THE SUPREME COURT,NONPARTISAN,ANN W. BRADLEY,189,189
2005,APRIL,OCONTO,LITTLE RIVER TOWN WARDS 1 & 2,SPRING GENERAL,JUSTICE OF THE SUPREME COURT,NONPARTISAN,SCATTERING,189,0
2005,APRIL,OCONTO,LITTLE SUAMICO TOWN WARDS 1 - 7,SPRING GENERAL,JUSTICE OF THE SUPREME COURT,NONPARTISAN,ANN W. BRADLEY,273,272
2005,APRIL,OCONTO,LITTLE SUAMICO TOWN WARDS 1 - 7,SPRING GENERAL,JUSTICE OF THE SUPREME COURT,NONPARTISAN,SCATTERING,273,1
2005,APRIL,OCONTO,MAPLE VALLEY TOWN WARDS 1 & 2,SPRING GENERAL,JUSTICE OF THE SUPREME COURT,NONPARTISAN,ANN W. BRADLEY,58,58
2005,APRIL,OCONTO,MAPLE VALLEY TOWN WARDS 1 & 2,SPRING GENERAL,JUSTICE OF THE SUPREME COURT,NONPARTISAN,SCATTERING,58,0
2005,APRIL,OCONTO,MORGAN TOWN WARD 1,SPRING GENERAL,JUSTICE OF THE SUPREME COURT,NONPARTISAN,ANN W. BRADLEY,86,86
2005,APRIL,OCONTO,MORGAN TOWN WARD 1,SPRING GENERAL,JUSTICE OF THE SUPREME COURT,NONPARTISAN,SCATTERING,86,0
2005,APRIL,OCONTO,MOUNTAIN TOWN WARDS 1 & 2,SPRING GENERAL,JUSTICE OF THE SUPREME COURT,NONPARTISAN,ANN W. BRADLEY,175,173
2005,APRIL,OCONTO,MOUNTAIN TOWN WARDS 1 & 2,SPRING GENERAL,JUSTICE OF THE SUPREME COURT,NONPARTISAN,SCATTERING,175,2
2005,APRIL,OCONTO,OCONTO TOWN WARDS 1 - 3,SPRING GENERAL,JUSTICE OF THE SUPREME COURT,NONPARTISAN,ANN W. BRADLEY,127,127
2005,APRIL,OCONTO,OCONTO TOWN WARDS 1 - 3,SPRING GENERAL,JUSTICE OF THE SUPREME COURT,NONPARTISAN,SCATTERING,127,0
2005,APRIL,OCONTO,OCONTO FALLS TOWN WARDS 1 & 2,SPRING GENERAL,JUSTICE OF THE SUPREME COURT,NONPARTISAN,ANN W. BRADLEY,71,70
2005,APRIL,OCONTO,OCONTO FALLS TOWN WARDS 1 & 2,SPRING GENERAL,JUSTICE OF THE SUPREME COURT,NONPARTISAN,SCATTERING,71,1
2005,APRIL,OCONTO,PENSAUKEE TOWN WARDS 1 - 3,SPRING GENERAL,JUSTICE OF THE SUPREME COURT,NONPARTISAN,ANN W. BRADLEY,227,225
2005,APRIL,OCONTO,PENSAUKEE TOWN WARDS 1 - 3,SPRING GENERAL,JUSTICE OF THE SUPREME COURT,NONPARTISAN,SCATTERING,227,2
2005,APRIL,OCONTO,RIVERVIEW TOWN WARDS 1 & 2,SPRING GENERAL,JUSTICE OF THE SUPREME COURT,NONPARTISAN,ANN W. BRADLEY,179,178
2005,APRIL,OCONTO,RIVERVIEW TOWN WARDS 1 & 2,SPRING GENERAL,JUSTICE OF THE SUPREME COURT,NONPARTISAN,SCATTERING,179,1
2005,APRIL,OCONTO,SPRUCE TOWN WARDS 1 & 2,SPRING GENERAL,JUSTICE OF THE SUPREME COURT,NONPARTISAN,ANN W. BRADLEY,67,66
2005,APRIL,OCONTO,SPRUCE TOWN WARDS 1 & 2,SPRING GENERAL,JUSTICE OF THE SUPREME COURT,NONPARTISAN,SCATTERING,67,1
2005,APRIL,OCONTO,STILES TOWN WARDS 1 - 3,SPRING GENERAL,JUSTICE OF THE SUPREME COURT,NONPARTISAN,ANN W. BRADLEY,84,84
2005,APRIL,OCONTO,STILES TOWN WARDS 1 - 3,SPRING GENERAL,JUSTICE OF THE SUPREME COURT,NONPARTISAN,SCATTERING,84,0
2005,APRIL,OCONTO,TOWNSEND TOWN WARD 1,SPRING GENERAL,JUSTICE OF THE SUPREME COURT,NONPARTISAN,ANN W. BRADLEY,341,338
2005,APRIL,OCONTO,TOWNSEND TOWN WARD 1,SPRING GENERAL,JUSTICE OF THE SUPREME COURT,NONPARTISAN,SCATTERING,341,3
2005,APRIL,OCONTO,UNDERHILL TOWN WARD 1,SPRING GENERAL,JUSTICE OF THE SUPREME COURT,NONPARTISAN,ANN W. BRADLEY,154,153
2005,APRIL,OCONTO,UNDERHILL TOWN WARD 1,SPRING GENERAL,JUSTICE OF THE SUPREME COURT,NONPARTISAN,SCATTERING,154,1
2005,APRIL,OCONTO,LENA VILLAGE WARD 1,SPRING GENERAL,JUSTICE OF THE SUPREME COURT,NONPARTISAN,ANN W. BRADLEY,50,50
2005,APRIL,OCONTO,LENA VILLAGE WARD 1,SPRING GENERAL,JUSTICE OF THE SUPREME COURT,NONPARTISAN,SCATTERING,50,0
2005,APRIL,OCONTO,PULASKI VILLAGE WARD 5,SPRING GENERAL,JUSTICE OF THE SUPREME COURT,NONPARTISAN,ANN W. BRADLEY,0,0
2005,APRIL,OCONTO,PULASKI VILLAGE WARD 5,SPRING GENERAL,JUSTICE OF THE SUPREME COURT,NONPARTISAN,SCATTERING,0,0
2005,APRIL,OCONTO,SURING VILLAGE WARD 1,SPRING GENERAL,JUSTICE OF THE SUPREME COURT,NONPARTISAN,ANN W. BRADLEY,68,68
2005,APRIL,OCONTO,SURING VILLAGE WARD 1,SPRING GENERAL,JUSTICE OF THE SUPREME COURT,NONPARTISAN,SCATTERING,68,0
2005,APRIL,OCONTO,GILLETT CITY WARDS 1 - 4,SPRING GENERAL,JUSTICE OF THE SUPREME COURT,NONPARTISAN,ANN W. BRADLEY,116,116
2005,APRIL,OCONTO,GILLETT CITY WARDS 1 - 4,SPRING GENERAL,JUSTICE OF THE SUPREME COURT,NONPARTISAN,SCATTERING,116,0
2005,APRIL,OCONTO,OCONTO CITY WARDS 1 - 8,SPRING GENERAL,JUSTICE OF THE SUPREME COURT,NONPARTISAN,ANN W. BRADLEY,493,492
2005,APRIL,OCONTO,OCONTO CITY WARDS 1 - 8,SPRING GENERAL,JUSTICE OF THE SUPREME COURT,NONPARTISAN,SCATTERING,493,1
2005,APRIL,OCONTO,OCONTO FALLS CITY WARDS 1 - 5,SPRING GENERAL,JUSTICE OF THE SUPREME COURT,NONPARTISAN,ANN W. BRADLEY,292,291
2005,APRIL,OCONTO,OCONTO FALLS CITY WARDS 1 - 5,SPRING GENERAL,JUSTICE OF THE SUPREME COURT,NONPARTISAN,SCATTERING,292,1
2005,APRIL,ONEIDA,CASSIAN TOWN WARDS 1 & 2,SPRING GENERAL,JUSTICE OF THE SUPREME COURT,NONPARTISAN,ANN W. BRADLEY,259,259
2005,APRIL,ONEIDA,CASSIAN TOWN WARDS 1 & 2,SPRING GENERAL,JUSTICE OF THE SUPREME COURT,NONPARTISAN,SCATTERING,259,0
2005,APRIL,ONEIDA,CRESCENT TOWN WARDS 1 - 3,SPRING GENERAL,JUSTICE OF THE SUPREME COURT,NONPARTISAN,ANN W. BRADLEY,457,452
2005,APRIL,ONEIDA,CRESCENT TOWN WARDS 1 - 3,SPRING GENERAL,JUSTICE OF THE SUPREME COURT,NONPARTISAN,SCATTERING,457,5
2005,APRIL,ONEIDA,ENTERPRISE TOWN WARD 1,SPRING GENERAL,JUSTICE OF THE SUPREME COURT,NONPARTISAN,ANN W. BRADLEY,106,106
2005,APRIL,ONEIDA,ENTERPRISE TOWN WARD 1,SPRING GENERAL,JUSTICE OF THE SUPREME COURT,NONPARTISAN,SCATTERING,106,0
2005,APRIL,ONEIDA,HAZELHURST TOWN WARDS 1 & 2,SPRING GENERAL,JUSTICE OF THE SUPREME COURT,NONPARTISAN,ANN W. BRADLEY,111,111
2005,APRIL,ONEIDA,HAZELHURST TOWN WARDS 1 & 2,SPRING GENERAL,JUSTICE OF THE SUPREME COURT,NONPARTISAN,SCATTERING,111,0
2005,APRIL,ONEIDA,LAKE TOMAHAWK TOWN WARDS 1 & 2,SPRING GENERAL,JUSTICE OF THE SUPREME COURT,NONPARTISAN,ANN W. BRADLEY,242,242
2005,APRIL,ONEIDA,LAKE TOMAHAWK TOWN WARDS 1 & 2,SPRING GENERAL,JUSTICE OF THE SUPREME COURT,NONPARTISAN,SCATTERING,242,0
2005,APRIL,ONEIDA,LITTLE RICE TOWN WARD 1,SPRING GENERAL,JUSTICE OF THE SUPREME COURT,NONPARTISAN,ANN W. BRADLEY,68,68
2005,APRIL,ONEIDA,LITTLE RICE TOWN WARD 1,SPRING GENERAL,JUSTICE OF THE SUPREME COURT,NONPARTISAN,SCATTERING,68,0
2005,APRIL,ONEIDA,LYNNE TOWN WARD 1,SPRING GENERAL,JUSTICE OF THE SUPREME COURT,NONPARTISAN,ANN W. BRADLEY,59,59
2005,APRIL,ONEIDA,LYNNE TOWN WARD 1,SPRING GENERAL,JUSTICE OF THE SUPREME COURT,NONPARTISAN,SCATTERING,59,0
2005,APRIL,ONEIDA,MINOCQUA TOWN WARDS 1 - 6,SPRING GENERAL,JUSTICE OF THE SUPREME COURT,NONPARTISAN,ANN W. BRADLEY,789,786
2005,APRIL,ONEIDA,MINOCQUA TOWN WARDS 1 - 6,SPRING GENERAL,JUSTICE OF THE SUPREME COURT,NONPARTISAN,SCATTERING,789,3
2005,APRIL,ONEIDA,MONICO TOWN WARD 1,SPRING GENERAL,JUSTICE OF THE SUPREME COURT,NONPARTISAN,ANN W. BRADLEY,33,33
2005,APRIL,ONEIDA,MONICO TOWN WARD 1,SPRING GENERAL,JUSTICE OF THE SUPREME COURT,NONPARTISAN,SCATTERING,33,0
2005,APRIL,ONEIDA,NEWBOLD TOWN WARDS 1 - 5,SPRING GENERAL,JUSTICE OF THE SUPREME COURT,NONPARTISAN,ANN W. BRADLEY,777,773
2005,APRIL,ONEIDA,NEWBOLD TOWN WARDS 1 - 5,SPRING GENERAL,JUSTICE OF THE SUPREME COURT,NONPARTISAN,SCATTERING,777,4
2005,APRIL,ONEIDA,NOKOMIS TOWN WARDS 1 & 2,SPRING GENERAL,JUSTICE OF THE SUPREME COURT,NONPARTISAN,ANN W. BRADLEY,210,210
2005,APRIL,ONEIDA,NOKOMIS TOWN WARDS 1 & 2,SPRING GENERAL,JUSTICE OF THE SUPREME COURT,NONPARTISAN,SCATTERING,210,0
2005,APRIL,ONEIDA,PELICAN TOWN WARDS 1 - 5,SPRING GENERAL,JUSTICE OF THE SUPREME COURT,NONPARTISAN,ANN W. BRADLEY,517,517
2005,APRIL,ONEIDA,PELICAN TOWN WARDS 1 - 5,SPRING GENERAL,JUSTICE OF THE SUPREME COURT,NONPARTISAN,SCATTERING,517,0
2005,APRIL,ONEIDA,PIEHL TOWN WARD 1,SPRING GENERAL,JUSTICE OF THE SUPREME COURT,NONPARTISAN,ANN W. BRADLEY,29,29
2005,APRIL,ONEIDA,PIEHL TOWN WARD 1,SPRING GENERAL,JUSTICE OF THE SUPREME COURT,NONPARTISAN,SCATTERING,29,0
2005,APRIL,ONEIDA,PINE LAKE TOWN WARDS 1 - 4,SPRING GENERAL,JUSTICE OF THE SUPREME COURT,NONPARTISAN,ANN W. BRADLEY,642,639
2005,APRIL,ONEIDA,PINE LAKE TOWN WARDS 1 - 4,SPRING GENERAL,JUSTICE OF THE SUPREME COURT,NONPARTISAN,SCATTERING,642,3
2005,APRIL,ONEIDA,SCHOEPKE TOWN WARD 1,SPRING GENERAL,JUSTICE OF THE SUPREME COURT,NONPARTISAN,ANN W. BRADLEY,114,114
2005,APRIL,ONEIDA,SCHOEPKE TOWN WARD 1,SPRING GENERAL,JUSTICE OF THE SUPREME COURT,NONPARTISAN,SCATTERING,114,0
2005,APRIL,ONEIDA,STELLA TOWN WARD 1,SPRING GENERAL,JUSTICE OF THE SUPREME COURT,NONPARTISAN,ANN W. BRADLEY,201,201
2005,APRIL,ONEIDA,STELLA TOWN WARD 1,SPRING GENERAL,JUSTICE OF THE SUPREME COURT,NONPARTISAN,SCATTERING,201,0
2005,APRIL,ONEIDA,SUGAR CAMP TOWN WARDS 1 & 2,SPRING GENERAL,JUSTICE OF THE SUPREME COURT,NONPARTISAN,ANN W. BRADLEY,402,401
2005,APRIL,ONEIDA,SUGAR CAMP TOWN WARDS 1 & 2,SPRING GENERAL,JUSTICE OF THE SUPREME COURT,NONPARTISAN,SCATTERING,402,1
2005,APRIL,ONEIDA,THREE LAKES TOWN WARDS 1 - 3,SPRING GENERAL,JUSTICE OF THE SUPREME COURT,NONPARTISAN,ANN W. BRADLEY,557,556
2005,APRIL,ONEIDA,THREE LAKES TOWN WARDS 1 - 3,SPRING GENERAL,JUSTICE OF THE SUPREME COURT,NONPARTISAN,SCATTERING,557,1
2005,APRIL,ONEIDA,WOODBORO TOWN WARD 1,SPRING GENERAL,JUSTICE OF THE SUPREME COURT,NONPARTISAN,ANN W. BRADLEY,201,201
2005,APRIL,ONEIDA,WOODBORO TOWN WARD 1,SPRING GENERAL,JUSTICE OF THE SUPREME COURT,NONPARTISAN,SCATTERING,201,0
2005,APRIL,ONEIDA,WOODRUFF TOWN WARDS 1 - 3,SPRING GENERAL,JUSTICE OF THE SUPREME COURT,NONPARTISAN,ANN W. BRADLEY,280,278
2005,APRIL,ONEIDA,WOODRUFF TOWN WARDS 1 - 3,SPRING GENERAL,JUSTICE OF THE SUPREME COURT,NONPARTISAN,SCATTERING,280,2
2005,APRIL,ONEIDA,RHINELANDER CITY WARDS 1 & 2,SPRING GENERAL,JUSTICE OF THE SUPREME COURT,NONPARTISAN,ANN W. BRADLEY,175,173
2005,APRIL,ONEIDA,RHINELANDER CITY WARDS 1 & 2,SPRING GENERAL,JUSTICE OF THE SUPREME COURT,NONPARTISAN,SCATTERING,175,2
2005,APRIL,ONEIDA,RHINELANDER CITY WARDS 3 & 4,SPRING GENERAL,JUSTICE OF THE SUPREME COURT,NONPARTISAN,ANN W. BRADLEY,146,146
2005,APRIL,ONEIDA,RHINELANDER CITY WARDS 3 & 4,SPRING GENERAL,JUSTICE OF THE SUPREME COURT,NONPARTISAN,SCATTERING,146,0
2005,APRIL,ONEIDA,RHINELANDER CITY WARDS 5 - 7,SPRING GENERAL,JUSTICE OF THE SUPREME COURT,NONPARTISAN,ANN W. BRADLEY,198,198
2005,APRIL,ONEIDA,RHINELANDER CITY WARDS 5 - 7,SPRING GENERAL,JUSTICE OF THE SUPREME COURT,NONPARTISAN,SCATTERING,198,0
2005,APRIL,ONEIDA,RHINELANDER CITY WARDS 8 & 9,SPRING GENERAL,JUSTICE OF THE SUPREME COURT,NONPARTISAN,ANN W. BRADLEY,130,130
2005,APRIL,ONEIDA,RHINELANDER CITY WARDS 8 & 9,SPRING GENERAL,JUSTICE OF THE SUPREME COURT,NONPARTISAN,SCATTERING,130,0
2005,APRIL,ONEIDA,RHINELANDER CITY WARDS 10 & 11,SPRING GENERAL,JUSTICE OF THE SUPREME COURT,NONPARTISAN,ANN W. BRADLEY,185,184
2005,APRIL,ONEIDA,RHINELANDER CITY WARDS 10 & 11,SPRING GENERAL,JUSTICE OF THE SUPREME COURT,NONPARTISAN,SCATTERING,185,1
2005,APRIL,ONEIDA,RHINELANDER CITY WARDS 12 - 14,SPRING GENERAL,JUSTICE OF THE SUPREME COURT,NONPARTISAN,ANN W. BRADLEY,137,137
2005,APRIL,ONEIDA,RHINELANDER CITY WARDS 12 - 14,SPRING GENERAL,JUSTICE OF THE SUPREME COURT,NONPARTISAN,SCATTERING,137,0
2005,APRIL,ONEIDA,RHINELANDER CITY WARDS 15 - 17,SPRING GENERAL,JUSTICE OF THE SUPREME COURT,NONPARTISAN,ANN W. BRADLEY,155,155
2005,APRIL,ONEIDA,RHINELANDER CITY WARDS 15 - 17,SPRING GENERAL,JUSTICE OF THE SUPREME COURT,NONPARTISAN,SCATTERING,155,0
2005,APRIL,ONEIDA,RHINELANDER CITY WARDS 18 - 20,SPRING GENERAL,JUSTICE OF THE SUPREME COURT,NONPARTISAN,ANN W. BRADLEY,181,179
2005,APRIL,ONEIDA,RHINELANDER CITY WARDS 18 - 20,SPRING GENERAL,JUSTICE OF THE SUPREME COURT,NONPARTISAN,SCATTERING,181,2
2005,APRIL,OUTAGAMIE,BLACK CREEK TOWN WARDS 1 & 2,SPRING GENERAL,JUSTICE OF THE SUPREME COURT,NONPARTISAN,ANN W. BRADLEY,181,181
2005,APRIL,OUTAGAMIE,BLACK CREEK TOWN WARDS 1 & 2,SPRING GENERAL,JUSTICE OF THE SUPREME COURT,NONPARTISAN,SCATTERING,181,0
2005,APRIL,OUTAGAMIE,BOVINA TOWN WARDS 1 & 2,SPRING GENERAL,JUSTICE OF THE SUPREME COURT,NONPARTISAN,ANN W. BRADLEY,63,63
2005,APRIL,OUTAGAMIE,BOVINA TOWN WARDS 1 & 2,SPRING GENERAL,JUSTICE OF THE SUPREME COURT,NONPARTISAN,SCATTERING,63,0
2005,APRIL,OUTAGAMIE,BUCHANAN TOWN WARDS 1 - 10,SPRING GENERAL,JUSTICE OF THE SUPREME COURT,NONPARTISAN,ANN W. BRADLEY,428,428
2005,APRIL,OUTAGAMIE,BUCHANAN TOWN WARDS 1 - 10,SPRING GENERAL,JUSTICE OF THE SUPREME COURT,NONPARTISAN,SCATTERING,428,0
2005,APRIL,OUTAGAMIE,CENTER TOWN WARDS 1 - 5,SPRING GENERAL,JUSTICE OF THE SUPREME COURT,NONPARTISAN,ANN W. BRADLEY,303,303
2005,APRIL,OUTAGAMIE,CENTER TOWN WARDS 1 - 5,SPRING GENERAL,JUSTICE OF THE SUPREME COURT,NONPARTISAN,SCATTERING,303,0
2005,APRIL,OUTAGAMIE,CICERO TOWN WARDS 1 & 2,SPRING GENERAL,JUSTICE OF THE SUPREME COURT,NONPARTISAN,ANN W. BRADLEY,68,68
2005,APRIL,OUTAGAMIE,CICERO TOWN WARDS 1 & 2,SPRING GENERAL,JUSTICE OF THE SUPREME COURT,NONPARTISAN,SCATTERING,68,0
2005,APRIL,OUTAGAMIE,DALE TOWN WARDS 1 - 4,SPRING GENERAL,JUSTICE OF THE SUPREME COURT,NONPARTISAN,ANN W. BRADLEY,209,209
2005,APRIL,OUTAGAMIE,DALE TOWN WARDS 1 - 4,SPRING GENERAL,JUSTICE OF THE SUPREME COURT,NONPARTISAN,SCATTERING,209,0
2005,APRIL,OUTAGAMIE,DEER CREEK TOWN WARDS 1 & 2,SPRING GENERAL,JUSTICE OF THE SUPREME COURT,NONPARTISAN,ANN W. BRADLEY,27,26
2005,APRIL,OUTAGAMIE,DEER CREEK TOWN WARDS 1 & 2,SPRING GENERAL,JUSTICE OF THE SUPREME COURT,NONPARTISAN,SCATTERING,27,1
2005,APRIL,OUTAGAMIE,ELLINGTON TOWN WARDS 1 - 4,SPRING GENERAL,JUSTICE OF THE SUPREME COURT,NONPARTISAN,ANN W. BRADLEY,279,279
2005,APRIL,OUTAGAMIE,ELLINGTON TOWN WARDS 1 - 4,SPRING GENERAL,JUSTICE OF THE SUPREME COURT,NONPARTISAN,SCATTERING,279,0
2005,APRIL,OUTAGAMIE,FREEDOM TOWN WARDS 1 - 7,SPRING GENERAL,JUSTICE OF THE SUPREME COURT,NONPARTISAN,ANN W. BRADLEY,509,509
2005,APRIL,OUTAGAMIE,FREEDOM TOWN WARDS 1 - 7,SPRING GENERAL,JUSTICE OF THE SUPREME COURT,NONPARTISAN,SCATTERING,509,0
2005,APRIL,OUTAGAMIE,GRAND CHUTE TOWN WARD 1,SPRING GENERAL,JUSTICE OF THE SUPREME COURT,NONPARTISAN,ANN W. BRADLEY,156,156
2005,APRIL,OUTAGAMIE,GRAND CHUTE TOWN WARD 1,SPRING GENERAL,JUSTICE OF THE SUPREME COURT,NONPARTISAN,SCATTERING,156,0
2005,APRIL,OUTAGAMIE,"GRAND CHUTE TOWN WARDS 2, 4 & 5",SPRING GENERAL,JUSTICE OF THE SUPREME COURT,NONPARTISAN,ANN W. BRADLEY,358,357
2005,APRIL,OUTAGAMIE,"GRAND CHUTE TOWN WARDS 2, 4 & 5",SPRING GENERAL,JUSTICE OF THE SUPREME COURT,NONPARTISAN,SCATTERING,358,1
2005,APRIL,OUTAGAMIE,GRAND CHUTE TOWN WARD 3,SPRING GENERAL,JUSTICE OF THE SUPREME COURT,NONPARTISAN,ANN W. BRADLEY,138,138
2005,APRIL,OUTAGAMIE,GRAND CHUTE TOWN WARD 3,SPRING GENERAL,JUSTICE OF THE SUPREME COURT,NONPARTISAN,SCATTERING,138,0
2005,APRIL,OUTAGAMIE,GRAND CHUTE TOWN WARDS 6 - 8,SPRING GENERAL,JUSTICE OF THE SUPREME COURT,NONPARTISAN,ANN W. BRADLEY,367,366
2005,APRIL,OUTAGAMIE,GRAND CHUTE TOWN WARDS 6 - 8,SPRING GENERAL,JUSTICE OF THE SUPREME COURT,NONPARTISAN,SCATTERING,367,1
2005,APRIL,OUTAGAMIE,GRAND CHUTE TOWN WARDS 9 & 11,SPRING GENERAL,JUSTICE OF THE SUPREME COURT,NONPARTISAN,ANN W. BRADLEY,231,231
2005,APRIL,OUTAGAMIE,GRAND CHUTE TOWN WARDS 9 & 11,SPRING GENERAL,JUSTICE OF THE SUPREME COURT,NONPARTISAN,SCATTERING,231,0
2005,APRIL,OUTAGAMIE,GRAND CHUTE TOWN WARD 10,SPRING GENERAL,JUSTICE OF THE SUPREME COURT,NONPARTISAN,ANN W. BRADLEY,128,128
2005,APRIL,OUTAGAMIE,GRAND CHUTE TOWN WARD 10,SPRING GENERAL,JUSTICE OF THE SUPREME COURT,NONPARTISAN,SCATTERING,128,0
2005,APRIL,OUTAGAMIE,GRAND CHUTE TOWN WARDS 12 & 13,SPRING GENERAL,JUSTICE OF THE SUPREME COURT,NONPARTISAN,ANN W. BRADLEY,402,402
2005,APRIL,OUTAGAMIE,GRAND CHUTE TOWN WARDS 12 & 13,SPRING GENERAL,JUSTICE OF THE SUPREME COURT,NONPARTISAN,SCATTERING,402,0
2005,APRIL,OUTAGAMIE,GREENVILLE TOWN WARDS 1 - 8,SPRING GENERAL,JUSTICE OF THE SUPREME COURT,NONPARTISAN,ANN W. BRADLEY,1014,1011
2005,APRIL,OUTAGAMIE,GREENVILLE TOWN WARDS 1 - 8,SPRING GENERAL,JUSTICE OF THE SUPREME COURT,NONPARTISAN,SCATTERING,1014,3
2005,APRIL,OUTAGAMIE,HORTONIA TOWN WARDS 1 & 2,SPRING GENERAL,JUSTICE OF THE SUPREME COURT,NONPARTISAN,ANN W. BRADLEY,327,327
2005,APRIL,OUTAGAMIE,HORTONIA TOWN WARDS 1 & 2,SPRING GENERAL,JUSTICE OF THE SUPREME COURT,NONPARTISAN,SCATTERING,327,0
2005,APRIL,OUTAGAMIE,KAUKAUNA TOWN WARDS 1 & 2,SPRING GENERAL,JUSTICE OF THE SUPREME COURT,NONPARTISAN,ANN W. BRADLEY,248,248
2005,APRIL,OUTAGAMIE,KAUKAUNA TOWN WARDS 1 & 2,SPRING GENERAL,JUSTICE OF THE SUPREME COURT,NONPARTISAN,SCATTERING,248,0
2005,APRIL,OUTAGAMIE,LIBERTY TOWN WARD 1,SPRING GENERAL,JUSTICE OF THE SUPREME COURT,NONPARTISAN,ANN W. BRADLEY,164,164
2005,APRIL,OUTAGAMIE,LIBERTY TOWN WARD 1,SPRING GENERAL,JUSTICE OF THE SUPREME COURT,NONPARTISAN,SCATTERING,164,0
2005,APRIL,OUTAGAMIE,MAINE TOWN WARD 1,SPRING GENERAL,JUSTICE OF THE SUPREME COURT,NONPARTISAN,ANN W. BRADLEY,60,60
2005,APRIL,OUTAGAMIE,MAINE TOWN WARD 1,SPRING GENERAL,JUSTICE OF THE SUPREME COURT,NONPARTISAN,SCATTERING,60,0
2005,APRIL,OUTAGAMIE,MAPLE CREEK TOWN WARD 1,SPRING GENERAL,JUSTICE OF THE SUPREME COURT,NONPARTISAN,ANN W. BRADLEY,63,63
2005,APRIL,OUTAGAMIE,MAPLE CREEK TOWN WARD 1,SPRING GENERAL,JUSTICE OF THE SUPREME COURT,NONPARTISAN,SCATTERING,63,0
2005,APRIL,OUTAGAMIE,ONEIDA TOWN WARDS 1 - 5,SPRING GENERAL,JUSTICE OF THE SUPREME COURT,NONPARTISAN,ANN W. BRADLEY,274,274
2005,APRIL,OUTAGAMIE,ONEIDA TOWN WARDS 1 - 5,SPRING GENERAL,JUSTICE OF THE SUPREME COURT,NONPARTISAN,SCATTERING,274,0
2005,APRIL,OUTAGAMIE,OSBORN TOWN WARDS 1 & 2,SPRING GENERAL,JUSTICE OF THE SUPREME COURT,NONPARTISAN,ANN W. BRADLEY,122,122
2005,APRIL,OUTAGAMIE,OSBORN TOWN WARDS 1 & 2,SPRING GENERAL,JUSTICE OF THE SUPREME COURT,NONPARTISAN,SCATTERING,122,0
2005,APRIL,OUTAGAMIE,SEYMOUR TOWN WARDS 1 & 2,SPRING GENERAL,JUSTICE OF THE SUPREME COURT,NONPARTISAN,ANN W. BRADLEY,61,61
2005,APRIL,OUTAGAMIE,SEYMOUR TOWN WARDS 1 & 2,SPRING GENERAL,JUSTICE OF THE SUPREME COURT,NONPARTISAN,SCATTERING,61,0
2005,APRIL,OUTAGAMIE,VANDENBROEK TOWN WARDS 1 & 2,SPRING GENERAL,JUSTICE OF THE SUPREME COURT,NONPARTISAN,ANN W. BRADLEY,266,265
2005,APRIL,OUTAGAMIE,VANDENBROEK TOWN WARDS 1 & 2,SPRING GENERAL,JUSTICE OF THE SUPREME COURT,NONPARTISAN,SCATTERING,266,1
2005,APRIL,OUTAGAMIE,BEAR CREEK VILLAGE WARD 1,SPRING GENERAL,JUSTICE OF THE SUPREME COURT,NONPARTISAN,ANN W. BRADLEY,29,29
2005,APRIL,OUTAGAMIE,BEAR CREEK VILLAGE WARD 1,SPRING GENERAL,JUSTICE OF THE SUPREME COURT,NONPARTISAN,SCATTERING,29,0
2005,APRIL,OUTAGAMIE,BLACK CREEK VILLAGE WARDS 1 & 2,SPRING GENERAL,JUSTICE OF THE SUPREME COURT,NONPARTISAN,ANN W. BRADLEY,224,224
2005,APRIL,OUTAGAMIE,BLACK CREEK VILLAGE WARDS 1 & 2,SPRING GENERAL,JUSTICE OF THE SUPREME COURT,NONPARTISAN,SCATTERING,224,0
2005,APRIL,OUTAGAMIE,COMBINED LOCKS VILLAGE WARDS 1 - 4,SPRING GENERAL,JUSTICE OF THE SUPREME COURT,NONPARTISAN,ANN W. BRADLEY,285,285
2005,APRIL,OUTAGAMIE,COMBINED LOCKS VILLAGE WARDS 1 - 4,SPRING GENERAL,JUSTICE OF THE SUPREME COURT,NONPARTISAN,SCATTERING,285,0
2005,APRIL,OUTAGAMIE,HORTONVILLE VILLAGE WARDS 1 - 3,SPRING GENERAL,JUSTICE OF THE SUPREME COURT,NONPARTISAN,ANN W. BRADLEY,274,273
2005,APRIL,OUTAGAMIE,HORTONVILLE VILLAGE WARDS 1 - 3,SPRING GENERAL,JUSTICE OF THE SUPREME COURT,NONPARTISAN,SCATTERING,274,1
2005,APRIL,OUTAGAMIE,HOWARD VILLAGE WARD 17,SPRING GENERAL,JUSTICE OF THE SUPREME COURT,NONPARTISAN,ANN W. BRADLEY,0,0
2005,APRIL,OUTAGAMIE,HOWARD VILLAGE WARD 17,SPRING GENERAL,JUSTICE OF THE SUPREME COURT,NONPARTISAN,SCATTERING,0,0
2005,APRIL,OUTAGAMIE,KIMBERLY VILLAGE WARDS 1 - 7,SPRING GENERAL,JUSTICE OF THE SUPREME COURT,NONPARTISAN,ANN W. BRADLEY,542,541
2005,APRIL,OUTAGAMIE,KIMBERLY VILLAGE WARDS 1 - 7,SPRING GENERAL,JUSTICE OF THE SUPREME COURT,NONPARTISAN,SCATTERING,542,1
2005,APRIL,OUTAGAMIE,LITTLE CHUTE VILLAGE WARDS 1 & 4,SPRING GENERAL,JUSTICE OF THE SUPREME COURT,NONPARTISAN,ANN W. BRADLEY,116,116
2005,APRIL,OUTAGAMIE,LITTLE CHUTE VILLAGE WARDS 1 & 4,SPRING GENERAL,JUSTICE OF THE SUPREME COURT,NONPARTISAN,SCATTERING,116,0
2005,APRIL,OUTAGAMIE,"LITTLE CHUTE VILLAGE WARDS 2, 12 & 13",SPRING GENERAL,JUSTICE OF THE SUPREME COURT,NONPARTISAN,ANN W. BRADLEY,35,35
2005,APRIL,OUTAGAMIE,"LITTLE CHUTE VILLAGE WARDS 2, 12 & 13",SPRING GENERAL,JUSTICE OF THE SUPREME COURT,NONPARTISAN,SCATTERING,35,0
2005,APRIL,OUTAGAMIE,LITTLE CHUTE VILLAGE WARDS 3 & 14,SPRING GENERAL,JUSTICE OF THE SUPREME COURT,NONPARTISAN,ANN W. BRADLEY,14,14
2005,APRIL,OUTAGAMIE,LITTLE CHUTE VILLAGE WARDS 3 & 14,SPRING GENERAL,JUSTICE OF THE SUPREME COURT,NONPARTISAN,SCATTERING,14,0
2005,APRIL,OUTAGAMIE,"LITTLE CHUTE VILLAGE WARDS 5, 9 - 11",SPRING GENERAL,JUSTICE OF THE SUPREME COURT,NONPARTISAN,ANN W. BRADLEY,435,435
2005,APRIL,OUTAGAMIE,"LITTLE CHUTE VILLAGE WARDS 5, 9 - 11",SPRING GENERAL,JUSTICE OF THE SUPREME COURT,NONPARTISAN,SCATTERING,435,0
2005,APRIL,OUTAGAMIE,LITTLE CHUTE VILLAGE WARDS 6 - 8,SPRING GENERAL,JUSTICE OF THE SUPREME COURT,NONPARTISAN,ANN W. BRADLEY,454,453
2005,APRIL,OUTAGAMIE,LITTLE CHUTE VILLAGE WARDS 6 - 8,SPRING GENERAL,JUSTICE OF THE SUPREME COURT,NONPARTISAN,SCATTERING,454,1
2005,APRIL,OUTAGAMIE,NICHOLS VILLAGE WARD 1,SPRING GENERAL,JUSTICE OF THE SUPREME COURT,NONPARTISAN,ANN W. BRADLEY,44,44
2005,APRIL,OUTAGAMIE,NICHOLS VILLAGE WARD 1,SPRING GENERAL,JUSTICE OF THE SUPREME COURT,NONPARTISAN,SCATTERING,44,0
2005,APRIL,OUTAGAMIE,SHIOCTON VILLAGE WARD 1,SPRING GENERAL,JUSTICE OF THE SUPREME COURT,NONPARTISAN,ANN W. BRADLEY,59,59
2005,APRIL,OUTAGAMIE,SHIOCTON VILLAGE WARD 1,SPRING GENERAL,JUSTICE OF THE SUPREME COURT,NONPARTISAN,SCATTERING,59,0
2005,APRIL,OUTAGAMIE,WRIGHTSTOWN VILLAGE WARD 3,SPRING GENERAL,JUSTICE OF THE SUPREME COURT,NONPARTISAN,ANN W. BRADLEY,2,2
2005,APRIL,OUTAGAMIE,WRIGHTSTOWN VILLAGE WARD 3,SPRING GENERAL,JUSTICE OF THE SUPREME COURT,NONPARTISAN,SCATTERING,2,0
2005,APRIL,OUTAGAMIE,APPLETON CITY WARD 1,SPRING GENERAL,JUSTICE OF THE SUPREME COURT,NONPARTISAN,ANN W. BRADLEY,392,391
2005,APRIL,OUTAGAMIE,APPLETON CITY WARD 1,SPRING GENERAL,JUSTICE OF THE SUPREME COURT,NONPARTISAN,SCATTERING,392,1
2005,APRIL,OUTAGAMIE,APPLETON CITY WARD 2,SPRING GENERAL,JUSTICE OF THE SUPREME COURT,NONPARTISAN,ANN W. BRADLEY,136,136
2005,APRIL,OUTAGAMIE,APPLETON CITY WARD 2,SPRING GENERAL,JUSTICE OF THE SUPREME COURT,NONPARTISAN,SCATTERING,136,0
2005,APRIL,OUTAGAMIE,APPLETON CITY WARD 3,SPRING GENERAL,JUSTICE OF THE SUPREME COURT,NONPARTISAN,ANN W. BRADLEY,475,474
2005,APRIL,OUTAGAMIE,APPLETON CITY WARD 3,SPRING GENERAL,JUSTICE OF THE SUPREME COURT,NONPARTISAN,SCATTERING,475,1
2005,APRIL,OUTAGAMIE,APPLETON CITY WARD 4,SPRING GENERAL,JUSTICE OF THE SUPREME COURT,NONPARTISAN,ANN W. BRADLEY,133,130
2005,APRIL,OUTAGAMIE,APPLETON CITY WARD 4,SPRING GENERAL,JUSTICE OF THE SUPREME COURT,NONPARTISAN,SCATTERING,133,3
2005,APRIL,OUTAGAMIE,APPLETON CITY WARD 5,SPRING GENERAL,JUSTICE OF THE SUPREME COURT,NONPARTISAN,ANN W. BRADLEY,180,180
2005,APRIL,OUTAGAMIE,APPLETON CITY WARD 5,SPRING GENERAL,JUSTICE OF THE SUPREME COURT,NONPARTISAN,SCATTERING,180,0
2005,APRIL,OUTAGAMIE,APPLETON CITY WARD 6,SPRING GENERAL,JUSTICE OF THE SUPREME COURT,NONPARTISAN,ANN W. BRADLEY,340,340
2005,APRIL,OUTAGAMIE,APPLETON CITY WARD 6,SPRING GENERAL,JUSTICE OF THE SUPREME COURT,NONPARTISAN,SCATTERING,340,0
2005,APRIL,OUTAGAMIE,APPLETON CITY WARD 7,SPRING GENERAL,JUSTICE OF THE SUPREME COURT,NONPARTISAN,ANN W. BRADLEY,535,534
2005,APRIL,OUTAGAMIE,APPLETON CITY WARD 7,SPRING GENERAL,JUSTICE OF THE SUPREME COURT,NONPARTISAN,SCATTERING,535,1
2005,APRIL,OUTAGAMIE,APPLETON CITY WARD 8,SPRING GENERAL,JUSTICE OF THE SUPREME COURT,NONPARTISAN,ANN W. BRADLEY,230,230
2005,APRIL,OUTAGAMIE,APPLETON CITY WARD 8,SPRING GENERAL,JUSTICE OF THE SUPREME COURT,NONPARTISAN,SCATTERING,230,0
2005,APRIL,OUTAGAMIE,APPLETON CITY WARD 9,SPRING GENERAL,JUSTICE OF THE SUPREME COURT,NONPARTISAN,ANN W. BRADLEY,387,387
2005,APRIL,OUTAGAMIE,APPLETON CITY WARD 9,SPRING GENERAL,JUSTICE OF THE SUPREME COURT,NONPARTISAN,SCATTERING,387,0
2005,APRIL,OUTAGAMIE,APPLETON CITY WARD 10,SPRING GENERAL,JUSTICE OF THE SUPREME COURT,NONPARTISAN,ANN W. BRADLEY,284,284
2005,APRIL,OUTAGAMIE,APPLETON CITY WARD 10,SPRING GENERAL,JUSTICE OF THE SUPREME COURT,NONPARTISAN,SCATTERING,284,0
2005,APRIL,OUTAGAMIE,APPLETON CITY WARD 11,SPRING GENERAL,JUSTICE OF THE SUPREME COURT,NONPARTISAN,ANN W. BRADLEY,219,218
2005,APRIL,OUTAGAMIE,APPLETON CITY WARD 11,SPRING GENERAL,JUSTICE OF THE SUPREME COURT,NONPARTISAN,SCATTERING,219,1
2005,APRIL,OUTAGAMIE,APPLETON CITY WARD 15,SPRING GENERAL,JUSTICE OF THE SUPREME COURT,NONPARTISAN,ANN W. BRADLEY,204,202
2005,APRIL,OUTAGAMIE,APPLETON CITY WARD 15,SPRING GENERAL,JUSTICE OF THE SUPREME COURT,NONPARTISAN,SCATTERING,204,2
2005,APRIL,OUTAGAMIE,APPLETON CITY WARD 16,SPRING GENERAL,JUSTICE OF THE SUPREME COURT,NONPARTISAN,ANN W. BRADLEY,543,542
2005,APRIL,OUTAGAMIE,APPLETON CITY WARD 16,SPRING GENERAL,JUSTICE OF THE SUPREME COURT,NONPARTISAN,SCATTERING,543,1
2005,APRIL,OUTAGAMIE,APPLETON CITY WARD 17,SPRING GENERAL,JUSTICE OF THE SUPREME COURT,NONPARTISAN,ANN W. BRADLEY,306,306
2005,APRIL,OUTAGAMIE,APPLETON CITY WARD 17,SPRING GENERAL,JUSTICE OF THE SUPREME COURT,NONPARTISAN,SCATTERING,306,0
2005,APRIL,OUTAGAMIE,APPLETON CITY WARD 18,SPRING GENERAL,JUSTICE OF THE SUPREME COURT,NONPARTISAN,ANN W. BRADLEY,453,453
2005,APRIL,OUTAGAMIE,APPLETON CITY WARD 18,SPRING GENERAL,JUSTICE OF THE SUPREME COURT,NONPARTISAN,SCATTERING,453,0
2005,APRIL,OUTAGAMIE,APPLETON CITY WARD 19,SPRING GENERAL,JUSTICE OF THE SUPREME COURT,NONPARTISAN,ANN W. BRADLEY,446,444
2005,APRIL,OUTAGAMIE,APPLETON CITY WARD 19,SPRING GENERAL,JUSTICE OF THE SUPREME COURT,NONPARTISAN,SCATTERING,446,2
2005,APRIL,OUTAGAMIE,APPLETON CITY WARD 20,SPRING GENERAL,JUSTICE OF THE SUPREME COURT,NONPARTISAN,ANN W. BRADLEY,196,194
2005,APRIL,OUTAGAMIE,APPLETON CITY WARD 20,SPRING GENERAL,JUSTICE OF THE SUPREME COURT,NONPARTISAN,SCATTERING,196,2
2005,APRIL,OUTAGAMIE,APPLETON CITY WARD 21,SPRING GENERAL,JUSTICE OF THE SUPREME COURT,NONPARTISAN,ANN W. BRADLEY,64,64
2005,APRIL,OUTAGAMIE,APPLETON CITY WARD 21,SPRING GENERAL,JUSTICE OF THE SUPREME COURT,NONPARTISAN,SCATTERING,64,0
2005,APRIL,OUTAGAMIE,APPLETON CITY WARD 22,SPRING GENERAL,JUSTICE OF THE SUPREME COURT,NONPARTISAN,ANN W. BRADLEY,479,477
2005,APRIL,OUTAGAMIE,APPLETON CITY WARD 22,SPRING GENERAL,JUSTICE OF THE SUPREME COURT,NONPARTISAN,SCATTERING,479,2
2005,APRIL,OUTAGAMIE,APPLETON CITY WARD 23,SPRING GENERAL,JUSTICE OF THE SUPREME COURT,NONPARTISAN,ANN W. BRADLEY,371,368
2005,APRIL,OUTAGAMIE,APPLETON CITY WARD 23,SPRING GENERAL,JUSTICE OF THE SUPREME COURT,NONPARTISAN,SCATTERING,371,3
2005,APRIL,OUTAGAMIE,APPLETON CITY WARD 24,SPRING GENERAL,JUSTICE OF THE SUPREME COURT,NONPARTISAN,ANN W. BRADLEY,500,497
2005,APRIL,OUTAGAMIE,APPLETON CITY WARD 24,SPRING GENERAL,JUSTICE OF THE SUPREME COURT,NONPARTISAN,SCATTERING,500,3
2005,APRIL,OUTAGAMIE,APPLETON CITY WARD 25,SPRING GENERAL,JUSTICE OF THE SUPREME COURT,NONPARTISAN,ANN W. BRADLEY,290,289
2005,APRIL,OUTAGAMIE,APPLETON CITY WARD 25,SPRING GENERAL,JUSTICE OF THE SUPREME COURT,NONPARTISAN,SCATTERING,290,1
2005,APRIL,OUTAGAMIE,APPLETON CITY WARD 26,SPRING GENERAL,JUSTICE OF THE SUPREME COURT,NONPARTISAN,ANN W. BRADLEY,186,183
2005,APRIL,OUTAGAMIE,APPLETON CITY WARD 26,SPRING GENERAL,JUSTICE OF THE SUPREME COURT,NONPARTISAN,SCATTERING,186,3
2005,APRIL,OUTAGAMIE,APPLETON CITY WARD 27,SPRING GENERAL,JUSTICE OF THE SUPREME COURT,NONPARTISAN,ANN W. BRADLEY,172,171
2005,APRIL,OUTAGAMIE,APPLETON CITY WARD 27,SPRING GENERAL,JUSTICE OF THE SUPREME COURT,NONPARTISAN,SCATTERING,172,1
2005,APRIL,OUTAGAMIE,APPLETON CITY WARD 28,SPRING GENERAL,JUSTICE OF THE SUPREME COURT,NONPARTISAN,ANN W. BRADLEY,376,376
2005,APRIL,OUTAGAMIE,APPLETON CITY WARD 28,SPRING GENERAL,JUSTICE OF THE SUPREME COURT,NONPARTISAN,SCATTERING,376,0
2005,APRIL,OUTAGAMIE,APPLETON CITY WARD 29,SPRING GENERAL,JUSTICE OF THE SUPREME COURT,NONPARTISAN,ANN W. BRADLEY,487,483
2005,APRIL,OUTAGAMIE,APPLETON CITY WARD 29,SPRING GENERAL,JUSTICE OF THE SUPREME COURT,NONPARTISAN,SCATTERING,487,4
2005,APRIL,OUTAGAMIE,APPLETON CITY WARD 30,SPRING GENERAL,JUSTICE OF THE SUPREME COURT,NONPARTISAN,ANN W. BRADLEY,327,327
2005,APRIL,OUTAGAMIE,APPLETON CITY WARD 30,SPRING GENERAL,JUSTICE OF THE SUPREME COURT,NONPARTISAN,SCATTERING,327,0
2005,APRIL,OUTAGAMIE,APPLETON CITY WARD 31,SPRING GENERAL,JUSTICE OF THE SUPREME COURT,NONPARTISAN,ANN W. BRADLEY,398,398
2005,APRIL,OUTAGAMIE,APPLETON CITY WARD 31,SPRING GENERAL,JUSTICE OF THE SUPREME COURT,NONPARTISAN,SCATTERING,398,0
2005,APRIL,OUTAGAMIE,APPLETON CITY WARD 32,SPRING GENERAL,JUSTICE OF THE SUPREME COURT,NONPARTISAN,ANN W. BRADLEY,328,326
2005,APRIL,OUTAGAMIE,APPLETON CITY WARD 32,SPRING GENERAL,JUSTICE OF THE SUPREME COURT,NONPARTISAN,SCATTERING,328,2
2005,APRIL,OUTAGAMIE,APPLETON CITY WARD 33,SPRING GENERAL,JUSTICE OF THE SUPREME COURT,NONPARTISAN,ANN W. BRADLEY,285,284
2005,APRIL,OUTAGAMIE,APPLETON CITY WARD 33,SPRING GENERAL,JUSTICE OF THE SUPREME COURT,NONPARTISAN,SCATTERING,285,1
2005,APRIL,OUTAGAMIE,APPLETON CITY WARD 34,SPRING GENERAL,JUSTICE OF THE SUPREME COURT,NONPARTISAN,ANN W. BRADLEY,121,119
2005,APRIL,OUTAGAMIE,APPLETON CITY WARD 34,SPRING GENERAL,JUSTICE OF THE SUPREME COURT,NONPARTISAN,SCATTERING,121,2
2005,APRIL,OUTAGAMIE,APPLETON CITY WARD 35,SPRING GENERAL,JUSTICE OF THE SUPREME COURT,NONPARTISAN,ANN W. BRADLEY,323,323
2005,APRIL,OUTAGAMIE,APPLETON CITY WARD 35,SPRING GENERAL,JUSTICE OF THE SUPREME COURT,NONPARTISAN,SCATTERING,323,0
2005,APRIL,OUTAGAMIE,APPLETON CITY WARD 36,SPRING GENERAL,JUSTICE OF THE SUPREME COURT,NONPARTISAN,ANN W. BRADLEY,318,317
2005,APRIL,OUTAGAMIE,APPLETON CITY WARD 36,SPRING GENERAL,JUSTICE OF THE SUPREME COURT,NONPARTISAN,SCATTERING,318,1
2005,APRIL,OUTAGAMIE,APPLETON CITY WARD 37,SPRING GENERAL,JUSTICE OF THE SUPREME COURT,NONPARTISAN,ANN W. BRADLEY,185,185
2005,APRIL,OUTAGAMIE,APPLETON CITY WARD 37,SPRING GENERAL,JUSTICE OF THE SUPREME COURT,NONPARTISAN,SCATTERING,185,0
2005,APRIL,OUTAGAMIE,APPLETON CITY WARD 50,SPRING GENERAL,JUSTICE OF THE SUPREME COURT,NONPARTISAN,ANN W. BRADLEY,0,0
2005,APRIL,OUTAGAMIE,APPLETON CITY WARD 50,SPRING GENERAL,JUSTICE OF THE SUPREME COURT,NONPARTISAN,SCATTERING,0,0
2005,APRIL,OUTAGAMIE,APPLETON CITY WARD 51,SPRING GENERAL,JUSTICE OF THE SUPREME COURT,NONPARTISAN,ANN W. BRADLEY,0,0
2005,APRIL,OUTAGAMIE,APPLETON CITY WARD 51,SPRING GENERAL,JUSTICE OF THE SUPREME COURT,NONPARTISAN,SCATTERING,0,0
2005,APRIL,OUTAGAMIE,APPLETON CITY WARD 52,SPRING GENERAL,JUSTICE OF THE SUPREME COURT,NONPARTISAN,ANN W. BRADLEY,0,0
2005,APRIL,OUTAGAMIE,APPLETON CITY WARD 52,SPRING GENERAL,JUSTICE OF THE SUPREME COURT,NONPARTISAN,SCATTERING,0,0
2005,APRIL,OUTAGAMIE,APPLETON CITY WARD 53,SPRING GENERAL,JUSTICE OF THE SUPREME COURT,NONPARTISAN,ANN W. BRADLEY,0,0
2005,APRIL,OUTAGAMIE,APPLETON CITY WARD 53,SPRING GENERAL,JUSTICE OF THE SUPREME COURT,NONPARTISAN,SCATTERING,0,0
2005,APRIL,OUTAGAMIE,APPLETON CITY WARD 54,SPRING GENERAL,JUSTICE OF THE SUPREME COURT,NONPARTISAN,ANN W. BRADLEY,2,2
2005,APRIL,OUTAGAMIE,APPLETON CITY WARD 54,SPRING GENERAL,JUSTICE OF THE SUPREME COURT,NONPARTISAN,SCATTERING,2,0
2005,APRIL,OUTAGAMIE,APPLETON CITY WARD 55,SPRING GENERAL,JUSTICE OF THE SUPREME COURT,NONPARTISAN,ANN W. BRADLEY,1,1
2005,APRIL,OUTAGAMIE,APPLETON CITY WARD 55,SPRING GENERAL,JUSTICE OF THE SUPREME COURT,NONPARTISAN,SCATTERING,1,0
2005,APRIL,OUTAGAMIE,APPLETON CITY WARD 56,SPRING GENERAL,JUSTICE OF THE SUPREME COURT,NONPARTISAN,ANN W. BRADLEY,0,0
2005,APRIL,OUTAGAMIE,APPLETON CITY WARD 56,SPRING GENERAL,JUSTICE OF THE SUPREME COURT,NONPARTISAN,SCATTERING,0,0
2005,APRIL,OUTAGAMIE,APPLETON CITY WARD 57,SPRING GENERAL,JUSTICE OF THE SUPREME COURT,NONPARTISAN,ANN W. BRADLEY,0,0
2005,APRIL,OUTAGAMIE,APPLETON CITY WARD 57,SPRING GENERAL,JUSTICE OF THE SUPREME COURT,NONPARTISAN,SCATTERING,0,0
2005,APRIL,OUTAGAMIE,KAUKAUNA CITY WARDS 1 - 3,SPRING GENERAL,JUSTICE OF THE SUPREME COURT,NONPARTISAN,ANN W. BRADLEY,219,219
2005,APRIL,OUTAGAMIE,KAUKAUNA CITY WARDS 1 - 3,SPRING GENERAL,JUSTICE OF THE SUPREME COURT,NONPARTISAN,SCATTERING,219,0
2005,APRIL,OUTAGAMIE,KAUKAUNA CITY WARDS 4 - 6,SPRING GENERAL,JUSTICE OF THE SUPREME COURT,NONPARTISAN,ANN W. BRADLEY,309,309
2005,APRIL,OUTAGAMIE,KAUKAUNA CITY WARDS 4 - 6,SPRING GENERAL,JUSTICE OF THE SUPREME COURT,NONPARTISAN,SCATTERING,309,0
2005,APRIL,OUTAGAMIE,KAUKAUNA CITY WARDS 7 & 8,SPRING GENERAL,JUSTICE OF THE SUPREME COURT,NONPARTISAN,ANN W. BRADLEY,248,248
2005,APRIL,OUTAGAMIE,KAUKAUNA CITY WARDS 7 & 8,SPRING GENERAL,JUSTICE OF THE SUPREME COURT,NONPARTISAN,SCATTERING,248,0
2005,APRIL,OUTAGAMIE,KAUKAUNA CITY WARDS 9 - 12,SPRING GENERAL,JUSTICE OF THE SUPREME COURT,NONPARTISAN,ANN W. BRADLEY,271,271
2005,APRIL,OUTAGAMIE,KAUKAUNA CITY WARDS 9 - 12,SPRING GENERAL,JUSTICE OF THE SUPREME COURT,NONPARTISAN,SCATTERING,271,0
2005,APRIL,OUTAGAMIE,NEW LONDON CITY WARDS 1 & 2,SPRING GENERAL,JUSTICE OF THE SUPREME COURT,NONPARTISAN,ANN W. BRADLEY,98,98
2005,APRIL,OUTAGAMIE,NEW LONDON CITY WARDS 1 & 2,SPRING GENERAL,JUSTICE OF THE SUPREME COURT,NONPARTISAN,SCATTERING,98,0
2005,APRIL,OUTAGAMIE,SEYMOUR CITY WARDS 1 & 2,SPRING GENERAL,JUSTICE OF THE SUPREME COURT,NONPARTISAN,ANN W. BRADLEY,97,97
2005,APRIL,OUTAGAMIE,SEYMOUR CITY WARDS 1 & 2,SPRING GENERAL,JUSTICE OF THE SUPREME COURT,NONPARTISAN,SCATTERING,97,0
2005,APRIL,OUTAGAMIE,SEYMOUR CITY WARDS 3 & 4,SPRING GENERAL,JUSTICE OF THE SUPREME COURT,NONPARTISAN,ANN W. BRADLEY,42,42
2005,APRIL,OUTAGAMIE,SEYMOUR CITY WARDS 3 & 4,SPRING GENERAL,JUSTICE OF THE SUPREME COURT,NONPARTISAN,SCATTERING,42,0
2005,APRIL,OUTAGAMIE,SEYMOUR CITY WARDS 5 & 6,SPRING GENERAL,JUSTICE OF THE SUPREME COURT,NONPARTISAN,ANN W. BRADLEY,53,53
2005,APRIL,OUTAGAMIE,SEYMOUR CITY WARDS 5 & 6,SPRING GENERAL,JUSTICE OF THE SUPREME COURT,NONPARTISAN,SCATTERING,53,0
2005,APRIL,OZAUKEE,BELGIUM TOWN WARDS 1 - 3,SPRING GENERAL,JUSTICE OF THE SUPREME COURT,NONPARTISAN,ANN W. BRADLEY,74,74
2005,APRIL,OZAUKEE,BELGIUM TOWN WARDS 1 - 3,SPRING GENERAL,JUSTICE OF THE SUPREME COURT,NONPARTISAN,SCATTERING,74,0
2005,APRIL,OZAUKEE,"CEDARBURG TOWN WARDS 1, 2 & 10",SPRING GENERAL,JUSTICE OF THE SUPREME COURT,NONPARTISAN,ANN W. BRADLEY,180,180
2005,APRIL,OZAUKEE,"CEDARBURG TOWN WARDS 1, 2 & 10",SPRING GENERAL,JUSTICE OF THE SUPREME COURT,NONPARTISAN,SCATTERING,180,0
2005,APRIL,OZAUKEE,CEDARBURG TOWN WARDS 3 & 4,SPRING GENERAL,JUSTICE OF THE SUPREME COURT,NONPARTISAN,ANN W. BRADLEY,197,197
2005,APRIL,OZAUKEE,CEDARBURG TOWN WARDS 3 & 4,SPRING GENERAL,JUSTICE OF THE SUPREME COURT,NONPARTISAN,SCATTERING,197,0
2005,APRIL,OZAUKEE,CEDARBURG TOWN WARDS 5 & 6,SPRING GENERAL,JUSTICE OF THE SUPREME COURT,NONPARTISAN,ANN W. BRADLEY,260,260
2005,APRIL,OZAUKEE,CEDARBURG TOWN WARDS 5 & 6,SPRING GENERAL,JUSTICE OF THE SUPREME COURT,NONPARTISAN,SCATTERING,260,0
2005,APRIL,OZAUKEE,CEDARBURG TOWN WARDS 7 - 9,SPRING GENERAL,JUSTICE OF THE SUPREME COURT,NONPARTISAN,ANN W. BRADLEY,183,183
2005,APRIL,OZAUKEE,CEDARBURG TOWN WARDS 7 - 9,SPRING GENERAL,JUSTICE OF THE SUPREME COURT,NONPARTISAN,SCATTERING,183,0
2005,APRIL,OZAUKEE,FREDONIA TOWN WARDS 1 - 3,SPRING GENERAL,JUSTICE OF THE SUPREME COURT,NONPARTISAN,ANN W. BRADLEY,143,143
2005,APRIL,OZAUKEE,FREDONIA TOWN WARDS 1 - 3,SPRING GENERAL,JUSTICE OF THE SUPREME COURT,NONPARTISAN,SCATTERING,143,0
2005,APRIL,OZAUKEE,"GRAFTON TOWN WARDS 1, 2 & 6",SPRING GENERAL,JUSTICE OF THE SUPREME COURT,NONPARTISAN,ANN W. BRADLEY,341,340
2005,APRIL,OZAUKEE,"GRAFTON TOWN WARDS 1, 2 & 6",SPRING GENERAL,JUSTICE OF THE SUPREME COURT,NONPARTISAN,SCATTERING,341,1
2005,APRIL,OZAUKEE,GRAFTON TOWN WARDS 3 - 5 & 7,SPRING GENERAL,JUSTICE OF THE SUPREME COURT,NONPARTISAN,ANN W. BRADLEY,354,352
2005,APRIL,OZAUKEE,GRAFTON TOWN WARDS 3 - 5 & 7,SPRING GENERAL,JUSTICE OF THE SUPREME COURT,NONPARTISAN,SCATTERING,354,2
2005,APRIL,OZAUKEE,PORT WASHINGTON TOWN WARDS 1 & 2,SPRING GENERAL,JUSTICE OF THE SUPREME COURT,NONPARTISAN,ANN W. BRADLEY,128,128
2005,APRIL,OZAUKEE,PORT WASHINGTON TOWN WARDS 1 & 2,SPRING GENERAL,JUSTICE OF THE SUPREME COURT,NONPARTISAN,SCATTERING,128,0
2005,APRIL,OZAUKEE,SAUKVILLE TOWN WARDS 1 - 5,SPRING GENERAL,JUSTICE OF THE SUPREME COURT,NONPARTISAN,ANN W. BRADLEY,114,114
2005,APRIL,OZAUKEE,SAUKVILLE TOWN WARDS 1 - 5,SPRING GENERAL,JUSTICE OF THE SUPREME COURT,NONPARTISAN,SCATTERING,114,0
2005,APRIL,OZAUKEE,BAYSIDE VILLAGE WARD 6,SPRING GENERAL,JUSTICE OF THE SUPREME COURT,NONPARTISAN,ANN W. BRADLEY,10,10
2005,APRIL,OZAUKEE,BAYSIDE VILLAGE WARD 6,SPRING GENERAL,JUSTICE OF THE SUPREME COURT,NONPARTISAN,SCATTERING,10,0
2005,APRIL,OZAUKEE,BELGIUM VILLAGE WARDS 1 & 2,SPRING GENERAL,JUSTICE OF THE SUPREME COURT,NONPARTISAN,ANN W. BRADLEY,96,96
2005,APRIL,OZAUKEE,BELGIUM VILLAGE WARDS 1 & 2,SPRING GENERAL,JUSTICE OF THE SUPREME COURT,NONPARTISAN,SCATTERING,96,0
2005,APRIL,OZAUKEE,FREDONIA VILLAGE WARDS 1 & 2,SPRING GENERAL,JUSTICE OF THE SUPREME COURT,NONPARTISAN,ANN W. BRADLEY,252,251
2005,APRIL,OZAUKEE,FREDONIA VILLAGE WARDS 1 & 2,SPRING GENERAL,JUSTICE OF THE SUPREME COURT,NONPARTISAN,SCATTERING,252,1
2005,APRIL,OZAUKEE,GRAFTON VILLAGE WARDS 1 & 2,SPRING GENERAL,JUSTICE OF THE SUPREME COURT,NONPARTISAN,ANN W. BRADLEY,175,173
2005,APRIL,OZAUKEE,GRAFTON VILLAGE WARDS 1 & 2,SPRING GENERAL,JUSTICE OF THE SUPREME COURT,NONPARTISAN,SCATTERING,175,2
2005,APRIL,OZAUKEE,GRAFTON VILLAGE WARDS 3 & 4,SPRING GENERAL,JUSTICE OF THE SUPREME COURT,NONPARTISAN,ANN W. BRADLEY,198,198
2005,APRIL,OZAUKEE,GRAFTON VILLAGE WARDS 3 & 4,SPRING GENERAL,JUSTICE OF THE SUPREME COURT,NONPARTISAN,SCATTERING,198,0
2005,APRIL,OZAUKEE,GRAFTON VILLAGE WARD 5,SPRING GENERAL,JUSTICE OF THE SUPREME COURT,NONPARTISAN,ANN W. BRADLEY,133,133
2005,APRIL,OZAUKEE,GRAFTON VILLAGE WARD 5,SPRING GENERAL,JUSTICE OF THE SUPREME COURT,NONPARTISAN,SCATTERING,133,0
2005,APRIL,OZAUKEE,GRAFTON VILLAGE WARDS 6 - 8,SPRING GENERAL,JUSTICE OF THE SUPREME COURT,NONPARTISAN,ANN W. BRADLEY,332,332
2005,APRIL,OZAUKEE,GRAFTON VILLAGE WARDS 6 - 8,SPRING GENERAL,JUSTICE OF THE SUPREME COURT,NONPARTISAN,SCATTERING,332,0
2005,APRIL,OZAUKEE,GRAFTON VILLAGE WARDS 9 - 11,SPRING GENERAL,JUSTICE OF THE SUPREME COURT,NONPARTISAN,ANN W. BRADLEY,220,220
2005,APRIL,OZAUKEE,GRAFTON VILLAGE WARDS 9 - 11,SPRING GENERAL,JUSTICE OF THE SUPREME COURT,NONPARTISAN,SCATTERING,220,0
2005,APRIL,OZAUKEE,GRAFTON VILLAGE WARDS 12 & 13,SPRING GENERAL,JUSTICE OF THE SUPREME COURT,NONPARTISAN,ANN W. BRADLEY,223,222
2005,APRIL,OZAUKEE,GRAFTON VILLAGE WARDS 12 & 13,SPRING GENERAL,JUSTICE OF THE SUPREME COURT,NONPARTISAN,SCATTERING,223,1
2005,APRIL,OZAUKEE,NEWBURG VILLAGE WARD 3,SPRING GENERAL,JUSTICE OF THE SUPREME COURT,NONPARTISAN,ANN W. BRADLEY,11,10
2005,APRIL,OZAUKEE,NEWBURG VILLAGE WARD 3,SPRING GENERAL,JUSTICE OF THE SUPREME COURT,NONPARTISAN,SCATTERING,11,1
2005,APRIL,OZAUKEE,"SAUKVILLE VILLAGE WARDS 1, 6 & 7",SPRING GENERAL,JUSTICE OF THE SUPREME COURT,NONPARTISAN,ANN W. BRADLEY,70,69
2005,APRIL,OZAUKEE,"SAUKVILLE VILLAGE WARDS 1, 6 & 7",SPRING GENERAL,JUSTICE OF THE SUPREME COURT,NONPARTISAN,SCATTERING,70,1
2005,APRIL,OZAUKEE,SAUKVILLE VILLAGE WARDS 2 - 5 & 8,SPRING GENERAL,JUSTICE OF THE SUPREME COURT,NONPARTISAN,ANN W. BRADLEY,75,75
2005,APRIL,OZAUKEE,SAUKVILLE VILLAGE WARDS 2 - 5 & 8,SPRING GENERAL,JUSTICE OF THE SUPREME COURT,NONPARTISAN,SCATTERING,75,0
2005,APRIL,OZAUKEE,THIENSVILLE VILLAGE WARDS 1 & 2,SPRING GENERAL,JUSTICE OF THE SUPREME COURT,NONPARTISAN,ANN W. BRADLEY,176,174
2005,APRIL,OZAUKEE,THIENSVILLE VILLAGE WARDS 1 & 2,SPRING GENERAL,JUSTICE OF THE SUPREME COURT,NONPARTISAN,SCATTERING,176,2
2005,APRIL,OZAUKEE,THIENSVILLE VILLAGE WARDS 3 & 4,SPRING GENERAL,JUSTICE OF THE SUPREME COURT,NONPARTISAN,ANN W. BRADLEY,104,103
2005,APRIL,OZAUKEE,THIENSVILLE VILLAGE WARDS 3 & 4,SPRING GENERAL,JUSTICE OF THE SUPREME COURT,NONPARTISAN,SCATTERING,104,1
2005,APRIL,OZAUKEE,CEDARBURG CITY WARDS 1 & 2,SPRING GENERAL,JUSTICE OF THE SUPREME COURT,NONPARTISAN,ANN W. BRADLEY,238,238
2005,APRIL,OZAUKEE,CEDARBURG CITY WARDS 1 & 2,SPRING GENERAL,JUSTICE OF THE SUPREME COURT,NONPARTISAN,SCATTERING,238,0
2005,APRIL,OZAUKEE,CEDARBURG CITY WARDS 3 & 4,SPRING GENERAL,JUSTICE OF THE SUPREME COURT,NONPARTISAN,ANN W. BRADLEY,246,244
2005,APRIL,OZAUKEE,CEDARBURG CITY WARDS 3 & 4,SPRING GENERAL,JUSTICE OF THE SUPREME COURT,NONPARTISAN,SCATTERING,246,2
2005,APRIL,OZAUKEE,CEDARBURG CITY WARDS 5 & 6,SPRING GENERAL,JUSTICE OF THE SUPREME COURT,NONPARTISAN,ANN W. BRADLEY,215,213
2005,APRIL,OZAUKEE,CEDARBURG CITY WARDS 5 & 6,SPRING GENERAL,JUSTICE OF THE SUPREME COURT,NONPARTISAN,SCATTERING,215,2
2005,APRIL,OZAUKEE,CEDARBURG CITY WARDS 7 & 8,SPRING GENERAL,JUSTICE OF THE SUPREME COURT,NONPARTISAN,ANN W. BRADLEY,105,105
2005,APRIL,OZAUKEE,CEDARBURG CITY WARDS 7 & 8,SPRING GENERAL,JUSTICE OF THE SUPREME COURT,NONPARTISAN,SCATTERING,105,0
2005,APRIL,OZAUKEE,CEDARBURG CITY WARDS 9 & 10,SPRING GENERAL,JUSTICE OF THE SUPREME COURT,NONPARTISAN,ANN W. BRADLEY,175,175
2005,APRIL,OZAUKEE,CEDARBURG CITY WARDS 9 & 10,SPRING GENERAL,JUSTICE OF THE SUPREME COURT,NONPARTISAN,SCATTERING,175,0
2005,APRIL,OZAUKEE,CEDARBURG CITY WARDS 11 & 12,SPRING GENERAL,JUSTICE OF THE SUPREME COURT,NONPARTISAN,ANN W. BRADLEY,237,237
2005,APRIL,OZAUKEE,CEDARBURG CITY WARDS 11 & 12,SPRING GENERAL,JUSTICE OF THE SUPREME COURT,NONPARTISAN,SCATTERING,237,0
2005,APRIL,OZAUKEE,CEDARBURG CITY WARDS 13 & 14,SPRING GENERAL,JUSTICE OF THE SUPREME COURT,NONPARTISAN,ANN W. BRADLEY,283,281
2005,APRIL,OZAUKEE,CEDARBURG CITY WARDS 13 & 14,SPRING GENERAL,JUSTICE OF THE SUPREME COURT,NONPARTISAN,SCATTERING,283,2
2005,APRIL,OZAUKEE,"MEQUON CITY WARDS 1, 2, 18 & 20",SPRING GENERAL,JUSTICE OF THE SUPREME COURT,NONPARTISAN,ANN W. BRADLEY,144,144
2005,APRIL,OZAUKEE,"MEQUON CITY WARDS 1, 2, 18 & 20",SPRING GENERAL,JUSTICE OF THE SUPREME COURT,NONPARTISAN,SCATTERING,144,0
2005,APRIL,OZAUKEE,MEQUON CITY WARDS 3 - 5,SPRING GENERAL,JUSTICE OF THE SUPREME COURT,NONPARTISAN,ANN W. BRADLEY,250,247
2005,APRIL,OZAUKEE,MEQUON CITY WARDS 3 - 5,SPRING GENERAL,JUSTICE OF THE SUPREME COURT,NONPARTISAN,SCATTERING,250,3
2005,APRIL,OZAUKEE,MEQUON CITY WARD 6,SPRING GENERAL,JUSTICE OF THE SUPREME COURT,NONPARTISAN,ANN W. BRADLEY,119,119
2005,APRIL,OZAUKEE,MEQUON CITY WARD 6,SPRING GENERAL,JUSTICE OF THE SUPREME COURT,NONPARTISAN,SCATTERING,119,0
2005,APRIL,OZAUKEE,MEQUON CITY WARD 7,SPRING GENERAL,JUSTICE OF THE SUPREME COURT,NONPARTISAN,ANN W. BRADLEY,99,99
2005,APRIL,OZAUKEE,MEQUON CITY WARD 7,SPRING GENERAL,JUSTICE OF THE SUPREME COURT,NONPARTISAN,SCATTERING,99,0
2005,APRIL,OZAUKEE,"MEQUON CITY WARDS 8, 9 & 21",SPRING GENERAL,JUSTICE OF THE SUPREME COURT,NONPARTISAN,ANN W. BRADLEY,237,237
2005,APRIL,OZAUKEE,"MEQUON CITY WARDS 8, 9 & 21",SPRING GENERAL,JUSTICE OF THE SUPREME COURT,NONPARTISAN,SCATTERING,237,0
2005,APRIL,OZAUKEE,MEQUON CITY WARDS 10 & 11,SPRING GENERAL,JUSTICE OF THE SUPREME COURT,NONPARTISAN,ANN W. BRADLEY,209,207
2005,APRIL,OZAUKEE,MEQUON CITY WARDS 10 & 11,SPRING GENERAL,JUSTICE OF THE SUPREME COURT,NONPARTISAN,SCATTERING,209,2
2005,APRIL,OZAUKEE,MEQUON CITY WARDS 12 & 13,SPRING GENERAL,JUSTICE OF THE SUPREME COURT,NONPARTISAN,ANN W. BRADLEY,158,158
2005,APRIL,OZAUKEE,MEQUON CITY WARDS 12 & 13,SPRING GENERAL,JUSTICE OF THE SUPREME COURT,NONPARTISAN,SCATTERING,158,0
2005,APRIL,OZAUKEE,MEQUON CITY WARDS 14 & 15,SPRING GENERAL,JUSTICE OF THE SUPREME COURT,NONPARTISAN,ANN W. BRADLEY,207,205
2005,APRIL,OZAUKEE,MEQUON CITY WARDS 14 & 15,SPRING GENERAL,JUSTICE OF THE SUPREME COURT,NONPARTISAN,SCATTERING,207,2
2005,APRIL,OZAUKEE,"MEQUON CITY WARDS 16, 17 & 19",SPRING GENERAL,JUSTICE OF THE SUPREME COURT,NONPARTISAN,ANN W. BRADLEY,133,132
2005,APRIL,OZAUKEE,"MEQUON CITY WARDS 16, 17 & 19",SPRING GENERAL,JUSTICE OF THE SUPREME COURT,NONPARTISAN,SCATTERING,133,1
2005,APRIL,OZAUKEE,PORT WASHINGTON CITY WARD 1,SPRING GENERAL,JUSTICE OF THE SUPREME COURT,NONPARTISAN,ANN W. BRADLEY,87,87
2005,APRIL,OZAUKEE,PORT WASHINGTON CITY WARD 1,SPRING GENERAL,JUSTICE OF THE SUPREME COURT,NONPARTISAN,SCATTERING,87,0
2005,APRIL,OZAUKEE,PORT WASHINGTON CITY WARDS 2 & 3,SPRING GENERAL,JUSTICE OF THE SUPREME COURT,NONPARTISAN,ANN W. BRADLEY,77,77
2005,APRIL,OZAUKEE,PORT WASHINGTON CITY WARDS 2 & 3,SPRING GENERAL,JUSTICE OF THE SUPREME COURT,NONPARTISAN,SCATTERING,77,0
2005,APRIL,OZAUKEE,PORT WASHINGTON CITY WARDS 4 & 5,SPRING GENERAL,JUSTICE OF THE SUPREME COURT,NONPARTISAN,ANN W. BRADLEY,37,37
2005,APRIL,OZAUKEE,PORT WASHINGTON CITY WARDS 4 & 5,SPRING GENERAL,JUSTICE OF THE SUPREME COURT,NONPARTISAN,SCATTERING,37,0
2005,APRIL,OZAUKEE,PORT WASHINGTON CITY WARD 6,SPRING GENERAL,JUSTICE OF THE SUPREME COURT,NONPARTISAN,ANN W. BRADLEY,35,35
2005,APRIL,OZAUKEE,PORT WASHINGTON CITY WARD 6,SPRING GENERAL,JUSTICE OF THE SUPREME COURT,NONPARTISAN,SCATTERING,35,0
2005,APRIL,OZAUKEE,PORT WASHINGTON CITY WARDS 7 & 8,SPRING GENERAL,JUSTICE OF THE SUPREME COURT,NONPARTISAN,ANN W. BRADLEY,84,84
2005,APRIL,OZAUKEE,PORT WASHINGTON CITY WARDS 7 & 8,SPRING GENERAL,JUSTICE OF THE SUPREME COURT,NONPARTISAN,SCATTERING,84,0
2005,APRIL,OZAUKEE,PORT WASHINGTON CITY WARDS 9 & 10,SPRING GENERAL,JUSTICE OF THE SUPREME COURT,NONPARTISAN,ANN W. BRADLEY,95,94
2005,APRIL,OZAUKEE,PORT WASHINGTON CITY WARDS 9 & 10,SPRING GENERAL,JUSTICE OF THE SUPREME COURT,NONPARTISAN,SCATTERING,95,1
2005,APRIL,OZAUKEE,PORT WASHINGTON CITY WARD 11,SPRING GENERAL,JUSTICE OF THE SUPREME COURT,NONPARTISAN,ANN W. BRADLEY,75,74
2005,APRIL,OZAUKEE,PORT WASHINGTON CITY WARD 11,SPRING GENERAL,JUSTICE OF THE SUPREME COURT,NONPARTISAN,SCATTERING,75,1
2005,APRIL,PEPIN,ALBANY TOWN WARD 1,SPRING GENERAL,JUSTICE OF THE SUPREME COURT,NONPARTISAN,ANN W. BRADLEY,125,125
2005,APRIL,PEPIN,ALBANY TOWN WARD 1,SPRING GENERAL,JUSTICE OF THE SUPREME COURT,NONPARTISAN,SCATTERING,125,0
2005,APRIL,PEPIN,DURAND TOWN WARDS 1 & 2,SPRING GENERAL,JUSTICE OF THE SUPREME COURT,NONPARTISAN,ANN W. BRADLEY,80,80
2005,APRIL,PEPIN,DURAND TOWN WARDS 1 & 2,SPRING GENERAL,JUSTICE OF THE SUPREME COURT,NONPARTISAN,SCATTERING,80,0
2005,APRIL,PEPIN,FRANKFORT TOWN WARDS 1 & 2,SPRING GENERAL,JUSTICE OF THE SUPREME COURT,NONPARTISAN,ANN W. BRADLEY,31,31
2005,APRIL,PEPIN,FRANKFORT TOWN WARDS 1 & 2,SPRING GENERAL,JUSTICE OF THE SUPREME COURT,NONPARTISAN,SCATTERING,31,0
2005,APRIL,PEPIN,LIMA TOWN WARDS 1 & 2,SPRING GENERAL,JUSTICE OF THE SUPREME COURT,NONPARTISAN,ANN W. BRADLEY,18,18
2005,APRIL,PEPIN,LIMA TOWN WARDS 1 & 2,SPRING GENERAL,JUSTICE OF THE SUPREME COURT,NONPARTISAN,SCATTERING,18,0
2005,APRIL,PEPIN,PEPIN TOWN WARDS 1 & 2,SPRING GENERAL,JUSTICE OF THE SUPREME COURT,NONPARTISAN,ANN W. BRADLEY,73,73
2005,APRIL,PEPIN,PEPIN TOWN WARDS 1 & 2,SPRING GENERAL,JUSTICE OF THE SUPREME COURT,NONPARTISAN,SCATTERING,73,0
2005,APRIL,PEPIN,STOCKHOLM TOWN WARD 1,SPRING GENERAL,JUSTICE OF THE SUPREME COURT,NONPARTISAN,ANN W. BRADLEY,33,33
2005,APRIL,PEPIN,STOCKHOLM TOWN WARD 1,SPRING GENERAL,JUSTICE OF THE SUPREME COURT,NONPARTISAN,SCATTERING,33,0
2005,APRIL,PEPIN,WATERVILLE TOWN WARDS 1 & 2,SPRING GENERAL,JUSTICE OF THE SUPREME COURT,NONPARTISAN,ANN W. BRADLEY,30,30
2005,APRIL,PEPIN,WATERVILLE TOWN WARDS 1 & 2,SPRING GENERAL,JUSTICE OF THE SUPREME COURT,NONPARTISAN,SCATTERING,30,0
2005,APRIL,PEPIN,WAUBEEK TOWN WARD 1,SPRING GENERAL,JUSTICE OF THE SUPREME COURT,NONPARTISAN,ANN W. BRADLEY,21,21
2005,APRIL,PEPIN,WAUBEEK TOWN WARD 1,SPRING GENERAL,JUSTICE OF THE SUPREME COURT,NONPARTISAN,SCATTERING,21,0
2005,APRIL,PEPIN,PEPIN VILLAGE WARDS 1 & 2,SPRING GENERAL,JUSTICE OF THE SUPREME COURT,NONPARTISAN,ANN W. BRADLEY,253,253
2005,APRIL,PEPIN,PEPIN VILLAGE WARDS 1 & 2,SPRING GENERAL,JUSTICE OF THE SUPREME COURT,NONPARTISAN,SCATTERING,253,0
2005,APRIL,PEPIN,STOCKHOLM VILLAGE WARD 1,SPRING GENERAL,JUSTICE OF THE SUPREME COURT,NONPARTISAN,ANN W. BRADLEY,30,30
2005,APRIL,PEPIN,STOCKHOLM VILLAGE WARD 1,SPRING GENERAL,JUSTICE OF THE SUPREME COURT,NONPARTISAN,SCATTERING,30,0
2005,APRIL,PEPIN,DURAND CITY WARD 1,SPRING GENERAL,JUSTICE OF THE SUPREME COURT,NONPARTISAN,ANN W. BRADLEY,24,24
2005,APRIL,PEPIN,DURAND CITY WARD 1,SPRING GENERAL,JUSTICE OF THE SUPREME COURT,NONPARTISAN,SCATTERING,24,0
2005,APRIL,PEPIN,DURAND CITY WARD 2,SPRING GENERAL,JUSTICE OF THE SUPREME COURT,NONPARTISAN,ANN W. BRADLEY,39,39
2005,APRIL,PEPIN,DURAND CITY WARD 2,SPRING GENERAL,JUSTICE OF THE SUPREME COURT,NONPARTISAN,SCATTERING,39,0
2005,APRIL,PEPIN,DURAND CITY WARD 3,SPRING GENERAL,JUSTICE OF THE SUPREME COURT,NONPARTISAN,ANN W. BRADLEY,29,29
2005,APRIL,PEPIN,DURAND CITY WARD 3,SPRING GENERAL,JUSTICE OF THE SUPREME COURT,NONPARTISAN,SCATTERING,29,0
2005,APRIL,PIERCE,CLIFTON TOWN WARDS 1 & 2,SPRING GENERAL,JUSTICE OF THE SUPREME COURT,NONPARTISAN,ANN W. BRADLEY,70,70
2005,APRIL,PIERCE,CLIFTON TOWN WARDS 1 & 2,SPRING GENERAL,JUSTICE OF THE SUPREME COURT,NONPARTISAN,SCATTERING,70,0
2005,APRIL,PIERCE,DIAMOND BLUFF TOWN WARD 1,SPRING GENERAL,JUSTICE OF THE SUPREME COURT,NONPARTISAN,ANN W. BRADLEY,121,121
2005,APRIL,PIERCE,DIAMOND BLUFF TOWN WARD 1,SPRING GENERAL,JUSTICE OF THE SUPREME COURT,NONPARTISAN,SCATTERING,121,0
2005,APRIL,PIERCE,ELLSWORTH TOWN WARDS 1 & 2,SPRING GENERAL,JUSTICE OF THE SUPREME COURT,NONPARTISAN,ANN W. BRADLEY,130,130
2005,APRIL,PIERCE,ELLSWORTH TOWN WARDS 1 & 2,SPRING GENERAL,JUSTICE OF THE SUPREME COURT,NONPARTISAN,SCATTERING,130,0
2005,APRIL,PIERCE,EL PASO TOWN WARDS 1 & 2,SPRING GENERAL,JUSTICE OF THE SUPREME COURT,NONPARTISAN,ANN W. BRADLEY,52,52
2005,APRIL,PIERCE,EL PASO TOWN WARDS 1 & 2,SPRING GENERAL,JUSTICE OF THE SUPREME COURT,NONPARTISAN,SCATTERING,52,0
2005,APRIL,PIERCE,GILMAN TOWN WARD 1,SPRING GENERAL,JUSTICE OF THE SUPREME COURT,NONPARTISAN,ANN W. BRADLEY,151,151
2005,APRIL,PIERCE,GILMAN TOWN WARD 1,SPRING GENERAL,JUSTICE OF THE SUPREME COURT,NONPARTISAN,SCATTERING,151,0
2005,APRIL,PIERCE,HARTLAND TOWN WARD 1,SPRING GENERAL,JUSTICE OF THE SUPREME COURT,NONPARTISAN,ANN W. BRADLEY,85,85
2005,APRIL,PIERCE,HARTLAND TOWN WARD 1,SPRING GENERAL,JUSTICE OF THE SUPREME COURT,NONPARTISAN,SCATTERING,85,0
2005,APRIL,PIERCE,ISABELLE TOWN WARD 1,SPRING GENERAL,JUSTICE OF THE SUPREME COURT,NONPARTISAN,ANN W. BRADLEY,22,22
2005,APRIL,PIERCE,ISABELLE TOWN WARD 1,SPRING GENERAL,JUSTICE OF THE SUPREME COURT,NONPARTISAN,SCATTERING,22,0
2005,APRIL,PIERCE,MAIDEN ROCK TOWN WARD 1,SPRING GENERAL,JUSTICE OF THE SUPREME COURT,NONPARTISAN,ANN W. BRADLEY,50,50
2005,APRIL,PIERCE,MAIDEN ROCK TOWN WARD 1,SPRING GENERAL,JUSTICE OF THE SUPREME COURT,NONPARTISAN,SCATTERING,50,0
2005,APRIL,PIERCE,MARTELL TOWN WARDS 1 & 2,SPRING GENERAL,JUSTICE OF THE SUPREME COURT,NONPARTISAN,ANN W. BRADLEY,108,108
2005,APRIL,PIERCE,MARTELL TOWN WARDS 1 & 2,SPRING GENERAL,JUSTICE OF THE SUPREME COURT,NONPARTISAN,SCATTERING,108,0
2005,APRIL,PIERCE,OAK GROVE TOWN WARDS 1 & 2,SPRING GENERAL,JUSTICE OF THE SUPREME COURT,NONPARTISAN,ANN W. BRADLEY,129,128
2005,APRIL,PIERCE,OAK GROVE TOWN WARDS 1 & 2,SPRING GENERAL,JUSTICE OF THE SUPREME COURT,NONPARTISAN,SCATTERING,129,1
2005,APRIL,PIERCE,RIVER FALLS TOWN WARDS 1 - 3,SPRING GENERAL,JUSTICE OF THE SUPREME COURT,NONPARTISAN,ANN W. BRADLEY,523,521
2005,APRIL,PIERCE,RIVER FALLS TOWN WARDS 1 - 3,SPRING GENERAL,JUSTICE OF THE SUPREME COURT,NONPARTISAN,SCATTERING,523,2
2005,APRIL,PIERCE,ROCK ELM TOWN WARD 1,SPRING GENERAL,JUSTICE OF THE SUPREME COURT,NONPARTISAN,ANN W. BRADLEY,25,25
2005,APRIL,PIERCE,ROCK ELM TOWN WARD 1,SPRING GENERAL,JUSTICE OF THE SUPREME COURT,NONPARTISAN,SCATTERING,25,0
2005,APRIL,PIERCE,SALEM TOWN WARDS 1 & 2,SPRING GENERAL,JUSTICE OF THE SUPREME COURT,NONPARTISAN,ANN W. BRADLEY,40,40
2005,APRIL,PIERCE,SALEM TOWN WARDS 1 & 2,SPRING GENERAL,JUSTICE OF THE SUPREME COURT,NONPARTISAN,SCATTERING,40,0
2005,APRIL,PIERCE,SPRING LAKE TOWN WARDS 1 & 2,SPRING GENERAL,JUSTICE OF THE SUPREME COURT,NONPARTISAN,ANN W. BRADLEY,42,40
2005,APRIL,PIERCE,SPRING LAKE TOWN WARDS 1 & 2,SPRING GENERAL,JUSTICE OF THE SUPREME COURT,NONPARTISAN,SCATTERING,42,2
2005,APRIL,PIERCE,TRENTON TOWN WARDS 1 & 2,SPRING GENERAL,JUSTICE OF THE SUPREME COURT,NONPARTISAN,ANN W. BRADLEY,71,71
2005,APRIL,PIERCE,TRENTON TOWN WARDS 1 & 2,SPRING GENERAL,JUSTICE OF THE SUPREME COURT,NONPARTISAN,SCATTERING,71,0
2005,APRIL,PIERCE,TRIMBELLE TOWN WARDS 1 & 2,SPRING GENERAL,JUSTICE OF THE SUPREME COURT,NONPARTISAN,ANN W. BRADLEY,111,111
2005,APRIL,PIERCE,TRIMBELLE TOWN WARDS 1 & 2,SPRING GENERAL,JUSTICE OF THE SUPREME COURT,NONPARTISAN,SCATTERING,111,0
2005,APRIL,PIERCE,UNION TOWN WARD 1,SPRING GENERAL,JUSTICE OF THE SUPREME COURT,NONPARTISAN,ANN W. BRADLEY,189,189
2005,APRIL,PIERCE,UNION TOWN WARD 1,SPRING GENERAL,JUSTICE OF THE SUPREME COURT,NONPARTISAN,SCATTERING,189,0
2005,APRIL,PIERCE,BAY CITY VILLAGE WARD 1,SPRING GENERAL,JUSTICE OF THE SUPREME COURT,NONPARTISAN,ANN W. BRADLEY,49,49
2005,APRIL,PIERCE,BAY CITY VILLAGE WARD 1,SPRING GENERAL,JUSTICE OF THE SUPREME COURT,NONPARTISAN,SCATTERING,49,0
2005,APRIL,PIERCE,ELLSWORTH VILLAGE WARDS 1 - 4,SPRING GENERAL,JUSTICE OF THE SUPREME COURT,NONPARTISAN,ANN W. BRADLEY,199,197
2005,APRIL,PIERCE,ELLSWORTH VILLAGE WARDS 1 - 4,SPRING GENERAL,JUSTICE OF THE SUPREME COURT,NONPARTISAN,SCATTERING,199,2
2005,APRIL,PIERCE,ELMWOOD VILLAGE WARD 1,SPRING GENERAL,JUSTICE OF THE SUPREME COURT,NONPARTISAN,ANN W. BRADLEY,56,56
2005,APRIL,PIERCE,ELMWOOD VILLAGE WARD 1,SPRING GENERAL,JUSTICE OF THE SUPREME COURT,NONPARTISAN,SCATTERING,56,0
2005,APRIL,PIERCE,MAIDEN ROCK VILLAGE WARD 1,SPRING GENERAL,JUSTICE OF THE SUPREME COURT,NONPARTISAN,ANN W. BRADLEY,46,46
2005,APRIL,PIERCE,MAIDEN ROCK VILLAGE WARD 1,SPRING GENERAL,JUSTICE OF THE SUPREME COURT,NONPARTISAN,SCATTERING,46,0
2005,APRIL,PIERCE,PLUM CITY VILLAGE WARD 1,SPRING GENERAL,JUSTICE OF THE SUPREME COURT,NONPARTISAN,ANN W. BRADLEY,53,53
2005,APRIL,PIERCE,PLUM CITY VILLAGE WARD 1,SPRING GENERAL,JUSTICE OF THE SUPREME COURT,NONPARTISAN,SCATTERING,53,0
2005,APRIL,PIERCE,SPRING VALLEY VILLAGE WARDS 1 & 2,SPRING GENERAL,JUSTICE OF THE SUPREME COURT,NONPARTISAN,ANN W. BRADLEY,142,142
2005,APRIL,PIERCE,SPRING VALLEY VILLAGE WARDS 1 & 2,SPRING GENERAL,JUSTICE OF THE SUPREME COURT,NONPARTISAN,SCATTERING,142,0
2005,APRIL,PIERCE,PRESCOTT CITY WARDS 1 - 4,SPRING GENERAL,JUSTICE OF THE SUPREME COURT,NONPARTISAN,ANN W. BRADLEY,299,297
2005,APRIL,PIERCE,PRESCOTT CITY WARDS 1 - 4,SPRING GENERAL,JUSTICE OF THE SUPREME COURT,NONPARTISAN,SCATTERING,299,2
2005,APRIL,PIERCE,RIVER FALLS CITY WARDS 3 & 4,SPRING GENERAL,JUSTICE OF THE SUPREME COURT,NONPARTISAN,ANN W. BRADLEY,59,59
2005,APRIL,PIERCE,RIVER FALLS CITY WARDS 3 & 4,SPRING GENERAL,JUSTICE OF THE SUPREME COURT,NONPARTISAN,SCATTERING,59,0
2005,APRIL,PIERCE,RIVER FALLS CITY WARDS 5 - 7,SPRING GENERAL,JUSTICE OF THE SUPREME COURT,NONPARTISAN,ANN W. BRADLEY,163,163
2005,APRIL,PIERCE,RIVER FALLS CITY WARDS 5 - 7,SPRING GENERAL,JUSTICE OF THE SUPREME COURT,NONPARTISAN,SCATTERING,163,0
2005,APRIL,PIERCE,RIVER FALLS CITY WARDS 8 - 10,SPRING GENERAL,JUSTICE OF THE SUPREME COURT,NONPARTISAN,ANN W. BRADLEY,81,77
2005,APRIL,PIERCE,RIVER FALLS CITY WARDS 8 - 10,SPRING GENERAL,JUSTICE OF THE SUPREME COURT,NONPARTISAN,SCATTERING,81,4
2005,APRIL,PIERCE,RIVER FALLS CITY WARDS 11 & 12,SPRING GENERAL,JUSTICE OF THE SUPREME COURT,NONPARTISAN,ANN W. BRADLEY,146,145
2005,APRIL,PIERCE,RIVER FALLS CITY WARDS 11 & 12,SPRING GENERAL,JUSTICE OF THE SUPREME COURT,NONPARTISAN,SCATTERING,146,1
2005,APRIL,POLK,ALDEN TOWN WARDS 1 - 3,SPRING GENERAL,JUSTICE OF THE SUPREME COURT,NONPARTISAN,ANN W. BRADLEY,253,253
2005,APRIL,POLK,ALDEN TOWN WARDS 1 - 3,SPRING GENERAL,JUSTICE OF THE SUPREME COURT,NONPARTISAN,SCATTERING,253,0
2005,APRIL,POLK,APPLE RIVER TOWN WARDS 1 & 2,SPRING GENERAL,JUSTICE OF THE SUPREME COURT,NONPARTISAN,ANN W. BRADLEY,219,219
2005,APRIL,POLK,APPLE RIVER TOWN WARDS 1 & 2,SPRING GENERAL,JUSTICE OF THE SUPREME COURT,NONPARTISAN,SCATTERING,219,0
2005,APRIL,POLK,BALSAM LAKE TOWN WARDS 1 & 2,SPRING GENERAL,JUSTICE OF THE SUPREME COURT,NONPARTISAN,ANN W. BRADLEY,74,74
2005,APRIL,POLK,BALSAM LAKE TOWN WARDS 1 & 2,SPRING GENERAL,JUSTICE OF THE SUPREME COURT,NONPARTISAN,SCATTERING,74,0
2005,APRIL,POLK,BEAVER TOWN WARD 1,SPRING GENERAL,JUSTICE OF THE SUPREME COURT,NONPARTISAN,ANN W. BRADLEY,71,71
2005,APRIL,POLK,BEAVER TOWN WARD 1,SPRING GENERAL,JUSTICE OF THE SUPREME COURT,NONPARTISAN,SCATTERING,71,0
2005,APRIL,POLK,BLACK BROOK TOWN WARDS 1 & 2,SPRING GENERAL,JUSTICE OF THE SUPREME COURT,NONPARTISAN,ANN W. BRADLEY,165,165
2005,APRIL,POLK,BLACK BROOK TOWN WARDS 1 & 2,SPRING GENERAL,JUSTICE OF THE SUPREME COURT,NONPARTISAN,SCATTERING,165,0
2005,APRIL,POLK,BONE LAKE TOWN WARD 1,SPRING GENERAL,JUSTICE OF THE SUPREME COURT,NONPARTISAN,ANN W. BRADLEY,60,60
2005,APRIL,POLK,BONE LAKE TOWN WARD 1,SPRING GENERAL,JUSTICE OF THE SUPREME COURT,NONPARTISAN,SCATTERING,60,0
2005,APRIL,POLK,CLAM FALLS TOWN WARD 1,SPRING GENERAL,JUSTICE OF THE SUPREME COURT,NONPARTISAN,ANN W. BRADLEY,68,68
2005,APRIL,POLK,CLAM FALLS TOWN WARD 1,SPRING GENERAL,JUSTICE OF THE SUPREME COURT,NONPARTISAN,SCATTERING,68,0
2005,APRIL,POLK,CLAYTON TOWN WARD 1,SPRING GENERAL,JUSTICE OF THE SUPREME COURT,NONPARTISAN,ANN W. BRADLEY,211,211
2005,APRIL,POLK,CLAYTON TOWN WARD 1,SPRING GENERAL,JUSTICE OF THE SUPREME COURT,NONPARTISAN,SCATTERING,211,0
2005,APRIL,POLK,CLEAR LAKE TOWN WARDS 1 & 2,SPRING GENERAL,JUSTICE OF THE SUPREME COURT,NONPARTISAN,ANN W. BRADLEY,32,32
2005,APRIL,POLK,CLEAR LAKE TOWN WARDS 1 & 2,SPRING GENERAL,JUSTICE OF THE SUPREME COURT,NONPARTISAN,SCATTERING,32,0
2005,APRIL,POLK,EUREKA TOWN WARDS 1 & 2,SPRING GENERAL,JUSTICE OF THE SUPREME COURT,NONPARTISAN,ANN W. BRADLEY,101,101
2005,APRIL,POLK,EUREKA TOWN WARDS 1 & 2,SPRING GENERAL,JUSTICE OF THE SUPREME COURT,NONPARTISAN,SCATTERING,101,0
2005,APRIL,POLK,FARMINGTON TOWN WARDS 1 & 2,SPRING GENERAL,JUSTICE OF THE SUPREME COURT,NONPARTISAN,ANN W. BRADLEY,118,118
2005,APRIL,POLK,FARMINGTON TOWN WARDS 1 & 2,SPRING GENERAL,JUSTICE OF THE SUPREME COURT,NONPARTISAN,SCATTERING,118,0
2005,APRIL,POLK,GARFIELD TOWN WARDS 1 - 3,SPRING GENERAL,JUSTICE OF THE SUPREME COURT,NONPARTISAN,ANN W. BRADLEY,297,297
2005,APRIL,POLK,GARFIELD TOWN WARDS 1 - 3,SPRING GENERAL,JUSTICE OF THE SUPREME COURT,NONPARTISAN,SCATTERING,297,0
2005,APRIL,POLK,GEORGETOWN TOWN WARDS 1 & 2,SPRING GENERAL,JUSTICE OF THE SUPREME COURT,NONPARTISAN,ANN W. BRADLEY,119,119
2005,APRIL,POLK,GEORGETOWN TOWN WARDS 1 & 2,SPRING GENERAL,JUSTICE OF THE SUPREME COURT,NONPARTISAN,SCATTERING,119,0
2005,APRIL,POLK,JOHNSTOWN TOWN WARD 1,SPRING GENERAL,JUSTICE OF THE SUPREME COURT,NONPARTISAN,ANN W. BRADLEY,53,53
2005,APRIL,POLK,JOHNSTOWN TOWN WARD 1,SPRING GENERAL,JUSTICE OF THE SUPREME COURT,NONPARTISAN,SCATTERING,53,0
2005,APRIL,POLK,LAKETOWN TOWN WARD 1,SPRING GENERAL,JUSTICE OF THE SUPREME COURT,NONPARTISAN,ANN W. BRADLEY,98,98
2005,APRIL,POLK,LAKETOWN TOWN WARD 1,SPRING GENERAL,JUSTICE OF THE SUPREME COURT,NONPARTISAN,SCATTERING,98,0
2005,APRIL,POLK,LINCOLN TOWN WARDS 1 - 4,SPRING GENERAL,JUSTICE OF THE SUPREME COURT,NONPARTISAN,ANN W. BRADLEY,461,461
2005,APRIL,POLK,LINCOLN TOWN WARDS 1 - 4,SPRING GENERAL,JUSTICE OF THE SUPREME COURT,NONPARTISAN,SCATTERING,461,0
2005,APRIL,POLK,LORAIN TOWN WARD 1,SPRING GENERAL,JUSTICE OF THE SUPREME COURT,NONPARTISAN,ANN W. BRADLEY,33,33
2005,APRIL,POLK,LORAIN TOWN WARD 1,SPRING GENERAL,JUSTICE OF THE SUPREME COURT,NONPARTISAN,SCATTERING,33,0
2005,APRIL,POLK,LUCK TOWN WARDS 1 & 2,SPRING GENERAL,JUSTICE OF THE SUPREME COURT,NONPARTISAN,ANN W. BRADLEY,83,83
2005,APRIL,POLK,LUCK TOWN WARDS 1 & 2,SPRING GENERAL,JUSTICE OF THE SUPREME COURT,NONPARTISAN,SCATTERING,83,0
2005,APRIL,POLK,MCKINLEY TOWN WARD 1,SPRING GENERAL,JUSTICE OF THE SUPREME COURT,NONPARTISAN,ANN W. BRADLEY,70,70
2005,APRIL,POLK,MCKINLEY TOWN WARD 1,SPRING GENERAL,JUSTICE OF THE SUPREME COURT,NONPARTISAN,SCATTERING,70,0
2005,APRIL,POLK,MILLTOWN TOWN WARDS 1 & 2,SPRING GENERAL,JUSTICE OF THE SUPREME COURT,NONPARTISAN,ANN W. BRADLEY,83,83
2005,APRIL,POLK,MILLTOWN TOWN WARDS 1 & 2,SPRING GENERAL,JUSTICE OF THE SUPREME COURT,NONPARTISAN,SCATTERING,83,0
2005,APRIL,POLK,OSCEOLA TOWN WARDS 1 - 4,SPRING GENERAL,JUSTICE OF THE SUPREME COURT,NONPARTISAN,ANN W. BRADLEY,251,251
2005,APRIL,POLK,OSCEOLA TOWN WARDS 1 - 4,SPRING GENERAL,JUSTICE OF THE SUPREME COURT,NONPARTISAN,SCATTERING,251,0
2005,APRIL,POLK,ST CROIX FALLS TOWN WARDS 1 & 2,SPRING GENERAL,JUSTICE OF THE SUPREME COURT,NONPARTISAN,ANN W. BRADLEY,171,171
2005,APRIL,POLK,ST CROIX FALLS TOWN WARDS 1 & 2,SPRING GENERAL,JUSTICE OF THE SUPREME COURT,NONPARTISAN,SCATTERING,171,0
2005,APRIL,POLK,STERLING TOWN WARD 1,SPRING GENERAL,JUSTICE OF THE SUPREME COURT,NONPARTISAN,ANN W. BRADLEY,100,100
2005,APRIL,POLK,STERLING TOWN WARD 1,SPRING GENERAL,JUSTICE OF THE SUPREME COURT,NONPARTISAN,SCATTERING,100,0
2005,APRIL,POLK,WEST SWEDEN TOWN WARDS 1 & 2,SPRING GENERAL,JUSTICE OF THE SUPREME COURT,NONPARTISAN,ANN W. BRADLEY,82,81
2005,APRIL,POLK,WEST SWEDEN TOWN WARDS 1 & 2,SPRING GENERAL,JUSTICE OF THE SUPREME COURT,NONPARTISAN,SCATTERING,82,1
2005,APRIL,POLK,BALSAM LAKE VILLAGE WARD 1,SPRING GENERAL,JUSTICE OF THE SUPREME COURT,NONPARTISAN,ANN W. BRADLEY,135,135
2005,APRIL,POLK,BALSAM LAKE VILLAGE WARD 1,SPRING GENERAL,JUSTICE OF THE SUPREME COURT,NONPARTISAN,SCATTERING,135,0
2005,APRIL,POLK,CENTURIA VILLAGE WARD 1,SPRING GENERAL,JUSTICE OF THE SUPREME COURT,NONPARTISAN,ANN W. BRADLEY,44,44
2005,APRIL,POLK,CENTURIA VILLAGE WARD 1,SPRING GENERAL,JUSTICE OF THE SUPREME COURT,NONPARTISAN,SCATTERING,44,0
2005,APRIL,POLK,CLAYTON VILLAGE WARD 1,SPRING GENERAL,JUSTICE OF THE SUPREME COURT,NONPARTISAN,ANN W. BRADLEY,56,56
2005,APRIL,POLK,CLAYTON VILLAGE WARD 1,SPRING GENERAL,JUSTICE OF THE SUPREME COURT,NONPARTISAN,SCATTERING,56,0
2005,APRIL,POLK,CLEAR LAKE VILLAGE WARDS 1 & 2,SPRING GENERAL,JUSTICE OF THE SUPREME COURT,NONPARTISAN,ANN W. BRADLEY,95,95
2005,APRIL,POLK,CLEAR LAKE VILLAGE WARDS 1 & 2,SPRING GENERAL,JUSTICE OF THE SUPREME COURT,NONPARTISAN,SCATTERING,95,0
2005,APRIL,POLK,DRESSER VILLAGE WARD 1,SPRING GENERAL,JUSTICE OF THE SUPREME COURT,NONPARTISAN,ANN W. BRADLEY,70,70
2005,APRIL,POLK,DRESSER VILLAGE WARD 1,SPRING GENERAL,JUSTICE OF THE SUPREME COURT,NONPARTISAN,SCATTERING,70,0
2005,APRIL,POLK,FREDERIC VILLAGE WARDS 1 & 2,SPRING GENERAL,JUSTICE OF THE SUPREME COURT,NONPARTISAN,ANN W. BRADLEY,203,203
2005,APRIL,POLK,FREDERIC VILLAGE WARDS 1 & 2,SPRING GENERAL,JUSTICE OF THE SUPREME COURT,NONPARTISAN,SCATTERING,203,0
2005,APRIL,POLK,LUCK VILLAGE WARDS 1 & 2,SPRING GENERAL,JUSTICE OF THE SUPREME COURT,NONPARTISAN,ANN W. BRADLEY,96,95
2005,APRIL,POLK,LUCK VILLAGE WARDS 1 & 2,SPRING GENERAL,JUSTICE OF THE SUPREME COURT,NONPARTISAN,SCATTERING,96,1
2005,APRIL,POLK,MILLTOWN VILLAGE WARD 1,SPRING GENERAL,JUSTICE OF THE SUPREME COURT,NONPARTISAN,ANN W. BRADLEY,117,117
2005,APRIL,POLK,MILLTOWN VILLAGE WARD 1,SPRING GENERAL,JUSTICE OF THE SUPREME COURT,NONPARTISAN,SCATTERING,117,0
2005,APRIL,POLK,OSCEOLA VILLAGE WARDS 1 - 3,SPRING GENERAL,JUSTICE OF THE SUPREME COURT,NONPARTISAN,ANN W. BRADLEY,242,242
2005,APRIL,POLK,OSCEOLA VILLAGE WARDS 1 - 3,SPRING GENERAL,JUSTICE OF THE SUPREME COURT,NONPARTISAN,SCATTERING,242,0
2005,APRIL,POLK,TURTLE LAKE VILLAGE WARD 2,SPRING GENERAL,JUSTICE OF THE SUPREME COURT,NONPARTISAN,ANN W. BRADLEY,5,5
2005,APRIL,POLK,TURTLE LAKE VILLAGE WARD 2,SPRING GENERAL,JUSTICE OF THE SUPREME COURT,NONPARTISAN,SCATTERING,5,0
2005,APRIL,POLK,AMERY CITY WARDS 1 & 2,SPRING GENERAL,JUSTICE OF THE SUPREME COURT,NONPARTISAN,ANN W. BRADLEY,218,218
2005,APRIL,POLK,AMERY CITY WARDS 1 & 2,SPRING GENERAL,JUSTICE OF THE SUPREME COURT,NONPARTISAN,SCATTERING,218,0
2005,APRIL,POLK,AMERY CITY WARDS 3 - 5,SPRING GENERAL,JUSTICE OF THE SUPREME COURT,NONPARTISAN,ANN W. BRADLEY,303,302
2005,APRIL,POLK,AMERY CITY WARDS 3 - 5,SPRING GENERAL,JUSTICE OF THE SUPREME COURT,NONPARTISAN,SCATTERING,303,1
2005,APRIL,POLK,ST CROIX FALLS CITY WARDS 1 - 3,SPRING GENERAL,JUSTICE OF THE SUPREME COURT,NONPARTISAN,ANN W. BRADLEY,265,263
2005,APRIL,POLK,ST CROIX FALLS CITY WARDS 1 - 3,SPRING GENERAL,JUSTICE OF THE SUPREME COURT,NONPARTISAN,SCATTERING,265,2
2005,APRIL,PORTAGE,ALBAN TOWN WARD 1,SPRING GENERAL,JUSTICE OF THE SUPREME COURT,NONPARTISAN,ANN W. BRADLEY,126,126
2005,APRIL,PORTAGE,ALBAN TOWN WARD 1,SPRING GENERAL,JUSTICE OF THE SUPREME COURT,NONPARTISAN,SCATTERING,126,0
2005,APRIL,PORTAGE,ALMOND TOWN WARD 1,SPRING GENERAL,JUSTICE OF THE SUPREME COURT,NONPARTISAN,ANN W. BRADLEY,81,81
2005,APRIL,PORTAGE,ALMOND TOWN WARD 1,SPRING GENERAL,JUSTICE OF THE SUPREME COURT,NONPARTISAN,SCATTERING,81,0
2005,APRIL,PORTAGE,AMHERST TOWN WARDS 1 & 2,SPRING GENERAL,JUSTICE OF THE SUPREME COURT,NONPARTISAN,ANN W. BRADLEY,179,179
2005,APRIL,PORTAGE,AMHERST TOWN WARDS 1 & 2,SPRING GENERAL,JUSTICE OF THE SUPREME COURT,NONPARTISAN,SCATTERING,179,0
2005,APRIL,PORTAGE,BELMONT TOWN WARD 1,SPRING GENERAL,JUSTICE OF THE SUPREME COURT,NONPARTISAN,ANN W. BRADLEY,131,131
2005,APRIL,PORTAGE,BELMONT TOWN WARD 1,SPRING GENERAL,JUSTICE OF THE SUPREME COURT,NONPARTISAN,SCATTERING,131,0
2005,APRIL,PORTAGE,BUENA VISTA TOWN WARDS 1 & 2,SPRING GENERAL,JUSTICE OF THE SUPREME COURT,NONPARTISAN,ANN W. BRADLEY,123,122
2005,APRIL,PORTAGE,BUENA VISTA TOWN WARDS 1 & 2,SPRING GENERAL,JUSTICE OF THE SUPREME COURT,NONPARTISAN,SCATTERING,123,1
2005,APRIL,PORTAGE,CARSON TOWN WARDS 1 & 2,SPRING GENERAL,JUSTICE OF THE SUPREME COURT,NONPARTISAN,ANN W. BRADLEY,137,137
2005,APRIL,PORTAGE,CARSON TOWN WARDS 1 & 2,SPRING GENERAL,JUSTICE OF THE SUPREME COURT,NONPARTISAN,SCATTERING,137,0
2005,APRIL,PORTAGE,DEWEY TOWN WARD 1,SPRING GENERAL,JUSTICE OF THE SUPREME COURT,NONPARTISAN,ANN W. BRADLEY,162,162
2005,APRIL,PORTAGE,DEWEY TOWN WARD 1,SPRING GENERAL,JUSTICE OF THE SUPREME COURT,NONPARTISAN,SCATTERING,162,0
2005,APRIL,PORTAGE,EAU PLEINE TOWN WARD 1,SPRING GENERAL,JUSTICE OF THE SUPREME COURT,NONPARTISAN,ANN W. BRADLEY,128,128
2005,APRIL,PORTAGE,EAU PLEINE TOWN WARD 1,SPRING GENERAL,JUSTICE OF THE SUPREME COURT,NONPARTISAN,SCATTERING,128,0
2005,APRIL,PORTAGE,GRANT TOWN WARDS 1 - 3,SPRING GENERAL,JUSTICE OF THE SUPREME COURT,NONPARTISAN,ANN W. BRADLEY,384,382
2005,APRIL,PORTAGE,GRANT TOWN WARDS 1 - 3,SPRING GENERAL,JUSTICE OF THE SUPREME COURT,NONPARTISAN,SCATTERING,384,2
2005,APRIL,PORTAGE,HULL TOWN WARDS 1 - 8,SPRING GENERAL,JUSTICE OF THE SUPREME COURT,NONPARTISAN,ANN W. BRADLEY,790,789
2005,APRIL,PORTAGE,HULL TOWN WARDS 1 - 8,SPRING GENERAL,JUSTICE OF THE SUPREME COURT,NONPARTISAN,SCATTERING,790,1
2005,APRIL,PORTAGE,LANARK TOWN WARDS 1 & 2,SPRING GENERAL,JUSTICE OF THE SUPREME COURT,NONPARTISAN,ANN W. BRADLEY,207,207
2005,APRIL,PORTAGE,LANARK TOWN WARDS 1 & 2,SPRING GENERAL,JUSTICE OF THE SUPREME COURT,NONPARTISAN,SCATTERING,207,0
2005,APRIL,PORTAGE,LINWOOD TOWN WARDS 1 & 2,SPRING GENERAL,JUSTICE OF THE SUPREME COURT,NONPARTISAN,ANN W. BRADLEY,218,218
2005,APRIL,PORTAGE,LINWOOD TOWN WARDS 1 & 2,SPRING GENERAL,JUSTICE OF THE SUPREME COURT,NONPARTISAN,SCATTERING,218,0
2005,APRIL,PORTAGE,NEW HOPE TOWN WARD 1,SPRING GENERAL,JUSTICE OF THE SUPREME COURT,NONPARTISAN,ANN W. BRADLEY,139,139
2005,APRIL,PORTAGE,NEW HOPE TOWN WARD 1,SPRING GENERAL,JUSTICE OF THE SUPREME COURT,NONPARTISAN,SCATTERING,139,0
2005,APRIL,PORTAGE,PINE GROVE TOWN WARDS 1 & 2,SPRING GENERAL,JUSTICE OF THE SUPREME COURT,NONPARTISAN,ANN W. BRADLEY,113,113
2005,APRIL,PORTAGE,PINE GROVE TOWN WARDS 1 & 2,SPRING GENERAL,JUSTICE OF THE SUPREME COURT,NONPARTISAN,SCATTERING,113,0
2005,APRIL,PORTAGE,PLOVER TOWN WARDS 1 - 4,SPRING GENERAL,JUSTICE OF THE SUPREME COURT,NONPARTISAN,ANN W. BRADLEY,317,313
2005,APRIL,PORTAGE,PLOVER TOWN WARDS 1 - 4,SPRING GENERAL,JUSTICE OF THE SUPREME COURT,NONPARTISAN,SCATTERING,317,4
2005,APRIL,PORTAGE,SHARON TOWN WARDS 1 - 3,SPRING GENERAL,JUSTICE OF THE SUPREME COURT,NONPARTISAN,ANN W. BRADLEY,582,581
2005,APRIL,PORTAGE,SHARON TOWN WARDS 1 - 3,SPRING GENERAL,JUSTICE OF THE SUPREME COURT,NONPARTISAN,SCATTERING,582,1
2005,APRIL,PORTAGE,STOCKTON TOWN WARDS 1 - 4,SPRING GENERAL,JUSTICE OF THE SUPREME COURT,NONPARTISAN,ANN W. BRADLEY,670,670
2005,APRIL,PORTAGE,STOCKTON TOWN WARDS 1 - 4,SPRING GENERAL,JUSTICE OF THE SUPREME COURT,NONPARTISAN,SCATTERING,670,0
2005,APRIL,PORTAGE,ALMOND VILLAGE WARD 1,SPRING GENERAL,JUSTICE OF THE SUPREME COURT,NONPARTISAN,ANN W. BRADLEY,76,76
2005,APRIL,PORTAGE,ALMOND VILLAGE WARD 1,SPRING GENERAL,JUSTICE OF THE SUPREME COURT,NONPARTISAN,SCATTERING,76,0
2005,APRIL,PORTAGE,AMHERST VILLAGE WARD 1,SPRING GENERAL,JUSTICE OF THE SUPREME COURT,NONPARTISAN,ANN W. BRADLEY,104,104
2005,APRIL,PORTAGE,AMHERST VILLAGE WARD 1,SPRING GENERAL,JUSTICE OF THE SUPREME COURT,NONPARTISAN,SCATTERING,104,0
2005,APRIL,PORTAGE,AMHERST JUNCTION VILLAGE WARD 1,SPRING GENERAL,JUSTICE OF THE SUPREME COURT,NONPARTISAN,ANN W. BRADLEY,44,44
2005,APRIL,PORTAGE,AMHERST JUNCTION VILLAGE WARD 1,SPRING GENERAL,JUSTICE OF THE SUPREME COURT,NONPARTISAN,SCATTERING,44,0
2005,APRIL,PORTAGE,JUNCTION CITY VILLAGE WARD 1,SPRING GENERAL,JUSTICE OF THE SUPREME COURT,NONPARTISAN,ANN W. BRADLEY,74,74
2005,APRIL,PORTAGE,JUNCTION CITY VILLAGE WARD 1,SPRING GENERAL,JUSTICE OF THE SUPREME COURT,NONPARTISAN,SCATTERING,74,0
2005,APRIL,PORTAGE,MILLADORE VILLAGE WARD 2,SPRING GENERAL,JUSTICE OF THE SUPREME COURT,NONPARTISAN,ANN W. BRADLEY,0,0
2005,APRIL,PORTAGE,MILLADORE VILLAGE WARD 2,SPRING GENERAL,JUSTICE OF THE SUPREME COURT,NONPARTISAN,SCATTERING,0,0
2005,APRIL,PORTAGE,NELSONVILLE VILLAGE WARD 1,SPRING GENERAL,JUSTICE OF THE SUPREME COURT,NONPARTISAN,ANN W. BRADLEY,32,32
2005,APRIL,PORTAGE,NELSONVILLE VILLAGE WARD 1,SPRING GENERAL,JUSTICE OF THE SUPREME COURT,NONPARTISAN,SCATTERING,32,0
2005,APRIL,PORTAGE,PARK RIDGE VILLAGE WARD 1,SPRING GENERAL,JUSTICE OF THE SUPREME COURT,NONPARTISAN,ANN W. BRADLEY,150,150
2005,APRIL,PORTAGE,PARK RIDGE VILLAGE WARD 1,SPRING GENERAL,JUSTICE OF THE SUPREME COURT,NONPARTISAN,SCATTERING,150,0
2005,APRIL,PORTAGE,PLOVER VILLAGE WARDS 1 - 9,SPRING GENERAL,JUSTICE OF THE SUPREME COURT,NONPARTISAN,ANN W. BRADLEY,1172,1170
2005,APRIL,PORTAGE,PLOVER VILLAGE WARDS 1 - 9,SPRING GENERAL,JUSTICE OF THE SUPREME COURT,NONPARTISAN,SCATTERING,1172,2
2005,APRIL,PORTAGE,ROSHOLT VILLAGE WARD 1,SPRING GENERAL,JUSTICE OF THE SUPREME COURT,NONPARTISAN,ANN W. BRADLEY,134,134
2005,APRIL,PORTAGE,ROSHOLT VILLAGE WARD 1,SPRING GENERAL,JUSTICE OF THE SUPREME COURT,NONPARTISAN,SCATTERING,134,0
2005,APRIL,PORTAGE,WHITING VILLAGE WARDS 1 - 4,SPRING GENERAL,JUSTICE OF THE SUPREME COURT,NONPARTISAN,ANN W. BRADLEY,272,272
2005,APRIL,PORTAGE,WHITING VILLAGE WARDS 1 - 4,SPRING GENERAL,JUSTICE OF THE SUPREME COURT,NONPARTISAN,SCATTERING,272,0
2005,APRIL,PORTAGE,STEVENS POINT CITY WARDS 1 & 2,SPRING GENERAL,JUSTICE OF THE SUPREME COURT,NONPARTISAN,ANN W. BRADLEY,462,459
2005,APRIL,PORTAGE,STEVENS POINT CITY WARDS 1 & 2,SPRING GENERAL,JUSTICE OF THE SUPREME COURT,NONPARTISAN,SCATTERING,462,3
2005,APRIL,PORTAGE,STEVENS POINT CITY WARDS 3 & 4,SPRING GENERAL,JUSTICE OF THE SUPREME COURT,NONPARTISAN,ANN W. BRADLEY,407,404
2005,APRIL,PORTAGE,STEVENS POINT CITY WARDS 3 & 4,SPRING GENERAL,JUSTICE OF THE SUPREME COURT,NONPARTISAN,SCATTERING,407,3
2005,APRIL,PORTAGE,STEVENS POINT CITY WARDS 5 & 6,SPRING GENERAL,JUSTICE OF THE SUPREME COURT,NONPARTISAN,ANN W. BRADLEY,463,458
2005,APRIL,PORTAGE,STEVENS POINT CITY WARDS 5 & 6,SPRING GENERAL,JUSTICE OF THE SUPREME COURT,NONPARTISAN,SCATTERING,463,5
2005,APRIL,PORTAGE,STEVENS POINT CITY WARDS 7 & 8,SPRING GENERAL,JUSTICE OF THE SUPREME COURT,NONPARTISAN,ANN W. BRADLEY,459,454
2005,APRIL,PORTAGE,STEVENS POINT CITY WARDS 7 & 8,SPRING GENERAL,JUSTICE OF THE SUPREME COURT,NONPARTISAN,SCATTERING,459,5
2005,APRIL,PORTAGE,STEVENS POINT CITY WARDS 9 & 10,SPRING GENERAL,JUSTICE OF THE SUPREME COURT,NONPARTISAN,ANN W. BRADLEY,483,482
2005,APRIL,PORTAGE,STEVENS POINT CITY WARDS 9 & 10,SPRING GENERAL,JUSTICE OF THE SUPREME COURT,NONPARTISAN,SCATTERING,483,1
2005,APRIL,PORTAGE,STEVENS POINT CITY WARDS 11 & 12,SPRING GENERAL,JUSTICE OF THE SUPREME COURT,NONPARTISAN,ANN W. BRADLEY,512,508
2005,APRIL,PORTAGE,STEVENS POINT CITY WARDS 11 & 12,SPRING GENERAL,JUSTICE OF THE SUPREME COURT,NONPARTISAN,SCATTERING,512,4
2005,APRIL,PORTAGE,STEVENS POINT CITY WARDS 13 & 14,SPRING GENERAL,JUSTICE OF THE SUPREME COURT,NONPARTISAN,ANN W. BRADLEY,578,572
2005,APRIL,PORTAGE,STEVENS POINT CITY WARDS 13 & 14,SPRING GENERAL,JUSTICE OF THE SUPREME COURT,NONPARTISAN,SCATTERING,578,6
2005,APRIL,PORTAGE,STEVENS POINT CITY WARDS 15 & 16,SPRING GENERAL,JUSTICE OF THE SUPREME COURT,NONPARTISAN,ANN W. BRADLEY,622,618
2005,APRIL,PORTAGE,STEVENS POINT CITY WARDS 15 & 16,SPRING GENERAL,JUSTICE OF THE SUPREME COURT,NONPARTISAN,SCATTERING,622,4
2005,APRIL,PORTAGE,STEVENS POINT CITY WARDS 17 & 18,SPRING GENERAL,JUSTICE OF THE SUPREME COURT,NONPARTISAN,ANN W. BRADLEY,515,515
2005,APRIL,PORTAGE,STEVENS POINT CITY WARDS 17 & 18,SPRING GENERAL,JUSTICE OF THE SUPREME COURT,NONPARTISAN,SCATTERING,515,0
2005,APRIL,PORTAGE,STEVENS POINT CITY WARDS 19 & 20,SPRING GENERAL,JUSTICE OF THE SUPREME COURT,NONPARTISAN,ANN W. BRADLEY,465,461
2005,APRIL,PORTAGE,STEVENS POINT CITY WARDS 19 & 20,SPRING GENERAL,JUSTICE OF THE SUPREME COURT,NONPARTISAN,SCATTERING,465,4
2005,APRIL,PORTAGE,STEVENS POINT CITY WARDS 21 & 22,SPRING GENERAL,JUSTICE OF THE SUPREME COURT,NONPARTISAN,ANN W. BRADLEY,416,413
2005,APRIL,PORTAGE,STEVENS POINT CITY WARDS 21 & 22,SPRING GENERAL,JUSTICE OF THE SUPREME COURT,NONPARTISAN,SCATTERING,416,3
2005,APRIL,PRICE,CATAWBA TOWN WARD 1,SPRING GENERAL,JUSTICE OF THE SUPREME COURT,NONPARTISAN,ANN W. BRADLEY,18,18
2005,APRIL,PRICE,CATAWBA TOWN WARD 1,SPRING GENERAL,JUSTICE OF THE SUPREME COURT,NONPARTISAN,SCATTERING,18,0
2005,APRIL,PRICE,EISENSTEIN TOWN WARD 1,SPRING GENERAL,JUSTICE OF THE SUPREME COURT,NONPARTISAN,ANN W. BRADLEY,41,41
2005,APRIL,PRICE,EISENSTEIN TOWN WARD 1,SPRING GENERAL,JUSTICE OF THE SUPREME COURT,NONPARTISAN,SCATTERING,41,0
2005,APRIL,PRICE,EISENSTEIN TOWN WARD 2,SPRING GENERAL,JUSTICE OF THE SUPREME COURT,NONPARTISAN,ANN W. BRADLEY,22,22
2005,APRIL,PRICE,EISENSTEIN TOWN WARD 2,SPRING GENERAL,JUSTICE OF THE SUPREME COURT,NONPARTISAN,SCATTERING,22,0
2005,APRIL,PRICE,ELK TOWN WARD 1,SPRING GENERAL,JUSTICE OF THE SUPREME COURT,NONPARTISAN,ANN W. BRADLEY,34,34
2005,APRIL,PRICE,ELK TOWN WARD 1,SPRING GENERAL,JUSTICE OF THE SUPREME COURT,NONPARTISAN,SCATTERING,34,0
2005,APRIL,PRICE,ELK TOWN WARD 2,SPRING GENERAL,JUSTICE OF THE SUPREME COURT,NONPARTISAN,ANN W. BRADLEY,20,20
2005,APRIL,PRICE,ELK TOWN WARD 2,SPRING GENERAL,JUSTICE OF THE SUPREME COURT,NONPARTISAN,SCATTERING,20,0
2005,APRIL,PRICE,ELK TOWN WARD 3,SPRING GENERAL,JUSTICE OF THE SUPREME COURT,NONPARTISAN,ANN W. BRADLEY,133,133
2005,APRIL,PRICE,ELK TOWN WARD 3,SPRING GENERAL,JUSTICE OF THE SUPREME COURT,NONPARTISAN,SCATTERING,133,0
2005,APRIL,PRICE,EMERY TOWN WARD 1,SPRING GENERAL,JUSTICE OF THE SUPREME COURT,NONPARTISAN,ANN W. BRADLEY,65,65
2005,APRIL,PRICE,EMERY TOWN WARD 1,SPRING GENERAL,JUSTICE OF THE SUPREME COURT,NONPARTISAN,SCATTERING,65,0
2005,APRIL,PRICE,FIFIELD TOWN WARD 1,SPRING GENERAL,JUSTICE OF THE SUPREME COURT,NONPARTISAN,ANN W. BRADLEY,120,120
2005,APRIL,PRICE,FIFIELD TOWN WARD 1,SPRING GENERAL,JUSTICE OF THE SUPREME COURT,NONPARTISAN,SCATTERING,120,0
2005,APRIL,PRICE,FIFIELD TOWN WARD 2,SPRING GENERAL,JUSTICE OF THE SUPREME COURT,NONPARTISAN,ANN W. BRADLEY,68,68
2005,APRIL,PRICE,FIFIELD TOWN WARD 2,SPRING GENERAL,JUSTICE OF THE SUPREME COURT,NONPARTISAN,SCATTERING,68,0
2005,APRIL,PRICE,FLAMBEAU TOWN WARD 1,SPRING GENERAL,JUSTICE OF THE SUPREME COURT,NONPARTISAN,ANN W. BRADLEY,42,41
2005,APRIL,PRICE,FLAMBEAU TOWN WARD 1,SPRING GENERAL,JUSTICE OF THE SUPREME COURT,NONPARTISAN,SCATTERING,42,1
2005,APRIL,PRICE,GEORGETOWN TOWN WARD 1,SPRING GENERAL,JUSTICE OF THE SUPREME COURT,NONPARTISAN,ANN W. BRADLEY,27,27
2005,APRIL,PRICE,GEORGETOWN TOWN WARD 1,SPRING GENERAL,JUSTICE OF THE SUPREME COURT,NONPARTISAN,SCATTERING,27,0
2005,APRIL,PRICE,HACKETT TOWN WARD 1,SPRING GENERAL,JUSTICE OF THE SUPREME COURT,NONPARTISAN,ANN W. BRADLEY,11,11
2005,APRIL,PRICE,HACKETT TOWN WARD 1,SPRING GENERAL,JUSTICE OF THE SUPREME COURT,NONPARTISAN,SCATTERING,11,0
2005,APRIL,PRICE,HACKETT TOWN WARD 2,SPRING GENERAL,JUSTICE OF THE SUPREME COURT,NONPARTISAN,ANN W. BRADLEY,9,9
2005,APRIL,PRICE,HACKETT TOWN WARD 2,SPRING GENERAL,JUSTICE OF THE SUPREME COURT,NONPARTISAN,SCATTERING,9,0
2005,APRIL,PRICE,HARMONY TOWN WARD 1,SPRING GENERAL,JUSTICE OF THE SUPREME COURT,NONPARTISAN,ANN W. BRADLEY,34,34
2005,APRIL,PRICE,HARMONY TOWN WARD 1,SPRING GENERAL,JUSTICE OF THE SUPREME COURT,NONPARTISAN,SCATTERING,34,0
2005,APRIL,PRICE,HILL TOWN WARD 1,SPRING GENERAL,JUSTICE OF THE SUPREME COURT,NONPARTISAN,ANN W. BRADLEY,77,77
2005,APRIL,PRICE,HILL TOWN WARD 1,SPRING GENERAL,JUSTICE OF THE SUPREME COURT,NONPARTISAN,SCATTERING,77,0
2005,APRIL,PRICE,KENNAN TOWN WARD 1,SPRING GENERAL,JUSTICE OF THE SUPREME COURT,NONPARTISAN,ANN W. BRADLEY,52,52
2005,APRIL,PRICE,KENNAN TOWN WARD 1,SPRING GENERAL,JUSTICE OF THE SUPREME COURT,NONPARTISAN,SCATTERING,52,0
2005,APRIL,PRICE,KNOX TOWN WARDS 1 & 2,SPRING GENERAL,JUSTICE OF THE SUPREME COURT,NONPARTISAN,ANN W. BRADLEY,44,44
2005,APRIL,PRICE,KNOX TOWN WARDS 1 & 2,SPRING GENERAL,JUSTICE OF THE SUPREME COURT,NONPARTISAN,SCATTERING,44,0
2005,APRIL,PRICE,LAKE TOWN WARD 1,SPRING GENERAL,JUSTICE OF THE SUPREME COURT,NONPARTISAN,ANN W. BRADLEY,65,65
2005,APRIL,PRICE,LAKE TOWN WARD 1,SPRING GENERAL,JUSTICE OF THE SUPREME COURT,NONPARTISAN,SCATTERING,65,0
2005,APRIL,PRICE,LAKE TOWN WARD 2,SPRING GENERAL,JUSTICE OF THE SUPREME COURT,NONPARTISAN,ANN W. BRADLEY,101,101
2005,APRIL,PRICE,LAKE TOWN WARD 2,SPRING GENERAL,JUSTICE OF THE SUPREME COURT,NONPARTISAN,SCATTERING,101,0
2005,APRIL,PRICE,OGEMA TOWN WARD 1,SPRING GENERAL,JUSTICE OF THE SUPREME COURT,NONPARTISAN,ANN W. BRADLEY,104,104
2005,APRIL,PRICE,OGEMA TOWN WARD 1,SPRING GENERAL,JUSTICE OF THE SUPREME COURT,NONPARTISAN,SCATTERING,104,0
2005,APRIL,PRICE,OGEMA TOWN WARD 2,SPRING GENERAL,JUSTICE OF THE SUPREME COURT,NONPARTISAN,ANN W. BRADLEY,15,15
2005,APRIL,PRICE,OGEMA TOWN WARD 2,SPRING GENERAL,JUSTICE OF THE SUPREME COURT,NONPARTISAN,SCATTERING,15,0
2005,APRIL,PRICE,PRENTICE TOWN WARD 1,SPRING GENERAL,JUSTICE OF THE SUPREME COURT,NONPARTISAN,ANN W. BRADLEY,73,73
2005,APRIL,PRICE,PRENTICE TOWN WARD 1,SPRING GENERAL,JUSTICE OF THE SUPREME COURT,NONPARTISAN,SCATTERING,73,0
2005,APRIL,PRICE,PRENTICE TOWN WARD 2,SPRING GENERAL,JUSTICE OF THE SUPREME COURT,NONPARTISAN,ANN W. BRADLEY,39,39
2005,APRIL,PRICE,PRENTICE TOWN WARD 2,SPRING GENERAL,JUSTICE OF THE SUPREME COURT,NONPARTISAN,SCATTERING,39,0
2005,APRIL,PRICE,SPIRIT TOWN WARD 1,SPRING GENERAL,JUSTICE OF THE SUPREME COURT,NONPARTISAN,ANN W. BRADLEY,38,38
2005,APRIL,PRICE,SPIRIT TOWN WARD 1,SPRING GENERAL,JUSTICE OF THE SUPREME COURT,NONPARTISAN,SCATTERING,38,0
2005,APRIL,PRICE,WORCESTER TOWN WARD 1,SPRING GENERAL,JUSTICE OF THE SUPREME COURT,NONPARTISAN,ANN W. BRADLEY,68,68
2005,APRIL,PRICE,WORCESTER TOWN WARD 1,SPRING GENERAL,JUSTICE OF THE SUPREME COURT,NONPARTISAN,SCATTERING,68,0
2005,APRIL,PRICE,WORCESTER TOWN WARD 2,SPRING GENERAL,JUSTICE OF THE SUPREME COURT,NONPARTISAN,ANN W. BRADLEY,102,102
2005,APRIL,PRICE,WORCESTER TOWN WARD 2,SPRING GENERAL,JUSTICE OF THE SUPREME COURT,NONPARTISAN,SCATTERING,102,0
2005,APRIL,PRICE,WORCESTER TOWN WARD 3,SPRING GENERAL,JUSTICE OF THE SUPREME COURT,NONPARTISAN,ANN W. BRADLEY,58,58
2005,APRIL,PRICE,WORCESTER TOWN WARD 3,SPRING GENERAL,JUSTICE OF THE SUPREME COURT,NONPARTISAN,SCATTERING,58,0
2005,APRIL,PRICE,WORCESTER TOWN WARD 4,SPRING GENERAL,JUSTICE OF THE SUPREME COURT,NONPARTISAN,ANN W. BRADLEY,25,25
2005,APRIL,PRICE,WORCESTER TOWN WARD 4,SPRING GENERAL,JUSTICE OF THE SUPREME COURT,NONPARTISAN,SCATTERING,25,0
2005,APRIL,PRICE,CATAWBA VILLAGE WARD 1,SPRING GENERAL,JUSTICE OF THE SUPREME COURT,NONPARTISAN,ANN W. BRADLEY,13,13
2005,APRIL,PRICE,CATAWBA VILLAGE WARD 1,SPRING GENERAL,JUSTICE OF THE SUPREME COURT,NONPARTISAN,SCATTERING,13,0
2005,APRIL,PRICE,KENNAN VILLAGE WARD 1,SPRING GENERAL,JUSTICE OF THE SUPREME COURT,NONPARTISAN,ANN W. BRADLEY,32,32
2005,APRIL,PRICE,KENNAN VILLAGE WARD 1,SPRING GENERAL,JUSTICE OF THE SUPREME COURT,NONPARTISAN,SCATTERING,32,0
2005,APRIL,PRICE,PRENTICE VILLAGE WARD 1,SPRING GENERAL,JUSTICE OF THE SUPREME COURT,NONPARTISAN,ANN W. BRADLEY,88,88
2005,APRIL,PRICE,PRENTICE VILLAGE WARD 1,SPRING GENERAL,JUSTICE OF THE SUPREME COURT,NONPARTISAN,SCATTERING,88,0
2005,APRIL,PRICE,PARK FALLS CITY WARD 1,SPRING GENERAL,JUSTICE OF THE SUPREME COURT,NONPARTISAN,ANN W. BRADLEY,109,109
2005,APRIL,PRICE,PARK FALLS CITY WARD 1,SPRING GENERAL,JUSTICE OF THE SUPREME COURT,NONPARTISAN,SCATTERING,109,0
2005,APRIL,PRICE,PARK FALLS CITY WARD 2,SPRING GENERAL,JUSTICE OF THE SUPREME COURT,NONPARTISAN,ANN W. BRADLEY,78,78
2005,APRIL,PRICE,PARK FALLS CITY WARD 2,SPRING GENERAL,JUSTICE OF THE SUPREME COURT,NONPARTISAN,SCATTERING,78,0
2005,APRIL,PRICE,PARK FALLS CITY WARD 3,SPRING GENERAL,JUSTICE OF THE SUPREME COURT,NONPARTISAN,ANN W. BRADLEY,28,28
2005,APRIL,PRICE,PARK FALLS CITY WARD 3,SPRING GENERAL,JUSTICE OF THE SUPREME COURT,NONPARTISAN,SCATTERING,28,0
2005,APRIL,PRICE,PARK FALLS CITY WARD 4,SPRING GENERAL,JUSTICE OF THE SUPREME COURT,NONPARTISAN,ANN W. BRADLEY,43,43
2005,APRIL,PRICE,PARK FALLS CITY WARD 4,SPRING GENERAL,JUSTICE OF THE SUPREME COURT,NONPARTISAN,SCATTERING,43,0
2005,APRIL,PRICE,PARK FALLS CITY WARD 5,SPRING GENERAL,JUSTICE OF THE SUPREME COURT,NONPARTISAN,ANN W. BRADLEY,52,52
2005,APRIL,PRICE,PARK FALLS CITY WARD 5,SPRING GENERAL,JUSTICE OF THE SUPREME COURT,NONPARTISAN,SCATTERING,52,0
2005,APRIL,PRICE,PARK FALLS CITY WARD 6,SPRING GENERAL,JUSTICE OF THE SUPREME COURT,NONPARTISAN,ANN W. BRADLEY,69,69
2005,APRIL,PRICE,PARK FALLS CITY WARD 6,SPRING GENERAL,JUSTICE OF THE SUPREME COURT,NONPARTISAN,SCATTERING,69,0
2005,APRIL,PRICE,PARK FALLS CITY WARD 7,SPRING GENERAL,JUSTICE OF THE SUPREME COURT,NONPARTISAN,ANN W. BRADLEY,68,68
2005,APRIL,PRICE,PARK FALLS CITY WARD 7,SPRING GENERAL,JUSTICE OF THE SUPREME COURT,NONPARTISAN,SCATTERING,68,0
2005,APRIL,PRICE,PHILLIPS CITY WARD 1,SPRING GENERAL,JUSTICE OF THE SUPREME COURT,NONPARTISAN,ANN W. BRADLEY,25,25
2005,APRIL,PRICE,PHILLIPS CITY WARD 1,SPRING GENERAL,JUSTICE OF THE SUPREME COURT,NONPARTISAN,SCATTERING,25,0
2005,APRIL,PRICE,PHILLIPS CITY WARD 2,SPRING GENERAL,JUSTICE OF THE SUPREME COURT,NONPARTISAN,ANN W. BRADLEY,48,48
2005,APRIL,PRICE,PHILLIPS CITY WARD 2,SPRING GENERAL,JUSTICE OF THE SUPREME COURT,NONPARTISAN,SCATTERING,48,0
2005,APRIL,PRICE,PHILLIPS CITY WARD 3,SPRING GENERAL,JUSTICE OF THE SUPREME COURT,NONPARTISAN,ANN W. BRADLEY,59,59
2005,APRIL,PRICE,PHILLIPS CITY WARD 3,SPRING GENERAL,JUSTICE OF THE SUPREME COURT,NONPARTISAN,SCATTERING,59,0
2005,APRIL,PRICE,PHILLIPS CITY WARD 4,SPRING GENERAL,JUSTICE OF THE SUPREME COURT,NONPARTISAN,ANN W. BRADLEY,18,18
2005,APRIL,PRICE,PHILLIPS CITY WARD 4,SPRING GENERAL,JUSTICE OF THE SUPREME COURT,NONPARTISAN,SCATTERING,18,0
2005,APRIL,PRICE,PHILLIPS CITY WARD 5,SPRING GENERAL,JUSTICE OF THE SUPREME COURT,NONPARTISAN,ANN W. BRADLEY,55,55
2005,APRIL,PRICE,PHILLIPS CITY WARD 5,SPRING GENERAL,JUSTICE OF THE SUPREME COURT,NONPARTISAN,SCATTERING,55,0
2005,APRIL,RACINE,BURLINGTON TOWN WARDS 1 - 8,SPRING GENERAL,JUSTICE OF THE SUPREME COURT,NONPARTISAN,ANN W. BRADLEY,366,366
2005,APRIL,RACINE,BURLINGTON TOWN WARDS 1 - 8,SPRING GENERAL,JUSTICE OF THE SUPREME COURT,NONPARTISAN,SCATTERING,366,0
2005,APRIL,RACINE,BURLINGTON TOWN WARDS 9 - 12,SPRING GENERAL,JUSTICE OF THE SUPREME COURT,NONPARTISAN,ANN W. BRADLEY,409,407
2005,APRIL,RACINE,BURLINGTON TOWN WARDS 9 - 12,SPRING GENERAL,JUSTICE OF THE SUPREME COURT,NONPARTISAN,SCATTERING,409,2
2005,APRIL,RACINE,CALEDONIA TOWN WARDS 1 - 3,SPRING GENERAL,JUSTICE OF THE SUPREME COURT,NONPARTISAN,ANN W. BRADLEY,463,462
2005,APRIL,RACINE,CALEDONIA TOWN WARDS 1 - 3,SPRING GENERAL,JUSTICE OF THE SUPREME COURT,NONPARTISAN,SCATTERING,463,1
2005,APRIL,RACINE,"CALEDONIA TOWN WARDS 4, 20 & 21",SPRING GENERAL,JUSTICE OF THE SUPREME COURT,NONPARTISAN,ANN W. BRADLEY,386,386
2005,APRIL,RACINE,"CALEDONIA TOWN WARDS 4, 20 & 21",SPRING GENERAL,JUSTICE OF THE SUPREME COURT,NONPARTISAN,SCATTERING,386,0
2005,APRIL,RACINE,"CALEDONIA TOWN WARDS 5, 6 & 18",SPRING GENERAL,JUSTICE OF THE SUPREME COURT,NONPARTISAN,ANN W. BRADLEY,487,485
2005,APRIL,RACINE,"CALEDONIA TOWN WARDS 5, 6 & 18",SPRING GENERAL,JUSTICE OF THE SUPREME COURT,NONPARTISAN,SCATTERING,487,2
2005,APRIL,RACINE,CALEDONIA TOWN WARDS 7 - 9 & 19,SPRING GENERAL,JUSTICE OF THE SUPREME COURT,NONPARTISAN,ANN W. BRADLEY,493,493
2005,APRIL,RACINE,CALEDONIA TOWN WARDS 7 - 9 & 19,SPRING GENERAL,JUSTICE OF THE SUPREME COURT,NONPARTISAN,SCATTERING,493,0
2005,APRIL,RACINE,"CALEDONIA TOWN WARDS 10 - 12, 16 & 17",SPRING GENERAL,JUSTICE OF THE SUPREME COURT,NONPARTISAN,ANN W. BRADLEY,863,860
2005,APRIL,RACINE,"CALEDONIA TOWN WARDS 10 - 12, 16 & 17",SPRING GENERAL,JUSTICE OF THE SUPREME COURT,NONPARTISAN,SCATTERING,863,3
2005,APRIL,RACINE,CALEDONIA TOWN WARDS 13 - 15,SPRING GENERAL,JUSTICE OF THE SUPREME COURT,NONPARTISAN,ANN W. BRADLEY,351,350
2005,APRIL,RACINE,CALEDONIA TOWN WARDS 13 - 15,SPRING GENERAL,JUSTICE OF THE SUPREME COURT,NONPARTISAN,SCATTERING,351,1
2005,APRIL,RACINE,DOVER TOWN WARDS 1 - 8,SPRING GENERAL,JUSTICE OF THE SUPREME COURT,NONPARTISAN,ANN W. BRADLEY,367,366
2005,APRIL,RACINE,DOVER TOWN WARDS 1 - 8,SPRING GENERAL,JUSTICE OF THE SUPREME COURT,NONPARTISAN,SCATTERING,367,1
2005,APRIL,RACINE,NORWAY TOWN WARDS 1 - 11,SPRING GENERAL,JUSTICE OF THE SUPREME COURT,NONPARTISAN,ANN W. BRADLEY,579,575
2005,APRIL,RACINE,NORWAY TOWN WARDS 1 - 11,SPRING GENERAL,JUSTICE OF THE SUPREME COURT,NONPARTISAN,SCATTERING,579,4
2005,APRIL,RACINE,RAYMOND TOWN WARDS 1 - 5,SPRING GENERAL,JUSTICE OF THE SUPREME COURT,NONPARTISAN,ANN W. BRADLEY,700,697
2005,APRIL,RACINE,RAYMOND TOWN WARDS 1 - 5,SPRING GENERAL,JUSTICE OF THE SUPREME COURT,NONPARTISAN,SCATTERING,700,3
2005,APRIL,RACINE,ROCHESTER TOWN WARDS 1 - 5,SPRING GENERAL,JUSTICE OF THE SUPREME COURT,NONPARTISAN,ANN W. BRADLEY,340,340
2005,APRIL,RACINE,ROCHESTER TOWN WARDS 1 - 5,SPRING GENERAL,JUSTICE OF THE SUPREME COURT,NONPARTISAN,SCATTERING,340,0
2005,APRIL,RACINE,WATERFORD TOWN WARDS 1 - 10,SPRING GENERAL,JUSTICE OF THE SUPREME COURT,NONPARTISAN,ANN W. BRADLEY,752,750
2005,APRIL,RACINE,WATERFORD TOWN WARDS 1 - 10,SPRING GENERAL,JUSTICE OF THE SUPREME COURT,NONPARTISAN,SCATTERING,752,2
2005,APRIL,RACINE,YORKVILLE TOWN WARDS 1 - 5,SPRING GENERAL,JUSTICE OF THE SUPREME COURT,NONPARTISAN,ANN W. BRADLEY,161,161
2005,APRIL,RACINE,YORKVILLE TOWN WARDS 1 - 5,SPRING GENERAL,JUSTICE OF THE SUPREME COURT,NONPARTISAN,SCATTERING,161,0
2005,APRIL,RACINE,ELMWOOD PARK VILLAGE WARD 1,SPRING GENERAL,JUSTICE OF THE SUPREME COURT,NONPARTISAN,ANN W. BRADLEY,130,130
2005,APRIL,RACINE,ELMWOOD PARK VILLAGE WARD 1,SPRING GENERAL,JUSTICE OF THE SUPREME COURT,NONPARTISAN,SCATTERING,130,0
2005,APRIL,RACINE,"MOUNT PLEASANT VILLAGE WARDS 1, 16 - 18 & 20",SPRING GENERAL,JUSTICE OF THE SUPREME COURT,NONPARTISAN,ANN W. BRADLEY,546,546
2005,APRIL,RACINE,"MOUNT PLEASANT VILLAGE WARDS 1, 16 - 18 & 20",SPRING GENERAL,JUSTICE OF THE SUPREME COURT,NONPARTISAN,SCATTERING,546,0
2005,APRIL,RACINE,"MOUNT PLEASANT VILLAGE WARDS 2, 3 & 11",SPRING GENERAL,JUSTICE OF THE SUPREME COURT,NONPARTISAN,ANN W. BRADLEY,317,316
2005,APRIL,RACINE,"MOUNT PLEASANT VILLAGE WARDS 2, 3 & 11",SPRING GENERAL,JUSTICE OF THE SUPREME COURT,NONPARTISAN,SCATTERING,317,1
2005,APRIL,RACINE,MOUNT PLEASANT VILLAGE WARDS 4 - 6 & 8,SPRING GENERAL,JUSTICE OF THE SUPREME COURT,NONPARTISAN,ANN W. BRADLEY,607,606
2005,APRIL,RACINE,MOUNT PLEASANT VILLAGE WARDS 4 - 6 & 8,SPRING GENERAL,JUSTICE OF THE SUPREME COURT,NONPARTISAN,SCATTERING,607,1
2005,APRIL,RACINE,"MOUNT PLEASANT VILLAGE WARDS 7, 9, 10 & 12",SPRING GENERAL,JUSTICE OF THE SUPREME COURT,NONPARTISAN,ANN W. BRADLEY,631,631
2005,APRIL,RACINE,"MOUNT PLEASANT VILLAGE WARDS 7, 9, 10 & 12",SPRING GENERAL,JUSTICE OF THE SUPREME COURT,NONPARTISAN,SCATTERING,631,0
2005,APRIL,RACINE,MOUNT PLEASANT VILLAGE WARDS 13 - 15,SPRING GENERAL,JUSTICE OF THE SUPREME COURT,NONPARTISAN,ANN W. BRADLEY,299,299
2005,APRIL,RACINE,MOUNT PLEASANT VILLAGE WARDS 13 - 15,SPRING GENERAL,JUSTICE OF THE SUPREME COURT,NONPARTISAN,SCATTERING,299,0
2005,APRIL,RACINE,"MOUNT PLEASANT VILLAGE WARDS 19, 21 - 23",SPRING GENERAL,JUSTICE OF THE SUPREME COURT,NONPARTISAN,ANN W. BRADLEY,347,344
2005,APRIL,RACINE,"MOUNT PLEASANT VILLAGE WARDS 19, 21 - 23",SPRING GENERAL,JUSTICE OF THE SUPREME COURT,NONPARTISAN,SCATTERING,347,3
2005,APRIL,RACINE,NORTH BAY VILLAGE WARD 1,SPRING GENERAL,JUSTICE OF THE SUPREME COURT,NONPARTISAN,ANN W. BRADLEY,69,69
2005,APRIL,RACINE,NORTH BAY VILLAGE WARD 1,SPRING GENERAL,JUSTICE OF THE SUPREME COURT,NONPARTISAN,SCATTERING,69,0
2005,APRIL,RACINE,ROCHESTER VILLAGE WARDS 1 & 2,SPRING GENERAL,JUSTICE OF THE SUPREME COURT,NONPARTISAN,ANN W. BRADLEY,113,112
2005,APRIL,RACINE,ROCHESTER VILLAGE WARDS 1 & 2,SPRING GENERAL,JUSTICE OF THE SUPREME COURT,NONPARTISAN,SCATTERING,113,1
2005,APRIL,RACINE,STURTEVANT VILLAGE WARDS 1 - 6,SPRING GENERAL,JUSTICE OF THE SUPREME COURT,NONPARTISAN,ANN W. BRADLEY,251,249
2005,APRIL,RACINE,STURTEVANT VILLAGE WARDS 1 - 6,SPRING GENERAL,JUSTICE OF THE SUPREME COURT,NONPARTISAN,SCATTERING,251,2
2005,APRIL,RACINE,UNION GROVE VILLAGE WARDS 1 - 7,SPRING GENERAL,JUSTICE OF THE SUPREME COURT,NONPARTISAN,ANN W. BRADLEY,518,518
2005,APRIL,RACINE,UNION GROVE VILLAGE WARDS 1 - 7,SPRING GENERAL,JUSTICE OF THE SUPREME COURT,NONPARTISAN,SCATTERING,518,0
2005,APRIL,RACINE,WATERFORD VILLAGE WARDS 1 - 7,SPRING GENERAL,JUSTICE OF THE SUPREME COURT,NONPARTISAN,ANN W. BRADLEY,237,237
2005,APRIL,RACINE,WATERFORD VILLAGE WARDS 1 - 7,SPRING GENERAL,JUSTICE OF THE SUPREME COURT,NONPARTISAN,SCATTERING,237,0
2005,APRIL,RACINE,WIND POINT VILLAGE WARDS 1 - 3,SPRING GENERAL,JUSTICE OF THE SUPREME COURT,NONPARTISAN,ANN W. BRADLEY,378,378
2005,APRIL,RACINE,WIND POINT VILLAGE WARDS 1 - 3,SPRING GENERAL,JUSTICE OF THE SUPREME COURT,NONPARTISAN,SCATTERING,378,0
2005,APRIL,RACINE,BURLINGTON CITY WARDS 1 - 8,SPRING GENERAL,JUSTICE OF THE SUPREME COURT,NONPARTISAN,ANN W. BRADLEY,205,205
2005,APRIL,RACINE,BURLINGTON CITY WARDS 1 - 8,SPRING GENERAL,JUSTICE OF THE SUPREME COURT,NONPARTISAN,SCATTERING,205,0
2005,APRIL,RACINE,BURLINGTON CITY WARDS 9 - 16,SPRING GENERAL,JUSTICE OF THE SUPREME COURT,NONPARTISAN,ANN W. BRADLEY,313,312
2005,APRIL,RACINE,BURLINGTON CITY WARDS 9 - 16,SPRING GENERAL,JUSTICE OF THE SUPREME COURT,NONPARTISAN,SCATTERING,313,1
2005,APRIL,RACINE,RACINE CITY WARD 1,SPRING GENERAL,JUSTICE OF THE SUPREME COURT,NONPARTISAN,ANN W. BRADLEY,23,23
2005,APRIL,RACINE,RACINE CITY WARD 1,SPRING GENERAL,JUSTICE OF THE SUPREME COURT,NONPARTISAN,SCATTERING,23,0
2005,APRIL,RACINE,RACINE CITY WARD 2,SPRING GENERAL,JUSTICE OF THE SUPREME COURT,NONPARTISAN,ANN W. BRADLEY,100,100
2005,APRIL,RACINE,RACINE CITY WARD 2,SPRING GENERAL,JUSTICE OF THE SUPREME COURT,NONPARTISAN,SCATTERING,100,0
2005,APRIL,RACINE,RACINE CITY WARD 3,SPRING GENERAL,JUSTICE OF THE SUPREME COURT,NONPARTISAN,ANN W. BRADLEY,71,71
2005,APRIL,RACINE,RACINE CITY WARD 3,SPRING GENERAL,JUSTICE OF THE SUPREME COURT,NONPARTISAN,SCATTERING,71,0
2005,APRIL,RACINE,RACINE CITY WARD 4,SPRING GENERAL,JUSTICE OF THE SUPREME COURT,NONPARTISAN,ANN W. BRADLEY,31,31
2005,APRIL,RACINE,RACINE CITY WARD 4,SPRING GENERAL,JUSTICE OF THE SUPREME COURT,NONPARTISAN,SCATTERING,31,0
2005,APRIL,RACINE,RACINE CITY WARD 5,SPRING GENERAL,JUSTICE OF THE SUPREME COURT,NONPARTISAN,ANN W. BRADLEY,66,66
2005,APRIL,RACINE,RACINE CITY WARD 5,SPRING GENERAL,JUSTICE OF THE SUPREME COURT,NONPARTISAN,SCATTERING,66,0
2005,APRIL,RACINE,RACINE CITY WARD 6,SPRING GENERAL,JUSTICE OF THE SUPREME COURT,NONPARTISAN,ANN W. BRADLEY,219,214
2005,APRIL,RACINE,RACINE CITY WARD 6,SPRING GENERAL,JUSTICE OF THE SUPREME COURT,NONPARTISAN,SCATTERING,219,5
2005,APRIL,RACINE,RACINE CITY WARD 7,SPRING GENERAL,JUSTICE OF THE SUPREME COURT,NONPARTISAN,ANN W. BRADLEY,120,118
2005,APRIL,RACINE,RACINE CITY WARD 7,SPRING GENERAL,JUSTICE OF THE SUPREME COURT,NONPARTISAN,SCATTERING,120,2
2005,APRIL,RACINE,RACINE CITY WARD 8,SPRING GENERAL,JUSTICE OF THE SUPREME COURT,NONPARTISAN,ANN W. BRADLEY,138,137
2005,APRIL,RACINE,RACINE CITY WARD 8,SPRING GENERAL,JUSTICE OF THE SUPREME COURT,NONPARTISAN,SCATTERING,138,1
2005,APRIL,RACINE,RACINE CITY WARD 9,SPRING GENERAL,JUSTICE OF THE SUPREME COURT,NONPARTISAN,ANN W. BRADLEY,68,68
2005,APRIL,RACINE,RACINE CITY WARD 9,SPRING GENERAL,JUSTICE OF THE SUPREME COURT,NONPARTISAN,SCATTERING,68,0
2005,APRIL,RACINE,RACINE CITY WARD 10,SPRING GENERAL,JUSTICE OF THE SUPREME COURT,NONPARTISAN,ANN W. BRADLEY,59,59
2005,APRIL,RACINE,RACINE CITY WARD 10,SPRING GENERAL,JUSTICE OF THE SUPREME COURT,NONPARTISAN,SCATTERING,59,0
2005,APRIL,RACINE,RACINE CITY WARD 11,SPRING GENERAL,JUSTICE OF THE SUPREME COURT,NONPARTISAN,ANN W. BRADLEY,21,20
2005,APRIL,RACINE,RACINE CITY WARD 11,SPRING GENERAL,JUSTICE OF THE SUPREME COURT,NONPARTISAN,SCATTERING,21,1
2005,APRIL,RACINE,RACINE CITY WARD 12,SPRING GENERAL,JUSTICE OF THE SUPREME COURT,NONPARTISAN,ANN W. BRADLEY,89,88
2005,APRIL,RACINE,RACINE CITY WARD 12,SPRING GENERAL,JUSTICE OF THE SUPREME COURT,NONPARTISAN,SCATTERING,89,1
2005,APRIL,RACINE,RACINE CITY WARD 13,SPRING GENERAL,JUSTICE OF THE SUPREME COURT,NONPARTISAN,ANN W. BRADLEY,74,74
2005,APRIL,RACINE,RACINE CITY WARD 13,SPRING GENERAL,JUSTICE OF THE SUPREME COURT,NONPARTISAN,SCATTERING,74,0
2005,APRIL,RACINE,RACINE CITY WARD 14,SPRING GENERAL,JUSTICE OF THE SUPREME COURT,NONPARTISAN,ANN W. BRADLEY,285,280
2005,APRIL,RACINE,RACINE CITY WARD 14,SPRING GENERAL,JUSTICE OF THE SUPREME COURT,NONPARTISAN,SCATTERING,285,5
2005,APRIL,RACINE,RACINE CITY WARD 15,SPRING GENERAL,JUSTICE OF THE SUPREME COURT,NONPARTISAN,ANN W. BRADLEY,266,265
2005,APRIL,RACINE,RACINE CITY WARD 15,SPRING GENERAL,JUSTICE OF THE SUPREME COURT,NONPARTISAN,SCATTERING,266,1
2005,APRIL,RACINE,RACINE CITY WARD 16,SPRING GENERAL,JUSTICE OF THE SUPREME COURT,NONPARTISAN,ANN W. BRADLEY,165,164
2005,APRIL,RACINE,RACINE CITY WARD 16,SPRING GENERAL,JUSTICE OF THE SUPREME COURT,NONPARTISAN,SCATTERING,165,1
2005,APRIL,RACINE,RACINE CITY WARD 17,SPRING GENERAL,JUSTICE OF THE SUPREME COURT,NONPARTISAN,ANN W. BRADLEY,171,171
2005,APRIL,RACINE,RACINE CITY WARD 17,SPRING GENERAL,JUSTICE OF THE SUPREME COURT,NONPARTISAN,SCATTERING,171,0
2005,APRIL,RACINE,RACINE CITY WARD 18,SPRING GENERAL,JUSTICE OF THE SUPREME COURT,NONPARTISAN,ANN W. BRADLEY,321,319
2005,APRIL,RACINE,RACINE CITY WARD 18,SPRING GENERAL,JUSTICE OF THE SUPREME COURT,NONPARTISAN,SCATTERING,321,2
2005,APRIL,RACINE,RACINE CITY WARD 19,SPRING GENERAL,JUSTICE OF THE SUPREME COURT,NONPARTISAN,ANN W. BRADLEY,49,49
2005,APRIL,RACINE,RACINE CITY WARD 19,SPRING GENERAL,JUSTICE OF THE SUPREME COURT,NONPARTISAN,SCATTERING,49,0
2005,APRIL,RACINE,RACINE CITY WARD 20,SPRING GENERAL,JUSTICE OF THE SUPREME COURT,NONPARTISAN,ANN W. BRADLEY,22,22
2005,APRIL,RACINE,RACINE CITY WARD 20,SPRING GENERAL,JUSTICE OF THE SUPREME COURT,NONPARTISAN,SCATTERING,22,0
2005,APRIL,RACINE,RACINE CITY WARD 21,SPRING GENERAL,JUSTICE OF THE SUPREME COURT,NONPARTISAN,ANN W. BRADLEY,162,161
2005,APRIL,RACINE,RACINE CITY WARD 21,SPRING GENERAL,JUSTICE OF THE SUPREME COURT,NONPARTISAN,SCATTERING,162,1
2005,APRIL,RACINE,RACINE CITY WARD 22,SPRING GENERAL,JUSTICE OF THE SUPREME COURT,NONPARTISAN,ANN W. BRADLEY,244,243
2005,APRIL,RACINE,RACINE CITY WARD 22,SPRING GENERAL,JUSTICE OF THE SUPREME COURT,NONPARTISAN,SCATTERING,244,1
2005,APRIL,RACINE,RACINE CITY WARD 23,SPRING GENERAL,JUSTICE OF THE SUPREME COURT,NONPARTISAN,ANN W. BRADLEY,249,247
2005,APRIL,RACINE,RACINE CITY WARD 23,SPRING GENERAL,JUSTICE OF THE SUPREME COURT,NONPARTISAN,SCATTERING,249,2
2005,APRIL,RACINE,RACINE CITY WARD 24,SPRING GENERAL,JUSTICE OF THE SUPREME COURT,NONPARTISAN,ANN W. BRADLEY,208,206
2005,APRIL,RACINE,RACINE CITY WARD 24,SPRING GENERAL,JUSTICE OF THE SUPREME COURT,NONPARTISAN,SCATTERING,208,2
2005,APRIL,RACINE,RACINE CITY WARD 25,SPRING GENERAL,JUSTICE OF THE SUPREME COURT,NONPARTISAN,ANN W. BRADLEY,252,250
2005,APRIL,RACINE,RACINE CITY WARD 25,SPRING GENERAL,JUSTICE OF THE SUPREME COURT,NONPARTISAN,SCATTERING,252,2
2005,APRIL,RACINE,RACINE CITY WARD 26,SPRING GENERAL,JUSTICE OF THE SUPREME COURT,NONPARTISAN,ANN W. BRADLEY,176,176
2005,APRIL,RACINE,RACINE CITY WARD 26,SPRING GENERAL,JUSTICE OF THE SUPREME COURT,NONPARTISAN,SCATTERING,176,0
2005,APRIL,RACINE,RACINE CITY WARD 27,SPRING GENERAL,JUSTICE OF THE SUPREME COURT,NONPARTISAN,ANN W. BRADLEY,380,380
2005,APRIL,RACINE,RACINE CITY WARD 27,SPRING GENERAL,JUSTICE OF THE SUPREME COURT,NONPARTISAN,SCATTERING,380,0
2005,APRIL,RACINE,RACINE CITY WARD 28,SPRING GENERAL,JUSTICE OF THE SUPREME COURT,NONPARTISAN,ANN W. BRADLEY,338,336
2005,APRIL,RACINE,RACINE CITY WARD 28,SPRING GENERAL,JUSTICE OF THE SUPREME COURT,NONPARTISAN,SCATTERING,338,2
2005,APRIL,RACINE,RACINE CITY WARD 29,SPRING GENERAL,JUSTICE OF THE SUPREME COURT,NONPARTISAN,ANN W. BRADLEY,209,208
2005,APRIL,RACINE,RACINE CITY WARD 29,SPRING GENERAL,JUSTICE OF THE SUPREME COURT,NONPARTISAN,SCATTERING,209,1
2005,APRIL,RACINE,RACINE CITY WARD 30,SPRING GENERAL,JUSTICE OF THE SUPREME COURT,NONPARTISAN,ANN W. BRADLEY,128,126
2005,APRIL,RACINE,RACINE CITY WARD 30,SPRING GENERAL,JUSTICE OF THE SUPREME COURT,NONPARTISAN,SCATTERING,128,2
2005,APRIL,RACINE,RACINE CITY WARD 31,SPRING GENERAL,JUSTICE OF THE SUPREME COURT,NONPARTISAN,ANN W. BRADLEY,178,178
2005,APRIL,RACINE,RACINE CITY WARD 31,SPRING GENERAL,JUSTICE OF THE SUPREME COURT,NONPARTISAN,SCATTERING,178,0
2005,APRIL,RACINE,RACINE CITY WARD 32,SPRING GENERAL,JUSTICE OF THE SUPREME COURT,NONPARTISAN,ANN W. BRADLEY,125,125
2005,APRIL,RACINE,RACINE CITY WARD 32,SPRING GENERAL,JUSTICE OF THE SUPREME COURT,NONPARTISAN,SCATTERING,125,0
2005,APRIL,RACINE,RACINE CITY WARD 33,SPRING GENERAL,JUSTICE OF THE SUPREME COURT,NONPARTISAN,ANN W. BRADLEY,259,259
2005,APRIL,RACINE,RACINE CITY WARD 33,SPRING GENERAL,JUSTICE OF THE SUPREME COURT,NONPARTISAN,SCATTERING,259,0
2005,APRIL,RACINE,RACINE CITY WARD 34,SPRING GENERAL,JUSTICE OF THE SUPREME COURT,NONPARTISAN,ANN W. BRADLEY,351,351
2005,APRIL,RACINE,RACINE CITY WARD 34,SPRING GENERAL,JUSTICE OF THE SUPREME COURT,NONPARTISAN,SCATTERING,351,0
2005,APRIL,RICHLAND,AKAN TOWN WARD 1,SPRING GENERAL,JUSTICE OF THE SUPREME COURT,NONPARTISAN,ANN W. BRADLEY,103,103
2005,APRIL,RICHLAND,AKAN TOWN WARD 1,SPRING GENERAL,JUSTICE OF THE SUPREME COURT,NONPARTISAN,SCATTERING,103,0
2005,APRIL,RICHLAND,BLOOM TOWN WARD 1,SPRING GENERAL,JUSTICE OF THE SUPREME COURT,NONPARTISAN,ANN W. BRADLEY,92,92
2005,APRIL,RICHLAND,BLOOM TOWN WARD 1,SPRING GENERAL,JUSTICE OF THE SUPREME COURT,NONPARTISAN,SCATTERING,92,0
2005,APRIL,RICHLAND,BUENA VISTA TOWN WARDS 1 & 2,SPRING GENERAL,JUSTICE OF THE SUPREME COURT,NONPARTISAN,ANN W. BRADLEY,109,109
2005,APRIL,RICHLAND,BUENA VISTA TOWN WARDS 1 & 2,SPRING GENERAL,JUSTICE OF THE SUPREME COURT,NONPARTISAN,SCATTERING,109,0
2005,APRIL,RICHLAND,DAYTON TOWN WARD 1,SPRING GENERAL,JUSTICE OF THE SUPREME COURT,NONPARTISAN,ANN W. BRADLEY,38,38
2005,APRIL,RICHLAND,DAYTON TOWN WARD 1,SPRING GENERAL,JUSTICE OF THE SUPREME COURT,NONPARTISAN,SCATTERING,38,0
2005,APRIL,RICHLAND,EAGLE TOWN WARD 1,SPRING GENERAL,JUSTICE OF THE SUPREME COURT,NONPARTISAN,ANN W. BRADLEY,25,25
2005,APRIL,RICHLAND,EAGLE TOWN WARD 1,SPRING GENERAL,JUSTICE OF THE SUPREME COURT,NONPARTISAN,SCATTERING,25,0
2005,APRIL,RICHLAND,FOREST TOWN WARD 1,SPRING GENERAL,JUSTICE OF THE SUPREME COURT,NONPARTISAN,ANN W. BRADLEY,90,90
2005,APRIL,RICHLAND,FOREST TOWN WARD 1,SPRING GENERAL,JUSTICE OF THE SUPREME COURT,NONPARTISAN,SCATTERING,90,0
2005,APRIL,RICHLAND,HENRIETTA TOWN WARD 1,SPRING GENERAL,JUSTICE OF THE SUPREME COURT,NONPARTISAN,ANN W. BRADLEY,39,39
2005,APRIL,RICHLAND,HENRIETTA TOWN WARD 1,SPRING GENERAL,JUSTICE OF THE SUPREME COURT,NONPARTISAN,SCATTERING,39,0
2005,APRIL,RICHLAND,ITHACA TOWN WARD 1,SPRING GENERAL,JUSTICE OF THE SUPREME COURT,NONPARTISAN,ANN W. BRADLEY,49,49
2005,APRIL,RICHLAND,ITHACA TOWN WARD 1,SPRING GENERAL,JUSTICE OF THE SUPREME COURT,NONPARTISAN,SCATTERING,49,0
2005,APRIL,RICHLAND,MARSHALL TOWN WARD 1,SPRING GENERAL,JUSTICE OF THE SUPREME COURT,NONPARTISAN,ANN W. BRADLEY,61,61
2005,APRIL,RICHLAND,MARSHALL TOWN WARD 1,SPRING GENERAL,JUSTICE OF THE SUPREME COURT,NONPARTISAN,SCATTERING,61,0
2005,APRIL,RICHLAND,ORION TOWN WARD 1,SPRING GENERAL,JUSTICE OF THE SUPREME COURT,NONPARTISAN,ANN W. BRADLEY,45,45
2005,APRIL,RICHLAND,ORION TOWN WARD 1,SPRING GENERAL,JUSTICE OF THE SUPREME COURT,NONPARTISAN,SCATTERING,45,0
2005,APRIL,RICHLAND,RICHLAND TOWN WARDS 1 - 4,SPRING GENERAL,JUSTICE OF THE SUPREME COURT,NONPARTISAN,ANN W. BRADLEY,75,72
2005,APRIL,RICHLAND,RICHLAND TOWN WARDS 1 - 4,SPRING GENERAL,JUSTICE OF THE SUPREME COURT,NONPARTISAN,SCATTERING,75,3
2005,APRIL,RICHLAND,RICHWOOD TOWN WARDS 1 & 2,SPRING GENERAL,JUSTICE OF THE SUPREME COURT,NONPARTISAN,ANN W. BRADLEY,26,26
2005,APRIL,RICHLAND,RICHWOOD TOWN WARDS 1 & 2,SPRING GENERAL,JUSTICE OF THE SUPREME COURT,NONPARTISAN,SCATTERING,26,0
2005,APRIL,RICHLAND,ROCKBRIDGE TOWN WARDS 1 - 3,SPRING GENERAL,JUSTICE OF THE SUPREME COURT,NONPARTISAN,ANN W. BRADLEY,59,58
2005,APRIL,RICHLAND,ROCKBRIDGE TOWN WARDS 1 - 3,SPRING GENERAL,JUSTICE OF THE SUPREME COURT,NONPARTISAN,SCATTERING,59,1
2005,APRIL,RICHLAND,SYLVAN TOWN WARDS 1 - 4,SPRING GENERAL,JUSTICE OF THE SUPREME COURT,NONPARTISAN,ANN W. BRADLEY,64,63
2005,APRIL,RICHLAND,SYLVAN TOWN WARDS 1 - 4,SPRING GENERAL,JUSTICE OF THE SUPREME COURT,NONPARTISAN,SCATTERING,64,1
2005,APRIL,RICHLAND,WESTFORD TOWN WARDS 1 & 2,SPRING GENERAL,JUSTICE OF THE SUPREME COURT,NONPARTISAN,ANN W. BRADLEY,122,122
2005,APRIL,RICHLAND,WESTFORD TOWN WARDS 1 & 2,SPRING GENERAL,JUSTICE OF THE SUPREME COURT,NONPARTISAN,SCATTERING,122,0
2005,APRIL,RICHLAND,WILLOW TOWN WARD 1,SPRING GENERAL,JUSTICE OF THE SUPREME COURT,NONPARTISAN,ANN W. BRADLEY,61,61
2005,APRIL,RICHLAND,WILLOW TOWN WARD 1,SPRING GENERAL,JUSTICE OF THE SUPREME COURT,NONPARTISAN,SCATTERING,61,0
2005,APRIL,RICHLAND,BOAZ VILLAGE WARD 1,SPRING GENERAL,JUSTICE OF THE SUPREME COURT,NONPARTISAN,ANN W. BRADLEY,23,23
2005,APRIL,RICHLAND,BOAZ VILLAGE WARD 1,SPRING GENERAL,JUSTICE OF THE SUPREME COURT,NONPARTISAN,SCATTERING,23,0
2005,APRIL,RICHLAND,CAZENOVIA VILLAGE WARD 1,SPRING GENERAL,JUSTICE OF THE SUPREME COURT,NONPARTISAN,ANN W. BRADLEY,58,58
2005,APRIL,RICHLAND,CAZENOVIA VILLAGE WARD 1,SPRING GENERAL,JUSTICE OF THE SUPREME COURT,NONPARTISAN,SCATTERING,58,0
2005,APRIL,RICHLAND,LONE ROCK VILLAGE WARDS 1 & 2,SPRING GENERAL,JUSTICE OF THE SUPREME COURT,NONPARTISAN,ANN W. BRADLEY,150,150
2005,APRIL,RICHLAND,LONE ROCK VILLAGE WARDS 1 & 2,SPRING GENERAL,JUSTICE OF THE SUPREME COURT,NONPARTISAN,SCATTERING,150,0
2005,APRIL,RICHLAND,VIOLA VILLAGE WARD 2,SPRING GENERAL,JUSTICE OF THE SUPREME COURT,NONPARTISAN,ANN W. BRADLEY,128,128
2005,APRIL,RICHLAND,VIOLA VILLAGE WARD 2,SPRING GENERAL,JUSTICE OF THE SUPREME COURT,NONPARTISAN,SCATTERING,128,0
2005,APRIL,RICHLAND,YUBA VILLAGE WARD 1,SPRING GENERAL,JUSTICE OF THE SUPREME COURT,NONPARTISAN,ANN W. BRADLEY,19,19
2005,APRIL,RICHLAND,YUBA VILLAGE WARD 1,SPRING GENERAL,JUSTICE OF THE SUPREME COURT,NONPARTISAN,SCATTERING,19,0
2005,APRIL,RICHLAND,RICHLAND CENTER CITY WARD 1,SPRING GENERAL,JUSTICE OF THE SUPREME COURT,NONPARTISAN,ANN W. BRADLEY,41,41
2005,APRIL,RICHLAND,RICHLAND CENTER CITY WARD 1,SPRING GENERAL,JUSTICE OF THE SUPREME COURT,NONPARTISAN,SCATTERING,41,0
2005,APRIL,RICHLAND,RICHLAND CENTER CITY WARD 2,SPRING GENERAL,JUSTICE OF THE SUPREME COURT,NONPARTISAN,ANN W. BRADLEY,21,21
2005,APRIL,RICHLAND,RICHLAND CENTER CITY WARD 2,SPRING GENERAL,JUSTICE OF THE SUPREME COURT,NONPARTISAN,SCATTERING,21,0
2005,APRIL,RICHLAND,RICHLAND CENTER CITY WARD 3,SPRING GENERAL,JUSTICE OF THE SUPREME COURT,NONPARTISAN,ANN W. BRADLEY,20,20
2005,APRIL,RICHLAND,RICHLAND CENTER CITY WARD 3,SPRING GENERAL,JUSTICE OF THE SUPREME COURT,NONPARTISAN,SCATTERING,20,0
2005,APRIL,RICHLAND,RICHLAND CENTER CITY WARD 4,SPRING GENERAL,JUSTICE OF THE SUPREME COURT,NONPARTISAN,ANN W. BRADLEY,19,19
2005,APRIL,RICHLAND,RICHLAND CENTER CITY WARD 4,SPRING GENERAL,JUSTICE OF THE SUPREME COURT,NONPARTISAN,SCATTERING,19,0
2005,APRIL,RICHLAND,RICHLAND CENTER CITY WARD 5,SPRING GENERAL,JUSTICE OF THE SUPREME COURT,NONPARTISAN,ANN W. BRADLEY,35,34
2005,APRIL,RICHLAND,RICHLAND CENTER CITY WARD 5,SPRING GENERAL,JUSTICE OF THE SUPREME COURT,NONPARTISAN,SCATTERING,35,1
2005,APRIL,RICHLAND,RICHLAND CENTER CITY WARD 6,SPRING GENERAL,JUSTICE OF THE SUPREME COURT,NONPARTISAN,ANN W. BRADLEY,23,23
2005,APRIL,RICHLAND,RICHLAND CENTER CITY WARD 6,SPRING GENERAL,JUSTICE OF THE SUPREME COURT,NONPARTISAN,SCATTERING,23,0
2005,APRIL,RICHLAND,RICHLAND CENTER CITY WARD 7,SPRING GENERAL,JUSTICE OF THE SUPREME COURT,NONPARTISAN,ANN W. BRADLEY,26,24
2005,APRIL,RICHLAND,RICHLAND CENTER CITY WARD 7,SPRING GENERAL,JUSTICE OF THE SUPREME COURT,NONPARTISAN,SCATTERING,26,2
2005,APRIL,RICHLAND,RICHLAND CENTER CITY WARD 8,SPRING GENERAL,JUSTICE OF THE SUPREME COURT,NONPARTISAN,ANN W. BRADLEY,35,35
2005,APRIL,RICHLAND,RICHLAND CENTER CITY WARD 8,SPRING GENERAL,JUSTICE OF THE SUPREME COURT,NONPARTISAN,SCATTERING,35,0
2005,APRIL,RICHLAND,RICHLAND CENTER CITY WARD 9,SPRING GENERAL,JUSTICE OF THE SUPREME COURT,NONPARTISAN,ANN W. BRADLEY,28,26
2005,APRIL,RICHLAND,RICHLAND CENTER CITY WARD 9,SPRING GENERAL,JUSTICE OF THE SUPREME COURT,NONPARTISAN,SCATTERING,28,2
2005,APRIL,RICHLAND,RICHLAND CENTER CITY WARD 10,SPRING GENERAL,JUSTICE OF THE SUPREME COURT,NONPARTISAN,ANN W. BRADLEY,26,26
2005,APRIL,RICHLAND,RICHLAND CENTER CITY WARD 10,SPRING GENERAL,JUSTICE OF THE SUPREME COURT,NONPARTISAN,SCATTERING,26,0
2005,APRIL,RICHLAND,RICHLAND CENTER CITY WARD 11,SPRING GENERAL,JUSTICE OF THE SUPREME COURT,NONPARTISAN,ANN W. BRADLEY,45,45
2005,APRIL,RICHLAND,RICHLAND CENTER CITY WARD 11,SPRING GENERAL,JUSTICE OF THE SUPREME COURT,NONPARTISAN,SCATTERING,45,0
2005,APRIL,RICHLAND,RICHLAND CENTER CITY WARD 12,SPRING GENERAL,JUSTICE OF THE SUPREME COURT,NONPARTISAN,ANN W. BRADLEY,31,31
2005,APRIL,RICHLAND,RICHLAND CENTER CITY WARD 12,SPRING GENERAL,JUSTICE OF THE SUPREME COURT,NONPARTISAN,SCATTERING,31,0
2005,APRIL,ROCK,AVON TOWN WARD 1,SPRING GENERAL,JUSTICE OF THE SUPREME COURT,NONPARTISAN,ANN W. BRADLEY,41,41
2005,APRIL,ROCK,AVON TOWN WARD 1,SPRING GENERAL,JUSTICE OF THE SUPREME COURT,NONPARTISAN,SCATTERING,41,0
2005,APRIL,ROCK,BELOIT TOWN WARDS 1 - 3,SPRING GENERAL,JUSTICE OF THE SUPREME COURT,NONPARTISAN,ANN W. BRADLEY,65,65
2005,APRIL,ROCK,BELOIT TOWN WARDS 1 - 3,SPRING GENERAL,JUSTICE OF THE SUPREME COURT,NONPARTISAN,SCATTERING,65,0
2005,APRIL,ROCK,BELOIT TOWN WARDS 4 & 5,SPRING GENERAL,JUSTICE OF THE SUPREME COURT,NONPARTISAN,ANN W. BRADLEY,83,81
2005,APRIL,ROCK,BELOIT TOWN WARDS 4 & 5,SPRING GENERAL,JUSTICE OF THE SUPREME COURT,NONPARTISAN,SCATTERING,83,2
2005,APRIL,ROCK,BELOIT TOWN WARDS 6 - 9,SPRING GENERAL,JUSTICE OF THE SUPREME COURT,NONPARTISAN,ANN W. BRADLEY,154,153
2005,APRIL,ROCK,BELOIT TOWN WARDS 6 - 9,SPRING GENERAL,JUSTICE OF THE SUPREME COURT,NONPARTISAN,SCATTERING,154,1
2005,APRIL,ROCK,BRADFORD TOWN WARD 1,SPRING GENERAL,JUSTICE OF THE SUPREME COURT,NONPARTISAN,ANN W. BRADLEY,71,70
2005,APRIL,ROCK,BRADFORD TOWN WARD 1,SPRING GENERAL,JUSTICE OF THE SUPREME COURT,NONPARTISAN,SCATTERING,71,1
2005,APRIL,ROCK,CENTER TOWN WARD 1,SPRING GENERAL,JUSTICE OF THE SUPREME COURT,NONPARTISAN,ANN W. BRADLEY,216,215
2005,APRIL,ROCK,CENTER TOWN WARD 1,SPRING GENERAL,JUSTICE OF THE SUPREME COURT,NONPARTISAN,SCATTERING,216,1
2005,APRIL,ROCK,CLINTON TOWN WARD 1,SPRING GENERAL,JUSTICE OF THE SUPREME COURT,NONPARTISAN,ANN W. BRADLEY,153,153
2005,APRIL,ROCK,CLINTON TOWN WARD 1,SPRING GENERAL,JUSTICE OF THE SUPREME COURT,NONPARTISAN,SCATTERING,153,0
2005,APRIL,ROCK,FULTON TOWN WARDS 1 - 4,SPRING GENERAL,JUSTICE OF THE SUPREME COURT,NONPARTISAN,ANN W. BRADLEY,280,278
2005,APRIL,ROCK,FULTON TOWN WARDS 1 - 4,SPRING GENERAL,JUSTICE OF THE SUPREME COURT,NONPARTISAN,SCATTERING,280,2
2005,APRIL,ROCK,HARMONY TOWN WARDS 1 - 5,SPRING GENERAL,JUSTICE OF THE SUPREME COURT,NONPARTISAN,ANN W. BRADLEY,118,118
2005,APRIL,ROCK,HARMONY TOWN WARDS 1 - 5,SPRING GENERAL,JUSTICE OF THE SUPREME COURT,NONPARTISAN,SCATTERING,118,0
2005,APRIL,ROCK,JANESVILLE TOWN WARDS 1 - 6,SPRING GENERAL,JUSTICE OF THE SUPREME COURT,NONPARTISAN,ANN W. BRADLEY,465,460
2005,APRIL,ROCK,JANESVILLE TOWN WARDS 1 - 6,SPRING GENERAL,JUSTICE OF THE SUPREME COURT,NONPARTISAN,SCATTERING,465,5
2005,APRIL,ROCK,JOHNSTOWN TOWN WARD 1,SPRING GENERAL,JUSTICE OF THE SUPREME COURT,NONPARTISAN,ANN W. BRADLEY,59,59
2005,APRIL,ROCK,JOHNSTOWN TOWN WARD 1,SPRING GENERAL,JUSTICE OF THE SUPREME COURT,NONPARTISAN,SCATTERING,59,0
2005,APRIL,ROCK,LA PRAIRIE TOWN WARDS 1 & 2,SPRING GENERAL,JUSTICE OF THE SUPREME COURT,NONPARTISAN,ANN W. BRADLEY,63,62
2005,APRIL,ROCK,LA PRAIRIE TOWN WARDS 1 & 2,SPRING GENERAL,JUSTICE OF THE SUPREME COURT,NONPARTISAN,SCATTERING,63,1
2005,APRIL,ROCK,LIMA TOWN WARDS 1 & 2,SPRING GENERAL,JUSTICE OF THE SUPREME COURT,NONPARTISAN,ANN W. BRADLEY,82,82
2005,APRIL,ROCK,LIMA TOWN WARDS 1 & 2,SPRING GENERAL,JUSTICE OF THE SUPREME COURT,NONPARTISAN,SCATTERING,82,0
2005,APRIL,ROCK,MAGNOLIA TOWN WARD 1,SPRING GENERAL,JUSTICE OF THE SUPREME COURT,NONPARTISAN,ANN W. BRADLEY,180,179
2005,APRIL,ROCK,MAGNOLIA TOWN WARD 1,SPRING GENERAL,JUSTICE OF THE SUPREME COURT,NONPARTISAN,SCATTERING,180,1
2005,APRIL,ROCK,MILTON TOWN WARDS 1 - 5,SPRING GENERAL,JUSTICE OF THE SUPREME COURT,NONPARTISAN,ANN W. BRADLEY,385,384
2005,APRIL,ROCK,MILTON TOWN WARDS 1 - 5,SPRING GENERAL,JUSTICE OF THE SUPREME COURT,NONPARTISAN,SCATTERING,385,1
2005,APRIL,ROCK,NEWARK TOWN WARDS 1 & 2,SPRING GENERAL,JUSTICE OF THE SUPREME COURT,NONPARTISAN,ANN W. BRADLEY,164,164
2005,APRIL,ROCK,NEWARK TOWN WARDS 1 & 2,SPRING GENERAL,JUSTICE OF THE SUPREME COURT,NONPARTISAN,SCATTERING,164,0
2005,APRIL,ROCK,PLYMOUTH TOWN WARDS 1 & 2,SPRING GENERAL,JUSTICE OF THE SUPREME COURT,NONPARTISAN,ANN W. BRADLEY,60,60
2005,APRIL,ROCK,PLYMOUTH TOWN WARDS 1 & 2,SPRING GENERAL,JUSTICE OF THE SUPREME COURT,NONPARTISAN,SCATTERING,60,0
2005,APRIL,ROCK,PORTER TOWN WARD 1,SPRING GENERAL,JUSTICE OF THE SUPREME COURT,NONPARTISAN,ANN W. BRADLEY,70,70
2005,APRIL,ROCK,PORTER TOWN WARD 1,SPRING GENERAL,JUSTICE OF THE SUPREME COURT,NONPARTISAN,SCATTERING,70,0
2005,APRIL,ROCK,ROCK TOWN WARDS 1 - 7,SPRING GENERAL,JUSTICE OF THE SUPREME COURT,NONPARTISAN,ANN W. BRADLEY,121,119
2005,APRIL,ROCK,ROCK TOWN WARDS 1 - 7,SPRING GENERAL,JUSTICE OF THE SUPREME COURT,NONPARTISAN,SCATTERING,121,2
2005,APRIL,ROCK,SPRING VALLEY TOWN WARD 1,SPRING GENERAL,JUSTICE OF THE SUPREME COURT,NONPARTISAN,ANN W. BRADLEY,47,47
2005,APRIL,ROCK,SPRING VALLEY TOWN WARD 1,SPRING GENERAL,JUSTICE OF THE SUPREME COURT,NONPARTISAN,SCATTERING,47,0
2005,APRIL,ROCK,TURTLE TOWN WARDS 1 - 4,SPRING GENERAL,JUSTICE OF THE SUPREME COURT,NONPARTISAN,ANN W. BRADLEY,455,452
2005,APRIL,ROCK,TURTLE TOWN WARDS 1 - 4,SPRING GENERAL,JUSTICE OF THE SUPREME COURT,NONPARTISAN,SCATTERING,455,3
2005,APRIL,ROCK,UNION TOWN WARDS 1 & 2,SPRING GENERAL,JUSTICE OF THE SUPREME COURT,NONPARTISAN,ANN W. BRADLEY,124,124
2005,APRIL,ROCK,UNION TOWN WARDS 1 & 2,SPRING GENERAL,JUSTICE OF THE SUPREME COURT,NONPARTISAN,SCATTERING,124,0
2005,APRIL,ROCK,CLINTON VILLAGE WARDS 1 - 3,SPRING GENERAL,JUSTICE OF THE SUPREME COURT,NONPARTISAN,ANN W. BRADLEY,317,313
2005,APRIL,ROCK,CLINTON VILLAGE WARDS 1 - 3,SPRING GENERAL,JUSTICE OF THE SUPREME COURT,NONPARTISAN,SCATTERING,317,4
2005,APRIL,ROCK,FOOTVILLE VILLAGE WARD 1,SPRING GENERAL,JUSTICE OF THE SUPREME COURT,NONPARTISAN,ANN W. BRADLEY,71,71
2005,APRIL,ROCK,FOOTVILLE VILLAGE WARD 1,SPRING GENERAL,JUSTICE OF THE SUPREME COURT,NONPARTISAN,SCATTERING,71,0
2005,APRIL,ROCK,ORFORDVILLE VILLAGE WARDS 1 & 2,SPRING GENERAL,JUSTICE OF THE SUPREME COURT,NONPARTISAN,ANN W. BRADLEY,113,112
2005,APRIL,ROCK,ORFORDVILLE VILLAGE WARDS 1 & 2,SPRING GENERAL,JUSTICE OF THE SUPREME COURT,NONPARTISAN,SCATTERING,113,1
2005,APRIL,ROCK,BELOIT CITY WARD 1,SPRING GENERAL,JUSTICE OF THE SUPREME COURT,NONPARTISAN,ANN W. BRADLEY,69,69
2005,APRIL,ROCK,BELOIT CITY WARD 1,SPRING GENERAL,JUSTICE OF THE SUPREME COURT,NONPARTISAN,SCATTERING,69,0
2005,APRIL,ROCK,BELOIT CITY WARD 2,SPRING GENERAL,JUSTICE OF THE SUPREME COURT,NONPARTISAN,ANN W. BRADLEY,112,111
2005,APRIL,ROCK,BELOIT CITY WARD 2,SPRING GENERAL,JUSTICE OF THE SUPREME COURT,NONPARTISAN,SCATTERING,112,1
2005,APRIL,ROCK,BELOIT CITY WARD 3,SPRING GENERAL,JUSTICE OF THE SUPREME COURT,NONPARTISAN,ANN W. BRADLEY,83,83
2005,APRIL,ROCK,BELOIT CITY WARD 3,SPRING GENERAL,JUSTICE OF THE SUPREME COURT,NONPARTISAN,SCATTERING,83,0
2005,APRIL,ROCK,BELOIT CITY WARD 4,SPRING GENERAL,JUSTICE OF THE SUPREME COURT,NONPARTISAN,ANN W. BRADLEY,92,92
2005,APRIL,ROCK,BELOIT CITY WARD 4,SPRING GENERAL,JUSTICE OF THE SUPREME COURT,NONPARTISAN,SCATTERING,92,0
2005,APRIL,ROCK,BELOIT CITY WARD 5,SPRING GENERAL,JUSTICE OF THE SUPREME COURT,NONPARTISAN,ANN W. BRADLEY,136,135
2005,APRIL,ROCK,BELOIT CITY WARD 5,SPRING GENERAL,JUSTICE OF THE SUPREME COURT,NONPARTISAN,SCATTERING,136,1
2005,APRIL,ROCK,BELOIT CITY WARD 6,SPRING GENERAL,JUSTICE OF THE SUPREME COURT,NONPARTISAN,ANN W. BRADLEY,64,64
2005,APRIL,ROCK,BELOIT CITY WARD 6,SPRING GENERAL,JUSTICE OF THE SUPREME COURT,NONPARTISAN,SCATTERING,64,0
2005,APRIL,ROCK,BELOIT CITY WARD 7,SPRING GENERAL,JUSTICE OF THE SUPREME COURT,NONPARTISAN,ANN W. BRADLEY,83,83
2005,APRIL,ROCK,BELOIT CITY WARD 7,SPRING GENERAL,JUSTICE OF THE SUPREME COURT,NONPARTISAN,SCATTERING,83,0
2005,APRIL,ROCK,BELOIT CITY WARD 8,SPRING GENERAL,JUSTICE OF THE SUPREME COURT,NONPARTISAN,ANN W. BRADLEY,61,60
2005,APRIL,ROCK,BELOIT CITY WARD 8,SPRING GENERAL,JUSTICE OF THE SUPREME COURT,NONPARTISAN,SCATTERING,61,1
2005,APRIL,ROCK,BELOIT CITY WARD 9,SPRING GENERAL,JUSTICE OF THE SUPREME COURT,NONPARTISAN,ANN W. BRADLEY,42,41
2005,APRIL,ROCK,BELOIT CITY WARD 9,SPRING GENERAL,JUSTICE OF THE SUPREME COURT,NONPARTISAN,SCATTERING,42,1
2005,APRIL,ROCK,BELOIT CITY WARD 10,SPRING GENERAL,JUSTICE OF THE SUPREME COURT,NONPARTISAN,ANN W. BRADLEY,57,57
2005,APRIL,ROCK,BELOIT CITY WARD 10,SPRING GENERAL,JUSTICE OF THE SUPREME COURT,NONPARTISAN,SCATTERING,57,0
2005,APRIL,ROCK,BELOIT CITY WARD 11,SPRING GENERAL,JUSTICE OF THE SUPREME COURT,NONPARTISAN,ANN W. BRADLEY,25,24
2005,APRIL,ROCK,BELOIT CITY WARD 11,SPRING GENERAL,JUSTICE OF THE SUPREME COURT,NONPARTISAN,SCATTERING,25,1
2005,APRIL,ROCK,BELOIT CITY WARD 12,SPRING GENERAL,JUSTICE OF THE SUPREME COURT,NONPARTISAN,ANN W. BRADLEY,50,49
2005,APRIL,ROCK,BELOIT CITY WARD 12,SPRING GENERAL,JUSTICE OF THE SUPREME COURT,NONPARTISAN,SCATTERING,50,1
2005,APRIL,ROCK,BELOIT CITY WARD 13,SPRING GENERAL,JUSTICE OF THE SUPREME COURT,NONPARTISAN,ANN W. BRADLEY,74,74
2005,APRIL,ROCK,BELOIT CITY WARD 13,SPRING GENERAL,JUSTICE OF THE SUPREME COURT,NONPARTISAN,SCATTERING,74,0
2005,APRIL,ROCK,BELOIT CITY WARD 14,SPRING GENERAL,JUSTICE OF THE SUPREME COURT,NONPARTISAN,ANN W. BRADLEY,43,43
2005,APRIL,ROCK,BELOIT CITY WARD 14,SPRING GENERAL,JUSTICE OF THE SUPREME COURT,NONPARTISAN,SCATTERING,43,0
2005,APRIL,ROCK,BELOIT CITY WARD 15,SPRING GENERAL,JUSTICE OF THE SUPREME COURT,NONPARTISAN,ANN W. BRADLEY,109,106
2005,APRIL,ROCK,BELOIT CITY WARD 15,SPRING GENERAL,JUSTICE OF THE SUPREME COURT,NONPARTISAN,SCATTERING,109,3
2005,APRIL,ROCK,BELOIT CITY WARD 16,SPRING GENERAL,JUSTICE OF THE SUPREME COURT,NONPARTISAN,ANN W. BRADLEY,78,77
2005,APRIL,ROCK,BELOIT CITY WARD 16,SPRING GENERAL,JUSTICE OF THE SUPREME COURT,NONPARTISAN,SCATTERING,78,1
2005,APRIL,ROCK,BELOIT CITY WARD 17,SPRING GENERAL,JUSTICE OF THE SUPREME COURT,NONPARTISAN,ANN W. BRADLEY,62,62
2005,APRIL,ROCK,BELOIT CITY WARD 17,SPRING GENERAL,JUSTICE OF THE SUPREME COURT,NONPARTISAN,SCATTERING,62,0
2005,APRIL,ROCK,BELOIT CITY WARD 18,SPRING GENERAL,JUSTICE OF THE SUPREME COURT,NONPARTISAN,ANN W. BRADLEY,86,84
2005,APRIL,ROCK,BELOIT CITY WARD 18,SPRING GENERAL,JUSTICE OF THE SUPREME COURT,NONPARTISAN,SCATTERING,86,2
2005,APRIL,ROCK,BELOIT CITY WARD 19,SPRING GENERAL,JUSTICE OF THE SUPREME COURT,NONPARTISAN,ANN W. BRADLEY,96,95
2005,APRIL,ROCK,BELOIT CITY WARD 19,SPRING GENERAL,JUSTICE OF THE SUPREME COURT,NONPARTISAN,SCATTERING,96,1
2005,APRIL,ROCK,BELOIT CITY WARD 20,SPRING GENERAL,JUSTICE OF THE SUPREME COURT,NONPARTISAN,ANN W. BRADLEY,159,159
2005,APRIL,ROCK,BELOIT CITY WARD 20,SPRING GENERAL,JUSTICE OF THE SUPREME COURT,NONPARTISAN,SCATTERING,159,0
2005,APRIL,ROCK,BELOIT CITY WARD 21,SPRING GENERAL,JUSTICE OF THE SUPREME COURT,NONPARTISAN,ANN W. BRADLEY,82,82
2005,APRIL,ROCK,BELOIT CITY WARD 21,SPRING GENERAL,JUSTICE OF THE SUPREME COURT,NONPARTISAN,SCATTERING,82,0
2005,APRIL,ROCK,BELOIT CITY WARD 22,SPRING GENERAL,JUSTICE OF THE SUPREME COURT,NONPARTISAN,ANN W. BRADLEY,172,170
2005,APRIL,ROCK,BELOIT CITY WARD 22,SPRING GENERAL,JUSTICE OF THE SUPREME COURT,NONPARTISAN,SCATTERING,172,2
2005,APRIL,ROCK,BELOIT CITY WARD 23,SPRING GENERAL,JUSTICE OF THE SUPREME COURT,NONPARTISAN,ANN W. BRADLEY,265,263
2005,APRIL,ROCK,BELOIT CITY WARD 23,SPRING GENERAL,JUSTICE OF THE SUPREME COURT,NONPARTISAN,SCATTERING,265,2
2005,APRIL,ROCK,BELOIT CITY WARD 24,SPRING GENERAL,JUSTICE OF THE SUPREME COURT,NONPARTISAN,ANN W. BRADLEY,70,70
2005,APRIL,ROCK,BELOIT CITY WARD 24,SPRING GENERAL,JUSTICE OF THE SUPREME COURT,NONPARTISAN,SCATTERING,70,0
2005,APRIL,ROCK,BRODHEAD CITY WARD 7,SPRING GENERAL,JUSTICE OF THE SUPREME COURT,NONPARTISAN,ANN W. BRADLEY,0,0
2005,APRIL,ROCK,BRODHEAD CITY WARD 7,SPRING GENERAL,JUSTICE OF THE SUPREME COURT,NONPARTISAN,SCATTERING,0,0
2005,APRIL,ROCK,EDGERTON CITY WARDS 1 - 6,SPRING GENERAL,JUSTICE OF THE SUPREME COURT,NONPARTISAN,ANN W. BRADLEY,345,345
2005,APRIL,ROCK,EDGERTON CITY WARDS 1 - 6,SPRING GENERAL,JUSTICE OF THE SUPREME COURT,NONPARTISAN,SCATTERING,345,0
2005,APRIL,ROCK,EVANSVILLE CITY WARDS 1 - 8,SPRING GENERAL,JUSTICE OF THE SUPREME COURT,NONPARTISAN,ANN W. BRADLEY,300,299
2005,APRIL,ROCK,EVANSVILLE CITY WARDS 1 - 8,SPRING GENERAL,JUSTICE OF THE SUPREME COURT,NONPARTISAN,SCATTERING,300,1
2005,APRIL,ROCK,JANESVILLE CITY WARD 1,SPRING GENERAL,JUSTICE OF THE SUPREME COURT,NONPARTISAN,ANN W. BRADLEY,285,283
2005,APRIL,ROCK,JANESVILLE CITY WARD 1,SPRING GENERAL,JUSTICE OF THE SUPREME COURT,NONPARTISAN,SCATTERING,285,2
2005,APRIL,ROCK,JANESVILLE CITY WARD 2,SPRING GENERAL,JUSTICE OF THE SUPREME COURT,NONPARTISAN,ANN W. BRADLEY,172,172
2005,APRIL,ROCK,JANESVILLE CITY WARD 2,SPRING GENERAL,JUSTICE OF THE SUPREME COURT,NONPARTISAN,SCATTERING,172,0
2005,APRIL,ROCK,JANESVILLE CITY WARD 3,SPRING GENERAL,JUSTICE OF THE SUPREME COURT,NONPARTISAN,ANN W. BRADLEY,167,165
2005,APRIL,ROCK,JANESVILLE CITY WARD 3,SPRING GENERAL,JUSTICE OF THE SUPREME COURT,NONPARTISAN,SCATTERING,167,2
2005,APRIL,ROCK,JANESVILLE CITY WARD 4,SPRING GENERAL,JUSTICE OF THE SUPREME COURT,NONPARTISAN,ANN W. BRADLEY,190,190
2005,APRIL,ROCK,JANESVILLE CITY WARD 4,SPRING GENERAL,JUSTICE OF THE SUPREME COURT,NONPARTISAN,SCATTERING,190,0
2005,APRIL,ROCK,JANESVILLE CITY WARD 5,SPRING GENERAL,JUSTICE OF THE SUPREME COURT,NONPARTISAN,ANN W. BRADLEY,257,257
2005,APRIL,ROCK,JANESVILLE CITY WARD 5,SPRING GENERAL,JUSTICE OF THE SUPREME COURT,NONPARTISAN,SCATTERING,257,0
2005,APRIL,ROCK,JANESVILLE CITY WARD 6,SPRING GENERAL,JUSTICE OF THE SUPREME COURT,NONPARTISAN,ANN W. BRADLEY,231,229
2005,APRIL,ROCK,JANESVILLE CITY WARD 6,SPRING GENERAL,JUSTICE OF THE SUPREME COURT,NONPARTISAN,SCATTERING,231,2
2005,APRIL,ROCK,JANESVILLE CITY WARD 7,SPRING GENERAL,JUSTICE OF THE SUPREME COURT,NONPARTISAN,ANN W. BRADLEY,349,344
2005,APRIL,ROCK,JANESVILLE CITY WARD 7,SPRING GENERAL,JUSTICE OF THE SUPREME COURT,NONPARTISAN,SCATTERING,349,5
2005,APRIL,ROCK,JANESVILLE CITY WARD 8,SPRING GENERAL,JUSTICE OF THE SUPREME COURT,NONPARTISAN,ANN W. BRADLEY,241,241
2005,APRIL,ROCK,JANESVILLE CITY WARD 8,SPRING GENERAL,JUSTICE OF THE SUPREME COURT,NONPARTISAN,SCATTERING,241,0
2005,APRIL,ROCK,JANESVILLE CITY WARD 9,SPRING GENERAL,JUSTICE OF THE SUPREME COURT,NONPARTISAN,ANN W. BRADLEY,107,107
2005,APRIL,ROCK,JANESVILLE CITY WARD 9,SPRING GENERAL,JUSTICE OF THE SUPREME COURT,NONPARTISAN,SCATTERING,107,0
2005,APRIL,ROCK,JANESVILLE CITY WARD 10,SPRING GENERAL,JUSTICE OF THE SUPREME COURT,NONPARTISAN,ANN W. BRADLEY,320,319
2005,APRIL,ROCK,JANESVILLE CITY WARD 10,SPRING GENERAL,JUSTICE OF THE SUPREME COURT,NONPARTISAN,SCATTERING,320,1
2005,APRIL,ROCK,JANESVILLE CITY WARD 11,SPRING GENERAL,JUSTICE OF THE SUPREME COURT,NONPARTISAN,ANN W. BRADLEY,296,296
2005,APRIL,ROCK,JANESVILLE CITY WARD 11,SPRING GENERAL,JUSTICE OF THE SUPREME COURT,NONPARTISAN,SCATTERING,296,0
2005,APRIL,ROCK,JANESVILLE CITY WARD 12,SPRING GENERAL,JUSTICE OF THE SUPREME COURT,NONPARTISAN,ANN W. BRADLEY,274,273
2005,APRIL,ROCK,JANESVILLE CITY WARD 12,SPRING GENERAL,JUSTICE OF THE SUPREME COURT,NONPARTISAN,SCATTERING,274,1
2005,APRIL,ROCK,JANESVILLE CITY WARD 13,SPRING GENERAL,JUSTICE OF THE SUPREME COURT,NONPARTISAN,ANN W. BRADLEY,313,312
2005,APRIL,ROCK,JANESVILLE CITY WARD 13,SPRING GENERAL,JUSTICE OF THE SUPREME COURT,NONPARTISAN,SCATTERING,313,1
2005,APRIL,ROCK,JANESVILLE CITY WARD 14,SPRING GENERAL,JUSTICE OF THE SUPREME COURT,NONPARTISAN,ANN W. BRADLEY,180,179
2005,APRIL,ROCK,JANESVILLE CITY WARD 14,SPRING GENERAL,JUSTICE OF THE SUPREME COURT,NONPARTISAN,SCATTERING,180,1
2005,APRIL,ROCK,JANESVILLE CITY WARD 15,SPRING GENERAL,JUSTICE OF THE SUPREME COURT,NONPARTISAN,ANN W. BRADLEY,114,112
2005,APRIL,ROCK,JANESVILLE CITY WARD 15,SPRING GENERAL,JUSTICE OF THE SUPREME COURT,NONPARTISAN,SCATTERING,114,2
2005,APRIL,ROCK,JANESVILLE CITY WARD 16,SPRING GENERAL,JUSTICE OF THE SUPREME COURT,NONPARTISAN,ANN W. BRADLEY,85,84
2005,APRIL,ROCK,JANESVILLE CITY WARD 16,SPRING GENERAL,JUSTICE OF THE SUPREME COURT,NONPARTISAN,SCATTERING,85,1
2005,APRIL,ROCK,JANESVILLE CITY WARD 17,SPRING GENERAL,JUSTICE OF THE SUPREME COURT,NONPARTISAN,ANN W. BRADLEY,133,133
2005,APRIL,ROCK,JANESVILLE CITY WARD 17,SPRING GENERAL,JUSTICE OF THE SUPREME COURT,NONPARTISAN,SCATTERING,133,0
2005,APRIL,ROCK,JANESVILLE CITY WARD 18,SPRING GENERAL,JUSTICE OF THE SUPREME COURT,NONPARTISAN,ANN W. BRADLEY,246,246
2005,APRIL,ROCK,JANESVILLE CITY WARD 18,SPRING GENERAL,JUSTICE OF THE SUPREME COURT,NONPARTISAN,SCATTERING,246,0
2005,APRIL,ROCK,JANESVILLE CITY WARD 19,SPRING GENERAL,JUSTICE OF THE SUPREME COURT,NONPARTISAN,ANN W. BRADLEY,213,212
2005,APRIL,ROCK,JANESVILLE CITY WARD 19,SPRING GENERAL,JUSTICE OF THE SUPREME COURT,NONPARTISAN,SCATTERING,213,1
2005,APRIL,ROCK,JANESVILLE CITY WARD 20,SPRING GENERAL,JUSTICE OF THE SUPREME COURT,NONPARTISAN,ANN W. BRADLEY,189,189
2005,APRIL,ROCK,JANESVILLE CITY WARD 20,SPRING GENERAL,JUSTICE OF THE SUPREME COURT,NONPARTISAN,SCATTERING,189,0
2005,APRIL,ROCK,JANESVILLE CITY WARD 21,SPRING GENERAL,JUSTICE OF THE SUPREME COURT,NONPARTISAN,ANN W. BRADLEY,176,175
2005,APRIL,ROCK,JANESVILLE CITY WARD 21,SPRING GENERAL,JUSTICE OF THE SUPREME COURT,NONPARTISAN,SCATTERING,176,1
2005,APRIL,ROCK,JANESVILLE CITY WARD 22,SPRING GENERAL,JUSTICE OF THE SUPREME COURT,NONPARTISAN,ANN W. BRADLEY,139,139
2005,APRIL,ROCK,JANESVILLE CITY WARD 22,SPRING GENERAL,JUSTICE OF THE SUPREME COURT,NONPARTISAN,SCATTERING,139,0
2005,APRIL,ROCK,JANESVILLE CITY WARD 23,SPRING GENERAL,JUSTICE OF THE SUPREME COURT,NONPARTISAN,ANN W. BRADLEY,198,196
2005,APRIL,ROCK,JANESVILLE CITY WARD 23,SPRING GENERAL,JUSTICE OF THE SUPREME COURT,NONPARTISAN,SCATTERING,198,2
2005,APRIL,ROCK,JANESVILLE CITY WARD 24,SPRING GENERAL,JUSTICE OF THE SUPREME COURT,NONPARTISAN,ANN W. BRADLEY,289,288
2005,APRIL,ROCK,JANESVILLE CITY WARD 24,SPRING GENERAL,JUSTICE OF THE SUPREME COURT,NONPARTISAN,SCATTERING,289,1
2005,APRIL,ROCK,JANESVILLE CITY WARD 25,SPRING GENERAL,JUSTICE OF THE SUPREME COURT,NONPARTISAN,ANN W. BRADLEY,10,10
2005,APRIL,ROCK,JANESVILLE CITY WARD 25,SPRING GENERAL,JUSTICE OF THE SUPREME COURT,NONPARTISAN,SCATTERING,10,0
2005,APRIL,ROCK,JANESVILLE CITY WARD 26,SPRING GENERAL,JUSTICE OF THE SUPREME COURT,NONPARTISAN,ANN W. BRADLEY,23,23
2005,APRIL,ROCK,JANESVILLE CITY WARD 26,SPRING GENERAL,JUSTICE OF THE SUPREME COURT,NONPARTISAN,SCATTERING,23,0
2005,APRIL,ROCK,JANESVILLE CITY WARD 27,SPRING GENERAL,JUSTICE OF THE SUPREME COURT,NONPARTISAN,ANN W. BRADLEY,0,0
2005,APRIL,ROCK,JANESVILLE CITY WARD 27,SPRING GENERAL,JUSTICE OF THE SUPREME COURT,NONPARTISAN,SCATTERING,0,0
2005,APRIL,ROCK,MILTON CITY WARDS 1 - 8,SPRING GENERAL,JUSTICE OF THE SUPREME COURT,NONPARTISAN,ANN W. BRADLEY,374,373
2005,APRIL,ROCK,MILTON CITY WARDS 1 - 8,SPRING GENERAL,JUSTICE OF THE SUPREME COURT,NONPARTISAN,SCATTERING,374,1
2005,APRIL,RUSK,ATLANTA TOWN WARD 1,SPRING GENERAL,JUSTICE OF THE SUPREME COURT,NONPARTISAN,ANN W. BRADLEY,88,88
2005,APRIL,RUSK,ATLANTA TOWN WARD 1,SPRING GENERAL,JUSTICE OF THE SUPREME COURT,NONPARTISAN,SCATTERING,88,0
2005,APRIL,RUSK,BIG BEND TOWN WARD 1,SPRING GENERAL,JUSTICE OF THE SUPREME COURT,NONPARTISAN,ANN W. BRADLEY,56,56
2005,APRIL,RUSK,BIG BEND TOWN WARD 1,SPRING GENERAL,JUSTICE OF THE SUPREME COURT,NONPARTISAN,SCATTERING,56,0
2005,APRIL,RUSK,BIG FALLS TOWN WARD 1,SPRING GENERAL,JUSTICE OF THE SUPREME COURT,NONPARTISAN,ANN W. BRADLEY,42,42
2005,APRIL,RUSK,BIG FALLS TOWN WARD 1,SPRING GENERAL,JUSTICE OF THE SUPREME COURT,NONPARTISAN,SCATTERING,42,0
2005,APRIL,RUSK,CEDAR RAPIDS TOWN WARD 1,SPRING GENERAL,JUSTICE OF THE SUPREME COURT,NONPARTISAN,ANN W. BRADLEY,11,11
2005,APRIL,RUSK,CEDAR RAPIDS TOWN WARD 1,SPRING GENERAL,JUSTICE OF THE SUPREME COURT,NONPARTISAN,SCATTERING,11,0
2005,APRIL,RUSK,DEWEY TOWN WARD 1,SPRING GENERAL,JUSTICE OF THE SUPREME COURT,NONPARTISAN,ANN W. BRADLEY,166,166
2005,APRIL,RUSK,DEWEY TOWN WARD 1,SPRING GENERAL,JUSTICE OF THE SUPREME COURT,NONPARTISAN,SCATTERING,166,0
2005,APRIL,RUSK,FLAMBEAU TOWN WARDS 1 - 3,SPRING GENERAL,JUSTICE OF THE SUPREME COURT,NONPARTISAN,ANN W. BRADLEY,142,142
2005,APRIL,RUSK,FLAMBEAU TOWN WARDS 1 - 3,SPRING GENERAL,JUSTICE OF THE SUPREME COURT,NONPARTISAN,SCATTERING,142,0
2005,APRIL,RUSK,GRANT TOWN WARDS 1 & 2,SPRING GENERAL,JUSTICE OF THE SUPREME COURT,NONPARTISAN,ANN W. BRADLEY,132,131
2005,APRIL,RUSK,GRANT TOWN WARDS 1 & 2,SPRING GENERAL,JUSTICE OF THE SUPREME COURT,NONPARTISAN,SCATTERING,132,1
2005,APRIL,RUSK,GROW TOWN WARD 1,SPRING GENERAL,JUSTICE OF THE SUPREME COURT,NONPARTISAN,ANN W. BRADLEY,55,55
2005,APRIL,RUSK,GROW TOWN WARD 1,SPRING GENERAL,JUSTICE OF THE SUPREME COURT,NONPARTISAN,SCATTERING,55,0
2005,APRIL,RUSK,HAWKINS TOWN WARD 1,SPRING GENERAL,JUSTICE OF THE SUPREME COURT,NONPARTISAN,ANN W. BRADLEY,27,27
2005,APRIL,RUSK,HAWKINS TOWN WARD 1,SPRING GENERAL,JUSTICE OF THE SUPREME COURT,NONPARTISAN,SCATTERING,27,0
2005,APRIL,RUSK,HUBBARD TOWN WARD 1,SPRING GENERAL,JUSTICE OF THE SUPREME COURT,NONPARTISAN,ANN W. BRADLEY,56,56
2005,APRIL,RUSK,HUBBARD TOWN WARD 1,SPRING GENERAL,JUSTICE OF THE SUPREME COURT,NONPARTISAN,SCATTERING,56,0
2005,APRIL,RUSK,LAWRENCE TOWN WARD 1,SPRING GENERAL,JUSTICE OF THE SUPREME COURT,NONPARTISAN,ANN W. BRADLEY,23,23
2005,APRIL,RUSK,LAWRENCE TOWN WARD 1,SPRING GENERAL,JUSTICE OF THE SUPREME COURT,NONPARTISAN,SCATTERING,23,0
2005,APRIL,RUSK,MARSHALL TOWN WARDS 1 & 2,SPRING GENERAL,JUSTICE OF THE SUPREME COURT,NONPARTISAN,ANN W. BRADLEY,44,44
2005,APRIL,RUSK,MARSHALL TOWN WARDS 1 & 2,SPRING GENERAL,JUSTICE OF THE SUPREME COURT,NONPARTISAN,SCATTERING,44,0
2005,APRIL,RUSK,MURRY TOWN WARD 1,SPRING GENERAL,JUSTICE OF THE SUPREME COURT,NONPARTISAN,ANN W. BRADLEY,45,45
2005,APRIL,RUSK,MURRY TOWN WARD 1,SPRING GENERAL,JUSTICE OF THE SUPREME COURT,NONPARTISAN,SCATTERING,45,0
2005,APRIL,RUSK,RICHLAND TOWN WARDS 1 & 2,SPRING GENERAL,JUSTICE OF THE SUPREME COURT,NONPARTISAN,ANN W. BRADLEY,58,58
2005,APRIL,RUSK,RICHLAND TOWN WARDS 1 & 2,SPRING GENERAL,JUSTICE OF THE SUPREME COURT,NONPARTISAN,SCATTERING,58,0
2005,APRIL,RUSK,RUSK TOWN WARDS 1 & 2,SPRING GENERAL,JUSTICE OF THE SUPREME COURT,NONPARTISAN,ANN W. BRADLEY,106,106
2005,APRIL,RUSK,RUSK TOWN WARDS 1 & 2,SPRING GENERAL,JUSTICE OF THE SUPREME COURT,NONPARTISAN,SCATTERING,106,0
2005,APRIL,RUSK,SOUTH FORK TOWN WARD 1,SPRING GENERAL,JUSTICE OF THE SUPREME COURT,NONPARTISAN,ANN W. BRADLEY,15,15
2005,APRIL,RUSK,SOUTH FORK TOWN WARD 1,SPRING GENERAL,JUSTICE OF THE SUPREME COURT,NONPARTISAN,SCATTERING,15,0
2005,APRIL,RUSK,STRICKLAND TOWN WARD 1,SPRING GENERAL,JUSTICE OF THE SUPREME COURT,NONPARTISAN,ANN W. BRADLEY,71,71
2005,APRIL,RUSK,STRICKLAND TOWN WARD 1,SPRING GENERAL,JUSTICE OF THE SUPREME COURT,NONPARTISAN,SCATTERING,71,0
2005,APRIL,RUSK,STUBBS TOWN WARD 1,SPRING GENERAL,JUSTICE OF THE SUPREME COURT,NONPARTISAN,ANN W. BRADLEY,109,109
2005,APRIL,RUSK,STUBBS TOWN WARD 1,SPRING GENERAL,JUSTICE OF THE SUPREME COURT,NONPARTISAN,SCATTERING,109,0
2005,APRIL,RUSK,THORNAPPLE TOWN WARDS 1 & 2,SPRING GENERAL,JUSTICE OF THE SUPREME COURT,NONPARTISAN,ANN W. BRADLEY,47,47
2005,APRIL,RUSK,THORNAPPLE TOWN WARDS 1 & 2,SPRING GENERAL,JUSTICE OF THE SUPREME COURT,NONPARTISAN,SCATTERING,47,0
2005,APRIL,RUSK,TRUE TOWN WARD 1,SPRING GENERAL,JUSTICE OF THE SUPREME COURT,NONPARTISAN,ANN W. BRADLEY,31,31
2005,APRIL,RUSK,TRUE TOWN WARD 1,SPRING GENERAL,JUSTICE OF THE SUPREME COURT,NONPARTISAN,SCATTERING,31,0
2005,APRIL,RUSK,WASHINGTON TOWN WARD 1,SPRING GENERAL,JUSTICE OF THE SUPREME COURT,NONPARTISAN,ANN W. BRADLEY,43,42
2005,APRIL,RUSK,WASHINGTON TOWN WARD 1,SPRING GENERAL,JUSTICE OF THE SUPREME COURT,NONPARTISAN,SCATTERING,43,1
2005,APRIL,RUSK,WILKINSON TOWN WARD 1,SPRING GENERAL,JUSTICE OF THE SUPREME COURT,NONPARTISAN,ANN W. BRADLEY,6,6
2005,APRIL,RUSK,WILKINSON TOWN WARD 1,SPRING GENERAL,JUSTICE OF THE SUPREME COURT,NONPARTISAN,SCATTERING,6,0
2005,APRIL,RUSK,WILLARD TOWN WARD 1,SPRING GENERAL,JUSTICE OF THE SUPREME COURT,NONPARTISAN,ANN W. BRADLEY,61,61
2005,APRIL,RUSK,WILLARD TOWN WARD 1,SPRING GENERAL,JUSTICE OF THE SUPREME COURT,NONPARTISAN,SCATTERING,61,0
2005,APRIL,RUSK,WILSON TOWN WARD 1,SPRING GENERAL,JUSTICE OF THE SUPREME COURT,NONPARTISAN,ANN W. BRADLEY,16,16
2005,APRIL,RUSK,WILSON TOWN WARD 1,SPRING GENERAL,JUSTICE OF THE SUPREME COURT,NONPARTISAN,SCATTERING,16,0
2005,APRIL,RUSK,BRUCE VILLAGE WARDS 1 & 2,SPRING GENERAL,JUSTICE OF THE SUPREME COURT,NONPARTISAN,ANN W. BRADLEY,141,141
2005,APRIL,RUSK,BRUCE VILLAGE WARDS 1 & 2,SPRING GENERAL,JUSTICE OF THE SUPREME COURT,NONPARTISAN,SCATTERING,141,0
2005,APRIL,RUSK,CONRATH VILLAGE WARD 1,SPRING GENERAL,JUSTICE OF THE SUPREME COURT,NONPARTISAN,ANN W. BRADLEY,13,13
2005,APRIL,RUSK,CONRATH VILLAGE WARD 1,SPRING GENERAL,JUSTICE OF THE SUPREME COURT,NONPARTISAN,SCATTERING,13,0
2005,APRIL,RUSK,GLEN FLORA VILLAGE WARD 1,SPRING GENERAL,JUSTICE OF THE SUPREME COURT,NONPARTISAN,ANN W. BRADLEY,14,14
2005,APRIL,RUSK,GLEN FLORA VILLAGE WARD 1,SPRING GENERAL,JUSTICE OF THE SUPREME COURT,NONPARTISAN,SCATTERING,14,0
2005,APRIL,RUSK,HAWKINS VILLAGE WARD 1,SPRING GENERAL,JUSTICE OF THE SUPREME COURT,NONPARTISAN,ANN W. BRADLEY,50,50
2005,APRIL,RUSK,HAWKINS VILLAGE WARD 1,SPRING GENERAL,JUSTICE OF THE SUPREME COURT,NONPARTISAN,SCATTERING,50,0
2005,APRIL,RUSK,INGRAM VILLAGE WARD 1,SPRING GENERAL,JUSTICE OF THE SUPREME COURT,NONPARTISAN,ANN W. BRADLEY,26,26
2005,APRIL,RUSK,INGRAM VILLAGE WARD 1,SPRING GENERAL,JUSTICE OF THE SUPREME COURT,NONPARTISAN,SCATTERING,26,0
2005,APRIL,RUSK,SHELDON VILLAGE WARD 1,SPRING GENERAL,JUSTICE OF THE SUPREME COURT,NONPARTISAN,ANN W. BRADLEY,23,23
2005,APRIL,RUSK,SHELDON VILLAGE WARD 1,SPRING GENERAL,JUSTICE OF THE SUPREME COURT,NONPARTISAN,SCATTERING,23,0
2005,APRIL,RUSK,TONY VILLAGE WARD 1,SPRING GENERAL,JUSTICE OF THE SUPREME COURT,NONPARTISAN,ANN W. BRADLEY,15,15
2005,APRIL,RUSK,TONY VILLAGE WARD 1,SPRING GENERAL,JUSTICE OF THE SUPREME COURT,NONPARTISAN,SCATTERING,15,0
2005,APRIL,RUSK,WEYERHAEUSER VILLAGE WARDS 1 & 2,SPRING GENERAL,JUSTICE OF THE SUPREME COURT,NONPARTISAN,ANN W. BRADLEY,21,21
2005,APRIL,RUSK,WEYERHAEUSER VILLAGE WARDS 1 & 2,SPRING GENERAL,JUSTICE OF THE SUPREME COURT,NONPARTISAN,SCATTERING,21,0
2005,APRIL,RUSK,LADYSMITH CITY WARDS 1 - 14,SPRING GENERAL,JUSTICE OF THE SUPREME COURT,NONPARTISAN,ANN W. BRADLEY,228,227
2005,APRIL,RUSK,LADYSMITH CITY WARDS 1 - 14,SPRING GENERAL,JUSTICE OF THE SUPREME COURT,NONPARTISAN,SCATTERING,228,1
2005,APRIL,SAUK,BARABOO TOWN WARDS 1 - 4,SPRING GENERAL,JUSTICE OF THE SUPREME COURT,NONPARTISAN,ANN W. BRADLEY,133,133
2005,APRIL,SAUK,BARABOO TOWN WARDS 1 - 4,SPRING GENERAL,JUSTICE OF THE SUPREME COURT,NONPARTISAN,SCATTERING,133,0
2005,APRIL,SAUK,BEAR CREEK TOWN WARD 1,SPRING GENERAL,JUSTICE OF THE SUPREME COURT,NONPARTISAN,ANN W. BRADLEY,89,88
2005,APRIL,SAUK,BEAR CREEK TOWN WARD 1,SPRING GENERAL,JUSTICE OF THE SUPREME COURT,NONPARTISAN,SCATTERING,89,1
2005,APRIL,SAUK,DELLONA TOWN WARDS 1 & 2,SPRING GENERAL,JUSTICE OF THE SUPREME COURT,NONPARTISAN,ANN W. BRADLEY,193,193
2005,APRIL,SAUK,DELLONA TOWN WARDS 1 & 2,SPRING GENERAL,JUSTICE OF THE SUPREME COURT,NONPARTISAN,SCATTERING,193,0
2005,APRIL,SAUK,DELTON TOWN WARDS 1 - 4,SPRING GENERAL,JUSTICE OF THE SUPREME COURT,NONPARTISAN,ANN W. BRADLEY,168,167
2005,APRIL,SAUK,DELTON TOWN WARDS 1 - 4,SPRING GENERAL,JUSTICE OF THE SUPREME COURT,NONPARTISAN,SCATTERING,168,1
2005,APRIL,SAUK,EXCELSIOR TOWN WARDS 1 - 3,SPRING GENERAL,JUSTICE OF THE SUPREME COURT,NONPARTISAN,ANN W. BRADLEY,150,150
2005,APRIL,SAUK,EXCELSIOR TOWN WARDS 1 - 3,SPRING GENERAL,JUSTICE OF THE SUPREME COURT,NONPARTISAN,SCATTERING,150,0
2005,APRIL,SAUK,FAIRFIELD TOWN WARDS 1 & 2,SPRING GENERAL,JUSTICE OF THE SUPREME COURT,NONPARTISAN,ANN W. BRADLEY,215,215
2005,APRIL,SAUK,FAIRFIELD TOWN WARDS 1 & 2,SPRING GENERAL,JUSTICE OF THE SUPREME COURT,NONPARTISAN,SCATTERING,215,0
2005,APRIL,SAUK,FRANKLIN TOWN WARDS 1 - 3,SPRING GENERAL,JUSTICE OF THE SUPREME COURT,NONPARTISAN,ANN W. BRADLEY,33,32
2005,APRIL,SAUK,FRANKLIN TOWN WARDS 1 - 3,SPRING GENERAL,JUSTICE OF THE SUPREME COURT,NONPARTISAN,SCATTERING,33,1
2005,APRIL,SAUK,FREEDOM TOWN WARD 1,SPRING GENERAL,JUSTICE OF THE SUPREME COURT,NONPARTISAN,ANN W. BRADLEY,142,141
2005,APRIL,SAUK,FREEDOM TOWN WARD 1,SPRING GENERAL,JUSTICE OF THE SUPREME COURT,NONPARTISAN,SCATTERING,142,1
2005,APRIL,SAUK,GREENFIELD TOWN WARD 1,SPRING GENERAL,JUSTICE OF THE SUPREME COURT,NONPARTISAN,ANN W. BRADLEY,169,168
2005,APRIL,SAUK,GREENFIELD TOWN WARD 1,SPRING GENERAL,JUSTICE OF THE SUPREME COURT,NONPARTISAN,SCATTERING,169,1
2005,APRIL,SAUK,HONEY CREEK TOWN WARD 1,SPRING GENERAL,JUSTICE OF THE SUPREME COURT,NONPARTISAN,ANN W. BRADLEY,39,39
2005,APRIL,SAUK,HONEY CREEK TOWN WARD 1,SPRING GENERAL,JUSTICE OF THE SUPREME COURT,NONPARTISAN,SCATTERING,39,0
2005,APRIL,SAUK,IRONTON TOWN WARD 1,SPRING GENERAL,JUSTICE OF THE SUPREME COURT,NONPARTISAN,ANN W. BRADLEY,146,146
2005,APRIL,SAUK,IRONTON TOWN WARD 1,SPRING GENERAL,JUSTICE OF THE SUPREME COURT,NONPARTISAN,SCATTERING,146,0
2005,APRIL,SAUK,LA VALLE TOWN WARDS 1 & 2,SPRING GENERAL,JUSTICE OF THE SUPREME COURT,NONPARTISAN,ANN W. BRADLEY,134,133
2005,APRIL,SAUK,LA VALLE TOWN WARDS 1 & 2,SPRING GENERAL,JUSTICE OF THE SUPREME COURT,NONPARTISAN,SCATTERING,134,1
2005,APRIL,SAUK,MERRIMAC TOWN WARD 1,SPRING GENERAL,JUSTICE OF THE SUPREME COURT,NONPARTISAN,ANN W. BRADLEY,53,53
2005,APRIL,SAUK,MERRIMAC TOWN WARD 1,SPRING GENERAL,JUSTICE OF THE SUPREME COURT,NONPARTISAN,SCATTERING,53,0
2005,APRIL,SAUK,PRAIRIE DU SAC TOWN WARDS 1 - 3,SPRING GENERAL,JUSTICE OF THE SUPREME COURT,NONPARTISAN,ANN W. BRADLEY,83,83
2005,APRIL,SAUK,PRAIRIE DU SAC TOWN WARDS 1 - 3,SPRING GENERAL,JUSTICE OF THE SUPREME COURT,NONPARTISAN,SCATTERING,83,0
2005,APRIL,SAUK,REEDSBURG TOWN WARDS 1 - 4,SPRING GENERAL,JUSTICE OF THE SUPREME COURT,NONPARTISAN,ANN W. BRADLEY,111,111
2005,APRIL,SAUK,REEDSBURG TOWN WARDS 1 - 4,SPRING GENERAL,JUSTICE OF THE SUPREME COURT,NONPARTISAN,SCATTERING,111,0
2005,APRIL,SAUK,SPRING GREEN TOWN WARDS 1 - 4,SPRING GENERAL,JUSTICE OF THE SUPREME COURT,NONPARTISAN,ANN W. BRADLEY,150,150
2005,APRIL,SAUK,SPRING GREEN TOWN WARDS 1 - 4,SPRING GENERAL,JUSTICE OF THE SUPREME COURT,NONPARTISAN,SCATTERING,150,0
2005,APRIL,SAUK,SUMPTER TOWN WARDS 1 - 3,SPRING GENERAL,JUSTICE OF THE SUPREME COURT,NONPARTISAN,ANN W. BRADLEY,88,88
2005,APRIL,SAUK,SUMPTER TOWN WARDS 1 - 3,SPRING GENERAL,JUSTICE OF THE SUPREME COURT,NONPARTISAN,SCATTERING,88,0
2005,APRIL,SAUK,TROY TOWN WARD 1,SPRING GENERAL,JUSTICE OF THE SUPREME COURT,NONPARTISAN,ANN W. BRADLEY,120,117
2005,APRIL,SAUK,TROY TOWN WARD 1,SPRING GENERAL,JUSTICE OF THE SUPREME COURT,NONPARTISAN,SCATTERING,120,3
2005,APRIL,SAUK,WASHINGTON TOWN WARD 1,SPRING GENERAL,JUSTICE OF THE SUPREME COURT,NONPARTISAN,ANN W. BRADLEY,72,72
2005,APRIL,SAUK,WASHINGTON TOWN WARD 1,SPRING GENERAL,JUSTICE OF THE SUPREME COURT,NONPARTISAN,SCATTERING,72,0
2005,APRIL,SAUK,WESTFIELD TOWN WARDS 1 & 2,SPRING GENERAL,JUSTICE OF THE SUPREME COURT,NONPARTISAN,ANN W. BRADLEY,39,39
2005,APRIL,SAUK,WESTFIELD TOWN WARDS 1 & 2,SPRING GENERAL,JUSTICE OF THE SUPREME COURT,NONPARTISAN,SCATTERING,39,0
2005,APRIL,SAUK,WINFIELD TOWN WARDS 1 & 2,SPRING GENERAL,JUSTICE OF THE SUPREME COURT,NONPARTISAN,ANN W. BRADLEY,66,66
2005,APRIL,SAUK,WINFIELD TOWN WARDS 1 & 2,SPRING GENERAL,JUSTICE OF THE SUPREME COURT,NONPARTISAN,SCATTERING,66,0
2005,APRIL,SAUK,WOODLAND TOWN WARD 1,SPRING GENERAL,JUSTICE OF THE SUPREME COURT,NONPARTISAN,ANN W. BRADLEY,69,67
2005,APRIL,SAUK,WOODLAND TOWN WARD 1,SPRING GENERAL,JUSTICE OF THE SUPREME COURT,NONPARTISAN,SCATTERING,69,2
2005,APRIL,SAUK,CAZENOVIA VILLAGE WARD 2,SPRING GENERAL,JUSTICE OF THE SUPREME COURT,NONPARTISAN,ANN W. BRADLEY,2,2
2005,APRIL,SAUK,CAZENOVIA VILLAGE WARD 2,SPRING GENERAL,JUSTICE OF THE SUPREME COURT,NONPARTISAN,SCATTERING,2,0
2005,APRIL,SAUK,IRONTON VILLAGE WARD 1,SPRING GENERAL,JUSTICE OF THE SUPREME COURT,NONPARTISAN,ANN W. BRADLEY,24,24
2005,APRIL,SAUK,IRONTON VILLAGE WARD 1,SPRING GENERAL,JUSTICE OF THE SUPREME COURT,NONPARTISAN,SCATTERING,24,0
2005,APRIL,SAUK,LAKE DELTON VILLAGE WARDS 1 - 3,SPRING GENERAL,JUSTICE OF THE SUPREME COURT,NONPARTISAN,ANN W. BRADLEY,231,229
2005,APRIL,SAUK,LAKE DELTON VILLAGE WARDS 1 - 3,SPRING GENERAL,JUSTICE OF THE SUPREME COURT,NONPARTISAN,SCATTERING,231,2
2005,APRIL,SAUK,LA VALLE VILLAGE WARD 1,SPRING GENERAL,JUSTICE OF THE SUPREME COURT,NONPARTISAN,ANN W. BRADLEY,40,40
2005,APRIL,SAUK,LA VALLE VILLAGE WARD 1,SPRING GENERAL,JUSTICE OF THE SUPREME COURT,NONPARTISAN,SCATTERING,40,0
2005,APRIL,SAUK,LIME RIDGE VILLAGE WARD 1,SPRING GENERAL,JUSTICE OF THE SUPREME COURT,NONPARTISAN,ANN W. BRADLEY,30,30
2005,APRIL,SAUK,LIME RIDGE VILLAGE WARD 1,SPRING GENERAL,JUSTICE OF THE SUPREME COURT,NONPARTISAN,SCATTERING,30,0
2005,APRIL,SAUK,LOGANVILLE VILLAGE WARD 1,SPRING GENERAL,JUSTICE OF THE SUPREME COURT,NONPARTISAN,ANN W. BRADLEY,26,26
2005,APRIL,SAUK,LOGANVILLE VILLAGE WARD 1,SPRING GENERAL,JUSTICE OF THE SUPREME COURT,NONPARTISAN,SCATTERING,26,0
2005,APRIL,SAUK,MERRIMAC VILLAGE WARD 1,SPRING GENERAL,JUSTICE OF THE SUPREME COURT,NONPARTISAN,ANN W. BRADLEY,82,82
2005,APRIL,SAUK,MERRIMAC VILLAGE WARD 1,SPRING GENERAL,JUSTICE OF THE SUPREME COURT,NONPARTISAN,SCATTERING,82,0
2005,APRIL,SAUK,NORTH FREEDOM VILLAGE WARD 1,SPRING GENERAL,JUSTICE OF THE SUPREME COURT,NONPARTISAN,ANN W. BRADLEY,76,76
2005,APRIL,SAUK,NORTH FREEDOM VILLAGE WARD 1,SPRING GENERAL,JUSTICE OF THE SUPREME COURT,NONPARTISAN,SCATTERING,76,0
2005,APRIL,SAUK,PLAIN VILLAGE WARD 1,SPRING GENERAL,JUSTICE OF THE SUPREME COURT,NONPARTISAN,ANN W. BRADLEY,110,110
2005,APRIL,SAUK,PLAIN VILLAGE WARD 1,SPRING GENERAL,JUSTICE OF THE SUPREME COURT,NONPARTISAN,SCATTERING,110,0
2005,APRIL,SAUK,PRAIRIE DU SAC VILLAGE WARDS 1 - 5,SPRING GENERAL,JUSTICE OF THE SUPREME COURT,NONPARTISAN,ANN W. BRADLEY,223,222
2005,APRIL,SAUK,PRAIRIE DU SAC VILLAGE WARDS 1 - 5,SPRING GENERAL,JUSTICE OF THE SUPREME COURT,NONPARTISAN,SCATTERING,223,1
2005,APRIL,SAUK,ROCK SPRINGS VILLAGE WARD 1,SPRING GENERAL,JUSTICE OF THE SUPREME COURT,NONPARTISAN,ANN W. BRADLEY,78,77
2005,APRIL,SAUK,ROCK SPRINGS VILLAGE WARD 1,SPRING GENERAL,JUSTICE OF THE SUPREME COURT,NONPARTISAN,SCATTERING,78,1
2005,APRIL,SAUK,SAUK CITY VILLAGE WARDS 1 - 4,SPRING GENERAL,JUSTICE OF THE SUPREME COURT,NONPARTISAN,ANN W. BRADLEY,162,162
2005,APRIL,SAUK,SAUK CITY VILLAGE WARDS 1 - 4,SPRING GENERAL,JUSTICE OF THE SUPREME COURT,NONPARTISAN,SCATTERING,162,0
2005,APRIL,SAUK,SPRING GREEN VILLAGE WARDS 1 & 2,SPRING GENERAL,JUSTICE OF THE SUPREME COURT,NONPARTISAN,ANN W. BRADLEY,183,183
2005,APRIL,SAUK,SPRING GREEN VILLAGE WARDS 1 & 2,SPRING GENERAL,JUSTICE OF THE SUPREME COURT,NONPARTISAN,SCATTERING,183,0
2005,APRIL,SAUK,WEST BARABOO VILLAGE WARDS 1 & 2,SPRING GENERAL,JUSTICE OF THE SUPREME COURT,NONPARTISAN,ANN W. BRADLEY,82,82
2005,APRIL,SAUK,WEST BARABOO VILLAGE WARDS 1 & 2,SPRING GENERAL,JUSTICE OF THE SUPREME COURT,NONPARTISAN,SCATTERING,82,0
2005,APRIL,SAUK,BARABOO CITY WARD 1,SPRING GENERAL,JUSTICE OF THE SUPREME COURT,NONPARTISAN,ANN W. BRADLEY,24,24
2005,APRIL,SAUK,BARABOO CITY WARD 1,SPRING GENERAL,JUSTICE OF THE SUPREME COURT,NONPARTISAN,SCATTERING,24,0
2005,APRIL,SAUK,BARABOO CITY WARD 2,SPRING GENERAL,JUSTICE OF THE SUPREME COURT,NONPARTISAN,ANN W. BRADLEY,79,79
2005,APRIL,SAUK,BARABOO CITY WARD 2,SPRING GENERAL,JUSTICE OF THE SUPREME COURT,NONPARTISAN,SCATTERING,79,0
2005,APRIL,SAUK,BARABOO CITY WARD 3,SPRING GENERAL,JUSTICE OF THE SUPREME COURT,NONPARTISAN,ANN W. BRADLEY,94,94
2005,APRIL,SAUK,BARABOO CITY WARD 3,SPRING GENERAL,JUSTICE OF THE SUPREME COURT,NONPARTISAN,SCATTERING,94,0
2005,APRIL,SAUK,BARABOO CITY WARD 4,SPRING GENERAL,JUSTICE OF THE SUPREME COURT,NONPARTISAN,ANN W. BRADLEY,39,37
2005,APRIL,SAUK,BARABOO CITY WARD 4,SPRING GENERAL,JUSTICE OF THE SUPREME COURT,NONPARTISAN,SCATTERING,39,2
2005,APRIL,SAUK,BARABOO CITY WARD 5,SPRING GENERAL,JUSTICE OF THE SUPREME COURT,NONPARTISAN,ANN W. BRADLEY,27,27
2005,APRIL,SAUK,BARABOO CITY WARD 5,SPRING GENERAL,JUSTICE OF THE SUPREME COURT,NONPARTISAN,SCATTERING,27,0
2005,APRIL,SAUK,BARABOO CITY WARD 6,SPRING GENERAL,JUSTICE OF THE SUPREME COURT,NONPARTISAN,ANN W. BRADLEY,42,42
2005,APRIL,SAUK,BARABOO CITY WARD 6,SPRING GENERAL,JUSTICE OF THE SUPREME COURT,NONPARTISAN,SCATTERING,42,0
2005,APRIL,SAUK,BARABOO CITY WARD 7,SPRING GENERAL,JUSTICE OF THE SUPREME COURT,NONPARTISAN,ANN W. BRADLEY,62,62
2005,APRIL,SAUK,BARABOO CITY WARD 7,SPRING GENERAL,JUSTICE OF THE SUPREME COURT,NONPARTISAN,SCATTERING,62,0
2005,APRIL,SAUK,BARABOO CITY WARD 8,SPRING GENERAL,JUSTICE OF THE SUPREME COURT,NONPARTISAN,ANN W. BRADLEY,36,36
2005,APRIL,SAUK,BARABOO CITY WARD 8,SPRING GENERAL,JUSTICE OF THE SUPREME COURT,NONPARTISAN,SCATTERING,36,0
2005,APRIL,SAUK,BARABOO CITY WARD 9,SPRING GENERAL,JUSTICE OF THE SUPREME COURT,NONPARTISAN,ANN W. BRADLEY,24,24
2005,APRIL,SAUK,BARABOO CITY WARD 9,SPRING GENERAL,JUSTICE OF THE SUPREME COURT,NONPARTISAN,SCATTERING,24,0
2005,APRIL,SAUK,BARABOO CITY WARD 10,SPRING GENERAL,JUSTICE OF THE SUPREME COURT,NONPARTISAN,ANN W. BRADLEY,122,122
2005,APRIL,SAUK,BARABOO CITY WARD 10,SPRING GENERAL,JUSTICE OF THE SUPREME COURT,NONPARTISAN,SCATTERING,122,0
2005,APRIL,SAUK,BARABOO CITY WARD 11,SPRING GENERAL,JUSTICE OF THE SUPREME COURT,NONPARTISAN,ANN W. BRADLEY,74,74
2005,APRIL,SAUK,BARABOO CITY WARD 11,SPRING GENERAL,JUSTICE OF THE SUPREME COURT,NONPARTISAN,SCATTERING,74,0
2005,APRIL,SAUK,BARABOO CITY WARD 12,SPRING GENERAL,JUSTICE OF THE SUPREME COURT,NONPARTISAN,ANN W. BRADLEY,86,86
2005,APRIL,SAUK,BARABOO CITY WARD 12,SPRING GENERAL,JUSTICE OF THE SUPREME COURT,NONPARTISAN,SCATTERING,86,0
2005,APRIL,SAUK,BARABOO CITY WARD 13,SPRING GENERAL,JUSTICE OF THE SUPREME COURT,NONPARTISAN,ANN W. BRADLEY,51,51
2005,APRIL,SAUK,BARABOO CITY WARD 13,SPRING GENERAL,JUSTICE OF THE SUPREME COURT,NONPARTISAN,SCATTERING,51,0
2005,APRIL,SAUK,BARABOO CITY WARD 14,SPRING GENERAL,JUSTICE OF THE SUPREME COURT,NONPARTISAN,ANN W. BRADLEY,49,48
2005,APRIL,SAUK,BARABOO CITY WARD 14,SPRING GENERAL,JUSTICE OF THE SUPREME COURT,NONPARTISAN,SCATTERING,49,1
2005,APRIL,SAUK,REEDSBURG CITY WARDS 1 - 3 & 13,SPRING GENERAL,JUSTICE OF THE SUPREME COURT,NONPARTISAN,ANN W. BRADLEY,157,155
2005,APRIL,SAUK,REEDSBURG CITY WARDS 1 - 3 & 13,SPRING GENERAL,JUSTICE OF THE SUPREME COURT,NONPARTISAN,SCATTERING,157,2
2005,APRIL,SAUK,"REEDSBURG CITY WARDS 4, 6, 11 & 14",SPRING GENERAL,JUSTICE OF THE SUPREME COURT,NONPARTISAN,ANN W. BRADLEY,171,170
2005,APRIL,SAUK,"REEDSBURG CITY WARDS 4, 6, 11 & 14",SPRING GENERAL,JUSTICE OF THE SUPREME COURT,NONPARTISAN,SCATTERING,171,1
2005,APRIL,SAUK,"REEDSBURG CITY WARDS 5, 9, 12 & 16",SPRING GENERAL,JUSTICE OF THE SUPREME COURT,NONPARTISAN,ANN W. BRADLEY,90,90
2005,APRIL,SAUK,"REEDSBURG CITY WARDS 5, 9, 12 & 16",SPRING GENERAL,JUSTICE OF THE SUPREME COURT,NONPARTISAN,SCATTERING,90,0
2005,APRIL,SAUK,"REEDSBURG CITY WARDS 7, 8, 10 & 15",SPRING GENERAL,JUSTICE OF THE SUPREME COURT,NONPARTISAN,ANN W. BRADLEY,209,207
2005,APRIL,SAUK,"REEDSBURG CITY WARDS 7, 8, 10 & 15",SPRING GENERAL,JUSTICE OF THE SUPREME COURT,NONPARTISAN,SCATTERING,209,2
2005,APRIL,SAUK,WISCONSIN DELLS CITY WARD 4,SPRING GENERAL,JUSTICE OF THE SUPREME COURT,NONPARTISAN,ANN W. BRADLEY,7,7
2005,APRIL,SAUK,WISCONSIN DELLS CITY WARD 4,SPRING GENERAL,JUSTICE OF THE SUPREME COURT,NONPARTISAN,SCATTERING,7,0
2005,APRIL,SAWYER,BASS LAKE TOWN WARDS 1 - 4,SPRING GENERAL,JUSTICE OF THE SUPREME COURT,NONPARTISAN,ANN W. BRADLEY,171,171
2005,APRIL,SAWYER,BASS LAKE TOWN WARDS 1 - 4,SPRING GENERAL,JUSTICE OF THE SUPREME COURT,NONPARTISAN,SCATTERING,171,0
2005,APRIL,SAWYER,COUDERAY TOWN WARDS 1 & 2,SPRING GENERAL,JUSTICE OF THE SUPREME COURT,NONPARTISAN,ANN W. BRADLEY,67,67
2005,APRIL,SAWYER,COUDERAY TOWN WARDS 1 & 2,SPRING GENERAL,JUSTICE OF THE SUPREME COURT,NONPARTISAN,SCATTERING,67,0
2005,APRIL,SAWYER,DRAPER TOWN WARD 1,SPRING GENERAL,JUSTICE OF THE SUPREME COURT,NONPARTISAN,ANN W. BRADLEY,67,67
2005,APRIL,SAWYER,DRAPER TOWN WARD 1,SPRING GENERAL,JUSTICE OF THE SUPREME COURT,NONPARTISAN,SCATTERING,67,0
2005,APRIL,SAWYER,EDGEWATER TOWN WARD 1,SPRING GENERAL,JUSTICE OF THE SUPREME COURT,NONPARTISAN,ANN W. BRADLEY,139,139
2005,APRIL,SAWYER,EDGEWATER TOWN WARD 1,SPRING GENERAL,JUSTICE OF THE SUPREME COURT,NONPARTISAN,SCATTERING,139,0
2005,APRIL,SAWYER,HAYWARD TOWN WARDS 1 - 6,SPRING GENERAL,JUSTICE OF THE SUPREME COURT,NONPARTISAN,ANN W. BRADLEY,402,402
2005,APRIL,SAWYER,HAYWARD TOWN WARDS 1 - 6,SPRING GENERAL,JUSTICE OF THE SUPREME COURT,NONPARTISAN,SCATTERING,402,0
2005,APRIL,SAWYER,HUNTER TOWN WARDS 1 & 2,SPRING GENERAL,JUSTICE OF THE SUPREME COURT,NONPARTISAN,ANN W. BRADLEY,148,148
2005,APRIL,SAWYER,HUNTER TOWN WARDS 1 & 2,SPRING GENERAL,JUSTICE OF THE SUPREME COURT,NONPARTISAN,SCATTERING,148,0
2005,APRIL,SAWYER,LENROOT TOWN WARDS 1 - 3,SPRING GENERAL,JUSTICE OF THE SUPREME COURT,NONPARTISAN,ANN W. BRADLEY,170,170
2005,APRIL,SAWYER,LENROOT TOWN WARDS 1 - 3,SPRING GENERAL,JUSTICE OF THE SUPREME COURT,NONPARTISAN,SCATTERING,170,0
2005,APRIL,SAWYER,MEADOWBROOK TOWN WARD 1,SPRING GENERAL,JUSTICE OF THE SUPREME COURT,NONPARTISAN,ANN W. BRADLEY,39,39
2005,APRIL,SAWYER,MEADOWBROOK TOWN WARD 1,SPRING GENERAL,JUSTICE OF THE SUPREME COURT,NONPARTISAN,SCATTERING,39,0
2005,APRIL,SAWYER,METEOR TOWN WARD 1,SPRING GENERAL,JUSTICE OF THE SUPREME COURT,NONPARTISAN,ANN W. BRADLEY,14,14
2005,APRIL,SAWYER,METEOR TOWN WARD 1,SPRING GENERAL,JUSTICE OF THE SUPREME COURT,NONPARTISAN,SCATTERING,14,0
2005,APRIL,SAWYER,OJIBWA TOWN WARD 1,SPRING GENERAL,JUSTICE OF THE SUPREME COURT,NONPARTISAN,ANN W. BRADLEY,39,39
2005,APRIL,SAWYER,OJIBWA TOWN WARD 1,SPRING GENERAL,JUSTICE OF THE SUPREME COURT,NONPARTISAN,SCATTERING,39,0
2005,APRIL,SAWYER,RADISSON TOWN WARDS 1 & 2,SPRING GENERAL,JUSTICE OF THE SUPREME COURT,NONPARTISAN,ANN W. BRADLEY,79,79
2005,APRIL,SAWYER,RADISSON TOWN WARDS 1 & 2,SPRING GENERAL,JUSTICE OF THE SUPREME COURT,NONPARTISAN,SCATTERING,79,0
2005,APRIL,SAWYER,ROUND LAKE TOWN WARDS 1 & 2,SPRING GENERAL,JUSTICE OF THE SUPREME COURT,NONPARTISAN,ANN W. BRADLEY,189,189
2005,APRIL,SAWYER,ROUND LAKE TOWN WARDS 1 & 2,SPRING GENERAL,JUSTICE OF THE SUPREME COURT,NONPARTISAN,SCATTERING,189,0
2005,APRIL,SAWYER,SAND LAKE TOWN WARD 1,SPRING GENERAL,JUSTICE OF THE SUPREME COURT,NONPARTISAN,ANN W. BRADLEY,59,59
2005,APRIL,SAWYER,SAND LAKE TOWN WARD 1,SPRING GENERAL,JUSTICE OF THE SUPREME COURT,NONPARTISAN,SCATTERING,59,0
2005,APRIL,SAWYER,SPIDER LAKE TOWN WARD 1,SPRING GENERAL,JUSTICE OF THE SUPREME COURT,NONPARTISAN,ANN W. BRADLEY,191,191
2005,APRIL,SAWYER,SPIDER LAKE TOWN WARD 1,SPRING GENERAL,JUSTICE OF THE SUPREME COURT,NONPARTISAN,SCATTERING,191,0
2005,APRIL,SAWYER,WEIRGOR TOWN WARD 1,SPRING GENERAL,JUSTICE OF THE SUPREME COURT,NONPARTISAN,ANN W. BRADLEY,34,34
2005,APRIL,SAWYER,WEIRGOR TOWN WARD 1,SPRING GENERAL,JUSTICE OF THE SUPREME COURT,NONPARTISAN,SCATTERING,34,0
2005,APRIL,SAWYER,WINTER TOWN WARDS 1 & 2,SPRING GENERAL,JUSTICE OF THE SUPREME COURT,NONPARTISAN,ANN W. BRADLEY,316,316
2005,APRIL,SAWYER,WINTER TOWN WARDS 1 & 2,SPRING GENERAL,JUSTICE OF THE SUPREME COURT,NONPARTISAN,SCATTERING,316,0
2005,APRIL,SAWYER,COUDERAY VILLAGE WARD 1,SPRING GENERAL,JUSTICE OF THE SUPREME COURT,NONPARTISAN,ANN W. BRADLEY,21,21
2005,APRIL,SAWYER,COUDERAY VILLAGE WARD 1,SPRING GENERAL,JUSTICE OF THE SUPREME COURT,NONPARTISAN,SCATTERING,21,0
2005,APRIL,SAWYER,EXELAND VILLAGE WARD 1,SPRING GENERAL,JUSTICE OF THE SUPREME COURT,NONPARTISAN,ANN W. BRADLEY,23,23
2005,APRIL,SAWYER,EXELAND VILLAGE WARD 1,SPRING GENERAL,JUSTICE OF THE SUPREME COURT,NONPARTISAN,SCATTERING,23,0
2005,APRIL,SAWYER,RADISSON VILLAGE WARD 1,SPRING GENERAL,JUSTICE OF THE SUPREME COURT,NONPARTISAN,ANN W. BRADLEY,63,63
2005,APRIL,SAWYER,RADISSON VILLAGE WARD 1,SPRING GENERAL,JUSTICE OF THE SUPREME COURT,NONPARTISAN,SCATTERING,63,0
2005,APRIL,SAWYER,WINTER VILLAGE WARD 1,SPRING GENERAL,JUSTICE OF THE SUPREME COURT,NONPARTISAN,ANN W. BRADLEY,79,79
2005,APRIL,SAWYER,WINTER VILLAGE WARD 1,SPRING GENERAL,JUSTICE OF THE SUPREME COURT,NONPARTISAN,SCATTERING,79,0
2005,APRIL,SAWYER,HAYWARD CITY WARD 1,SPRING GENERAL,JUSTICE OF THE SUPREME COURT,NONPARTISAN,ANN W. BRADLEY,26,26
2005,APRIL,SAWYER,HAYWARD CITY WARD 1,SPRING GENERAL,JUSTICE OF THE SUPREME COURT,NONPARTISAN,SCATTERING,26,0
2005,APRIL,SAWYER,HAYWARD CITY WARD 2,SPRING GENERAL,JUSTICE OF THE SUPREME COURT,NONPARTISAN,ANN W. BRADLEY,32,32
2005,APRIL,SAWYER,HAYWARD CITY WARD 2,SPRING GENERAL,JUSTICE OF THE SUPREME COURT,NONPARTISAN,SCATTERING,32,0
2005,APRIL,SAWYER,HAYWARD CITY WARD 3,SPRING GENERAL,JUSTICE OF THE SUPREME COURT,NONPARTISAN,ANN W. BRADLEY,33,33
2005,APRIL,SAWYER,HAYWARD CITY WARD 3,SPRING GENERAL,JUSTICE OF THE SUPREME COURT,NONPARTISAN,SCATTERING,33,0
2005,APRIL,SAWYER,HAYWARD CITY WARD 4,SPRING GENERAL,JUSTICE OF THE SUPREME COURT,NONPARTISAN,ANN W. BRADLEY,30,30
2005,APRIL,SAWYER,HAYWARD CITY WARD 4,SPRING GENERAL,JUSTICE OF THE SUPREME COURT,NONPARTISAN,SCATTERING,30,0
2005,APRIL,SHAWANO,ALMON TOWN WARDS 1 & 2,SPRING GENERAL,JUSTICE OF THE SUPREME COURT,NONPARTISAN,ANN W. BRADLEY,69,69
2005,APRIL,SHAWANO,ALMON TOWN WARDS 1 & 2,SPRING GENERAL,JUSTICE OF THE SUPREME COURT,NONPARTISAN,SCATTERING,69,0
2005,APRIL,SHAWANO,ANGELICA TOWN WARDS 1 - 3,SPRING GENERAL,JUSTICE OF THE SUPREME COURT,NONPARTISAN,ANN W. BRADLEY,290,290
2005,APRIL,SHAWANO,ANGELICA TOWN WARDS 1 - 3,SPRING GENERAL,JUSTICE OF THE SUPREME COURT,NONPARTISAN,SCATTERING,290,0
2005,APRIL,SHAWANO,ANIWA TOWN WARD 1,SPRING GENERAL,JUSTICE OF THE SUPREME COURT,NONPARTISAN,ANN W. BRADLEY,27,27
2005,APRIL,SHAWANO,ANIWA TOWN WARD 1,SPRING GENERAL,JUSTICE OF THE SUPREME COURT,NONPARTISAN,SCATTERING,27,0
2005,APRIL,SHAWANO,BARTELME TOWN WARD 1,SPRING GENERAL,JUSTICE OF THE SUPREME COURT,NONPARTISAN,ANN W. BRADLEY,27,27
2005,APRIL,SHAWANO,BARTELME TOWN WARD 1,SPRING GENERAL,JUSTICE OF THE SUPREME COURT,NONPARTISAN,SCATTERING,27,0
2005,APRIL,SHAWANO,BELLE PLAINE TOWN WARDS 1 - 3,SPRING GENERAL,JUSTICE OF THE SUPREME COURT,NONPARTISAN,ANN W. BRADLEY,296,296
2005,APRIL,SHAWANO,BELLE PLAINE TOWN WARDS 1 - 3,SPRING GENERAL,JUSTICE OF THE SUPREME COURT,NONPARTISAN,SCATTERING,296,0
2005,APRIL,SHAWANO,BIRNAMWOOD TOWN WARDS 1 & 2,SPRING GENERAL,JUSTICE OF THE SUPREME COURT,NONPARTISAN,ANN W. BRADLEY,39,39
2005,APRIL,SHAWANO,BIRNAMWOOD TOWN WARDS 1 & 2,SPRING GENERAL,JUSTICE OF THE SUPREME COURT,NONPARTISAN,SCATTERING,39,0
2005,APRIL,SHAWANO,FAIRBANKS TOWN WARDS 1 & 2,SPRING GENERAL,JUSTICE OF THE SUPREME COURT,NONPARTISAN,ANN W. BRADLEY,48,48
2005,APRIL,SHAWANO,FAIRBANKS TOWN WARDS 1 & 2,SPRING GENERAL,JUSTICE OF THE SUPREME COURT,NONPARTISAN,SCATTERING,48,0
2005,APRIL,SHAWANO,GERMANIA TOWN WARD 1,SPRING GENERAL,JUSTICE OF THE SUPREME COURT,NONPARTISAN,ANN W. BRADLEY,51,51
2005,APRIL,SHAWANO,GERMANIA TOWN WARD 1,SPRING GENERAL,JUSTICE OF THE SUPREME COURT,NONPARTISAN,SCATTERING,51,0
2005,APRIL,SHAWANO,GRANT TOWN WARDS 1 & 2,SPRING GENERAL,JUSTICE OF THE SUPREME COURT,NONPARTISAN,ANN W. BRADLEY,163,163
2005,APRIL,SHAWANO,GRANT TOWN WARDS 1 & 2,SPRING GENERAL,JUSTICE OF THE SUPREME COURT,NONPARTISAN,SCATTERING,163,0
2005,APRIL,SHAWANO,GREEN VALLEY TOWN WARDS 1 & 2,SPRING GENERAL,JUSTICE OF THE SUPREME COURT,NONPARTISAN,ANN W. BRADLEY,132,132
2005,APRIL,SHAWANO,GREEN VALLEY TOWN WARDS 1 & 2,SPRING GENERAL,JUSTICE OF THE SUPREME COURT,NONPARTISAN,SCATTERING,132,0
2005,APRIL,SHAWANO,HARTLAND TOWN WARD 1,SPRING GENERAL,JUSTICE OF THE SUPREME COURT,NONPARTISAN,ANN W. BRADLEY,154,154
2005,APRIL,SHAWANO,HARTLAND TOWN WARD 1,SPRING GENERAL,JUSTICE OF THE SUPREME COURT,NONPARTISAN,SCATTERING,154,0
2005,APRIL,SHAWANO,HERMAN TOWN WARDS 1 & 2,SPRING GENERAL,JUSTICE OF THE SUPREME COURT,NONPARTISAN,ANN W. BRADLEY,164,164
2005,APRIL,SHAWANO,HERMAN TOWN WARDS 1 & 2,SPRING GENERAL,JUSTICE OF THE SUPREME COURT,NONPARTISAN,SCATTERING,164,0
2005,APRIL,SHAWANO,HUTCHINS TOWN WARD 1,SPRING GENERAL,JUSTICE OF THE SUPREME COURT,NONPARTISAN,ANN W. BRADLEY,79,79
2005,APRIL,SHAWANO,HUTCHINS TOWN WARD 1,SPRING GENERAL,JUSTICE OF THE SUPREME COURT,NONPARTISAN,SCATTERING,79,0
2005,APRIL,SHAWANO,LESSOR TOWN WARDS 1 & 2,SPRING GENERAL,JUSTICE OF THE SUPREME COURT,NONPARTISAN,ANN W. BRADLEY,136,136
2005,APRIL,SHAWANO,LESSOR TOWN WARDS 1 & 2,SPRING GENERAL,JUSTICE OF THE SUPREME COURT,NONPARTISAN,SCATTERING,136,0
2005,APRIL,SHAWANO,MAPLE GROVE TOWN WARDS 1 & 2,SPRING GENERAL,JUSTICE OF THE SUPREME COURT,NONPARTISAN,ANN W. BRADLEY,127,127
2005,APRIL,SHAWANO,MAPLE GROVE TOWN WARDS 1 & 2,SPRING GENERAL,JUSTICE OF THE SUPREME COURT,NONPARTISAN,SCATTERING,127,0
2005,APRIL,SHAWANO,MORRIS TOWN WARDS 1 & 2,SPRING GENERAL,JUSTICE OF THE SUPREME COURT,NONPARTISAN,ANN W. BRADLEY,170,170
2005,APRIL,SHAWANO,MORRIS TOWN WARDS 1 & 2,SPRING GENERAL,JUSTICE OF THE SUPREME COURT,NONPARTISAN,SCATTERING,170,0
2005,APRIL,SHAWANO,NAVARINO TOWN WARD 1,SPRING GENERAL,JUSTICE OF THE SUPREME COURT,NONPARTISAN,ANN W. BRADLEY,45,45
2005,APRIL,SHAWANO,NAVARINO TOWN WARD 1,SPRING GENERAL,JUSTICE OF THE SUPREME COURT,NONPARTISAN,SCATTERING,45,0
2005,APRIL,SHAWANO,PELLA TOWN WARD 1,SPRING GENERAL,JUSTICE OF THE SUPREME COURT,NONPARTISAN,ANN W. BRADLEY,92,92
2005,APRIL,SHAWANO,PELLA TOWN WARD 1,SPRING GENERAL,JUSTICE OF THE SUPREME COURT,NONPARTISAN,SCATTERING,92,0
2005,APRIL,SHAWANO,RED SPRINGS TOWN WARD 1,SPRING GENERAL,JUSTICE OF THE SUPREME COURT,NONPARTISAN,ANN W. BRADLEY,304,304
2005,APRIL,SHAWANO,RED SPRINGS TOWN WARD 1,SPRING GENERAL,JUSTICE OF THE SUPREME COURT,NONPARTISAN,SCATTERING,304,0
2005,APRIL,SHAWANO,RICHMOND TOWN WARDS 1 - 3,SPRING GENERAL,JUSTICE OF THE SUPREME COURT,NONPARTISAN,ANN W. BRADLEY,216,216
2005,APRIL,SHAWANO,RICHMOND TOWN WARDS 1 - 3,SPRING GENERAL,JUSTICE OF THE SUPREME COURT,NONPARTISAN,SCATTERING,216,0
2005,APRIL,SHAWANO,SENECA TOWN WARD 1,SPRING GENERAL,JUSTICE OF THE SUPREME COURT,NONPARTISAN,ANN W. BRADLEY,85,85
2005,APRIL,SHAWANO,SENECA TOWN WARD 1,SPRING GENERAL,JUSTICE OF THE SUPREME COURT,NONPARTISAN,SCATTERING,85,0
2005,APRIL,SHAWANO,WASHINGTON TOWN WARDS 1 & 2,SPRING GENERAL,JUSTICE OF THE SUPREME COURT,NONPARTISAN,ANN W. BRADLEY,161,161
2005,APRIL,SHAWANO,WASHINGTON TOWN WARDS 1 & 2,SPRING GENERAL,JUSTICE OF THE SUPREME COURT,NONPARTISAN,SCATTERING,161,0
2005,APRIL,SHAWANO,WAUKECHON TOWN WARDS 1 & 2,SPRING GENERAL,JUSTICE OF THE SUPREME COURT,NONPARTISAN,ANN W. BRADLEY,66,66
2005,APRIL,SHAWANO,WAUKECHON TOWN WARDS 1 & 2,SPRING GENERAL,JUSTICE OF THE SUPREME COURT,NONPARTISAN,SCATTERING,66,0
2005,APRIL,SHAWANO,WESCOTT TOWN WARDS 1 - 5,SPRING GENERAL,JUSTICE OF THE SUPREME COURT,NONPARTISAN,ANN W. BRADLEY,551,550
2005,APRIL,SHAWANO,WESCOTT TOWN WARDS 1 - 5,SPRING GENERAL,JUSTICE OF THE SUPREME COURT,NONPARTISAN,SCATTERING,551,1
2005,APRIL,SHAWANO,WITTENBERG TOWN WARDS 1 & 2,SPRING GENERAL,JUSTICE OF THE SUPREME COURT,NONPARTISAN,ANN W. BRADLEY,69,69
2005,APRIL,SHAWANO,WITTENBERG TOWN WARDS 1 & 2,SPRING GENERAL,JUSTICE OF THE SUPREME COURT,NONPARTISAN,SCATTERING,69,0
2005,APRIL,SHAWANO,ANIWA VILLAGE WARD 1,SPRING GENERAL,JUSTICE OF THE SUPREME COURT,NONPARTISAN,ANN W. BRADLEY,47,47
2005,APRIL,SHAWANO,ANIWA VILLAGE WARD 1,SPRING GENERAL,JUSTICE OF THE SUPREME COURT,NONPARTISAN,SCATTERING,47,0
2005,APRIL,SHAWANO,BIRNAMWOOD VILLAGE WARD 1,SPRING GENERAL,JUSTICE OF THE SUPREME COURT,NONPARTISAN,ANN W. BRADLEY,38,38
2005,APRIL,SHAWANO,BIRNAMWOOD VILLAGE WARD 1,SPRING GENERAL,JUSTICE OF THE SUPREME COURT,NONPARTISAN,SCATTERING,38,0
2005,APRIL,SHAWANO,BONDUEL VILLAGE WARDS 1 & 2,SPRING GENERAL,JUSTICE OF THE SUPREME COURT,NONPARTISAN,ANN W. BRADLEY,205,205
2005,APRIL,SHAWANO,BONDUEL VILLAGE WARDS 1 & 2,SPRING GENERAL,JUSTICE OF THE SUPREME COURT,NONPARTISAN,SCATTERING,205,0
2005,APRIL,SHAWANO,BOWLER VILLAGE WARD 1,SPRING GENERAL,JUSTICE OF THE SUPREME COURT,NONPARTISAN,ANN W. BRADLEY,50,50
2005,APRIL,SHAWANO,BOWLER VILLAGE WARD 1,SPRING GENERAL,JUSTICE OF THE SUPREME COURT,NONPARTISAN,SCATTERING,50,0
2005,APRIL,SHAWANO,CECIL VILLAGE WARD 1,SPRING GENERAL,JUSTICE OF THE SUPREME COURT,NONPARTISAN,ANN W. BRADLEY,86,86
2005,APRIL,SHAWANO,CECIL VILLAGE WARD 1,SPRING GENERAL,JUSTICE OF THE SUPREME COURT,NONPARTISAN,SCATTERING,86,0
2005,APRIL,SHAWANO,ELAND VILLAGE WARD 1,SPRING GENERAL,JUSTICE OF THE SUPREME COURT,NONPARTISAN,ANN W. BRADLEY,49,49
2005,APRIL,SHAWANO,ELAND VILLAGE WARD 1,SPRING GENERAL,JUSTICE OF THE SUPREME COURT,NONPARTISAN,SCATTERING,49,0
2005,APRIL,SHAWANO,GRESHAM VILLAGE WARD 1,SPRING GENERAL,JUSTICE OF THE SUPREME COURT,NONPARTISAN,ANN W. BRADLEY,65,65
2005,APRIL,SHAWANO,GRESHAM VILLAGE WARD 1,SPRING GENERAL,JUSTICE OF THE SUPREME COURT,NONPARTISAN,SCATTERING,65,0
2005,APRIL,SHAWANO,MATTOON VILLAGE WARD 1,SPRING GENERAL,JUSTICE OF THE SUPREME COURT,NONPARTISAN,ANN W. BRADLEY,90,90
2005,APRIL,SHAWANO,MATTOON VILLAGE WARD 1,SPRING GENERAL,JUSTICE OF THE SUPREME COURT,NONPARTISAN,SCATTERING,90,0
2005,APRIL,SHAWANO,PULASKI VILLAGE WARD 4,SPRING GENERAL,JUSTICE OF THE SUPREME COURT,NONPARTISAN,ANN W. BRADLEY,13,13
2005,APRIL,SHAWANO,PULASKI VILLAGE WARD 4,SPRING GENERAL,JUSTICE OF THE SUPREME COURT,NONPARTISAN,SCATTERING,13,0
2005,APRIL,SHAWANO,TIGERTON VILLAGE WARD 1,SPRING GENERAL,JUSTICE OF THE SUPREME COURT,NONPARTISAN,ANN W. BRADLEY,56,56
2005,APRIL,SHAWANO,TIGERTON VILLAGE WARD 1,SPRING GENERAL,JUSTICE OF THE SUPREME COURT,NONPARTISAN,SCATTERING,56,0
2005,APRIL,SHAWANO,WITTENBERG VILLAGE WARDS 1 & 2,SPRING GENERAL,JUSTICE OF THE SUPREME COURT,NONPARTISAN,ANN W. BRADLEY,231,231
2005,APRIL,SHAWANO,WITTENBERG VILLAGE WARDS 1 & 2,SPRING GENERAL,JUSTICE OF THE SUPREME COURT,NONPARTISAN,SCATTERING,231,0
2005,APRIL,SHAWANO,MARION CITY WARD 4,SPRING GENERAL,JUSTICE OF THE SUPREME COURT,NONPARTISAN,ANN W. BRADLEY,2,2
2005,APRIL,SHAWANO,MARION CITY WARD 4,SPRING GENERAL,JUSTICE OF THE SUPREME COURT,NONPARTISAN,SCATTERING,2,0
2005,APRIL,SHAWANO,SHAWANO CITY WARDS 1 & 2,SPRING GENERAL,JUSTICE OF THE SUPREME COURT,NONPARTISAN,ANN W. BRADLEY,82,82
2005,APRIL,SHAWANO,SHAWANO CITY WARDS 1 & 2,SPRING GENERAL,JUSTICE OF THE SUPREME COURT,NONPARTISAN,SCATTERING,82,0
2005,APRIL,SHAWANO,SHAWANO CITY WARDS 3 & 4,SPRING GENERAL,JUSTICE OF THE SUPREME COURT,NONPARTISAN,ANN W. BRADLEY,69,69
2005,APRIL,SHAWANO,SHAWANO CITY WARDS 3 & 4,SPRING GENERAL,JUSTICE OF THE SUPREME COURT,NONPARTISAN,SCATTERING,69,0
2005,APRIL,SHAWANO,SHAWANO CITY WARDS 5 & 6,SPRING GENERAL,JUSTICE OF THE SUPREME COURT,NONPARTISAN,ANN W. BRADLEY,102,102
2005,APRIL,SHAWANO,SHAWANO CITY WARDS 5 & 6,SPRING GENERAL,JUSTICE OF THE SUPREME COURT,NONPARTISAN,SCATTERING,102,0
2005,APRIL,SHAWANO,SHAWANO CITY WARDS 7 & 8,SPRING GENERAL,JUSTICE OF THE SUPREME COURT,NONPARTISAN,ANN W. BRADLEY,76,76
2005,APRIL,SHAWANO,SHAWANO CITY WARDS 7 & 8,SPRING GENERAL,JUSTICE OF THE SUPREME COURT,NONPARTISAN,SCATTERING,76,0
2005,APRIL,SHAWANO,SHAWANO CITY WARDS 9 & 10,SPRING GENERAL,JUSTICE OF THE SUPREME COURT,NONPARTISAN,ANN W. BRADLEY,77,77
2005,APRIL,SHAWANO,SHAWANO CITY WARDS 9 & 10,SPRING GENERAL,JUSTICE OF THE SUPREME COURT,NONPARTISAN,SCATTERING,77,0
2005,APRIL,SHAWANO,SHAWANO CITY WARDS 11 & 12,SPRING GENERAL,JUSTICE OF THE SUPREME COURT,NONPARTISAN,ANN W. BRADLEY,110,110
2005,APRIL,SHAWANO,SHAWANO CITY WARDS 11 & 12,SPRING GENERAL,JUSTICE OF THE SUPREME COURT,NONPARTISAN,SCATTERING,110,0
2005,APRIL,SHEBOYGAN,GREENBUSH TOWN WARDS 1 - 4,SPRING GENERAL,JUSTICE OF THE SUPREME COURT,NONPARTISAN,ANN W. BRADLEY,96,96
2005,APRIL,SHEBOYGAN,GREENBUSH TOWN WARDS 1 - 4,SPRING GENERAL,JUSTICE OF THE SUPREME COURT,NONPARTISAN,SCATTERING,96,0
2005,APRIL,SHEBOYGAN,HERMAN TOWN WARDS 1 - 3,SPRING GENERAL,JUSTICE OF THE SUPREME COURT,NONPARTISAN,ANN W. BRADLEY,89,89
2005,APRIL,SHEBOYGAN,HERMAN TOWN WARDS 1 - 3,SPRING GENERAL,JUSTICE OF THE SUPREME COURT,NONPARTISAN,SCATTERING,89,0
2005,APRIL,SHEBOYGAN,HOLLAND TOWN WARDS 1 - 4,SPRING GENERAL,JUSTICE OF THE SUPREME COURT,NONPARTISAN,ANN W. BRADLEY,368,368
2005,APRIL,SHEBOYGAN,HOLLAND TOWN WARDS 1 - 4,SPRING GENERAL,JUSTICE OF THE SUPREME COURT,NONPARTISAN,SCATTERING,368,0
2005,APRIL,SHEBOYGAN,LIMA TOWN WARDS 1 - 4,SPRING GENERAL,JUSTICE OF THE SUPREME COURT,NONPARTISAN,ANN W. BRADLEY,236,235
2005,APRIL,SHEBOYGAN,LIMA TOWN WARDS 1 - 4,SPRING GENERAL,JUSTICE OF THE SUPREME COURT,NONPARTISAN,SCATTERING,236,1
2005,APRIL,SHEBOYGAN,LYNDON TOWN WARDS 1 & 2,SPRING GENERAL,JUSTICE OF THE SUPREME COURT,NONPARTISAN,ANN W. BRADLEY,167,166
2005,APRIL,SHEBOYGAN,LYNDON TOWN WARDS 1 & 2,SPRING GENERAL,JUSTICE OF THE SUPREME COURT,NONPARTISAN,SCATTERING,167,1
2005,APRIL,SHEBOYGAN,MITCHELL TOWN WARDS 1 & 2,SPRING GENERAL,JUSTICE OF THE SUPREME COURT,NONPARTISAN,ANN W. BRADLEY,92,92
2005,APRIL,SHEBOYGAN,MITCHELL TOWN WARDS 1 & 2,SPRING GENERAL,JUSTICE OF THE SUPREME COURT,NONPARTISAN,SCATTERING,92,0
2005,APRIL,SHEBOYGAN,MOSEL TOWN WARD 1,SPRING GENERAL,JUSTICE OF THE SUPREME COURT,NONPARTISAN,ANN W. BRADLEY,104,104
2005,APRIL,SHEBOYGAN,MOSEL TOWN WARD 1,SPRING GENERAL,JUSTICE OF THE SUPREME COURT,NONPARTISAN,SCATTERING,104,0
2005,APRIL,SHEBOYGAN,PLYMOUTH TOWN WARDS 1 - 4,SPRING GENERAL,JUSTICE OF THE SUPREME COURT,NONPARTISAN,ANN W. BRADLEY,314,314
2005,APRIL,SHEBOYGAN,PLYMOUTH TOWN WARDS 1 - 4,SPRING GENERAL,JUSTICE OF THE SUPREME COURT,NONPARTISAN,SCATTERING,314,0
2005,APRIL,SHEBOYGAN,RHINE TOWN WARDS 1 - 3,SPRING GENERAL,JUSTICE OF THE SUPREME COURT,NONPARTISAN,ANN W. BRADLEY,304,304
2005,APRIL,SHEBOYGAN,RHINE TOWN WARDS 1 - 3,SPRING GENERAL,JUSTICE OF THE SUPREME COURT,NONPARTISAN,SCATTERING,304,0
2005,APRIL,SHEBOYGAN,RUSSELL TOWN WARD 1,SPRING GENERAL,JUSTICE OF THE SUPREME COURT,NONPARTISAN,ANN W. BRADLEY,59,59
2005,APRIL,SHEBOYGAN,RUSSELL TOWN WARD 1,SPRING GENERAL,JUSTICE OF THE SUPREME COURT,NONPARTISAN,SCATTERING,59,0
2005,APRIL,SHEBOYGAN,SCOTT TOWN WARDS 1 & 2,SPRING GENERAL,JUSTICE OF THE SUPREME COURT,NONPARTISAN,ANN W. BRADLEY,231,231
2005,APRIL,SHEBOYGAN,SCOTT TOWN WARDS 1 & 2,SPRING GENERAL,JUSTICE OF THE SUPREME COURT,NONPARTISAN,SCATTERING,231,0
2005,APRIL,SHEBOYGAN,SHEBOYGAN TOWN WARDS 1 - 4,SPRING GENERAL,JUSTICE OF THE SUPREME COURT,NONPARTISAN,ANN W. BRADLEY,779,778
2005,APRIL,SHEBOYGAN,SHEBOYGAN TOWN WARDS 1 - 4,SPRING GENERAL,JUSTICE OF THE SUPREME COURT,NONPARTISAN,SCATTERING,779,1
2005,APRIL,SHEBOYGAN,SHEBOYGAN TOWN WARDS 5 - 7,SPRING GENERAL,JUSTICE OF THE SUPREME COURT,NONPARTISAN,ANN W. BRADLEY,681,680
2005,APRIL,SHEBOYGAN,SHEBOYGAN TOWN WARDS 5 - 7,SPRING GENERAL,JUSTICE OF THE SUPREME COURT,NONPARTISAN,SCATTERING,681,1
2005,APRIL,SHEBOYGAN,SHEBOYGAN FALLS TOWN WARDS 1 & 2,SPRING GENERAL,JUSTICE OF THE SUPREME COURT,NONPARTISAN,ANN W. BRADLEY,227,227
2005,APRIL,SHEBOYGAN,SHEBOYGAN FALLS TOWN WARDS 1 & 2,SPRING GENERAL,JUSTICE OF THE SUPREME COURT,NONPARTISAN,SCATTERING,227,0
2005,APRIL,SHEBOYGAN,SHERMAN TOWN WARDS 1 & 2,SPRING GENERAL,JUSTICE OF THE SUPREME COURT,NONPARTISAN,ANN W. BRADLEY,128,128
2005,APRIL,SHEBOYGAN,SHERMAN TOWN WARDS 1 & 2,SPRING GENERAL,JUSTICE OF THE SUPREME COURT,NONPARTISAN,SCATTERING,128,0
2005,APRIL,SHEBOYGAN,WILSON TOWN WARDS 1 - 4,SPRING GENERAL,JUSTICE OF THE SUPREME COURT,NONPARTISAN,ANN W. BRADLEY,667,666
2005,APRIL,SHEBOYGAN,WILSON TOWN WARDS 1 - 4,SPRING GENERAL,JUSTICE OF THE SUPREME COURT,NONPARTISAN,SCATTERING,667,1
2005,APRIL,SHEBOYGAN,ADELL VILLAGE WARD 1,SPRING GENERAL,JUSTICE OF THE SUPREME COURT,NONPARTISAN,ANN W. BRADLEY,73,73
2005,APRIL,SHEBOYGAN,ADELL VILLAGE WARD 1,SPRING GENERAL,JUSTICE OF THE SUPREME COURT,NONPARTISAN,SCATTERING,73,0
2005,APRIL,SHEBOYGAN,CASCADE VILLAGE WARD 1,SPRING GENERAL,JUSTICE OF THE SUPREME COURT,NONPARTISAN,ANN W. BRADLEY,56,56
2005,APRIL,SHEBOYGAN,CASCADE VILLAGE WARD 1,SPRING GENERAL,JUSTICE OF THE SUPREME COURT,NONPARTISAN,SCATTERING,56,0
2005,APRIL,SHEBOYGAN,CEDAR GROVE VILLAGE WARDS 1 & 2,SPRING GENERAL,JUSTICE OF THE SUPREME COURT,NONPARTISAN,ANN W. BRADLEY,162,162
2005,APRIL,SHEBOYGAN,CEDAR GROVE VILLAGE WARDS 1 & 2,SPRING GENERAL,JUSTICE OF THE SUPREME COURT,NONPARTISAN,SCATTERING,162,0
2005,APRIL,SHEBOYGAN,ELKHART LAKE VILLAGE WARDS 1 - 3,SPRING GENERAL,JUSTICE OF THE SUPREME COURT,NONPARTISAN,ANN W. BRADLEY,114,113
2005,APRIL,SHEBOYGAN,ELKHART LAKE VILLAGE WARDS 1 - 3,SPRING GENERAL,JUSTICE OF THE SUPREME COURT,NONPARTISAN,SCATTERING,114,1
2005,APRIL,SHEBOYGAN,GLENBEULAH VILLAGE WARD 1,SPRING GENERAL,JUSTICE OF THE SUPREME COURT,NONPARTISAN,ANN W. BRADLEY,53,53
2005,APRIL,SHEBOYGAN,GLENBEULAH VILLAGE WARD 1,SPRING GENERAL,JUSTICE OF THE SUPREME COURT,NONPARTISAN,SCATTERING,53,0
2005,APRIL,SHEBOYGAN,HOWARDS GROVE VILLAGE WARDS 1 - 3,SPRING GENERAL,JUSTICE OF THE SUPREME COURT,NONPARTISAN,ANN W. BRADLEY,169,169
2005,APRIL,SHEBOYGAN,HOWARDS GROVE VILLAGE WARDS 1 - 3,SPRING GENERAL,JUSTICE OF THE SUPREME COURT,NONPARTISAN,SCATTERING,169,0
2005,APRIL,SHEBOYGAN,KOHLER VILLAGE WARDS 1 - 3,SPRING GENERAL,JUSTICE OF THE SUPREME COURT,NONPARTISAN,ANN W. BRADLEY,250,250
2005,APRIL,SHEBOYGAN,KOHLER VILLAGE WARDS 1 - 3,SPRING GENERAL,JUSTICE OF THE SUPREME COURT,NONPARTISAN,SCATTERING,250,0
2005,APRIL,SHEBOYGAN,OOSTBURG VILLAGE WARDS 1 - 4,SPRING GENERAL,JUSTICE OF THE SUPREME COURT,NONPARTISAN,ANN W. BRADLEY,258,258
2005,APRIL,SHEBOYGAN,OOSTBURG VILLAGE WARDS 1 - 4,SPRING GENERAL,JUSTICE OF THE SUPREME COURT,NONPARTISAN,SCATTERING,258,0
2005,APRIL,SHEBOYGAN,RANDOM LAKE VILLAGE WARDS 1 & 2,SPRING GENERAL,JUSTICE OF THE SUPREME COURT,NONPARTISAN,ANN W. BRADLEY,345,344
2005,APRIL,SHEBOYGAN,RANDOM LAKE VILLAGE WARDS 1 & 2,SPRING GENERAL,JUSTICE OF THE SUPREME COURT,NONPARTISAN,SCATTERING,345,1
2005,APRIL,SHEBOYGAN,WALDO VILLAGE WARD 1,SPRING GENERAL,JUSTICE OF THE SUPREME COURT,NONPARTISAN,ANN W. BRADLEY,99,99
2005,APRIL,SHEBOYGAN,WALDO VILLAGE WARD 1,SPRING GENERAL,JUSTICE OF THE SUPREME COURT,NONPARTISAN,SCATTERING,99,0
2005,APRIL,SHEBOYGAN,PLYMOUTH CITY WARDS 1 - 3,SPRING GENERAL,JUSTICE OF THE SUPREME COURT,NONPARTISAN,ANN W. BRADLEY,120,120
2005,APRIL,SHEBOYGAN,PLYMOUTH CITY WARDS 1 - 3,SPRING GENERAL,JUSTICE OF THE SUPREME COURT,NONPARTISAN,SCATTERING,120,0
2005,APRIL,SHEBOYGAN,PLYMOUTH CITY WARDS 4 & 5,SPRING GENERAL,JUSTICE OF THE SUPREME COURT,NONPARTISAN,ANN W. BRADLEY,143,143
2005,APRIL,SHEBOYGAN,PLYMOUTH CITY WARDS 4 & 5,SPRING GENERAL,JUSTICE OF THE SUPREME COURT,NONPARTISAN,SCATTERING,143,0
2005,APRIL,SHEBOYGAN,PLYMOUTH CITY WARDS 6 - 8,SPRING GENERAL,JUSTICE OF THE SUPREME COURT,NONPARTISAN,ANN W. BRADLEY,141,139
2005,APRIL,SHEBOYGAN,PLYMOUTH CITY WARDS 6 - 8,SPRING GENERAL,JUSTICE OF THE SUPREME COURT,NONPARTISAN,SCATTERING,141,2
2005,APRIL,SHEBOYGAN,PLYMOUTH CITY WARDS 9 & 10,SPRING GENERAL,JUSTICE OF THE SUPREME COURT,NONPARTISAN,ANN W. BRADLEY,185,184
2005,APRIL,SHEBOYGAN,PLYMOUTH CITY WARDS 9 & 10,SPRING GENERAL,JUSTICE OF THE SUPREME COURT,NONPARTISAN,SCATTERING,185,1
2005,APRIL,SHEBOYGAN,SHEBOYGAN CITY WARD 1,SPRING GENERAL,JUSTICE OF THE SUPREME COURT,NONPARTISAN,ANN W. BRADLEY,641,638
2005,APRIL,SHEBOYGAN,SHEBOYGAN CITY WARD 1,SPRING GENERAL,JUSTICE OF THE SUPREME COURT,NONPARTISAN,SCATTERING,641,3
2005,APRIL,SHEBOYGAN,SHEBOYGAN CITY WARD 2,SPRING GENERAL,JUSTICE OF THE SUPREME COURT,NONPARTISAN,ANN W. BRADLEY,689,687
2005,APRIL,SHEBOYGAN,SHEBOYGAN CITY WARD 2,SPRING GENERAL,JUSTICE OF THE SUPREME COURT,NONPARTISAN,SCATTERING,689,2
2005,APRIL,SHEBOYGAN,SHEBOYGAN CITY WARD 3,SPRING GENERAL,JUSTICE OF THE SUPREME COURT,NONPARTISAN,ANN W. BRADLEY,466,465
2005,APRIL,SHEBOYGAN,SHEBOYGAN CITY WARD 3,SPRING GENERAL,JUSTICE OF THE SUPREME COURT,NONPARTISAN,SCATTERING,466,1
2005,APRIL,SHEBOYGAN,SHEBOYGAN CITY WARD 4,SPRING GENERAL,JUSTICE OF THE SUPREME COURT,NONPARTISAN,ANN W. BRADLEY,446,445
2005,APRIL,SHEBOYGAN,SHEBOYGAN CITY WARD 4,SPRING GENERAL,JUSTICE OF THE SUPREME COURT,NONPARTISAN,SCATTERING,446,1
2005,APRIL,SHEBOYGAN,SHEBOYGAN CITY WARD 5,SPRING GENERAL,JUSTICE OF THE SUPREME COURT,NONPARTISAN,ANN W. BRADLEY,326,324
2005,APRIL,SHEBOYGAN,SHEBOYGAN CITY WARD 5,SPRING GENERAL,JUSTICE OF THE SUPREME COURT,NONPARTISAN,SCATTERING,326,2
2005,APRIL,SHEBOYGAN,SHEBOYGAN CITY WARD 6,SPRING GENERAL,JUSTICE OF THE SUPREME COURT,NONPARTISAN,ANN W. BRADLEY,705,704
2005,APRIL,SHEBOYGAN,SHEBOYGAN CITY WARD 6,SPRING GENERAL,JUSTICE OF THE SUPREME COURT,NONPARTISAN,SCATTERING,705,1
2005,APRIL,SHEBOYGAN,SHEBOYGAN CITY WARD 7,SPRING GENERAL,JUSTICE OF THE SUPREME COURT,NONPARTISAN,ANN W. BRADLEY,465,465
2005,APRIL,SHEBOYGAN,SHEBOYGAN CITY WARD 7,SPRING GENERAL,JUSTICE OF THE SUPREME COURT,NONPARTISAN,SCATTERING,465,0
2005,APRIL,SHEBOYGAN,SHEBOYGAN CITY WARD 8,SPRING GENERAL,JUSTICE OF THE SUPREME COURT,NONPARTISAN,ANN W. BRADLEY,757,756
2005,APRIL,SHEBOYGAN,SHEBOYGAN CITY WARD 8,SPRING GENERAL,JUSTICE OF THE SUPREME COURT,NONPARTISAN,SCATTERING,757,1
2005,APRIL,SHEBOYGAN,SHEBOYGAN CITY WARD 9,SPRING GENERAL,JUSTICE OF THE SUPREME COURT,NONPARTISAN,ANN W. BRADLEY,582,582
2005,APRIL,SHEBOYGAN,SHEBOYGAN CITY WARD 9,SPRING GENERAL,JUSTICE OF THE SUPREME COURT,NONPARTISAN,SCATTERING,582,0
2005,APRIL,SHEBOYGAN,SHEBOYGAN CITY WARD 10,SPRING GENERAL,JUSTICE OF THE SUPREME COURT,NONPARTISAN,ANN W. BRADLEY,648,648
2005,APRIL,SHEBOYGAN,SHEBOYGAN CITY WARD 10,SPRING GENERAL,JUSTICE OF THE SUPREME COURT,NONPARTISAN,SCATTERING,648,0
2005,APRIL,SHEBOYGAN,SHEBOYGAN CITY WARD 11,SPRING GENERAL,JUSTICE OF THE SUPREME COURT,NONPARTISAN,ANN W. BRADLEY,625,625
2005,APRIL,SHEBOYGAN,SHEBOYGAN CITY WARD 11,SPRING GENERAL,JUSTICE OF THE SUPREME COURT,NONPARTISAN,SCATTERING,625,0
2005,APRIL,SHEBOYGAN,SHEBOYGAN CITY WARD 12,SPRING GENERAL,JUSTICE OF THE SUPREME COURT,NONPARTISAN,ANN W. BRADLEY,573,573
2005,APRIL,SHEBOYGAN,SHEBOYGAN CITY WARD 12,SPRING GENERAL,JUSTICE OF THE SUPREME COURT,NONPARTISAN,SCATTERING,573,0
2005,APRIL,SHEBOYGAN,SHEBOYGAN CITY WARD 13,SPRING GENERAL,JUSTICE OF THE SUPREME COURT,NONPARTISAN,ANN W. BRADLEY,889,886
2005,APRIL,SHEBOYGAN,SHEBOYGAN CITY WARD 13,SPRING GENERAL,JUSTICE OF THE SUPREME COURT,NONPARTISAN,SCATTERING,889,3
2005,APRIL,SHEBOYGAN,SHEBOYGAN CITY WARD 14,SPRING GENERAL,JUSTICE OF THE SUPREME COURT,NONPARTISAN,ANN W. BRADLEY,784,782
2005,APRIL,SHEBOYGAN,SHEBOYGAN CITY WARD 14,SPRING GENERAL,JUSTICE OF THE SUPREME COURT,NONPARTISAN,SCATTERING,784,2
2005,APRIL,SHEBOYGAN,SHEBOYGAN CITY WARD 15,SPRING GENERAL,JUSTICE OF THE SUPREME COURT,NONPARTISAN,ANN W. BRADLEY,506,505
2005,APRIL,SHEBOYGAN,SHEBOYGAN CITY WARD 15,SPRING GENERAL,JUSTICE OF THE SUPREME COURT,NONPARTISAN,SCATTERING,506,1
2005,APRIL,SHEBOYGAN,SHEBOYGAN CITY WARD 16,SPRING GENERAL,JUSTICE OF THE SUPREME COURT,NONPARTISAN,ANN W. BRADLEY,314,313
2005,APRIL,SHEBOYGAN,SHEBOYGAN CITY WARD 16,SPRING GENERAL,JUSTICE OF THE SUPREME COURT,NONPARTISAN,SCATTERING,314,1
2005,APRIL,SHEBOYGAN,SHEBOYGAN CITY WARD 17,SPRING GENERAL,JUSTICE OF THE SUPREME COURT,NONPARTISAN,ANN W. BRADLEY,0,0
2005,APRIL,SHEBOYGAN,SHEBOYGAN CITY WARD 17,SPRING GENERAL,JUSTICE OF THE SUPREME COURT,NONPARTISAN,SCATTERING,0,0
2005,APRIL,SHEBOYGAN,SHEBOYGAN CITY WARD 18,SPRING GENERAL,JUSTICE OF THE SUPREME COURT,NONPARTISAN,ANN W. BRADLEY,2,2
2005,APRIL,SHEBOYGAN,SHEBOYGAN CITY WARD 18,SPRING GENERAL,JUSTICE OF THE SUPREME COURT,NONPARTISAN,SCATTERING,2,0
2005,APRIL,SHEBOYGAN,SHEBOYGAN CITY WARD 19,SPRING GENERAL,JUSTICE OF THE SUPREME COURT,NONPARTISAN,ANN W. BRADLEY,0,0
2005,APRIL,SHEBOYGAN,SHEBOYGAN CITY WARD 19,SPRING GENERAL,JUSTICE OF THE SUPREME COURT,NONPARTISAN,SCATTERING,0,0
2005,APRIL,SHEBOYGAN,SHEBOYGAN CITY WARD 20,SPRING GENERAL,JUSTICE OF THE SUPREME COURT,NONPARTISAN,ANN W. BRADLEY,3,3
2005,APRIL,SHEBOYGAN,SHEBOYGAN CITY WARD 20,SPRING GENERAL,JUSTICE OF THE SUPREME COURT,NONPARTISAN,SCATTERING,3,0
2005,APRIL,SHEBOYGAN,SHEBOYGAN CITY WARD 21,SPRING GENERAL,JUSTICE OF THE SUPREME COURT,NONPARTISAN,ANN W. BRADLEY,1,1
2005,APRIL,SHEBOYGAN,SHEBOYGAN CITY WARD 21,SPRING GENERAL,JUSTICE OF THE SUPREME COURT,NONPARTISAN,SCATTERING,1,0
2005,APRIL,SHEBOYGAN,SHEBOYGAN CITY WARD 22,SPRING GENERAL,JUSTICE OF THE SUPREME COURT,NONPARTISAN,ANN W. BRADLEY,1,1
2005,APRIL,SHEBOYGAN,SHEBOYGAN CITY WARD 22,SPRING GENERAL,JUSTICE OF THE SUPREME COURT,NONPARTISAN,SCATTERING,1,0
2005,APRIL,SHEBOYGAN,SHEBOYGAN CITY WARD 23,SPRING GENERAL,JUSTICE OF THE SUPREME COURT,NONPARTISAN,ANN W. BRADLEY,0,0
2005,APRIL,SHEBOYGAN,SHEBOYGAN CITY WARD 23,SPRING GENERAL,JUSTICE OF THE SUPREME COURT,NONPARTISAN,SCATTERING,0,0
2005,APRIL,SHEBOYGAN,"SHEBOYGAN FALLS CITY WARDS 1, 2 & 9",SPRING GENERAL,JUSTICE OF THE SUPREME COURT,NONPARTISAN,ANN W. BRADLEY,377,376
2005,APRIL,SHEBOYGAN,"SHEBOYGAN FALLS CITY WARDS 1, 2 & 9",SPRING GENERAL,JUSTICE OF THE SUPREME COURT,NONPARTISAN,SCATTERING,377,1
2005,APRIL,SHEBOYGAN,"SHEBOYGAN FALLS CITY WARDS 3, 4 & 10",SPRING GENERAL,JUSTICE OF THE SUPREME COURT,NONPARTISAN,ANN W. BRADLEY,239,239
2005,APRIL,SHEBOYGAN,"SHEBOYGAN FALLS CITY WARDS 3, 4 & 10",SPRING GENERAL,JUSTICE OF THE SUPREME COURT,NONPARTISAN,SCATTERING,239,0
2005,APRIL,SHEBOYGAN,SHEBOYGAN FALLS CITY WARDS 5 - 8,SPRING GENERAL,JUSTICE OF THE SUPREME COURT,NONPARTISAN,ANN W. BRADLEY,191,191
2005,APRIL,SHEBOYGAN,SHEBOYGAN FALLS CITY WARDS 5 - 8,SPRING GENERAL,JUSTICE OF THE SUPREME COURT,NONPARTISAN,SCATTERING,191,0
2005,APRIL,ST. CROIX,BALDWIN TOWN WARD 1,SPRING GENERAL,JUSTICE OF THE SUPREME COURT,NONPARTISAN,ANN W. BRADLEY,125,125
2005,APRIL,ST. CROIX,BALDWIN TOWN WARD 1,SPRING GENERAL,JUSTICE OF THE SUPREME COURT,NONPARTISAN,SCATTERING,125,0
2005,APRIL,ST. CROIX,CADY TOWN WARD 1,SPRING GENERAL,JUSTICE OF THE SUPREME COURT,NONPARTISAN,ANN W. BRADLEY,63,62
2005,APRIL,ST. CROIX,CADY TOWN WARD 1,SPRING GENERAL,JUSTICE OF THE SUPREME COURT,NONPARTISAN,SCATTERING,63,1
2005,APRIL,ST. CROIX,CYLON TOWN WARD 1,SPRING GENERAL,JUSTICE OF THE SUPREME COURT,NONPARTISAN,ANN W. BRADLEY,130,130
2005,APRIL,ST. CROIX,CYLON TOWN WARD 1,SPRING GENERAL,JUSTICE OF THE SUPREME COURT,NONPARTISAN,SCATTERING,130,0
2005,APRIL,ST. CROIX,EAU GALLE TOWN WARDS 1 & 2,SPRING GENERAL,JUSTICE OF THE SUPREME COURT,NONPARTISAN,ANN W. BRADLEY,99,99
2005,APRIL,ST. CROIX,EAU GALLE TOWN WARDS 1 & 2,SPRING GENERAL,JUSTICE OF THE SUPREME COURT,NONPARTISAN,SCATTERING,99,0
2005,APRIL,ST. CROIX,EMERALD TOWN WARDS 1 & 2,SPRING GENERAL,JUSTICE OF THE SUPREME COURT,NONPARTISAN,ANN W. BRADLEY,59,59
2005,APRIL,ST. CROIX,EMERALD TOWN WARDS 1 & 2,SPRING GENERAL,JUSTICE OF THE SUPREME COURT,NONPARTISAN,SCATTERING,59,0
2005,APRIL,ST. CROIX,ERIN PRAIRIE TOWN WARD 1,SPRING GENERAL,JUSTICE OF THE SUPREME COURT,NONPARTISAN,ANN W. BRADLEY,145,144
2005,APRIL,ST. CROIX,ERIN PRAIRIE TOWN WARD 1,SPRING GENERAL,JUSTICE OF THE SUPREME COURT,NONPARTISAN,SCATTERING,145,1
2005,APRIL,ST. CROIX,FOREST TOWN WARD 1,SPRING GENERAL,JUSTICE OF THE SUPREME COURT,NONPARTISAN,ANN W. BRADLEY,39,39
2005,APRIL,ST. CROIX,FOREST TOWN WARD 1,SPRING GENERAL,JUSTICE OF THE SUPREME COURT,NONPARTISAN,SCATTERING,39,0
2005,APRIL,ST. CROIX,GLENWOOD TOWN WARD 1,SPRING GENERAL,JUSTICE OF THE SUPREME COURT,NONPARTISAN,ANN W. BRADLEY,155,155
2005,APRIL,ST. CROIX,GLENWOOD TOWN WARD 1,SPRING GENERAL,JUSTICE OF THE SUPREME COURT,NONPARTISAN,SCATTERING,155,0
2005,APRIL,ST. CROIX,HAMMOND TOWN WARD 1,SPRING GENERAL,JUSTICE OF THE SUPREME COURT,NONPARTISAN,ANN W. BRADLEY,123,123
2005,APRIL,ST. CROIX,HAMMOND TOWN WARD 1,SPRING GENERAL,JUSTICE OF THE SUPREME COURT,NONPARTISAN,SCATTERING,123,0
2005,APRIL,ST. CROIX,HUDSON TOWN WARDS 1 - 11,SPRING GENERAL,JUSTICE OF THE SUPREME COURT,NONPARTISAN,ANN W. BRADLEY,988,984
2005,APRIL,ST. CROIX,HUDSON TOWN WARDS 1 - 11,SPRING GENERAL,JUSTICE OF THE SUPREME COURT,NONPARTISAN,SCATTERING,988,4
2005,APRIL,ST. CROIX,KINNICKINNIC TOWN WARDS 1 - 3,SPRING GENERAL,JUSTICE OF THE SUPREME COURT,NONPARTISAN,ANN W. BRADLEY,119,119
2005,APRIL,ST. CROIX,KINNICKINNIC TOWN WARDS 1 - 3,SPRING GENERAL,JUSTICE OF THE SUPREME COURT,NONPARTISAN,SCATTERING,119,0
2005,APRIL,ST. CROIX,PLEASANT VALLEY TOWN WARD 1,SPRING GENERAL,JUSTICE OF THE SUPREME COURT,NONPARTISAN,ANN W. BRADLEY,100,99
2005,APRIL,ST. CROIX,PLEASANT VALLEY TOWN WARD 1,SPRING GENERAL,JUSTICE OF THE SUPREME COURT,NONPARTISAN,SCATTERING,100,1
2005,APRIL,ST. CROIX,RICHMOND TOWN WARDS 1 - 3,SPRING GENERAL,JUSTICE OF THE SUPREME COURT,NONPARTISAN,ANN W. BRADLEY,449,444
2005,APRIL,ST. CROIX,RICHMOND TOWN WARDS 1 - 3,SPRING GENERAL,JUSTICE OF THE SUPREME COURT,NONPARTISAN,SCATTERING,449,5
2005,APRIL,ST. CROIX,RUSH RIVER TOWN WARD 1,SPRING GENERAL,JUSTICE OF THE SUPREME COURT,NONPARTISAN,ANN W. BRADLEY,75,75
2005,APRIL,ST. CROIX,RUSH RIVER TOWN WARD 1,SPRING GENERAL,JUSTICE OF THE SUPREME COURT,NONPARTISAN,SCATTERING,75,0
2005,APRIL,ST. CROIX,ST JOSEPH TOWN WARDS 1 - 7,SPRING GENERAL,JUSTICE OF THE SUPREME COURT,NONPARTISAN,ANN W. BRADLEY,550,544
2005,APRIL,ST. CROIX,ST JOSEPH TOWN WARDS 1 - 7,SPRING GENERAL,JUSTICE OF THE SUPREME COURT,NONPARTISAN,SCATTERING,550,6
2005,APRIL,ST. CROIX,SOMERSET TOWN WARDS 1 - 5,SPRING GENERAL,JUSTICE OF THE SUPREME COURT,NONPARTISAN,ANN W. BRADLEY,815,807
2005,APRIL,ST. CROIX,SOMERSET TOWN WARDS 1 - 5,SPRING GENERAL,JUSTICE OF THE SUPREME COURT,NONPARTISAN,SCATTERING,815,8
2005,APRIL,ST. CROIX,SPRINGFIELD TOWN WARD 1,SPRING GENERAL,JUSTICE OF THE SUPREME COURT,NONPARTISAN,ANN W. BRADLEY,82,81
2005,APRIL,ST. CROIX,SPRINGFIELD TOWN WARD 1,SPRING GENERAL,JUSTICE OF THE SUPREME COURT,NONPARTISAN,SCATTERING,82,1
2005,APRIL,ST. CROIX,STANTON TOWN WARDS 1 & 2,SPRING GENERAL,JUSTICE OF THE SUPREME COURT,NONPARTISAN,ANN W. BRADLEY,215,212
2005,APRIL,ST. CROIX,STANTON TOWN WARDS 1 & 2,SPRING GENERAL,JUSTICE OF THE SUPREME COURT,NONPARTISAN,SCATTERING,215,3
2005,APRIL,ST. CROIX,STAR PRAIRIE TOWN WARDS 1 - 5,SPRING GENERAL,JUSTICE OF THE SUPREME COURT,NONPARTISAN,ANN W. BRADLEY,665,663
2005,APRIL,ST. CROIX,STAR PRAIRIE TOWN WARDS 1 - 5,SPRING GENERAL,JUSTICE OF THE SUPREME COURT,NONPARTISAN,SCATTERING,665,2
2005,APRIL,ST. CROIX,TROY TOWN WARDS 1 - 7,SPRING GENERAL,JUSTICE OF THE SUPREME COURT,NONPARTISAN,ANN W. BRADLEY,609,608
2005,APRIL,ST. CROIX,TROY TOWN WARDS 1 - 7,SPRING GENERAL,JUSTICE OF THE SUPREME COURT,NONPARTISAN,SCATTERING,609,1
2005,APRIL,ST. CROIX,WARREN TOWN WARDS 1 & 2,SPRING GENERAL,JUSTICE OF THE SUPREME COURT,NONPARTISAN,ANN W. BRADLEY,95,94
2005,APRIL,ST. CROIX,WARREN TOWN WARDS 1 & 2,SPRING GENERAL,JUSTICE OF THE SUPREME COURT,NONPARTISAN,SCATTERING,95,1
2005,APRIL,ST. CROIX,BALDWIN VILLAGE WARDS 1 - 5,SPRING GENERAL,JUSTICE OF THE SUPREME COURT,NONPARTISAN,ANN W. BRADLEY,142,140
2005,APRIL,ST. CROIX,BALDWIN VILLAGE WARDS 1 - 5,SPRING GENERAL,JUSTICE OF THE SUPREME COURT,NONPARTISAN,SCATTERING,142,2
2005,APRIL,ST. CROIX,DEER PARK VILLAGE WARD 1,SPRING GENERAL,JUSTICE OF THE SUPREME COURT,NONPARTISAN,ANN W. BRADLEY,32,32
2005,APRIL,ST. CROIX,DEER PARK VILLAGE WARD 1,SPRING GENERAL,JUSTICE OF THE SUPREME COURT,NONPARTISAN,SCATTERING,32,0
2005,APRIL,ST. CROIX,HAMMOND VILLAGE WARDS 1 & 2,SPRING GENERAL,JUSTICE OF THE SUPREME COURT,NONPARTISAN,ANN W. BRADLEY,107,107
2005,APRIL,ST. CROIX,HAMMOND VILLAGE WARDS 1 & 2,SPRING GENERAL,JUSTICE OF THE SUPREME COURT,NONPARTISAN,SCATTERING,107,0
2005,APRIL,ST. CROIX,NORTH HUDSON VILLAGE WARDS 1 - 6,SPRING GENERAL,JUSTICE OF THE SUPREME COURT,NONPARTISAN,ANN W. BRADLEY,541,541
2005,APRIL,ST. CROIX,NORTH HUDSON VILLAGE WARDS 1 - 6,SPRING GENERAL,JUSTICE OF THE SUPREME COURT,NONPARTISAN,SCATTERING,541,0
2005,APRIL,ST. CROIX,ROBERTS VILLAGE WARDS 1 & 2,SPRING GENERAL,JUSTICE OF THE SUPREME COURT,NONPARTISAN,ANN W. BRADLEY,151,151
2005,APRIL,ST. CROIX,ROBERTS VILLAGE WARDS 1 & 2,SPRING GENERAL,JUSTICE OF THE SUPREME COURT,NONPARTISAN,SCATTERING,151,0
2005,APRIL,ST. CROIX,SOMERSET VILLAGE WARDS 1 & 2,SPRING GENERAL,JUSTICE OF THE SUPREME COURT,NONPARTISAN,ANN W. BRADLEY,363,356
2005,APRIL,ST. CROIX,SOMERSET VILLAGE WARDS 1 & 2,SPRING GENERAL,JUSTICE OF THE SUPREME COURT,NONPARTISAN,SCATTERING,363,7
2005,APRIL,ST. CROIX,STAR PRAIRIE VILLAGE WARD 1,SPRING GENERAL,JUSTICE OF THE SUPREME COURT,NONPARTISAN,ANN W. BRADLEY,115,114
2005,APRIL,ST. CROIX,STAR PRAIRIE VILLAGE WARD 1,SPRING GENERAL,JUSTICE OF THE SUPREME COURT,NONPARTISAN,SCATTERING,115,1
2005,APRIL,ST. CROIX,SPRING VALLEY VILLAGE WARD 3,SPRING GENERAL,JUSTICE OF THE SUPREME COURT,NONPARTISAN,ANN W. BRADLEY,0,0
2005,APRIL,ST. CROIX,SPRING VALLEY VILLAGE WARD 3,SPRING GENERAL,JUSTICE OF THE SUPREME COURT,NONPARTISAN,SCATTERING,0,0
2005,APRIL,ST. CROIX,WILSON VILLAGE WARD 1,SPRING GENERAL,JUSTICE OF THE SUPREME COURT,NONPARTISAN,ANN W. BRADLEY,43,43
2005,APRIL,ST. CROIX,WILSON VILLAGE WARD 1,SPRING GENERAL,JUSTICE OF THE SUPREME COURT,NONPARTISAN,SCATTERING,43,0
2005,APRIL,ST. CROIX,WOODVILLE VILLAGE WARDS 1 & 2,SPRING GENERAL,JUSTICE OF THE SUPREME COURT,NONPARTISAN,ANN W. BRADLEY,87,87
2005,APRIL,ST. CROIX,WOODVILLE VILLAGE WARDS 1 & 2,SPRING GENERAL,JUSTICE OF THE SUPREME COURT,NONPARTISAN,SCATTERING,87,0
2005,APRIL,ST. CROIX,GLENWOOD CITY CITY WARDS 1 & 2,SPRING GENERAL,JUSTICE OF THE SUPREME COURT,NONPARTISAN,ANN W. BRADLEY,171,171
2005,APRIL,ST. CROIX,GLENWOOD CITY CITY WARDS 1 & 2,SPRING GENERAL,JUSTICE OF THE SUPREME COURT,NONPARTISAN,SCATTERING,171,0
2005,APRIL,ST. CROIX,HUDSON CITY WARDS 1 - 3,SPRING GENERAL,JUSTICE OF THE SUPREME COURT,NONPARTISAN,ANN W. BRADLEY,168,167
2005,APRIL,ST. CROIX,HUDSON CITY WARDS 1 - 3,SPRING GENERAL,JUSTICE OF THE SUPREME COURT,NONPARTISAN,SCATTERING,168,1
2005,APRIL,ST. CROIX,HUDSON CITY WARDS 4 & 5,SPRING GENERAL,JUSTICE OF THE SUPREME COURT,NONPARTISAN,ANN W. BRADLEY,98,96
2005,APRIL,ST. CROIX,HUDSON CITY WARDS 4 & 5,SPRING GENERAL,JUSTICE OF THE SUPREME COURT,NONPARTISAN,SCATTERING,98,2
2005,APRIL,ST. CROIX,HUDSON CITY WARDS 6 & 7,SPRING GENERAL,JUSTICE OF THE SUPREME COURT,NONPARTISAN,ANN W. BRADLEY,295,295
2005,APRIL,ST. CROIX,HUDSON CITY WARDS 6 & 7,SPRING GENERAL,JUSTICE OF THE SUPREME COURT,NONPARTISAN,SCATTERING,295,0
2005,APRIL,ST. CROIX,HUDSON CITY WARDS 8 - 10,SPRING GENERAL,JUSTICE OF THE SUPREME COURT,NONPARTISAN,ANN W. BRADLEY,208,207
2005,APRIL,ST. CROIX,HUDSON CITY WARDS 8 - 10,SPRING GENERAL,JUSTICE OF THE SUPREME COURT,NONPARTISAN,SCATTERING,208,1
2005,APRIL,ST. CROIX,HUDSON CITY WARDS 11 & 12,SPRING GENERAL,JUSTICE OF THE SUPREME COURT,NONPARTISAN,ANN W. BRADLEY,210,208
2005,APRIL,ST. CROIX,HUDSON CITY WARDS 11 & 12,SPRING GENERAL,JUSTICE OF THE SUPREME COURT,NONPARTISAN,SCATTERING,210,2
2005,APRIL,ST. CROIX,HUDSON CITY WARDS 13 & 14,SPRING GENERAL,JUSTICE OF THE SUPREME COURT,NONPARTISAN,ANN W. BRADLEY,313,312
2005,APRIL,ST. CROIX,HUDSON CITY WARDS 13 & 14,SPRING GENERAL,JUSTICE OF THE SUPREME COURT,NONPARTISAN,SCATTERING,313,1
2005,APRIL,ST. CROIX,NEW RICHMOND CITY WARDS 1 & 2,SPRING GENERAL,JUSTICE OF THE SUPREME COURT,NONPARTISAN,ANN W. BRADLEY,157,155
2005,APRIL,ST. CROIX,NEW RICHMOND CITY WARDS 1 & 2,SPRING GENERAL,JUSTICE OF THE SUPREME COURT,NONPARTISAN,SCATTERING,157,2
2005,APRIL,ST. CROIX,NEW RICHMOND CITY WARDS 3 & 4,SPRING GENERAL,JUSTICE OF THE SUPREME COURT,NONPARTISAN,ANN W. BRADLEY,169,165
2005,APRIL,ST. CROIX,NEW RICHMOND CITY WARDS 3 & 4,SPRING GENERAL,JUSTICE OF THE SUPREME COURT,NONPARTISAN,SCATTERING,169,4
2005,APRIL,ST. CROIX,NEW RICHMOND CITY WARDS 5 & 6,SPRING GENERAL,JUSTICE OF THE SUPREME COURT,NONPARTISAN,ANN W. BRADLEY,166,165
2005,APRIL,ST. CROIX,NEW RICHMOND CITY WARDS 5 & 6,SPRING GENERAL,JUSTICE OF THE SUPREME COURT,NONPARTISAN,SCATTERING,166,1
2005,APRIL,ST. CROIX,NEW RICHMOND CITY WARDS 7 & 8,SPRING GENERAL,JUSTICE OF THE SUPREME COURT,NONPARTISAN,ANN W. BRADLEY,219,216
2005,APRIL,ST. CROIX,NEW RICHMOND CITY WARDS 7 & 8,SPRING GENERAL,JUSTICE OF THE SUPREME COURT,NONPARTISAN,SCATTERING,219,3
2005,APRIL,ST. CROIX,NEW RICHMOND CITY WARDS 9 & 10,SPRING GENERAL,JUSTICE OF THE SUPREME COURT,NONPARTISAN,ANN W. BRADLEY,220,219
2005,APRIL,ST. CROIX,NEW RICHMOND CITY WARDS 9 & 10,SPRING GENERAL,JUSTICE OF THE SUPREME COURT,NONPARTISAN,SCATTERING,220,1
2005,APRIL,ST. CROIX,NEW RICHMOND CITY WARDS 11 - 13,SPRING GENERAL,JUSTICE OF THE SUPREME COURT,NONPARTISAN,ANN W. BRADLEY,267,267
2005,APRIL,ST. CROIX,NEW RICHMOND CITY WARDS 11 - 13,SPRING GENERAL,JUSTICE OF THE SUPREME COURT,NONPARTISAN,SCATTERING,267,0
2005,APRIL,ST. CROIX,RIVER FALLS CITY WARDS 1 & 2,SPRING GENERAL,JUSTICE OF THE SUPREME COURT,NONPARTISAN,ANN W. BRADLEY,147,147
2005,APRIL,ST. CROIX,RIVER FALLS CITY WARDS 1 & 2,SPRING GENERAL,JUSTICE OF THE SUPREME COURT,NONPARTISAN,SCATTERING,147,0
2005,APRIL,TAYLOR,AURORA TOWN WARD 1,SPRING GENERAL,JUSTICE OF THE SUPREME COURT,NONPARTISAN,ANN W. BRADLEY,60,60
2005,APRIL,TAYLOR,AURORA TOWN WARD 1,SPRING GENERAL,JUSTICE OF THE SUPREME COURT,NONPARTISAN,SCATTERING,60,0
2005,APRIL,TAYLOR,BROWNING TOWN WARDS 1 & 2,SPRING GENERAL,JUSTICE OF THE SUPREME COURT,NONPARTISAN,ANN W. BRADLEY,159,159
2005,APRIL,TAYLOR,BROWNING TOWN WARDS 1 & 2,SPRING GENERAL,JUSTICE OF THE SUPREME COURT,NONPARTISAN,SCATTERING,159,0
2005,APRIL,TAYLOR,CHELSEA TOWN WARD 1,SPRING GENERAL,JUSTICE OF THE SUPREME COURT,NONPARTISAN,ANN W. BRADLEY,47,47
2005,APRIL,TAYLOR,CHELSEA TOWN WARD 1,SPRING GENERAL,JUSTICE OF THE SUPREME COURT,NONPARTISAN,SCATTERING,47,0
2005,APRIL,TAYLOR,CLEVELAND TOWN WARD 1,SPRING GENERAL,JUSTICE OF THE SUPREME COURT,NONPARTISAN,ANN W. BRADLEY,33,33
2005,APRIL,TAYLOR,CLEVELAND TOWN WARD 1,SPRING GENERAL,JUSTICE OF THE SUPREME COURT,NONPARTISAN,SCATTERING,33,0
2005,APRIL,TAYLOR,DEER CREEK TOWN WARDS 1 & 2,SPRING GENERAL,JUSTICE OF THE SUPREME COURT,NONPARTISAN,ANN W. BRADLEY,41,41
2005,APRIL,TAYLOR,DEER CREEK TOWN WARDS 1 & 2,SPRING GENERAL,JUSTICE OF THE SUPREME COURT,NONPARTISAN,SCATTERING,41,0
2005,APRIL,TAYLOR,FORD TOWN WARD 1,SPRING GENERAL,JUSTICE OF THE SUPREME COURT,NONPARTISAN,ANN W. BRADLEY,31,31
2005,APRIL,TAYLOR,FORD TOWN WARD 1,SPRING GENERAL,JUSTICE OF THE SUPREME COURT,NONPARTISAN,SCATTERING,31,0
2005,APRIL,TAYLOR,GOODRICH TOWN WARD 1,SPRING GENERAL,JUSTICE OF THE SUPREME COURT,NONPARTISAN,ANN W. BRADLEY,32,32
2005,APRIL,TAYLOR,GOODRICH TOWN WARD 1,SPRING GENERAL,JUSTICE OF THE SUPREME COURT,NONPARTISAN,SCATTERING,32,0
2005,APRIL,TAYLOR,GREENWOOD TOWN WARD 1,SPRING GENERAL,JUSTICE OF THE SUPREME COURT,NONPARTISAN,ANN W. BRADLEY,42,42
2005,APRIL,TAYLOR,GREENWOOD TOWN WARD 1,SPRING GENERAL,JUSTICE OF THE SUPREME COURT,NONPARTISAN,SCATTERING,42,0
2005,APRIL,TAYLOR,GROVER TOWN WARD 1,SPRING GENERAL,JUSTICE OF THE SUPREME COURT,NONPARTISAN,ANN W. BRADLEY,17,17
2005,APRIL,TAYLOR,GROVER TOWN WARD 1,SPRING GENERAL,JUSTICE OF THE SUPREME COURT,NONPARTISAN,SCATTERING,17,0
2005,APRIL,TAYLOR,HAMMEL TOWN WARDS 1 & 2,SPRING GENERAL,JUSTICE OF THE SUPREME COURT,NONPARTISAN,ANN W. BRADLEY,38,38
2005,APRIL,TAYLOR,HAMMEL TOWN WARDS 1 & 2,SPRING GENERAL,JUSTICE OF THE SUPREME COURT,NONPARTISAN,SCATTERING,38,0
2005,APRIL,TAYLOR,HOLWAY TOWN WARD 1,SPRING GENERAL,JUSTICE OF THE SUPREME COURT,NONPARTISAN,ANN W. BRADLEY,48,48
2005,APRIL,TAYLOR,HOLWAY TOWN WARD 1,SPRING GENERAL,JUSTICE OF THE SUPREME COURT,NONPARTISAN,SCATTERING,48,0
2005,APRIL,TAYLOR,JUMP RIVER TOWN WARD 1,SPRING GENERAL,JUSTICE OF THE SUPREME COURT,NONPARTISAN,ANN W. BRADLEY,44,44
2005,APRIL,TAYLOR,JUMP RIVER TOWN WARD 1,SPRING GENERAL,JUSTICE OF THE SUPREME COURT,NONPARTISAN,SCATTERING,44,0
2005,APRIL,TAYLOR,LITTLE BLACK TOWN WARDS 1 & 2,SPRING GENERAL,JUSTICE OF THE SUPREME COURT,NONPARTISAN,ANN W. BRADLEY,61,61
2005,APRIL,TAYLOR,LITTLE BLACK TOWN WARDS 1 & 2,SPRING GENERAL,JUSTICE OF THE SUPREME COURT,NONPARTISAN,SCATTERING,61,0
2005,APRIL,TAYLOR,MAPLEHURST TOWN WARDS 1 & 2,SPRING GENERAL,JUSTICE OF THE SUPREME COURT,NONPARTISAN,ANN W. BRADLEY,28,28
2005,APRIL,TAYLOR,MAPLEHURST TOWN WARDS 1 & 2,SPRING GENERAL,JUSTICE OF THE SUPREME COURT,NONPARTISAN,SCATTERING,28,0
2005,APRIL,TAYLOR,MCKINLEY TOWN WARD 1,SPRING GENERAL,JUSTICE OF THE SUPREME COURT,NONPARTISAN,ANN W. BRADLEY,78,78
2005,APRIL,TAYLOR,MCKINLEY TOWN WARD 1,SPRING GENERAL,JUSTICE OF THE SUPREME COURT,NONPARTISAN,SCATTERING,78,0
2005,APRIL,TAYLOR,MEDFORD TOWN WARDS 1 - 3,SPRING GENERAL,JUSTICE OF THE SUPREME COURT,NONPARTISAN,ANN W. BRADLEY,288,288
2005,APRIL,TAYLOR,MEDFORD TOWN WARDS 1 - 3,SPRING GENERAL,JUSTICE OF THE SUPREME COURT,NONPARTISAN,SCATTERING,288,0
2005,APRIL,TAYLOR,MOLITOR TOWN WARD 1,SPRING GENERAL,JUSTICE OF THE SUPREME COURT,NONPARTISAN,ANN W. BRADLEY,29,29
2005,APRIL,TAYLOR,MOLITOR TOWN WARD 1,SPRING GENERAL,JUSTICE OF THE SUPREME COURT,NONPARTISAN,SCATTERING,29,0
2005,APRIL,TAYLOR,PERSHING TOWN WARD 1,SPRING GENERAL,JUSTICE OF THE SUPREME COURT,NONPARTISAN,ANN W. BRADLEY,52,52
2005,APRIL,TAYLOR,PERSHING TOWN WARD 1,SPRING GENERAL,JUSTICE OF THE SUPREME COURT,NONPARTISAN,SCATTERING,52,0
2005,APRIL,TAYLOR,RIB LAKE TOWN WARDS 1 & 2,SPRING GENERAL,JUSTICE OF THE SUPREME COURT,NONPARTISAN,ANN W. BRADLEY,86,86
2005,APRIL,TAYLOR,RIB LAKE TOWN WARDS 1 & 2,SPRING GENERAL,JUSTICE OF THE SUPREME COURT,NONPARTISAN,SCATTERING,86,0
2005,APRIL,TAYLOR,ROOSEVELT TOWN WARD 1,SPRING GENERAL,JUSTICE OF THE SUPREME COURT,NONPARTISAN,ANN W. BRADLEY,95,95
2005,APRIL,TAYLOR,ROOSEVELT TOWN WARD 1,SPRING GENERAL,JUSTICE OF THE SUPREME COURT,NONPARTISAN,SCATTERING,95,0
2005,APRIL,TAYLOR,TAFT TOWN WARD 1,SPRING GENERAL,JUSTICE OF THE SUPREME COURT,NONPARTISAN,ANN W. BRADLEY,43,43
2005,APRIL,TAYLOR,TAFT TOWN WARD 1,SPRING GENERAL,JUSTICE OF THE SUPREME COURT,NONPARTISAN,SCATTERING,43,0
2005,APRIL,TAYLOR,WESTBORO TOWN WARD 1,SPRING GENERAL,JUSTICE OF THE SUPREME COURT,NONPARTISAN,ANN W. BRADLEY,89,89
2005,APRIL,TAYLOR,WESTBORO TOWN WARD 1,SPRING GENERAL,JUSTICE OF THE SUPREME COURT,NONPARTISAN,SCATTERING,89,0
2005,APRIL,TAYLOR,GILMAN VILLAGE WARD 1,SPRING GENERAL,JUSTICE OF THE SUPREME COURT,NONPARTISAN,ANN W. BRADLEY,98,98
2005,APRIL,TAYLOR,GILMAN VILLAGE WARD 1,SPRING GENERAL,JUSTICE OF THE SUPREME COURT,NONPARTISAN,SCATTERING,98,0
2005,APRIL,TAYLOR,LUBLIN VILLAGE WARD 1,SPRING GENERAL,JUSTICE OF THE SUPREME COURT,NONPARTISAN,ANN W. BRADLEY,28,28
2005,APRIL,TAYLOR,LUBLIN VILLAGE WARD 1,SPRING GENERAL,JUSTICE OF THE SUPREME COURT,NONPARTISAN,SCATTERING,28,0
2005,APRIL,TAYLOR,RIB LAKE VILLAGE WARD 1,SPRING GENERAL,JUSTICE OF THE SUPREME COURT,NONPARTISAN,ANN W. BRADLEY,207,207
2005,APRIL,TAYLOR,RIB LAKE VILLAGE WARD 1,SPRING GENERAL,JUSTICE OF THE SUPREME COURT,NONPARTISAN,SCATTERING,207,0
2005,APRIL,TAYLOR,STETSONVILLE VILLAGE WARD 1,SPRING GENERAL,JUSTICE OF THE SUPREME COURT,NONPARTISAN,ANN W. BRADLEY,68,68
2005,APRIL,TAYLOR,STETSONVILLE VILLAGE WARD 1,SPRING GENERAL,JUSTICE OF THE SUPREME COURT,NONPARTISAN,SCATTERING,68,0
2005,APRIL,TAYLOR,MEDFORD CITY WARDS 1 & 2,SPRING GENERAL,JUSTICE OF THE SUPREME COURT,NONPARTISAN,ANN W. BRADLEY,127,127
2005,APRIL,TAYLOR,MEDFORD CITY WARDS 1 & 2,SPRING GENERAL,JUSTICE OF THE SUPREME COURT,NONPARTISAN,SCATTERING,127,0
2005,APRIL,TAYLOR,MEDFORD CITY WARDS 3 & 4,SPRING GENERAL,JUSTICE OF THE SUPREME COURT,NONPARTISAN,ANN W. BRADLEY,70,69
2005,APRIL,TAYLOR,MEDFORD CITY WARDS 3 & 4,SPRING GENERAL,JUSTICE OF THE SUPREME COURT,NONPARTISAN,SCATTERING,70,1
2005,APRIL,TAYLOR,MEDFORD CITY WARDS 5 & 6,SPRING GENERAL,JUSTICE OF THE SUPREME COURT,NONPARTISAN,ANN W. BRADLEY,53,53
2005,APRIL,TAYLOR,MEDFORD CITY WARDS 5 & 6,SPRING GENERAL,JUSTICE OF THE SUPREME COURT,NONPARTISAN,SCATTERING,53,0
2005,APRIL,TAYLOR,MEDFORD CITY WARDS 7 & 8,SPRING GENERAL,JUSTICE OF THE SUPREME COURT,NONPARTISAN,ANN W. BRADLEY,61,61
2005,APRIL,TAYLOR,MEDFORD CITY WARDS 7 & 8,SPRING GENERAL,JUSTICE OF THE SUPREME COURT,NONPARTISAN,SCATTERING,61,0
2005,APRIL,TREMPEALEAU,ALBION TOWN WARDS 1 & 2,SPRING GENERAL,JUSTICE OF THE SUPREME COURT,NONPARTISAN,ANN W. BRADLEY,45,45
2005,APRIL,TREMPEALEAU,ALBION TOWN WARDS 1 & 2,SPRING GENERAL,JUSTICE OF THE SUPREME COURT,NONPARTISAN,SCATTERING,45,0
2005,APRIL,TREMPEALEAU,ARCADIA TOWN WARDS 1 - 3,SPRING GENERAL,JUSTICE OF THE SUPREME COURT,NONPARTISAN,ANN W. BRADLEY,311,311
2005,APRIL,TREMPEALEAU,ARCADIA TOWN WARDS 1 - 3,SPRING GENERAL,JUSTICE OF THE SUPREME COURT,NONPARTISAN,SCATTERING,311,0
2005,APRIL,TREMPEALEAU,BURNSIDE TOWN WARDS 1 & 2,SPRING GENERAL,JUSTICE OF THE SUPREME COURT,NONPARTISAN,ANN W. BRADLEY,43,43
2005,APRIL,TREMPEALEAU,BURNSIDE TOWN WARDS 1 & 2,SPRING GENERAL,JUSTICE OF THE SUPREME COURT,NONPARTISAN,SCATTERING,43,0
2005,APRIL,TREMPEALEAU,CALEDONIA TOWN WARD 1,SPRING GENERAL,JUSTICE OF THE SUPREME COURT,NONPARTISAN,ANN W. BRADLEY,188,188
2005,APRIL,TREMPEALEAU,CALEDONIA TOWN WARD 1,SPRING GENERAL,JUSTICE OF THE SUPREME COURT,NONPARTISAN,SCATTERING,188,0
2005,APRIL,TREMPEALEAU,CHIMNEY ROCK TOWN WARD 1,SPRING GENERAL,JUSTICE OF THE SUPREME COURT,NONPARTISAN,ANN W. BRADLEY,24,24
2005,APRIL,TREMPEALEAU,CHIMNEY ROCK TOWN WARD 1,SPRING GENERAL,JUSTICE OF THE SUPREME COURT,NONPARTISAN,SCATTERING,24,0
2005,APRIL,TREMPEALEAU,DODGE TOWN WARD 1,SPRING GENERAL,JUSTICE OF THE SUPREME COURT,NONPARTISAN,ANN W. BRADLEY,117,117
2005,APRIL,TREMPEALEAU,DODGE TOWN WARD 1,SPRING GENERAL,JUSTICE OF THE SUPREME COURT,NONPARTISAN,SCATTERING,117,0
2005,APRIL,TREMPEALEAU,ETTRICK TOWN WARDS 1 & 2,SPRING GENERAL,JUSTICE OF THE SUPREME COURT,NONPARTISAN,ANN W. BRADLEY,236,236
2005,APRIL,TREMPEALEAU,ETTRICK TOWN WARDS 1 & 2,SPRING GENERAL,JUSTICE OF THE SUPREME COURT,NONPARTISAN,SCATTERING,236,0
2005,APRIL,TREMPEALEAU,GALE TOWN WARDS 1 & 2,SPRING GENERAL,JUSTICE OF THE SUPREME COURT,NONPARTISAN,ANN W. BRADLEY,435,433
2005,APRIL,TREMPEALEAU,GALE TOWN WARDS 1 & 2,SPRING GENERAL,JUSTICE OF THE SUPREME COURT,NONPARTISAN,SCATTERING,435,2
2005,APRIL,TREMPEALEAU,HALE TOWN WARDS 1 - 3,SPRING GENERAL,JUSTICE OF THE SUPREME COURT,NONPARTISAN,ANN W. BRADLEY,166,166
2005,APRIL,TREMPEALEAU,HALE TOWN WARDS 1 - 3,SPRING GENERAL,JUSTICE OF THE SUPREME COURT,NONPARTISAN,SCATTERING,166,0
2005,APRIL,TREMPEALEAU,LINCOLN TOWN WARDS 1 & 2,SPRING GENERAL,JUSTICE OF THE SUPREME COURT,NONPARTISAN,ANN W. BRADLEY,33,33
2005,APRIL,TREMPEALEAU,LINCOLN TOWN WARDS 1 & 2,SPRING GENERAL,JUSTICE OF THE SUPREME COURT,NONPARTISAN,SCATTERING,33,0
2005,APRIL,TREMPEALEAU,PIGEON TOWN WARDS 1 & 2,SPRING GENERAL,JUSTICE OF THE SUPREME COURT,NONPARTISAN,ANN W. BRADLEY,32,32
2005,APRIL,TREMPEALEAU,PIGEON TOWN WARDS 1 & 2,SPRING GENERAL,JUSTICE OF THE SUPREME COURT,NONPARTISAN,SCATTERING,32,0
2005,APRIL,TREMPEALEAU,PRESTON TOWN WARDS 1 - 3,SPRING GENERAL,JUSTICE OF THE SUPREME COURT,NONPARTISAN,ANN W. BRADLEY,45,45
2005,APRIL,TREMPEALEAU,PRESTON TOWN WARDS 1 - 3,SPRING GENERAL,JUSTICE OF THE SUPREME COURT,NONPARTISAN,SCATTERING,45,0
2005,APRIL,TREMPEALEAU,SUMNER TOWN WARD 1,SPRING GENERAL,JUSTICE OF THE SUPREME COURT,NONPARTISAN,ANN W. BRADLEY,237,237
2005,APRIL,TREMPEALEAU,SUMNER TOWN WARD 1,SPRING GENERAL,JUSTICE OF THE SUPREME COURT,NONPARTISAN,SCATTERING,237,0
2005,APRIL,TREMPEALEAU,TREMPEALEAU TOWN WARDS 1 - 3,SPRING GENERAL,JUSTICE OF THE SUPREME COURT,NONPARTISAN,ANN W. BRADLEY,431,431
2005,APRIL,TREMPEALEAU,TREMPEALEAU TOWN WARDS 1 - 3,SPRING GENERAL,JUSTICE OF THE SUPREME COURT,NONPARTISAN,SCATTERING,431,0
2005,APRIL,TREMPEALEAU,UNITY TOWN WARDS 1 & 2,SPRING GENERAL,JUSTICE OF THE SUPREME COURT,NONPARTISAN,ANN W. BRADLEY,41,41
2005,APRIL,TREMPEALEAU,UNITY TOWN WARDS 1 & 2,SPRING GENERAL,JUSTICE OF THE SUPREME COURT,NONPARTISAN,SCATTERING,41,0
2005,APRIL,TREMPEALEAU,ELEVA VILLAGE WARD 1,SPRING GENERAL,JUSTICE OF THE SUPREME COURT,NONPARTISAN,ANN W. BRADLEY,55,55
2005,APRIL,TREMPEALEAU,ELEVA VILLAGE WARD 1,SPRING GENERAL,JUSTICE OF THE SUPREME COURT,NONPARTISAN,SCATTERING,55,0
2005,APRIL,TREMPEALEAU,ETTRICK VILLAGE WARD 1,SPRING GENERAL,JUSTICE OF THE SUPREME COURT,NONPARTISAN,ANN W. BRADLEY,149,149
2005,APRIL,TREMPEALEAU,ETTRICK VILLAGE WARD 1,SPRING GENERAL,JUSTICE OF THE SUPREME COURT,NONPARTISAN,SCATTERING,149,0
2005,APRIL,TREMPEALEAU,PIGEON FALLS VILLAGE WARD 1,SPRING GENERAL,JUSTICE OF THE SUPREME COURT,NONPARTISAN,ANN W. BRADLEY,62,62
2005,APRIL,TREMPEALEAU,PIGEON FALLS VILLAGE WARD 1,SPRING GENERAL,JUSTICE OF THE SUPREME COURT,NONPARTISAN,SCATTERING,62,0
2005,APRIL,TREMPEALEAU,STRUM VILLAGE WARDS 1 & 2,SPRING GENERAL,JUSTICE OF THE SUPREME COURT,NONPARTISAN,ANN W. BRADLEY,69,69
2005,APRIL,TREMPEALEAU,STRUM VILLAGE WARDS 1 & 2,SPRING GENERAL,JUSTICE OF THE SUPREME COURT,NONPARTISAN,SCATTERING,69,0
2005,APRIL,TREMPEALEAU,TREMPEALEAU VILLAGE WARDS 1 & 2,SPRING GENERAL,JUSTICE OF THE SUPREME COURT,NONPARTISAN,ANN W. BRADLEY,341,340
2005,APRIL,TREMPEALEAU,TREMPEALEAU VILLAGE WARDS 1 & 2,SPRING GENERAL,JUSTICE OF THE SUPREME COURT,NONPARTISAN,SCATTERING,341,1
2005,APRIL,TREMPEALEAU,ARCADIA CITY WARDS 1 - 3,SPRING GENERAL,JUSTICE OF THE SUPREME COURT,NONPARTISAN,ANN W. BRADLEY,150,148
2005,APRIL,TREMPEALEAU,ARCADIA CITY WARDS 1 - 3,SPRING GENERAL,JUSTICE OF THE SUPREME COURT,NONPARTISAN,SCATTERING,150,2
2005,APRIL,TREMPEALEAU,BLAIR CITY WARDS 1 - 3,SPRING GENERAL,JUSTICE OF THE SUPREME COURT,NONPARTISAN,ANN W. BRADLEY,94,94
2005,APRIL,TREMPEALEAU,BLAIR CITY WARDS 1 - 3,SPRING GENERAL,JUSTICE OF THE SUPREME COURT,NONPARTISAN,SCATTERING,94,0
2005,APRIL,TREMPEALEAU,GALESVILLE CITY WARDS 1 - 3,SPRING GENERAL,JUSTICE OF THE SUPREME COURT,NONPARTISAN,ANN W. BRADLEY,377,376
2005,APRIL,TREMPEALEAU,GALESVILLE CITY WARDS 1 - 3,SPRING GENERAL,JUSTICE OF THE SUPREME COURT,NONPARTISAN,SCATTERING,377,1
2005,APRIL,TREMPEALEAU,INDEPENDENCE CITY WARDS 1 - 3,SPRING GENERAL,JUSTICE OF THE SUPREME COURT,NONPARTISAN,ANN W. BRADLEY,101,101
2005,APRIL,TREMPEALEAU,INDEPENDENCE CITY WARDS 1 - 3,SPRING GENERAL,JUSTICE OF THE SUPREME COURT,NONPARTISAN,SCATTERING,101,0
2005,APRIL,TREMPEALEAU,OSSEO CITY WARDS 1 - 4,SPRING GENERAL,JUSTICE OF THE SUPREME COURT,NONPARTISAN,ANN W. BRADLEY,365,365
2005,APRIL,TREMPEALEAU,OSSEO CITY WARDS 1 - 4,SPRING GENERAL,JUSTICE OF THE SUPREME COURT,NONPARTISAN,SCATTERING,365,0
2005,APRIL,TREMPEALEAU,WHITEHALL CITY WARDS 1 - 4,SPRING GENERAL,JUSTICE OF THE SUPREME COURT,NONPARTISAN,ANN W. BRADLEY,97,96
2005,APRIL,TREMPEALEAU,WHITEHALL CITY WARDS 1 - 4,SPRING GENERAL,JUSTICE OF THE SUPREME COURT,NONPARTISAN,SCATTERING,97,1
2005,APRIL,VERNON,BERGEN TOWN WARDS 1 - 3,SPRING GENERAL,JUSTICE OF THE SUPREME COURT,NONPARTISAN,ANN W. BRADLEY,78,78
2005,APRIL,VERNON,BERGEN TOWN WARDS 1 - 3,SPRING GENERAL,JUSTICE OF THE SUPREME COURT,NONPARTISAN,SCATTERING,78,0
2005,APRIL,VERNON,CHRISTIANA TOWN WARDS 1 & 2,SPRING GENERAL,JUSTICE OF THE SUPREME COURT,NONPARTISAN,ANN W. BRADLEY,178,178
2005,APRIL,VERNON,CHRISTIANA TOWN WARDS 1 & 2,SPRING GENERAL,JUSTICE OF THE SUPREME COURT,NONPARTISAN,SCATTERING,178,0
2005,APRIL,VERNON,CLINTON TOWN WARDS 1 & 2,SPRING GENERAL,JUSTICE OF THE SUPREME COURT,NONPARTISAN,ANN W. BRADLEY,134,134
2005,APRIL,VERNON,CLINTON TOWN WARDS 1 & 2,SPRING GENERAL,JUSTICE OF THE SUPREME COURT,NONPARTISAN,SCATTERING,134,0
2005,APRIL,VERNON,COON TOWN WARDS 1 & 2,SPRING GENERAL,JUSTICE OF THE SUPREME COURT,NONPARTISAN,ANN W. BRADLEY,195,195
2005,APRIL,VERNON,COON TOWN WARDS 1 & 2,SPRING GENERAL,JUSTICE OF THE SUPREME COURT,NONPARTISAN,SCATTERING,195,0
2005,APRIL,VERNON,FOREST TOWN WARD 1,SPRING GENERAL,JUSTICE OF THE SUPREME COURT,NONPARTISAN,ANN W. BRADLEY,38,38
2005,APRIL,VERNON,FOREST TOWN WARD 1,SPRING GENERAL,JUSTICE OF THE SUPREME COURT,NONPARTISAN,SCATTERING,38,0
2005,APRIL,VERNON,FRANKLIN TOWN WARD 1,SPRING GENERAL,JUSTICE OF THE SUPREME COURT,NONPARTISAN,ANN W. BRADLEY,76,76
2005,APRIL,VERNON,FRANKLIN TOWN WARD 1,SPRING GENERAL,JUSTICE OF THE SUPREME COURT,NONPARTISAN,SCATTERING,76,0
2005,APRIL,VERNON,GENOA TOWN WARDS 1 & 2,SPRING GENERAL,JUSTICE OF THE SUPREME COURT,NONPARTISAN,ANN W. BRADLEY,141,141
2005,APRIL,VERNON,GENOA TOWN WARDS 1 & 2,SPRING GENERAL,JUSTICE OF THE SUPREME COURT,NONPARTISAN,SCATTERING,141,0
2005,APRIL,VERNON,GREENWOOD TOWN WARD 1,SPRING GENERAL,JUSTICE OF THE SUPREME COURT,NONPARTISAN,ANN W. BRADLEY,129,129
2005,APRIL,VERNON,GREENWOOD TOWN WARD 1,SPRING GENERAL,JUSTICE OF THE SUPREME COURT,NONPARTISAN,SCATTERING,129,0
2005,APRIL,VERNON,HAMBURG TOWN WARDS 1 & 2,SPRING GENERAL,JUSTICE OF THE SUPREME COURT,NONPARTISAN,ANN W. BRADLEY,206,206
2005,APRIL,VERNON,HAMBURG TOWN WARDS 1 & 2,SPRING GENERAL,JUSTICE OF THE SUPREME COURT,NONPARTISAN,SCATTERING,206,0
2005,APRIL,VERNON,HARMONY TOWN WARD 1,SPRING GENERAL,JUSTICE OF THE SUPREME COURT,NONPARTISAN,ANN W. BRADLEY,68,68
2005,APRIL,VERNON,HARMONY TOWN WARD 1,SPRING GENERAL,JUSTICE OF THE SUPREME COURT,NONPARTISAN,SCATTERING,68,0
2005,APRIL,VERNON,HILLSBORO TOWN WARDS 1 & 2,SPRING GENERAL,JUSTICE OF THE SUPREME COURT,NONPARTISAN,ANN W. BRADLEY,69,69
2005,APRIL,VERNON,HILLSBORO TOWN WARDS 1 & 2,SPRING GENERAL,JUSTICE OF THE SUPREME COURT,NONPARTISAN,SCATTERING,69,0
2005,APRIL,VERNON,JEFFERSON TOWN WARDS 1 - 4,SPRING GENERAL,JUSTICE OF THE SUPREME COURT,NONPARTISAN,ANN W. BRADLEY,69,69
2005,APRIL,VERNON,JEFFERSON TOWN WARDS 1 - 4,SPRING GENERAL,JUSTICE OF THE SUPREME COURT,NONPARTISAN,SCATTERING,69,0
2005,APRIL,VERNON,KICKAPOO TOWN WARD 1,SPRING GENERAL,JUSTICE OF THE SUPREME COURT,NONPARTISAN,ANN W. BRADLEY,118,118
2005,APRIL,VERNON,KICKAPOO TOWN WARD 1,SPRING GENERAL,JUSTICE OF THE SUPREME COURT,NONPARTISAN,SCATTERING,118,0
2005,APRIL,VERNON,LIBERTY TOWN WARD 1,SPRING GENERAL,JUSTICE OF THE SUPREME COURT,NONPARTISAN,ANN W. BRADLEY,56,56
2005,APRIL,VERNON,LIBERTY TOWN WARD 1,SPRING GENERAL,JUSTICE OF THE SUPREME COURT,NONPARTISAN,SCATTERING,56,0
2005,APRIL,VERNON,STARK TOWN WARDS 1 & 2,SPRING GENERAL,JUSTICE OF THE SUPREME COURT,NONPARTISAN,ANN W. BRADLEY,61,61
2005,APRIL,VERNON,STARK TOWN WARDS 1 & 2,SPRING GENERAL,JUSTICE OF THE SUPREME COURT,NONPARTISAN,SCATTERING,61,0
2005,APRIL,VERNON,STERLING TOWN WARD 1,SPRING GENERAL,JUSTICE OF THE SUPREME COURT,NONPARTISAN,ANN W. BRADLEY,86,86
2005,APRIL,VERNON,STERLING TOWN WARD 1,SPRING GENERAL,JUSTICE OF THE SUPREME COURT,NONPARTISAN,SCATTERING,86,0
2005,APRIL,VERNON,UNION TOWN WARDS 1 & 2,SPRING GENERAL,JUSTICE OF THE SUPREME COURT,NONPARTISAN,ANN W. BRADLEY,38,38
2005,APRIL,VERNON,UNION TOWN WARDS 1 & 2,SPRING GENERAL,JUSTICE OF THE SUPREME COURT,NONPARTISAN,SCATTERING,38,0
2005,APRIL,VERNON,VIROQUA TOWN WARDS 1 - 4,SPRING GENERAL,JUSTICE OF THE SUPREME COURT,NONPARTISAN,ANN W. BRADLEY,183,183
2005,APRIL,VERNON,VIROQUA TOWN WARDS 1 - 4,SPRING GENERAL,JUSTICE OF THE SUPREME COURT,NONPARTISAN,SCATTERING,183,0
2005,APRIL,VERNON,WEBSTER TOWN WARD 1,SPRING GENERAL,JUSTICE OF THE SUPREME COURT,NONPARTISAN,ANN W. BRADLEY,137,137
2005,APRIL,VERNON,WEBSTER TOWN WARD 1,SPRING GENERAL,JUSTICE OF THE SUPREME COURT,NONPARTISAN,SCATTERING,137,0
2005,APRIL,VERNON,WHEATLAND TOWN WARD 1,SPRING GENERAL,JUSTICE OF THE SUPREME COURT,NONPARTISAN,ANN W. BRADLEY,41,41
2005,APRIL,VERNON,WHEATLAND TOWN WARD 1,SPRING GENERAL,JUSTICE OF THE SUPREME COURT,NONPARTISAN,SCATTERING,41,0
2005,APRIL,VERNON,WHITESTOWN TOWN WARD 1,SPRING GENERAL,JUSTICE OF THE SUPREME COURT,NONPARTISAN,ANN W. BRADLEY,53,53
2005,APRIL,VERNON,WHITESTOWN TOWN WARD 1,SPRING GENERAL,JUSTICE OF THE SUPREME COURT,NONPARTISAN,SCATTERING,53,0
2005,APRIL,VERNON,CHASEBURG VILLAGE WARD 1,SPRING GENERAL,JUSTICE OF THE SUPREME COURT,NONPARTISAN,ANN W. BRADLEY,61,61
2005,APRIL,VERNON,CHASEBURG VILLAGE WARD 1,SPRING GENERAL,JUSTICE OF THE SUPREME COURT,NONPARTISAN,SCATTERING,61,0
2005,APRIL,VERNON,COON VALLEY VILLAGE WARD 1,SPRING GENERAL,JUSTICE OF THE SUPREME COURT,NONPARTISAN,ANN W. BRADLEY,210,209
2005,APRIL,VERNON,COON VALLEY VILLAGE WARD 1,SPRING GENERAL,JUSTICE OF THE SUPREME COURT,NONPARTISAN,SCATTERING,210,1
2005,APRIL,VERNON,DE SOTO VILLAGE WARD 1,SPRING GENERAL,JUSTICE OF THE SUPREME COURT,NONPARTISAN,ANN W. BRADLEY,31,31
2005,APRIL,VERNON,DE SOTO VILLAGE WARD 1,SPRING GENERAL,JUSTICE OF THE SUPREME COURT,NONPARTISAN,SCATTERING,31,0
2005,APRIL,VERNON,GENOA VILLAGE WARD 1,SPRING GENERAL,JUSTICE OF THE SUPREME COURT,NONPARTISAN,ANN W. BRADLEY,30,30
2005,APRIL,VERNON,GENOA VILLAGE WARD 1,SPRING GENERAL,JUSTICE OF THE SUPREME COURT,NONPARTISAN,SCATTERING,30,0
2005,APRIL,VERNON,LA FARGE VILLAGE WARD 1,SPRING GENERAL,JUSTICE OF THE SUPREME COURT,NONPARTISAN,ANN W. BRADLEY,115,115
2005,APRIL,VERNON,LA FARGE VILLAGE WARD 1,SPRING GENERAL,JUSTICE OF THE SUPREME COURT,NONPARTISAN,SCATTERING,115,0
2005,APRIL,VERNON,ONTARIO VILLAGE WARD 1,SPRING GENERAL,JUSTICE OF THE SUPREME COURT,NONPARTISAN,ANN W. BRADLEY,98,98
2005,APRIL,VERNON,ONTARIO VILLAGE WARD 1,SPRING GENERAL,JUSTICE OF THE SUPREME COURT,NONPARTISAN,SCATTERING,98,0
2005,APRIL,VERNON,READSTOWN VILLAGE WARD 1,SPRING GENERAL,JUSTICE OF THE SUPREME COURT,NONPARTISAN,ANN W. BRADLEY,93,93
2005,APRIL,VERNON,READSTOWN VILLAGE WARD 1,SPRING GENERAL,JUSTICE OF THE SUPREME COURT,NONPARTISAN,SCATTERING,93,0
2005,APRIL,VERNON,STODDARD VILLAGE WARD 1,SPRING GENERAL,JUSTICE OF THE SUPREME COURT,NONPARTISAN,ANN W. BRADLEY,182,182
2005,APRIL,VERNON,STODDARD VILLAGE WARD 1,SPRING GENERAL,JUSTICE OF THE SUPREME COURT,NONPARTISAN,SCATTERING,182,0
2005,APRIL,VERNON,VIOLA VILLAGE WARD 1,SPRING GENERAL,JUSTICE OF THE SUPREME COURT,NONPARTISAN,ANN W. BRADLEY,53,53
2005,APRIL,VERNON,VIOLA VILLAGE WARD 1,SPRING GENERAL,JUSTICE OF THE SUPREME COURT,NONPARTISAN,SCATTERING,53,0
2005,APRIL,VERNON,HILLSBORO CITY WARDS 1 - 4,SPRING GENERAL,JUSTICE OF THE SUPREME COURT,NONPARTISAN,ANN W. BRADLEY,143,142
2005,APRIL,VERNON,HILLSBORO CITY WARDS 1 - 4,SPRING GENERAL,JUSTICE OF THE SUPREME COURT,NONPARTISAN,SCATTERING,143,1
2005,APRIL,VERNON,VIROQUA CITY WARDS 1 - 9,SPRING GENERAL,JUSTICE OF THE SUPREME COURT,NONPARTISAN,ANN W. BRADLEY,234,234
2005,APRIL,VERNON,VIROQUA CITY WARDS 1 - 9,SPRING GENERAL,JUSTICE OF THE SUPREME COURT,NONPARTISAN,SCATTERING,234,0
2005,APRIL,VERNON,WESTBY CITY WARDS 1 - 5,SPRING GENERAL,JUSTICE OF THE SUPREME COURT,NONPARTISAN,ANN W. BRADLEY,431,431
2005,APRIL,VERNON,WESTBY CITY WARDS 1 - 5,SPRING GENERAL,JUSTICE OF THE SUPREME COURT,NONPARTISAN,SCATTERING,431,0
2005,APRIL,VILAS,ARBOR VITAE TOWN WARDS 1 - 4,SPRING GENERAL,JUSTICE OF THE SUPREME COURT,NONPARTISAN,ANN W. BRADLEY,197,197
2005,APRIL,VILAS,ARBOR VITAE TOWN WARDS 1 - 4,SPRING GENERAL,JUSTICE OF THE SUPREME COURT,NONPARTISAN,SCATTERING,197,0
2005,APRIL,VILAS,BOULDER JUNCTION TOWN WARDS 1 & 2,SPRING GENERAL,JUSTICE OF THE SUPREME COURT,NONPARTISAN,ANN W. BRADLEY,344,343
2005,APRIL,VILAS,BOULDER JUNCTION TOWN WARDS 1 & 2,SPRING GENERAL,JUSTICE OF THE SUPREME COURT,NONPARTISAN,SCATTERING,344,1
2005,APRIL,VILAS,CLOVERLAND TOWN WARD 1,SPRING GENERAL,JUSTICE OF THE SUPREME COURT,NONPARTISAN,ANN W. BRADLEY,92,91
2005,APRIL,VILAS,CLOVERLAND TOWN WARD 1,SPRING GENERAL,JUSTICE OF THE SUPREME COURT,NONPARTISAN,SCATTERING,92,1
2005,APRIL,VILAS,CONOVER TOWN WARDS 1 - 3,SPRING GENERAL,JUSTICE OF THE SUPREME COURT,NONPARTISAN,ANN W. BRADLEY,92,92
2005,APRIL,VILAS,CONOVER TOWN WARDS 1 - 3,SPRING GENERAL,JUSTICE OF THE SUPREME COURT,NONPARTISAN,SCATTERING,92,0
2005,APRIL,VILAS,LAC DU FLAMBEAU TOWN WARDS 1 - 3,SPRING GENERAL,JUSTICE OF THE SUPREME COURT,NONPARTISAN,ANN W. BRADLEY,406,403
2005,APRIL,VILAS,LAC DU FLAMBEAU TOWN WARDS 1 - 3,SPRING GENERAL,JUSTICE OF THE SUPREME COURT,NONPARTISAN,SCATTERING,406,3
2005,APRIL,VILAS,LAND O'LAKES TOWN WARD 1,SPRING GENERAL,JUSTICE OF THE SUPREME COURT,NONPARTISAN,ANN W. BRADLEY,82,82
2005,APRIL,VILAS,LAND O'LAKES TOWN WARD 1,SPRING GENERAL,JUSTICE OF THE SUPREME COURT,NONPARTISAN,SCATTERING,82,0
2005,APRIL,VILAS,LINCOLN TOWN WARDS 1 - 4,SPRING GENERAL,JUSTICE OF THE SUPREME COURT,NONPARTISAN,ANN W. BRADLEY,412,412
2005,APRIL,VILAS,LINCOLN TOWN WARDS 1 - 4,SPRING GENERAL,JUSTICE OF THE SUPREME COURT,NONPARTISAN,SCATTERING,412,0
2005,APRIL,VILAS,MANITOWISH WATERS TOWN WARD 1,SPRING GENERAL,JUSTICE OF THE SUPREME COURT,NONPARTISAN,ANN W. BRADLEY,261,261
2005,APRIL,VILAS,MANITOWISH WATERS TOWN WARD 1,SPRING GENERAL,JUSTICE OF THE SUPREME COURT,NONPARTISAN,SCATTERING,261,0
2005,APRIL,VILAS,PHELPS TOWN WARDS 1 & 2,SPRING GENERAL,JUSTICE OF THE SUPREME COURT,NONPARTISAN,ANN W. BRADLEY,213,213
2005,APRIL,VILAS,PHELPS TOWN WARDS 1 & 2,SPRING GENERAL,JUSTICE OF THE SUPREME COURT,NONPARTISAN,SCATTERING,213,0
2005,APRIL,VILAS,PLUM LAKE TOWN WARDS 1 & 2,SPRING GENERAL,JUSTICE OF THE SUPREME COURT,NONPARTISAN,ANN W. BRADLEY,62,62
2005,APRIL,VILAS,PLUM LAKE TOWN WARDS 1 & 2,SPRING GENERAL,JUSTICE OF THE SUPREME COURT,NONPARTISAN,SCATTERING,62,0
2005,APRIL,VILAS,PRESQUE ISLE TOWN WARD 1,SPRING GENERAL,JUSTICE OF THE SUPREME COURT,NONPARTISAN,ANN W. BRADLEY,234,232
2005,APRIL,VILAS,PRESQUE ISLE TOWN WARD 1,SPRING GENERAL,JUSTICE OF THE SUPREME COURT,NONPARTISAN,SCATTERING,234,2
2005,APRIL,VILAS,ST GERMAIN TOWN WARDS 1 & 2,SPRING GENERAL,JUSTICE OF THE SUPREME COURT,NONPARTISAN,ANN W. BRADLEY,508,504
2005,APRIL,VILAS,ST GERMAIN TOWN WARDS 1 & 2,SPRING GENERAL,JUSTICE OF THE SUPREME COURT,NONPARTISAN,SCATTERING,508,4
2005,APRIL,VILAS,WASHINGTON TOWN WARDS 1 - 3,SPRING GENERAL,JUSTICE OF THE SUPREME COURT,NONPARTISAN,ANN W. BRADLEY,424,422
2005,APRIL,VILAS,WASHINGTON TOWN WARDS 1 - 3,SPRING GENERAL,JUSTICE OF THE SUPREME COURT,NONPARTISAN,SCATTERING,424,2
2005,APRIL,VILAS,WINCHESTER TOWN WARD 1,SPRING GENERAL,JUSTICE OF THE SUPREME COURT,NONPARTISAN,ANN W. BRADLEY,185,184
2005,APRIL,VILAS,WINCHESTER TOWN WARD 1,SPRING GENERAL,JUSTICE OF THE SUPREME COURT,NONPARTISAN,SCATTERING,185,1
2005,APRIL,VILAS,EAGLE RIVER CITY WARDS 1 - 5,SPRING GENERAL,JUSTICE OF THE SUPREME COURT,NONPARTISAN,ANN W. BRADLEY,111,111
2005,APRIL,VILAS,EAGLE RIVER CITY WARDS 1 - 5,SPRING GENERAL,JUSTICE OF THE SUPREME COURT,NONPARTISAN,SCATTERING,111,0
2005,APRIL,WALWORTH,BLOOMFIELD TOWN WARDS 1 - 7,SPRING GENERAL,JUSTICE OF THE SUPREME COURT,NONPARTISAN,ANN W. BRADLEY,253,251
2005,APRIL,WALWORTH,BLOOMFIELD TOWN WARDS 1 - 7,SPRING GENERAL,JUSTICE OF THE SUPREME COURT,NONPARTISAN,SCATTERING,253,2
2005,APRIL,WALWORTH,DARIEN TOWN WARDS 1 - 6,SPRING GENERAL,JUSTICE OF THE SUPREME COURT,NONPARTISAN,ANN W. BRADLEY,76,76
2005,APRIL,WALWORTH,DARIEN TOWN WARDS 1 - 6,SPRING GENERAL,JUSTICE OF THE SUPREME COURT,NONPARTISAN,SCATTERING,76,0
2005,APRIL,WALWORTH,DELAVAN TOWN WARDS 1 - 6,SPRING GENERAL,JUSTICE OF THE SUPREME COURT,NONPARTISAN,ANN W. BRADLEY,805,798
2005,APRIL,WALWORTH,DELAVAN TOWN WARDS 1 - 6,SPRING GENERAL,JUSTICE OF THE SUPREME COURT,NONPARTISAN,SCATTERING,805,7
2005,APRIL,WALWORTH,EAST TROY TOWN WARDS 1 - 6,SPRING GENERAL,JUSTICE OF THE SUPREME COURT,NONPARTISAN,ANN W. BRADLEY,523,521
2005,APRIL,WALWORTH,EAST TROY TOWN WARDS 1 - 6,SPRING GENERAL,JUSTICE OF THE SUPREME COURT,NONPARTISAN,SCATTERING,523,2
2005,APRIL,WALWORTH,GENEVA TOWN WARDS 1 - 8,SPRING GENERAL,JUSTICE OF THE SUPREME COURT,NONPARTISAN,ANN W. BRADLEY,286,285
2005,APRIL,WALWORTH,GENEVA TOWN WARDS 1 - 8,SPRING GENERAL,JUSTICE OF THE SUPREME COURT,NONPARTISAN,SCATTERING,286,1
2005,APRIL,WALWORTH,LAFAYETTE TOWN WARDS 1 - 4,SPRING GENERAL,JUSTICE OF THE SUPREME COURT,NONPARTISAN,ANN W. BRADLEY,118,118
2005,APRIL,WALWORTH,LAFAYETTE TOWN WARDS 1 - 4,SPRING GENERAL,JUSTICE OF THE SUPREME COURT,NONPARTISAN,SCATTERING,118,0
2005,APRIL,WALWORTH,LA GRANGE TOWN WARDS 1 - 3,SPRING GENERAL,JUSTICE OF THE SUPREME COURT,NONPARTISAN,ANN W. BRADLEY,245,244
2005,APRIL,WALWORTH,LA GRANGE TOWN WARDS 1 - 3,SPRING GENERAL,JUSTICE OF THE SUPREME COURT,NONPARTISAN,SCATTERING,245,1
2005,APRIL,WALWORTH,"LINN TOWN WARDS 1, 2 & 4",SPRING GENERAL,JUSTICE OF THE SUPREME COURT,NONPARTISAN,ANN W. BRADLEY,184,183
2005,APRIL,WALWORTH,"LINN TOWN WARDS 1, 2 & 4",SPRING GENERAL,JUSTICE OF THE SUPREME COURT,NONPARTISAN,SCATTERING,184,1
2005,APRIL,WALWORTH,LINN TOWN WARDS 3 & 5,SPRING GENERAL,JUSTICE OF THE SUPREME COURT,NONPARTISAN,ANN W. BRADLEY,29,29
2005,APRIL,WALWORTH,LINN TOWN WARDS 3 & 5,SPRING GENERAL,JUSTICE OF THE SUPREME COURT,NONPARTISAN,SCATTERING,29,0
2005,APRIL,WALWORTH,LYONS TOWN WARDS 1 - 6,SPRING GENERAL,JUSTICE OF THE SUPREME COURT,NONPARTISAN,ANN W. BRADLEY,158,156
2005,APRIL,WALWORTH,LYONS TOWN WARDS 1 - 6,SPRING GENERAL,JUSTICE OF THE SUPREME COURT,NONPARTISAN,SCATTERING,158,2
2005,APRIL,WALWORTH,RICHMOND TOWN WARDS 1 - 3,SPRING GENERAL,JUSTICE OF THE SUPREME COURT,NONPARTISAN,ANN W. BRADLEY,144,144
2005,APRIL,WALWORTH,RICHMOND TOWN WARDS 1 - 3,SPRING GENERAL,JUSTICE OF THE SUPREME COURT,NONPARTISAN,SCATTERING,144,0
2005,APRIL,WALWORTH,SHARON TOWN WARD 1,SPRING GENERAL,JUSTICE OF THE SUPREME COURT,NONPARTISAN,ANN W. BRADLEY,48,48
2005,APRIL,WALWORTH,SHARON TOWN WARD 1,SPRING GENERAL,JUSTICE OF THE SUPREME COURT,NONPARTISAN,SCATTERING,48,0
2005,APRIL,WALWORTH,SPRING PRAIRIE TOWN WARDS 1 - 4,SPRING GENERAL,JUSTICE OF THE SUPREME COURT,NONPARTISAN,ANN W. BRADLEY,139,139
2005,APRIL,WALWORTH,SPRING PRAIRIE TOWN WARDS 1 - 4,SPRING GENERAL,JUSTICE OF THE SUPREME COURT,NONPARTISAN,SCATTERING,139,0
2005,APRIL,WALWORTH,SUGAR CREEK TOWN WARDS 1 - 5,SPRING GENERAL,JUSTICE OF THE SUPREME COURT,NONPARTISAN,ANN W. BRADLEY,361,357
2005,APRIL,WALWORTH,SUGAR CREEK TOWN WARDS 1 - 5,SPRING GENERAL,JUSTICE OF THE SUPREME COURT,NONPARTISAN,SCATTERING,361,4
2005,APRIL,WALWORTH,TROY TOWN WARDS 1 - 3,SPRING GENERAL,JUSTICE OF THE SUPREME COURT,NONPARTISAN,ANN W. BRADLEY,346,345
2005,APRIL,WALWORTH,TROY TOWN WARDS 1 - 3,SPRING GENERAL,JUSTICE OF THE SUPREME COURT,NONPARTISAN,SCATTERING,346,1
2005,APRIL,WALWORTH,WALWORTH TOWN WARDS 1 - 4,SPRING GENERAL,JUSTICE OF THE SUPREME COURT,NONPARTISAN,ANN W. BRADLEY,219,215
2005,APRIL,WALWORTH,WALWORTH TOWN WARDS 1 - 4,SPRING GENERAL,JUSTICE OF THE SUPREME COURT,NONPARTISAN,SCATTERING,219,4
2005,APRIL,WALWORTH,WHITEWATER TOWN WARDS 1 - 3,SPRING GENERAL,JUSTICE OF THE SUPREME COURT,NONPARTISAN,ANN W. BRADLEY,73,73
2005,APRIL,WALWORTH,WHITEWATER TOWN WARDS 1 - 3,SPRING GENERAL,JUSTICE OF THE SUPREME COURT,NONPARTISAN,SCATTERING,73,0
2005,APRIL,WALWORTH,DARIEN VILLAGE WARDS 1 & 2,SPRING GENERAL,JUSTICE OF THE SUPREME COURT,NONPARTISAN,ANN W. BRADLEY,198,197
2005,APRIL,WALWORTH,DARIEN VILLAGE WARDS 1 & 2,SPRING GENERAL,JUSTICE OF THE SUPREME COURT,NONPARTISAN,SCATTERING,198,1
2005,APRIL,WALWORTH,EAST TROY VILLAGE WARDS 1 - 6,SPRING GENERAL,JUSTICE OF THE SUPREME COURT,NONPARTISAN,ANN W. BRADLEY,481,479
2005,APRIL,WALWORTH,EAST TROY VILLAGE WARDS 1 - 6,SPRING GENERAL,JUSTICE OF THE SUPREME COURT,NONPARTISAN,SCATTERING,481,2
2005,APRIL,WALWORTH,FONTANA VILLAGE WARDS 1 - 4,SPRING GENERAL,JUSTICE OF THE SUPREME COURT,NONPARTISAN,ANN W. BRADLEY,170,169
2005,APRIL,WALWORTH,FONTANA VILLAGE WARDS 1 - 4,SPRING GENERAL,JUSTICE OF THE SUPREME COURT,NONPARTISAN,SCATTERING,170,1
2005,APRIL,WALWORTH,GENOA CITY VILLAGE WARDS 1 - 3,SPRING GENERAL,JUSTICE OF THE SUPREME COURT,NONPARTISAN,ANN W. BRADLEY,99,99
2005,APRIL,WALWORTH,GENOA CITY VILLAGE WARDS 1 - 3,SPRING GENERAL,JUSTICE OF THE SUPREME COURT,NONPARTISAN,SCATTERING,99,0
2005,APRIL,WALWORTH,MUKWONAGO VILLAGE WARD 9,SPRING GENERAL,JUSTICE OF THE SUPREME COURT,NONPARTISAN,ANN W. BRADLEY,3,3
2005,APRIL,WALWORTH,MUKWONAGO VILLAGE WARD 9,SPRING GENERAL,JUSTICE OF THE SUPREME COURT,NONPARTISAN,SCATTERING,3,0
2005,APRIL,WALWORTH,SHARON VILLAGE WARDS 1 & 2,SPRING GENERAL,JUSTICE OF THE SUPREME COURT,NONPARTISAN,ANN W. BRADLEY,261,257
2005,APRIL,WALWORTH,SHARON VILLAGE WARDS 1 & 2,SPRING GENERAL,JUSTICE OF THE SUPREME COURT,NONPARTISAN,SCATTERING,261,4
2005,APRIL,WALWORTH,WALWORTH VILLAGE WARDS 1 - 3,SPRING GENERAL,JUSTICE OF THE SUPREME COURT,NONPARTISAN,ANN W. BRADLEY,145,144
2005,APRIL,WALWORTH,WALWORTH VILLAGE WARDS 1 - 3,SPRING GENERAL,JUSTICE OF THE SUPREME COURT,NONPARTISAN,SCATTERING,145,1
2005,APRIL,WALWORTH,WILLIAMS BAY VILLAGE WARDS 1 - 4,SPRING GENERAL,JUSTICE OF THE SUPREME COURT,NONPARTISAN,ANN W. BRADLEY,143,143
2005,APRIL,WALWORTH,WILLIAMS BAY VILLAGE WARDS 1 - 4,SPRING GENERAL,JUSTICE OF THE SUPREME COURT,NONPARTISAN,SCATTERING,143,0
2005,APRIL,WALWORTH,BURLINGTON CITY WARD 17,SPRING GENERAL,JUSTICE OF THE SUPREME COURT,NONPARTISAN,ANN W. BRADLEY,0,0
2005,APRIL,WALWORTH,BURLINGTON CITY WARD 17,SPRING GENERAL,JUSTICE OF THE SUPREME COURT,NONPARTISAN,SCATTERING,0,0
2005,APRIL,WALWORTH,DELAVAN CITY WARDS 1 - 11,SPRING GENERAL,JUSTICE OF THE SUPREME COURT,NONPARTISAN,ANN W. BRADLEY,621,618
2005,APRIL,WALWORTH,DELAVAN CITY WARDS 1 - 11,SPRING GENERAL,JUSTICE OF THE SUPREME COURT,NONPARTISAN,SCATTERING,621,3
2005,APRIL,WALWORTH,ELKHORN CITY WARDS 1 & 6,SPRING GENERAL,JUSTICE OF THE SUPREME COURT,NONPARTISAN,ANN W. BRADLEY,58,58
2005,APRIL,WALWORTH,ELKHORN CITY WARDS 1 & 6,SPRING GENERAL,JUSTICE OF THE SUPREME COURT,NONPARTISAN,SCATTERING,58,0
2005,APRIL,WALWORTH,ELKHORN CITY WARDS 2 & 3,SPRING GENERAL,JUSTICE OF THE SUPREME COURT,NONPARTISAN,ANN W. BRADLEY,25,25
2005,APRIL,WALWORTH,ELKHORN CITY WARDS 2 & 3,SPRING GENERAL,JUSTICE OF THE SUPREME COURT,NONPARTISAN,SCATTERING,25,0
2005,APRIL,WALWORTH,"ELKHORN CITY WARDS 4, 5 & 15",SPRING GENERAL,JUSTICE OF THE SUPREME COURT,NONPARTISAN,ANN W. BRADLEY,58,58
2005,APRIL,WALWORTH,"ELKHORN CITY WARDS 4, 5 & 15",SPRING GENERAL,JUSTICE OF THE SUPREME COURT,NONPARTISAN,SCATTERING,58,0
2005,APRIL,WALWORTH,ELKHORN CITY WARDS 7 & 8,SPRING GENERAL,JUSTICE OF THE SUPREME COURT,NONPARTISAN,ANN W. BRADLEY,83,82
2005,APRIL,WALWORTH,ELKHORN CITY WARDS 7 & 8,SPRING GENERAL,JUSTICE OF THE SUPREME COURT,NONPARTISAN,SCATTERING,83,1
2005,APRIL,WALWORTH,ELKHORN CITY WARDS 9 & 11,SPRING GENERAL,JUSTICE OF THE SUPREME COURT,NONPARTISAN,ANN W. BRADLEY,72,70
2005,APRIL,WALWORTH,ELKHORN CITY WARDS 9 & 11,SPRING GENERAL,JUSTICE OF THE SUPREME COURT,NONPARTISAN,SCATTERING,72,2
2005,APRIL,WALWORTH,"ELKHORN CITY WARDS 10, 12 - 14",SPRING GENERAL,JUSTICE OF THE SUPREME COURT,NONPARTISAN,ANN W. BRADLEY,48,47
2005,APRIL,WALWORTH,"ELKHORN CITY WARDS 10, 12 - 14",SPRING GENERAL,JUSTICE OF THE SUPREME COURT,NONPARTISAN,SCATTERING,48,1
2005,APRIL,WALWORTH,"LAKE GENEVA CITY WARDS 1, 2 & 12",SPRING GENERAL,JUSTICE OF THE SUPREME COURT,NONPARTISAN,ANN W. BRADLEY,110,110
2005,APRIL,WALWORTH,"LAKE GENEVA CITY WARDS 1, 2 & 12",SPRING GENERAL,JUSTICE OF THE SUPREME COURT,NONPARTISAN,SCATTERING,110,0
2005,APRIL,WALWORTH,"LAKE GENEVA CITY WARDS 3, 4, 11 & 16",SPRING GENERAL,JUSTICE OF THE SUPREME COURT,NONPARTISAN,ANN W. BRADLEY,110,109
2005,APRIL,WALWORTH,"LAKE GENEVA CITY WARDS 3, 4, 11 & 16",SPRING GENERAL,JUSTICE OF THE SUPREME COURT,NONPARTISAN,SCATTERING,110,1
2005,APRIL,WALWORTH,"LAKE GENEVA CITY WARDS 5, 6, 9, 10, 13 & 14",SPRING GENERAL,JUSTICE OF THE SUPREME COURT,NONPARTISAN,ANN W. BRADLEY,78,78
2005,APRIL,WALWORTH,"LAKE GENEVA CITY WARDS 5, 6, 9, 10, 13 & 14",SPRING GENERAL,JUSTICE OF THE SUPREME COURT,NONPARTISAN,SCATTERING,78,0
2005,APRIL,WALWORTH,"LAKE GENEVA CITY WARDS 7, 8 & 15",SPRING GENERAL,JUSTICE OF THE SUPREME COURT,NONPARTISAN,ANN W. BRADLEY,80,79
2005,APRIL,WALWORTH,"LAKE GENEVA CITY WARDS 7, 8 & 15",SPRING GENERAL,JUSTICE OF THE SUPREME COURT,NONPARTISAN,SCATTERING,80,1
2005,APRIL,WALWORTH,"WHITEWATER CITY WARDS 1, 2, 12 & 16",SPRING GENERAL,JUSTICE OF THE SUPREME COURT,NONPARTISAN,ANN W. BRADLEY,164,164
2005,APRIL,WALWORTH,"WHITEWATER CITY WARDS 1, 2, 12 & 16",SPRING GENERAL,JUSTICE OF THE SUPREME COURT,NONPARTISAN,SCATTERING,164,0
2005,APRIL,WALWORTH,WHITEWATER CITY WARDS 3 & 4,SPRING GENERAL,JUSTICE OF THE SUPREME COURT,NONPARTISAN,ANN W. BRADLEY,131,130
2005,APRIL,WALWORTH,WHITEWATER CITY WARDS 3 & 4,SPRING GENERAL,JUSTICE OF THE SUPREME COURT,NONPARTISAN,SCATTERING,131,1
2005,APRIL,WALWORTH,"WHITEWATER CITY WARDS 5, 6 & 13",SPRING GENERAL,JUSTICE OF THE SUPREME COURT,NONPARTISAN,ANN W. BRADLEY,191,189
2005,APRIL,WALWORTH,"WHITEWATER CITY WARDS 5, 6 & 13",SPRING GENERAL,JUSTICE OF THE SUPREME COURT,NONPARTISAN,SCATTERING,191,2
2005,APRIL,WALWORTH,WHITEWATER CITY WARDS 7 & 8,SPRING GENERAL,JUSTICE OF THE SUPREME COURT,NONPARTISAN,ANN W. BRADLEY,13,12
2005,APRIL,WALWORTH,WHITEWATER CITY WARDS 7 & 8,SPRING GENERAL,JUSTICE OF THE SUPREME COURT,NONPARTISAN,SCATTERING,13,1
2005,APRIL,WASHBURN,BARRONETT TOWN WARDS 1 & 2,SPRING GENERAL,JUSTICE OF THE SUPREME COURT,NONPARTISAN,ANN W. BRADLEY,32,32
2005,APRIL,WASHBURN,BARRONETT TOWN WARDS 1 & 2,SPRING GENERAL,JUSTICE OF THE SUPREME COURT,NONPARTISAN,SCATTERING,32,0
2005,APRIL,WASHBURN,BASHAW TOWN WARDS 1 - 3,SPRING GENERAL,JUSTICE OF THE SUPREME COURT,NONPARTISAN,ANN W. BRADLEY,124,124
2005,APRIL,WASHBURN,BASHAW TOWN WARDS 1 - 3,SPRING GENERAL,JUSTICE OF THE SUPREME COURT,NONPARTISAN,SCATTERING,124,0
2005,APRIL,WASHBURN,BASS LAKE TOWN WARD 1,SPRING GENERAL,JUSTICE OF THE SUPREME COURT,NONPARTISAN,ANN W. BRADLEY,70,70
2005,APRIL,WASHBURN,BASS LAKE TOWN WARD 1,SPRING GENERAL,JUSTICE OF THE SUPREME COURT,NONPARTISAN,SCATTERING,70,0
2005,APRIL,WASHBURN,BEAVER BROOK TOWN WARDS 1 - 3,SPRING GENERAL,JUSTICE OF THE SUPREME COURT,NONPARTISAN,ANN W. BRADLEY,94,94
2005,APRIL,WASHBURN,BEAVER BROOK TOWN WARDS 1 - 3,SPRING GENERAL,JUSTICE OF THE SUPREME COURT,NONPARTISAN,SCATTERING,94,0
2005,APRIL,WASHBURN,BIRCHWOOD TOWN WARDS 1 & 2,SPRING GENERAL,JUSTICE OF THE SUPREME COURT,NONPARTISAN,ANN W. BRADLEY,167,167
2005,APRIL,WASHBURN,BIRCHWOOD TOWN WARDS 1 & 2,SPRING GENERAL,JUSTICE OF THE SUPREME COURT,NONPARTISAN,SCATTERING,167,0
2005,APRIL,WASHBURN,BROOKLYN TOWN WARD 1,SPRING GENERAL,JUSTICE OF THE SUPREME COURT,NONPARTISAN,ANN W. BRADLEY,40,40
2005,APRIL,WASHBURN,BROOKLYN TOWN WARD 1,SPRING GENERAL,JUSTICE OF THE SUPREME COURT,NONPARTISAN,SCATTERING,40,0
2005,APRIL,WASHBURN,CASEY TOWN WARD 1,SPRING GENERAL,JUSTICE OF THE SUPREME COURT,NONPARTISAN,ANN W. BRADLEY,66,66
2005,APRIL,WASHBURN,CASEY TOWN WARD 1,SPRING GENERAL,JUSTICE OF THE SUPREME COURT,NONPARTISAN,SCATTERING,66,0
2005,APRIL,WASHBURN,CHICOG TOWN WARDS 1 & 2,SPRING GENERAL,JUSTICE OF THE SUPREME COURT,NONPARTISAN,ANN W. BRADLEY,58,58
2005,APRIL,WASHBURN,CHICOG TOWN WARDS 1 & 2,SPRING GENERAL,JUSTICE OF THE SUPREME COURT,NONPARTISAN,SCATTERING,58,0
2005,APRIL,WASHBURN,CRYSTAL TOWN WARDS 1 & 2,SPRING GENERAL,JUSTICE OF THE SUPREME COURT,NONPARTISAN,ANN W. BRADLEY,54,54
2005,APRIL,WASHBURN,CRYSTAL TOWN WARDS 1 & 2,SPRING GENERAL,JUSTICE OF THE SUPREME COURT,NONPARTISAN,SCATTERING,54,0
2005,APRIL,WASHBURN,EVERGREEN TOWN WARDS 1 & 2,SPRING GENERAL,JUSTICE OF THE SUPREME COURT,NONPARTISAN,ANN W. BRADLEY,208,208
2005,APRIL,WASHBURN,EVERGREEN TOWN WARDS 1 & 2,SPRING GENERAL,JUSTICE OF THE SUPREME COURT,NONPARTISAN,SCATTERING,208,0
2005,APRIL,WASHBURN,FROG CREEK TOWN WARD 1,SPRING GENERAL,JUSTICE OF THE SUPREME COURT,NONPARTISAN,ANN W. BRADLEY,13,13
2005,APRIL,WASHBURN,FROG CREEK TOWN WARD 1,SPRING GENERAL,JUSTICE OF THE SUPREME COURT,NONPARTISAN,SCATTERING,13,0
2005,APRIL,WASHBURN,GULL LAKE TOWN WARD 1,SPRING GENERAL,JUSTICE OF THE SUPREME COURT,NONPARTISAN,ANN W. BRADLEY,35,35
2005,APRIL,WASHBURN,GULL LAKE TOWN WARD 1,SPRING GENERAL,JUSTICE OF THE SUPREME COURT,NONPARTISAN,SCATTERING,35,0
2005,APRIL,WASHBURN,LONG LAKE TOWN WARD 1,SPRING GENERAL,JUSTICE OF THE SUPREME COURT,NONPARTISAN,ANN W. BRADLEY,194,194
2005,APRIL,WASHBURN,LONG LAKE TOWN WARD 1,SPRING GENERAL,JUSTICE OF THE SUPREME COURT,NONPARTISAN,SCATTERING,194,0
2005,APRIL,WASHBURN,MADGE TOWN WARDS 1 - 3,SPRING GENERAL,JUSTICE OF THE SUPREME COURT,NONPARTISAN,ANN W. BRADLEY,110,110
2005,APRIL,WASHBURN,MADGE TOWN WARDS 1 - 3,SPRING GENERAL,JUSTICE OF THE SUPREME COURT,NONPARTISAN,SCATTERING,110,0
2005,APRIL,WASHBURN,MINONG TOWN WARDS 1 & 2,SPRING GENERAL,JUSTICE OF THE SUPREME COURT,NONPARTISAN,ANN W. BRADLEY,144,144
2005,APRIL,WASHBURN,MINONG TOWN WARDS 1 & 2,SPRING GENERAL,JUSTICE OF THE SUPREME COURT,NONPARTISAN,SCATTERING,144,0
2005,APRIL,WASHBURN,SARONA TOWN WARD 1,SPRING GENERAL,JUSTICE OF THE SUPREME COURT,NONPARTISAN,ANN W. BRADLEY,50,50
2005,APRIL,WASHBURN,SARONA TOWN WARD 1,SPRING GENERAL,JUSTICE OF THE SUPREME COURT,NONPARTISAN,SCATTERING,50,0
2005,APRIL,WASHBURN,SPOONER TOWN WARDS 1 - 3,SPRING GENERAL,JUSTICE OF THE SUPREME COURT,NONPARTISAN,ANN W. BRADLEY,124,124
2005,APRIL,WASHBURN,SPOONER TOWN WARDS 1 - 3,SPRING GENERAL,JUSTICE OF THE SUPREME COURT,NONPARTISAN,SCATTERING,124,0
2005,APRIL,WASHBURN,SPRINGBROOK TOWN WARD 1,SPRING GENERAL,JUSTICE OF THE SUPREME COURT,NONPARTISAN,ANN W. BRADLEY,42,42
2005,APRIL,WASHBURN,SPRINGBROOK TOWN WARD 1,SPRING GENERAL,JUSTICE OF THE SUPREME COURT,NONPARTISAN,SCATTERING,42,0
2005,APRIL,WASHBURN,STINNETT TOWN WARD 1,SPRING GENERAL,JUSTICE OF THE SUPREME COURT,NONPARTISAN,ANN W. BRADLEY,48,46
2005,APRIL,WASHBURN,STINNETT TOWN WARD 1,SPRING GENERAL,JUSTICE OF THE SUPREME COURT,NONPARTISAN,SCATTERING,48,2
2005,APRIL,WASHBURN,STONE LAKE TOWN WARD 1,SPRING GENERAL,JUSTICE OF THE SUPREME COURT,NONPARTISAN,ANN W. BRADLEY,161,161
2005,APRIL,WASHBURN,STONE LAKE TOWN WARD 1,SPRING GENERAL,JUSTICE OF THE SUPREME COURT,NONPARTISAN,SCATTERING,161,0
2005,APRIL,WASHBURN,TREGO TOWN WARDS 1 - 3,SPRING GENERAL,JUSTICE OF THE SUPREME COURT,NONPARTISAN,ANN W. BRADLEY,93,93
2005,APRIL,WASHBURN,TREGO TOWN WARDS 1 - 3,SPRING GENERAL,JUSTICE OF THE SUPREME COURT,NONPARTISAN,SCATTERING,93,0
2005,APRIL,WASHBURN,BIRCHWOOD VILLAGE WARD 1,SPRING GENERAL,JUSTICE OF THE SUPREME COURT,NONPARTISAN,ANN W. BRADLEY,100,100
2005,APRIL,WASHBURN,BIRCHWOOD VILLAGE WARD 1,SPRING GENERAL,JUSTICE OF THE SUPREME COURT,NONPARTISAN,SCATTERING,100,0
2005,APRIL,WASHBURN,MINONG VILLAGE WARD 1,SPRING GENERAL,JUSTICE OF THE SUPREME COURT,NONPARTISAN,ANN W. BRADLEY,55,55
2005,APRIL,WASHBURN,MINONG VILLAGE WARD 1,SPRING GENERAL,JUSTICE OF THE SUPREME COURT,NONPARTISAN,SCATTERING,55,0
2005,APRIL,WASHBURN,SPOONER CITY WARD 1,SPRING GENERAL,JUSTICE OF THE SUPREME COURT,NONPARTISAN,ANN W. BRADLEY,58,58
2005,APRIL,WASHBURN,SPOONER CITY WARD 1,SPRING GENERAL,JUSTICE OF THE SUPREME COURT,NONPARTISAN,SCATTERING,58,0
2005,APRIL,WASHBURN,SPOONER CITY WARD 2,SPRING GENERAL,JUSTICE OF THE SUPREME COURT,NONPARTISAN,ANN W. BRADLEY,94,94
2005,APRIL,WASHBURN,SPOONER CITY WARD 2,SPRING GENERAL,JUSTICE OF THE SUPREME COURT,NONPARTISAN,SCATTERING,94,0
2005,APRIL,WASHBURN,SPOONER CITY WARD 3,SPRING GENERAL,JUSTICE OF THE SUPREME COURT,NONPARTISAN,ANN W. BRADLEY,98,98
2005,APRIL,WASHBURN,SPOONER CITY WARD 3,SPRING GENERAL,JUSTICE OF THE SUPREME COURT,NONPARTISAN,SCATTERING,98,0
2005,APRIL,WASHBURN,SPOONER CITY WARD 4,SPRING GENERAL,JUSTICE OF THE SUPREME COURT,NONPARTISAN,ANN W. BRADLEY,59,59
2005,APRIL,WASHBURN,SPOONER CITY WARD 4,SPRING GENERAL,JUSTICE OF THE SUPREME COURT,NONPARTISAN,SCATTERING,59,0
2005,APRIL,WASHBURN,SPOONER CITY WARD 5,SPRING GENERAL,JUSTICE OF THE SUPREME COURT,NONPARTISAN,ANN W. BRADLEY,56,56
2005,APRIL,WASHBURN,SPOONER CITY WARD 5,SPRING GENERAL,JUSTICE OF THE SUPREME COURT,NONPARTISAN,SCATTERING,56,0
2005,APRIL,WASHBURN,SHELL LAKE CITY WARD 1,SPRING GENERAL,JUSTICE OF THE SUPREME COURT,NONPARTISAN,ANN W. BRADLEY,91,91
2005,APRIL,WASHBURN,SHELL LAKE CITY WARD 1,SPRING GENERAL,JUSTICE OF THE SUPREME COURT,NONPARTISAN,SCATTERING,91,0
2005,APRIL,WASHBURN,SHELL LAKE CITY WARD 2,SPRING GENERAL,JUSTICE OF THE SUPREME COURT,NONPARTISAN,ANN W. BRADLEY,78,78
2005,APRIL,WASHBURN,SHELL LAKE CITY WARD 2,SPRING GENERAL,JUSTICE OF THE SUPREME COURT,NONPARTISAN,SCATTERING,78,0
2005,APRIL,WASHINGTON,ADDISON TOWN WARDS 1 - 6,SPRING GENERAL,JUSTICE OF THE SUPREME COURT,NONPARTISAN,ANN W. BRADLEY,216,213
2005,APRIL,WASHINGTON,ADDISON TOWN WARDS 1 - 6,SPRING GENERAL,JUSTICE OF THE SUPREME COURT,NONPARTISAN,SCATTERING,216,3
2005,APRIL,WASHINGTON,BARTON TOWN WARDS 1 - 4,SPRING GENERAL,JUSTICE OF THE SUPREME COURT,NONPARTISAN,ANN W. BRADLEY,243,243
2005,APRIL,WASHINGTON,BARTON TOWN WARDS 1 - 4,SPRING GENERAL,JUSTICE OF THE SUPREME COURT,NONPARTISAN,SCATTERING,243,0
2005,APRIL,WASHINGTON,ERIN TOWN WARDS 1 - 4,SPRING GENERAL,JUSTICE OF THE SUPREME COURT,NONPARTISAN,ANN W. BRADLEY,482,480
2005,APRIL,WASHINGTON,ERIN TOWN WARDS 1 - 4,SPRING GENERAL,JUSTICE OF THE SUPREME COURT,NONPARTISAN,SCATTERING,482,2
2005,APRIL,WASHINGTON,FARMINGTON TOWN WARDS 1 - 4,SPRING GENERAL,JUSTICE OF THE SUPREME COURT,NONPARTISAN,ANN W. BRADLEY,689,689
2005,APRIL,WASHINGTON,FARMINGTON TOWN WARDS 1 - 4,SPRING GENERAL,JUSTICE OF THE SUPREME COURT,NONPARTISAN,SCATTERING,689,0
2005,APRIL,WASHINGTON,GERMANTOWN TOWN WARD 1,SPRING GENERAL,JUSTICE OF THE SUPREME COURT,NONPARTISAN,ANN W. BRADLEY,48,48
2005,APRIL,WASHINGTON,GERMANTOWN TOWN WARD 1,SPRING GENERAL,JUSTICE OF THE SUPREME COURT,NONPARTISAN,SCATTERING,48,0
2005,APRIL,WASHINGTON,HARTFORD TOWN WARDS 1 - 6,SPRING GENERAL,JUSTICE OF THE SUPREME COURT,NONPARTISAN,ANN W. BRADLEY,346,346
2005,APRIL,WASHINGTON,HARTFORD TOWN WARDS 1 - 6,SPRING GENERAL,JUSTICE OF THE SUPREME COURT,NONPARTISAN,SCATTERING,346,0
2005,APRIL,WASHINGTON,JACKSON TOWN WARDS 1 - 5,SPRING GENERAL,JUSTICE OF THE SUPREME COURT,NONPARTISAN,ANN W. BRADLEY,725,724
2005,APRIL,WASHINGTON,JACKSON TOWN WARDS 1 - 5,SPRING GENERAL,JUSTICE OF THE SUPREME COURT,NONPARTISAN,SCATTERING,725,1
2005,APRIL,WASHINGTON,KEWASKUM TOWN WARDS 1 & 2,SPRING GENERAL,JUSTICE OF THE SUPREME COURT,NONPARTISAN,ANN W. BRADLEY,261,261
2005,APRIL,WASHINGTON,KEWASKUM TOWN WARDS 1 & 2,SPRING GENERAL,JUSTICE OF THE SUPREME COURT,NONPARTISAN,SCATTERING,261,0
2005,APRIL,WASHINGTON,POLK TOWN WARDS 1 - 7,SPRING GENERAL,JUSTICE OF THE SUPREME COURT,NONPARTISAN,ANN W. BRADLEY,786,782
2005,APRIL,WASHINGTON,POLK TOWN WARDS 1 - 7,SPRING GENERAL,JUSTICE OF THE SUPREME COURT,NONPARTISAN,SCATTERING,786,4
2005,APRIL,WASHINGTON,RICHFIELD TOWN WARDS 1 & 8,SPRING GENERAL,JUSTICE OF THE SUPREME COURT,NONPARTISAN,ANN W. BRADLEY,365,365
2005,APRIL,WASHINGTON,RICHFIELD TOWN WARDS 1 & 8,SPRING GENERAL,JUSTICE OF THE SUPREME COURT,NONPARTISAN,SCATTERING,365,0
2005,APRIL,WASHINGTON,RICHFIELD TOWN WARDS 2 - 4,SPRING GENERAL,JUSTICE OF THE SUPREME COURT,NONPARTISAN,ANN W. BRADLEY,242,241
2005,APRIL,WASHINGTON,RICHFIELD TOWN WARDS 2 - 4,SPRING GENERAL,JUSTICE OF THE SUPREME COURT,NONPARTISAN,SCATTERING,242,1
2005,APRIL,WASHINGTON,"RICHFIELD TOWN WARDS 5, 6, 12 & 13",SPRING GENERAL,JUSTICE OF THE SUPREME COURT,NONPARTISAN,ANN W. BRADLEY,568,567
2005,APRIL,WASHINGTON,"RICHFIELD TOWN WARDS 5, 6, 12 & 13",SPRING GENERAL,JUSTICE OF THE SUPREME COURT,NONPARTISAN,SCATTERING,568,1
2005,APRIL,WASHINGTON,"RICHFIELD TOWN WARDS 7, 9 - 11",SPRING GENERAL,JUSTICE OF THE SUPREME COURT,NONPARTISAN,ANN W. BRADLEY,374,373
2005,APRIL,WASHINGTON,"RICHFIELD TOWN WARDS 7, 9 - 11",SPRING GENERAL,JUSTICE OF THE SUPREME COURT,NONPARTISAN,SCATTERING,374,1
2005,APRIL,WASHINGTON,TRENTON TOWN WARDS 1 - 7,SPRING GENERAL,JUSTICE OF THE SUPREME COURT,NONPARTISAN,ANN W. BRADLEY,391,390
2005,APRIL,WASHINGTON,TRENTON TOWN WARDS 1 - 7,SPRING GENERAL,JUSTICE OF THE SUPREME COURT,NONPARTISAN,SCATTERING,391,1
2005,APRIL,WASHINGTON,WAYNE TOWN WARDS 1 - 3,SPRING GENERAL,JUSTICE OF THE SUPREME COURT,NONPARTISAN,ANN W. BRADLEY,315,313
2005,APRIL,WASHINGTON,WAYNE TOWN WARDS 1 - 3,SPRING GENERAL,JUSTICE OF THE SUPREME COURT,NONPARTISAN,SCATTERING,315,2
2005,APRIL,WASHINGTON,WEST BEND TOWN WARDS 1 - 9,SPRING GENERAL,JUSTICE OF THE SUPREME COURT,NONPARTISAN,ANN W. BRADLEY,479,477
2005,APRIL,WASHINGTON,WEST BEND TOWN WARDS 1 - 9,SPRING GENERAL,JUSTICE OF THE SUPREME COURT,NONPARTISAN,SCATTERING,479,2
2005,APRIL,WASHINGTON,"GERMANTOWN VILLAGE WARDS 1, 7, 15 - 17",SPRING GENERAL,JUSTICE OF THE SUPREME COURT,NONPARTISAN,ANN W. BRADLEY,1157,1152
2005,APRIL,WASHINGTON,"GERMANTOWN VILLAGE WARDS 1, 7, 15 - 17",SPRING GENERAL,JUSTICE OF THE SUPREME COURT,NONPARTISAN,SCATTERING,1157,5
2005,APRIL,WASHINGTON,"GERMANTOWN VILLAGE WARDS 2, 4 - 6",SPRING GENERAL,JUSTICE OF THE SUPREME COURT,NONPARTISAN,ANN W. BRADLEY,708,706
2005,APRIL,WASHINGTON,"GERMANTOWN VILLAGE WARDS 2, 4 - 6",SPRING GENERAL,JUSTICE OF THE SUPREME COURT,NONPARTISAN,SCATTERING,708,2
2005,APRIL,WASHINGTON,"GERMANTOWN VILLAGE WARDS 3, 8 - 10 & 18",SPRING GENERAL,JUSTICE OF THE SUPREME COURT,NONPARTISAN,ANN W. BRADLEY,810,806
2005,APRIL,WASHINGTON,"GERMANTOWN VILLAGE WARDS 3, 8 - 10 & 18",SPRING GENERAL,JUSTICE OF THE SUPREME COURT,NONPARTISAN,SCATTERING,810,4
2005,APRIL,WASHINGTON,GERMANTOWN VILLAGE WARDS 11 - 14,SPRING GENERAL,JUSTICE OF THE SUPREME COURT,NONPARTISAN,ANN W. BRADLEY,954,947
2005,APRIL,WASHINGTON,GERMANTOWN VILLAGE WARDS 11 - 14,SPRING GENERAL,JUSTICE OF THE SUPREME COURT,NONPARTISAN,SCATTERING,954,7
2005,APRIL,WASHINGTON,JACKSON VILLAGE WARDS 1 - 11,SPRING GENERAL,JUSTICE OF THE SUPREME COURT,NONPARTISAN,ANN W. BRADLEY,291,291
2005,APRIL,WASHINGTON,JACKSON VILLAGE WARDS 1 - 11,SPRING GENERAL,JUSTICE OF THE SUPREME COURT,NONPARTISAN,SCATTERING,291,0
2005,APRIL,WASHINGTON,KEWASKUM VILLAGE WARDS 1 - 4 & 6,SPRING GENERAL,JUSTICE OF THE SUPREME COURT,NONPARTISAN,ANN W. BRADLEY,569,569
2005,APRIL,WASHINGTON,KEWASKUM VILLAGE WARDS 1 - 4 & 6,SPRING GENERAL,JUSTICE OF THE SUPREME COURT,NONPARTISAN,SCATTERING,569,0
2005,APRIL,WASHINGTON,NEWBURG VILLAGE WARDS 1 & 2,SPRING GENERAL,JUSTICE OF THE SUPREME COURT,NONPARTISAN,ANN W. BRADLEY,124,124
2005,APRIL,WASHINGTON,NEWBURG VILLAGE WARDS 1 & 2,SPRING GENERAL,JUSTICE OF THE SUPREME COURT,NONPARTISAN,SCATTERING,124,0
2005,APRIL,WASHINGTON,SLINGER VILLAGE WARDS 1 - 10,SPRING GENERAL,JUSTICE OF THE SUPREME COURT,NONPARTISAN,ANN W. BRADLEY,223,223
2005,APRIL,WASHINGTON,SLINGER VILLAGE WARDS 1 - 10,SPRING GENERAL,JUSTICE OF THE SUPREME COURT,NONPARTISAN,SCATTERING,223,0
2005,APRIL,WASHINGTON,"HARTFORD CITY WARDS 1 - 8, 18, 24, 25, 29, 32, 36 & 37",SPRING GENERAL,JUSTICE OF THE SUPREME COURT,NONPARTISAN,ANN W. BRADLEY,125,125
2005,APRIL,WASHINGTON,"HARTFORD CITY WARDS 1 - 8, 18, 24, 25, 29, 32, 36 & 37",SPRING GENERAL,JUSTICE OF THE SUPREME COURT,NONPARTISAN,SCATTERING,125,0
2005,APRIL,WASHINGTON,"HARTFORD CITY WARDS 9 - 11, 23 & 31",SPRING GENERAL,JUSTICE OF THE SUPREME COURT,NONPARTISAN,ANN W. BRADLEY,152,152
2005,APRIL,WASHINGTON,"HARTFORD CITY WARDS 9 - 11, 23 & 31",SPRING GENERAL,JUSTICE OF THE SUPREME COURT,NONPARTISAN,SCATTERING,152,0
2005,APRIL,WASHINGTON,"HARTFORD CITY WARDS 12 - 15, 17, 19 - 22, 26 - 28, 30, 33 - 35",SPRING GENERAL,JUSTICE OF THE SUPREME COURT,NONPARTISAN,ANN W. BRADLEY,172,171
2005,APRIL,WASHINGTON,"HARTFORD CITY WARDS 12 - 15, 17, 19 - 22, 26 - 28, 30, 33 - 35",SPRING GENERAL,JUSTICE OF THE SUPREME COURT,NONPARTISAN,SCATTERING,172,1
2005,APRIL,WASHINGTON,MILWAUKEE CITY WARD 262,SPRING GENERAL,JUSTICE OF THE SUPREME COURT,NONPARTISAN,ANN W. BRADLEY,0,0
2005,APRIL,WASHINGTON,MILWAUKEE CITY WARD 262,SPRING GENERAL,JUSTICE OF THE SUPREME COURT,NONPARTISAN,SCATTERING,0,0
2005,APRIL,WASHINGTON,"WEST BEND CITY WARDS 1, 12 & 32",SPRING GENERAL,JUSTICE OF THE SUPREME COURT,NONPARTISAN,ANN W. BRADLEY,439,439
2005,APRIL,WASHINGTON,"WEST BEND CITY WARDS 1, 12 & 32",SPRING GENERAL,JUSTICE OF THE SUPREME COURT,NONPARTISAN,SCATTERING,439,0
2005,APRIL,WASHINGTON,"WEST BEND CITY WARDS 2, 3 & 5",SPRING GENERAL,JUSTICE OF THE SUPREME COURT,NONPARTISAN,ANN W. BRADLEY,310,308
2005,APRIL,WASHINGTON,"WEST BEND CITY WARDS 2, 3 & 5",SPRING GENERAL,JUSTICE OF THE SUPREME COURT,NONPARTISAN,SCATTERING,310,2
2005,APRIL,WASHINGTON,"WEST BEND CITY WARDS 4, 11, 22 & 29",SPRING GENERAL,JUSTICE OF THE SUPREME COURT,NONPARTISAN,ANN W. BRADLEY,257,255
2005,APRIL,WASHINGTON,"WEST BEND CITY WARDS 4, 11, 22 & 29",SPRING GENERAL,JUSTICE OF THE SUPREME COURT,NONPARTISAN,SCATTERING,257,2
2005,APRIL,WASHINGTON,"WEST BEND CITY WARDS 6, 7, 24 & 31",SPRING GENERAL,JUSTICE OF THE SUPREME COURT,NONPARTISAN,ANN W. BRADLEY,549,548
2005,APRIL,WASHINGTON,"WEST BEND CITY WARDS 6, 7, 24 & 31",SPRING GENERAL,JUSTICE OF THE SUPREME COURT,NONPARTISAN,SCATTERING,549,1
2005,APRIL,WASHINGTON,WEST BEND CITY WARDS 8 - 10,SPRING GENERAL,JUSTICE OF THE SUPREME COURT,NONPARTISAN,ANN W. BRADLEY,335,335
2005,APRIL,WASHINGTON,WEST BEND CITY WARDS 8 - 10,SPRING GENERAL,JUSTICE OF THE SUPREME COURT,NONPARTISAN,SCATTERING,335,0
2005,APRIL,WASHINGTON,"WEST BEND CITY WARDS 13 - 15, 28, 30 & 34",SPRING GENERAL,JUSTICE OF THE SUPREME COURT,NONPARTISAN,ANN W. BRADLEY,263,263
2005,APRIL,WASHINGTON,"WEST BEND CITY WARDS 13 - 15, 28, 30 & 34",SPRING GENERAL,JUSTICE OF THE SUPREME COURT,NONPARTISAN,SCATTERING,263,0
2005,APRIL,WASHINGTON,"WEST BEND CITY WARDS 16, 18, 21 & 27",SPRING GENERAL,JUSTICE OF THE SUPREME COURT,NONPARTISAN,ANN W. BRADLEY,192,192
2005,APRIL,WASHINGTON,"WEST BEND CITY WARDS 16, 18, 21 & 27",SPRING GENERAL,JUSTICE OF THE SUPREME COURT,NONPARTISAN,SCATTERING,192,0
2005,APRIL,WASHINGTON,"WEST BEND CITY WARDS 17, 19, 20, 23, 25, 26 & 33",SPRING GENERAL,JUSTICE OF THE SUPREME COURT,NONPARTISAN,ANN W. BRADLEY,489,487
2005,APRIL,WASHINGTON,"WEST BEND CITY WARDS 17, 19, 20, 23, 25, 26 & 33",SPRING GENERAL,JUSTICE OF THE SUPREME COURT,NONPARTISAN,SCATTERING,489,2
2005,APRIL,WAUKESHA,BROOKFIELD TOWN WARDS 1 & 4,SPRING GENERAL,JUSTICE OF THE SUPREME COURT,NONPARTISAN,ANN W. BRADLEY,111,111
2005,APRIL,WAUKESHA,BROOKFIELD TOWN WARDS 1 & 4,SPRING GENERAL,JUSTICE OF THE SUPREME COURT,NONPARTISAN,SCATTERING,111,0
2005,APRIL,WAUKESHA,BROOKFIELD TOWN WARDS 2 & 8,SPRING GENERAL,JUSTICE OF THE SUPREME COURT,NONPARTISAN,ANN W. BRADLEY,114,114
2005,APRIL,WAUKESHA,BROOKFIELD TOWN WARDS 2 & 8,SPRING GENERAL,JUSTICE OF THE SUPREME COURT,NONPARTISAN,SCATTERING,114,0
2005,APRIL,WAUKESHA,BROOKFIELD TOWN WARDS 3 & 6,SPRING GENERAL,JUSTICE OF THE SUPREME COURT,NONPARTISAN,ANN W. BRADLEY,243,243
2005,APRIL,WAUKESHA,BROOKFIELD TOWN WARDS 3 & 6,SPRING GENERAL,JUSTICE OF THE SUPREME COURT,NONPARTISAN,SCATTERING,243,0
2005,APRIL,WAUKESHA,BROOKFIELD TOWN WARDS 5 & 7,SPRING GENERAL,JUSTICE OF THE SUPREME COURT,NONPARTISAN,ANN W. BRADLEY,269,266
2005,APRIL,WAUKESHA,BROOKFIELD TOWN WARDS 5 & 7,SPRING GENERAL,JUSTICE OF THE SUPREME COURT,NONPARTISAN,SCATTERING,269,3
2005,APRIL,WAUKESHA,BROOKFIELD TOWN WARDS 9 & 10,SPRING GENERAL,JUSTICE OF THE SUPREME COURT,NONPARTISAN,ANN W. BRADLEY,82,82
2005,APRIL,WAUKESHA,BROOKFIELD TOWN WARDS 9 & 10,SPRING GENERAL,JUSTICE OF THE SUPREME COURT,NONPARTISAN,SCATTERING,82,0
2005,APRIL,WAUKESHA,"DELAFIELD TOWN WARDS 1, 2, 5 & 6",SPRING GENERAL,JUSTICE OF THE SUPREME COURT,NONPARTISAN,ANN W. BRADLEY,288,286
2005,APRIL,WAUKESHA,"DELAFIELD TOWN WARDS 1, 2, 5 & 6",SPRING GENERAL,JUSTICE OF THE SUPREME COURT,NONPARTISAN,SCATTERING,288,2
2005,APRIL,WAUKESHA,DELAFIELD TOWN WARDS 3 & 4,SPRING GENERAL,JUSTICE OF THE SUPREME COURT,NONPARTISAN,ANN W. BRADLEY,175,174
2005,APRIL,WAUKESHA,DELAFIELD TOWN WARDS 3 & 4,SPRING GENERAL,JUSTICE OF THE SUPREME COURT,NONPARTISAN,SCATTERING,175,1
2005,APRIL,WAUKESHA,DELAFIELD TOWN WARDS 7 & 8,SPRING GENERAL,JUSTICE OF THE SUPREME COURT,NONPARTISAN,ANN W. BRADLEY,175,175
2005,APRIL,WAUKESHA,DELAFIELD TOWN WARDS 7 & 8,SPRING GENERAL,JUSTICE OF THE SUPREME COURT,NONPARTISAN,SCATTERING,175,0
2005,APRIL,WAUKESHA,DELAFIELD TOWN WARDS 9 - 11,SPRING GENERAL,JUSTICE OF THE SUPREME COURT,NONPARTISAN,ANN W. BRADLEY,262,262
2005,APRIL,WAUKESHA,DELAFIELD TOWN WARDS 9 - 11,SPRING GENERAL,JUSTICE OF THE SUPREME COURT,NONPARTISAN,SCATTERING,262,0
2005,APRIL,WAUKESHA,EAGLE TOWN WARDS 1 - 4,SPRING GENERAL,JUSTICE OF THE SUPREME COURT,NONPARTISAN,ANN W. BRADLEY,629,626
2005,APRIL,WAUKESHA,EAGLE TOWN WARDS 1 - 4,SPRING GENERAL,JUSTICE OF THE SUPREME COURT,NONPARTISAN,SCATTERING,629,3
2005,APRIL,WAUKESHA,"GENESEE TOWN WARDS 1, 4 & 5",SPRING GENERAL,JUSTICE OF THE SUPREME COURT,NONPARTISAN,ANN W. BRADLEY,216,215
2005,APRIL,WAUKESHA,"GENESEE TOWN WARDS 1, 4 & 5",SPRING GENERAL,JUSTICE OF THE SUPREME COURT,NONPARTISAN,SCATTERING,216,1
2005,APRIL,WAUKESHA,"GENESEE TOWN WARDS 2, 3 & 10",SPRING GENERAL,JUSTICE OF THE SUPREME COURT,NONPARTISAN,ANN W. BRADLEY,205,204
2005,APRIL,WAUKESHA,"GENESEE TOWN WARDS 2, 3 & 10",SPRING GENERAL,JUSTICE OF THE SUPREME COURT,NONPARTISAN,SCATTERING,205,1
2005,APRIL,WAUKESHA,GENESEE TOWN WARDS 6 - 9,SPRING GENERAL,JUSTICE OF THE SUPREME COURT,NONPARTISAN,ANN W. BRADLEY,467,464
2005,APRIL,WAUKESHA,GENESEE TOWN WARDS 6 - 9,SPRING GENERAL,JUSTICE OF THE SUPREME COURT,NONPARTISAN,SCATTERING,467,3
2005,APRIL,WAUKESHA,"LISBON TOWN WARDS 1, 9, 10 & 12",SPRING GENERAL,JUSTICE OF THE SUPREME COURT,NONPARTISAN,ANN W. BRADLEY,217,213
2005,APRIL,WAUKESHA,"LISBON TOWN WARDS 1, 9, 10 & 12",SPRING GENERAL,JUSTICE OF THE SUPREME COURT,NONPARTISAN,SCATTERING,217,4
2005,APRIL,WAUKESHA,LISBON TOWN WARDS 2 - 4 & 11,SPRING GENERAL,JUSTICE OF THE SUPREME COURT,NONPARTISAN,ANN W. BRADLEY,187,186
2005,APRIL,WAUKESHA,LISBON TOWN WARDS 2 - 4 & 11,SPRING GENERAL,JUSTICE OF THE SUPREME COURT,NONPARTISAN,SCATTERING,187,1
2005,APRIL,WAUKESHA,LISBON TOWN WARDS 5 - 8,SPRING GENERAL,JUSTICE OF THE SUPREME COURT,NONPARTISAN,ANN W. BRADLEY,251,249
2005,APRIL,WAUKESHA,LISBON TOWN WARDS 5 - 8,SPRING GENERAL,JUSTICE OF THE SUPREME COURT,NONPARTISAN,SCATTERING,251,2
2005,APRIL,WAUKESHA,MERTON TOWN WARDS 1 - 3,SPRING GENERAL,JUSTICE OF THE SUPREME COURT,NONPARTISAN,ANN W. BRADLEY,183,182
2005,APRIL,WAUKESHA,MERTON TOWN WARDS 1 - 3,SPRING GENERAL,JUSTICE OF THE SUPREME COURT,NONPARTISAN,SCATTERING,183,1
2005,APRIL,WAUKESHA,MERTON TOWN WARDS 4 - 6,SPRING GENERAL,JUSTICE OF THE SUPREME COURT,NONPARTISAN,ANN W. BRADLEY,233,233
2005,APRIL,WAUKESHA,MERTON TOWN WARDS 4 - 6,SPRING GENERAL,JUSTICE OF THE SUPREME COURT,NONPARTISAN,SCATTERING,233,0
2005,APRIL,WAUKESHA,MERTON TOWN WARDS 7 - 9,SPRING GENERAL,JUSTICE OF THE SUPREME COURT,NONPARTISAN,ANN W. BRADLEY,167,167
2005,APRIL,WAUKESHA,MERTON TOWN WARDS 7 - 9,SPRING GENERAL,JUSTICE OF THE SUPREME COURT,NONPARTISAN,SCATTERING,167,0
2005,APRIL,WAUKESHA,"MUKWONAGO TOWN WARDS 1, 4 - 10",SPRING GENERAL,JUSTICE OF THE SUPREME COURT,NONPARTISAN,ANN W. BRADLEY,217,216
2005,APRIL,WAUKESHA,"MUKWONAGO TOWN WARDS 1, 4 - 10",SPRING GENERAL,JUSTICE OF THE SUPREME COURT,NONPARTISAN,SCATTERING,217,1
2005,APRIL,WAUKESHA,MUKWONAGO TOWN WARDS 2 & 3,SPRING GENERAL,JUSTICE OF THE SUPREME COURT,NONPARTISAN,ANN W. BRADLEY,72,72
2005,APRIL,WAUKESHA,MUKWONAGO TOWN WARDS 2 & 3,SPRING GENERAL,JUSTICE OF THE SUPREME COURT,NONPARTISAN,SCATTERING,72,0
2005,APRIL,WAUKESHA,"OCONOMOWOC TOWN WARDS 1, 2 & 4",SPRING GENERAL,JUSTICE OF THE SUPREME COURT,NONPARTISAN,ANN W. BRADLEY,395,394
2005,APRIL,WAUKESHA,"OCONOMOWOC TOWN WARDS 1, 2 & 4",SPRING GENERAL,JUSTICE OF THE SUPREME COURT,NONPARTISAN,SCATTERING,395,1
2005,APRIL,WAUKESHA,"OCONOMOWOC TOWN WARDS 3, 6 & 7",SPRING GENERAL,JUSTICE OF THE SUPREME COURT,NONPARTISAN,ANN W. BRADLEY,344,344
2005,APRIL,WAUKESHA,"OCONOMOWOC TOWN WARDS 3, 6 & 7",SPRING GENERAL,JUSTICE OF THE SUPREME COURT,NONPARTISAN,SCATTERING,344,0
2005,APRIL,WAUKESHA,"OCONOMOWOC TOWN WARDS 5, 8 & 9",SPRING GENERAL,JUSTICE OF THE SUPREME COURT,NONPARTISAN,ANN W. BRADLEY,451,450
2005,APRIL,WAUKESHA,"OCONOMOWOC TOWN WARDS 5, 8 & 9",SPRING GENERAL,JUSTICE OF THE SUPREME COURT,NONPARTISAN,SCATTERING,451,1
2005,APRIL,WAUKESHA,OTTAWA TOWN WARDS 1 - 5,SPRING GENERAL,JUSTICE OF THE SUPREME COURT,NONPARTISAN,ANN W. BRADLEY,386,384
2005,APRIL,WAUKESHA,OTTAWA TOWN WARDS 1 - 5,SPRING GENERAL,JUSTICE OF THE SUPREME COURT,NONPARTISAN,SCATTERING,386,2
2005,APRIL,WAUKESHA,SUMMIT TOWN WARDS 1 - 3,SPRING GENERAL,JUSTICE OF THE SUPREME COURT,NONPARTISAN,ANN W. BRADLEY,124,124
2005,APRIL,WAUKESHA,SUMMIT TOWN WARDS 1 - 3,SPRING GENERAL,JUSTICE OF THE SUPREME COURT,NONPARTISAN,SCATTERING,124,0
2005,APRIL,WAUKESHA,SUMMIT TOWN WARDS 4 - 6,SPRING GENERAL,JUSTICE OF THE SUPREME COURT,NONPARTISAN,ANN W. BRADLEY,150,150
2005,APRIL,WAUKESHA,SUMMIT TOWN WARDS 4 - 6,SPRING GENERAL,JUSTICE OF THE SUPREME COURT,NONPARTISAN,SCATTERING,150,0
2005,APRIL,WAUKESHA,"VERNON TOWN WARDS 1, 6 - 10",SPRING GENERAL,JUSTICE OF THE SUPREME COURT,NONPARTISAN,ANN W. BRADLEY,410,410
2005,APRIL,WAUKESHA,"VERNON TOWN WARDS 1, 6 - 10",SPRING GENERAL,JUSTICE OF THE SUPREME COURT,NONPARTISAN,SCATTERING,410,0
2005,APRIL,WAUKESHA,VERNON TOWN WARDS 2 - 5,SPRING GENERAL,JUSTICE OF THE SUPREME COURT,NONPARTISAN,ANN W. BRADLEY,233,233
2005,APRIL,WAUKESHA,VERNON TOWN WARDS 2 - 5,SPRING GENERAL,JUSTICE OF THE SUPREME COURT,NONPARTISAN,SCATTERING,233,0
2005,APRIL,WAUKESHA,WAUKESHA TOWN WARDS 1 - 3,SPRING GENERAL,JUSTICE OF THE SUPREME COURT,NONPARTISAN,ANN W. BRADLEY,377,376
2005,APRIL,WAUKESHA,WAUKESHA TOWN WARDS 1 - 3,SPRING GENERAL,JUSTICE OF THE SUPREME COURT,NONPARTISAN,SCATTERING,377,1
2005,APRIL,WAUKESHA,WAUKESHA TOWN WARDS 4 - 6,SPRING GENERAL,JUSTICE OF THE SUPREME COURT,NONPARTISAN,ANN W. BRADLEY,497,493
2005,APRIL,WAUKESHA,WAUKESHA TOWN WARDS 4 - 6,SPRING GENERAL,JUSTICE OF THE SUPREME COURT,NONPARTISAN,SCATTERING,497,4
2005,APRIL,WAUKESHA,WAUKESHA TOWN WARDS 7 - 9,SPRING GENERAL,JUSTICE OF THE SUPREME COURT,NONPARTISAN,ANN W. BRADLEY,412,409
2005,APRIL,WAUKESHA,WAUKESHA TOWN WARDS 7 - 9,SPRING GENERAL,JUSTICE OF THE SUPREME COURT,NONPARTISAN,SCATTERING,412,3
2005,APRIL,WAUKESHA,WAUKESHA TOWN WARDS 10 - 12,SPRING GENERAL,JUSTICE OF THE SUPREME COURT,NONPARTISAN,ANN W. BRADLEY,427,427
2005,APRIL,WAUKESHA,WAUKESHA TOWN WARDS 10 - 12,SPRING GENERAL,JUSTICE OF THE SUPREME COURT,NONPARTISAN,SCATTERING,427,0
2005,APRIL,WAUKESHA,BIG BEND VILLAGE WARDS 1 - 3,SPRING GENERAL,JUSTICE OF THE SUPREME COURT,NONPARTISAN,ANN W. BRADLEY,163,163
2005,APRIL,WAUKESHA,BIG BEND VILLAGE WARDS 1 - 3,SPRING GENERAL,JUSTICE OF THE SUPREME COURT,NONPARTISAN,SCATTERING,163,0
2005,APRIL,WAUKESHA,BUTLER VILLAGE WARDS 1 - 3,SPRING GENERAL,JUSTICE OF THE SUPREME COURT,NONPARTISAN,ANN W. BRADLEY,342,338
2005,APRIL,WAUKESHA,BUTLER VILLAGE WARDS 1 - 3,SPRING GENERAL,JUSTICE OF THE SUPREME COURT,NONPARTISAN,SCATTERING,342,4
2005,APRIL,WAUKESHA,CHENEQUA VILLAGE WARD 1,SPRING GENERAL,JUSTICE OF THE SUPREME COURT,NONPARTISAN,ANN W. BRADLEY,113,113
2005,APRIL,WAUKESHA,CHENEQUA VILLAGE WARD 1,SPRING GENERAL,JUSTICE OF THE SUPREME COURT,NONPARTISAN,SCATTERING,113,0
2005,APRIL,WAUKESHA,DOUSMAN VILLAGE WARDS 1 & 2,SPRING GENERAL,JUSTICE OF THE SUPREME COURT,NONPARTISAN,ANN W. BRADLEY,138,137
2005,APRIL,WAUKESHA,DOUSMAN VILLAGE WARDS 1 & 2,SPRING GENERAL,JUSTICE OF THE SUPREME COURT,NONPARTISAN,SCATTERING,138,1
2005,APRIL,WAUKESHA,EAGLE VILLAGE WARDS 1 & 2,SPRING GENERAL,JUSTICE OF THE SUPREME COURT,NONPARTISAN,ANN W. BRADLEY,158,158
2005,APRIL,WAUKESHA,EAGLE VILLAGE WARDS 1 & 2,SPRING GENERAL,JUSTICE OF THE SUPREME COURT,NONPARTISAN,SCATTERING,158,0
2005,APRIL,WAUKESHA,ELM GROVE VILLAGE WARDS 1 - 4,SPRING GENERAL,JUSTICE OF THE SUPREME COURT,NONPARTISAN,ANN W. BRADLEY,720,717
2005,APRIL,WAUKESHA,ELM GROVE VILLAGE WARDS 1 - 4,SPRING GENERAL,JUSTICE OF THE SUPREME COURT,NONPARTISAN,SCATTERING,720,3
2005,APRIL,WAUKESHA,ELM GROVE VILLAGE WARDS 5 - 8,SPRING GENERAL,JUSTICE OF THE SUPREME COURT,NONPARTISAN,ANN W. BRADLEY,757,754
2005,APRIL,WAUKESHA,ELM GROVE VILLAGE WARDS 5 - 8,SPRING GENERAL,JUSTICE OF THE SUPREME COURT,NONPARTISAN,SCATTERING,757,3
2005,APRIL,WAUKESHA,HARTLAND VILLAGE WARDS 1 - 7,SPRING GENERAL,JUSTICE OF THE SUPREME COURT,NONPARTISAN,ANN W. BRADLEY,223,223
2005,APRIL,WAUKESHA,HARTLAND VILLAGE WARDS 1 - 7,SPRING GENERAL,JUSTICE OF THE SUPREME COURT,NONPARTISAN,SCATTERING,223,0
2005,APRIL,WAUKESHA,HARTLAND VILLAGE WARDS 8 - 13,SPRING GENERAL,JUSTICE OF THE SUPREME COURT,NONPARTISAN,ANN W. BRADLEY,149,149
2005,APRIL,WAUKESHA,HARTLAND VILLAGE WARDS 8 - 13,SPRING GENERAL,JUSTICE OF THE SUPREME COURT,NONPARTISAN,SCATTERING,149,0
2005,APRIL,WAUKESHA,LAC LA BELLE VILLAGE WARD 1,SPRING GENERAL,JUSTICE OF THE SUPREME COURT,NONPARTISAN,ANN W. BRADLEY,46,46
2005,APRIL,WAUKESHA,LAC LA BELLE VILLAGE WARD 1,SPRING GENERAL,JUSTICE OF THE SUPREME COURT,NONPARTISAN,SCATTERING,46,0
2005,APRIL,WAUKESHA,LANNON VILLAGE WARDS 1 & 2,SPRING GENERAL,JUSTICE OF THE SUPREME COURT,NONPARTISAN,ANN W. BRADLEY,88,88
2005,APRIL,WAUKESHA,LANNON VILLAGE WARDS 1 & 2,SPRING GENERAL,JUSTICE OF THE SUPREME COURT,NONPARTISAN,SCATTERING,88,0
2005,APRIL,WAUKESHA,MENOMONEE FALLS VILLAGE WARDS 1 & 2,SPRING GENERAL,JUSTICE OF THE SUPREME COURT,NONPARTISAN,ANN W. BRADLEY,438,437
2005,APRIL,WAUKESHA,MENOMONEE FALLS VILLAGE WARDS 1 & 2,SPRING GENERAL,JUSTICE OF THE SUPREME COURT,NONPARTISAN,SCATTERING,438,1
2005,APRIL,WAUKESHA,"MENOMONEE FALLS VILLAGE WARDS 3, 9 & 10",SPRING GENERAL,JUSTICE OF THE SUPREME COURT,NONPARTISAN,ANN W. BRADLEY,751,749
2005,APRIL,WAUKESHA,"MENOMONEE FALLS VILLAGE WARDS 3, 9 & 10",SPRING GENERAL,JUSTICE OF THE SUPREME COURT,NONPARTISAN,SCATTERING,751,2
2005,APRIL,WAUKESHA,"MENOMONEE FALLS VILLAGE WARDS 4, 8 & 11",SPRING GENERAL,JUSTICE OF THE SUPREME COURT,NONPARTISAN,ANN W. BRADLEY,568,565
2005,APRIL,WAUKESHA,"MENOMONEE FALLS VILLAGE WARDS 4, 8 & 11",SPRING GENERAL,JUSTICE OF THE SUPREME COURT,NONPARTISAN,SCATTERING,568,3
2005,APRIL,WAUKESHA,"MENOMONEE FALLS VILLAGE WARDS 5, 6 & 13",SPRING GENERAL,JUSTICE OF THE SUPREME COURT,NONPARTISAN,ANN W. BRADLEY,511,508
2005,APRIL,WAUKESHA,"MENOMONEE FALLS VILLAGE WARDS 5, 6 & 13",SPRING GENERAL,JUSTICE OF THE SUPREME COURT,NONPARTISAN,SCATTERING,511,3
2005,APRIL,WAUKESHA,MENOMONEE FALLS VILLAGE WARDS 7 & 12,SPRING GENERAL,JUSTICE OF THE SUPREME COURT,NONPARTISAN,ANN W. BRADLEY,481,481
2005,APRIL,WAUKESHA,MENOMONEE FALLS VILLAGE WARDS 7 & 12,SPRING GENERAL,JUSTICE OF THE SUPREME COURT,NONPARTISAN,SCATTERING,481,0
2005,APRIL,WAUKESHA,"MENOMONEE FALLS VILLAGE WARDS 14, 15 & 21",SPRING GENERAL,JUSTICE OF THE SUPREME COURT,NONPARTISAN,ANN W. BRADLEY,822,815
2005,APRIL,WAUKESHA,"MENOMONEE FALLS VILLAGE WARDS 14, 15 & 21",SPRING GENERAL,JUSTICE OF THE SUPREME COURT,NONPARTISAN,SCATTERING,822,7
2005,APRIL,WAUKESHA,MENOMONEE FALLS VILLAGE WARDS 16 & 17,SPRING GENERAL,JUSTICE OF THE SUPREME COURT,NONPARTISAN,ANN W. BRADLEY,511,508
2005,APRIL,WAUKESHA,MENOMONEE FALLS VILLAGE WARDS 16 & 17,SPRING GENERAL,JUSTICE OF THE SUPREME COURT,NONPARTISAN,SCATTERING,511,3
2005,APRIL,WAUKESHA,"MENOMONEE FALLS VILLAGE WARDS 18, 25 & 26",SPRING GENERAL,JUSTICE OF THE SUPREME COURT,NONPARTISAN,ANN W. BRADLEY,255,254
2005,APRIL,WAUKESHA,"MENOMONEE FALLS VILLAGE WARDS 18, 25 & 26",SPRING GENERAL,JUSTICE OF THE SUPREME COURT,NONPARTISAN,SCATTERING,255,1
2005,APRIL,WAUKESHA,MENOMONEE FALLS VILLAGE WARDS 19 & 24,SPRING GENERAL,JUSTICE OF THE SUPREME COURT,NONPARTISAN,ANN W. BRADLEY,244,243
2005,APRIL,WAUKESHA,MENOMONEE FALLS VILLAGE WARDS 19 & 24,SPRING GENERAL,JUSTICE OF THE SUPREME COURT,NONPARTISAN,SCATTERING,244,1
2005,APRIL,WAUKESHA,MENOMONEE FALLS VILLAGE WARDS 20 & 22,SPRING GENERAL,JUSTICE OF THE SUPREME COURT,NONPARTISAN,ANN W. BRADLEY,705,702
2005,APRIL,WAUKESHA,MENOMONEE FALLS VILLAGE WARDS 20 & 22,SPRING GENERAL,JUSTICE OF THE SUPREME COURT,NONPARTISAN,SCATTERING,705,3
2005,APRIL,WAUKESHA,MENOMONEE FALLS VILLAGE WARDS 23 & 29,SPRING GENERAL,JUSTICE OF THE SUPREME COURT,NONPARTISAN,ANN W. BRADLEY,406,403
2005,APRIL,WAUKESHA,MENOMONEE FALLS VILLAGE WARDS 23 & 29,SPRING GENERAL,JUSTICE OF THE SUPREME COURT,NONPARTISAN,SCATTERING,406,3
2005,APRIL,WAUKESHA,MENOMONEE FALLS VILLAGE WARDS 27 & 28,SPRING GENERAL,JUSTICE OF THE SUPREME COURT,NONPARTISAN,ANN W. BRADLEY,208,208
2005,APRIL,WAUKESHA,MENOMONEE FALLS VILLAGE WARDS 27 & 28,SPRING GENERAL,JUSTICE OF THE SUPREME COURT,NONPARTISAN,SCATTERING,208,0
2005,APRIL,WAUKESHA,MERTON VILLAGE WARDS 1 - 3,SPRING GENERAL,JUSTICE OF THE SUPREME COURT,NONPARTISAN,ANN W. BRADLEY,132,131
2005,APRIL,WAUKESHA,MERTON VILLAGE WARDS 1 - 3,SPRING GENERAL,JUSTICE OF THE SUPREME COURT,NONPARTISAN,SCATTERING,132,1
2005,APRIL,WAUKESHA,MUKWONAGO VILLAGE WARDS 1 - 8 & 10,SPRING GENERAL,JUSTICE OF THE SUPREME COURT,NONPARTISAN,ANN W. BRADLEY,535,533
2005,APRIL,WAUKESHA,MUKWONAGO VILLAGE WARDS 1 - 8 & 10,SPRING GENERAL,JUSTICE OF THE SUPREME COURT,NONPARTISAN,SCATTERING,535,2
2005,APRIL,WAUKESHA,NASHOTAH VILLAGE WARDS 1 & 2,SPRING GENERAL,JUSTICE OF THE SUPREME COURT,NONPARTISAN,ANN W. BRADLEY,191,191
2005,APRIL,WAUKESHA,NASHOTAH VILLAGE WARDS 1 & 2,SPRING GENERAL,JUSTICE OF THE SUPREME COURT,NONPARTISAN,SCATTERING,191,0
2005,APRIL,WAUKESHA,NORTH PRAIRIE VILLAGE WARD 1,SPRING GENERAL,JUSTICE OF THE SUPREME COURT,NONPARTISAN,ANN W. BRADLEY,36,36
2005,APRIL,WAUKESHA,NORTH PRAIRIE VILLAGE WARD 1,SPRING GENERAL,JUSTICE OF THE SUPREME COURT,NONPARTISAN,SCATTERING,36,0
2005,APRIL,WAUKESHA,NORTH PRAIRIE VILLAGE WARDS 2 & 3,SPRING GENERAL,JUSTICE OF THE SUPREME COURT,NONPARTISAN,ANN W. BRADLEY,60,60
2005,APRIL,WAUKESHA,NORTH PRAIRIE VILLAGE WARDS 2 & 3,SPRING GENERAL,JUSTICE OF THE SUPREME COURT,NONPARTISAN,SCATTERING,60,0
2005,APRIL,WAUKESHA,OCONOMOWOC LAKE VILLAGE WARD 1,SPRING GENERAL,JUSTICE OF THE SUPREME COURT,NONPARTISAN,ANN W. BRADLEY,83,83
2005,APRIL,WAUKESHA,OCONOMOWOC LAKE VILLAGE WARD 1,SPRING GENERAL,JUSTICE OF THE SUPREME COURT,NONPARTISAN,SCATTERING,83,0
2005,APRIL,WAUKESHA,PEWAUKEE VILLAGE WARDS 1 - 5,SPRING GENERAL,JUSTICE OF THE SUPREME COURT,NONPARTISAN,ANN W. BRADLEY,407,406
2005,APRIL,WAUKESHA,PEWAUKEE VILLAGE WARDS 1 - 5,SPRING GENERAL,JUSTICE OF THE SUPREME COURT,NONPARTISAN,SCATTERING,407,1
2005,APRIL,WAUKESHA,PEWAUKEE VILLAGE WARDS 6 - 9,SPRING GENERAL,JUSTICE OF THE SUPREME COURT,NONPARTISAN,ANN W. BRADLEY,244,243
2005,APRIL,WAUKESHA,PEWAUKEE VILLAGE WARDS 6 - 9,SPRING GENERAL,JUSTICE OF THE SUPREME COURT,NONPARTISAN,SCATTERING,244,1
2005,APRIL,WAUKESHA,"SUSSEX VILLAGE WARDS 1, 2, 4 & 5",SPRING GENERAL,JUSTICE OF THE SUPREME COURT,NONPARTISAN,ANN W. BRADLEY,143,142
2005,APRIL,WAUKESHA,"SUSSEX VILLAGE WARDS 1, 2, 4 & 5",SPRING GENERAL,JUSTICE OF THE SUPREME COURT,NONPARTISAN,SCATTERING,143,1
2005,APRIL,WAUKESHA,"SUSSEX VILLAGE WARDS 3, 10, 11, 14 & 16",SPRING GENERAL,JUSTICE OF THE SUPREME COURT,NONPARTISAN,ANN W. BRADLEY,117,116
2005,APRIL,WAUKESHA,"SUSSEX VILLAGE WARDS 3, 10, 11, 14 & 16",SPRING GENERAL,JUSTICE OF THE SUPREME COURT,NONPARTISAN,SCATTERING,117,1
2005,APRIL,WAUKESHA,SUSSEX VILLAGE WARDS 6 - 9,SPRING GENERAL,JUSTICE OF THE SUPREME COURT,NONPARTISAN,ANN W. BRADLEY,94,92
2005,APRIL,WAUKESHA,SUSSEX VILLAGE WARDS 6 - 9,SPRING GENERAL,JUSTICE OF THE SUPREME COURT,NONPARTISAN,SCATTERING,94,2
2005,APRIL,WAUKESHA,SUSSEX VILLAGE WARDS 12 & 15,SPRING GENERAL,JUSTICE OF THE SUPREME COURT,NONPARTISAN,ANN W. BRADLEY,0,0
2005,APRIL,WAUKESHA,SUSSEX VILLAGE WARDS 12 & 15,SPRING GENERAL,JUSTICE OF THE SUPREME COURT,NONPARTISAN,SCATTERING,0,0
2005,APRIL,WAUKESHA,SUSSEX VILLAGE WARD 13,SPRING GENERAL,JUSTICE OF THE SUPREME COURT,NONPARTISAN,ANN W. BRADLEY,0,0
2005,APRIL,WAUKESHA,SUSSEX VILLAGE WARD 13,SPRING GENERAL,JUSTICE OF THE SUPREME COURT,NONPARTISAN,SCATTERING,0,0
2005,APRIL,WAUKESHA,WALES VILLAGE WARDS 1 - 3,SPRING GENERAL,JUSTICE OF THE SUPREME COURT,NONPARTISAN,ANN W. BRADLEY,336,335
2005,APRIL,WAUKESHA,WALES VILLAGE WARDS 1 - 3,SPRING GENERAL,JUSTICE OF THE SUPREME COURT,NONPARTISAN,SCATTERING,336,1
2005,APRIL,WAUKESHA,BROOKFIELD CITY WARD 1,SPRING GENERAL,JUSTICE OF THE SUPREME COURT,NONPARTISAN,ANN W. BRADLEY,178,178
2005,APRIL,WAUKESHA,BROOKFIELD CITY WARD 1,SPRING GENERAL,JUSTICE OF THE SUPREME COURT,NONPARTISAN,SCATTERING,178,0
2005,APRIL,WAUKESHA,BROOKFIELD CITY WARD 2,SPRING GENERAL,JUSTICE OF THE SUPREME COURT,NONPARTISAN,ANN W. BRADLEY,138,138
2005,APRIL,WAUKESHA,BROOKFIELD CITY WARD 2,SPRING GENERAL,JUSTICE OF THE SUPREME COURT,NONPARTISAN,SCATTERING,138,0
2005,APRIL,WAUKESHA,BROOKFIELD CITY WARD 3,SPRING GENERAL,JUSTICE OF THE SUPREME COURT,NONPARTISAN,ANN W. BRADLEY,150,148
2005,APRIL,WAUKESHA,BROOKFIELD CITY WARD 3,SPRING GENERAL,JUSTICE OF THE SUPREME COURT,NONPARTISAN,SCATTERING,150,2
2005,APRIL,WAUKESHA,BROOKFIELD CITY WARD 4,SPRING GENERAL,JUSTICE OF THE SUPREME COURT,NONPARTISAN,ANN W. BRADLEY,129,126
2005,APRIL,WAUKESHA,BROOKFIELD CITY WARD 4,SPRING GENERAL,JUSTICE OF THE SUPREME COURT,NONPARTISAN,SCATTERING,129,3
2005,APRIL,WAUKESHA,BROOKFIELD CITY WARD 5,SPRING GENERAL,JUSTICE OF THE SUPREME COURT,NONPARTISAN,ANN W. BRADLEY,147,146
2005,APRIL,WAUKESHA,BROOKFIELD CITY WARD 5,SPRING GENERAL,JUSTICE OF THE SUPREME COURT,NONPARTISAN,SCATTERING,147,1
2005,APRIL,WAUKESHA,BROOKFIELD CITY WARD 6,SPRING GENERAL,JUSTICE OF THE SUPREME COURT,NONPARTISAN,ANN W. BRADLEY,172,171
2005,APRIL,WAUKESHA,BROOKFIELD CITY WARD 6,SPRING GENERAL,JUSTICE OF THE SUPREME COURT,NONPARTISAN,SCATTERING,172,1
2005,APRIL,WAUKESHA,BROOKFIELD CITY WARD 7,SPRING GENERAL,JUSTICE OF THE SUPREME COURT,NONPARTISAN,ANN W. BRADLEY,115,114
2005,APRIL,WAUKESHA,BROOKFIELD CITY WARD 7,SPRING GENERAL,JUSTICE OF THE SUPREME COURT,NONPARTISAN,SCATTERING,115,1
2005,APRIL,WAUKESHA,BROOKFIELD CITY WARD 8,SPRING GENERAL,JUSTICE OF THE SUPREME COURT,NONPARTISAN,ANN W. BRADLEY,146,145
2005,APRIL,WAUKESHA,BROOKFIELD CITY WARD 8,SPRING GENERAL,JUSTICE OF THE SUPREME COURT,NONPARTISAN,SCATTERING,146,1
2005,APRIL,WAUKESHA,BROOKFIELD CITY WARD 9,SPRING GENERAL,JUSTICE OF THE SUPREME COURT,NONPARTISAN,ANN W. BRADLEY,183,183
2005,APRIL,WAUKESHA,BROOKFIELD CITY WARD 9,SPRING GENERAL,JUSTICE OF THE SUPREME COURT,NONPARTISAN,SCATTERING,183,0
2005,APRIL,WAUKESHA,BROOKFIELD CITY WARD 10,SPRING GENERAL,JUSTICE OF THE SUPREME COURT,NONPARTISAN,ANN W. BRADLEY,100,96
2005,APRIL,WAUKESHA,BROOKFIELD CITY WARD 10,SPRING GENERAL,JUSTICE OF THE SUPREME COURT,NONPARTISAN,SCATTERING,100,4
2005,APRIL,WAUKESHA,BROOKFIELD CITY WARD 11,SPRING GENERAL,JUSTICE OF THE SUPREME COURT,NONPARTISAN,ANN W. BRADLEY,196,194
2005,APRIL,WAUKESHA,BROOKFIELD CITY WARD 11,SPRING GENERAL,JUSTICE OF THE SUPREME COURT,NONPARTISAN,SCATTERING,196,2
2005,APRIL,WAUKESHA,BROOKFIELD CITY WARD 12,SPRING GENERAL,JUSTICE OF THE SUPREME COURT,NONPARTISAN,ANN W. BRADLEY,259,256
2005,APRIL,WAUKESHA,BROOKFIELD CITY WARD 12,SPRING GENERAL,JUSTICE OF THE SUPREME COURT,NONPARTISAN,SCATTERING,259,3
2005,APRIL,WAUKESHA,BROOKFIELD CITY WARD 13,SPRING GENERAL,JUSTICE OF THE SUPREME COURT,NONPARTISAN,ANN W. BRADLEY,220,220
2005,APRIL,WAUKESHA,BROOKFIELD CITY WARD 13,SPRING GENERAL,JUSTICE OF THE SUPREME COURT,NONPARTISAN,SCATTERING,220,0
2005,APRIL,WAUKESHA,BROOKFIELD CITY WARD 14,SPRING GENERAL,JUSTICE OF THE SUPREME COURT,NONPARTISAN,ANN W. BRADLEY,71,71
2005,APRIL,WAUKESHA,BROOKFIELD CITY WARD 14,SPRING GENERAL,JUSTICE OF THE SUPREME COURT,NONPARTISAN,SCATTERING,71,0
2005,APRIL,WAUKESHA,BROOKFIELD CITY WARD 15,SPRING GENERAL,JUSTICE OF THE SUPREME COURT,NONPARTISAN,ANN W. BRADLEY,134,134
2005,APRIL,WAUKESHA,BROOKFIELD CITY WARD 15,SPRING GENERAL,JUSTICE OF THE SUPREME COURT,NONPARTISAN,SCATTERING,134,0
2005,APRIL,WAUKESHA,BROOKFIELD CITY WARD 16,SPRING GENERAL,JUSTICE OF THE SUPREME COURT,NONPARTISAN,ANN W. BRADLEY,160,159
2005,APRIL,WAUKESHA,BROOKFIELD CITY WARD 16,SPRING GENERAL,JUSTICE OF THE SUPREME COURT,NONPARTISAN,SCATTERING,160,1
2005,APRIL,WAUKESHA,BROOKFIELD CITY WARD 17,SPRING GENERAL,JUSTICE OF THE SUPREME COURT,NONPARTISAN,ANN W. BRADLEY,227,227
2005,APRIL,WAUKESHA,BROOKFIELD CITY WARD 17,SPRING GENERAL,JUSTICE OF THE SUPREME COURT,NONPARTISAN,SCATTERING,227,0
2005,APRIL,WAUKESHA,BROOKFIELD CITY WARD 18,SPRING GENERAL,JUSTICE OF THE SUPREME COURT,NONPARTISAN,ANN W. BRADLEY,155,155
2005,APRIL,WAUKESHA,BROOKFIELD CITY WARD 18,SPRING GENERAL,JUSTICE OF THE SUPREME COURT,NONPARTISAN,SCATTERING,155,0
2005,APRIL,WAUKESHA,BROOKFIELD CITY WARD 19,SPRING GENERAL,JUSTICE OF THE SUPREME COURT,NONPARTISAN,ANN W. BRADLEY,171,171
2005,APRIL,WAUKESHA,BROOKFIELD CITY WARD 19,SPRING GENERAL,JUSTICE OF THE SUPREME COURT,NONPARTISAN,SCATTERING,171,0
2005,APRIL,WAUKESHA,BROOKFIELD CITY WARD 20,SPRING GENERAL,JUSTICE OF THE SUPREME COURT,NONPARTISAN,ANN W. BRADLEY,127,126
2005,APRIL,WAUKESHA,BROOKFIELD CITY WARD 20,SPRING GENERAL,JUSTICE OF THE SUPREME COURT,NONPARTISAN,SCATTERING,127,1
2005,APRIL,WAUKESHA,BROOKFIELD CITY WARD 21,SPRING GENERAL,JUSTICE OF THE SUPREME COURT,NONPARTISAN,ANN W. BRADLEY,55,55
2005,APRIL,WAUKESHA,BROOKFIELD CITY WARD 21,SPRING GENERAL,JUSTICE OF THE SUPREME COURT,NONPARTISAN,SCATTERING,55,0
2005,APRIL,WAUKESHA,BROOKFIELD CITY WARD 22,SPRING GENERAL,JUSTICE OF THE SUPREME COURT,NONPARTISAN,ANN W. BRADLEY,132,132
2005,APRIL,WAUKESHA,BROOKFIELD CITY WARD 22,SPRING GENERAL,JUSTICE OF THE SUPREME COURT,NONPARTISAN,SCATTERING,132,0
2005,APRIL,WAUKESHA,BROOKFIELD CITY WARD 23,SPRING GENERAL,JUSTICE OF THE SUPREME COURT,NONPARTISAN,ANN W. BRADLEY,90,89
2005,APRIL,WAUKESHA,BROOKFIELD CITY WARD 23,SPRING GENERAL,JUSTICE OF THE SUPREME COURT,NONPARTISAN,SCATTERING,90,1
2005,APRIL,WAUKESHA,BROOKFIELD CITY WARD 24,SPRING GENERAL,JUSTICE OF THE SUPREME COURT,NONPARTISAN,ANN W. BRADLEY,174,173
2005,APRIL,WAUKESHA,BROOKFIELD CITY WARD 24,SPRING GENERAL,JUSTICE OF THE SUPREME COURT,NONPARTISAN,SCATTERING,174,1
2005,APRIL,WAUKESHA,DELAFIELD CITY WARD 1,SPRING GENERAL,JUSTICE OF THE SUPREME COURT,NONPARTISAN,ANN W. BRADLEY,52,49
2005,APRIL,WAUKESHA,DELAFIELD CITY WARD 1,SPRING GENERAL,JUSTICE OF THE SUPREME COURT,NONPARTISAN,SCATTERING,52,3
2005,APRIL,WAUKESHA,DELAFIELD CITY WARDS 2 - 4,SPRING GENERAL,JUSTICE OF THE SUPREME COURT,NONPARTISAN,ANN W. BRADLEY,278,278
2005,APRIL,WAUKESHA,DELAFIELD CITY WARDS 2 - 4,SPRING GENERAL,JUSTICE OF THE SUPREME COURT,NONPARTISAN,SCATTERING,278,0
2005,APRIL,WAUKESHA,DELAFIELD CITY WARDS 5 - 7,SPRING GENERAL,JUSTICE OF THE SUPREME COURT,NONPARTISAN,ANN W. BRADLEY,219,219
2005,APRIL,WAUKESHA,DELAFIELD CITY WARDS 5 - 7,SPRING GENERAL,JUSTICE OF THE SUPREME COURT,NONPARTISAN,SCATTERING,219,0
2005,APRIL,WAUKESHA,MILWAUKEE CITY WARD 274,SPRING GENERAL,JUSTICE OF THE SUPREME COURT,NONPARTISAN,ANN W. BRADLEY,0,0
2005,APRIL,WAUKESHA,MILWAUKEE CITY WARD 274,SPRING GENERAL,JUSTICE OF THE SUPREME COURT,NONPARTISAN,SCATTERING,0,0
2005,APRIL,WAUKESHA,MUSKEGO CITY WARDS 1 - 3,SPRING GENERAL,JUSTICE OF THE SUPREME COURT,NONPARTISAN,ANN W. BRADLEY,427,427
2005,APRIL,WAUKESHA,MUSKEGO CITY WARDS 1 - 3,SPRING GENERAL,JUSTICE OF THE SUPREME COURT,NONPARTISAN,SCATTERING,427,0
2005,APRIL,WAUKESHA,MUSKEGO CITY WARDS 4 - 6,SPRING GENERAL,JUSTICE OF THE SUPREME COURT,NONPARTISAN,ANN W. BRADLEY,390,388
2005,APRIL,WAUKESHA,MUSKEGO CITY WARDS 4 - 6,SPRING GENERAL,JUSTICE OF THE SUPREME COURT,NONPARTISAN,SCATTERING,390,2
2005,APRIL,WAUKESHA,MUSKEGO CITY WARDS 7 - 9,SPRING GENERAL,JUSTICE OF THE SUPREME COURT,NONPARTISAN,ANN W. BRADLEY,438,437
2005,APRIL,WAUKESHA,MUSKEGO CITY WARDS 7 - 9,SPRING GENERAL,JUSTICE OF THE SUPREME COURT,NONPARTISAN,SCATTERING,438,1
2005,APRIL,WAUKESHA,MUSKEGO CITY WARDS 10 & 11,SPRING GENERAL,JUSTICE OF THE SUPREME COURT,NONPARTISAN,ANN W. BRADLEY,383,381
2005,APRIL,WAUKESHA,MUSKEGO CITY WARDS 10 & 11,SPRING GENERAL,JUSTICE OF THE SUPREME COURT,NONPARTISAN,SCATTERING,383,2
2005,APRIL,WAUKESHA,MUSKEGO CITY WARDS 12 & 13,SPRING GENERAL,JUSTICE OF THE SUPREME COURT,NONPARTISAN,ANN W. BRADLEY,379,374
2005,APRIL,WAUKESHA,MUSKEGO CITY WARDS 12 & 13,SPRING GENERAL,JUSTICE OF THE SUPREME COURT,NONPARTISAN,SCATTERING,379,5
2005,APRIL,WAUKESHA,MUSKEGO CITY WARDS 14 & 15,SPRING GENERAL,JUSTICE OF THE SUPREME COURT,NONPARTISAN,ANN W. BRADLEY,417,416
2005,APRIL,WAUKESHA,MUSKEGO CITY WARDS 14 & 15,SPRING GENERAL,JUSTICE OF THE SUPREME COURT,NONPARTISAN,SCATTERING,417,1
2005,APRIL,WAUKESHA,MUSKEGO CITY WARDS 16 & 17,SPRING GENERAL,JUSTICE OF THE SUPREME COURT,NONPARTISAN,ANN W. BRADLEY,457,456
2005,APRIL,WAUKESHA,MUSKEGO CITY WARDS 16 & 17,SPRING GENERAL,JUSTICE OF THE SUPREME COURT,NONPARTISAN,SCATTERING,457,1
2005,APRIL,WAUKESHA,NEW BERLIN CITY WARD 1,SPRING GENERAL,JUSTICE OF THE SUPREME COURT,NONPARTISAN,ANN W. BRADLEY,210,207
2005,APRIL,WAUKESHA,NEW BERLIN CITY WARD 1,SPRING GENERAL,JUSTICE OF THE SUPREME COURT,NONPARTISAN,SCATTERING,210,3
2005,APRIL,WAUKESHA,NEW BERLIN CITY WARD 2,SPRING GENERAL,JUSTICE OF THE SUPREME COURT,NONPARTISAN,ANN W. BRADLEY,341,340
2005,APRIL,WAUKESHA,NEW BERLIN CITY WARD 2,SPRING GENERAL,JUSTICE OF THE SUPREME COURT,NONPARTISAN,SCATTERING,341,1
2005,APRIL,WAUKESHA,NEW BERLIN CITY WARD 3,SPRING GENERAL,JUSTICE OF THE SUPREME COURT,NONPARTISAN,ANN W. BRADLEY,300,300
2005,APRIL,WAUKESHA,NEW BERLIN CITY WARD 3,SPRING GENERAL,JUSTICE OF THE SUPREME COURT,NONPARTISAN,SCATTERING,300,0
2005,APRIL,WAUKESHA,NEW BERLIN CITY WARD 4,SPRING GENERAL,JUSTICE OF THE SUPREME COURT,NONPARTISAN,ANN W. BRADLEY,104,104
2005,APRIL,WAUKESHA,NEW BERLIN CITY WARD 4,SPRING GENERAL,JUSTICE OF THE SUPREME COURT,NONPARTISAN,SCATTERING,104,0
2005,APRIL,WAUKESHA,NEW BERLIN CITY WARD 5,SPRING GENERAL,JUSTICE OF THE SUPREME COURT,NONPARTISAN,ANN W. BRADLEY,352,350
2005,APRIL,WAUKESHA,NEW BERLIN CITY WARD 5,SPRING GENERAL,JUSTICE OF THE SUPREME COURT,NONPARTISAN,SCATTERING,352,2
2005,APRIL,WAUKESHA,NEW BERLIN CITY WARD 6,SPRING GENERAL,JUSTICE OF THE SUPREME COURT,NONPARTISAN,ANN W. BRADLEY,142,142
2005,APRIL,WAUKESHA,NEW BERLIN CITY WARD 6,SPRING GENERAL,JUSTICE OF THE SUPREME COURT,NONPARTISAN,SCATTERING,142,0
2005,APRIL,WAUKESHA,NEW BERLIN CITY WARD 7,SPRING GENERAL,JUSTICE OF THE SUPREME COURT,NONPARTISAN,ANN W. BRADLEY,220,220
2005,APRIL,WAUKESHA,NEW BERLIN CITY WARD 7,SPRING GENERAL,JUSTICE OF THE SUPREME COURT,NONPARTISAN,SCATTERING,220,0
2005,APRIL,WAUKESHA,NEW BERLIN CITY WARD 8,SPRING GENERAL,JUSTICE OF THE SUPREME COURT,NONPARTISAN,ANN W. BRADLEY,92,91
2005,APRIL,WAUKESHA,NEW BERLIN CITY WARD 8,SPRING GENERAL,JUSTICE OF THE SUPREME COURT,NONPARTISAN,SCATTERING,92,1
2005,APRIL,WAUKESHA,NEW BERLIN CITY WARD 9,SPRING GENERAL,JUSTICE OF THE SUPREME COURT,NONPARTISAN,ANN W. BRADLEY,164,163
2005,APRIL,WAUKESHA,NEW BERLIN CITY WARD 9,SPRING GENERAL,JUSTICE OF THE SUPREME COURT,NONPARTISAN,SCATTERING,164,1
2005,APRIL,WAUKESHA,NEW BERLIN CITY WARD 10,SPRING GENERAL,JUSTICE OF THE SUPREME COURT,NONPARTISAN,ANN W. BRADLEY,265,262
2005,APRIL,WAUKESHA,NEW BERLIN CITY WARD 10,SPRING GENERAL,JUSTICE OF THE SUPREME COURT,NONPARTISAN,SCATTERING,265,3
2005,APRIL,WAUKESHA,NEW BERLIN CITY WARD 11,SPRING GENERAL,JUSTICE OF THE SUPREME COURT,NONPARTISAN,ANN W. BRADLEY,99,98
2005,APRIL,WAUKESHA,NEW BERLIN CITY WARD 11,SPRING GENERAL,JUSTICE OF THE SUPREME COURT,NONPARTISAN,SCATTERING,99,1
2005,APRIL,WAUKESHA,NEW BERLIN CITY WARD 12,SPRING GENERAL,JUSTICE OF THE SUPREME COURT,NONPARTISAN,ANN W. BRADLEY,160,157
2005,APRIL,WAUKESHA,NEW BERLIN CITY WARD 12,SPRING GENERAL,JUSTICE OF THE SUPREME COURT,NONPARTISAN,SCATTERING,160,3
2005,APRIL,WAUKESHA,NEW BERLIN CITY WARD 13,SPRING GENERAL,JUSTICE OF THE SUPREME COURT,NONPARTISAN,ANN W. BRADLEY,316,314
2005,APRIL,WAUKESHA,NEW BERLIN CITY WARD 13,SPRING GENERAL,JUSTICE OF THE SUPREME COURT,NONPARTISAN,SCATTERING,316,2
2005,APRIL,WAUKESHA,NEW BERLIN CITY WARD 14,SPRING GENERAL,JUSTICE OF THE SUPREME COURT,NONPARTISAN,ANN W. BRADLEY,238,238
2005,APRIL,WAUKESHA,NEW BERLIN CITY WARD 14,SPRING GENERAL,JUSTICE OF THE SUPREME COURT,NONPARTISAN,SCATTERING,238,0
2005,APRIL,WAUKESHA,NEW BERLIN CITY WARD 15,SPRING GENERAL,JUSTICE OF THE SUPREME COURT,NONPARTISAN,ANN W. BRADLEY,246,245
2005,APRIL,WAUKESHA,NEW BERLIN CITY WARD 15,SPRING GENERAL,JUSTICE OF THE SUPREME COURT,NONPARTISAN,SCATTERING,246,1
2005,APRIL,WAUKESHA,NEW BERLIN CITY WARD 16,SPRING GENERAL,JUSTICE OF THE SUPREME COURT,NONPARTISAN,ANN W. BRADLEY,163,162
2005,APRIL,WAUKESHA,NEW BERLIN CITY WARD 16,SPRING GENERAL,JUSTICE OF THE SUPREME COURT,NONPARTISAN,SCATTERING,163,1
2005,APRIL,WAUKESHA,NEW BERLIN CITY WARD 17,SPRING GENERAL,JUSTICE OF THE SUPREME COURT,NONPARTISAN,ANN W. BRADLEY,189,189
2005,APRIL,WAUKESHA,NEW BERLIN CITY WARD 17,SPRING GENERAL,JUSTICE OF THE SUPREME COURT,NONPARTISAN,SCATTERING,189,0
2005,APRIL,WAUKESHA,NEW BERLIN CITY WARD 18,SPRING GENERAL,JUSTICE OF THE SUPREME COURT,NONPARTISAN,ANN W. BRADLEY,293,293
2005,APRIL,WAUKESHA,NEW BERLIN CITY WARD 18,SPRING GENERAL,JUSTICE OF THE SUPREME COURT,NONPARTISAN,SCATTERING,293,0
2005,APRIL,WAUKESHA,NEW BERLIN CITY WARD 19,SPRING GENERAL,JUSTICE OF THE SUPREME COURT,NONPARTISAN,ANN W. BRADLEY,302,300
2005,APRIL,WAUKESHA,NEW BERLIN CITY WARD 19,SPRING GENERAL,JUSTICE OF THE SUPREME COURT,NONPARTISAN,SCATTERING,302,2
2005,APRIL,WAUKESHA,NEW BERLIN CITY WARD 20,SPRING GENERAL,JUSTICE OF THE SUPREME COURT,NONPARTISAN,ANN W. BRADLEY,335,334
2005,APRIL,WAUKESHA,NEW BERLIN CITY WARD 20,SPRING GENERAL,JUSTICE OF THE SUPREME COURT,NONPARTISAN,SCATTERING,335,1
2005,APRIL,WAUKESHA,NEW BERLIN CITY WARD 21,SPRING GENERAL,JUSTICE OF THE SUPREME COURT,NONPARTISAN,ANN W. BRADLEY,289,289
2005,APRIL,WAUKESHA,NEW BERLIN CITY WARD 21,SPRING GENERAL,JUSTICE OF THE SUPREME COURT,NONPARTISAN,SCATTERING,289,0
2005,APRIL,WAUKESHA,NEW BERLIN CITY WARD 22,SPRING GENERAL,JUSTICE OF THE SUPREME COURT,NONPARTISAN,ANN W. BRADLEY,242,242
2005,APRIL,WAUKESHA,NEW BERLIN CITY WARD 22,SPRING GENERAL,JUSTICE OF THE SUPREME COURT,NONPARTISAN,SCATTERING,242,0
2005,APRIL,WAUKESHA,NEW BERLIN CITY WARD 23,SPRING GENERAL,JUSTICE OF THE SUPREME COURT,NONPARTISAN,ANN W. BRADLEY,296,295
2005,APRIL,WAUKESHA,NEW BERLIN CITY WARD 23,SPRING GENERAL,JUSTICE OF THE SUPREME COURT,NONPARTISAN,SCATTERING,296,1
2005,APRIL,WAUKESHA,NEW BERLIN CITY WARD 24,SPRING GENERAL,JUSTICE OF THE SUPREME COURT,NONPARTISAN,ANN W. BRADLEY,351,350
2005,APRIL,WAUKESHA,NEW BERLIN CITY WARD 24,SPRING GENERAL,JUSTICE OF THE SUPREME COURT,NONPARTISAN,SCATTERING,351,1
2005,APRIL,WAUKESHA,NEW BERLIN CITY WARD 25,SPRING GENERAL,JUSTICE OF THE SUPREME COURT,NONPARTISAN,ANN W. BRADLEY,188,188
2005,APRIL,WAUKESHA,NEW BERLIN CITY WARD 25,SPRING GENERAL,JUSTICE OF THE SUPREME COURT,NONPARTISAN,SCATTERING,188,0
2005,APRIL,WAUKESHA,NEW BERLIN CITY WARD 26,SPRING GENERAL,JUSTICE OF THE SUPREME COURT,NONPARTISAN,ANN W. BRADLEY,208,205
2005,APRIL,WAUKESHA,NEW BERLIN CITY WARD 26,SPRING GENERAL,JUSTICE OF THE SUPREME COURT,NONPARTISAN,SCATTERING,208,3
2005,APRIL,WAUKESHA,NEW BERLIN CITY WARD 27,SPRING GENERAL,JUSTICE OF THE SUPREME COURT,NONPARTISAN,ANN W. BRADLEY,13,13
2005,APRIL,WAUKESHA,NEW BERLIN CITY WARD 27,SPRING GENERAL,JUSTICE OF THE SUPREME COURT,NONPARTISAN,SCATTERING,13,0
2005,APRIL,WAUKESHA,NEW BERLIN CITY WARD 28,SPRING GENERAL,JUSTICE OF THE SUPREME COURT,NONPARTISAN,ANN W. BRADLEY,6,6
2005,APRIL,WAUKESHA,NEW BERLIN CITY WARD 28,SPRING GENERAL,JUSTICE OF THE SUPREME COURT,NONPARTISAN,SCATTERING,6,0
2005,APRIL,WAUKESHA,OCONOMOWOC CITY WARDS 1 - 3 & 20,SPRING GENERAL,JUSTICE OF THE SUPREME COURT,NONPARTISAN,ANN W. BRADLEY,353,350
2005,APRIL,WAUKESHA,OCONOMOWOC CITY WARDS 1 - 3 & 20,SPRING GENERAL,JUSTICE OF THE SUPREME COURT,NONPARTISAN,SCATTERING,353,3
2005,APRIL,WAUKESHA,OCONOMOWOC CITY WARDS 4 - 6 & 14,SPRING GENERAL,JUSTICE OF THE SUPREME COURT,NONPARTISAN,ANN W. BRADLEY,188,188
2005,APRIL,WAUKESHA,OCONOMOWOC CITY WARDS 4 - 6 & 14,SPRING GENERAL,JUSTICE OF THE SUPREME COURT,NONPARTISAN,SCATTERING,188,0
2005,APRIL,WAUKESHA,"OCONOMOWOC CITY WARDS 7 - 9, 17 - 19",SPRING GENERAL,JUSTICE OF THE SUPREME COURT,NONPARTISAN,ANN W. BRADLEY,198,198
2005,APRIL,WAUKESHA,"OCONOMOWOC CITY WARDS 7 - 9, 17 - 19",SPRING GENERAL,JUSTICE OF THE SUPREME COURT,NONPARTISAN,SCATTERING,198,0
2005,APRIL,WAUKESHA,"OCONOMOWOC CITY WARDS 10 - 13, 15 & 16",SPRING GENERAL,JUSTICE OF THE SUPREME COURT,NONPARTISAN,ANN W. BRADLEY,270,268
2005,APRIL,WAUKESHA,"OCONOMOWOC CITY WARDS 10 - 13, 15 & 16",SPRING GENERAL,JUSTICE OF THE SUPREME COURT,NONPARTISAN,SCATTERING,270,2
2005,APRIL,WAUKESHA,PEWAUKEE CITY WARD 1,SPRING GENERAL,JUSTICE OF THE SUPREME COURT,NONPARTISAN,ANN W. BRADLEY,76,76
2005,APRIL,WAUKESHA,PEWAUKEE CITY WARD 1,SPRING GENERAL,JUSTICE OF THE SUPREME COURT,NONPARTISAN,SCATTERING,76,0
2005,APRIL,WAUKESHA,PEWAUKEE CITY WARDS 2 & 3,SPRING GENERAL,JUSTICE OF THE SUPREME COURT,NONPARTISAN,ANN W. BRADLEY,91,91
2005,APRIL,WAUKESHA,PEWAUKEE CITY WARDS 2 & 3,SPRING GENERAL,JUSTICE OF THE SUPREME COURT,NONPARTISAN,SCATTERING,91,0
2005,APRIL,WAUKESHA,PEWAUKEE CITY WARD 4,SPRING GENERAL,JUSTICE OF THE SUPREME COURT,NONPARTISAN,ANN W. BRADLEY,42,42
2005,APRIL,WAUKESHA,PEWAUKEE CITY WARD 4,SPRING GENERAL,JUSTICE OF THE SUPREME COURT,NONPARTISAN,SCATTERING,42,0
2005,APRIL,WAUKESHA,PEWAUKEE CITY WARD 5,SPRING GENERAL,JUSTICE OF THE SUPREME COURT,NONPARTISAN,ANN W. BRADLEY,137,128
2005,APRIL,WAUKESHA,PEWAUKEE CITY WARD 5,SPRING GENERAL,JUSTICE OF THE SUPREME COURT,NONPARTISAN,SCATTERING,137,9
2005,APRIL,WAUKESHA,PEWAUKEE CITY WARDS 6 & 7,SPRING GENERAL,JUSTICE OF THE SUPREME COURT,NONPARTISAN,ANN W. BRADLEY,308,305
2005,APRIL,WAUKESHA,PEWAUKEE CITY WARDS 6 & 7,SPRING GENERAL,JUSTICE OF THE SUPREME COURT,NONPARTISAN,SCATTERING,308,3
2005,APRIL,WAUKESHA,PEWAUKEE CITY WARD 8,SPRING GENERAL,JUSTICE OF THE SUPREME COURT,NONPARTISAN,ANN W. BRADLEY,138,138
2005,APRIL,WAUKESHA,PEWAUKEE CITY WARD 8,SPRING GENERAL,JUSTICE OF THE SUPREME COURT,NONPARTISAN,SCATTERING,138,0
2005,APRIL,WAUKESHA,PEWAUKEE CITY WARD 9,SPRING GENERAL,JUSTICE OF THE SUPREME COURT,NONPARTISAN,ANN W. BRADLEY,117,117
2005,APRIL,WAUKESHA,PEWAUKEE CITY WARD 9,SPRING GENERAL,JUSTICE OF THE SUPREME COURT,NONPARTISAN,SCATTERING,117,0
2005,APRIL,WAUKESHA,PEWAUKEE CITY WARD 10,SPRING GENERAL,JUSTICE OF THE SUPREME COURT,NONPARTISAN,ANN W. BRADLEY,156,155
2005,APRIL,WAUKESHA,PEWAUKEE CITY WARD 10,SPRING GENERAL,JUSTICE OF THE SUPREME COURT,NONPARTISAN,SCATTERING,156,1
2005,APRIL,WAUKESHA,WAUKESHA CITY WARD 1,SPRING GENERAL,JUSTICE OF THE SUPREME COURT,NONPARTISAN,ANN W. BRADLEY,168,168
2005,APRIL,WAUKESHA,WAUKESHA CITY WARD 1,SPRING GENERAL,JUSTICE OF THE SUPREME COURT,NONPARTISAN,SCATTERING,168,0
2005,APRIL,WAUKESHA,WAUKESHA CITY WARD 2,SPRING GENERAL,JUSTICE OF THE SUPREME COURT,NONPARTISAN,ANN W. BRADLEY,325,324
2005,APRIL,WAUKESHA,WAUKESHA CITY WARD 2,SPRING GENERAL,JUSTICE OF THE SUPREME COURT,NONPARTISAN,SCATTERING,325,1
2005,APRIL,WAUKESHA,WAUKESHA CITY WARD 3,SPRING GENERAL,JUSTICE OF THE SUPREME COURT,NONPARTISAN,ANN W. BRADLEY,165,165
2005,APRIL,WAUKESHA,WAUKESHA CITY WARD 3,SPRING GENERAL,JUSTICE OF THE SUPREME COURT,NONPARTISAN,SCATTERING,165,0
2005,APRIL,WAUKESHA,WAUKESHA CITY WARD 4,SPRING GENERAL,JUSTICE OF THE SUPREME COURT,NONPARTISAN,ANN W. BRADLEY,144,143
2005,APRIL,WAUKESHA,WAUKESHA CITY WARD 4,SPRING GENERAL,JUSTICE OF THE SUPREME COURT,NONPARTISAN,SCATTERING,144,1
2005,APRIL,WAUKESHA,WAUKESHA CITY WARD 5,SPRING GENERAL,JUSTICE OF THE SUPREME COURT,NONPARTISAN,ANN W. BRADLEY,177,175
2005,APRIL,WAUKESHA,WAUKESHA CITY WARD 5,SPRING GENERAL,JUSTICE OF THE SUPREME COURT,NONPARTISAN,SCATTERING,177,2
2005,APRIL,WAUKESHA,WAUKESHA CITY WARD 6,SPRING GENERAL,JUSTICE OF THE SUPREME COURT,NONPARTISAN,ANN W. BRADLEY,189,187
2005,APRIL,WAUKESHA,WAUKESHA CITY WARD 6,SPRING GENERAL,JUSTICE OF THE SUPREME COURT,NONPARTISAN,SCATTERING,189,2
2005,APRIL,WAUKESHA,WAUKESHA CITY WARD 7,SPRING GENERAL,JUSTICE OF THE SUPREME COURT,NONPARTISAN,ANN W. BRADLEY,217,216
2005,APRIL,WAUKESHA,WAUKESHA CITY WARD 7,SPRING GENERAL,JUSTICE OF THE SUPREME COURT,NONPARTISAN,SCATTERING,217,1
2005,APRIL,WAUKESHA,WAUKESHA CITY WARD 8,SPRING GENERAL,JUSTICE OF THE SUPREME COURT,NONPARTISAN,ANN W. BRADLEY,200,200
2005,APRIL,WAUKESHA,WAUKESHA CITY WARD 8,SPRING GENERAL,JUSTICE OF THE SUPREME COURT,NONPARTISAN,SCATTERING,200,0
2005,APRIL,WAUKESHA,WAUKESHA CITY WARD 9,SPRING GENERAL,JUSTICE OF THE SUPREME COURT,NONPARTISAN,ANN W. BRADLEY,219,216
2005,APRIL,WAUKESHA,WAUKESHA CITY WARD 9,SPRING GENERAL,JUSTICE OF THE SUPREME COURT,NONPARTISAN,SCATTERING,219,3
2005,APRIL,WAUKESHA,WAUKESHA CITY WARD 10,SPRING GENERAL,JUSTICE OF THE SUPREME COURT,NONPARTISAN,ANN W. BRADLEY,43,43
2005,APRIL,WAUKESHA,WAUKESHA CITY WARD 10,SPRING GENERAL,JUSTICE OF THE SUPREME COURT,NONPARTISAN,SCATTERING,43,0
2005,APRIL,WAUKESHA,WAUKESHA CITY WARD 11,SPRING GENERAL,JUSTICE OF THE SUPREME COURT,NONPARTISAN,ANN W. BRADLEY,227,225
2005,APRIL,WAUKESHA,WAUKESHA CITY WARD 11,SPRING GENERAL,JUSTICE OF THE SUPREME COURT,NONPARTISAN,SCATTERING,227,2
2005,APRIL,WAUKESHA,WAUKESHA CITY WARD 12,SPRING GENERAL,JUSTICE OF THE SUPREME COURT,NONPARTISAN,ANN W. BRADLEY,260,260
2005,APRIL,WAUKESHA,WAUKESHA CITY WARD 12,SPRING GENERAL,JUSTICE OF THE SUPREME COURT,NONPARTISAN,SCATTERING,260,0
2005,APRIL,WAUKESHA,WAUKESHA CITY WARD 13,SPRING GENERAL,JUSTICE OF THE SUPREME COURT,NONPARTISAN,ANN W. BRADLEY,263,257
2005,APRIL,WAUKESHA,WAUKESHA CITY WARD 13,SPRING GENERAL,JUSTICE OF THE SUPREME COURT,NONPARTISAN,SCATTERING,263,6
2005,APRIL,WAUKESHA,WAUKESHA CITY WARD 14,SPRING GENERAL,JUSTICE OF THE SUPREME COURT,NONPARTISAN,ANN W. BRADLEY,22,22
2005,APRIL,WAUKESHA,WAUKESHA CITY WARD 14,SPRING GENERAL,JUSTICE OF THE SUPREME COURT,NONPARTISAN,SCATTERING,22,0
2005,APRIL,WAUKESHA,WAUKESHA CITY WARD 15,SPRING GENERAL,JUSTICE OF THE SUPREME COURT,NONPARTISAN,ANN W. BRADLEY,301,300
2005,APRIL,WAUKESHA,WAUKESHA CITY WARD 15,SPRING GENERAL,JUSTICE OF THE SUPREME COURT,NONPARTISAN,SCATTERING,301,1
2005,APRIL,WAUKESHA,WAUKESHA CITY WARD 16,SPRING GENERAL,JUSTICE OF THE SUPREME COURT,NONPARTISAN,ANN W. BRADLEY,138,138
2005,APRIL,WAUKESHA,WAUKESHA CITY WARD 16,SPRING GENERAL,JUSTICE OF THE SUPREME COURT,NONPARTISAN,SCATTERING,138,0
2005,APRIL,WAUKESHA,WAUKESHA CITY WARD 17,SPRING GENERAL,JUSTICE OF THE SUPREME COURT,NONPARTISAN,ANN W. BRADLEY,173,172
2005,APRIL,WAUKESHA,WAUKESHA CITY WARD 17,SPRING GENERAL,JUSTICE OF THE SUPREME COURT,NONPARTISAN,SCATTERING,173,1
2005,APRIL,WAUKESHA,WAUKESHA CITY WARD 18,SPRING GENERAL,JUSTICE OF THE SUPREME COURT,NONPARTISAN,ANN W. BRADLEY,53,53
2005,APRIL,WAUKESHA,WAUKESHA CITY WARD 18,SPRING GENERAL,JUSTICE OF THE SUPREME COURT,NONPARTISAN,SCATTERING,53,0
2005,APRIL,WAUKESHA,WAUKESHA CITY WARD 19,SPRING GENERAL,JUSTICE OF THE SUPREME COURT,NONPARTISAN,ANN W. BRADLEY,164,163
2005,APRIL,WAUKESHA,WAUKESHA CITY WARD 19,SPRING GENERAL,JUSTICE OF THE SUPREME COURT,NONPARTISAN,SCATTERING,164,1
2005,APRIL,WAUKESHA,WAUKESHA CITY WARD 20,SPRING GENERAL,JUSTICE OF THE SUPREME COURT,NONPARTISAN,ANN W. BRADLEY,156,150
2005,APRIL,WAUKESHA,WAUKESHA CITY WARD 20,SPRING GENERAL,JUSTICE OF THE SUPREME COURT,NONPARTISAN,SCATTERING,156,6
2005,APRIL,WAUKESHA,WAUKESHA CITY WARD 21,SPRING GENERAL,JUSTICE OF THE SUPREME COURT,NONPARTISAN,ANN W. BRADLEY,85,85
2005,APRIL,WAUKESHA,WAUKESHA CITY WARD 21,SPRING GENERAL,JUSTICE OF THE SUPREME COURT,NONPARTISAN,SCATTERING,85,0
2005,APRIL,WAUKESHA,WAUKESHA CITY WARD 22,SPRING GENERAL,JUSTICE OF THE SUPREME COURT,NONPARTISAN,ANN W. BRADLEY,113,112
2005,APRIL,WAUKESHA,WAUKESHA CITY WARD 22,SPRING GENERAL,JUSTICE OF THE SUPREME COURT,NONPARTISAN,SCATTERING,113,1
2005,APRIL,WAUKESHA,WAUKESHA CITY WARD 23,SPRING GENERAL,JUSTICE OF THE SUPREME COURT,NONPARTISAN,ANN W. BRADLEY,102,98
2005,APRIL,WAUKESHA,WAUKESHA CITY WARD 23,SPRING GENERAL,JUSTICE OF THE SUPREME COURT,NONPARTISAN,SCATTERING,102,4
2005,APRIL,WAUKESHA,WAUKESHA CITY WARD 24,SPRING GENERAL,JUSTICE OF THE SUPREME COURT,NONPARTISAN,ANN W. BRADLEY,176,172
2005,APRIL,WAUKESHA,WAUKESHA CITY WARD 24,SPRING GENERAL,JUSTICE OF THE SUPREME COURT,NONPARTISAN,SCATTERING,176,4
2005,APRIL,WAUKESHA,WAUKESHA CITY WARD 25,SPRING GENERAL,JUSTICE OF THE SUPREME COURT,NONPARTISAN,ANN W. BRADLEY,255,253
2005,APRIL,WAUKESHA,WAUKESHA CITY WARD 25,SPRING GENERAL,JUSTICE OF THE SUPREME COURT,NONPARTISAN,SCATTERING,255,2
2005,APRIL,WAUKESHA,WAUKESHA CITY WARD 26,SPRING GENERAL,JUSTICE OF THE SUPREME COURT,NONPARTISAN,ANN W. BRADLEY,322,322
2005,APRIL,WAUKESHA,WAUKESHA CITY WARD 26,SPRING GENERAL,JUSTICE OF THE SUPREME COURT,NONPARTISAN,SCATTERING,322,0
2005,APRIL,WAUKESHA,WAUKESHA CITY WARD 27,SPRING GENERAL,JUSTICE OF THE SUPREME COURT,NONPARTISAN,ANN W. BRADLEY,434,434
2005,APRIL,WAUKESHA,WAUKESHA CITY WARD 27,SPRING GENERAL,JUSTICE OF THE SUPREME COURT,NONPARTISAN,SCATTERING,434,0
2005,APRIL,WAUKESHA,WAUKESHA CITY WARD 28,SPRING GENERAL,JUSTICE OF THE SUPREME COURT,NONPARTISAN,ANN W. BRADLEY,185,185
2005,APRIL,WAUKESHA,WAUKESHA CITY WARD 28,SPRING GENERAL,JUSTICE OF THE SUPREME COURT,NONPARTISAN,SCATTERING,185,0
2005,APRIL,WAUKESHA,WAUKESHA CITY WARD 29,SPRING GENERAL,JUSTICE OF THE SUPREME COURT,NONPARTISAN,ANN W. BRADLEY,154,153
2005,APRIL,WAUKESHA,WAUKESHA CITY WARD 29,SPRING GENERAL,JUSTICE OF THE SUPREME COURT,NONPARTISAN,SCATTERING,154,1
2005,APRIL,WAUKESHA,WAUKESHA CITY WARD 30,SPRING GENERAL,JUSTICE OF THE SUPREME COURT,NONPARTISAN,ANN W. BRADLEY,139,139
2005,APRIL,WAUKESHA,WAUKESHA CITY WARD 30,SPRING GENERAL,JUSTICE OF THE SUPREME COURT,NONPARTISAN,SCATTERING,139,0
2005,APRIL,WAUKESHA,WAUKESHA CITY WARD 31,SPRING GENERAL,JUSTICE OF THE SUPREME COURT,NONPARTISAN,ANN W. BRADLEY,184,182
2005,APRIL,WAUKESHA,WAUKESHA CITY WARD 31,SPRING GENERAL,JUSTICE OF THE SUPREME COURT,NONPARTISAN,SCATTERING,184,2
2005,APRIL,WAUKESHA,WAUKESHA CITY WARD 32,SPRING GENERAL,JUSTICE OF THE SUPREME COURT,NONPARTISAN,ANN W. BRADLEY,396,393
2005,APRIL,WAUKESHA,WAUKESHA CITY WARD 32,SPRING GENERAL,JUSTICE OF THE SUPREME COURT,NONPARTISAN,SCATTERING,396,3
2005,APRIL,WAUKESHA,WAUKESHA CITY WARD 33,SPRING GENERAL,JUSTICE OF THE SUPREME COURT,NONPARTISAN,ANN W. BRADLEY,430,428
2005,APRIL,WAUKESHA,WAUKESHA CITY WARD 33,SPRING GENERAL,JUSTICE OF THE SUPREME COURT,NONPARTISAN,SCATTERING,430,2
2005,APRIL,WAUKESHA,WAUKESHA CITY WARD 34,SPRING GENERAL,JUSTICE OF THE SUPREME COURT,NONPARTISAN,ANN W. BRADLEY,192,192
2005,APRIL,WAUKESHA,WAUKESHA CITY WARD 34,SPRING GENERAL,JUSTICE OF THE SUPREME COURT,NONPARTISAN,SCATTERING,192,0
2005,APRIL,WAUKESHA,WAUKESHA CITY WARD 35,SPRING GENERAL,JUSTICE OF THE SUPREME COURT,NONPARTISAN,ANN W. BRADLEY,116,115
2005,APRIL,WAUKESHA,WAUKESHA CITY WARD 35,SPRING GENERAL,JUSTICE OF THE SUPREME COURT,NONPARTISAN,SCATTERING,116,1
2005,APRIL,WAUKESHA,WAUKESHA CITY WARD 36,SPRING GENERAL,JUSTICE OF THE SUPREME COURT,NONPARTISAN,ANN W. BRADLEY,497,492
2005,APRIL,WAUKESHA,WAUKESHA CITY WARD 36,SPRING GENERAL,JUSTICE OF THE SUPREME COURT,NONPARTISAN,SCATTERING,497,5
2005,APRIL,WAUKESHA,WAUKESHA CITY WARD 37,SPRING GENERAL,JUSTICE OF THE SUPREME COURT,NONPARTISAN,ANN W. BRADLEY,263,259
2005,APRIL,WAUKESHA,WAUKESHA CITY WARD 37,SPRING GENERAL,JUSTICE OF THE SUPREME COURT,NONPARTISAN,SCATTERING,263,4
2005,APRIL,WAUKESHA,WAUKESHA CITY WARD 38,SPRING GENERAL,JUSTICE OF THE SUPREME COURT,NONPARTISAN,ANN W. BRADLEY,168,168
2005,APRIL,WAUKESHA,WAUKESHA CITY WARD 38,SPRING GENERAL,JUSTICE OF THE SUPREME COURT,NONPARTISAN,SCATTERING,168,0
2005,APRIL,WAUKESHA,WAUKESHA CITY WARD 39,SPRING GENERAL,JUSTICE OF THE SUPREME COURT,NONPARTISAN,ANN W. BRADLEY,5,5
2005,APRIL,WAUKESHA,WAUKESHA CITY WARD 39,SPRING GENERAL,JUSTICE OF THE SUPREME COURT,NONPARTISAN,SCATTERING,5,0
2005,APRIL,WAUKESHA,WAUKESHA CITY WARD 40,SPRING GENERAL,JUSTICE OF THE SUPREME COURT,NONPARTISAN,ANN W. BRADLEY,0,0
2005,APRIL,WAUKESHA,WAUKESHA CITY WARD 40,SPRING GENERAL,JUSTICE OF THE SUPREME COURT,NONPARTISAN,SCATTERING,0,0
2005,APRIL,WAUKESHA,WAUKESHA CITY WARD 41,SPRING GENERAL,JUSTICE OF THE SUPREME COURT,NONPARTISAN,ANN W. BRADLEY,0,0
2005,APRIL,WAUKESHA,WAUKESHA CITY WARD 41,SPRING GENERAL,JUSTICE OF THE SUPREME COURT,NONPARTISAN,SCATTERING,0,0
2005,APRIL,WAUKESHA,WAUKESHA CITY WARD 42,SPRING GENERAL,JUSTICE OF THE SUPREME COURT,NONPARTISAN,ANN W. BRADLEY,0,0
2005,APRIL,WAUKESHA,WAUKESHA CITY WARD 42,SPRING GENERAL,JUSTICE OF THE SUPREME COURT,NONPARTISAN,SCATTERING,0,0
2005,APRIL,WAUKESHA,WAUKESHA CITY WARD 43,SPRING GENERAL,JUSTICE OF THE SUPREME COURT,NONPARTISAN,ANN W. BRADLEY,0,0
2005,APRIL,WAUKESHA,WAUKESHA CITY WARD 43,SPRING GENERAL,JUSTICE OF THE SUPREME COURT,NONPARTISAN,SCATTERING,0,0
2005,APRIL,WAUKESHA,WAUKESHA CITY WARD 44,SPRING GENERAL,JUSTICE OF THE SUPREME COURT,NONPARTISAN,ANN W. BRADLEY,0,0
2005,APRIL,WAUKESHA,WAUKESHA CITY WARD 44,SPRING GENERAL,JUSTICE OF THE SUPREME COURT,NONPARTISAN,SCATTERING,0,0
2005,APRIL,WAUKESHA,WAUKESHA CITY WARD 45,SPRING GENERAL,JUSTICE OF THE SUPREME COURT,NONPARTISAN,ANN W. BRADLEY,0,0
2005,APRIL,WAUKESHA,WAUKESHA CITY WARD 45,SPRING GENERAL,JUSTICE OF THE SUPREME COURT,NONPARTISAN,SCATTERING,0,0
2005,APRIL,WAUKESHA,WAUKESHA CITY WARD 46,SPRING GENERAL,JUSTICE OF THE SUPREME COURT,NONPARTISAN,ANN W. BRADLEY,1,1
2005,APRIL,WAUKESHA,WAUKESHA CITY WARD 46,SPRING GENERAL,JUSTICE OF THE SUPREME COURT,NONPARTISAN,SCATTERING,1,0
2005,APRIL,WAUKESHA,WAUKESHA CITY WARD 47,SPRING GENERAL,JUSTICE OF THE SUPREME COURT,NONPARTISAN,ANN W. BRADLEY,2,2
2005,APRIL,WAUKESHA,WAUKESHA CITY WARD 47,SPRING GENERAL,JUSTICE OF THE SUPREME COURT,NONPARTISAN,SCATTERING,2,0
2005,APRIL,WAUKESHA,WAUKESHA CITY WARD 48,SPRING GENERAL,JUSTICE OF THE SUPREME COURT,NONPARTISAN,ANN W. BRADLEY,2,2
2005,APRIL,WAUKESHA,WAUKESHA CITY WARD 48,SPRING GENERAL,JUSTICE OF THE SUPREME COURT,NONPARTISAN,SCATTERING,2,0
2005,APRIL,WAUKESHA,WAUKESHA CITY WARD 49,SPRING GENERAL,JUSTICE OF THE SUPREME COURT,NONPARTISAN,ANN W. BRADLEY,0,0
2005,APRIL,WAUKESHA,WAUKESHA CITY WARD 49,SPRING GENERAL,JUSTICE OF THE SUPREME COURT,NONPARTISAN,SCATTERING,0,0
2005,APRIL,WAUKESHA,WAUKESHA CITY WARD 50,SPRING GENERAL,JUSTICE OF THE SUPREME COURT,NONPARTISAN,ANN W. BRADLEY,0,0
2005,APRIL,WAUKESHA,WAUKESHA CITY WARD 50,SPRING GENERAL,JUSTICE OF THE SUPREME COURT,NONPARTISAN,SCATTERING,0,0
2005,APRIL,WAUKESHA,WAUKESHA CITY WARD 51,SPRING GENERAL,JUSTICE OF THE SUPREME COURT,NONPARTISAN,ANN W. BRADLEY,0,0
2005,APRIL,WAUKESHA,WAUKESHA CITY WARD 51,SPRING GENERAL,JUSTICE OF THE SUPREME COURT,NONPARTISAN,SCATTERING,0,0
2005,APRIL,WAUKESHA,WAUKESHA CITY WARD 52,SPRING GENERAL,JUSTICE OF THE SUPREME COURT,NONPARTISAN,ANN W. BRADLEY,0,0
2005,APRIL,WAUKESHA,WAUKESHA CITY WARD 52,SPRING GENERAL,JUSTICE OF THE SUPREME COURT,NONPARTISAN,SCATTERING,0,0
2005,APRIL,WAUKESHA,WAUKESHA CITY WARD 53,SPRING GENERAL,JUSTICE OF THE SUPREME COURT,NONPARTISAN,ANN W. BRADLEY,0,0
2005,APRIL,WAUKESHA,WAUKESHA CITY WARD 53,SPRING GENERAL,JUSTICE OF THE SUPREME COURT,NONPARTISAN,SCATTERING,0,0
2005,APRIL,WAUKESHA,WAUKESHA CITY WARD 54,SPRING GENERAL,JUSTICE OF THE SUPREME COURT,NONPARTISAN,ANN W. BRADLEY,0,0
2005,APRIL,WAUKESHA,WAUKESHA CITY WARD 54,SPRING GENERAL,JUSTICE OF THE SUPREME COURT,NONPARTISAN,SCATTERING,0,0
2005,APRIL,WAUKESHA,WAUKESHA CITY WARD 55,SPRING GENERAL,JUSTICE OF THE SUPREME COURT,NONPARTISAN,ANN W. BRADLEY,0,0
2005,APRIL,WAUKESHA,WAUKESHA CITY WARD 55,SPRING GENERAL,JUSTICE OF THE SUPREME COURT,NONPARTISAN,SCATTERING,0,0
2005,APRIL,WAUPACA,BEAR CREEK TOWN WARD 1,SPRING GENERAL,JUSTICE OF THE SUPREME COURT,NONPARTISAN,ANN W. BRADLEY,42,42
2005,APRIL,WAUPACA,BEAR CREEK TOWN WARD 1,SPRING GENERAL,JUSTICE OF THE SUPREME COURT,NONPARTISAN,SCATTERING,42,0
2005,APRIL,WAUPACA,CALEDONIA TOWN WARDS 1 & 2,SPRING GENERAL,JUSTICE OF THE SUPREME COURT,NONPARTISAN,ANN W. BRADLEY,335,335
2005,APRIL,WAUPACA,CALEDONIA TOWN WARDS 1 & 2,SPRING GENERAL,JUSTICE OF THE SUPREME COURT,NONPARTISAN,SCATTERING,335,0
2005,APRIL,WAUPACA,DAYTON TOWN WARDS 1 - 4,SPRING GENERAL,JUSTICE OF THE SUPREME COURT,NONPARTISAN,ANN W. BRADLEY,400,400
2005,APRIL,WAUPACA,DAYTON TOWN WARDS 1 - 4,SPRING GENERAL,JUSTICE OF THE SUPREME COURT,NONPARTISAN,SCATTERING,400,0
2005,APRIL,WAUPACA,DUPONT TOWN WARDS 1 & 2,SPRING GENERAL,JUSTICE OF THE SUPREME COURT,NONPARTISAN,ANN W. BRADLEY,85,85
2005,APRIL,WAUPACA,DUPONT TOWN WARDS 1 & 2,SPRING GENERAL,JUSTICE OF THE SUPREME COURT,NONPARTISAN,SCATTERING,85,0
2005,APRIL,WAUPACA,"FARMINGTON TOWN WARDS 1, 2 & 6",SPRING GENERAL,JUSTICE OF THE SUPREME COURT,NONPARTISAN,ANN W. BRADLEY,294,294
2005,APRIL,WAUPACA,"FARMINGTON TOWN WARDS 1, 2 & 6",SPRING GENERAL,JUSTICE OF THE SUPREME COURT,NONPARTISAN,SCATTERING,294,0
2005,APRIL,WAUPACA,FARMINGTON TOWN WARDS 3 - 5,SPRING GENERAL,JUSTICE OF THE SUPREME COURT,NONPARTISAN,ANN W. BRADLEY,199,199
2005,APRIL,WAUPACA,FARMINGTON TOWN WARDS 3 - 5,SPRING GENERAL,JUSTICE OF THE SUPREME COURT,NONPARTISAN,SCATTERING,199,0
2005,APRIL,WAUPACA,FREMONT TOWN WARD 1,SPRING GENERAL,JUSTICE OF THE SUPREME COURT,NONPARTISAN,ANN W. BRADLEY,50,50
2005,APRIL,WAUPACA,FREMONT TOWN WARD 1,SPRING GENERAL,JUSTICE OF THE SUPREME COURT,NONPARTISAN,SCATTERING,50,0
2005,APRIL,WAUPACA,HARRISON TOWN WARD 1,SPRING GENERAL,JUSTICE OF THE SUPREME COURT,NONPARTISAN,ANN W. BRADLEY,30,30
2005,APRIL,WAUPACA,HARRISON TOWN WARD 1,SPRING GENERAL,JUSTICE OF THE SUPREME COURT,NONPARTISAN,SCATTERING,30,0
2005,APRIL,WAUPACA,HELVETIA TOWN WARDS 1 & 2,SPRING GENERAL,JUSTICE OF THE SUPREME COURT,NONPARTISAN,ANN W. BRADLEY,194,194
2005,APRIL,WAUPACA,HELVETIA TOWN WARDS 1 & 2,SPRING GENERAL,JUSTICE OF THE SUPREME COURT,NONPARTISAN,SCATTERING,194,0
2005,APRIL,WAUPACA,IOLA TOWN WARDS 1 & 2,SPRING GENERAL,JUSTICE OF THE SUPREME COURT,NONPARTISAN,ANN W. BRADLEY,73,73
2005,APRIL,WAUPACA,IOLA TOWN WARDS 1 & 2,SPRING GENERAL,JUSTICE OF THE SUPREME COURT,NONPARTISAN,SCATTERING,73,0
2005,APRIL,WAUPACA,LARRABEE TOWN WARDS 1 & 2,SPRING GENERAL,JUSTICE OF THE SUPREME COURT,NONPARTISAN,ANN W. BRADLEY,204,203
2005,APRIL,WAUPACA,LARRABEE TOWN WARDS 1 & 2,SPRING GENERAL,JUSTICE OF THE SUPREME COURT,NONPARTISAN,SCATTERING,204,1
2005,APRIL,WAUPACA,LEBANON TOWN WARDS 1 & 2,SPRING GENERAL,JUSTICE OF THE SUPREME COURT,NONPARTISAN,ANN W. BRADLEY,161,161
2005,APRIL,WAUPACA,LEBANON TOWN WARDS 1 & 2,SPRING GENERAL,JUSTICE OF THE SUPREME COURT,NONPARTISAN,SCATTERING,161,0
2005,APRIL,WAUPACA,LIND TOWN WARDS 1 & 2,SPRING GENERAL,JUSTICE OF THE SUPREME COURT,NONPARTISAN,ANN W. BRADLEY,154,154
2005,APRIL,WAUPACA,LIND TOWN WARDS 1 & 2,SPRING GENERAL,JUSTICE OF THE SUPREME COURT,NONPARTISAN,SCATTERING,154,0
2005,APRIL,WAUPACA,LITTLE WOLF TOWN WARDS 1 - 3,SPRING GENERAL,JUSTICE OF THE SUPREME COURT,NONPARTISAN,ANN W. BRADLEY,103,103
2005,APRIL,WAUPACA,LITTLE WOLF TOWN WARDS 1 - 3,SPRING GENERAL,JUSTICE OF THE SUPREME COURT,NONPARTISAN,SCATTERING,103,0
2005,APRIL,WAUPACA,MATTESON TOWN WARD 1,SPRING GENERAL,JUSTICE OF THE SUPREME COURT,NONPARTISAN,ANN W. BRADLEY,54,54
2005,APRIL,WAUPACA,MATTESON TOWN WARD 1,SPRING GENERAL,JUSTICE OF THE SUPREME COURT,NONPARTISAN,SCATTERING,54,0
2005,APRIL,WAUPACA,MUKWA TOWN WARDS 1 & 4,SPRING GENERAL,JUSTICE OF THE SUPREME COURT,NONPARTISAN,ANN W. BRADLEY,76,76
2005,APRIL,WAUPACA,MUKWA TOWN WARDS 1 & 4,SPRING GENERAL,JUSTICE OF THE SUPREME COURT,NONPARTISAN,SCATTERING,76,0
2005,APRIL,WAUPACA,"MUKWA TOWN WARDS 2, 3 & 5",SPRING GENERAL,JUSTICE OF THE SUPREME COURT,NONPARTISAN,ANN W. BRADLEY,136,136
2005,APRIL,WAUPACA,"MUKWA TOWN WARDS 2, 3 & 5",SPRING GENERAL,JUSTICE OF THE SUPREME COURT,NONPARTISAN,SCATTERING,136,0
2005,APRIL,WAUPACA,ROYALTON TOWN WARDS 1 - 3,SPRING GENERAL,JUSTICE OF THE SUPREME COURT,NONPARTISAN,ANN W. BRADLEY,75,75
2005,APRIL,WAUPACA,ROYALTON TOWN WARDS 1 - 3,SPRING GENERAL,JUSTICE OF THE SUPREME COURT,NONPARTISAN,SCATTERING,75,0
2005,APRIL,WAUPACA,ST LAWRENCE TOWN WARDS 1 & 2,SPRING GENERAL,JUSTICE OF THE SUPREME COURT,NONPARTISAN,ANN W. BRADLEY,76,76
2005,APRIL,WAUPACA,ST LAWRENCE TOWN WARDS 1 & 2,SPRING GENERAL,JUSTICE OF THE SUPREME COURT,NONPARTISAN,SCATTERING,76,0
2005,APRIL,WAUPACA,SCANDINAVIA TOWN WARDS 1 & 2,SPRING GENERAL,JUSTICE OF THE SUPREME COURT,NONPARTISAN,ANN W. BRADLEY,80,80
2005,APRIL,WAUPACA,SCANDINAVIA TOWN WARDS 1 & 2,SPRING GENERAL,JUSTICE OF THE SUPREME COURT,NONPARTISAN,SCATTERING,80,0
2005,APRIL,WAUPACA,UNION TOWN WARD 1,SPRING GENERAL,JUSTICE OF THE SUPREME COURT,NONPARTISAN,ANN W. BRADLEY,150,150
2005,APRIL,WAUPACA,UNION TOWN WARD 1,SPRING GENERAL,JUSTICE OF THE SUPREME COURT,NONPARTISAN,SCATTERING,150,0
2005,APRIL,WAUPACA,WAUPACA TOWN WARDS 1 & 2,SPRING GENERAL,JUSTICE OF THE SUPREME COURT,NONPARTISAN,ANN W. BRADLEY,212,212
2005,APRIL,WAUPACA,WAUPACA TOWN WARDS 1 & 2,SPRING GENERAL,JUSTICE OF THE SUPREME COURT,NONPARTISAN,SCATTERING,212,0
2005,APRIL,WAUPACA,WEYAUWEGA TOWN WARD 1,SPRING GENERAL,JUSTICE OF THE SUPREME COURT,NONPARTISAN,ANN W. BRADLEY,28,28
2005,APRIL,WAUPACA,WEYAUWEGA TOWN WARD 1,SPRING GENERAL,JUSTICE OF THE SUPREME COURT,NONPARTISAN,SCATTERING,28,0
2005,APRIL,WAUPACA,WYOMING TOWN WARD 1,SPRING GENERAL,JUSTICE OF THE SUPREME COURT,NONPARTISAN,ANN W. BRADLEY,43,43
2005,APRIL,WAUPACA,WYOMING TOWN WARD 1,SPRING GENERAL,JUSTICE OF THE SUPREME COURT,NONPARTISAN,SCATTERING,43,0
2005,APRIL,WAUPACA,BIG FALLS VILLAGE WARD 1,SPRING GENERAL,JUSTICE OF THE SUPREME COURT,NONPARTISAN,ANN W. BRADLEY,27,27
2005,APRIL,WAUPACA,BIG FALLS VILLAGE WARD 1,SPRING GENERAL,JUSTICE OF THE SUPREME COURT,NONPARTISAN,SCATTERING,27,0
2005,APRIL,WAUPACA,EMBARRASS VILLAGE WARD 1,SPRING GENERAL,JUSTICE OF THE SUPREME COURT,NONPARTISAN,ANN W. BRADLEY,32,32
2005,APRIL,WAUPACA,EMBARRASS VILLAGE WARD 1,SPRING GENERAL,JUSTICE OF THE SUPREME COURT,NONPARTISAN,SCATTERING,32,0
2005,APRIL,WAUPACA,FREMONT VILLAGE WARD 1,SPRING GENERAL,JUSTICE OF THE SUPREME COURT,NONPARTISAN,ANN W. BRADLEY,78,78
2005,APRIL,WAUPACA,FREMONT VILLAGE WARD 1,SPRING GENERAL,JUSTICE OF THE SUPREME COURT,NONPARTISAN,SCATTERING,78,0
2005,APRIL,WAUPACA,IOLA VILLAGE WARDS 1 - 3,SPRING GENERAL,JUSTICE OF THE SUPREME COURT,NONPARTISAN,ANN W. BRADLEY,103,103
2005,APRIL,WAUPACA,IOLA VILLAGE WARDS 1 - 3,SPRING GENERAL,JUSTICE OF THE SUPREME COURT,NONPARTISAN,SCATTERING,103,0
2005,APRIL,WAUPACA,OGDENSBURG VILLAGE WARD 1,SPRING GENERAL,JUSTICE OF THE SUPREME COURT,NONPARTISAN,ANN W. BRADLEY,41,41
2005,APRIL,WAUPACA,OGDENSBURG VILLAGE WARD 1,SPRING GENERAL,JUSTICE OF THE SUPREME COURT,NONPARTISAN,SCATTERING,41,0
2005,APRIL,WAUPACA,SCANDINAVIA VILLAGE WARD 1,SPRING GENERAL,JUSTICE OF THE SUPREME COURT,NONPARTISAN,ANN W. BRADLEY,36,36
2005,APRIL,WAUPACA,SCANDINAVIA VILLAGE WARD 1,SPRING GENERAL,JUSTICE OF THE SUPREME COURT,NONPARTISAN,SCATTERING,36,0
2005,APRIL,WAUPACA,CLINTONVILLE CITY WARDS 1 - 7,SPRING GENERAL,JUSTICE OF THE SUPREME COURT,NONPARTISAN,ANN W. BRADLEY,311,311
2005,APRIL,WAUPACA,CLINTONVILLE CITY WARDS 1 - 7,SPRING GENERAL,JUSTICE OF THE SUPREME COURT,NONPARTISAN,SCATTERING,311,0
2005,APRIL,WAUPACA,MANAWA CITY WARDS 1 - 3,SPRING GENERAL,JUSTICE OF THE SUPREME COURT,NONPARTISAN,ANN W. BRADLEY,211,211
2005,APRIL,WAUPACA,MANAWA CITY WARDS 1 - 3,SPRING GENERAL,JUSTICE OF THE SUPREME COURT,NONPARTISAN,SCATTERING,211,0
2005,APRIL,WAUPACA,MARION CITY WARDS 1 - 3,SPRING GENERAL,JUSTICE OF THE SUPREME COURT,NONPARTISAN,ANN W. BRADLEY,157,157
2005,APRIL,WAUPACA,MARION CITY WARDS 1 - 3,SPRING GENERAL,JUSTICE OF THE SUPREME COURT,NONPARTISAN,SCATTERING,157,0
2005,APRIL,WAUPACA,"NEW LONDON CITY WARDS 3, 4 & 8",SPRING GENERAL,JUSTICE OF THE SUPREME COURT,NONPARTISAN,ANN W. BRADLEY,128,128
2005,APRIL,WAUPACA,"NEW LONDON CITY WARDS 3, 4 & 8",SPRING GENERAL,JUSTICE OF THE SUPREME COURT,NONPARTISAN,SCATTERING,128,0
2005,APRIL,WAUPACA,"NEW LONDON CITY WARDS 5, 9 & 10",SPRING GENERAL,JUSTICE OF THE SUPREME COURT,NONPARTISAN,ANN W. BRADLEY,81,81
2005,APRIL,WAUPACA,"NEW LONDON CITY WARDS 5, 9 & 10",SPRING GENERAL,JUSTICE OF THE SUPREME COURT,NONPARTISAN,SCATTERING,81,0
2005,APRIL,WAUPACA,NEW LONDON CITY WARDS 6 & 7,SPRING GENERAL,JUSTICE OF THE SUPREME COURT,NONPARTISAN,ANN W. BRADLEY,171,171
2005,APRIL,WAUPACA,NEW LONDON CITY WARDS 6 & 7,SPRING GENERAL,JUSTICE OF THE SUPREME COURT,NONPARTISAN,SCATTERING,171,0
2005,APRIL,WAUPACA,NEW LONDON CITY WARDS 11 & 12,SPRING GENERAL,JUSTICE OF THE SUPREME COURT,NONPARTISAN,ANN W. BRADLEY,52,52
2005,APRIL,WAUPACA,NEW LONDON CITY WARDS 11 & 12,SPRING GENERAL,JUSTICE OF THE SUPREME COURT,NONPARTISAN,SCATTERING,52,0
2005,APRIL,WAUPACA,WAUPACA CITY WARDS 1 & 8,SPRING GENERAL,JUSTICE OF THE SUPREME COURT,NONPARTISAN,ANN W. BRADLEY,222,221
2005,APRIL,WAUPACA,WAUPACA CITY WARDS 1 & 8,SPRING GENERAL,JUSTICE OF THE SUPREME COURT,NONPARTISAN,SCATTERING,222,1
2005,APRIL,WAUPACA,WAUPACA CITY WARDS 2 & 7,SPRING GENERAL,JUSTICE OF THE SUPREME COURT,NONPARTISAN,ANN W. BRADLEY,102,101
2005,APRIL,WAUPACA,WAUPACA CITY WARDS 2 & 7,SPRING GENERAL,JUSTICE OF THE SUPREME COURT,NONPARTISAN,SCATTERING,102,1
2005,APRIL,WAUPACA,"WAUPACA CITY WARDS 3, 9, 11 & 12",SPRING GENERAL,JUSTICE OF THE SUPREME COURT,NONPARTISAN,ANN W. BRADLEY,83,82
2005,APRIL,WAUPACA,"WAUPACA CITY WARDS 3, 9, 11 & 12",SPRING GENERAL,JUSTICE OF THE SUPREME COURT,NONPARTISAN,SCATTERING,83,1
2005,APRIL,WAUPACA,WAUPACA CITY WARDS 4 & 6,SPRING GENERAL,JUSTICE OF THE SUPREME COURT,NONPARTISAN,ANN W. BRADLEY,114,114
2005,APRIL,WAUPACA,WAUPACA CITY WARDS 4 & 6,SPRING GENERAL,JUSTICE OF THE SUPREME COURT,NONPARTISAN,SCATTERING,114,0
2005,APRIL,WAUPACA,WAUPACA CITY WARDS 5 & 10,SPRING GENERAL,JUSTICE OF THE SUPREME COURT,NONPARTISAN,ANN W. BRADLEY,145,145
2005,APRIL,WAUPACA,WAUPACA CITY WARDS 5 & 10,SPRING GENERAL,JUSTICE OF THE SUPREME COURT,NONPARTISAN,SCATTERING,145,0
2005,APRIL,WAUPACA,WEYAUWEGA CITY WARDS 1 - 3,SPRING GENERAL,JUSTICE OF THE SUPREME COURT,NONPARTISAN,ANN W. BRADLEY,70,70
2005,APRIL,WAUPACA,WEYAUWEGA CITY WARDS 1 - 3,SPRING GENERAL,JUSTICE OF THE SUPREME COURT,NONPARTISAN,SCATTERING,70,0
2005,APRIL,WAUSHARA,AURORA TOWN WARD 1,SPRING GENERAL,JUSTICE OF THE SUPREME COURT,NONPARTISAN,ANN W. BRADLEY,94,94
2005,APRIL,WAUSHARA,AURORA TOWN WARD 1,SPRING GENERAL,JUSTICE OF THE SUPREME COURT,NONPARTISAN,SCATTERING,94,0
2005,APRIL,WAUSHARA,BLOOMFIELD TOWN WARDS 1 & 2,SPRING GENERAL,JUSTICE OF THE SUPREME COURT,NONPARTISAN,ANN W. BRADLEY,189,189
2005,APRIL,WAUSHARA,BLOOMFIELD TOWN WARDS 1 & 2,SPRING GENERAL,JUSTICE OF THE SUPREME COURT,NONPARTISAN,SCATTERING,189,0
2005,APRIL,WAUSHARA,COLOMA TOWN WARDS 1 & 2,SPRING GENERAL,JUSTICE OF THE SUPREME COURT,NONPARTISAN,ANN W. BRADLEY,89,89
2005,APRIL,WAUSHARA,COLOMA TOWN WARDS 1 & 2,SPRING GENERAL,JUSTICE OF THE SUPREME COURT,NONPARTISAN,SCATTERING,89,0
2005,APRIL,WAUSHARA,DAKOTA TOWN WARDS 1 - 3,SPRING GENERAL,JUSTICE OF THE SUPREME COURT,NONPARTISAN,ANN W. BRADLEY,224,224
2005,APRIL,WAUSHARA,DAKOTA TOWN WARDS 1 - 3,SPRING GENERAL,JUSTICE OF THE SUPREME COURT,NONPARTISAN,SCATTERING,224,0
2005,APRIL,WAUSHARA,DEERFIELD TOWN WARDS 1 & 2,SPRING GENERAL,JUSTICE OF THE SUPREME COURT,NONPARTISAN,ANN W. BRADLEY,137,137
2005,APRIL,WAUSHARA,DEERFIELD TOWN WARDS 1 & 2,SPRING GENERAL,JUSTICE OF THE SUPREME COURT,NONPARTISAN,SCATTERING,137,0
2005,APRIL,WAUSHARA,HANCOCK TOWN WARD 1,SPRING GENERAL,JUSTICE OF THE SUPREME COURT,NONPARTISAN,ANN W. BRADLEY,78,78
2005,APRIL,WAUSHARA,HANCOCK TOWN WARD 1,SPRING GENERAL,JUSTICE OF THE SUPREME COURT,NONPARTISAN,SCATTERING,78,0
2005,APRIL,WAUSHARA,LEON TOWN WARDS 1 - 3,SPRING GENERAL,JUSTICE OF THE SUPREME COURT,NONPARTISAN,ANN W. BRADLEY,160,160
2005,APRIL,WAUSHARA,LEON TOWN WARDS 1 - 3,SPRING GENERAL,JUSTICE OF THE SUPREME COURT,NONPARTISAN,SCATTERING,160,0
2005,APRIL,WAUSHARA,MARION TOWN WARDS 1 - 4,SPRING GENERAL,JUSTICE OF THE SUPREME COURT,NONPARTISAN,ANN W. BRADLEY,348,347
2005,APRIL,WAUSHARA,MARION TOWN WARDS 1 - 4,SPRING GENERAL,JUSTICE OF THE SUPREME COURT,NONPARTISAN,SCATTERING,348,1
2005,APRIL,WAUSHARA,MOUNT MORRIS TOWN WARDS 1 & 2,SPRING GENERAL,JUSTICE OF THE SUPREME COURT,NONPARTISAN,ANN W. BRADLEY,354,352
2005,APRIL,WAUSHARA,MOUNT MORRIS TOWN WARDS 1 & 2,SPRING GENERAL,JUSTICE OF THE SUPREME COURT,NONPARTISAN,SCATTERING,354,2
2005,APRIL,WAUSHARA,OASIS TOWN WARD 1,SPRING GENERAL,JUSTICE OF THE SUPREME COURT,NONPARTISAN,ANN W. BRADLEY,55,55
2005,APRIL,WAUSHARA,OASIS TOWN WARD 1,SPRING GENERAL,JUSTICE OF THE SUPREME COURT,NONPARTISAN,SCATTERING,55,0
2005,APRIL,WAUSHARA,PLAINFIELD TOWN WARD 1,SPRING GENERAL,JUSTICE OF THE SUPREME COURT,NONPARTISAN,ANN W. BRADLEY,57,56
2005,APRIL,WAUSHARA,PLAINFIELD TOWN WARD 1,SPRING GENERAL,JUSTICE OF THE SUPREME COURT,NONPARTISAN,SCATTERING,57,1
2005,APRIL,WAUSHARA,POYSIPPI TOWN WARD 1,SPRING GENERAL,JUSTICE OF THE SUPREME COURT,NONPARTISAN,ANN W. BRADLEY,105,105
2005,APRIL,WAUSHARA,POYSIPPI TOWN WARD 1,SPRING GENERAL,JUSTICE OF THE SUPREME COURT,NONPARTISAN,SCATTERING,105,0
2005,APRIL,WAUSHARA,RICHFORD TOWN WARDS 1 & 2,SPRING GENERAL,JUSTICE OF THE SUPREME COURT,NONPARTISAN,ANN W. BRADLEY,93,92
2005,APRIL,WAUSHARA,RICHFORD TOWN WARDS 1 & 2,SPRING GENERAL,JUSTICE OF THE SUPREME COURT,NONPARTISAN,SCATTERING,93,1
2005,APRIL,WAUSHARA,ROSE TOWN WARD 1,SPRING GENERAL,JUSTICE OF THE SUPREME COURT,NONPARTISAN,ANN W. BRADLEY,78,77
2005,APRIL,WAUSHARA,ROSE TOWN WARD 1,SPRING GENERAL,JUSTICE OF THE SUPREME COURT,NONPARTISAN,SCATTERING,78,1
2005,APRIL,WAUSHARA,SAXEVILLE TOWN WARDS 1 & 2,SPRING GENERAL,JUSTICE OF THE SUPREME COURT,NONPARTISAN,ANN W. BRADLEY,169,169
2005,APRIL,WAUSHARA,SAXEVILLE TOWN WARDS 1 & 2,SPRING GENERAL,JUSTICE OF THE SUPREME COURT,NONPARTISAN,SCATTERING,169,0
2005,APRIL,WAUSHARA,SPRINGWATER TOWN WARDS 1 - 3,SPRING GENERAL,JUSTICE OF THE SUPREME COURT,NONPARTISAN,ANN W. BRADLEY,199,199
2005,APRIL,WAUSHARA,SPRINGWATER TOWN WARDS 1 - 3,SPRING GENERAL,JUSTICE OF THE SUPREME COURT,NONPARTISAN,SCATTERING,199,0
2005,APRIL,WAUSHARA,WARREN TOWN WARD 1,SPRING GENERAL,JUSTICE OF THE SUPREME COURT,NONPARTISAN,ANN W. BRADLEY,100,100
2005,APRIL,WAUSHARA,WARREN TOWN WARD 1,SPRING GENERAL,JUSTICE OF THE SUPREME COURT,NONPARTISAN,SCATTERING,100,0
2005,APRIL,WAUSHARA,WAUTOMA TOWN WARDS 1 & 2,SPRING GENERAL,JUSTICE OF THE SUPREME COURT,NONPARTISAN,ANN W. BRADLEY,255,255
2005,APRIL,WAUSHARA,WAUTOMA TOWN WARDS 1 & 2,SPRING GENERAL,JUSTICE OF THE SUPREME COURT,NONPARTISAN,SCATTERING,255,0
2005,APRIL,WAUSHARA,COLOMA VILLAGE WARD 1,SPRING GENERAL,JUSTICE OF THE SUPREME COURT,NONPARTISAN,ANN W. BRADLEY,121,121
2005,APRIL,WAUSHARA,COLOMA VILLAGE WARD 1,SPRING GENERAL,JUSTICE OF THE SUPREME COURT,NONPARTISAN,SCATTERING,121,0
2005,APRIL,WAUSHARA,HANCOCK VILLAGE WARD 1,SPRING GENERAL,JUSTICE OF THE SUPREME COURT,NONPARTISAN,ANN W. BRADLEY,49,49
2005,APRIL,WAUSHARA,HANCOCK VILLAGE WARD 1,SPRING GENERAL,JUSTICE OF THE SUPREME COURT,NONPARTISAN,SCATTERING,49,0
2005,APRIL,WAUSHARA,LOHRVILLE VILLAGE WARD 1,SPRING GENERAL,JUSTICE OF THE SUPREME COURT,NONPARTISAN,ANN W. BRADLEY,66,66
2005,APRIL,WAUSHARA,LOHRVILLE VILLAGE WARD 1,SPRING GENERAL,JUSTICE OF THE SUPREME COURT,NONPARTISAN,SCATTERING,66,0
2005,APRIL,WAUSHARA,PLAINFIELD VILLAGE WARDS 1 & 2,SPRING GENERAL,JUSTICE OF THE SUPREME COURT,NONPARTISAN,ANN W. BRADLEY,100,100
2005,APRIL,WAUSHARA,PLAINFIELD VILLAGE WARDS 1 & 2,SPRING GENERAL,JUSTICE OF THE SUPREME COURT,NONPARTISAN,SCATTERING,100,0
2005,APRIL,WAUSHARA,REDGRANITE VILLAGE WARDS 1 & 2,SPRING GENERAL,JUSTICE OF THE SUPREME COURT,NONPARTISAN,ANN W. BRADLEY,103,103
2005,APRIL,WAUSHARA,REDGRANITE VILLAGE WARDS 1 & 2,SPRING GENERAL,JUSTICE OF THE SUPREME COURT,NONPARTISAN,SCATTERING,103,0
2005,APRIL,WAUSHARA,WILD ROSE VILLAGE WARDS 1 & 2,SPRING GENERAL,JUSTICE OF THE SUPREME COURT,NONPARTISAN,ANN W. BRADLEY,145,145
2005,APRIL,WAUSHARA,WILD ROSE VILLAGE WARDS 1 & 2,SPRING GENERAL,JUSTICE OF THE SUPREME COURT,NONPARTISAN,SCATTERING,145,0
2005,APRIL,WAUSHARA,BERLIN CITY WARD 7,SPRING GENERAL,JUSTICE OF THE SUPREME COURT,NONPARTISAN,ANN W. BRADLEY,15,15
2005,APRIL,WAUSHARA,BERLIN CITY WARD 7,SPRING GENERAL,JUSTICE OF THE SUPREME COURT,NONPARTISAN,SCATTERING,15,0
2005,APRIL,WAUSHARA,WAUTOMA CITY WARDS 1 - 4,SPRING GENERAL,JUSTICE OF THE SUPREME COURT,NONPARTISAN,ANN W. BRADLEY,312,312
2005,APRIL,WAUSHARA,WAUTOMA CITY WARDS 1 - 4,SPRING GENERAL,JUSTICE OF THE SUPREME COURT,NONPARTISAN,SCATTERING,312,0
2005,APRIL,WINNEBAGO,ALGOMA TOWN WARDS 1 - 12,SPRING GENERAL,JUSTICE OF THE SUPREME COURT,NONPARTISAN,ANN W. BRADLEY,948,944
2005,APRIL,WINNEBAGO,ALGOMA TOWN WARDS 1 - 12,SPRING GENERAL,JUSTICE OF THE SUPREME COURT,NONPARTISAN,SCATTERING,948,4
2005,APRIL,WINNEBAGO,BLACK WOLF TOWN WARDS 1 - 3,SPRING GENERAL,JUSTICE OF THE SUPREME COURT,NONPARTISAN,ANN W. BRADLEY,350,350
2005,APRIL,WINNEBAGO,BLACK WOLF TOWN WARDS 1 - 3,SPRING GENERAL,JUSTICE OF THE SUPREME COURT,NONPARTISAN,SCATTERING,350,0
2005,APRIL,WINNEBAGO,CLAYTON TOWN WARDS 1 - 4,SPRING GENERAL,JUSTICE OF THE SUPREME COURT,NONPARTISAN,ANN W. BRADLEY,484,482
2005,APRIL,WINNEBAGO,CLAYTON TOWN WARDS 1 - 4,SPRING GENERAL,JUSTICE OF THE SUPREME COURT,NONPARTISAN,SCATTERING,484,2
2005,APRIL,WINNEBAGO,"MENASHA TOWN WARDS 1, 5 & 6",SPRING GENERAL,JUSTICE OF THE SUPREME COURT,NONPARTISAN,ANN W. BRADLEY,462,461
2005,APRIL,WINNEBAGO,"MENASHA TOWN WARDS 1, 5 & 6",SPRING GENERAL,JUSTICE OF THE SUPREME COURT,NONPARTISAN,SCATTERING,462,1
2005,APRIL,WINNEBAGO,MENASHA TOWN WARDS 2 - 4,SPRING GENERAL,JUSTICE OF THE SUPREME COURT,NONPARTISAN,ANN W. BRADLEY,479,477
2005,APRIL,WINNEBAGO,MENASHA TOWN WARDS 2 - 4,SPRING GENERAL,JUSTICE OF THE SUPREME COURT,NONPARTISAN,SCATTERING,479,2
2005,APRIL,WINNEBAGO,"MENASHA TOWN WARDS 7, 8, 10 & 13",SPRING GENERAL,JUSTICE OF THE SUPREME COURT,NONPARTISAN,ANN W. BRADLEY,504,500
2005,APRIL,WINNEBAGO,"MENASHA TOWN WARDS 7, 8, 10 & 13",SPRING GENERAL,JUSTICE OF THE SUPREME COURT,NONPARTISAN,SCATTERING,504,4
2005,APRIL,WINNEBAGO,"MENASHA TOWN WARDS 9, 11 & 12",SPRING GENERAL,JUSTICE OF THE SUPREME COURT,NONPARTISAN,ANN W. BRADLEY,262,260
2005,APRIL,WINNEBAGO,"MENASHA TOWN WARDS 9, 11 & 12",SPRING GENERAL,JUSTICE OF THE SUPREME COURT,NONPARTISAN,SCATTERING,262,2
2005,APRIL,WINNEBAGO,NEENAH TOWN WARDS 1 - 5,SPRING GENERAL,JUSTICE OF THE SUPREME COURT,NONPARTISAN,ANN W. BRADLEY,297,297
2005,APRIL,WINNEBAGO,NEENAH TOWN WARDS 1 - 5,SPRING GENERAL,JUSTICE OF THE SUPREME COURT,NONPARTISAN,SCATTERING,297,0
2005,APRIL,WINNEBAGO,NEKIMI TOWN WARDS 1 & 2,SPRING GENERAL,JUSTICE OF THE SUPREME COURT,NONPARTISAN,ANN W. BRADLEY,188,188
2005,APRIL,WINNEBAGO,NEKIMI TOWN WARDS 1 & 2,SPRING GENERAL,JUSTICE OF THE SUPREME COURT,NONPARTISAN,SCATTERING,188,0
2005,APRIL,WINNEBAGO,NEPEUSKUN TOWN WARD 1,SPRING GENERAL,JUSTICE OF THE SUPREME COURT,NONPARTISAN,ANN W. BRADLEY,175,175
2005,APRIL,WINNEBAGO,NEPEUSKUN TOWN WARD 1,SPRING GENERAL,JUSTICE OF THE SUPREME COURT,NONPARTISAN,SCATTERING,175,0
2005,APRIL,WINNEBAGO,OMRO TOWN WARDS 1 - 3,SPRING GENERAL,JUSTICE OF THE SUPREME COURT,NONPARTISAN,ANN W. BRADLEY,173,172
2005,APRIL,WINNEBAGO,OMRO TOWN WARDS 1 - 3,SPRING GENERAL,JUSTICE OF THE SUPREME COURT,NONPARTISAN,SCATTERING,173,1
2005,APRIL,WINNEBAGO,OSHKOSH TOWN WARDS 1 - 6,SPRING GENERAL,JUSTICE OF THE SUPREME COURT,NONPARTISAN,ANN W. BRADLEY,378,375
2005,APRIL,WINNEBAGO,OSHKOSH TOWN WARDS 1 - 6,SPRING GENERAL,JUSTICE OF THE SUPREME COURT,NONPARTISAN,SCATTERING,378,3
2005,APRIL,WINNEBAGO,POYGAN TOWN WARDS 1 & 2,SPRING GENERAL,JUSTICE OF THE SUPREME COURT,NONPARTISAN,ANN W. BRADLEY,286,286
2005,APRIL,WINNEBAGO,POYGAN TOWN WARDS 1 & 2,SPRING GENERAL,JUSTICE OF THE SUPREME COURT,NONPARTISAN,SCATTERING,286,0
2005,APRIL,WINNEBAGO,RUSHFORD TOWN WARDS 1 & 2,SPRING GENERAL,JUSTICE OF THE SUPREME COURT,NONPARTISAN,ANN W. BRADLEY,328,328
2005,APRIL,WINNEBAGO,RUSHFORD TOWN WARDS 1 & 2,SPRING GENERAL,JUSTICE OF THE SUPREME COURT,NONPARTISAN,SCATTERING,328,0
2005,APRIL,WINNEBAGO,UTICA TOWN WARDS 1 & 2,SPRING GENERAL,JUSTICE OF THE SUPREME COURT,NONPARTISAN,ANN W. BRADLEY,186,186
2005,APRIL,WINNEBAGO,UTICA TOWN WARDS 1 & 2,SPRING GENERAL,JUSTICE OF THE SUPREME COURT,NONPARTISAN,SCATTERING,186,0
2005,APRIL,WINNEBAGO,VINLAND TOWN WARDS 1 - 3,SPRING GENERAL,JUSTICE OF THE SUPREME COURT,NONPARTISAN,ANN W. BRADLEY,243,242
2005,APRIL,WINNEBAGO,VINLAND TOWN WARDS 1 - 3,SPRING GENERAL,JUSTICE OF THE SUPREME COURT,NONPARTISAN,SCATTERING,243,1
2005,APRIL,WINNEBAGO,WINCHESTER TOWN WARDS 1 & 2,SPRING GENERAL,JUSTICE OF THE SUPREME COURT,NONPARTISAN,ANN W. BRADLEY,317,313
2005,APRIL,WINNEBAGO,WINCHESTER TOWN WARDS 1 & 2,SPRING GENERAL,JUSTICE OF THE SUPREME COURT,NONPARTISAN,SCATTERING,317,4
2005,APRIL,WINNEBAGO,WINNECONNE TOWN WARDS 1 - 3,SPRING GENERAL,JUSTICE OF THE SUPREME COURT,NONPARTISAN,ANN W. BRADLEY,381,378
2005,APRIL,WINNEBAGO,WINNECONNE TOWN WARDS 1 - 3,SPRING GENERAL,JUSTICE OF THE SUPREME COURT,NONPARTISAN,SCATTERING,381,3
2005,APRIL,WINNEBAGO,WOLF RIVER TOWN WARDS 1 & 2,SPRING GENERAL,JUSTICE OF THE SUPREME COURT,NONPARTISAN,ANN W. BRADLEY,228,228
2005,APRIL,WINNEBAGO,WOLF RIVER TOWN WARDS 1 & 2,SPRING GENERAL,JUSTICE OF THE SUPREME COURT,NONPARTISAN,SCATTERING,228,0
2005,APRIL,WINNEBAGO,WINNECONNE VILLAGE WARDS 1 - 4,SPRING GENERAL,JUSTICE OF THE SUPREME COURT,NONPARTISAN,ANN W. BRADLEY,352,349
2005,APRIL,WINNEBAGO,WINNECONNE VILLAGE WARDS 1 - 4,SPRING GENERAL,JUSTICE OF THE SUPREME COURT,NONPARTISAN,SCATTERING,352,3
2005,APRIL,WINNEBAGO,APPLETON CITY WARD 38,SPRING GENERAL,JUSTICE OF THE SUPREME COURT,NONPARTISAN,ANN W. BRADLEY,84,83
2005,APRIL,WINNEBAGO,APPLETON CITY WARD 38,SPRING GENERAL,JUSTICE OF THE SUPREME COURT,NONPARTISAN,SCATTERING,84,1
2005,APRIL,WINNEBAGO,APPLETON CITY WARD 39,SPRING GENERAL,JUSTICE OF THE SUPREME COURT,NONPARTISAN,ANN W. BRADLEY,20,20
2005,APRIL,WINNEBAGO,APPLETON CITY WARD 39,SPRING GENERAL,JUSTICE OF THE SUPREME COURT,NONPARTISAN,SCATTERING,20,0
2005,APRIL,WINNEBAGO,APPLETON CITY WARD 41,SPRING GENERAL,JUSTICE OF THE SUPREME COURT,NONPARTISAN,ANN W. BRADLEY,0,0
2005,APRIL,WINNEBAGO,APPLETON CITY WARD 41,SPRING GENERAL,JUSTICE OF THE SUPREME COURT,NONPARTISAN,SCATTERING,0,0
2005,APRIL,WINNEBAGO,APPLETON CITY WARD 49,SPRING GENERAL,JUSTICE OF THE SUPREME COURT,NONPARTISAN,ANN W. BRADLEY,1,1
2005,APRIL,WINNEBAGO,APPLETON CITY WARD 49,SPRING GENERAL,JUSTICE OF THE SUPREME COURT,NONPARTISAN,SCATTERING,1,0
2005,APRIL,WINNEBAGO,MENASHA CITY WARDS 1 & 2,SPRING GENERAL,JUSTICE OF THE SUPREME COURT,NONPARTISAN,ANN W. BRADLEY,365,360
2005,APRIL,WINNEBAGO,MENASHA CITY WARDS 1 & 2,SPRING GENERAL,JUSTICE OF THE SUPREME COURT,NONPARTISAN,SCATTERING,365,5
2005,APRIL,WINNEBAGO,"MENASHA CITY WARDS 3, 4, 7, 12 & 13",SPRING GENERAL,JUSTICE OF THE SUPREME COURT,NONPARTISAN,ANN W. BRADLEY,275,274
2005,APRIL,WINNEBAGO,"MENASHA CITY WARDS 3, 4, 7, 12 & 13",SPRING GENERAL,JUSTICE OF THE SUPREME COURT,NONPARTISAN,SCATTERING,275,1
2005,APRIL,WINNEBAGO,MENASHA CITY WARDS 5 & 6,SPRING GENERAL,JUSTICE OF THE SUPREME COURT,NONPARTISAN,ANN W. BRADLEY,369,368
2005,APRIL,WINNEBAGO,MENASHA CITY WARDS 5 & 6,SPRING GENERAL,JUSTICE OF THE SUPREME COURT,NONPARTISAN,SCATTERING,369,1
2005,APRIL,WINNEBAGO,MENASHA CITY WARDS 8 - 10 & 14,SPRING GENERAL,JUSTICE OF THE SUPREME COURT,NONPARTISAN,ANN W. BRADLEY,186,184
2005,APRIL,WINNEBAGO,MENASHA CITY WARDS 8 - 10 & 14,SPRING GENERAL,JUSTICE OF THE SUPREME COURT,NONPARTISAN,SCATTERING,186,2
2005,APRIL,WINNEBAGO,NEENAH CITY WARDS 1 - 4,SPRING GENERAL,JUSTICE OF THE SUPREME COURT,NONPARTISAN,ANN W. BRADLEY,256,255
2005,APRIL,WINNEBAGO,NEENAH CITY WARDS 1 - 4,SPRING GENERAL,JUSTICE OF THE SUPREME COURT,NONPARTISAN,SCATTERING,256,1
2005,APRIL,WINNEBAGO,NEENAH CITY WARDS 5 - 8,SPRING GENERAL,JUSTICE OF THE SUPREME COURT,NONPARTISAN,ANN W. BRADLEY,267,266
2005,APRIL,WINNEBAGO,NEENAH CITY WARDS 5 - 8,SPRING GENERAL,JUSTICE OF THE SUPREME COURT,NONPARTISAN,SCATTERING,267,1
2005,APRIL,WINNEBAGO,NEENAH CITY WARDS 9 - 12 & 30,SPRING GENERAL,JUSTICE OF THE SUPREME COURT,NONPARTISAN,ANN W. BRADLEY,452,448
2005,APRIL,WINNEBAGO,NEENAH CITY WARDS 9 - 12 & 30,SPRING GENERAL,JUSTICE OF THE SUPREME COURT,NONPARTISAN,SCATTERING,452,4
2005,APRIL,WINNEBAGO,"NEENAH CITY WARDS 13 - 16, 27 & 28",SPRING GENERAL,JUSTICE OF THE SUPREME COURT,NONPARTISAN,ANN W. BRADLEY,320,319
2005,APRIL,WINNEBAGO,"NEENAH CITY WARDS 13 - 16, 27 & 28",SPRING GENERAL,JUSTICE OF THE SUPREME COURT,NONPARTISAN,SCATTERING,320,1
2005,APRIL,WINNEBAGO,"NEENAH CITY WARDS 17 - 20, 29 & 32",SPRING GENERAL,JUSTICE OF THE SUPREME COURT,NONPARTISAN,ANN W. BRADLEY,247,245
2005,APRIL,WINNEBAGO,"NEENAH CITY WARDS 17 - 20, 29 & 32",SPRING GENERAL,JUSTICE OF THE SUPREME COURT,NONPARTISAN,SCATTERING,247,2
2005,APRIL,WINNEBAGO,NEENAH CITY WARDS 21 - 26 & 31,SPRING GENERAL,JUSTICE OF THE SUPREME COURT,NONPARTISAN,ANN W. BRADLEY,331,330
2005,APRIL,WINNEBAGO,NEENAH CITY WARDS 21 - 26 & 31,SPRING GENERAL,JUSTICE OF THE SUPREME COURT,NONPARTISAN,SCATTERING,331,1
2005,APRIL,WINNEBAGO,OMRO CITY WARDS 1 - 7,SPRING GENERAL,JUSTICE OF THE SUPREME COURT,NONPARTISAN,ANN W. BRADLEY,274,273
2005,APRIL,WINNEBAGO,OMRO CITY WARDS 1 - 7,SPRING GENERAL,JUSTICE OF THE SUPREME COURT,NONPARTISAN,SCATTERING,274,1
2005,APRIL,WINNEBAGO,OSHKOSH CITY WARD 1,SPRING GENERAL,JUSTICE OF THE SUPREME COURT,NONPARTISAN,ANN W. BRADLEY,251,249
2005,APRIL,WINNEBAGO,OSHKOSH CITY WARD 1,SPRING GENERAL,JUSTICE OF THE SUPREME COURT,NONPARTISAN,SCATTERING,251,2
2005,APRIL,WINNEBAGO,OSHKOSH CITY WARD 2,SPRING GENERAL,JUSTICE OF THE SUPREME COURT,NONPARTISAN,ANN W. BRADLEY,272,270
2005,APRIL,WINNEBAGO,OSHKOSH CITY WARD 2,SPRING GENERAL,JUSTICE OF THE SUPREME COURT,NONPARTISAN,SCATTERING,272,2
2005,APRIL,WINNEBAGO,OSHKOSH CITY WARD 3,SPRING GENERAL,JUSTICE OF THE SUPREME COURT,NONPARTISAN,ANN W. BRADLEY,242,238
2005,APRIL,WINNEBAGO,OSHKOSH CITY WARD 3,SPRING GENERAL,JUSTICE OF THE SUPREME COURT,NONPARTISAN,SCATTERING,242,4
2005,APRIL,WINNEBAGO,OSHKOSH CITY WARD 4,SPRING GENERAL,JUSTICE OF THE SUPREME COURT,NONPARTISAN,ANN W. BRADLEY,97,97
2005,APRIL,WINNEBAGO,OSHKOSH CITY WARD 4,SPRING GENERAL,JUSTICE OF THE SUPREME COURT,NONPARTISAN,SCATTERING,97,0
2005,APRIL,WINNEBAGO,OSHKOSH CITY WARD 5,SPRING GENERAL,JUSTICE OF THE SUPREME COURT,NONPARTISAN,ANN W. BRADLEY,25,21
2005,APRIL,WINNEBAGO,OSHKOSH CITY WARD 5,SPRING GENERAL,JUSTICE OF THE SUPREME COURT,NONPARTISAN,SCATTERING,25,4
2005,APRIL,WINNEBAGO,OSHKOSH CITY WARD 6,SPRING GENERAL,JUSTICE OF THE SUPREME COURT,NONPARTISAN,ANN W. BRADLEY,23,22
2005,APRIL,WINNEBAGO,OSHKOSH CITY WARD 6,SPRING GENERAL,JUSTICE OF THE SUPREME COURT,NONPARTISAN,SCATTERING,23,1
2005,APRIL,WINNEBAGO,OSHKOSH CITY WARD 7,SPRING GENERAL,JUSTICE OF THE SUPREME COURT,NONPARTISAN,ANN W. BRADLEY,228,226
2005,APRIL,WINNEBAGO,OSHKOSH CITY WARD 7,SPRING GENERAL,JUSTICE OF THE SUPREME COURT,NONPARTISAN,SCATTERING,228,2
2005,APRIL,WINNEBAGO,OSHKOSH CITY WARD 8,SPRING GENERAL,JUSTICE OF THE SUPREME COURT,NONPARTISAN,ANN W. BRADLEY,446,443
2005,APRIL,WINNEBAGO,OSHKOSH CITY WARD 8,SPRING GENERAL,JUSTICE OF THE SUPREME COURT,NONPARTISAN,SCATTERING,446,3
2005,APRIL,WINNEBAGO,OSHKOSH CITY WARD 9,SPRING GENERAL,JUSTICE OF THE SUPREME COURT,NONPARTISAN,ANN W. BRADLEY,163,163
2005,APRIL,WINNEBAGO,OSHKOSH CITY WARD 9,SPRING GENERAL,JUSTICE OF THE SUPREME COURT,NONPARTISAN,SCATTERING,163,0
2005,APRIL,WINNEBAGO,OSHKOSH CITY WARD 10,SPRING GENERAL,JUSTICE OF THE SUPREME COURT,NONPARTISAN,ANN W. BRADLEY,233,231
2005,APRIL,WINNEBAGO,OSHKOSH CITY WARD 10,SPRING GENERAL,JUSTICE OF THE SUPREME COURT,NONPARTISAN,SCATTERING,233,2
2005,APRIL,WINNEBAGO,OSHKOSH CITY WARD 11,SPRING GENERAL,JUSTICE OF THE SUPREME COURT,NONPARTISAN,ANN W. BRADLEY,275,272
2005,APRIL,WINNEBAGO,OSHKOSH CITY WARD 11,SPRING GENERAL,JUSTICE OF THE SUPREME COURT,NONPARTISAN,SCATTERING,275,3
2005,APRIL,WINNEBAGO,OSHKOSH CITY WARD 12,SPRING GENERAL,JUSTICE OF THE SUPREME COURT,NONPARTISAN,ANN W. BRADLEY,111,109
2005,APRIL,WINNEBAGO,OSHKOSH CITY WARD 12,SPRING GENERAL,JUSTICE OF THE SUPREME COURT,NONPARTISAN,SCATTERING,111,2
2005,APRIL,WINNEBAGO,OSHKOSH CITY WARD 13,SPRING GENERAL,JUSTICE OF THE SUPREME COURT,NONPARTISAN,ANN W. BRADLEY,57,55
2005,APRIL,WINNEBAGO,OSHKOSH CITY WARD 13,SPRING GENERAL,JUSTICE OF THE SUPREME COURT,NONPARTISAN,SCATTERING,57,2
2005,APRIL,WINNEBAGO,OSHKOSH CITY WARD 14,SPRING GENERAL,JUSTICE OF THE SUPREME COURT,NONPARTISAN,ANN W. BRADLEY,49,47
2005,APRIL,WINNEBAGO,OSHKOSH CITY WARD 14,SPRING GENERAL,JUSTICE OF THE SUPREME COURT,NONPARTISAN,SCATTERING,49,2
2005,APRIL,WINNEBAGO,OSHKOSH CITY WARD 15,SPRING GENERAL,JUSTICE OF THE SUPREME COURT,NONPARTISAN,ANN W. BRADLEY,113,109
2005,APRIL,WINNEBAGO,OSHKOSH CITY WARD 15,SPRING GENERAL,JUSTICE OF THE SUPREME COURT,NONPARTISAN,SCATTERING,113,4
2005,APRIL,WINNEBAGO,OSHKOSH CITY WARD 16,SPRING GENERAL,JUSTICE OF THE SUPREME COURT,NONPARTISAN,ANN W. BRADLEY,111,109
2005,APRIL,WINNEBAGO,OSHKOSH CITY WARD 16,SPRING GENERAL,JUSTICE OF THE SUPREME COURT,NONPARTISAN,SCATTERING,111,2
2005,APRIL,WINNEBAGO,OSHKOSH CITY WARD 17,SPRING GENERAL,JUSTICE OF THE SUPREME COURT,NONPARTISAN,ANN W. BRADLEY,362,362
2005,APRIL,WINNEBAGO,OSHKOSH CITY WARD 17,SPRING GENERAL,JUSTICE OF THE SUPREME COURT,NONPARTISAN,SCATTERING,362,0
2005,APRIL,WINNEBAGO,OSHKOSH CITY WARD 18,SPRING GENERAL,JUSTICE OF THE SUPREME COURT,NONPARTISAN,ANN W. BRADLEY,160,160
2005,APRIL,WINNEBAGO,OSHKOSH CITY WARD 18,SPRING GENERAL,JUSTICE OF THE SUPREME COURT,NONPARTISAN,SCATTERING,160,0
2005,APRIL,WINNEBAGO,OSHKOSH CITY WARD 19,SPRING GENERAL,JUSTICE OF THE SUPREME COURT,NONPARTISAN,ANN W. BRADLEY,230,229
2005,APRIL,WINNEBAGO,OSHKOSH CITY WARD 19,SPRING GENERAL,JUSTICE OF THE SUPREME COURT,NONPARTISAN,SCATTERING,230,1
2005,APRIL,WINNEBAGO,OSHKOSH CITY WARD 20,SPRING GENERAL,JUSTICE OF THE SUPREME COURT,NONPARTISAN,ANN W. BRADLEY,217,209
2005,APRIL,WINNEBAGO,OSHKOSH CITY WARD 20,SPRING GENERAL,JUSTICE OF THE SUPREME COURT,NONPARTISAN,SCATTERING,217,8
2005,APRIL,WINNEBAGO,OSHKOSH CITY WARD 21,SPRING GENERAL,JUSTICE OF THE SUPREME COURT,NONPARTISAN,ANN W. BRADLEY,152,152
2005,APRIL,WINNEBAGO,OSHKOSH CITY WARD 21,SPRING GENERAL,JUSTICE OF THE SUPREME COURT,NONPARTISAN,SCATTERING,152,0
2005,APRIL,WINNEBAGO,OSHKOSH CITY WARD 22,SPRING GENERAL,JUSTICE OF THE SUPREME COURT,NONPARTISAN,ANN W. BRADLEY,226,222
2005,APRIL,WINNEBAGO,OSHKOSH CITY WARD 22,SPRING GENERAL,JUSTICE OF THE SUPREME COURT,NONPARTISAN,SCATTERING,226,4
2005,APRIL,WINNEBAGO,OSHKOSH CITY WARD 23,SPRING GENERAL,JUSTICE OF THE SUPREME COURT,NONPARTISAN,ANN W. BRADLEY,226,225
2005,APRIL,WINNEBAGO,OSHKOSH CITY WARD 23,SPRING GENERAL,JUSTICE OF THE SUPREME COURT,NONPARTISAN,SCATTERING,226,1
2005,APRIL,WINNEBAGO,OSHKOSH CITY WARD 24,SPRING GENERAL,JUSTICE OF THE SUPREME COURT,NONPARTISAN,ANN W. BRADLEY,341,338
2005,APRIL,WINNEBAGO,OSHKOSH CITY WARD 24,SPRING GENERAL,JUSTICE OF THE SUPREME COURT,NONPARTISAN,SCATTERING,341,3
2005,APRIL,WINNEBAGO,OSHKOSH CITY WARD 25,SPRING GENERAL,JUSTICE OF THE SUPREME COURT,NONPARTISAN,ANN W. BRADLEY,88,88
2005,APRIL,WINNEBAGO,OSHKOSH CITY WARD 25,SPRING GENERAL,JUSTICE OF THE SUPREME COURT,NONPARTISAN,SCATTERING,88,0
2005,APRIL,WINNEBAGO,OSHKOSH CITY WARD 26,SPRING GENERAL,JUSTICE OF THE SUPREME COURT,NONPARTISAN,ANN W. BRADLEY,359,358
2005,APRIL,WINNEBAGO,OSHKOSH CITY WARD 26,SPRING GENERAL,JUSTICE OF THE SUPREME COURT,NONPARTISAN,SCATTERING,359,1
2005,APRIL,WINNEBAGO,OSHKOSH CITY WARD 27,SPRING GENERAL,JUSTICE OF THE SUPREME COURT,NONPARTISAN,ANN W. BRADLEY,257,255
2005,APRIL,WINNEBAGO,OSHKOSH CITY WARD 27,SPRING GENERAL,JUSTICE OF THE SUPREME COURT,NONPARTISAN,SCATTERING,257,2
2005,APRIL,WINNEBAGO,OSHKOSH CITY WARD 28,SPRING GENERAL,JUSTICE OF THE SUPREME COURT,NONPARTISAN,ANN W. BRADLEY,395,394
2005,APRIL,WINNEBAGO,OSHKOSH CITY WARD 28,SPRING GENERAL,JUSTICE OF THE SUPREME COURT,NONPARTISAN,SCATTERING,395,1
2005,APRIL,WINNEBAGO,OSHKOSH CITY WARD 29,SPRING GENERAL,JUSTICE OF THE SUPREME COURT,NONPARTISAN,ANN W. BRADLEY,369,367
2005,APRIL,WINNEBAGO,OSHKOSH CITY WARD 29,SPRING GENERAL,JUSTICE OF THE SUPREME COURT,NONPARTISAN,SCATTERING,369,2
2005,APRIL,WINNEBAGO,OSHKOSH CITY WARD 30,SPRING GENERAL,JUSTICE OF THE SUPREME COURT,NONPARTISAN,ANN W. BRADLEY,204,203
2005,APRIL,WINNEBAGO,OSHKOSH CITY WARD 30,SPRING GENERAL,JUSTICE OF THE SUPREME COURT,NONPARTISAN,SCATTERING,204,1
2005,APRIL,WINNEBAGO,OSHKOSH CITY WARD 31,SPRING GENERAL,JUSTICE OF THE SUPREME COURT,NONPARTISAN,ANN W. BRADLEY,317,316
2005,APRIL,WINNEBAGO,OSHKOSH CITY WARD 31,SPRING GENERAL,JUSTICE OF THE SUPREME COURT,NONPARTISAN,SCATTERING,317,1
2005,APRIL,WINNEBAGO,OSHKOSH CITY WARD 32,SPRING GENERAL,JUSTICE OF THE SUPREME COURT,NONPARTISAN,ANN W. BRADLEY,349,348
2005,APRIL,WINNEBAGO,OSHKOSH CITY WARD 32,SPRING GENERAL,JUSTICE OF THE SUPREME COURT,NONPARTISAN,SCATTERING,349,1
2005,APRIL,WINNEBAGO,OSHKOSH CITY WARD 33,SPRING GENERAL,JUSTICE OF THE SUPREME COURT,NONPARTISAN,ANN W. BRADLEY,299,299
2005,APRIL,WINNEBAGO,OSHKOSH CITY WARD 33,SPRING GENERAL,JUSTICE OF THE SUPREME COURT,NONPARTISAN,SCATTERING,299,0
2005,APRIL,WINNEBAGO,OSHKOSH CITY WARD 34,SPRING GENERAL,JUSTICE OF THE SUPREME COURT,NONPARTISAN,ANN W. BRADLEY,0,0
2005,APRIL,WINNEBAGO,OSHKOSH CITY WARD 34,SPRING GENERAL,JUSTICE OF THE SUPREME COURT,NONPARTISAN,SCATTERING,0,0
2005,APRIL,WINNEBAGO,OSHKOSH CITY WARD 35,SPRING GENERAL,JUSTICE OF THE SUPREME COURT,NONPARTISAN,ANN W. BRADLEY,0,0
2005,APRIL,WINNEBAGO,OSHKOSH CITY WARD 35,SPRING GENERAL,JUSTICE OF THE SUPREME COURT,NONPARTISAN,SCATTERING,0,0
2005,APRIL,WINNEBAGO,OSHKOSH CITY WARD 36,SPRING GENERAL,JUSTICE OF THE SUPREME COURT,NONPARTISAN,ANN W. BRADLEY,0,0
2005,APRIL,WINNEBAGO,OSHKOSH CITY WARD 36,SPRING GENERAL,JUSTICE OF THE SUPREME COURT,NONPARTISAN,SCATTERING,0,0
2005,APRIL,WINNEBAGO,OSHKOSH CITY WARD 37,SPRING GENERAL,JUSTICE OF THE SUPREME COURT,NONPARTISAN,ANN W. BRADLEY,0,0
2005,APRIL,WINNEBAGO,OSHKOSH CITY WARD 37,SPRING GENERAL,JUSTICE OF THE SUPREME COURT,NONPARTISAN,SCATTERING,0,0
2005,APRIL,WOOD,ARPIN TOWN WARDS 1 - 3,SPRING GENERAL,JUSTICE OF THE SUPREME COURT,NONPARTISAN,ANN W. BRADLEY,80,80
2005,APRIL,WOOD,ARPIN TOWN WARDS 1 - 3,SPRING GENERAL,JUSTICE OF THE SUPREME COURT,NONPARTISAN,SCATTERING,80,0
2005,APRIL,WOOD,AUBURNDALE TOWN WARD 1,SPRING GENERAL,JUSTICE OF THE SUPREME COURT,NONPARTISAN,ANN W. BRADLEY,60,60
2005,APRIL,WOOD,AUBURNDALE TOWN WARD 1,SPRING GENERAL,JUSTICE OF THE SUPREME COURT,NONPARTISAN,SCATTERING,60,0
2005,APRIL,WOOD,CAMERON TOWN WARD 1,SPRING GENERAL,JUSTICE OF THE SUPREME COURT,NONPARTISAN,ANN W. BRADLEY,119,119
2005,APRIL,WOOD,CAMERON TOWN WARD 1,SPRING GENERAL,JUSTICE OF THE SUPREME COURT,NONPARTISAN,SCATTERING,119,0
2005,APRIL,WOOD,CARY TOWN WARD 1,SPRING GENERAL,JUSTICE OF THE SUPREME COURT,NONPARTISAN,ANN W. BRADLEY,48,48
2005,APRIL,WOOD,CARY TOWN WARD 1,SPRING GENERAL,JUSTICE OF THE SUPREME COURT,NONPARTISAN,SCATTERING,48,0
2005,APRIL,WOOD,CRANMOOR TOWN WARD 1,SPRING GENERAL,JUSTICE OF THE SUPREME COURT,NONPARTISAN,ANN W. BRADLEY,25,25
2005,APRIL,WOOD,CRANMOOR TOWN WARD 1,SPRING GENERAL,JUSTICE OF THE SUPREME COURT,NONPARTISAN,SCATTERING,25,0
2005,APRIL,WOOD,DEXTER TOWN WARD 1,SPRING GENERAL,JUSTICE OF THE SUPREME COURT,NONPARTISAN,ANN W. BRADLEY,62,62
2005,APRIL,WOOD,DEXTER TOWN WARD 1,SPRING GENERAL,JUSTICE OF THE SUPREME COURT,NONPARTISAN,SCATTERING,62,0
2005,APRIL,WOOD,GRAND RAPIDS TOWN WARDS 1 - 13,SPRING GENERAL,JUSTICE OF THE SUPREME COURT,NONPARTISAN,ANN W. BRADLEY,638,638
2005,APRIL,WOOD,GRAND RAPIDS TOWN WARDS 1 - 13,SPRING GENERAL,JUSTICE OF THE SUPREME COURT,NONPARTISAN,SCATTERING,638,0
2005,APRIL,WOOD,HANSEN TOWN WARD 1,SPRING GENERAL,JUSTICE OF THE SUPREME COURT,NONPARTISAN,ANN W. BRADLEY,129,129
2005,APRIL,WOOD,HANSEN TOWN WARD 1,SPRING GENERAL,JUSTICE OF THE SUPREME COURT,NONPARTISAN,SCATTERING,129,0
2005,APRIL,WOOD,HILES TOWN WARD 1,SPRING GENERAL,JUSTICE OF THE SUPREME COURT,NONPARTISAN,ANN W. BRADLEY,39,39
2005,APRIL,WOOD,HILES TOWN WARD 1,SPRING GENERAL,JUSTICE OF THE SUPREME COURT,NONPARTISAN,SCATTERING,39,0
2005,APRIL,WOOD,LINCOLN TOWN WARDS 1 & 2,SPRING GENERAL,JUSTICE OF THE SUPREME COURT,NONPARTISAN,ANN W. BRADLEY,445,445
2005,APRIL,WOOD,LINCOLN TOWN WARDS 1 & 2,SPRING GENERAL,JUSTICE OF THE SUPREME COURT,NONPARTISAN,SCATTERING,445,0
2005,APRIL,WOOD,MARSHFIELD TOWN WARD 1,SPRING GENERAL,JUSTICE OF THE SUPREME COURT,NONPARTISAN,ANN W. BRADLEY,196,195
2005,APRIL,WOOD,MARSHFIELD TOWN WARD 1,SPRING GENERAL,JUSTICE OF THE SUPREME COURT,NONPARTISAN,SCATTERING,196,1
2005,APRIL,WOOD,MILLADORE TOWN WARD 1,SPRING GENERAL,JUSTICE OF THE SUPREME COURT,NONPARTISAN,ANN W. BRADLEY,167,166
2005,APRIL,WOOD,MILLADORE TOWN WARD 1,SPRING GENERAL,JUSTICE OF THE SUPREME COURT,NONPARTISAN,SCATTERING,167,1
2005,APRIL,WOOD,PORT EDWARDS TOWN WARDS 1 - 3,SPRING GENERAL,JUSTICE OF THE SUPREME COURT,NONPARTISAN,ANN W. BRADLEY,123,123
2005,APRIL,WOOD,PORT EDWARDS TOWN WARDS 1 - 3,SPRING GENERAL,JUSTICE OF THE SUPREME COURT,NONPARTISAN,SCATTERING,123,0
2005,APRIL,WOOD,REMINGTON TOWN WARD 1,SPRING GENERAL,JUSTICE OF THE SUPREME COURT,NONPARTISAN,ANN W. BRADLEY,70,70
2005,APRIL,WOOD,REMINGTON TOWN WARD 1,SPRING GENERAL,JUSTICE OF THE SUPREME COURT,NONPARTISAN,SCATTERING,70,0
2005,APRIL,WOOD,RICHFIELD TOWN WARDS 1 & 2,SPRING GENERAL,JUSTICE OF THE SUPREME COURT,NONPARTISAN,ANN W. BRADLEY,230,230
2005,APRIL,WOOD,RICHFIELD TOWN WARDS 1 & 2,SPRING GENERAL,JUSTICE OF THE SUPREME COURT,NONPARTISAN,SCATTERING,230,0
2005,APRIL,WOOD,ROCK TOWN WARD 1,SPRING GENERAL,JUSTICE OF THE SUPREME COURT,NONPARTISAN,ANN W. BRADLEY,220,220
2005,APRIL,WOOD,ROCK TOWN WARD 1,SPRING GENERAL,JUSTICE OF THE SUPREME COURT,NONPARTISAN,SCATTERING,220,0
2005,APRIL,WOOD,RUDOLPH TOWN WARDS 1 & 2,SPRING GENERAL,JUSTICE OF THE SUPREME COURT,NONPARTISAN,ANN W. BRADLEY,69,69
2005,APRIL,WOOD,RUDOLPH TOWN WARDS 1 & 2,SPRING GENERAL,JUSTICE OF THE SUPREME COURT,NONPARTISAN,SCATTERING,69,0
2005,APRIL,WOOD,SARATOGA TOWN WARDS 1 - 6,SPRING GENERAL,JUSTICE OF THE SUPREME COURT,NONPARTISAN,ANN W. BRADLEY,324,322
2005,APRIL,WOOD,SARATOGA TOWN WARDS 1 - 6,SPRING GENERAL,JUSTICE OF THE SUPREME COURT,NONPARTISAN,SCATTERING,324,2
2005,APRIL,WOOD,SENECA TOWN WARDS 1 - 3,SPRING GENERAL,JUSTICE OF THE SUPREME COURT,NONPARTISAN,ANN W. BRADLEY,91,91
2005,APRIL,WOOD,SENECA TOWN WARDS 1 - 3,SPRING GENERAL,JUSTICE OF THE SUPREME COURT,NONPARTISAN,SCATTERING,91,0
2005,APRIL,WOOD,SHERRY TOWN WARD 1,SPRING GENERAL,JUSTICE OF THE SUPREME COURT,NONPARTISAN,ANN W. BRADLEY,241,241
2005,APRIL,WOOD,SHERRY TOWN WARD 1,SPRING GENERAL,JUSTICE OF THE SUPREME COURT,NONPARTISAN,SCATTERING,241,0
2005,APRIL,WOOD,SIGEL TOWN WARDS 1 - 4,SPRING GENERAL,JUSTICE OF THE SUPREME COURT,NONPARTISAN,ANN W. BRADLEY,166,165
2005,APRIL,WOOD,SIGEL TOWN WARDS 1 - 4,SPRING GENERAL,JUSTICE OF THE SUPREME COURT,NONPARTISAN,SCATTERING,166,1
2005,APRIL,WOOD,WOOD TOWN WARD 1,SPRING GENERAL,JUSTICE OF THE SUPREME COURT,NONPARTISAN,ANN W. BRADLEY,200,200
2005,APRIL,WOOD,WOOD TOWN WARD 1,SPRING GENERAL,JUSTICE OF THE SUPREME COURT,NONPARTISAN,SCATTERING,200,0
2005,APRIL,WOOD,ARPIN VILLAGE WARD 1,SPRING GENERAL,JUSTICE OF THE SUPREME COURT,NONPARTISAN,ANN W. BRADLEY,45,45
2005,APRIL,WOOD,ARPIN VILLAGE WARD 1,SPRING GENERAL,JUSTICE OF THE SUPREME COURT,NONPARTISAN,SCATTERING,45,0
2005,APRIL,WOOD,AUBURNDALE VILLAGE WARD 1,SPRING GENERAL,JUSTICE OF THE SUPREME COURT,NONPARTISAN,ANN W. BRADLEY,68,68
2005,APRIL,WOOD,AUBURNDALE VILLAGE WARD 1,SPRING GENERAL,JUSTICE OF THE SUPREME COURT,NONPARTISAN,SCATTERING,68,0
2005,APRIL,WOOD,BIRON VILLAGE WARD 1,SPRING GENERAL,JUSTICE OF THE SUPREME COURT,NONPARTISAN,ANN W. BRADLEY,184,184
2005,APRIL,WOOD,BIRON VILLAGE WARD 1,SPRING GENERAL,JUSTICE OF THE SUPREME COURT,NONPARTISAN,SCATTERING,184,0
2005,APRIL,WOOD,HEWITT VILLAGE WARD 1,SPRING GENERAL,JUSTICE OF THE SUPREME COURT,NONPARTISAN,ANN W. BRADLEY,222,221
2005,APRIL,WOOD,HEWITT VILLAGE WARD 1,SPRING GENERAL,JUSTICE OF THE SUPREME COURT,NONPARTISAN,SCATTERING,222,1
2005,APRIL,WOOD,MILLADORE VILLAGE WARD 1,SPRING GENERAL,JUSTICE OF THE SUPREME COURT,NONPARTISAN,ANN W. BRADLEY,69,69
2005,APRIL,WOOD,MILLADORE VILLAGE WARD 1,SPRING GENERAL,JUSTICE OF THE SUPREME COURT,NONPARTISAN,SCATTERING,69,0
2005,APRIL,WOOD,PORT EDWARDS VILLAGE WARDS 1 - 3,SPRING GENERAL,JUSTICE OF THE SUPREME COURT,NONPARTISAN,ANN W. BRADLEY,143,142
2005,APRIL,WOOD,PORT EDWARDS VILLAGE WARDS 1 - 3,SPRING GENERAL,JUSTICE OF THE SUPREME COURT,NONPARTISAN,SCATTERING,143,1
2005,APRIL,WOOD,RUDOLPH VILLAGE WARD 1,SPRING GENERAL,JUSTICE OF THE SUPREME COURT,NONPARTISAN,ANN W. BRADLEY,40,40
2005,APRIL,WOOD,RUDOLPH VILLAGE WARD 1,SPRING GENERAL,JUSTICE OF THE SUPREME COURT,NONPARTISAN,SCATTERING,40,0
2005,APRIL,WOOD,VESPER VILLAGE WARD 1,SPRING GENERAL,JUSTICE OF THE SUPREME COURT,NONPARTISAN,ANN W. BRADLEY,96,96
2005,APRIL,WOOD,VESPER VILLAGE WARD 1,SPRING GENERAL,JUSTICE OF THE SUPREME COURT,NONPARTISAN,SCATTERING,96,0
2005,APRIL,WOOD,"MARSHFIELD CITY WARDS 1, 3, 11, 13 & 23",SPRING GENERAL,JUSTICE OF THE SUPREME COURT,NONPARTISAN,ANN W. BRADLEY,859,857
2005,APRIL,WOOD,"MARSHFIELD CITY WARDS 1, 3, 11, 13 & 23",SPRING GENERAL,JUSTICE OF THE SUPREME COURT,NONPARTISAN,SCATTERING,859,2
2005,APRIL,WOOD,MARSHFIELD CITY WARD 2,SPRING GENERAL,JUSTICE OF THE SUPREME COURT,NONPARTISAN,ANN W. BRADLEY,369,368
2005,APRIL,WOOD,MARSHFIELD CITY WARD 2,SPRING GENERAL,JUSTICE OF THE SUPREME COURT,NONPARTISAN,SCATTERING,369,1
2005,APRIL,WOOD,"MARSHFIELD CITY WARDS 4, 14 & 24",SPRING GENERAL,JUSTICE OF THE SUPREME COURT,NONPARTISAN,ANN W. BRADLEY,583,581
2005,APRIL,WOOD,"MARSHFIELD CITY WARDS 4, 14 & 24",SPRING GENERAL,JUSTICE OF THE SUPREME COURT,NONPARTISAN,SCATTERING,583,2
2005,APRIL,WOOD,"MARSHFIELD CITY WARDS 5, 7, 15, 17 & 27",SPRING GENERAL,JUSTICE OF THE SUPREME COURT,NONPARTISAN,ANN W. BRADLEY,939,937
2005,APRIL,WOOD,"MARSHFIELD CITY WARDS 5, 7, 15, 17 & 27",SPRING GENERAL,JUSTICE OF THE SUPREME COURT,NONPARTISAN,SCATTERING,939,2
2005,APRIL,WOOD,MARSHFIELD CITY WARDS 6 & 16,SPRING GENERAL,JUSTICE OF THE SUPREME COURT,NONPARTISAN,ANN W. BRADLEY,409,409
2005,APRIL,WOOD,MARSHFIELD CITY WARDS 6 & 16,SPRING GENERAL,JUSTICE OF THE SUPREME COURT,NONPARTISAN,SCATTERING,409,0
2005,APRIL,WOOD,"MARSHFIELD CITY WARDS 8, 12, 18 & 25",SPRING GENERAL,JUSTICE OF THE SUPREME COURT,NONPARTISAN,ANN W. BRADLEY,544,543
2005,APRIL,WOOD,"MARSHFIELD CITY WARDS 8, 12, 18 & 25",SPRING GENERAL,JUSTICE OF THE SUPREME COURT,NONPARTISAN,SCATTERING,544,1
2005,APRIL,WOOD,MARSHFIELD CITY WARDS 9 & 19,SPRING GENERAL,JUSTICE OF THE SUPREME COURT,NONPARTISAN,ANN W. BRADLEY,330,330
2005,APRIL,WOOD,MARSHFIELD CITY WARDS 9 & 19,SPRING GENERAL,JUSTICE OF THE SUPREME COURT,NONPARTISAN,SCATTERING,330,0
2005,APRIL,WOOD,MARSHFIELD CITY WARDS 10 & 20,SPRING GENERAL,JUSTICE OF THE SUPREME COURT,NONPARTISAN,ANN W. BRADLEY,361,357
2005,APRIL,WOOD,MARSHFIELD CITY WARDS 10 & 20,SPRING GENERAL,JUSTICE OF THE SUPREME COURT,NONPARTISAN,SCATTERING,361,4
2005,APRIL,WOOD,NEKOOSA CITY WARD 1,SPRING GENERAL,JUSTICE OF THE SUPREME COURT,NONPARTISAN,ANN W. BRADLEY,72,72
2005,APRIL,WOOD,NEKOOSA CITY WARD 1,SPRING GENERAL,JUSTICE OF THE SUPREME COURT,NONPARTISAN,SCATTERING,72,0
2005,APRIL,WOOD,NEKOOSA CITY WARD 2,SPRING GENERAL,JUSTICE OF THE SUPREME COURT,NONPARTISAN,ANN W. BRADLEY,34,34
2005,APRIL,WOOD,NEKOOSA CITY WARD 2,SPRING GENERAL,JUSTICE OF THE SUPREME COURT,NONPARTISAN,SCATTERING,34,0
2005,APRIL,WOOD,NEKOOSA CITY WARDS 3 & 5,SPRING GENERAL,JUSTICE OF THE SUPREME COURT,NONPARTISAN,ANN W. BRADLEY,100,100
2005,APRIL,WOOD,NEKOOSA CITY WARDS 3 & 5,SPRING GENERAL,JUSTICE OF THE SUPREME COURT,NONPARTISAN,SCATTERING,100,0
2005,APRIL,WOOD,NEKOOSA CITY WARDS 4 & 6,SPRING GENERAL,JUSTICE OF THE SUPREME COURT,NONPARTISAN,ANN W. BRADLEY,70,70
2005,APRIL,WOOD,NEKOOSA CITY WARDS 4 & 6,SPRING GENERAL,JUSTICE OF THE SUPREME COURT,NONPARTISAN,SCATTERING,70,0
2005,APRIL,WOOD,PITTSVILLE CITY WARD 1,SPRING GENERAL,JUSTICE OF THE SUPREME COURT,NONPARTISAN,ANN W. BRADLEY,42,42
2005,APRIL,WOOD,PITTSVILLE CITY WARD 1,SPRING GENERAL,JUSTICE OF THE SUPREME COURT,NONPARTISAN,SCATTERING,42,0
2005,APRIL,WOOD,PITTSVILLE CITY WARD 2,SPRING GENERAL,JUSTICE OF THE SUPREME COURT,NONPARTISAN,ANN W. BRADLEY,29,29
2005,APRIL,WOOD,PITTSVILLE CITY WARD 2,SPRING GENERAL,JUSTICE OF THE SUPREME COURT,NONPARTISAN,SCATTERING,29,0
2005,APRIL,WOOD,PITTSVILLE CITY WARD 3,SPRING GENERAL,JUSTICE OF THE SUPREME COURT,NONPARTISAN,ANN W. BRADLEY,19,19
2005,APRIL,WOOD,PITTSVILLE CITY WARD 3,SPRING GENERAL,JUSTICE OF THE SUPREME COURT,NONPARTISAN,SCATTERING,19,0
2005,APRIL,WOOD,WISCONSIN RAPIDS CITY WARDS 1 - 6,SPRING GENERAL,JUSTICE OF THE SUPREME COURT,NONPARTISAN,ANN W. BRADLEY,360,359
2005,APRIL,WOOD,WISCONSIN RAPIDS CITY WARDS 1 - 6,SPRING GENERAL,JUSTICE OF THE SUPREME COURT,NONPARTISAN,SCATTERING,360,1
2005,APRIL,WOOD,WISCONSIN RAPIDS CITY WARDS 7 - 15,SPRING GENERAL,JUSTICE OF THE SUPREME COURT,NONPARTISAN,ANN W. BRADLEY,511,510
2005,APRIL,WOOD,WISCONSIN RAPIDS CITY WARDS 7 - 15,SPRING GENERAL,JUSTICE OF THE SUPREME COURT,NONPARTISAN,SCATTERING,511,1
2005,APRIL,WOOD,WISCONSIN RAPIDS CITY WARDS 16 - 23,SPRING GENERAL,JUSTICE OF THE SUPREME COURT,NONPARTISAN,ANN W. BRADLEY,521,518
2005,APRIL,WOOD,WISCONSIN RAPIDS CITY WARDS 16 - 23,SPRING GENERAL,JUSTICE OF THE SUPREME COURT,NONPARTISAN,SCATTERING,521,3
