year,month,county,reporting_unit,election_type,office,party,candidate,total_votes,votes
2006,APRIL,ADAMS,ADAMS TOWN WARDS 1 & 2,SPRING GENERAL,JUSTICE OF THE SUPREME COURT,NONPARTISAN,PATRICK CROOKS,67,67
2006,APRIL,ADAMS,ADAMS TOWN WARDS 1 & 2,SPRING GENERAL,JUSTICE OF THE SUPREME COURT,NONPARTISAN,SCATTERING,67,0
2006,APRIL,ADAMS,BIG FLATS TOWN WARD 1,SPRING GENERAL,JUSTICE OF THE SUPREME COURT,NONPARTISAN,PATRICK CROOKS,58,58
2006,APRIL,ADAMS,BIG FLATS TOWN WARD 1,SPRING GENERAL,JUSTICE OF THE SUPREME COURT,NONPARTISAN,SCATTERING,58,0
2006,APRIL,ADAMS,COLBURN TOWN WARD 1,SPRING GENERAL,JUSTICE OF THE SUPREME COURT,NONPARTISAN,PATRICK CROOKS,24,24
2006,APRIL,ADAMS,COLBURN TOWN WARD 1,SPRING GENERAL,JUSTICE OF THE SUPREME COURT,NONPARTISAN,SCATTERING,24,0
2006,APRIL,ADAMS,DELL PRAIRIE TOWN WARDS 1 & 2,SPRING GENERAL,JUSTICE OF THE SUPREME COURT,NONPARTISAN,PATRICK CROOKS,58,58
2006,APRIL,ADAMS,DELL PRAIRIE TOWN WARDS 1 & 2,SPRING GENERAL,JUSTICE OF THE SUPREME COURT,NONPARTISAN,SCATTERING,58,0
2006,APRIL,ADAMS,EASTON TOWN WARDS 1 & 2,SPRING GENERAL,JUSTICE OF THE SUPREME COURT,NONPARTISAN,PATRICK CROOKS,59,59
2006,APRIL,ADAMS,EASTON TOWN WARDS 1 & 2,SPRING GENERAL,JUSTICE OF THE SUPREME COURT,NONPARTISAN,SCATTERING,59,0
2006,APRIL,ADAMS,JACKSON TOWN WARD 1,SPRING GENERAL,JUSTICE OF THE SUPREME COURT,NONPARTISAN,PATRICK CROOKS,38,38
2006,APRIL,ADAMS,JACKSON TOWN WARD 1,SPRING GENERAL,JUSTICE OF THE SUPREME COURT,NONPARTISAN,SCATTERING,38,0
2006,APRIL,ADAMS,LEOLA TOWN WARD 1,SPRING GENERAL,JUSTICE OF THE SUPREME COURT,NONPARTISAN,PATRICK CROOKS,53,53
2006,APRIL,ADAMS,LEOLA TOWN WARD 1,SPRING GENERAL,JUSTICE OF THE SUPREME COURT,NONPARTISAN,SCATTERING,53,0
2006,APRIL,ADAMS,LINCOLN TOWN WARD 1,SPRING GENERAL,JUSTICE OF THE SUPREME COURT,NONPARTISAN,PATRICK CROOKS,29,29
2006,APRIL,ADAMS,LINCOLN TOWN WARD 1,SPRING GENERAL,JUSTICE OF THE SUPREME COURT,NONPARTISAN,SCATTERING,29,0
2006,APRIL,ADAMS,MONROE TOWN WARD 1,SPRING GENERAL,JUSTICE OF THE SUPREME COURT,NONPARTISAN,PATRICK CROOKS,33,33
2006,APRIL,ADAMS,MONROE TOWN WARD 1,SPRING GENERAL,JUSTICE OF THE SUPREME COURT,NONPARTISAN,SCATTERING,33,0
2006,APRIL,ADAMS,NEW CHESTER TOWN WARDS 1 & 2,SPRING GENERAL,JUSTICE OF THE SUPREME COURT,NONPARTISAN,PATRICK CROOKS,38,38
2006,APRIL,ADAMS,NEW CHESTER TOWN WARDS 1 & 2,SPRING GENERAL,JUSTICE OF THE SUPREME COURT,NONPARTISAN,SCATTERING,38,0
2006,APRIL,ADAMS,NEW HAVEN TOWN WARD 1,SPRING GENERAL,JUSTICE OF THE SUPREME COURT,NONPARTISAN,PATRICK CROOKS,55,55
2006,APRIL,ADAMS,NEW HAVEN TOWN WARD 1,SPRING GENERAL,JUSTICE OF THE SUPREME COURT,NONPARTISAN,SCATTERING,55,0
2006,APRIL,ADAMS,PRESTON TOWN WARDS 1 - 3,SPRING GENERAL,JUSTICE OF THE SUPREME COURT,NONPARTISAN,PATRICK CROOKS,106,106
2006,APRIL,ADAMS,PRESTON TOWN WARDS 1 - 3,SPRING GENERAL,JUSTICE OF THE SUPREME COURT,NONPARTISAN,SCATTERING,106,0
2006,APRIL,ADAMS,QUINCY TOWN WARDS 1 & 2,SPRING GENERAL,JUSTICE OF THE SUPREME COURT,NONPARTISAN,PATRICK CROOKS,61,60
2006,APRIL,ADAMS,QUINCY TOWN WARDS 1 & 2,SPRING GENERAL,JUSTICE OF THE SUPREME COURT,NONPARTISAN,SCATTERING,61,1
2006,APRIL,ADAMS,RICHFIELD TOWN WARD 1,SPRING GENERAL,JUSTICE OF THE SUPREME COURT,NONPARTISAN,PATRICK CROOKS,11,11
2006,APRIL,ADAMS,RICHFIELD TOWN WARD 1,SPRING GENERAL,JUSTICE OF THE SUPREME COURT,NONPARTISAN,SCATTERING,11,0
2006,APRIL,ADAMS,ROME TOWN WARDS 1 - 5,SPRING GENERAL,JUSTICE OF THE SUPREME COURT,NONPARTISAN,PATRICK CROOKS,604,604
2006,APRIL,ADAMS,ROME TOWN WARDS 1 - 5,SPRING GENERAL,JUSTICE OF THE SUPREME COURT,NONPARTISAN,SCATTERING,604,0
2006,APRIL,ADAMS,SPRINGVILLE TOWN WARDS 1 & 2,SPRING GENERAL,JUSTICE OF THE SUPREME COURT,NONPARTISAN,PATRICK CROOKS,38,38
2006,APRIL,ADAMS,SPRINGVILLE TOWN WARDS 1 & 2,SPRING GENERAL,JUSTICE OF THE SUPREME COURT,NONPARTISAN,SCATTERING,38,0
2006,APRIL,ADAMS,STRONGS PRAIRIE TOWN WARDS 1 & 2,SPRING GENERAL,JUSTICE OF THE SUPREME COURT,NONPARTISAN,PATRICK CROOKS,61,61
2006,APRIL,ADAMS,STRONGS PRAIRIE TOWN WARDS 1 & 2,SPRING GENERAL,JUSTICE OF THE SUPREME COURT,NONPARTISAN,SCATTERING,61,0
2006,APRIL,ADAMS,FRIENDSHIP VILLAGE WARD 1,SPRING GENERAL,JUSTICE OF THE SUPREME COURT,NONPARTISAN,PATRICK CROOKS,57,56
2006,APRIL,ADAMS,FRIENDSHIP VILLAGE WARD 1,SPRING GENERAL,JUSTICE OF THE SUPREME COURT,NONPARTISAN,SCATTERING,57,1
2006,APRIL,ADAMS,ADAMS CITY WARDS 1 - 5,SPRING GENERAL,JUSTICE OF THE SUPREME COURT,NONPARTISAN,PATRICK CROOKS,183,181
2006,APRIL,ADAMS,ADAMS CITY WARDS 1 - 5,SPRING GENERAL,JUSTICE OF THE SUPREME COURT,NONPARTISAN,SCATTERING,183,2
2006,APRIL,ADAMS,WISCONSIN DELLS CITY WARD 5,SPRING GENERAL,JUSTICE OF THE SUPREME COURT,NONPARTISAN,PATRICK CROOKS,2,2
2006,APRIL,ADAMS,WISCONSIN DELLS CITY WARD 5,SPRING GENERAL,JUSTICE OF THE SUPREME COURT,NONPARTISAN,SCATTERING,2,0
2006,APRIL,ASHLAND,AGENDA TOWN WARD 1,SPRING GENERAL,JUSTICE OF THE SUPREME COURT,NONPARTISAN,PATRICK CROOKS,130,130
2006,APRIL,ASHLAND,AGENDA TOWN WARD 1,SPRING GENERAL,JUSTICE OF THE SUPREME COURT,NONPARTISAN,SCATTERING,130,0
2006,APRIL,ASHLAND,ASHLAND TOWN WARD 1,SPRING GENERAL,JUSTICE OF THE SUPREME COURT,NONPARTISAN,PATRICK CROOKS,19,19
2006,APRIL,ASHLAND,ASHLAND TOWN WARD 1,SPRING GENERAL,JUSTICE OF THE SUPREME COURT,NONPARTISAN,SCATTERING,19,0
2006,APRIL,ASHLAND,CHIPPEWA TOWN WARD 1,SPRING GENERAL,JUSTICE OF THE SUPREME COURT,NONPARTISAN,PATRICK CROOKS,110,110
2006,APRIL,ASHLAND,CHIPPEWA TOWN WARD 1,SPRING GENERAL,JUSTICE OF THE SUPREME COURT,NONPARTISAN,SCATTERING,110,0
2006,APRIL,ASHLAND,GINGLES TOWN WARD 1,SPRING GENERAL,JUSTICE OF THE SUPREME COURT,NONPARTISAN,PATRICK CROOKS,46,46
2006,APRIL,ASHLAND,GINGLES TOWN WARD 1,SPRING GENERAL,JUSTICE OF THE SUPREME COURT,NONPARTISAN,SCATTERING,46,0
2006,APRIL,ASHLAND,GINGLES TOWN WARD 2,SPRING GENERAL,JUSTICE OF THE SUPREME COURT,NONPARTISAN,PATRICK CROOKS,0,0
2006,APRIL,ASHLAND,GINGLES TOWN WARD 2,SPRING GENERAL,JUSTICE OF THE SUPREME COURT,NONPARTISAN,SCATTERING,0,0
2006,APRIL,ASHLAND,GORDON TOWN WARD 1,SPRING GENERAL,JUSTICE OF THE SUPREME COURT,NONPARTISAN,PATRICK CROOKS,32,32
2006,APRIL,ASHLAND,GORDON TOWN WARD 1,SPRING GENERAL,JUSTICE OF THE SUPREME COURT,NONPARTISAN,SCATTERING,32,0
2006,APRIL,ASHLAND,JACOBS TOWN WARD 1,SPRING GENERAL,JUSTICE OF THE SUPREME COURT,NONPARTISAN,PATRICK CROOKS,104,104
2006,APRIL,ASHLAND,JACOBS TOWN WARD 1,SPRING GENERAL,JUSTICE OF THE SUPREME COURT,NONPARTISAN,SCATTERING,104,0
2006,APRIL,ASHLAND,LA POINTE TOWN WARD 1,SPRING GENERAL,JUSTICE OF THE SUPREME COURT,NONPARTISAN,PATRICK CROOKS,85,84
2006,APRIL,ASHLAND,LA POINTE TOWN WARD 1,SPRING GENERAL,JUSTICE OF THE SUPREME COURT,NONPARTISAN,SCATTERING,85,1
2006,APRIL,ASHLAND,MARENGO TOWN WARD 1,SPRING GENERAL,JUSTICE OF THE SUPREME COURT,NONPARTISAN,PATRICK CROOKS,19,19
2006,APRIL,ASHLAND,MARENGO TOWN WARD 1,SPRING GENERAL,JUSTICE OF THE SUPREME COURT,NONPARTISAN,SCATTERING,19,0
2006,APRIL,ASHLAND,MARENGO TOWN WARD 2,SPRING GENERAL,JUSTICE OF THE SUPREME COURT,NONPARTISAN,PATRICK CROOKS,6,6
2006,APRIL,ASHLAND,MARENGO TOWN WARD 2,SPRING GENERAL,JUSTICE OF THE SUPREME COURT,NONPARTISAN,SCATTERING,6,0
2006,APRIL,ASHLAND,MORSE TOWN WARD 1,SPRING GENERAL,JUSTICE OF THE SUPREME COURT,NONPARTISAN,PATRICK CROOKS,15,15
2006,APRIL,ASHLAND,MORSE TOWN WARD 1,SPRING GENERAL,JUSTICE OF THE SUPREME COURT,NONPARTISAN,SCATTERING,15,0
2006,APRIL,ASHLAND,MORSE TOWN WARD 2,SPRING GENERAL,JUSTICE OF THE SUPREME COURT,NONPARTISAN,PATRICK CROOKS,18,18
2006,APRIL,ASHLAND,MORSE TOWN WARD 2,SPRING GENERAL,JUSTICE OF THE SUPREME COURT,NONPARTISAN,SCATTERING,18,0
2006,APRIL,ASHLAND,PEEKSVILLE TOWN WARD 1,SPRING GENERAL,JUSTICE OF THE SUPREME COURT,NONPARTISAN,PATRICK CROOKS,38,38
2006,APRIL,ASHLAND,PEEKSVILLE TOWN WARD 1,SPRING GENERAL,JUSTICE OF THE SUPREME COURT,NONPARTISAN,SCATTERING,38,0
2006,APRIL,ASHLAND,SANBORN TOWN WARD 1,SPRING GENERAL,JUSTICE OF THE SUPREME COURT,NONPARTISAN,PATRICK CROOKS,12,11
2006,APRIL,ASHLAND,SANBORN TOWN WARD 1,SPRING GENERAL,JUSTICE OF THE SUPREME COURT,NONPARTISAN,SCATTERING,12,1
2006,APRIL,ASHLAND,SANBORN TOWN WARD 2,SPRING GENERAL,JUSTICE OF THE SUPREME COURT,NONPARTISAN,PATRICK CROOKS,16,16
2006,APRIL,ASHLAND,SANBORN TOWN WARD 2,SPRING GENERAL,JUSTICE OF THE SUPREME COURT,NONPARTISAN,SCATTERING,16,0
2006,APRIL,ASHLAND,SHANAGOLDEN TOWN WARD 1,SPRING GENERAL,JUSTICE OF THE SUPREME COURT,NONPARTISAN,PATRICK CROOKS,18,18
2006,APRIL,ASHLAND,SHANAGOLDEN TOWN WARD 1,SPRING GENERAL,JUSTICE OF THE SUPREME COURT,NONPARTISAN,SCATTERING,18,0
2006,APRIL,ASHLAND,WHITE RIVER TOWN WARD 1,SPRING GENERAL,JUSTICE OF THE SUPREME COURT,NONPARTISAN,PATRICK CROOKS,21,21
2006,APRIL,ASHLAND,WHITE RIVER TOWN WARD 1,SPRING GENERAL,JUSTICE OF THE SUPREME COURT,NONPARTISAN,SCATTERING,21,0
2006,APRIL,ASHLAND,WHITE RIVER TOWN WARD 2,SPRING GENERAL,JUSTICE OF THE SUPREME COURT,NONPARTISAN,PATRICK CROOKS,15,15
2006,APRIL,ASHLAND,WHITE RIVER TOWN WARD 2,SPRING GENERAL,JUSTICE OF THE SUPREME COURT,NONPARTISAN,SCATTERING,15,0
2006,APRIL,ASHLAND,WHITE RIVER TOWN WARD 3,SPRING GENERAL,JUSTICE OF THE SUPREME COURT,NONPARTISAN,PATRICK CROOKS,8,8
2006,APRIL,ASHLAND,WHITE RIVER TOWN WARD 3,SPRING GENERAL,JUSTICE OF THE SUPREME COURT,NONPARTISAN,SCATTERING,8,0
2006,APRIL,ASHLAND,BUTTERNUT VILLAGE WARDS 1 & 2,SPRING GENERAL,JUSTICE OF THE SUPREME COURT,NONPARTISAN,PATRICK CROOKS,99,99
2006,APRIL,ASHLAND,BUTTERNUT VILLAGE WARDS 1 & 2,SPRING GENERAL,JUSTICE OF THE SUPREME COURT,NONPARTISAN,SCATTERING,99,0
2006,APRIL,ASHLAND,ASHLAND CITY WARD 1,SPRING GENERAL,JUSTICE OF THE SUPREME COURT,NONPARTISAN,PATRICK CROOKS,199,199
2006,APRIL,ASHLAND,ASHLAND CITY WARD 1,SPRING GENERAL,JUSTICE OF THE SUPREME COURT,NONPARTISAN,SCATTERING,199,0
2006,APRIL,ASHLAND,ASHLAND CITY WARD 2,SPRING GENERAL,JUSTICE OF THE SUPREME COURT,NONPARTISAN,PATRICK CROOKS,78,78
2006,APRIL,ASHLAND,ASHLAND CITY WARD 2,SPRING GENERAL,JUSTICE OF THE SUPREME COURT,NONPARTISAN,SCATTERING,78,0
2006,APRIL,ASHLAND,ASHLAND CITY WARD 3,SPRING GENERAL,JUSTICE OF THE SUPREME COURT,NONPARTISAN,PATRICK CROOKS,144,144
2006,APRIL,ASHLAND,ASHLAND CITY WARD 3,SPRING GENERAL,JUSTICE OF THE SUPREME COURT,NONPARTISAN,SCATTERING,144,0
2006,APRIL,ASHLAND,ASHLAND CITY WARD 4,SPRING GENERAL,JUSTICE OF THE SUPREME COURT,NONPARTISAN,PATRICK CROOKS,184,184
2006,APRIL,ASHLAND,ASHLAND CITY WARD 4,SPRING GENERAL,JUSTICE OF THE SUPREME COURT,NONPARTISAN,SCATTERING,184,0
2006,APRIL,ASHLAND,ASHLAND CITY WARD 5,SPRING GENERAL,JUSTICE OF THE SUPREME COURT,NONPARTISAN,PATRICK CROOKS,153,153
2006,APRIL,ASHLAND,ASHLAND CITY WARD 5,SPRING GENERAL,JUSTICE OF THE SUPREME COURT,NONPARTISAN,SCATTERING,153,0
2006,APRIL,ASHLAND,ASHLAND CITY WARD 6,SPRING GENERAL,JUSTICE OF THE SUPREME COURT,NONPARTISAN,PATRICK CROOKS,92,92
2006,APRIL,ASHLAND,ASHLAND CITY WARD 6,SPRING GENERAL,JUSTICE OF THE SUPREME COURT,NONPARTISAN,SCATTERING,92,0
2006,APRIL,ASHLAND,ASHLAND CITY WARD 7,SPRING GENERAL,JUSTICE OF THE SUPREME COURT,NONPARTISAN,PATRICK CROOKS,92,92
2006,APRIL,ASHLAND,ASHLAND CITY WARD 7,SPRING GENERAL,JUSTICE OF THE SUPREME COURT,NONPARTISAN,SCATTERING,92,0
2006,APRIL,ASHLAND,ASHLAND CITY WARD 8,SPRING GENERAL,JUSTICE OF THE SUPREME COURT,NONPARTISAN,PATRICK CROOKS,110,110
2006,APRIL,ASHLAND,ASHLAND CITY WARD 8,SPRING GENERAL,JUSTICE OF THE SUPREME COURT,NONPARTISAN,SCATTERING,110,0
2006,APRIL,ASHLAND,ASHLAND CITY WARD 9,SPRING GENERAL,JUSTICE OF THE SUPREME COURT,NONPARTISAN,PATRICK CROOKS,92,92
2006,APRIL,ASHLAND,ASHLAND CITY WARD 9,SPRING GENERAL,JUSTICE OF THE SUPREME COURT,NONPARTISAN,SCATTERING,92,0
2006,APRIL,ASHLAND,ASHLAND CITY WARD 10,SPRING GENERAL,JUSTICE OF THE SUPREME COURT,NONPARTISAN,PATRICK CROOKS,109,109
2006,APRIL,ASHLAND,ASHLAND CITY WARD 10,SPRING GENERAL,JUSTICE OF THE SUPREME COURT,NONPARTISAN,SCATTERING,109,0
2006,APRIL,ASHLAND,ASHLAND CITY WARD 11,SPRING GENERAL,JUSTICE OF THE SUPREME COURT,NONPARTISAN,PATRICK CROOKS,168,168
2006,APRIL,ASHLAND,ASHLAND CITY WARD 11,SPRING GENERAL,JUSTICE OF THE SUPREME COURT,NONPARTISAN,SCATTERING,168,0
2006,APRIL,ASHLAND,MELLEN CITY WARDS 1 - 3,SPRING GENERAL,JUSTICE OF THE SUPREME COURT,NONPARTISAN,PATRICK CROOKS,142,142
2006,APRIL,ASHLAND,MELLEN CITY WARDS 1 - 3,SPRING GENERAL,JUSTICE OF THE SUPREME COURT,NONPARTISAN,SCATTERING,142,0
2006,APRIL,BARRON,ALMENA TOWN WARDS 1 - 3,SPRING GENERAL,JUSTICE OF THE SUPREME COURT,NONPARTISAN,PATRICK CROOKS,89,89
2006,APRIL,BARRON,ALMENA TOWN WARDS 1 - 3,SPRING GENERAL,JUSTICE OF THE SUPREME COURT,NONPARTISAN,SCATTERING,89,0
2006,APRIL,BARRON,ARLAND TOWN WARD 1,SPRING GENERAL,JUSTICE OF THE SUPREME COURT,NONPARTISAN,PATRICK CROOKS,13,13
2006,APRIL,BARRON,ARLAND TOWN WARD 1,SPRING GENERAL,JUSTICE OF THE SUPREME COURT,NONPARTISAN,SCATTERING,13,0
2006,APRIL,BARRON,BARRON TOWN WARDS 1 & 2,SPRING GENERAL,JUSTICE OF THE SUPREME COURT,NONPARTISAN,PATRICK CROOKS,28,28
2006,APRIL,BARRON,BARRON TOWN WARDS 1 & 2,SPRING GENERAL,JUSTICE OF THE SUPREME COURT,NONPARTISAN,SCATTERING,28,0
2006,APRIL,BARRON,BEAR LAKE TOWN WARD 1,SPRING GENERAL,JUSTICE OF THE SUPREME COURT,NONPARTISAN,PATRICK CROOKS,30,30
2006,APRIL,BARRON,BEAR LAKE TOWN WARD 1,SPRING GENERAL,JUSTICE OF THE SUPREME COURT,NONPARTISAN,SCATTERING,30,0
2006,APRIL,BARRON,CEDAR LAKE TOWN WARD 1,SPRING GENERAL,JUSTICE OF THE SUPREME COURT,NONPARTISAN,PATRICK CROOKS,98,98
2006,APRIL,BARRON,CEDAR LAKE TOWN WARD 1,SPRING GENERAL,JUSTICE OF THE SUPREME COURT,NONPARTISAN,SCATTERING,98,0
2006,APRIL,BARRON,CHETEK TOWN WARDS 1 - 3,SPRING GENERAL,JUSTICE OF THE SUPREME COURT,NONPARTISAN,PATRICK CROOKS,149,149
2006,APRIL,BARRON,CHETEK TOWN WARDS 1 - 3,SPRING GENERAL,JUSTICE OF THE SUPREME COURT,NONPARTISAN,SCATTERING,149,0
2006,APRIL,BARRON,CLINTON TOWN WARDS 1 & 2,SPRING GENERAL,JUSTICE OF THE SUPREME COURT,NONPARTISAN,PATRICK CROOKS,51,51
2006,APRIL,BARRON,CLINTON TOWN WARDS 1 & 2,SPRING GENERAL,JUSTICE OF THE SUPREME COURT,NONPARTISAN,SCATTERING,51,0
2006,APRIL,BARRON,CRYSTAL LAKE TOWN WARD 1,SPRING GENERAL,JUSTICE OF THE SUPREME COURT,NONPARTISAN,PATRICK CROOKS,40,40
2006,APRIL,BARRON,CRYSTAL LAKE TOWN WARD 1,SPRING GENERAL,JUSTICE OF THE SUPREME COURT,NONPARTISAN,SCATTERING,40,0
2006,APRIL,BARRON,CUMBERLAND TOWN WARD 1,SPRING GENERAL,JUSTICE OF THE SUPREME COURT,NONPARTISAN,PATRICK CROOKS,65,65
2006,APRIL,BARRON,CUMBERLAND TOWN WARD 1,SPRING GENERAL,JUSTICE OF THE SUPREME COURT,NONPARTISAN,SCATTERING,65,0
2006,APRIL,BARRON,DALLAS TOWN WARDS 1 & 2,SPRING GENERAL,JUSTICE OF THE SUPREME COURT,NONPARTISAN,PATRICK CROOKS,18,18
2006,APRIL,BARRON,DALLAS TOWN WARDS 1 & 2,SPRING GENERAL,JUSTICE OF THE SUPREME COURT,NONPARTISAN,SCATTERING,18,0
2006,APRIL,BARRON,DOVRE TOWN WARD 1,SPRING GENERAL,JUSTICE OF THE SUPREME COURT,NONPARTISAN,PATRICK CROOKS,46,46
2006,APRIL,BARRON,DOVRE TOWN WARD 1,SPRING GENERAL,JUSTICE OF THE SUPREME COURT,NONPARTISAN,SCATTERING,46,0
2006,APRIL,BARRON,DOYLE TOWN WARD 1,SPRING GENERAL,JUSTICE OF THE SUPREME COURT,NONPARTISAN,PATRICK CROOKS,37,37
2006,APRIL,BARRON,DOYLE TOWN WARD 1,SPRING GENERAL,JUSTICE OF THE SUPREME COURT,NONPARTISAN,SCATTERING,37,0
2006,APRIL,BARRON,LAKELAND TOWN WARDS 1 & 2,SPRING GENERAL,JUSTICE OF THE SUPREME COURT,NONPARTISAN,PATRICK CROOKS,73,73
2006,APRIL,BARRON,LAKELAND TOWN WARDS 1 & 2,SPRING GENERAL,JUSTICE OF THE SUPREME COURT,NONPARTISAN,SCATTERING,73,0
2006,APRIL,BARRON,MAPLE GROVE TOWN WARDS 1 - 3,SPRING GENERAL,JUSTICE OF THE SUPREME COURT,NONPARTISAN,PATRICK CROOKS,31,31
2006,APRIL,BARRON,MAPLE GROVE TOWN WARDS 1 - 3,SPRING GENERAL,JUSTICE OF THE SUPREME COURT,NONPARTISAN,SCATTERING,31,0
2006,APRIL,BARRON,MAPLE PLAIN TOWN WARD 1,SPRING GENERAL,JUSTICE OF THE SUPREME COURT,NONPARTISAN,PATRICK CROOKS,73,73
2006,APRIL,BARRON,MAPLE PLAIN TOWN WARD 1,SPRING GENERAL,JUSTICE OF THE SUPREME COURT,NONPARTISAN,SCATTERING,73,0
2006,APRIL,BARRON,OAK GROVE TOWN WARDS 1 & 2,SPRING GENERAL,JUSTICE OF THE SUPREME COURT,NONPARTISAN,PATRICK CROOKS,60,60
2006,APRIL,BARRON,OAK GROVE TOWN WARDS 1 & 2,SPRING GENERAL,JUSTICE OF THE SUPREME COURT,NONPARTISAN,SCATTERING,60,0
2006,APRIL,BARRON,PRAIRIE FARM TOWN WARDS 1 & 2,SPRING GENERAL,JUSTICE OF THE SUPREME COURT,NONPARTISAN,PATRICK CROOKS,25,25
2006,APRIL,BARRON,PRAIRIE FARM TOWN WARDS 1 & 2,SPRING GENERAL,JUSTICE OF THE SUPREME COURT,NONPARTISAN,SCATTERING,25,0
2006,APRIL,BARRON,PRAIRIE LAKE TOWN WARDS 1 & 2,SPRING GENERAL,JUSTICE OF THE SUPREME COURT,NONPARTISAN,PATRICK CROOKS,75,75
2006,APRIL,BARRON,PRAIRIE LAKE TOWN WARDS 1 & 2,SPRING GENERAL,JUSTICE OF THE SUPREME COURT,NONPARTISAN,SCATTERING,75,0
2006,APRIL,BARRON,RICE LAKE TOWN WARDS 1 - 4,SPRING GENERAL,JUSTICE OF THE SUPREME COURT,NONPARTISAN,PATRICK CROOKS,206,205
2006,APRIL,BARRON,RICE LAKE TOWN WARDS 1 - 4,SPRING GENERAL,JUSTICE OF THE SUPREME COURT,NONPARTISAN,SCATTERING,206,1
2006,APRIL,BARRON,SIOUX CREEK TOWN WARD 1,SPRING GENERAL,JUSTICE OF THE SUPREME COURT,NONPARTISAN,PATRICK CROOKS,29,29
2006,APRIL,BARRON,SIOUX CREEK TOWN WARD 1,SPRING GENERAL,JUSTICE OF THE SUPREME COURT,NONPARTISAN,SCATTERING,29,0
2006,APRIL,BARRON,STANFOLD TOWN WARD 1,SPRING GENERAL,JUSTICE OF THE SUPREME COURT,NONPARTISAN,PATRICK CROOKS,39,39
2006,APRIL,BARRON,STANFOLD TOWN WARD 1,SPRING GENERAL,JUSTICE OF THE SUPREME COURT,NONPARTISAN,SCATTERING,39,0
2006,APRIL,BARRON,STANLEY TOWN WARDS 1 - 3,SPRING GENERAL,JUSTICE OF THE SUPREME COURT,NONPARTISAN,PATRICK CROOKS,125,125
2006,APRIL,BARRON,STANLEY TOWN WARDS 1 - 3,SPRING GENERAL,JUSTICE OF THE SUPREME COURT,NONPARTISAN,SCATTERING,125,0
2006,APRIL,BARRON,SUMNER TOWN WARDS 1 & 2,SPRING GENERAL,JUSTICE OF THE SUPREME COURT,NONPARTISAN,PATRICK CROOKS,47,47
2006,APRIL,BARRON,SUMNER TOWN WARDS 1 & 2,SPRING GENERAL,JUSTICE OF THE SUPREME COURT,NONPARTISAN,SCATTERING,47,0
2006,APRIL,BARRON,TURTLE LAKE TOWN WARD 1,SPRING GENERAL,JUSTICE OF THE SUPREME COURT,NONPARTISAN,PATRICK CROOKS,64,64
2006,APRIL,BARRON,TURTLE LAKE TOWN WARD 1,SPRING GENERAL,JUSTICE OF THE SUPREME COURT,NONPARTISAN,SCATTERING,64,0
2006,APRIL,BARRON,VANCE CREEK TOWN WARD 1,SPRING GENERAL,JUSTICE OF THE SUPREME COURT,NONPARTISAN,PATRICK CROOKS,100,100
2006,APRIL,BARRON,VANCE CREEK TOWN WARD 1,SPRING GENERAL,JUSTICE OF THE SUPREME COURT,NONPARTISAN,SCATTERING,100,0
2006,APRIL,BARRON,ALMENA VILLAGE WARD 1,SPRING GENERAL,JUSTICE OF THE SUPREME COURT,NONPARTISAN,PATRICK CROOKS,24,24
2006,APRIL,BARRON,ALMENA VILLAGE WARD 1,SPRING GENERAL,JUSTICE OF THE SUPREME COURT,NONPARTISAN,SCATTERING,24,0
2006,APRIL,BARRON,CAMERON VILLAGE WARDS 1 & 2,SPRING GENERAL,JUSTICE OF THE SUPREME COURT,NONPARTISAN,PATRICK CROOKS,104,104
2006,APRIL,BARRON,CAMERON VILLAGE WARDS 1 & 2,SPRING GENERAL,JUSTICE OF THE SUPREME COURT,NONPARTISAN,SCATTERING,104,0
2006,APRIL,BARRON,DALLAS VILLAGE WARD 1,SPRING GENERAL,JUSTICE OF THE SUPREME COURT,NONPARTISAN,PATRICK CROOKS,22,22
2006,APRIL,BARRON,DALLAS VILLAGE WARD 1,SPRING GENERAL,JUSTICE OF THE SUPREME COURT,NONPARTISAN,SCATTERING,22,0
2006,APRIL,BARRON,HAUGEN VILLAGE WARD 1,SPRING GENERAL,JUSTICE OF THE SUPREME COURT,NONPARTISAN,PATRICK CROOKS,51,51
2006,APRIL,BARRON,HAUGEN VILLAGE WARD 1,SPRING GENERAL,JUSTICE OF THE SUPREME COURT,NONPARTISAN,SCATTERING,51,0
2006,APRIL,BARRON,NEW AUBURN VILLAGE WARD 2,SPRING GENERAL,JUSTICE OF THE SUPREME COURT,NONPARTISAN,PATRICK CROOKS,2,2
2006,APRIL,BARRON,NEW AUBURN VILLAGE WARD 2,SPRING GENERAL,JUSTICE OF THE SUPREME COURT,NONPARTISAN,SCATTERING,2,0
2006,APRIL,BARRON,PRAIRIE FARM VILLAGE WARD 1,SPRING GENERAL,JUSTICE OF THE SUPREME COURT,NONPARTISAN,PATRICK CROOKS,32,31
2006,APRIL,BARRON,PRAIRIE FARM VILLAGE WARD 1,SPRING GENERAL,JUSTICE OF THE SUPREME COURT,NONPARTISAN,SCATTERING,32,1
2006,APRIL,BARRON,TURTLE LAKE VILLAGE WARD 1,SPRING GENERAL,JUSTICE OF THE SUPREME COURT,NONPARTISAN,PATRICK CROOKS,81,81
2006,APRIL,BARRON,TURTLE LAKE VILLAGE WARD 1,SPRING GENERAL,JUSTICE OF THE SUPREME COURT,NONPARTISAN,SCATTERING,81,0
2006,APRIL,BARRON,BARRON CITY WARDS 1 - 7,SPRING GENERAL,JUSTICE OF THE SUPREME COURT,NONPARTISAN,PATRICK CROOKS,128,128
2006,APRIL,BARRON,BARRON CITY WARDS 1 - 7,SPRING GENERAL,JUSTICE OF THE SUPREME COURT,NONPARTISAN,SCATTERING,128,0
2006,APRIL,BARRON,CHETEK CITY WARDS 1 - 4,SPRING GENERAL,JUSTICE OF THE SUPREME COURT,NONPARTISAN,PATRICK CROOKS,332,332
2006,APRIL,BARRON,CHETEK CITY WARDS 1 - 4,SPRING GENERAL,JUSTICE OF THE SUPREME COURT,NONPARTISAN,SCATTERING,332,0
2006,APRIL,BARRON,CUMBERLAND CITY WARDS 1 - 5,SPRING GENERAL,JUSTICE OF THE SUPREME COURT,NONPARTISAN,PATRICK CROOKS,571,571
2006,APRIL,BARRON,CUMBERLAND CITY WARDS 1 - 5,SPRING GENERAL,JUSTICE OF THE SUPREME COURT,NONPARTISAN,SCATTERING,571,0
2006,APRIL,BARRON,RICE LAKE CITY WARDS 1 - 4,SPRING GENERAL,JUSTICE OF THE SUPREME COURT,NONPARTISAN,PATRICK CROOKS,120,120
2006,APRIL,BARRON,RICE LAKE CITY WARDS 1 - 4,SPRING GENERAL,JUSTICE OF THE SUPREME COURT,NONPARTISAN,SCATTERING,120,0
2006,APRIL,BARRON,RICE LAKE CITY WARDS 5 - 8,SPRING GENERAL,JUSTICE OF THE SUPREME COURT,NONPARTISAN,PATRICK CROOKS,280,277
2006,APRIL,BARRON,RICE LAKE CITY WARDS 5 - 8,SPRING GENERAL,JUSTICE OF THE SUPREME COURT,NONPARTISAN,SCATTERING,280,3
2006,APRIL,BARRON,RICE LAKE CITY WARDS 9 - 13,SPRING GENERAL,JUSTICE OF THE SUPREME COURT,NONPARTISAN,PATRICK CROOKS,223,223
2006,APRIL,BARRON,RICE LAKE CITY WARDS 9 - 13,SPRING GENERAL,JUSTICE OF THE SUPREME COURT,NONPARTISAN,SCATTERING,223,0
2006,APRIL,BARRON,RICE LAKE CITY WARDS 14 - 17,SPRING GENERAL,JUSTICE OF THE SUPREME COURT,NONPARTISAN,PATRICK CROOKS,191,190
2006,APRIL,BARRON,RICE LAKE CITY WARDS 14 - 17,SPRING GENERAL,JUSTICE OF THE SUPREME COURT,NONPARTISAN,SCATTERING,191,1
2006,APRIL,BAYFIELD,BARKSDALE TOWN WARD 1,SPRING GENERAL,JUSTICE OF THE SUPREME COURT,NONPARTISAN,PATRICK CROOKS,64,64
2006,APRIL,BAYFIELD,BARKSDALE TOWN WARD 1,SPRING GENERAL,JUSTICE OF THE SUPREME COURT,NONPARTISAN,SCATTERING,64,0
2006,APRIL,BAYFIELD,BARNES TOWN WARD 1,SPRING GENERAL,JUSTICE OF THE SUPREME COURT,NONPARTISAN,PATRICK CROOKS,114,114
2006,APRIL,BAYFIELD,BARNES TOWN WARD 1,SPRING GENERAL,JUSTICE OF THE SUPREME COURT,NONPARTISAN,SCATTERING,114,0
2006,APRIL,BAYFIELD,BAYFIELD TOWN WARD 1,SPRING GENERAL,JUSTICE OF THE SUPREME COURT,NONPARTISAN,PATRICK CROOKS,160,159
2006,APRIL,BAYFIELD,BAYFIELD TOWN WARD 1,SPRING GENERAL,JUSTICE OF THE SUPREME COURT,NONPARTISAN,SCATTERING,160,1
2006,APRIL,BAYFIELD,BAYVIEW TOWN WARD 1,SPRING GENERAL,JUSTICE OF THE SUPREME COURT,NONPARTISAN,PATRICK CROOKS,101,101
2006,APRIL,BAYFIELD,BAYVIEW TOWN WARD 1,SPRING GENERAL,JUSTICE OF THE SUPREME COURT,NONPARTISAN,SCATTERING,101,0
2006,APRIL,BAYFIELD,BELL TOWN WARD 1,SPRING GENERAL,JUSTICE OF THE SUPREME COURT,NONPARTISAN,PATRICK CROOKS,28,28
2006,APRIL,BAYFIELD,BELL TOWN WARD 1,SPRING GENERAL,JUSTICE OF THE SUPREME COURT,NONPARTISAN,SCATTERING,28,0
2006,APRIL,BAYFIELD,CABLE TOWN WARD 1,SPRING GENERAL,JUSTICE OF THE SUPREME COURT,NONPARTISAN,PATRICK CROOKS,39,39
2006,APRIL,BAYFIELD,CABLE TOWN WARD 1,SPRING GENERAL,JUSTICE OF THE SUPREME COURT,NONPARTISAN,SCATTERING,39,0
2006,APRIL,BAYFIELD,CLOVER TOWN WARD 1,SPRING GENERAL,JUSTICE OF THE SUPREME COURT,NONPARTISAN,PATRICK CROOKS,32,32
2006,APRIL,BAYFIELD,CLOVER TOWN WARD 1,SPRING GENERAL,JUSTICE OF THE SUPREME COURT,NONPARTISAN,SCATTERING,32,0
2006,APRIL,BAYFIELD,DELTA TOWN WARD 1,SPRING GENERAL,JUSTICE OF THE SUPREME COURT,NONPARTISAN,PATRICK CROOKS,19,19
2006,APRIL,BAYFIELD,DELTA TOWN WARD 1,SPRING GENERAL,JUSTICE OF THE SUPREME COURT,NONPARTISAN,SCATTERING,19,0
2006,APRIL,BAYFIELD,DRUMMOND TOWN WARD 1,SPRING GENERAL,JUSTICE OF THE SUPREME COURT,NONPARTISAN,PATRICK CROOKS,22,22
2006,APRIL,BAYFIELD,DRUMMOND TOWN WARD 1,SPRING GENERAL,JUSTICE OF THE SUPREME COURT,NONPARTISAN,SCATTERING,22,0
2006,APRIL,BAYFIELD,EILEEN TOWN WARDS 1 & 2,SPRING GENERAL,JUSTICE OF THE SUPREME COURT,NONPARTISAN,PATRICK CROOKS,54,53
2006,APRIL,BAYFIELD,EILEEN TOWN WARDS 1 & 2,SPRING GENERAL,JUSTICE OF THE SUPREME COURT,NONPARTISAN,SCATTERING,54,1
2006,APRIL,BAYFIELD,GRAND VIEW TOWN WARD 1,SPRING GENERAL,JUSTICE OF THE SUPREME COURT,NONPARTISAN,PATRICK CROOKS,21,21
2006,APRIL,BAYFIELD,GRAND VIEW TOWN WARD 1,SPRING GENERAL,JUSTICE OF THE SUPREME COURT,NONPARTISAN,SCATTERING,21,0
2006,APRIL,BAYFIELD,HUGHES TOWN WARD 1,SPRING GENERAL,JUSTICE OF THE SUPREME COURT,NONPARTISAN,PATRICK CROOKS,26,26
2006,APRIL,BAYFIELD,HUGHES TOWN WARD 1,SPRING GENERAL,JUSTICE OF THE SUPREME COURT,NONPARTISAN,SCATTERING,26,0
2006,APRIL,BAYFIELD,IRON RIVER TOWN WARDS 1 & 2,SPRING GENERAL,JUSTICE OF THE SUPREME COURT,NONPARTISAN,PATRICK CROOKS,37,37
2006,APRIL,BAYFIELD,IRON RIVER TOWN WARDS 1 & 2,SPRING GENERAL,JUSTICE OF THE SUPREME COURT,NONPARTISAN,SCATTERING,37,0
2006,APRIL,BAYFIELD,KELLY TOWN WARD 1,SPRING GENERAL,JUSTICE OF THE SUPREME COURT,NONPARTISAN,PATRICK CROOKS,35,35
2006,APRIL,BAYFIELD,KELLY TOWN WARD 1,SPRING GENERAL,JUSTICE OF THE SUPREME COURT,NONPARTISAN,SCATTERING,35,0
2006,APRIL,BAYFIELD,KEYSTONE TOWN WARD 1,SPRING GENERAL,JUSTICE OF THE SUPREME COURT,NONPARTISAN,PATRICK CROOKS,17,17
2006,APRIL,BAYFIELD,KEYSTONE TOWN WARD 1,SPRING GENERAL,JUSTICE OF THE SUPREME COURT,NONPARTISAN,SCATTERING,17,0
2006,APRIL,BAYFIELD,LINCOLN TOWN WARD 1,SPRING GENERAL,JUSTICE OF THE SUPREME COURT,NONPARTISAN,PATRICK CROOKS,16,16
2006,APRIL,BAYFIELD,LINCOLN TOWN WARD 1,SPRING GENERAL,JUSTICE OF THE SUPREME COURT,NONPARTISAN,SCATTERING,16,0
2006,APRIL,BAYFIELD,MASON TOWN WARD 1,SPRING GENERAL,JUSTICE OF THE SUPREME COURT,NONPARTISAN,PATRICK CROOKS,18,18
2006,APRIL,BAYFIELD,MASON TOWN WARD 1,SPRING GENERAL,JUSTICE OF THE SUPREME COURT,NONPARTISAN,SCATTERING,18,0
2006,APRIL,BAYFIELD,NAMAKAGON TOWN WARD 1,SPRING GENERAL,JUSTICE OF THE SUPREME COURT,NONPARTISAN,PATRICK CROOKS,13,13
2006,APRIL,BAYFIELD,NAMAKAGON TOWN WARD 1,SPRING GENERAL,JUSTICE OF THE SUPREME COURT,NONPARTISAN,SCATTERING,13,0
2006,APRIL,BAYFIELD,ORIENTA TOWN WARD 1,SPRING GENERAL,JUSTICE OF THE SUPREME COURT,NONPARTISAN,PATRICK CROOKS,16,16
2006,APRIL,BAYFIELD,ORIENTA TOWN WARD 1,SPRING GENERAL,JUSTICE OF THE SUPREME COURT,NONPARTISAN,SCATTERING,16,0
2006,APRIL,BAYFIELD,OULU TOWN WARD 1,SPRING GENERAL,JUSTICE OF THE SUPREME COURT,NONPARTISAN,PATRICK CROOKS,24,24
2006,APRIL,BAYFIELD,OULU TOWN WARD 1,SPRING GENERAL,JUSTICE OF THE SUPREME COURT,NONPARTISAN,SCATTERING,24,0
2006,APRIL,BAYFIELD,PILSEN TOWN WARD 1,SPRING GENERAL,JUSTICE OF THE SUPREME COURT,NONPARTISAN,PATRICK CROOKS,25,25
2006,APRIL,BAYFIELD,PILSEN TOWN WARD 1,SPRING GENERAL,JUSTICE OF THE SUPREME COURT,NONPARTISAN,SCATTERING,25,0
2006,APRIL,BAYFIELD,PORT WING TOWN WARD 1,SPRING GENERAL,JUSTICE OF THE SUPREME COURT,NONPARTISAN,PATRICK CROOKS,61,61
2006,APRIL,BAYFIELD,PORT WING TOWN WARD 1,SPRING GENERAL,JUSTICE OF THE SUPREME COURT,NONPARTISAN,SCATTERING,61,0
2006,APRIL,BAYFIELD,RUSSELL TOWN WARDS 1 & 2,SPRING GENERAL,JUSTICE OF THE SUPREME COURT,NONPARTISAN,PATRICK CROOKS,72,72
2006,APRIL,BAYFIELD,RUSSELL TOWN WARDS 1 & 2,SPRING GENERAL,JUSTICE OF THE SUPREME COURT,NONPARTISAN,SCATTERING,72,0
2006,APRIL,BAYFIELD,TRIPP TOWN WARD 1,SPRING GENERAL,JUSTICE OF THE SUPREME COURT,NONPARTISAN,PATRICK CROOKS,12,12
2006,APRIL,BAYFIELD,TRIPP TOWN WARD 1,SPRING GENERAL,JUSTICE OF THE SUPREME COURT,NONPARTISAN,SCATTERING,12,0
2006,APRIL,BAYFIELD,WASHBURN TOWN WARD 1,SPRING GENERAL,JUSTICE OF THE SUPREME COURT,NONPARTISAN,PATRICK CROOKS,70,70
2006,APRIL,BAYFIELD,WASHBURN TOWN WARD 1,SPRING GENERAL,JUSTICE OF THE SUPREME COURT,NONPARTISAN,SCATTERING,70,0
2006,APRIL,BAYFIELD,MASON VILLAGE WARD 1,SPRING GENERAL,JUSTICE OF THE SUPREME COURT,NONPARTISAN,PATRICK CROOKS,5,5
2006,APRIL,BAYFIELD,MASON VILLAGE WARD 1,SPRING GENERAL,JUSTICE OF THE SUPREME COURT,NONPARTISAN,SCATTERING,5,0
2006,APRIL,BAYFIELD,ASHLAND CITY WARD 12,SPRING GENERAL,JUSTICE OF THE SUPREME COURT,NONPARTISAN,PATRICK CROOKS,0,0
2006,APRIL,BAYFIELD,ASHLAND CITY WARD 12,SPRING GENERAL,JUSTICE OF THE SUPREME COURT,NONPARTISAN,SCATTERING,0,0
2006,APRIL,BAYFIELD,BAYFIELD CITY WARDS 1 - 4,SPRING GENERAL,JUSTICE OF THE SUPREME COURT,NONPARTISAN,PATRICK CROOKS,191,191
2006,APRIL,BAYFIELD,BAYFIELD CITY WARDS 1 - 4,SPRING GENERAL,JUSTICE OF THE SUPREME COURT,NONPARTISAN,SCATTERING,191,0
2006,APRIL,BAYFIELD,WASHBURN CITY WARD 1,SPRING GENERAL,JUSTICE OF THE SUPREME COURT,NONPARTISAN,PATRICK CROOKS,149,149
2006,APRIL,BAYFIELD,WASHBURN CITY WARD 1,SPRING GENERAL,JUSTICE OF THE SUPREME COURT,NONPARTISAN,SCATTERING,149,0
2006,APRIL,BAYFIELD,WASHBURN CITY WARD 2,SPRING GENERAL,JUSTICE OF THE SUPREME COURT,NONPARTISAN,PATRICK CROOKS,21,21
2006,APRIL,BAYFIELD,WASHBURN CITY WARD 2,SPRING GENERAL,JUSTICE OF THE SUPREME COURT,NONPARTISAN,SCATTERING,21,0
2006,APRIL,BAYFIELD,WASHBURN CITY WARD 3,SPRING GENERAL,JUSTICE OF THE SUPREME COURT,NONPARTISAN,PATRICK CROOKS,30,30
2006,APRIL,BAYFIELD,WASHBURN CITY WARD 3,SPRING GENERAL,JUSTICE OF THE SUPREME COURT,NONPARTISAN,SCATTERING,30,0
2006,APRIL,BAYFIELD,WASHBURN CITY WARD 4,SPRING GENERAL,JUSTICE OF THE SUPREME COURT,NONPARTISAN,PATRICK CROOKS,96,96
2006,APRIL,BAYFIELD,WASHBURN CITY WARD 4,SPRING GENERAL,JUSTICE OF THE SUPREME COURT,NONPARTISAN,SCATTERING,96,0
2006,APRIL,BROWN,EATON TOWN WARDS 1 & 2,SPRING GENERAL,JUSTICE OF THE SUPREME COURT,NONPARTISAN,PATRICK CROOKS,92,92
2006,APRIL,BROWN,EATON TOWN WARDS 1 & 2,SPRING GENERAL,JUSTICE OF THE SUPREME COURT,NONPARTISAN,SCATTERING,92,0
2006,APRIL,BROWN,GLENMORE TOWN WARD 1,SPRING GENERAL,JUSTICE OF THE SUPREME COURT,NONPARTISAN,PATRICK CROOKS,74,73
2006,APRIL,BROWN,GLENMORE TOWN WARD 1,SPRING GENERAL,JUSTICE OF THE SUPREME COURT,NONPARTISAN,SCATTERING,74,1
2006,APRIL,BROWN,GLENMORE TOWN WARD 2,SPRING GENERAL,JUSTICE OF THE SUPREME COURT,NONPARTISAN,PATRICK CROOKS,37,37
2006,APRIL,BROWN,GLENMORE TOWN WARD 2,SPRING GENERAL,JUSTICE OF THE SUPREME COURT,NONPARTISAN,SCATTERING,37,0
2006,APRIL,BROWN,GREEN BAY TOWN WARDS 1 & 2,SPRING GENERAL,JUSTICE OF THE SUPREME COURT,NONPARTISAN,PATRICK CROOKS,113,113
2006,APRIL,BROWN,GREEN BAY TOWN WARDS 1 & 2,SPRING GENERAL,JUSTICE OF THE SUPREME COURT,NONPARTISAN,SCATTERING,113,0
2006,APRIL,BROWN,HOLLAND TOWN WARDS 1 & 2,SPRING GENERAL,JUSTICE OF THE SUPREME COURT,NONPARTISAN,PATRICK CROOKS,209,207
2006,APRIL,BROWN,HOLLAND TOWN WARDS 1 & 2,SPRING GENERAL,JUSTICE OF THE SUPREME COURT,NONPARTISAN,SCATTERING,209,2
2006,APRIL,BROWN,HUMBOLDT TOWN WARDS 1 & 2,SPRING GENERAL,JUSTICE OF THE SUPREME COURT,NONPARTISAN,PATRICK CROOKS,74,74
2006,APRIL,BROWN,HUMBOLDT TOWN WARDS 1 & 2,SPRING GENERAL,JUSTICE OF THE SUPREME COURT,NONPARTISAN,SCATTERING,74,0
2006,APRIL,BROWN,LAWRENCE TOWN WARDS 1 & 2,SPRING GENERAL,JUSTICE OF THE SUPREME COURT,NONPARTISAN,PATRICK CROOKS,154,154
2006,APRIL,BROWN,LAWRENCE TOWN WARDS 1 & 2,SPRING GENERAL,JUSTICE OF THE SUPREME COURT,NONPARTISAN,SCATTERING,154,0
2006,APRIL,BROWN,LAWRENCE TOWN WARD 3,SPRING GENERAL,JUSTICE OF THE SUPREME COURT,NONPARTISAN,PATRICK CROOKS,135,135
2006,APRIL,BROWN,LAWRENCE TOWN WARD 3,SPRING GENERAL,JUSTICE OF THE SUPREME COURT,NONPARTISAN,SCATTERING,135,0
2006,APRIL,BROWN,LEDGEVIEW TOWN WARDS 1 - 4,SPRING GENERAL,JUSTICE OF THE SUPREME COURT,NONPARTISAN,PATRICK CROOKS,223,221
2006,APRIL,BROWN,LEDGEVIEW TOWN WARDS 1 - 4,SPRING GENERAL,JUSTICE OF THE SUPREME COURT,NONPARTISAN,SCATTERING,223,2
2006,APRIL,BROWN,MORRISON TOWN WARDS 1 & 2,SPRING GENERAL,JUSTICE OF THE SUPREME COURT,NONPARTISAN,PATRICK CROOKS,203,202
2006,APRIL,BROWN,MORRISON TOWN WARDS 1 & 2,SPRING GENERAL,JUSTICE OF THE SUPREME COURT,NONPARTISAN,SCATTERING,203,1
2006,APRIL,BROWN,NEW DENMARK TOWN WARDS 1 & 2,SPRING GENERAL,JUSTICE OF THE SUPREME COURT,NONPARTISAN,PATRICK CROOKS,133,132
2006,APRIL,BROWN,NEW DENMARK TOWN WARDS 1 & 2,SPRING GENERAL,JUSTICE OF THE SUPREME COURT,NONPARTISAN,SCATTERING,133,1
2006,APRIL,BROWN,NEW DENMARK TOWN WARD 3,SPRING GENERAL,JUSTICE OF THE SUPREME COURT,NONPARTISAN,PATRICK CROOKS,17,17
2006,APRIL,BROWN,NEW DENMARK TOWN WARD 3,SPRING GENERAL,JUSTICE OF THE SUPREME COURT,NONPARTISAN,SCATTERING,17,0
2006,APRIL,BROWN,PITTSFIELD TOWN WARDS 1 - 3,SPRING GENERAL,JUSTICE OF THE SUPREME COURT,NONPARTISAN,PATRICK CROOKS,217,217
2006,APRIL,BROWN,PITTSFIELD TOWN WARDS 1 - 3,SPRING GENERAL,JUSTICE OF THE SUPREME COURT,NONPARTISAN,SCATTERING,217,0
2006,APRIL,BROWN,PITTSFIELD TOWN WARD 4,SPRING GENERAL,JUSTICE OF THE SUPREME COURT,NONPARTISAN,PATRICK CROOKS,11,11
2006,APRIL,BROWN,PITTSFIELD TOWN WARD 4,SPRING GENERAL,JUSTICE OF THE SUPREME COURT,NONPARTISAN,SCATTERING,11,0
2006,APRIL,BROWN,ROCKLAND TOWN WARDS 1 & 2,SPRING GENERAL,JUSTICE OF THE SUPREME COURT,NONPARTISAN,PATRICK CROOKS,162,161
2006,APRIL,BROWN,ROCKLAND TOWN WARDS 1 & 2,SPRING GENERAL,JUSTICE OF THE SUPREME COURT,NONPARTISAN,SCATTERING,162,1
2006,APRIL,BROWN,SCOTT TOWN WARDS 1 - 4,SPRING GENERAL,JUSTICE OF THE SUPREME COURT,NONPARTISAN,PATRICK CROOKS,477,474
2006,APRIL,BROWN,SCOTT TOWN WARDS 1 - 4,SPRING GENERAL,JUSTICE OF THE SUPREME COURT,NONPARTISAN,SCATTERING,477,3
2006,APRIL,BROWN,SCOTT TOWN WARD 5,SPRING GENERAL,JUSTICE OF THE SUPREME COURT,NONPARTISAN,PATRICK CROOKS,16,15
2006,APRIL,BROWN,SCOTT TOWN WARD 5,SPRING GENERAL,JUSTICE OF THE SUPREME COURT,NONPARTISAN,SCATTERING,16,1
2006,APRIL,BROWN,WRIGHTSTOWN TOWN WARDS 1 - 3,SPRING GENERAL,JUSTICE OF THE SUPREME COURT,NONPARTISAN,PATRICK CROOKS,331,327
2006,APRIL,BROWN,WRIGHTSTOWN TOWN WARDS 1 - 3,SPRING GENERAL,JUSTICE OF THE SUPREME COURT,NONPARTISAN,SCATTERING,331,4
2006,APRIL,BROWN,ALLOUEZ VILLAGE WARDS 1 & 2,SPRING GENERAL,JUSTICE OF THE SUPREME COURT,NONPARTISAN,PATRICK CROOKS,554,547
2006,APRIL,BROWN,ALLOUEZ VILLAGE WARDS 1 & 2,SPRING GENERAL,JUSTICE OF THE SUPREME COURT,NONPARTISAN,SCATTERING,554,7
2006,APRIL,BROWN,ALLOUEZ VILLAGE WARDS 3 & 4,SPRING GENERAL,JUSTICE OF THE SUPREME COURT,NONPARTISAN,PATRICK CROOKS,773,767
2006,APRIL,BROWN,ALLOUEZ VILLAGE WARDS 3 & 4,SPRING GENERAL,JUSTICE OF THE SUPREME COURT,NONPARTISAN,SCATTERING,773,6
2006,APRIL,BROWN,ALLOUEZ VILLAGE WARDS 5 & 6,SPRING GENERAL,JUSTICE OF THE SUPREME COURT,NONPARTISAN,PATRICK CROOKS,807,798
2006,APRIL,BROWN,ALLOUEZ VILLAGE WARDS 5 & 6,SPRING GENERAL,JUSTICE OF THE SUPREME COURT,NONPARTISAN,SCATTERING,807,9
2006,APRIL,BROWN,ALLOUEZ VILLAGE WARDS 7 - 9,SPRING GENERAL,JUSTICE OF THE SUPREME COURT,NONPARTISAN,PATRICK CROOKS,516,512
2006,APRIL,BROWN,ALLOUEZ VILLAGE WARDS 7 - 9,SPRING GENERAL,JUSTICE OF THE SUPREME COURT,NONPARTISAN,SCATTERING,516,4
2006,APRIL,BROWN,ASHWAUBENON VILLAGE WARDS 1 & 2,SPRING GENERAL,JUSTICE OF THE SUPREME COURT,NONPARTISAN,PATRICK CROOKS,283,280
2006,APRIL,BROWN,ASHWAUBENON VILLAGE WARDS 1 & 2,SPRING GENERAL,JUSTICE OF THE SUPREME COURT,NONPARTISAN,SCATTERING,283,3
2006,APRIL,BROWN,ASHWAUBENON VILLAGE WARDS 3 & 4,SPRING GENERAL,JUSTICE OF THE SUPREME COURT,NONPARTISAN,PATRICK CROOKS,365,360
2006,APRIL,BROWN,ASHWAUBENON VILLAGE WARDS 3 & 4,SPRING GENERAL,JUSTICE OF THE SUPREME COURT,NONPARTISAN,SCATTERING,365,5
2006,APRIL,BROWN,ASHWAUBENON VILLAGE WARDS 5 & 6,SPRING GENERAL,JUSTICE OF THE SUPREME COURT,NONPARTISAN,PATRICK CROOKS,323,320
2006,APRIL,BROWN,ASHWAUBENON VILLAGE WARDS 5 & 6,SPRING GENERAL,JUSTICE OF THE SUPREME COURT,NONPARTISAN,SCATTERING,323,3
2006,APRIL,BROWN,ASHWAUBENON VILLAGE WARDS 7 & 8,SPRING GENERAL,JUSTICE OF THE SUPREME COURT,NONPARTISAN,PATRICK CROOKS,398,396
2006,APRIL,BROWN,ASHWAUBENON VILLAGE WARDS 7 & 8,SPRING GENERAL,JUSTICE OF THE SUPREME COURT,NONPARTISAN,SCATTERING,398,2
2006,APRIL,BROWN,ASHWAUBENON VILLAGE WARDS 9 & 10,SPRING GENERAL,JUSTICE OF THE SUPREME COURT,NONPARTISAN,PATRICK CROOKS,493,492
2006,APRIL,BROWN,ASHWAUBENON VILLAGE WARDS 9 & 10,SPRING GENERAL,JUSTICE OF THE SUPREME COURT,NONPARTISAN,SCATTERING,493,1
2006,APRIL,BROWN,ASHWAUBENON VILLAGE WARDS 11 & 12,SPRING GENERAL,JUSTICE OF THE SUPREME COURT,NONPARTISAN,PATRICK CROOKS,376,373
2006,APRIL,BROWN,ASHWAUBENON VILLAGE WARDS 11 & 12,SPRING GENERAL,JUSTICE OF THE SUPREME COURT,NONPARTISAN,SCATTERING,376,3
2006,APRIL,BROWN,"BELLEVUE VILLAGE WARDS 1, 4 - 6",SPRING GENERAL,JUSTICE OF THE SUPREME COURT,NONPARTISAN,PATRICK CROOKS,434,433
2006,APRIL,BROWN,"BELLEVUE VILLAGE WARDS 1, 4 - 6",SPRING GENERAL,JUSTICE OF THE SUPREME COURT,NONPARTISAN,SCATTERING,434,1
2006,APRIL,BROWN,BELLEVUE VILLAGE WARDS 2 & 3,SPRING GENERAL,JUSTICE OF THE SUPREME COURT,NONPARTISAN,PATRICK CROOKS,163,161
2006,APRIL,BROWN,BELLEVUE VILLAGE WARDS 2 & 3,SPRING GENERAL,JUSTICE OF THE SUPREME COURT,NONPARTISAN,SCATTERING,163,2
2006,APRIL,BROWN,BELLEVUE VILLAGE WARDS 7 - 9,SPRING GENERAL,JUSTICE OF THE SUPREME COURT,NONPARTISAN,PATRICK CROOKS,649,648
2006,APRIL,BROWN,BELLEVUE VILLAGE WARDS 7 - 9,SPRING GENERAL,JUSTICE OF THE SUPREME COURT,NONPARTISAN,SCATTERING,649,1
2006,APRIL,BROWN,BELLEVUE VILLAGE WARD 10,SPRING GENERAL,JUSTICE OF THE SUPREME COURT,NONPARTISAN,PATRICK CROOKS,93,92
2006,APRIL,BROWN,BELLEVUE VILLAGE WARD 10,SPRING GENERAL,JUSTICE OF THE SUPREME COURT,NONPARTISAN,SCATTERING,93,1
2006,APRIL,BROWN,DENMARK VILLAGE WARDS 1 - 3,SPRING GENERAL,JUSTICE OF THE SUPREME COURT,NONPARTISAN,PATRICK CROOKS,323,322
2006,APRIL,BROWN,DENMARK VILLAGE WARDS 1 - 3,SPRING GENERAL,JUSTICE OF THE SUPREME COURT,NONPARTISAN,SCATTERING,323,1
2006,APRIL,BROWN,HOBART VILLAGE WARDS 1 - 6,SPRING GENERAL,JUSTICE OF THE SUPREME COURT,NONPARTISAN,PATRICK CROOKS,969,969
2006,APRIL,BROWN,HOBART VILLAGE WARDS 1 - 6,SPRING GENERAL,JUSTICE OF THE SUPREME COURT,NONPARTISAN,SCATTERING,969,0
2006,APRIL,BROWN,HOBART VILLAGE WARD 7,SPRING GENERAL,JUSTICE OF THE SUPREME COURT,NONPARTISAN,PATRICK CROOKS,59,59
2006,APRIL,BROWN,HOBART VILLAGE WARD 7,SPRING GENERAL,JUSTICE OF THE SUPREME COURT,NONPARTISAN,SCATTERING,59,0
2006,APRIL,BROWN,HOWARD VILLAGE WARDS 1 - 6 & 8,SPRING GENERAL,JUSTICE OF THE SUPREME COURT,NONPARTISAN,PATRICK CROOKS,452,448
2006,APRIL,BROWN,HOWARD VILLAGE WARDS 1 - 6 & 8,SPRING GENERAL,JUSTICE OF THE SUPREME COURT,NONPARTISAN,SCATTERING,452,4
2006,APRIL,BROWN,HOWARD VILLAGE WARD 7,SPRING GENERAL,JUSTICE OF THE SUPREME COURT,NONPARTISAN,PATRICK CROOKS,216,213
2006,APRIL,BROWN,HOWARD VILLAGE WARD 7,SPRING GENERAL,JUSTICE OF THE SUPREME COURT,NONPARTISAN,SCATTERING,216,3
2006,APRIL,BROWN,"HOWARD VILLAGE WARDS 9, 14 - 16",SPRING GENERAL,JUSTICE OF THE SUPREME COURT,NONPARTISAN,PATRICK CROOKS,545,543
2006,APRIL,BROWN,"HOWARD VILLAGE WARDS 9, 14 - 16",SPRING GENERAL,JUSTICE OF THE SUPREME COURT,NONPARTISAN,SCATTERING,545,2
2006,APRIL,BROWN,HOWARD VILLAGE WARDS 10 - 13,SPRING GENERAL,JUSTICE OF THE SUPREME COURT,NONPARTISAN,PATRICK CROOKS,411,409
2006,APRIL,BROWN,HOWARD VILLAGE WARDS 10 - 13,SPRING GENERAL,JUSTICE OF THE SUPREME COURT,NONPARTISAN,SCATTERING,411,2
2006,APRIL,BROWN,PULASKI VILLAGE WARDS 1 - 3 & 6,SPRING GENERAL,JUSTICE OF THE SUPREME COURT,NONPARTISAN,PATRICK CROOKS,370,368
2006,APRIL,BROWN,PULASKI VILLAGE WARDS 1 - 3 & 6,SPRING GENERAL,JUSTICE OF THE SUPREME COURT,NONPARTISAN,SCATTERING,370,2
2006,APRIL,BROWN,"SUAMICO VILLAGE WARDS 1 - 3, 7 & 10",SPRING GENERAL,JUSTICE OF THE SUPREME COURT,NONPARTISAN,PATRICK CROOKS,500,499
2006,APRIL,BROWN,"SUAMICO VILLAGE WARDS 1 - 3, 7 & 10",SPRING GENERAL,JUSTICE OF THE SUPREME COURT,NONPARTISAN,SCATTERING,500,1
2006,APRIL,BROWN,"SUAMICO VILLAGE WARDS 4 - 6, 8 & 9",SPRING GENERAL,JUSTICE OF THE SUPREME COURT,NONPARTISAN,PATRICK CROOKS,580,579
2006,APRIL,BROWN,"SUAMICO VILLAGE WARDS 4 - 6, 8 & 9",SPRING GENERAL,JUSTICE OF THE SUPREME COURT,NONPARTISAN,SCATTERING,580,1
2006,APRIL,BROWN,WRIGHTSTOWN VILLAGE WARDS 1 & 2,SPRING GENERAL,JUSTICE OF THE SUPREME COURT,NONPARTISAN,PATRICK CROOKS,350,349
2006,APRIL,BROWN,WRIGHTSTOWN VILLAGE WARDS 1 & 2,SPRING GENERAL,JUSTICE OF THE SUPREME COURT,NONPARTISAN,SCATTERING,350,1
2006,APRIL,BROWN,DE PERE CITY WARDS 1 - 3,SPRING GENERAL,JUSTICE OF THE SUPREME COURT,NONPARTISAN,PATRICK CROOKS,509,508
2006,APRIL,BROWN,DE PERE CITY WARDS 1 - 3,SPRING GENERAL,JUSTICE OF THE SUPREME COURT,NONPARTISAN,SCATTERING,509,1
2006,APRIL,BROWN,DE PERE CITY WARD 4,SPRING GENERAL,JUSTICE OF THE SUPREME COURT,NONPARTISAN,PATRICK CROOKS,52,51
2006,APRIL,BROWN,DE PERE CITY WARD 4,SPRING GENERAL,JUSTICE OF THE SUPREME COURT,NONPARTISAN,SCATTERING,52,1
2006,APRIL,BROWN,DE PERE CITY WARDS 5 - 7,SPRING GENERAL,JUSTICE OF THE SUPREME COURT,NONPARTISAN,PATRICK CROOKS,267,264
2006,APRIL,BROWN,DE PERE CITY WARDS 5 - 7,SPRING GENERAL,JUSTICE OF THE SUPREME COURT,NONPARTISAN,SCATTERING,267,3
2006,APRIL,BROWN,DE PERE CITY WARDS 8 & 9,SPRING GENERAL,JUSTICE OF THE SUPREME COURT,NONPARTISAN,PATRICK CROOKS,282,281
2006,APRIL,BROWN,DE PERE CITY WARDS 8 & 9,SPRING GENERAL,JUSTICE OF THE SUPREME COURT,NONPARTISAN,SCATTERING,282,1
2006,APRIL,BROWN,DE PERE CITY WARD 10,SPRING GENERAL,JUSTICE OF THE SUPREME COURT,NONPARTISAN,PATRICK CROOKS,92,92
2006,APRIL,BROWN,DE PERE CITY WARD 10,SPRING GENERAL,JUSTICE OF THE SUPREME COURT,NONPARTISAN,SCATTERING,92,0
2006,APRIL,BROWN,DE PERE CITY WARDS 11 & 12,SPRING GENERAL,JUSTICE OF THE SUPREME COURT,NONPARTISAN,PATRICK CROOKS,322,320
2006,APRIL,BROWN,DE PERE CITY WARDS 11 & 12,SPRING GENERAL,JUSTICE OF THE SUPREME COURT,NONPARTISAN,SCATTERING,322,2
2006,APRIL,BROWN,DE PERE CITY WARDS 13 & 14,SPRING GENERAL,JUSTICE OF THE SUPREME COURT,NONPARTISAN,PATRICK CROOKS,283,282
2006,APRIL,BROWN,DE PERE CITY WARDS 13 & 14,SPRING GENERAL,JUSTICE OF THE SUPREME COURT,NONPARTISAN,SCATTERING,283,1
2006,APRIL,BROWN,DE PERE CITY WARD 15,SPRING GENERAL,JUSTICE OF THE SUPREME COURT,NONPARTISAN,PATRICK CROOKS,16,16
2006,APRIL,BROWN,DE PERE CITY WARD 15,SPRING GENERAL,JUSTICE OF THE SUPREME COURT,NONPARTISAN,SCATTERING,16,0
2006,APRIL,BROWN,GREEN BAY CITY WARD 1,SPRING GENERAL,JUSTICE OF THE SUPREME COURT,NONPARTISAN,PATRICK CROOKS,371,370
2006,APRIL,BROWN,GREEN BAY CITY WARD 1,SPRING GENERAL,JUSTICE OF THE SUPREME COURT,NONPARTISAN,SCATTERING,371,1
2006,APRIL,BROWN,GREEN BAY CITY WARD 2,SPRING GENERAL,JUSTICE OF THE SUPREME COURT,NONPARTISAN,PATRICK CROOKS,19,19
2006,APRIL,BROWN,GREEN BAY CITY WARD 2,SPRING GENERAL,JUSTICE OF THE SUPREME COURT,NONPARTISAN,SCATTERING,19,0
2006,APRIL,BROWN,GREEN BAY CITY WARD 3,SPRING GENERAL,JUSTICE OF THE SUPREME COURT,NONPARTISAN,PATRICK CROOKS,316,315
2006,APRIL,BROWN,GREEN BAY CITY WARD 3,SPRING GENERAL,JUSTICE OF THE SUPREME COURT,NONPARTISAN,SCATTERING,316,1
2006,APRIL,BROWN,GREEN BAY CITY WARD 4,SPRING GENERAL,JUSTICE OF THE SUPREME COURT,NONPARTISAN,PATRICK CROOKS,165,164
2006,APRIL,BROWN,GREEN BAY CITY WARD 4,SPRING GENERAL,JUSTICE OF THE SUPREME COURT,NONPARTISAN,SCATTERING,165,1
2006,APRIL,BROWN,GREEN BAY CITY WARD 5,SPRING GENERAL,JUSTICE OF THE SUPREME COURT,NONPARTISAN,PATRICK CROOKS,289,285
2006,APRIL,BROWN,GREEN BAY CITY WARD 5,SPRING GENERAL,JUSTICE OF THE SUPREME COURT,NONPARTISAN,SCATTERING,289,4
2006,APRIL,BROWN,GREEN BAY CITY WARD 6,SPRING GENERAL,JUSTICE OF THE SUPREME COURT,NONPARTISAN,PATRICK CROOKS,103,103
2006,APRIL,BROWN,GREEN BAY CITY WARD 6,SPRING GENERAL,JUSTICE OF THE SUPREME COURT,NONPARTISAN,SCATTERING,103,0
2006,APRIL,BROWN,GREEN BAY CITY WARD 7,SPRING GENERAL,JUSTICE OF THE SUPREME COURT,NONPARTISAN,PATRICK CROOKS,321,318
2006,APRIL,BROWN,GREEN BAY CITY WARD 7,SPRING GENERAL,JUSTICE OF THE SUPREME COURT,NONPARTISAN,SCATTERING,321,3
2006,APRIL,BROWN,GREEN BAY CITY WARD 8,SPRING GENERAL,JUSTICE OF THE SUPREME COURT,NONPARTISAN,PATRICK CROOKS,368,364
2006,APRIL,BROWN,GREEN BAY CITY WARD 8,SPRING GENERAL,JUSTICE OF THE SUPREME COURT,NONPARTISAN,SCATTERING,368,4
2006,APRIL,BROWN,GREEN BAY CITY WARD 9,SPRING GENERAL,JUSTICE OF THE SUPREME COURT,NONPARTISAN,PATRICK CROOKS,178,178
2006,APRIL,BROWN,GREEN BAY CITY WARD 9,SPRING GENERAL,JUSTICE OF THE SUPREME COURT,NONPARTISAN,SCATTERING,178,0
2006,APRIL,BROWN,GREEN BAY CITY WARD 10,SPRING GENERAL,JUSTICE OF THE SUPREME COURT,NONPARTISAN,PATRICK CROOKS,249,249
2006,APRIL,BROWN,GREEN BAY CITY WARD 10,SPRING GENERAL,JUSTICE OF THE SUPREME COURT,NONPARTISAN,SCATTERING,249,0
2006,APRIL,BROWN,GREEN BAY CITY WARD 11,SPRING GENERAL,JUSTICE OF THE SUPREME COURT,NONPARTISAN,PATRICK CROOKS,121,119
2006,APRIL,BROWN,GREEN BAY CITY WARD 11,SPRING GENERAL,JUSTICE OF THE SUPREME COURT,NONPARTISAN,SCATTERING,121,2
2006,APRIL,BROWN,GREEN BAY CITY WARD 12,SPRING GENERAL,JUSTICE OF THE SUPREME COURT,NONPARTISAN,PATRICK CROOKS,148,148
2006,APRIL,BROWN,GREEN BAY CITY WARD 12,SPRING GENERAL,JUSTICE OF THE SUPREME COURT,NONPARTISAN,SCATTERING,148,0
2006,APRIL,BROWN,GREEN BAY CITY WARD 13,SPRING GENERAL,JUSTICE OF THE SUPREME COURT,NONPARTISAN,PATRICK CROOKS,178,178
2006,APRIL,BROWN,GREEN BAY CITY WARD 13,SPRING GENERAL,JUSTICE OF THE SUPREME COURT,NONPARTISAN,SCATTERING,178,0
2006,APRIL,BROWN,GREEN BAY CITY WARD 14,SPRING GENERAL,JUSTICE OF THE SUPREME COURT,NONPARTISAN,PATRICK CROOKS,135,135
2006,APRIL,BROWN,GREEN BAY CITY WARD 14,SPRING GENERAL,JUSTICE OF THE SUPREME COURT,NONPARTISAN,SCATTERING,135,0
2006,APRIL,BROWN,GREEN BAY CITY WARD 15,SPRING GENERAL,JUSTICE OF THE SUPREME COURT,NONPARTISAN,PATRICK CROOKS,137,137
2006,APRIL,BROWN,GREEN BAY CITY WARD 15,SPRING GENERAL,JUSTICE OF THE SUPREME COURT,NONPARTISAN,SCATTERING,137,0
2006,APRIL,BROWN,GREEN BAY CITY WARD 16,SPRING GENERAL,JUSTICE OF THE SUPREME COURT,NONPARTISAN,PATRICK CROOKS,136,133
2006,APRIL,BROWN,GREEN BAY CITY WARD 16,SPRING GENERAL,JUSTICE OF THE SUPREME COURT,NONPARTISAN,SCATTERING,136,3
2006,APRIL,BROWN,GREEN BAY CITY WARD 17,SPRING GENERAL,JUSTICE OF THE SUPREME COURT,NONPARTISAN,PATRICK CROOKS,84,82
2006,APRIL,BROWN,GREEN BAY CITY WARD 17,SPRING GENERAL,JUSTICE OF THE SUPREME COURT,NONPARTISAN,SCATTERING,84,2
2006,APRIL,BROWN,GREEN BAY CITY WARD 18,SPRING GENERAL,JUSTICE OF THE SUPREME COURT,NONPARTISAN,PATRICK CROOKS,101,100
2006,APRIL,BROWN,GREEN BAY CITY WARD 18,SPRING GENERAL,JUSTICE OF THE SUPREME COURT,NONPARTISAN,SCATTERING,101,1
2006,APRIL,BROWN,GREEN BAY CITY WARD 19,SPRING GENERAL,JUSTICE OF THE SUPREME COURT,NONPARTISAN,PATRICK CROOKS,81,81
2006,APRIL,BROWN,GREEN BAY CITY WARD 19,SPRING GENERAL,JUSTICE OF THE SUPREME COURT,NONPARTISAN,SCATTERING,81,0
2006,APRIL,BROWN,GREEN BAY CITY WARD 20,SPRING GENERAL,JUSTICE OF THE SUPREME COURT,NONPARTISAN,PATRICK CROOKS,144,144
2006,APRIL,BROWN,GREEN BAY CITY WARD 20,SPRING GENERAL,JUSTICE OF THE SUPREME COURT,NONPARTISAN,SCATTERING,144,0
2006,APRIL,BROWN,GREEN BAY CITY WARD 21,SPRING GENERAL,JUSTICE OF THE SUPREME COURT,NONPARTISAN,PATRICK CROOKS,215,215
2006,APRIL,BROWN,GREEN BAY CITY WARD 21,SPRING GENERAL,JUSTICE OF THE SUPREME COURT,NONPARTISAN,SCATTERING,215,0
2006,APRIL,BROWN,GREEN BAY CITY WARD 22,SPRING GENERAL,JUSTICE OF THE SUPREME COURT,NONPARTISAN,PATRICK CROOKS,115,112
2006,APRIL,BROWN,GREEN BAY CITY WARD 22,SPRING GENERAL,JUSTICE OF THE SUPREME COURT,NONPARTISAN,SCATTERING,115,3
2006,APRIL,BROWN,GREEN BAY CITY WARD 23,SPRING GENERAL,JUSTICE OF THE SUPREME COURT,NONPARTISAN,PATRICK CROOKS,223,222
2006,APRIL,BROWN,GREEN BAY CITY WARD 23,SPRING GENERAL,JUSTICE OF THE SUPREME COURT,NONPARTISAN,SCATTERING,223,1
2006,APRIL,BROWN,GREEN BAY CITY WARD 24,SPRING GENERAL,JUSTICE OF THE SUPREME COURT,NONPARTISAN,PATRICK CROOKS,221,220
2006,APRIL,BROWN,GREEN BAY CITY WARD 24,SPRING GENERAL,JUSTICE OF THE SUPREME COURT,NONPARTISAN,SCATTERING,221,1
2006,APRIL,BROWN,GREEN BAY CITY WARD 25,SPRING GENERAL,JUSTICE OF THE SUPREME COURT,NONPARTISAN,PATRICK CROOKS,181,179
2006,APRIL,BROWN,GREEN BAY CITY WARD 25,SPRING GENERAL,JUSTICE OF THE SUPREME COURT,NONPARTISAN,SCATTERING,181,2
2006,APRIL,BROWN,GREEN BAY CITY WARD 26,SPRING GENERAL,JUSTICE OF THE SUPREME COURT,NONPARTISAN,PATRICK CROOKS,46,43
2006,APRIL,BROWN,GREEN BAY CITY WARD 26,SPRING GENERAL,JUSTICE OF THE SUPREME COURT,NONPARTISAN,SCATTERING,46,3
2006,APRIL,BROWN,GREEN BAY CITY WARD 27,SPRING GENERAL,JUSTICE OF THE SUPREME COURT,NONPARTISAN,PATRICK CROOKS,181,180
2006,APRIL,BROWN,GREEN BAY CITY WARD 27,SPRING GENERAL,JUSTICE OF THE SUPREME COURT,NONPARTISAN,SCATTERING,181,1
2006,APRIL,BROWN,GREEN BAY CITY WARD 28,SPRING GENERAL,JUSTICE OF THE SUPREME COURT,NONPARTISAN,PATRICK CROOKS,341,338
2006,APRIL,BROWN,GREEN BAY CITY WARD 28,SPRING GENERAL,JUSTICE OF THE SUPREME COURT,NONPARTISAN,SCATTERING,341,3
2006,APRIL,BROWN,GREEN BAY CITY WARD 29,SPRING GENERAL,JUSTICE OF THE SUPREME COURT,NONPARTISAN,PATRICK CROOKS,243,238
2006,APRIL,BROWN,GREEN BAY CITY WARD 29,SPRING GENERAL,JUSTICE OF THE SUPREME COURT,NONPARTISAN,SCATTERING,243,5
2006,APRIL,BROWN,GREEN BAY CITY WARD 30,SPRING GENERAL,JUSTICE OF THE SUPREME COURT,NONPARTISAN,PATRICK CROOKS,302,301
2006,APRIL,BROWN,GREEN BAY CITY WARD 30,SPRING GENERAL,JUSTICE OF THE SUPREME COURT,NONPARTISAN,SCATTERING,302,1
2006,APRIL,BROWN,GREEN BAY CITY WARD 31,SPRING GENERAL,JUSTICE OF THE SUPREME COURT,NONPARTISAN,PATRICK CROOKS,136,135
2006,APRIL,BROWN,GREEN BAY CITY WARD 31,SPRING GENERAL,JUSTICE OF THE SUPREME COURT,NONPARTISAN,SCATTERING,136,1
2006,APRIL,BROWN,GREEN BAY CITY WARD 32,SPRING GENERAL,JUSTICE OF THE SUPREME COURT,NONPARTISAN,PATRICK CROOKS,382,378
2006,APRIL,BROWN,GREEN BAY CITY WARD 32,SPRING GENERAL,JUSTICE OF THE SUPREME COURT,NONPARTISAN,SCATTERING,382,4
2006,APRIL,BROWN,GREEN BAY CITY WARD 33,SPRING GENERAL,JUSTICE OF THE SUPREME COURT,NONPARTISAN,PATRICK CROOKS,384,380
2006,APRIL,BROWN,GREEN BAY CITY WARD 33,SPRING GENERAL,JUSTICE OF THE SUPREME COURT,NONPARTISAN,SCATTERING,384,4
2006,APRIL,BROWN,GREEN BAY CITY WARD 34,SPRING GENERAL,JUSTICE OF THE SUPREME COURT,NONPARTISAN,PATRICK CROOKS,311,306
2006,APRIL,BROWN,GREEN BAY CITY WARD 34,SPRING GENERAL,JUSTICE OF THE SUPREME COURT,NONPARTISAN,SCATTERING,311,5
2006,APRIL,BROWN,GREEN BAY CITY WARD 35,SPRING GENERAL,JUSTICE OF THE SUPREME COURT,NONPARTISAN,PATRICK CROOKS,307,303
2006,APRIL,BROWN,GREEN BAY CITY WARD 35,SPRING GENERAL,JUSTICE OF THE SUPREME COURT,NONPARTISAN,SCATTERING,307,4
2006,APRIL,BROWN,GREEN BAY CITY WARD 36,SPRING GENERAL,JUSTICE OF THE SUPREME COURT,NONPARTISAN,PATRICK CROOKS,183,181
2006,APRIL,BROWN,GREEN BAY CITY WARD 36,SPRING GENERAL,JUSTICE OF THE SUPREME COURT,NONPARTISAN,SCATTERING,183,2
2006,APRIL,BROWN,GREEN BAY CITY WARD 37,SPRING GENERAL,JUSTICE OF THE SUPREME COURT,NONPARTISAN,PATRICK CROOKS,286,283
2006,APRIL,BROWN,GREEN BAY CITY WARD 37,SPRING GENERAL,JUSTICE OF THE SUPREME COURT,NONPARTISAN,SCATTERING,286,3
2006,APRIL,BROWN,GREEN BAY CITY WARD 38,SPRING GENERAL,JUSTICE OF THE SUPREME COURT,NONPARTISAN,PATRICK CROOKS,255,254
2006,APRIL,BROWN,GREEN BAY CITY WARD 38,SPRING GENERAL,JUSTICE OF THE SUPREME COURT,NONPARTISAN,SCATTERING,255,1
2006,APRIL,BROWN,GREEN BAY CITY WARD 39,SPRING GENERAL,JUSTICE OF THE SUPREME COURT,NONPARTISAN,PATRICK CROOKS,168,166
2006,APRIL,BROWN,GREEN BAY CITY WARD 39,SPRING GENERAL,JUSTICE OF THE SUPREME COURT,NONPARTISAN,SCATTERING,168,2
2006,APRIL,BROWN,GREEN BAY CITY WARD 40,SPRING GENERAL,JUSTICE OF THE SUPREME COURT,NONPARTISAN,PATRICK CROOKS,145,145
2006,APRIL,BROWN,GREEN BAY CITY WARD 40,SPRING GENERAL,JUSTICE OF THE SUPREME COURT,NONPARTISAN,SCATTERING,145,0
2006,APRIL,BROWN,GREEN BAY CITY WARD 41,SPRING GENERAL,JUSTICE OF THE SUPREME COURT,NONPARTISAN,PATRICK CROOKS,225,225
2006,APRIL,BROWN,GREEN BAY CITY WARD 41,SPRING GENERAL,JUSTICE OF THE SUPREME COURT,NONPARTISAN,SCATTERING,225,0
2006,APRIL,BROWN,GREEN BAY CITY WARD 42,SPRING GENERAL,JUSTICE OF THE SUPREME COURT,NONPARTISAN,PATRICK CROOKS,337,337
2006,APRIL,BROWN,GREEN BAY CITY WARD 42,SPRING GENERAL,JUSTICE OF THE SUPREME COURT,NONPARTISAN,SCATTERING,337,0
2006,APRIL,BROWN,GREEN BAY CITY WARD 43,SPRING GENERAL,JUSTICE OF THE SUPREME COURT,NONPARTISAN,PATRICK CROOKS,406,405
2006,APRIL,BROWN,GREEN BAY CITY WARD 43,SPRING GENERAL,JUSTICE OF THE SUPREME COURT,NONPARTISAN,SCATTERING,406,1
2006,APRIL,BROWN,GREEN BAY CITY WARD 44,SPRING GENERAL,JUSTICE OF THE SUPREME COURT,NONPARTISAN,PATRICK CROOKS,324,322
2006,APRIL,BROWN,GREEN BAY CITY WARD 44,SPRING GENERAL,JUSTICE OF THE SUPREME COURT,NONPARTISAN,SCATTERING,324,2
2006,APRIL,BROWN,GREEN BAY CITY WARD 45,SPRING GENERAL,JUSTICE OF THE SUPREME COURT,NONPARTISAN,PATRICK CROOKS,341,340
2006,APRIL,BROWN,GREEN BAY CITY WARD 45,SPRING GENERAL,JUSTICE OF THE SUPREME COURT,NONPARTISAN,SCATTERING,341,1
2006,APRIL,BROWN,GREEN BAY CITY WARD 46,SPRING GENERAL,JUSTICE OF THE SUPREME COURT,NONPARTISAN,PATRICK CROOKS,174,174
2006,APRIL,BROWN,GREEN BAY CITY WARD 46,SPRING GENERAL,JUSTICE OF THE SUPREME COURT,NONPARTISAN,SCATTERING,174,0
2006,APRIL,BROWN,GREEN BAY CITY WARD 47,SPRING GENERAL,JUSTICE OF THE SUPREME COURT,NONPARTISAN,PATRICK CROOKS,69,69
2006,APRIL,BROWN,GREEN BAY CITY WARD 47,SPRING GENERAL,JUSTICE OF THE SUPREME COURT,NONPARTISAN,SCATTERING,69,0
2006,APRIL,BROWN,GREEN BAY CITY WARD 48,SPRING GENERAL,JUSTICE OF THE SUPREME COURT,NONPARTISAN,PATRICK CROOKS,155,155
2006,APRIL,BROWN,GREEN BAY CITY WARD 48,SPRING GENERAL,JUSTICE OF THE SUPREME COURT,NONPARTISAN,SCATTERING,155,0
2006,APRIL,BROWN,GREEN BAY CITY WARD 49,SPRING GENERAL,JUSTICE OF THE SUPREME COURT,NONPARTISAN,PATRICK CROOKS,182,182
2006,APRIL,BROWN,GREEN BAY CITY WARD 49,SPRING GENERAL,JUSTICE OF THE SUPREME COURT,NONPARTISAN,SCATTERING,182,0
2006,APRIL,BROWN,GREEN BAY CITY WARD 50,SPRING GENERAL,JUSTICE OF THE SUPREME COURT,NONPARTISAN,PATRICK CROOKS,6,6
2006,APRIL,BROWN,GREEN BAY CITY WARD 50,SPRING GENERAL,JUSTICE OF THE SUPREME COURT,NONPARTISAN,SCATTERING,6,0
2006,APRIL,BUFFALO,ALMA TOWN WARD 1,SPRING GENERAL,JUSTICE OF THE SUPREME COURT,NONPARTISAN,PATRICK CROOKS,36,36
2006,APRIL,BUFFALO,ALMA TOWN WARD 1,SPRING GENERAL,JUSTICE OF THE SUPREME COURT,NONPARTISAN,SCATTERING,36,0
2006,APRIL,BUFFALO,BELVIDERE TOWN WARD 1,SPRING GENERAL,JUSTICE OF THE SUPREME COURT,NONPARTISAN,PATRICK CROOKS,117,117
2006,APRIL,BUFFALO,BELVIDERE TOWN WARD 1,SPRING GENERAL,JUSTICE OF THE SUPREME COURT,NONPARTISAN,SCATTERING,117,0
2006,APRIL,BUFFALO,BUFFALO TOWN WARD 1,SPRING GENERAL,JUSTICE OF THE SUPREME COURT,NONPARTISAN,PATRICK CROOKS,219,219
2006,APRIL,BUFFALO,BUFFALO TOWN WARD 1,SPRING GENERAL,JUSTICE OF THE SUPREME COURT,NONPARTISAN,SCATTERING,219,0
2006,APRIL,BUFFALO,CANTON TOWN WARD 1,SPRING GENERAL,JUSTICE OF THE SUPREME COURT,NONPARTISAN,PATRICK CROOKS,14,14
2006,APRIL,BUFFALO,CANTON TOWN WARD 1,SPRING GENERAL,JUSTICE OF THE SUPREME COURT,NONPARTISAN,SCATTERING,14,0
2006,APRIL,BUFFALO,CROSS TOWN WARD 1,SPRING GENERAL,JUSTICE OF THE SUPREME COURT,NONPARTISAN,PATRICK CROOKS,97,97
2006,APRIL,BUFFALO,CROSS TOWN WARD 1,SPRING GENERAL,JUSTICE OF THE SUPREME COURT,NONPARTISAN,SCATTERING,97,0
2006,APRIL,BUFFALO,DOVER TOWN WARD 1,SPRING GENERAL,JUSTICE OF THE SUPREME COURT,NONPARTISAN,PATRICK CROOKS,19,19
2006,APRIL,BUFFALO,DOVER TOWN WARD 1,SPRING GENERAL,JUSTICE OF THE SUPREME COURT,NONPARTISAN,SCATTERING,19,0
2006,APRIL,BUFFALO,GILMANTON TOWN WARD 1,SPRING GENERAL,JUSTICE OF THE SUPREME COURT,NONPARTISAN,PATRICK CROOKS,23,23
2006,APRIL,BUFFALO,GILMANTON TOWN WARD 1,SPRING GENERAL,JUSTICE OF THE SUPREME COURT,NONPARTISAN,SCATTERING,23,0
2006,APRIL,BUFFALO,GLENCOE TOWN WARD 1,SPRING GENERAL,JUSTICE OF THE SUPREME COURT,NONPARTISAN,PATRICK CROOKS,45,45
2006,APRIL,BUFFALO,GLENCOE TOWN WARD 1,SPRING GENERAL,JUSTICE OF THE SUPREME COURT,NONPARTISAN,SCATTERING,45,0
2006,APRIL,BUFFALO,LINCOLN TOWN WARD 1,SPRING GENERAL,JUSTICE OF THE SUPREME COURT,NONPARTISAN,PATRICK CROOKS,14,14
2006,APRIL,BUFFALO,LINCOLN TOWN WARD 1,SPRING GENERAL,JUSTICE OF THE SUPREME COURT,NONPARTISAN,SCATTERING,14,0
2006,APRIL,BUFFALO,MAXVILLE TOWN WARD 1,SPRING GENERAL,JUSTICE OF THE SUPREME COURT,NONPARTISAN,PATRICK CROOKS,25,25
2006,APRIL,BUFFALO,MAXVILLE TOWN WARD 1,SPRING GENERAL,JUSTICE OF THE SUPREME COURT,NONPARTISAN,SCATTERING,25,0
2006,APRIL,BUFFALO,MILTON TOWN WARD 1,SPRING GENERAL,JUSTICE OF THE SUPREME COURT,NONPARTISAN,PATRICK CROOKS,179,179
2006,APRIL,BUFFALO,MILTON TOWN WARD 1,SPRING GENERAL,JUSTICE OF THE SUPREME COURT,NONPARTISAN,SCATTERING,179,0
2006,APRIL,BUFFALO,MODENA TOWN WARD 1,SPRING GENERAL,JUSTICE OF THE SUPREME COURT,NONPARTISAN,PATRICK CROOKS,24,24
2006,APRIL,BUFFALO,MODENA TOWN WARD 1,SPRING GENERAL,JUSTICE OF THE SUPREME COURT,NONPARTISAN,SCATTERING,24,0
2006,APRIL,BUFFALO,MONDOVI TOWN WARDS 1 & 2,SPRING GENERAL,JUSTICE OF THE SUPREME COURT,NONPARTISAN,PATRICK CROOKS,25,25
2006,APRIL,BUFFALO,MONDOVI TOWN WARDS 1 & 2,SPRING GENERAL,JUSTICE OF THE SUPREME COURT,NONPARTISAN,SCATTERING,25,0
2006,APRIL,BUFFALO,MONTANA TOWN WARD 1,SPRING GENERAL,JUSTICE OF THE SUPREME COURT,NONPARTISAN,PATRICK CROOKS,32,32
2006,APRIL,BUFFALO,MONTANA TOWN WARD 1,SPRING GENERAL,JUSTICE OF THE SUPREME COURT,NONPARTISAN,SCATTERING,32,0
2006,APRIL,BUFFALO,NAPLES TOWN WARD 1,SPRING GENERAL,JUSTICE OF THE SUPREME COURT,NONPARTISAN,PATRICK CROOKS,40,40
2006,APRIL,BUFFALO,NAPLES TOWN WARD 1,SPRING GENERAL,JUSTICE OF THE SUPREME COURT,NONPARTISAN,SCATTERING,40,0
2006,APRIL,BUFFALO,NELSON TOWN WARD 1,SPRING GENERAL,JUSTICE OF THE SUPREME COURT,NONPARTISAN,PATRICK CROOKS,28,28
2006,APRIL,BUFFALO,NELSON TOWN WARD 1,SPRING GENERAL,JUSTICE OF THE SUPREME COURT,NONPARTISAN,SCATTERING,28,0
2006,APRIL,BUFFALO,WAUMANDEE TOWN WARD 1,SPRING GENERAL,JUSTICE OF THE SUPREME COURT,NONPARTISAN,PATRICK CROOKS,86,86
2006,APRIL,BUFFALO,WAUMANDEE TOWN WARD 1,SPRING GENERAL,JUSTICE OF THE SUPREME COURT,NONPARTISAN,SCATTERING,86,0
2006,APRIL,BUFFALO,COCHRANE VILLAGE WARD 1,SPRING GENERAL,JUSTICE OF THE SUPREME COURT,NONPARTISAN,PATRICK CROOKS,123,123
2006,APRIL,BUFFALO,COCHRANE VILLAGE WARD 1,SPRING GENERAL,JUSTICE OF THE SUPREME COURT,NONPARTISAN,SCATTERING,123,0
2006,APRIL,BUFFALO,NELSON VILLAGE WARD 1,SPRING GENERAL,JUSTICE OF THE SUPREME COURT,NONPARTISAN,PATRICK CROOKS,36,36
2006,APRIL,BUFFALO,NELSON VILLAGE WARD 1,SPRING GENERAL,JUSTICE OF THE SUPREME COURT,NONPARTISAN,SCATTERING,36,0
2006,APRIL,BUFFALO,ALMA CITY WARDS 1 & 2,SPRING GENERAL,JUSTICE OF THE SUPREME COURT,NONPARTISAN,PATRICK CROOKS,118,118
2006,APRIL,BUFFALO,ALMA CITY WARDS 1 & 2,SPRING GENERAL,JUSTICE OF THE SUPREME COURT,NONPARTISAN,SCATTERING,118,0
2006,APRIL,BUFFALO,BUFFALO CITY WARD 1,SPRING GENERAL,JUSTICE OF THE SUPREME COURT,NONPARTISAN,PATRICK CROOKS,355,355
2006,APRIL,BUFFALO,BUFFALO CITY WARD 1,SPRING GENERAL,JUSTICE OF THE SUPREME COURT,NONPARTISAN,SCATTERING,355,0
2006,APRIL,BUFFALO,FOUNTAIN CITY CITY WARDS 1 & 2,SPRING GENERAL,JUSTICE OF THE SUPREME COURT,NONPARTISAN,PATRICK CROOKS,230,230
2006,APRIL,BUFFALO,FOUNTAIN CITY CITY WARDS 1 & 2,SPRING GENERAL,JUSTICE OF THE SUPREME COURT,NONPARTISAN,SCATTERING,230,0
2006,APRIL,BUFFALO,MONDOVI CITY WARDS 1 - 3,SPRING GENERAL,JUSTICE OF THE SUPREME COURT,NONPARTISAN,PATRICK CROOKS,187,187
2006,APRIL,BUFFALO,MONDOVI CITY WARDS 1 - 3,SPRING GENERAL,JUSTICE OF THE SUPREME COURT,NONPARTISAN,SCATTERING,187,0
2006,APRIL,BURNETT,ANDERSON TOWN WARD 1,SPRING GENERAL,JUSTICE OF THE SUPREME COURT,NONPARTISAN,PATRICK CROOKS,32,32
2006,APRIL,BURNETT,ANDERSON TOWN WARD 1,SPRING GENERAL,JUSTICE OF THE SUPREME COURT,NONPARTISAN,SCATTERING,32,0
2006,APRIL,BURNETT,BLAINE TOWN WARD 1,SPRING GENERAL,JUSTICE OF THE SUPREME COURT,NONPARTISAN,PATRICK CROOKS,14,14
2006,APRIL,BURNETT,BLAINE TOWN WARD 1,SPRING GENERAL,JUSTICE OF THE SUPREME COURT,NONPARTISAN,SCATTERING,14,0
2006,APRIL,BURNETT,DANIELS TOWN WARD 1,SPRING GENERAL,JUSTICE OF THE SUPREME COURT,NONPARTISAN,PATRICK CROOKS,53,53
2006,APRIL,BURNETT,DANIELS TOWN WARD 1,SPRING GENERAL,JUSTICE OF THE SUPREME COURT,NONPARTISAN,SCATTERING,53,0
2006,APRIL,BURNETT,DEWEY TOWN WARD 1,SPRING GENERAL,JUSTICE OF THE SUPREME COURT,NONPARTISAN,PATRICK CROOKS,14,14
2006,APRIL,BURNETT,DEWEY TOWN WARD 1,SPRING GENERAL,JUSTICE OF THE SUPREME COURT,NONPARTISAN,SCATTERING,14,0
2006,APRIL,BURNETT,GRANTSBURG TOWN WARDS 1 - 3,SPRING GENERAL,JUSTICE OF THE SUPREME COURT,NONPARTISAN,PATRICK CROOKS,74,72
2006,APRIL,BURNETT,GRANTSBURG TOWN WARDS 1 - 3,SPRING GENERAL,JUSTICE OF THE SUPREME COURT,NONPARTISAN,SCATTERING,74,2
2006,APRIL,BURNETT,JACKSON TOWN WARD 1,SPRING GENERAL,JUSTICE OF THE SUPREME COURT,NONPARTISAN,PATRICK CROOKS,86,86
2006,APRIL,BURNETT,JACKSON TOWN WARD 1,SPRING GENERAL,JUSTICE OF THE SUPREME COURT,NONPARTISAN,SCATTERING,86,0
2006,APRIL,BURNETT,LA FOLLETTE TOWN WARDS 1 & 2,SPRING GENERAL,JUSTICE OF THE SUPREME COURT,NONPARTISAN,PATRICK CROOKS,41,41
2006,APRIL,BURNETT,LA FOLLETTE TOWN WARDS 1 & 2,SPRING GENERAL,JUSTICE OF THE SUPREME COURT,NONPARTISAN,SCATTERING,41,0
2006,APRIL,BURNETT,LINCOLN TOWN WARD 1,SPRING GENERAL,JUSTICE OF THE SUPREME COURT,NONPARTISAN,PATRICK CROOKS,20,20
2006,APRIL,BURNETT,LINCOLN TOWN WARD 1,SPRING GENERAL,JUSTICE OF THE SUPREME COURT,NONPARTISAN,SCATTERING,20,0
2006,APRIL,BURNETT,MEENON TOWN WARDS 1 - 3,SPRING GENERAL,JUSTICE OF THE SUPREME COURT,NONPARTISAN,PATRICK CROOKS,56,56
2006,APRIL,BURNETT,MEENON TOWN WARDS 1 - 3,SPRING GENERAL,JUSTICE OF THE SUPREME COURT,NONPARTISAN,SCATTERING,56,0
2006,APRIL,BURNETT,OAKLAND TOWN WARDS 1 & 2,SPRING GENERAL,JUSTICE OF THE SUPREME COURT,NONPARTISAN,PATRICK CROOKS,62,62
2006,APRIL,BURNETT,OAKLAND TOWN WARDS 1 & 2,SPRING GENERAL,JUSTICE OF THE SUPREME COURT,NONPARTISAN,SCATTERING,62,0
2006,APRIL,BURNETT,ROOSEVELT TOWN WARD 1,SPRING GENERAL,JUSTICE OF THE SUPREME COURT,NONPARTISAN,PATRICK CROOKS,7,7
2006,APRIL,BURNETT,ROOSEVELT TOWN WARD 1,SPRING GENERAL,JUSTICE OF THE SUPREME COURT,NONPARTISAN,SCATTERING,7,0
2006,APRIL,BURNETT,RUSK TOWN WARDS 1 & 2,SPRING GENERAL,JUSTICE OF THE SUPREME COURT,NONPARTISAN,PATRICK CROOKS,45,45
2006,APRIL,BURNETT,RUSK TOWN WARDS 1 & 2,SPRING GENERAL,JUSTICE OF THE SUPREME COURT,NONPARTISAN,SCATTERING,45,0
2006,APRIL,BURNETT,SAND LAKE TOWN WARD 1,SPRING GENERAL,JUSTICE OF THE SUPREME COURT,NONPARTISAN,PATRICK CROOKS,41,41
2006,APRIL,BURNETT,SAND LAKE TOWN WARD 1,SPRING GENERAL,JUSTICE OF THE SUPREME COURT,NONPARTISAN,SCATTERING,41,0
2006,APRIL,BURNETT,SCOTT TOWN WARDS 1 & 2,SPRING GENERAL,JUSTICE OF THE SUPREME COURT,NONPARTISAN,PATRICK CROOKS,53,53
2006,APRIL,BURNETT,SCOTT TOWN WARDS 1 & 2,SPRING GENERAL,JUSTICE OF THE SUPREME COURT,NONPARTISAN,SCATTERING,53,0
2006,APRIL,BURNETT,SIREN TOWN WARDS 1 - 3,SPRING GENERAL,JUSTICE OF THE SUPREME COURT,NONPARTISAN,PATRICK CROOKS,68,68
2006,APRIL,BURNETT,SIREN TOWN WARDS 1 - 3,SPRING GENERAL,JUSTICE OF THE SUPREME COURT,NONPARTISAN,SCATTERING,68,0
2006,APRIL,BURNETT,SWISS TOWN WARDS 1 & 2,SPRING GENERAL,JUSTICE OF THE SUPREME COURT,NONPARTISAN,PATRICK CROOKS,28,28
2006,APRIL,BURNETT,SWISS TOWN WARDS 1 & 2,SPRING GENERAL,JUSTICE OF THE SUPREME COURT,NONPARTISAN,SCATTERING,28,0
2006,APRIL,BURNETT,TRADE LAKE TOWN WARDS 1 & 2,SPRING GENERAL,JUSTICE OF THE SUPREME COURT,NONPARTISAN,PATRICK CROOKS,61,61
2006,APRIL,BURNETT,TRADE LAKE TOWN WARDS 1 & 2,SPRING GENERAL,JUSTICE OF THE SUPREME COURT,NONPARTISAN,SCATTERING,61,0
2006,APRIL,BURNETT,UNION TOWN WARD 1,SPRING GENERAL,JUSTICE OF THE SUPREME COURT,NONPARTISAN,PATRICK CROOKS,22,22
2006,APRIL,BURNETT,UNION TOWN WARD 1,SPRING GENERAL,JUSTICE OF THE SUPREME COURT,NONPARTISAN,SCATTERING,22,0
2006,APRIL,BURNETT,WEBB LAKE TOWN WARD 1,SPRING GENERAL,JUSTICE OF THE SUPREME COURT,NONPARTISAN,PATRICK CROOKS,24,24
2006,APRIL,BURNETT,WEBB LAKE TOWN WARD 1,SPRING GENERAL,JUSTICE OF THE SUPREME COURT,NONPARTISAN,SCATTERING,24,0
2006,APRIL,BURNETT,WEST MARSHLAND TOWN WARDS 1 & 2,SPRING GENERAL,JUSTICE OF THE SUPREME COURT,NONPARTISAN,PATRICK CROOKS,37,37
2006,APRIL,BURNETT,WEST MARSHLAND TOWN WARDS 1 & 2,SPRING GENERAL,JUSTICE OF THE SUPREME COURT,NONPARTISAN,SCATTERING,37,0
2006,APRIL,BURNETT,WOOD RIVER TOWN WARDS 1 & 2,SPRING GENERAL,JUSTICE OF THE SUPREME COURT,NONPARTISAN,PATRICK CROOKS,101,101
2006,APRIL,BURNETT,WOOD RIVER TOWN WARDS 1 & 2,SPRING GENERAL,JUSTICE OF THE SUPREME COURT,NONPARTISAN,SCATTERING,101,0
2006,APRIL,BURNETT,GRANTSBURG VILLAGE WARDS 1 & 2,SPRING GENERAL,JUSTICE OF THE SUPREME COURT,NONPARTISAN,PATRICK CROOKS,168,168
2006,APRIL,BURNETT,GRANTSBURG VILLAGE WARDS 1 & 2,SPRING GENERAL,JUSTICE OF THE SUPREME COURT,NONPARTISAN,SCATTERING,168,0
2006,APRIL,BURNETT,SIREN VILLAGE WARDS 1 & 2,SPRING GENERAL,JUSTICE OF THE SUPREME COURT,NONPARTISAN,PATRICK CROOKS,55,55
2006,APRIL,BURNETT,SIREN VILLAGE WARDS 1 & 2,SPRING GENERAL,JUSTICE OF THE SUPREME COURT,NONPARTISAN,SCATTERING,55,0
2006,APRIL,BURNETT,WEBSTER VILLAGE WARD 1,SPRING GENERAL,JUSTICE OF THE SUPREME COURT,NONPARTISAN,PATRICK CROOKS,75,75
2006,APRIL,BURNETT,WEBSTER VILLAGE WARD 1,SPRING GENERAL,JUSTICE OF THE SUPREME COURT,NONPARTISAN,SCATTERING,75,0
2006,APRIL,CALUMET,BRILLION TOWN WARD 1,SPRING GENERAL,JUSTICE OF THE SUPREME COURT,NONPARTISAN,PATRICK CROOKS,73,73
2006,APRIL,CALUMET,BRILLION TOWN WARD 1,SPRING GENERAL,JUSTICE OF THE SUPREME COURT,NONPARTISAN,SCATTERING,73,0
2006,APRIL,CALUMET,BRILLION TOWN WARD 2,SPRING GENERAL,JUSTICE OF THE SUPREME COURT,NONPARTISAN,PATRICK CROOKS,47,47
2006,APRIL,CALUMET,BRILLION TOWN WARD 2,SPRING GENERAL,JUSTICE OF THE SUPREME COURT,NONPARTISAN,SCATTERING,47,0
2006,APRIL,CALUMET,BROTHERTOWN TOWN WARDS 1 & 2,SPRING GENERAL,JUSTICE OF THE SUPREME COURT,NONPARTISAN,PATRICK CROOKS,152,152
2006,APRIL,CALUMET,BROTHERTOWN TOWN WARDS 1 & 2,SPRING GENERAL,JUSTICE OF THE SUPREME COURT,NONPARTISAN,SCATTERING,152,0
2006,APRIL,CALUMET,CHARLESTOWN TOWN WARD 1,SPRING GENERAL,JUSTICE OF THE SUPREME COURT,NONPARTISAN,PATRICK CROOKS,49,49
2006,APRIL,CALUMET,CHARLESTOWN TOWN WARD 1,SPRING GENERAL,JUSTICE OF THE SUPREME COURT,NONPARTISAN,SCATTERING,49,0
2006,APRIL,CALUMET,CHARLESTOWN TOWN WARD 2,SPRING GENERAL,JUSTICE OF THE SUPREME COURT,NONPARTISAN,PATRICK CROOKS,20,20
2006,APRIL,CALUMET,CHARLESTOWN TOWN WARD 2,SPRING GENERAL,JUSTICE OF THE SUPREME COURT,NONPARTISAN,SCATTERING,20,0
2006,APRIL,CALUMET,CHILTON TOWN WARD 1,SPRING GENERAL,JUSTICE OF THE SUPREME COURT,NONPARTISAN,PATRICK CROOKS,8,8
2006,APRIL,CALUMET,CHILTON TOWN WARD 1,SPRING GENERAL,JUSTICE OF THE SUPREME COURT,NONPARTISAN,SCATTERING,8,0
2006,APRIL,CALUMET,CHILTON TOWN WARD 2,SPRING GENERAL,JUSTICE OF THE SUPREME COURT,NONPARTISAN,PATRICK CROOKS,34,34
2006,APRIL,CALUMET,CHILTON TOWN WARD 2,SPRING GENERAL,JUSTICE OF THE SUPREME COURT,NONPARTISAN,SCATTERING,34,0
2006,APRIL,CALUMET,HARRISON TOWN WARDS 1 & 3,SPRING GENERAL,JUSTICE OF THE SUPREME COURT,NONPARTISAN,PATRICK CROOKS,143,143
2006,APRIL,CALUMET,HARRISON TOWN WARDS 1 & 3,SPRING GENERAL,JUSTICE OF THE SUPREME COURT,NONPARTISAN,SCATTERING,143,0
2006,APRIL,CALUMET,HARRISON TOWN WARD 2,SPRING GENERAL,JUSTICE OF THE SUPREME COURT,NONPARTISAN,PATRICK CROOKS,37,37
2006,APRIL,CALUMET,HARRISON TOWN WARD 2,SPRING GENERAL,JUSTICE OF THE SUPREME COURT,NONPARTISAN,SCATTERING,37,0
2006,APRIL,CALUMET,HARRISON TOWN WARDS 4 & 5,SPRING GENERAL,JUSTICE OF THE SUPREME COURT,NONPARTISAN,PATRICK CROOKS,200,200
2006,APRIL,CALUMET,HARRISON TOWN WARDS 4 & 5,SPRING GENERAL,JUSTICE OF THE SUPREME COURT,NONPARTISAN,SCATTERING,200,0
2006,APRIL,CALUMET,HARRISON TOWN WARDS 6 & 8,SPRING GENERAL,JUSTICE OF THE SUPREME COURT,NONPARTISAN,PATRICK CROOKS,96,95
2006,APRIL,CALUMET,HARRISON TOWN WARDS 6 & 8,SPRING GENERAL,JUSTICE OF THE SUPREME COURT,NONPARTISAN,SCATTERING,96,1
2006,APRIL,CALUMET,HARRISON TOWN WARD 7,SPRING GENERAL,JUSTICE OF THE SUPREME COURT,NONPARTISAN,PATRICK CROOKS,45,45
2006,APRIL,CALUMET,HARRISON TOWN WARD 7,SPRING GENERAL,JUSTICE OF THE SUPREME COURT,NONPARTISAN,SCATTERING,45,0
2006,APRIL,CALUMET,HARRISON TOWN WARD 9,SPRING GENERAL,JUSTICE OF THE SUPREME COURT,NONPARTISAN,PATRICK CROOKS,1,1
2006,APRIL,CALUMET,HARRISON TOWN WARD 9,SPRING GENERAL,JUSTICE OF THE SUPREME COURT,NONPARTISAN,SCATTERING,1,0
2006,APRIL,CALUMET,NEW HOLSTEIN TOWN WARDS 1 & 2,SPRING GENERAL,JUSTICE OF THE SUPREME COURT,NONPARTISAN,PATRICK CROOKS,63,63
2006,APRIL,CALUMET,NEW HOLSTEIN TOWN WARDS 1 & 2,SPRING GENERAL,JUSTICE OF THE SUPREME COURT,NONPARTISAN,SCATTERING,63,0
2006,APRIL,CALUMET,NEW HOLSTEIN TOWN WARD 3,SPRING GENERAL,JUSTICE OF THE SUPREME COURT,NONPARTISAN,PATRICK CROOKS,19,19
2006,APRIL,CALUMET,NEW HOLSTEIN TOWN WARD 3,SPRING GENERAL,JUSTICE OF THE SUPREME COURT,NONPARTISAN,SCATTERING,19,0
2006,APRIL,CALUMET,RANTOUL TOWN WARD 1,SPRING GENERAL,JUSTICE OF THE SUPREME COURT,NONPARTISAN,PATRICK CROOKS,47,47
2006,APRIL,CALUMET,RANTOUL TOWN WARD 1,SPRING GENERAL,JUSTICE OF THE SUPREME COURT,NONPARTISAN,SCATTERING,47,0
2006,APRIL,CALUMET,RANTOUL TOWN WARD 2,SPRING GENERAL,JUSTICE OF THE SUPREME COURT,NONPARTISAN,PATRICK CROOKS,13,13
2006,APRIL,CALUMET,RANTOUL TOWN WARD 2,SPRING GENERAL,JUSTICE OF THE SUPREME COURT,NONPARTISAN,SCATTERING,13,0
2006,APRIL,CALUMET,STOCKBRIDGE TOWN WARDS 1 & 2,SPRING GENERAL,JUSTICE OF THE SUPREME COURT,NONPARTISAN,PATRICK CROOKS,46,46
2006,APRIL,CALUMET,STOCKBRIDGE TOWN WARDS 1 & 2,SPRING GENERAL,JUSTICE OF THE SUPREME COURT,NONPARTISAN,SCATTERING,46,0
2006,APRIL,CALUMET,STOCKBRIDGE TOWN WARD 3,SPRING GENERAL,JUSTICE OF THE SUPREME COURT,NONPARTISAN,PATRICK CROOKS,1,1
2006,APRIL,CALUMET,STOCKBRIDGE TOWN WARD 3,SPRING GENERAL,JUSTICE OF THE SUPREME COURT,NONPARTISAN,SCATTERING,1,0
2006,APRIL,CALUMET,WOODVILLE TOWN WARD 1,SPRING GENERAL,JUSTICE OF THE SUPREME COURT,NONPARTISAN,PATRICK CROOKS,51,51
2006,APRIL,CALUMET,WOODVILLE TOWN WARD 1,SPRING GENERAL,JUSTICE OF THE SUPREME COURT,NONPARTISAN,SCATTERING,51,0
2006,APRIL,CALUMET,WOODVILLE TOWN WARD 2,SPRING GENERAL,JUSTICE OF THE SUPREME COURT,NONPARTISAN,PATRICK CROOKS,31,31
2006,APRIL,CALUMET,WOODVILLE TOWN WARD 2,SPRING GENERAL,JUSTICE OF THE SUPREME COURT,NONPARTISAN,SCATTERING,31,0
2006,APRIL,CALUMET,HILBERT VILLAGE WARDS 1 & 2,SPRING GENERAL,JUSTICE OF THE SUPREME COURT,NONPARTISAN,PATRICK CROOKS,90,90
2006,APRIL,CALUMET,HILBERT VILLAGE WARDS 1 & 2,SPRING GENERAL,JUSTICE OF THE SUPREME COURT,NONPARTISAN,SCATTERING,90,0
2006,APRIL,CALUMET,POTTER VILLAGE WARD 1,SPRING GENERAL,JUSTICE OF THE SUPREME COURT,NONPARTISAN,PATRICK CROOKS,24,24
2006,APRIL,CALUMET,POTTER VILLAGE WARD 1,SPRING GENERAL,JUSTICE OF THE SUPREME COURT,NONPARTISAN,SCATTERING,24,0
2006,APRIL,CALUMET,SHERWOOD VILLAGE WARDS 1 & 2,SPRING GENERAL,JUSTICE OF THE SUPREME COURT,NONPARTISAN,PATRICK CROOKS,308,308
2006,APRIL,CALUMET,SHERWOOD VILLAGE WARDS 1 & 2,SPRING GENERAL,JUSTICE OF THE SUPREME COURT,NONPARTISAN,SCATTERING,308,0
2006,APRIL,CALUMET,SHERWOOD VILLAGE WARD 3,SPRING GENERAL,JUSTICE OF THE SUPREME COURT,NONPARTISAN,PATRICK CROOKS,1,1
2006,APRIL,CALUMET,SHERWOOD VILLAGE WARD 3,SPRING GENERAL,JUSTICE OF THE SUPREME COURT,NONPARTISAN,SCATTERING,1,0
2006,APRIL,CALUMET,SHERWOOD VILLAGE WARD 4,SPRING GENERAL,JUSTICE OF THE SUPREME COURT,NONPARTISAN,PATRICK CROOKS,0,0
2006,APRIL,CALUMET,SHERWOOD VILLAGE WARD 4,SPRING GENERAL,JUSTICE OF THE SUPREME COURT,NONPARTISAN,SCATTERING,0,0
2006,APRIL,CALUMET,SHERWOOD VILLAGE WARD 5,SPRING GENERAL,JUSTICE OF THE SUPREME COURT,NONPARTISAN,PATRICK CROOKS,0,0
2006,APRIL,CALUMET,SHERWOOD VILLAGE WARD 5,SPRING GENERAL,JUSTICE OF THE SUPREME COURT,NONPARTISAN,SCATTERING,0,0
2006,APRIL,CALUMET,SHERWOOD VILLAGE WARD 6,SPRING GENERAL,JUSTICE OF THE SUPREME COURT,NONPARTISAN,PATRICK CROOKS,0,0
2006,APRIL,CALUMET,SHERWOOD VILLAGE WARD 6,SPRING GENERAL,JUSTICE OF THE SUPREME COURT,NONPARTISAN,SCATTERING,0,0
2006,APRIL,CALUMET,SHERWOOD VILLAGE WARD 7,SPRING GENERAL,JUSTICE OF THE SUPREME COURT,NONPARTISAN,PATRICK CROOKS,0,0
2006,APRIL,CALUMET,SHERWOOD VILLAGE WARD 7,SPRING GENERAL,JUSTICE OF THE SUPREME COURT,NONPARTISAN,SCATTERING,0,0
2006,APRIL,CALUMET,SHERWOOD VILLAGE WARD 8,SPRING GENERAL,JUSTICE OF THE SUPREME COURT,NONPARTISAN,PATRICK CROOKS,0,0
2006,APRIL,CALUMET,SHERWOOD VILLAGE WARD 8,SPRING GENERAL,JUSTICE OF THE SUPREME COURT,NONPARTISAN,SCATTERING,0,0
2006,APRIL,CALUMET,STOCKBRIDGE VILLAGE WARD 1,SPRING GENERAL,JUSTICE OF THE SUPREME COURT,NONPARTISAN,PATRICK CROOKS,48,48
2006,APRIL,CALUMET,STOCKBRIDGE VILLAGE WARD 1,SPRING GENERAL,JUSTICE OF THE SUPREME COURT,NONPARTISAN,SCATTERING,48,0
2006,APRIL,CALUMET,APPLETON CITY WARD 12,SPRING GENERAL,JUSTICE OF THE SUPREME COURT,NONPARTISAN,PATRICK CROOKS,20,20
2006,APRIL,CALUMET,APPLETON CITY WARD 12,SPRING GENERAL,JUSTICE OF THE SUPREME COURT,NONPARTISAN,SCATTERING,20,0
2006,APRIL,CALUMET,APPLETON CITY WARD 13,SPRING GENERAL,JUSTICE OF THE SUPREME COURT,NONPARTISAN,PATRICK CROOKS,228,228
2006,APRIL,CALUMET,APPLETON CITY WARD 13,SPRING GENERAL,JUSTICE OF THE SUPREME COURT,NONPARTISAN,SCATTERING,228,0
2006,APRIL,CALUMET,APPLETON CITY WARD 14,SPRING GENERAL,JUSTICE OF THE SUPREME COURT,NONPARTISAN,PATRICK CROOKS,244,242
2006,APRIL,CALUMET,APPLETON CITY WARD 14,SPRING GENERAL,JUSTICE OF THE SUPREME COURT,NONPARTISAN,SCATTERING,244,2
2006,APRIL,CALUMET,APPLETON CITY WARD 40,SPRING GENERAL,JUSTICE OF THE SUPREME COURT,NONPARTISAN,PATRICK CROOKS,378,377
2006,APRIL,CALUMET,APPLETON CITY WARD 40,SPRING GENERAL,JUSTICE OF THE SUPREME COURT,NONPARTISAN,SCATTERING,378,1
2006,APRIL,CALUMET,APPLETON CITY WARD 42,SPRING GENERAL,JUSTICE OF THE SUPREME COURT,NONPARTISAN,PATRICK CROOKS,433,430
2006,APRIL,CALUMET,APPLETON CITY WARD 42,SPRING GENERAL,JUSTICE OF THE SUPREME COURT,NONPARTISAN,SCATTERING,433,3
2006,APRIL,CALUMET,APPLETON CITY WARD 43,SPRING GENERAL,JUSTICE OF THE SUPREME COURT,NONPARTISAN,PATRICK CROOKS,378,374
2006,APRIL,CALUMET,APPLETON CITY WARD 43,SPRING GENERAL,JUSTICE OF THE SUPREME COURT,NONPARTISAN,SCATTERING,378,4
2006,APRIL,CALUMET,APPLETON CITY WARD 44,SPRING GENERAL,JUSTICE OF THE SUPREME COURT,NONPARTISAN,PATRICK CROOKS,317,317
2006,APRIL,CALUMET,APPLETON CITY WARD 44,SPRING GENERAL,JUSTICE OF THE SUPREME COURT,NONPARTISAN,SCATTERING,317,0
2006,APRIL,CALUMET,APPLETON CITY WARD 45,SPRING GENERAL,JUSTICE OF THE SUPREME COURT,NONPARTISAN,PATRICK CROOKS,103,103
2006,APRIL,CALUMET,APPLETON CITY WARD 45,SPRING GENERAL,JUSTICE OF THE SUPREME COURT,NONPARTISAN,SCATTERING,103,0
2006,APRIL,CALUMET,APPLETON CITY WARD 46,SPRING GENERAL,JUSTICE OF THE SUPREME COURT,NONPARTISAN,PATRICK CROOKS,20,20
2006,APRIL,CALUMET,APPLETON CITY WARD 46,SPRING GENERAL,JUSTICE OF THE SUPREME COURT,NONPARTISAN,SCATTERING,20,0
2006,APRIL,CALUMET,APPLETON CITY WARD 47,SPRING GENERAL,JUSTICE OF THE SUPREME COURT,NONPARTISAN,PATRICK CROOKS,4,4
2006,APRIL,CALUMET,APPLETON CITY WARD 47,SPRING GENERAL,JUSTICE OF THE SUPREME COURT,NONPARTISAN,SCATTERING,4,0
2006,APRIL,CALUMET,APPLETON CITY WARD 48,SPRING GENERAL,JUSTICE OF THE SUPREME COURT,NONPARTISAN,PATRICK CROOKS,0,0
2006,APRIL,CALUMET,APPLETON CITY WARD 48,SPRING GENERAL,JUSTICE OF THE SUPREME COURT,NONPARTISAN,SCATTERING,0,0
2006,APRIL,CALUMET,BRILLION CITY WARDS 1 & 4,SPRING GENERAL,JUSTICE OF THE SUPREME COURT,NONPARTISAN,PATRICK CROOKS,84,84
2006,APRIL,CALUMET,BRILLION CITY WARDS 1 & 4,SPRING GENERAL,JUSTICE OF THE SUPREME COURT,NONPARTISAN,SCATTERING,84,0
2006,APRIL,CALUMET,BRILLION CITY WARDS 2 & 3,SPRING GENERAL,JUSTICE OF THE SUPREME COURT,NONPARTISAN,PATRICK CROOKS,229,229
2006,APRIL,CALUMET,BRILLION CITY WARDS 2 & 3,SPRING GENERAL,JUSTICE OF THE SUPREME COURT,NONPARTISAN,SCATTERING,229,0
2006,APRIL,CALUMET,BRILLION CITY WARD 5,SPRING GENERAL,JUSTICE OF THE SUPREME COURT,NONPARTISAN,PATRICK CROOKS,0,0
2006,APRIL,CALUMET,BRILLION CITY WARD 5,SPRING GENERAL,JUSTICE OF THE SUPREME COURT,NONPARTISAN,SCATTERING,0,0
2006,APRIL,CALUMET,CHILTON CITY WARDS 1 & 2,SPRING GENERAL,JUSTICE OF THE SUPREME COURT,NONPARTISAN,PATRICK CROOKS,116,116
2006,APRIL,CALUMET,CHILTON CITY WARDS 1 & 2,SPRING GENERAL,JUSTICE OF THE SUPREME COURT,NONPARTISAN,SCATTERING,116,0
2006,APRIL,CALUMET,CHILTON CITY WARDS 3 & 4,SPRING GENERAL,JUSTICE OF THE SUPREME COURT,NONPARTISAN,PATRICK CROOKS,80,80
2006,APRIL,CALUMET,CHILTON CITY WARDS 3 & 4,SPRING GENERAL,JUSTICE OF THE SUPREME COURT,NONPARTISAN,SCATTERING,80,0
2006,APRIL,CALUMET,KIEL CITY WARD 7,SPRING GENERAL,JUSTICE OF THE SUPREME COURT,NONPARTISAN,PATRICK CROOKS,10,10
2006,APRIL,CALUMET,KIEL CITY WARD 7,SPRING GENERAL,JUSTICE OF THE SUPREME COURT,NONPARTISAN,SCATTERING,10,0
2006,APRIL,CALUMET,KIEL CITY WARD 8,SPRING GENERAL,JUSTICE OF THE SUPREME COURT,NONPARTISAN,PATRICK CROOKS,0,0
2006,APRIL,CALUMET,KIEL CITY WARD 8,SPRING GENERAL,JUSTICE OF THE SUPREME COURT,NONPARTISAN,SCATTERING,0,0
2006,APRIL,CALUMET,"MENASHA CITY WARDS 11, 15 - 17, 19 - 21",SPRING GENERAL,JUSTICE OF THE SUPREME COURT,NONPARTISAN,PATRICK CROOKS,98,97
2006,APRIL,CALUMET,"MENASHA CITY WARDS 11, 15 - 17, 19 - 21",SPRING GENERAL,JUSTICE OF THE SUPREME COURT,NONPARTISAN,SCATTERING,98,1
2006,APRIL,CALUMET,"NEW HOLSTEIN CITY WARDS 1, 4 & 5",SPRING GENERAL,JUSTICE OF THE SUPREME COURT,NONPARTISAN,PATRICK CROOKS,183,182
2006,APRIL,CALUMET,"NEW HOLSTEIN CITY WARDS 1, 4 & 5",SPRING GENERAL,JUSTICE OF THE SUPREME COURT,NONPARTISAN,SCATTERING,183,1
2006,APRIL,CALUMET,NEW HOLSTEIN CITY WARDS 2 & 3,SPRING GENERAL,JUSTICE OF THE SUPREME COURT,NONPARTISAN,PATRICK CROOKS,101,101
2006,APRIL,CALUMET,NEW HOLSTEIN CITY WARDS 2 & 3,SPRING GENERAL,JUSTICE OF THE SUPREME COURT,NONPARTISAN,SCATTERING,101,0
2006,APRIL,CALUMET,NEW HOLSTEIN CITY WARD 6,SPRING GENERAL,JUSTICE OF THE SUPREME COURT,NONPARTISAN,PATRICK CROOKS,0,0
2006,APRIL,CALUMET,NEW HOLSTEIN CITY WARD 6,SPRING GENERAL,JUSTICE OF THE SUPREME COURT,NONPARTISAN,SCATTERING,0,0
2006,APRIL,CHIPPEWA,ANSON TOWN WARDS 1 - 3,SPRING GENERAL,JUSTICE OF THE SUPREME COURT,NONPARTISAN,PATRICK CROOKS,40,40
2006,APRIL,CHIPPEWA,ANSON TOWN WARDS 1 - 3,SPRING GENERAL,JUSTICE OF THE SUPREME COURT,NONPARTISAN,SCATTERING,40,0
2006,APRIL,CHIPPEWA,ARTHUR TOWN WARD 1,SPRING GENERAL,JUSTICE OF THE SUPREME COURT,NONPARTISAN,PATRICK CROOKS,52,52
2006,APRIL,CHIPPEWA,ARTHUR TOWN WARD 1,SPRING GENERAL,JUSTICE OF THE SUPREME COURT,NONPARTISAN,SCATTERING,52,0
2006,APRIL,CHIPPEWA,AUBURN TOWN WARD 1,SPRING GENERAL,JUSTICE OF THE SUPREME COURT,NONPARTISAN,PATRICK CROOKS,52,50
2006,APRIL,CHIPPEWA,AUBURN TOWN WARD 1,SPRING GENERAL,JUSTICE OF THE SUPREME COURT,NONPARTISAN,SCATTERING,52,2
2006,APRIL,CHIPPEWA,BIRCH CREEK TOWN WARD 1,SPRING GENERAL,JUSTICE OF THE SUPREME COURT,NONPARTISAN,PATRICK CROOKS,53,53
2006,APRIL,CHIPPEWA,BIRCH CREEK TOWN WARD 1,SPRING GENERAL,JUSTICE OF THE SUPREME COURT,NONPARTISAN,SCATTERING,53,0
2006,APRIL,CHIPPEWA,BLOOMER TOWN WARD 1,SPRING GENERAL,JUSTICE OF THE SUPREME COURT,NONPARTISAN,PATRICK CROOKS,27,27
2006,APRIL,CHIPPEWA,BLOOMER TOWN WARD 1,SPRING GENERAL,JUSTICE OF THE SUPREME COURT,NONPARTISAN,SCATTERING,27,0
2006,APRIL,CHIPPEWA,CLEVELAND TOWN WARD 1,SPRING GENERAL,JUSTICE OF THE SUPREME COURT,NONPARTISAN,PATRICK CROOKS,29,29
2006,APRIL,CHIPPEWA,CLEVELAND TOWN WARD 1,SPRING GENERAL,JUSTICE OF THE SUPREME COURT,NONPARTISAN,SCATTERING,29,0
2006,APRIL,CHIPPEWA,COLBURN TOWN WARD 1,SPRING GENERAL,JUSTICE OF THE SUPREME COURT,NONPARTISAN,PATRICK CROOKS,48,48
2006,APRIL,CHIPPEWA,COLBURN TOWN WARD 1,SPRING GENERAL,JUSTICE OF THE SUPREME COURT,NONPARTISAN,SCATTERING,48,0
2006,APRIL,CHIPPEWA,COOKS VALLEY TOWN WARD 1,SPRING GENERAL,JUSTICE OF THE SUPREME COURT,NONPARTISAN,PATRICK CROOKS,23,23
2006,APRIL,CHIPPEWA,COOKS VALLEY TOWN WARD 1,SPRING GENERAL,JUSTICE OF THE SUPREME COURT,NONPARTISAN,SCATTERING,23,0
2006,APRIL,CHIPPEWA,DELMAR TOWN WARD 1,SPRING GENERAL,JUSTICE OF THE SUPREME COURT,NONPARTISAN,PATRICK CROOKS,47,47
2006,APRIL,CHIPPEWA,DELMAR TOWN WARD 1,SPRING GENERAL,JUSTICE OF THE SUPREME COURT,NONPARTISAN,SCATTERING,47,0
2006,APRIL,CHIPPEWA,EAGLE POINT TOWN WARDS 1 - 4,SPRING GENERAL,JUSTICE OF THE SUPREME COURT,NONPARTISAN,PATRICK CROOKS,87,86
2006,APRIL,CHIPPEWA,EAGLE POINT TOWN WARDS 1 - 4,SPRING GENERAL,JUSTICE OF THE SUPREME COURT,NONPARTISAN,SCATTERING,87,1
2006,APRIL,CHIPPEWA,EDSON TOWN WARD 1,SPRING GENERAL,JUSTICE OF THE SUPREME COURT,NONPARTISAN,PATRICK CROOKS,48,47
2006,APRIL,CHIPPEWA,EDSON TOWN WARD 1,SPRING GENERAL,JUSTICE OF THE SUPREME COURT,NONPARTISAN,SCATTERING,48,1
2006,APRIL,CHIPPEWA,ESTELLA TOWN WARD 1,SPRING GENERAL,JUSTICE OF THE SUPREME COURT,NONPARTISAN,PATRICK CROOKS,29,29
2006,APRIL,CHIPPEWA,ESTELLA TOWN WARD 1,SPRING GENERAL,JUSTICE OF THE SUPREME COURT,NONPARTISAN,SCATTERING,29,0
2006,APRIL,CHIPPEWA,GOETZ TOWN WARDS 1 & 2,SPRING GENERAL,JUSTICE OF THE SUPREME COURT,NONPARTISAN,PATRICK CROOKS,63,63
2006,APRIL,CHIPPEWA,GOETZ TOWN WARDS 1 & 2,SPRING GENERAL,JUSTICE OF THE SUPREME COURT,NONPARTISAN,SCATTERING,63,0
2006,APRIL,CHIPPEWA,HALLIE TOWN WARDS 1 & 2,SPRING GENERAL,JUSTICE OF THE SUPREME COURT,NONPARTISAN,PATRICK CROOKS,41,41
2006,APRIL,CHIPPEWA,HALLIE TOWN WARDS 1 & 2,SPRING GENERAL,JUSTICE OF THE SUPREME COURT,NONPARTISAN,SCATTERING,41,0
2006,APRIL,CHIPPEWA,HOWARD TOWN WARD 1,SPRING GENERAL,JUSTICE OF THE SUPREME COURT,NONPARTISAN,PATRICK CROOKS,27,27
2006,APRIL,CHIPPEWA,HOWARD TOWN WARD 1,SPRING GENERAL,JUSTICE OF THE SUPREME COURT,NONPARTISAN,SCATTERING,27,0
2006,APRIL,CHIPPEWA,LAFAYETTE TOWN WARDS 1 - 7,SPRING GENERAL,JUSTICE OF THE SUPREME COURT,NONPARTISAN,PATRICK CROOKS,161,161
2006,APRIL,CHIPPEWA,LAFAYETTE TOWN WARDS 1 - 7,SPRING GENERAL,JUSTICE OF THE SUPREME COURT,NONPARTISAN,SCATTERING,161,0
2006,APRIL,CHIPPEWA,LAKE HOLCOMBE TOWN WARDS 1 & 2,SPRING GENERAL,JUSTICE OF THE SUPREME COURT,NONPARTISAN,PATRICK CROOKS,87,87
2006,APRIL,CHIPPEWA,LAKE HOLCOMBE TOWN WARDS 1 & 2,SPRING GENERAL,JUSTICE OF THE SUPREME COURT,NONPARTISAN,SCATTERING,87,0
2006,APRIL,CHIPPEWA,RUBY TOWN WARD 1,SPRING GENERAL,JUSTICE OF THE SUPREME COURT,NONPARTISAN,PATRICK CROOKS,26,25
2006,APRIL,CHIPPEWA,RUBY TOWN WARD 1,SPRING GENERAL,JUSTICE OF THE SUPREME COURT,NONPARTISAN,SCATTERING,26,1
2006,APRIL,CHIPPEWA,SAMPSON TOWN WARD 1,SPRING GENERAL,JUSTICE OF THE SUPREME COURT,NONPARTISAN,PATRICK CROOKS,85,84
2006,APRIL,CHIPPEWA,SAMPSON TOWN WARD 1,SPRING GENERAL,JUSTICE OF THE SUPREME COURT,NONPARTISAN,SCATTERING,85,1
2006,APRIL,CHIPPEWA,SIGEL TOWN WARDS 1 & 2,SPRING GENERAL,JUSTICE OF THE SUPREME COURT,NONPARTISAN,PATRICK CROOKS,63,63
2006,APRIL,CHIPPEWA,SIGEL TOWN WARDS 1 & 2,SPRING GENERAL,JUSTICE OF THE SUPREME COURT,NONPARTISAN,SCATTERING,63,0
2006,APRIL,CHIPPEWA,TILDEN TOWN WARDS 1 - 3,SPRING GENERAL,JUSTICE OF THE SUPREME COURT,NONPARTISAN,PATRICK CROOKS,106,106
2006,APRIL,CHIPPEWA,TILDEN TOWN WARDS 1 - 3,SPRING GENERAL,JUSTICE OF THE SUPREME COURT,NONPARTISAN,SCATTERING,106,0
2006,APRIL,CHIPPEWA,WHEATON TOWN WARDS 1 - 3,SPRING GENERAL,JUSTICE OF THE SUPREME COURT,NONPARTISAN,PATRICK CROOKS,81,81
2006,APRIL,CHIPPEWA,WHEATON TOWN WARDS 1 - 3,SPRING GENERAL,JUSTICE OF THE SUPREME COURT,NONPARTISAN,SCATTERING,81,0
2006,APRIL,CHIPPEWA,WOODMOHR TOWN WARDS 1 - 3,SPRING GENERAL,JUSTICE OF THE SUPREME COURT,NONPARTISAN,PATRICK CROOKS,46,46
2006,APRIL,CHIPPEWA,WOODMOHR TOWN WARDS 1 - 3,SPRING GENERAL,JUSTICE OF THE SUPREME COURT,NONPARTISAN,SCATTERING,46,0
2006,APRIL,CHIPPEWA,BOYD VILLAGE WARD 1,SPRING GENERAL,JUSTICE OF THE SUPREME COURT,NONPARTISAN,PATRICK CROOKS,89,89
2006,APRIL,CHIPPEWA,BOYD VILLAGE WARD 1,SPRING GENERAL,JUSTICE OF THE SUPREME COURT,NONPARTISAN,SCATTERING,89,0
2006,APRIL,CHIPPEWA,CADOTT VILLAGE WARDS 1 & 2,SPRING GENERAL,JUSTICE OF THE SUPREME COURT,NONPARTISAN,PATRICK CROOKS,150,149
2006,APRIL,CHIPPEWA,CADOTT VILLAGE WARDS 1 & 2,SPRING GENERAL,JUSTICE OF THE SUPREME COURT,NONPARTISAN,SCATTERING,150,1
2006,APRIL,CHIPPEWA,LAKE HALLIE VILLAGE WARDS 1 - 5,SPRING GENERAL,JUSTICE OF THE SUPREME COURT,NONPARTISAN,PATRICK CROOKS,238,237
2006,APRIL,CHIPPEWA,LAKE HALLIE VILLAGE WARDS 1 - 5,SPRING GENERAL,JUSTICE OF THE SUPREME COURT,NONPARTISAN,SCATTERING,238,1
2006,APRIL,CHIPPEWA,NEW AUBURN VILLAGE WARD 1,SPRING GENERAL,JUSTICE OF THE SUPREME COURT,NONPARTISAN,PATRICK CROOKS,65,65
2006,APRIL,CHIPPEWA,NEW AUBURN VILLAGE WARD 1,SPRING GENERAL,JUSTICE OF THE SUPREME COURT,NONPARTISAN,SCATTERING,65,0
2006,APRIL,CHIPPEWA,BLOOMER CITY WARD 1,SPRING GENERAL,JUSTICE OF THE SUPREME COURT,NONPARTISAN,PATRICK CROOKS,50,50
2006,APRIL,CHIPPEWA,BLOOMER CITY WARD 1,SPRING GENERAL,JUSTICE OF THE SUPREME COURT,NONPARTISAN,SCATTERING,50,0
2006,APRIL,CHIPPEWA,BLOOMER CITY WARD 2,SPRING GENERAL,JUSTICE OF THE SUPREME COURT,NONPARTISAN,PATRICK CROOKS,22,22
2006,APRIL,CHIPPEWA,BLOOMER CITY WARD 2,SPRING GENERAL,JUSTICE OF THE SUPREME COURT,NONPARTISAN,SCATTERING,22,0
2006,APRIL,CHIPPEWA,BLOOMER CITY WARD 3,SPRING GENERAL,JUSTICE OF THE SUPREME COURT,NONPARTISAN,PATRICK CROOKS,25,25
2006,APRIL,CHIPPEWA,BLOOMER CITY WARD 3,SPRING GENERAL,JUSTICE OF THE SUPREME COURT,NONPARTISAN,SCATTERING,25,0
2006,APRIL,CHIPPEWA,BLOOMER CITY WARD 4,SPRING GENERAL,JUSTICE OF THE SUPREME COURT,NONPARTISAN,PATRICK CROOKS,24,24
2006,APRIL,CHIPPEWA,BLOOMER CITY WARD 4,SPRING GENERAL,JUSTICE OF THE SUPREME COURT,NONPARTISAN,SCATTERING,24,0
2006,APRIL,CHIPPEWA,CHIPPEWA FALLS CITY WARD 1,SPRING GENERAL,JUSTICE OF THE SUPREME COURT,NONPARTISAN,PATRICK CROOKS,40,40
2006,APRIL,CHIPPEWA,CHIPPEWA FALLS CITY WARD 1,SPRING GENERAL,JUSTICE OF THE SUPREME COURT,NONPARTISAN,SCATTERING,40,0
2006,APRIL,CHIPPEWA,CHIPPEWA FALLS CITY WARD 2,SPRING GENERAL,JUSTICE OF THE SUPREME COURT,NONPARTISAN,PATRICK CROOKS,49,49
2006,APRIL,CHIPPEWA,CHIPPEWA FALLS CITY WARD 2,SPRING GENERAL,JUSTICE OF THE SUPREME COURT,NONPARTISAN,SCATTERING,49,0
2006,APRIL,CHIPPEWA,CHIPPEWA FALLS CITY WARD 3,SPRING GENERAL,JUSTICE OF THE SUPREME COURT,NONPARTISAN,PATRICK CROOKS,69,64
2006,APRIL,CHIPPEWA,CHIPPEWA FALLS CITY WARD 3,SPRING GENERAL,JUSTICE OF THE SUPREME COURT,NONPARTISAN,SCATTERING,69,5
2006,APRIL,CHIPPEWA,CHIPPEWA FALLS CITY WARD 4,SPRING GENERAL,JUSTICE OF THE SUPREME COURT,NONPARTISAN,PATRICK CROOKS,56,56
2006,APRIL,CHIPPEWA,CHIPPEWA FALLS CITY WARD 4,SPRING GENERAL,JUSTICE OF THE SUPREME COURT,NONPARTISAN,SCATTERING,56,0
2006,APRIL,CHIPPEWA,CHIPPEWA FALLS CITY WARD 5,SPRING GENERAL,JUSTICE OF THE SUPREME COURT,NONPARTISAN,PATRICK CROOKS,44,44
2006,APRIL,CHIPPEWA,CHIPPEWA FALLS CITY WARD 5,SPRING GENERAL,JUSTICE OF THE SUPREME COURT,NONPARTISAN,SCATTERING,44,0
2006,APRIL,CHIPPEWA,CHIPPEWA FALLS CITY WARDS 6 & 7,SPRING GENERAL,JUSTICE OF THE SUPREME COURT,NONPARTISAN,PATRICK CROOKS,131,130
2006,APRIL,CHIPPEWA,CHIPPEWA FALLS CITY WARDS 6 & 7,SPRING GENERAL,JUSTICE OF THE SUPREME COURT,NONPARTISAN,SCATTERING,131,1
2006,APRIL,CHIPPEWA,CORNELL CITY WARDS 1 - 4,SPRING GENERAL,JUSTICE OF THE SUPREME COURT,NONPARTISAN,PATRICK CROOKS,178,178
2006,APRIL,CHIPPEWA,CORNELL CITY WARDS 1 - 4,SPRING GENERAL,JUSTICE OF THE SUPREME COURT,NONPARTISAN,SCATTERING,178,0
2006,APRIL,CHIPPEWA,EAU CLAIRE CITY WARDS 16 & 40,SPRING GENERAL,JUSTICE OF THE SUPREME COURT,NONPARTISAN,PATRICK CROOKS,78,76
2006,APRIL,CHIPPEWA,EAU CLAIRE CITY WARDS 16 & 40,SPRING GENERAL,JUSTICE OF THE SUPREME COURT,NONPARTISAN,SCATTERING,78,2
2006,APRIL,CHIPPEWA,STANLEY CITY WARD 1,SPRING GENERAL,JUSTICE OF THE SUPREME COURT,NONPARTISAN,PATRICK CROOKS,68,68
2006,APRIL,CHIPPEWA,STANLEY CITY WARD 1,SPRING GENERAL,JUSTICE OF THE SUPREME COURT,NONPARTISAN,SCATTERING,68,0
2006,APRIL,CHIPPEWA,STANLEY CITY WARD 2,SPRING GENERAL,JUSTICE OF THE SUPREME COURT,NONPARTISAN,PATRICK CROOKS,19,19
2006,APRIL,CHIPPEWA,STANLEY CITY WARD 2,SPRING GENERAL,JUSTICE OF THE SUPREME COURT,NONPARTISAN,SCATTERING,19,0
2006,APRIL,CHIPPEWA,STANLEY CITY WARD 3,SPRING GENERAL,JUSTICE OF THE SUPREME COURT,NONPARTISAN,PATRICK CROOKS,49,49
2006,APRIL,CHIPPEWA,STANLEY CITY WARD 3,SPRING GENERAL,JUSTICE OF THE SUPREME COURT,NONPARTISAN,SCATTERING,49,0
2006,APRIL,CHIPPEWA,STANLEY CITY WARD 4,SPRING GENERAL,JUSTICE OF THE SUPREME COURT,NONPARTISAN,PATRICK CROOKS,26,26
2006,APRIL,CHIPPEWA,STANLEY CITY WARD 4,SPRING GENERAL,JUSTICE OF THE SUPREME COURT,NONPARTISAN,SCATTERING,26,0
2006,APRIL,CLARK,BEAVER TOWN WARD 1,SPRING GENERAL,JUSTICE OF THE SUPREME COURT,NONPARTISAN,PATRICK CROOKS,21,21
2006,APRIL,CLARK,BEAVER TOWN WARD 1,SPRING GENERAL,JUSTICE OF THE SUPREME COURT,NONPARTISAN,SCATTERING,21,0
2006,APRIL,CLARK,BEAVER TOWN WARD 2,SPRING GENERAL,JUSTICE OF THE SUPREME COURT,NONPARTISAN,PATRICK CROOKS,87,87
2006,APRIL,CLARK,BEAVER TOWN WARD 2,SPRING GENERAL,JUSTICE OF THE SUPREME COURT,NONPARTISAN,SCATTERING,87,0
2006,APRIL,CLARK,BUTLER TOWN WARD 1,SPRING GENERAL,JUSTICE OF THE SUPREME COURT,NONPARTISAN,PATRICK CROOKS,15,15
2006,APRIL,CLARK,BUTLER TOWN WARD 1,SPRING GENERAL,JUSTICE OF THE SUPREME COURT,NONPARTISAN,SCATTERING,15,0
2006,APRIL,CLARK,COLBY TOWN WARD 1,SPRING GENERAL,JUSTICE OF THE SUPREME COURT,NONPARTISAN,PATRICK CROOKS,85,82
2006,APRIL,CLARK,COLBY TOWN WARD 1,SPRING GENERAL,JUSTICE OF THE SUPREME COURT,NONPARTISAN,SCATTERING,85,3
2006,APRIL,CLARK,DEWHURST TOWN WARD 1,SPRING GENERAL,JUSTICE OF THE SUPREME COURT,NONPARTISAN,PATRICK CROOKS,96,96
2006,APRIL,CLARK,DEWHURST TOWN WARD 1,SPRING GENERAL,JUSTICE OF THE SUPREME COURT,NONPARTISAN,SCATTERING,96,0
2006,APRIL,CLARK,EATON TOWN WARD 1,SPRING GENERAL,JUSTICE OF THE SUPREME COURT,NONPARTISAN,PATRICK CROOKS,66,66
2006,APRIL,CLARK,EATON TOWN WARD 1,SPRING GENERAL,JUSTICE OF THE SUPREME COURT,NONPARTISAN,SCATTERING,66,0
2006,APRIL,CLARK,EATON TOWN WARD 2,SPRING GENERAL,JUSTICE OF THE SUPREME COURT,NONPARTISAN,PATRICK CROOKS,11,11
2006,APRIL,CLARK,EATON TOWN WARD 2,SPRING GENERAL,JUSTICE OF THE SUPREME COURT,NONPARTISAN,SCATTERING,11,0
2006,APRIL,CLARK,FOSTER TOWN WARD 1,SPRING GENERAL,JUSTICE OF THE SUPREME COURT,NONPARTISAN,PATRICK CROOKS,23,23
2006,APRIL,CLARK,FOSTER TOWN WARD 1,SPRING GENERAL,JUSTICE OF THE SUPREME COURT,NONPARTISAN,SCATTERING,23,0
2006,APRIL,CLARK,FREMONT TOWN WARD 1,SPRING GENERAL,JUSTICE OF THE SUPREME COURT,NONPARTISAN,PATRICK CROOKS,72,72
2006,APRIL,CLARK,FREMONT TOWN WARD 1,SPRING GENERAL,JUSTICE OF THE SUPREME COURT,NONPARTISAN,SCATTERING,72,0
2006,APRIL,CLARK,FREMONT TOWN WARD 2,SPRING GENERAL,JUSTICE OF THE SUPREME COURT,NONPARTISAN,PATRICK CROOKS,26,26
2006,APRIL,CLARK,FREMONT TOWN WARD 2,SPRING GENERAL,JUSTICE OF THE SUPREME COURT,NONPARTISAN,SCATTERING,26,0
2006,APRIL,CLARK,GRANT TOWN WARD 1,SPRING GENERAL,JUSTICE OF THE SUPREME COURT,NONPARTISAN,PATRICK CROOKS,60,59
2006,APRIL,CLARK,GRANT TOWN WARD 1,SPRING GENERAL,JUSTICE OF THE SUPREME COURT,NONPARTISAN,SCATTERING,60,1
2006,APRIL,CLARK,GRANT TOWN WARD 2,SPRING GENERAL,JUSTICE OF THE SUPREME COURT,NONPARTISAN,PATRICK CROOKS,26,26
2006,APRIL,CLARK,GRANT TOWN WARD 2,SPRING GENERAL,JUSTICE OF THE SUPREME COURT,NONPARTISAN,SCATTERING,26,0
2006,APRIL,CLARK,GREEN GROVE TOWN WARD 1,SPRING GENERAL,JUSTICE OF THE SUPREME COURT,NONPARTISAN,PATRICK CROOKS,128,127
2006,APRIL,CLARK,GREEN GROVE TOWN WARD 1,SPRING GENERAL,JUSTICE OF THE SUPREME COURT,NONPARTISAN,SCATTERING,128,1
2006,APRIL,CLARK,HENDREN TOWN WARD 1,SPRING GENERAL,JUSTICE OF THE SUPREME COURT,NONPARTISAN,PATRICK CROOKS,83,82
2006,APRIL,CLARK,HENDREN TOWN WARD 1,SPRING GENERAL,JUSTICE OF THE SUPREME COURT,NONPARTISAN,SCATTERING,83,1
2006,APRIL,CLARK,HEWETT TOWN WARD 1,SPRING GENERAL,JUSTICE OF THE SUPREME COURT,NONPARTISAN,PATRICK CROOKS,42,42
2006,APRIL,CLARK,HEWETT TOWN WARD 1,SPRING GENERAL,JUSTICE OF THE SUPREME COURT,NONPARTISAN,SCATTERING,42,0
2006,APRIL,CLARK,HEWETT TOWN WARD 2,SPRING GENERAL,JUSTICE OF THE SUPREME COURT,NONPARTISAN,PATRICK CROOKS,9,9
2006,APRIL,CLARK,HEWETT TOWN WARD 2,SPRING GENERAL,JUSTICE OF THE SUPREME COURT,NONPARTISAN,SCATTERING,9,0
2006,APRIL,CLARK,HIXON TOWN WARD 1,SPRING GENERAL,JUSTICE OF THE SUPREME COURT,NONPARTISAN,PATRICK CROOKS,68,68
2006,APRIL,CLARK,HIXON TOWN WARD 1,SPRING GENERAL,JUSTICE OF THE SUPREME COURT,NONPARTISAN,SCATTERING,68,0
2006,APRIL,CLARK,HIXON TOWN WARD 2,SPRING GENERAL,JUSTICE OF THE SUPREME COURT,NONPARTISAN,PATRICK CROOKS,10,10
2006,APRIL,CLARK,HIXON TOWN WARD 2,SPRING GENERAL,JUSTICE OF THE SUPREME COURT,NONPARTISAN,SCATTERING,10,0
2006,APRIL,CLARK,HOARD TOWN WARD 1,SPRING GENERAL,JUSTICE OF THE SUPREME COURT,NONPARTISAN,PATRICK CROOKS,37,37
2006,APRIL,CLARK,HOARD TOWN WARD 1,SPRING GENERAL,JUSTICE OF THE SUPREME COURT,NONPARTISAN,SCATTERING,37,0
2006,APRIL,CLARK,HOARD TOWN WARD 2,SPRING GENERAL,JUSTICE OF THE SUPREME COURT,NONPARTISAN,PATRICK CROOKS,49,49
2006,APRIL,CLARK,HOARD TOWN WARD 2,SPRING GENERAL,JUSTICE OF THE SUPREME COURT,NONPARTISAN,SCATTERING,49,0
2006,APRIL,CLARK,LEVIS TOWN WARD 1,SPRING GENERAL,JUSTICE OF THE SUPREME COURT,NONPARTISAN,PATRICK CROOKS,30,30
2006,APRIL,CLARK,LEVIS TOWN WARD 1,SPRING GENERAL,JUSTICE OF THE SUPREME COURT,NONPARTISAN,SCATTERING,30,0
2006,APRIL,CLARK,LEVIS TOWN WARD 2,SPRING GENERAL,JUSTICE OF THE SUPREME COURT,NONPARTISAN,PATRICK CROOKS,23,23
2006,APRIL,CLARK,LEVIS TOWN WARD 2,SPRING GENERAL,JUSTICE OF THE SUPREME COURT,NONPARTISAN,SCATTERING,23,0
2006,APRIL,CLARK,LONGWOOD TOWN WARD 1,SPRING GENERAL,JUSTICE OF THE SUPREME COURT,NONPARTISAN,PATRICK CROOKS,36,36
2006,APRIL,CLARK,LONGWOOD TOWN WARD 1,SPRING GENERAL,JUSTICE OF THE SUPREME COURT,NONPARTISAN,SCATTERING,36,0
2006,APRIL,CLARK,LONGWOOD TOWN WARD 2,SPRING GENERAL,JUSTICE OF THE SUPREME COURT,NONPARTISAN,PATRICK CROOKS,61,61
2006,APRIL,CLARK,LONGWOOD TOWN WARD 2,SPRING GENERAL,JUSTICE OF THE SUPREME COURT,NONPARTISAN,SCATTERING,61,0
2006,APRIL,CLARK,LOYAL TOWN WARD 1,SPRING GENERAL,JUSTICE OF THE SUPREME COURT,NONPARTISAN,PATRICK CROOKS,57,56
2006,APRIL,CLARK,LOYAL TOWN WARD 1,SPRING GENERAL,JUSTICE OF THE SUPREME COURT,NONPARTISAN,SCATTERING,57,1
2006,APRIL,CLARK,LOYAL TOWN WARD 2,SPRING GENERAL,JUSTICE OF THE SUPREME COURT,NONPARTISAN,PATRICK CROOKS,61,61
2006,APRIL,CLARK,LOYAL TOWN WARD 2,SPRING GENERAL,JUSTICE OF THE SUPREME COURT,NONPARTISAN,SCATTERING,61,0
2006,APRIL,CLARK,LYNN TOWN WARD 1,SPRING GENERAL,JUSTICE OF THE SUPREME COURT,NONPARTISAN,PATRICK CROOKS,23,22
2006,APRIL,CLARK,LYNN TOWN WARD 1,SPRING GENERAL,JUSTICE OF THE SUPREME COURT,NONPARTISAN,SCATTERING,23,1
2006,APRIL,CLARK,LYNN TOWN WARD 2,SPRING GENERAL,JUSTICE OF THE SUPREME COURT,NONPARTISAN,PATRICK CROOKS,37,37
2006,APRIL,CLARK,LYNN TOWN WARD 2,SPRING GENERAL,JUSTICE OF THE SUPREME COURT,NONPARTISAN,SCATTERING,37,0
2006,APRIL,CLARK,MAYVILLE TOWN WARD 1,SPRING GENERAL,JUSTICE OF THE SUPREME COURT,NONPARTISAN,PATRICK CROOKS,44,44
2006,APRIL,CLARK,MAYVILLE TOWN WARD 1,SPRING GENERAL,JUSTICE OF THE SUPREME COURT,NONPARTISAN,SCATTERING,44,0
2006,APRIL,CLARK,MAYVILLE TOWN WARD 2,SPRING GENERAL,JUSTICE OF THE SUPREME COURT,NONPARTISAN,PATRICK CROOKS,54,54
2006,APRIL,CLARK,MAYVILLE TOWN WARD 2,SPRING GENERAL,JUSTICE OF THE SUPREME COURT,NONPARTISAN,SCATTERING,54,0
2006,APRIL,CLARK,MEAD TOWN WARD 1,SPRING GENERAL,JUSTICE OF THE SUPREME COURT,NONPARTISAN,PATRICK CROOKS,50,50
2006,APRIL,CLARK,MEAD TOWN WARD 1,SPRING GENERAL,JUSTICE OF THE SUPREME COURT,NONPARTISAN,SCATTERING,50,0
2006,APRIL,CLARK,MENTOR TOWN WARD 1,SPRING GENERAL,JUSTICE OF THE SUPREME COURT,NONPARTISAN,PATRICK CROOKS,48,48
2006,APRIL,CLARK,MENTOR TOWN WARD 1,SPRING GENERAL,JUSTICE OF THE SUPREME COURT,NONPARTISAN,SCATTERING,48,0
2006,APRIL,CLARK,PINE VALLEY TOWN WARD 1,SPRING GENERAL,JUSTICE OF THE SUPREME COURT,NONPARTISAN,PATRICK CROOKS,69,69
2006,APRIL,CLARK,PINE VALLEY TOWN WARD 1,SPRING GENERAL,JUSTICE OF THE SUPREME COURT,NONPARTISAN,SCATTERING,69,0
2006,APRIL,CLARK,PINE VALLEY TOWN WARD 2,SPRING GENERAL,JUSTICE OF THE SUPREME COURT,NONPARTISAN,PATRICK CROOKS,118,117
2006,APRIL,CLARK,PINE VALLEY TOWN WARD 2,SPRING GENERAL,JUSTICE OF THE SUPREME COURT,NONPARTISAN,SCATTERING,118,1
2006,APRIL,CLARK,RESEBURG TOWN WARD 1,SPRING GENERAL,JUSTICE OF THE SUPREME COURT,NONPARTISAN,PATRICK CROOKS,66,66
2006,APRIL,CLARK,RESEBURG TOWN WARD 1,SPRING GENERAL,JUSTICE OF THE SUPREME COURT,NONPARTISAN,SCATTERING,66,0
2006,APRIL,CLARK,RESEBURG TOWN WARD 2,SPRING GENERAL,JUSTICE OF THE SUPREME COURT,NONPARTISAN,PATRICK CROOKS,15,15
2006,APRIL,CLARK,RESEBURG TOWN WARD 2,SPRING GENERAL,JUSTICE OF THE SUPREME COURT,NONPARTISAN,SCATTERING,15,0
2006,APRIL,CLARK,SEIF TOWN WARD 1,SPRING GENERAL,JUSTICE OF THE SUPREME COURT,NONPARTISAN,PATRICK CROOKS,35,35
2006,APRIL,CLARK,SEIF TOWN WARD 1,SPRING GENERAL,JUSTICE OF THE SUPREME COURT,NONPARTISAN,SCATTERING,35,0
2006,APRIL,CLARK,SHERMAN TOWN WARD 1,SPRING GENERAL,JUSTICE OF THE SUPREME COURT,NONPARTISAN,PATRICK CROOKS,101,101
2006,APRIL,CLARK,SHERMAN TOWN WARD 1,SPRING GENERAL,JUSTICE OF THE SUPREME COURT,NONPARTISAN,SCATTERING,101,0
2006,APRIL,CLARK,SHERWOOD TOWN WARD 1,SPRING GENERAL,JUSTICE OF THE SUPREME COURT,NONPARTISAN,PATRICK CROOKS,48,48
2006,APRIL,CLARK,SHERWOOD TOWN WARD 1,SPRING GENERAL,JUSTICE OF THE SUPREME COURT,NONPARTISAN,SCATTERING,48,0
2006,APRIL,CLARK,THORP TOWN WARD 1,SPRING GENERAL,JUSTICE OF THE SUPREME COURT,NONPARTISAN,PATRICK CROOKS,66,66
2006,APRIL,CLARK,THORP TOWN WARD 1,SPRING GENERAL,JUSTICE OF THE SUPREME COURT,NONPARTISAN,SCATTERING,66,0
2006,APRIL,CLARK,UNITY TOWN WARD 1,SPRING GENERAL,JUSTICE OF THE SUPREME COURT,NONPARTISAN,PATRICK CROOKS,136,136
2006,APRIL,CLARK,UNITY TOWN WARD 1,SPRING GENERAL,JUSTICE OF THE SUPREME COURT,NONPARTISAN,SCATTERING,136,0
2006,APRIL,CLARK,WARNER TOWN WARD 1,SPRING GENERAL,JUSTICE OF THE SUPREME COURT,NONPARTISAN,PATRICK CROOKS,84,84
2006,APRIL,CLARK,WARNER TOWN WARD 1,SPRING GENERAL,JUSTICE OF THE SUPREME COURT,NONPARTISAN,SCATTERING,84,0
2006,APRIL,CLARK,WARNER TOWN WARD 2,SPRING GENERAL,JUSTICE OF THE SUPREME COURT,NONPARTISAN,PATRICK CROOKS,6,6
2006,APRIL,CLARK,WARNER TOWN WARD 2,SPRING GENERAL,JUSTICE OF THE SUPREME COURT,NONPARTISAN,SCATTERING,6,0
2006,APRIL,CLARK,WASHBURN TOWN WARD 1,SPRING GENERAL,JUSTICE OF THE SUPREME COURT,NONPARTISAN,PATRICK CROOKS,13,13
2006,APRIL,CLARK,WASHBURN TOWN WARD 1,SPRING GENERAL,JUSTICE OF THE SUPREME COURT,NONPARTISAN,SCATTERING,13,0
2006,APRIL,CLARK,WASHBURN TOWN WARD 2,SPRING GENERAL,JUSTICE OF THE SUPREME COURT,NONPARTISAN,PATRICK CROOKS,38,38
2006,APRIL,CLARK,WASHBURN TOWN WARD 2,SPRING GENERAL,JUSTICE OF THE SUPREME COURT,NONPARTISAN,SCATTERING,38,0
2006,APRIL,CLARK,WESTON TOWN WARD 1,SPRING GENERAL,JUSTICE OF THE SUPREME COURT,NONPARTISAN,PATRICK CROOKS,16,16
2006,APRIL,CLARK,WESTON TOWN WARD 1,SPRING GENERAL,JUSTICE OF THE SUPREME COURT,NONPARTISAN,SCATTERING,16,0
2006,APRIL,CLARK,WESTON TOWN WARD 2,SPRING GENERAL,JUSTICE OF THE SUPREME COURT,NONPARTISAN,PATRICK CROOKS,69,69
2006,APRIL,CLARK,WESTON TOWN WARD 2,SPRING GENERAL,JUSTICE OF THE SUPREME COURT,NONPARTISAN,SCATTERING,69,0
2006,APRIL,CLARK,WITHEE TOWN WARD 1,SPRING GENERAL,JUSTICE OF THE SUPREME COURT,NONPARTISAN,PATRICK CROOKS,109,108
2006,APRIL,CLARK,WITHEE TOWN WARD 1,SPRING GENERAL,JUSTICE OF THE SUPREME COURT,NONPARTISAN,SCATTERING,109,1
2006,APRIL,CLARK,WORDEN TOWN WARDS 1 & 2,SPRING GENERAL,JUSTICE OF THE SUPREME COURT,NONPARTISAN,PATRICK CROOKS,80,80
2006,APRIL,CLARK,WORDEN TOWN WARDS 1 & 2,SPRING GENERAL,JUSTICE OF THE SUPREME COURT,NONPARTISAN,SCATTERING,80,0
2006,APRIL,CLARK,YORK TOWN WARD 1,SPRING GENERAL,JUSTICE OF THE SUPREME COURT,NONPARTISAN,PATRICK CROOKS,165,163
2006,APRIL,CLARK,YORK TOWN WARD 1,SPRING GENERAL,JUSTICE OF THE SUPREME COURT,NONPARTISAN,SCATTERING,165,2
2006,APRIL,CLARK,CURTISS VILLAGE WARD 1,SPRING GENERAL,JUSTICE OF THE SUPREME COURT,NONPARTISAN,PATRICK CROOKS,31,31
2006,APRIL,CLARK,CURTISS VILLAGE WARD 1,SPRING GENERAL,JUSTICE OF THE SUPREME COURT,NONPARTISAN,SCATTERING,31,0
2006,APRIL,CLARK,DORCHESTER VILLAGE WARD 1,SPRING GENERAL,JUSTICE OF THE SUPREME COURT,NONPARTISAN,PATRICK CROOKS,106,106
2006,APRIL,CLARK,DORCHESTER VILLAGE WARD 1,SPRING GENERAL,JUSTICE OF THE SUPREME COURT,NONPARTISAN,SCATTERING,106,0
2006,APRIL,CLARK,GRANTON VILLAGE WARD 1,SPRING GENERAL,JUSTICE OF THE SUPREME COURT,NONPARTISAN,PATRICK CROOKS,55,55
2006,APRIL,CLARK,GRANTON VILLAGE WARD 1,SPRING GENERAL,JUSTICE OF THE SUPREME COURT,NONPARTISAN,SCATTERING,55,0
2006,APRIL,CLARK,UNITY VILLAGE WARD 2,SPRING GENERAL,JUSTICE OF THE SUPREME COURT,NONPARTISAN,PATRICK CROOKS,24,24
2006,APRIL,CLARK,UNITY VILLAGE WARD 2,SPRING GENERAL,JUSTICE OF THE SUPREME COURT,NONPARTISAN,SCATTERING,24,0
2006,APRIL,CLARK,WITHEE VILLAGE WARD 1,SPRING GENERAL,JUSTICE OF THE SUPREME COURT,NONPARTISAN,PATRICK CROOKS,69,69
2006,APRIL,CLARK,WITHEE VILLAGE WARD 1,SPRING GENERAL,JUSTICE OF THE SUPREME COURT,NONPARTISAN,SCATTERING,69,0
2006,APRIL,CLARK,ABBOTSFORD CITY WARD 2,SPRING GENERAL,JUSTICE OF THE SUPREME COURT,NONPARTISAN,PATRICK CROOKS,96,96
2006,APRIL,CLARK,ABBOTSFORD CITY WARD 2,SPRING GENERAL,JUSTICE OF THE SUPREME COURT,NONPARTISAN,SCATTERING,96,0
2006,APRIL,CLARK,ABBOTSFORD CITY WARD 3,SPRING GENERAL,JUSTICE OF THE SUPREME COURT,NONPARTISAN,PATRICK CROOKS,63,63
2006,APRIL,CLARK,ABBOTSFORD CITY WARD 3,SPRING GENERAL,JUSTICE OF THE SUPREME COURT,NONPARTISAN,SCATTERING,63,0
2006,APRIL,CLARK,ABBOTSFORD CITY WARD 4,SPRING GENERAL,JUSTICE OF THE SUPREME COURT,NONPARTISAN,PATRICK CROOKS,87,87
2006,APRIL,CLARK,ABBOTSFORD CITY WARD 4,SPRING GENERAL,JUSTICE OF THE SUPREME COURT,NONPARTISAN,SCATTERING,87,0
2006,APRIL,CLARK,COLBY CITY WARD 2,SPRING GENERAL,JUSTICE OF THE SUPREME COURT,NONPARTISAN,PATRICK CROOKS,101,101
2006,APRIL,CLARK,COLBY CITY WARD 2,SPRING GENERAL,JUSTICE OF THE SUPREME COURT,NONPARTISAN,SCATTERING,101,0
2006,APRIL,CLARK,COLBY CITY WARD 3,SPRING GENERAL,JUSTICE OF THE SUPREME COURT,NONPARTISAN,PATRICK CROOKS,96,96
2006,APRIL,CLARK,COLBY CITY WARD 3,SPRING GENERAL,JUSTICE OF THE SUPREME COURT,NONPARTISAN,SCATTERING,96,0
2006,APRIL,CLARK,COLBY CITY WARD 4,SPRING GENERAL,JUSTICE OF THE SUPREME COURT,NONPARTISAN,PATRICK CROOKS,76,76
2006,APRIL,CLARK,COLBY CITY WARD 4,SPRING GENERAL,JUSTICE OF THE SUPREME COURT,NONPARTISAN,SCATTERING,76,0
2006,APRIL,CLARK,GREENWOOD CITY WARD 1,SPRING GENERAL,JUSTICE OF THE SUPREME COURT,NONPARTISAN,PATRICK CROOKS,76,76
2006,APRIL,CLARK,GREENWOOD CITY WARD 1,SPRING GENERAL,JUSTICE OF THE SUPREME COURT,NONPARTISAN,SCATTERING,76,0
2006,APRIL,CLARK,GREENWOOD CITY WARD 2,SPRING GENERAL,JUSTICE OF THE SUPREME COURT,NONPARTISAN,PATRICK CROOKS,53,53
2006,APRIL,CLARK,GREENWOOD CITY WARD 2,SPRING GENERAL,JUSTICE OF THE SUPREME COURT,NONPARTISAN,SCATTERING,53,0
2006,APRIL,CLARK,LOYAL CITY WARD 1,SPRING GENERAL,JUSTICE OF THE SUPREME COURT,NONPARTISAN,PATRICK CROOKS,164,164
2006,APRIL,CLARK,LOYAL CITY WARD 1,SPRING GENERAL,JUSTICE OF THE SUPREME COURT,NONPARTISAN,SCATTERING,164,0
2006,APRIL,CLARK,LOYAL CITY WARD 2,SPRING GENERAL,JUSTICE OF THE SUPREME COURT,NONPARTISAN,PATRICK CROOKS,79,78
2006,APRIL,CLARK,LOYAL CITY WARD 2,SPRING GENERAL,JUSTICE OF THE SUPREME COURT,NONPARTISAN,SCATTERING,79,1
2006,APRIL,CLARK,LOYAL CITY WARD 3,SPRING GENERAL,JUSTICE OF THE SUPREME COURT,NONPARTISAN,PATRICK CROOKS,41,41
2006,APRIL,CLARK,LOYAL CITY WARD 3,SPRING GENERAL,JUSTICE OF THE SUPREME COURT,NONPARTISAN,SCATTERING,41,0
2006,APRIL,CLARK,NEILLSVILLE CITY WARD 1,SPRING GENERAL,JUSTICE OF THE SUPREME COURT,NONPARTISAN,PATRICK CROOKS,79,78
2006,APRIL,CLARK,NEILLSVILLE CITY WARD 1,SPRING GENERAL,JUSTICE OF THE SUPREME COURT,NONPARTISAN,SCATTERING,79,1
2006,APRIL,CLARK,NEILLSVILLE CITY WARD 2,SPRING GENERAL,JUSTICE OF THE SUPREME COURT,NONPARTISAN,PATRICK CROOKS,56,56
2006,APRIL,CLARK,NEILLSVILLE CITY WARD 2,SPRING GENERAL,JUSTICE OF THE SUPREME COURT,NONPARTISAN,SCATTERING,56,0
2006,APRIL,CLARK,NEILLSVILLE CITY WARD 3,SPRING GENERAL,JUSTICE OF THE SUPREME COURT,NONPARTISAN,PATRICK CROOKS,82,82
2006,APRIL,CLARK,NEILLSVILLE CITY WARD 3,SPRING GENERAL,JUSTICE OF THE SUPREME COURT,NONPARTISAN,SCATTERING,82,0
2006,APRIL,CLARK,NEILLSVILLE CITY WARD 4,SPRING GENERAL,JUSTICE OF THE SUPREME COURT,NONPARTISAN,PATRICK CROOKS,74,74
2006,APRIL,CLARK,NEILLSVILLE CITY WARD 4,SPRING GENERAL,JUSTICE OF THE SUPREME COURT,NONPARTISAN,SCATTERING,74,0
2006,APRIL,CLARK,NEILLSVILLE CITY WARD 5,SPRING GENERAL,JUSTICE OF THE SUPREME COURT,NONPARTISAN,PATRICK CROOKS,57,57
2006,APRIL,CLARK,NEILLSVILLE CITY WARD 5,SPRING GENERAL,JUSTICE OF THE SUPREME COURT,NONPARTISAN,SCATTERING,57,0
2006,APRIL,CLARK,OWEN CITY WARD 1,SPRING GENERAL,JUSTICE OF THE SUPREME COURT,NONPARTISAN,PATRICK CROOKS,78,78
2006,APRIL,CLARK,OWEN CITY WARD 1,SPRING GENERAL,JUSTICE OF THE SUPREME COURT,NONPARTISAN,SCATTERING,78,0
2006,APRIL,CLARK,OWEN CITY WARD 2,SPRING GENERAL,JUSTICE OF THE SUPREME COURT,NONPARTISAN,PATRICK CROOKS,36,36
2006,APRIL,CLARK,OWEN CITY WARD 2,SPRING GENERAL,JUSTICE OF THE SUPREME COURT,NONPARTISAN,SCATTERING,36,0
2006,APRIL,CLARK,OWEN CITY WARD 3,SPRING GENERAL,JUSTICE OF THE SUPREME COURT,NONPARTISAN,PATRICK CROOKS,39,39
2006,APRIL,CLARK,OWEN CITY WARD 3,SPRING GENERAL,JUSTICE OF THE SUPREME COURT,NONPARTISAN,SCATTERING,39,0
2006,APRIL,CLARK,STANLEY CITY WARD 5,SPRING GENERAL,JUSTICE OF THE SUPREME COURT,NONPARTISAN,PATRICK CROOKS,0,0
2006,APRIL,CLARK,STANLEY CITY WARD 5,SPRING GENERAL,JUSTICE OF THE SUPREME COURT,NONPARTISAN,SCATTERING,0,0
2006,APRIL,CLARK,THORP CITY WARD 1,SPRING GENERAL,JUSTICE OF THE SUPREME COURT,NONPARTISAN,PATRICK CROOKS,40,40
2006,APRIL,CLARK,THORP CITY WARD 1,SPRING GENERAL,JUSTICE OF THE SUPREME COURT,NONPARTISAN,SCATTERING,40,0
2006,APRIL,CLARK,THORP CITY WARD 2,SPRING GENERAL,JUSTICE OF THE SUPREME COURT,NONPARTISAN,PATRICK CROOKS,58,58
2006,APRIL,CLARK,THORP CITY WARD 2,SPRING GENERAL,JUSTICE OF THE SUPREME COURT,NONPARTISAN,SCATTERING,58,0
2006,APRIL,CLARK,THORP CITY WARD 3,SPRING GENERAL,JUSTICE OF THE SUPREME COURT,NONPARTISAN,PATRICK CROOKS,43,43
2006,APRIL,CLARK,THORP CITY WARD 3,SPRING GENERAL,JUSTICE OF THE SUPREME COURT,NONPARTISAN,SCATTERING,43,0
2006,APRIL,CLARK,THORP CITY WARD 4,SPRING GENERAL,JUSTICE OF THE SUPREME COURT,NONPARTISAN,PATRICK CROOKS,23,23
2006,APRIL,CLARK,THORP CITY WARD 4,SPRING GENERAL,JUSTICE OF THE SUPREME COURT,NONPARTISAN,SCATTERING,23,0
2006,APRIL,CLARK,THORP CITY WARD 5,SPRING GENERAL,JUSTICE OF THE SUPREME COURT,NONPARTISAN,PATRICK CROOKS,55,55
2006,APRIL,CLARK,THORP CITY WARD 5,SPRING GENERAL,JUSTICE OF THE SUPREME COURT,NONPARTISAN,SCATTERING,55,0
2006,APRIL,CLARK,THORP CITY WARD 6,SPRING GENERAL,JUSTICE OF THE SUPREME COURT,NONPARTISAN,PATRICK CROOKS,15,15
2006,APRIL,CLARK,THORP CITY WARD 6,SPRING GENERAL,JUSTICE OF THE SUPREME COURT,NONPARTISAN,SCATTERING,15,0
2006,APRIL,COLUMBIA,ARLINGTON TOWN WARDS 1 & 2,SPRING GENERAL,JUSTICE OF THE SUPREME COURT,NONPARTISAN,PATRICK CROOKS,64,63
2006,APRIL,COLUMBIA,ARLINGTON TOWN WARDS 1 & 2,SPRING GENERAL,JUSTICE OF THE SUPREME COURT,NONPARTISAN,SCATTERING,64,1
2006,APRIL,COLUMBIA,CALEDONIA TOWN WARDS 1 & 2,SPRING GENERAL,JUSTICE OF THE SUPREME COURT,NONPARTISAN,PATRICK CROOKS,49,48
2006,APRIL,COLUMBIA,CALEDONIA TOWN WARDS 1 & 2,SPRING GENERAL,JUSTICE OF THE SUPREME COURT,NONPARTISAN,SCATTERING,49,1
2006,APRIL,COLUMBIA,COLUMBUS TOWN WARD 1,SPRING GENERAL,JUSTICE OF THE SUPREME COURT,NONPARTISAN,PATRICK CROOKS,68,67
2006,APRIL,COLUMBIA,COLUMBUS TOWN WARD 1,SPRING GENERAL,JUSTICE OF THE SUPREME COURT,NONPARTISAN,SCATTERING,68,1
2006,APRIL,COLUMBIA,COURTLAND TOWN WARDS 1 & 2,SPRING GENERAL,JUSTICE OF THE SUPREME COURT,NONPARTISAN,PATRICK CROOKS,22,22
2006,APRIL,COLUMBIA,COURTLAND TOWN WARDS 1 & 2,SPRING GENERAL,JUSTICE OF THE SUPREME COURT,NONPARTISAN,SCATTERING,22,0
2006,APRIL,COLUMBIA,DEKORRA TOWN WARDS 1 - 4,SPRING GENERAL,JUSTICE OF THE SUPREME COURT,NONPARTISAN,PATRICK CROOKS,184,182
2006,APRIL,COLUMBIA,DEKORRA TOWN WARDS 1 - 4,SPRING GENERAL,JUSTICE OF THE SUPREME COURT,NONPARTISAN,SCATTERING,184,2
2006,APRIL,COLUMBIA,FORT WINNEBAGO TOWN WARDS 1 & 2,SPRING GENERAL,JUSTICE OF THE SUPREME COURT,NONPARTISAN,PATRICK CROOKS,23,23
2006,APRIL,COLUMBIA,FORT WINNEBAGO TOWN WARDS 1 & 2,SPRING GENERAL,JUSTICE OF THE SUPREME COURT,NONPARTISAN,SCATTERING,23,0
2006,APRIL,COLUMBIA,FOUNTAIN PRAIRIE TOWN WARDS 1 & 2,SPRING GENERAL,JUSTICE OF THE SUPREME COURT,NONPARTISAN,PATRICK CROOKS,186,186
2006,APRIL,COLUMBIA,FOUNTAIN PRAIRIE TOWN WARDS 1 & 2,SPRING GENERAL,JUSTICE OF THE SUPREME COURT,NONPARTISAN,SCATTERING,186,0
2006,APRIL,COLUMBIA,HAMPDEN TOWN WARD 1,SPRING GENERAL,JUSTICE OF THE SUPREME COURT,NONPARTISAN,PATRICK CROOKS,42,42
2006,APRIL,COLUMBIA,HAMPDEN TOWN WARD 1,SPRING GENERAL,JUSTICE OF THE SUPREME COURT,NONPARTISAN,SCATTERING,42,0
2006,APRIL,COLUMBIA,LEEDS TOWN WARDS 1 & 2,SPRING GENERAL,JUSTICE OF THE SUPREME COURT,NONPARTISAN,PATRICK CROOKS,62,62
2006,APRIL,COLUMBIA,LEEDS TOWN WARDS 1 & 2,SPRING GENERAL,JUSTICE OF THE SUPREME COURT,NONPARTISAN,SCATTERING,62,0
2006,APRIL,COLUMBIA,LEWISTON TOWN WARDS 1 & 2,SPRING GENERAL,JUSTICE OF THE SUPREME COURT,NONPARTISAN,PATRICK CROOKS,51,51
2006,APRIL,COLUMBIA,LEWISTON TOWN WARDS 1 & 2,SPRING GENERAL,JUSTICE OF THE SUPREME COURT,NONPARTISAN,SCATTERING,51,0
2006,APRIL,COLUMBIA,LODI TOWN WARDS 1 - 5,SPRING GENERAL,JUSTICE OF THE SUPREME COURT,NONPARTISAN,PATRICK CROOKS,228,226
2006,APRIL,COLUMBIA,LODI TOWN WARDS 1 - 5,SPRING GENERAL,JUSTICE OF THE SUPREME COURT,NONPARTISAN,SCATTERING,228,2
2006,APRIL,COLUMBIA,LOWVILLE TOWN WARDS 1 & 2,SPRING GENERAL,JUSTICE OF THE SUPREME COURT,NONPARTISAN,PATRICK CROOKS,84,84
2006,APRIL,COLUMBIA,LOWVILLE TOWN WARDS 1 & 2,SPRING GENERAL,JUSTICE OF THE SUPREME COURT,NONPARTISAN,SCATTERING,84,0
2006,APRIL,COLUMBIA,MARCELLON TOWN WARDS 1 & 2,SPRING GENERAL,JUSTICE OF THE SUPREME COURT,NONPARTISAN,PATRICK CROOKS,65,65
2006,APRIL,COLUMBIA,MARCELLON TOWN WARDS 1 & 2,SPRING GENERAL,JUSTICE OF THE SUPREME COURT,NONPARTISAN,SCATTERING,65,0
2006,APRIL,COLUMBIA,NEWPORT TOWN WARD 1,SPRING GENERAL,JUSTICE OF THE SUPREME COURT,NONPARTISAN,PATRICK CROOKS,109,109
2006,APRIL,COLUMBIA,NEWPORT TOWN WARD 1,SPRING GENERAL,JUSTICE OF THE SUPREME COURT,NONPARTISAN,SCATTERING,109,0
2006,APRIL,COLUMBIA,OTSEGO TOWN WARD 1,SPRING GENERAL,JUSTICE OF THE SUPREME COURT,NONPARTISAN,PATRICK CROOKS,67,67
2006,APRIL,COLUMBIA,OTSEGO TOWN WARD 1,SPRING GENERAL,JUSTICE OF THE SUPREME COURT,NONPARTISAN,SCATTERING,67,0
2006,APRIL,COLUMBIA,PACIFIC TOWN WARDS 1 - 3,SPRING GENERAL,JUSTICE OF THE SUPREME COURT,NONPARTISAN,PATRICK CROOKS,242,242
2006,APRIL,COLUMBIA,PACIFIC TOWN WARDS 1 - 3,SPRING GENERAL,JUSTICE OF THE SUPREME COURT,NONPARTISAN,SCATTERING,242,0
2006,APRIL,COLUMBIA,RANDOLPH TOWN WARD 1,SPRING GENERAL,JUSTICE OF THE SUPREME COURT,NONPARTISAN,PATRICK CROOKS,39,39
2006,APRIL,COLUMBIA,RANDOLPH TOWN WARD 1,SPRING GENERAL,JUSTICE OF THE SUPREME COURT,NONPARTISAN,SCATTERING,39,0
2006,APRIL,COLUMBIA,SCOTT TOWN WARD 1,SPRING GENERAL,JUSTICE OF THE SUPREME COURT,NONPARTISAN,PATRICK CROOKS,43,43
2006,APRIL,COLUMBIA,SCOTT TOWN WARD 1,SPRING GENERAL,JUSTICE OF THE SUPREME COURT,NONPARTISAN,SCATTERING,43,0
2006,APRIL,COLUMBIA,SPRINGVALE TOWN WARD 1,SPRING GENERAL,JUSTICE OF THE SUPREME COURT,NONPARTISAN,PATRICK CROOKS,39,39
2006,APRIL,COLUMBIA,SPRINGVALE TOWN WARD 1,SPRING GENERAL,JUSTICE OF THE SUPREME COURT,NONPARTISAN,SCATTERING,39,0
2006,APRIL,COLUMBIA,WEST POINT TOWN WARDS 1 & 2,SPRING GENERAL,JUSTICE OF THE SUPREME COURT,NONPARTISAN,PATRICK CROOKS,344,343
2006,APRIL,COLUMBIA,WEST POINT TOWN WARDS 1 & 2,SPRING GENERAL,JUSTICE OF THE SUPREME COURT,NONPARTISAN,SCATTERING,344,1
2006,APRIL,COLUMBIA,WYOCENA TOWN WARDS 1 - 3,SPRING GENERAL,JUSTICE OF THE SUPREME COURT,NONPARTISAN,PATRICK CROOKS,82,82
2006,APRIL,COLUMBIA,WYOCENA TOWN WARDS 1 - 3,SPRING GENERAL,JUSTICE OF THE SUPREME COURT,NONPARTISAN,SCATTERING,82,0
2006,APRIL,COLUMBIA,ARLINGTON VILLAGE WARD 1,SPRING GENERAL,JUSTICE OF THE SUPREME COURT,NONPARTISAN,PATRICK CROOKS,82,82
2006,APRIL,COLUMBIA,ARLINGTON VILLAGE WARD 1,SPRING GENERAL,JUSTICE OF THE SUPREME COURT,NONPARTISAN,SCATTERING,82,0
2006,APRIL,COLUMBIA,CAMBRIA VILLAGE WARD 1,SPRING GENERAL,JUSTICE OF THE SUPREME COURT,NONPARTISAN,PATRICK CROOKS,100,100
2006,APRIL,COLUMBIA,CAMBRIA VILLAGE WARD 1,SPRING GENERAL,JUSTICE OF THE SUPREME COURT,NONPARTISAN,SCATTERING,100,0
2006,APRIL,COLUMBIA,DOYLESTOWN VILLAGE WARD 1,SPRING GENERAL,JUSTICE OF THE SUPREME COURT,NONPARTISAN,PATRICK CROOKS,55,55
2006,APRIL,COLUMBIA,DOYLESTOWN VILLAGE WARD 1,SPRING GENERAL,JUSTICE OF THE SUPREME COURT,NONPARTISAN,SCATTERING,55,0
2006,APRIL,COLUMBIA,FALL RIVER VILLAGE WARDS 1 & 2,SPRING GENERAL,JUSTICE OF THE SUPREME COURT,NONPARTISAN,PATRICK CROOKS,220,220
2006,APRIL,COLUMBIA,FALL RIVER VILLAGE WARDS 1 & 2,SPRING GENERAL,JUSTICE OF THE SUPREME COURT,NONPARTISAN,SCATTERING,220,0
2006,APRIL,COLUMBIA,FRIESLAND VILLAGE WARD 1,SPRING GENERAL,JUSTICE OF THE SUPREME COURT,NONPARTISAN,PATRICK CROOKS,37,37
2006,APRIL,COLUMBIA,FRIESLAND VILLAGE WARD 1,SPRING GENERAL,JUSTICE OF THE SUPREME COURT,NONPARTISAN,SCATTERING,37,0
2006,APRIL,COLUMBIA,PARDEEVILLE VILLAGE WARDS 1 - 3,SPRING GENERAL,JUSTICE OF THE SUPREME COURT,NONPARTISAN,PATRICK CROOKS,118,117
2006,APRIL,COLUMBIA,PARDEEVILLE VILLAGE WARDS 1 - 3,SPRING GENERAL,JUSTICE OF THE SUPREME COURT,NONPARTISAN,SCATTERING,118,1
2006,APRIL,COLUMBIA,POYNETTE VILLAGE WARDS 1 - 3,SPRING GENERAL,JUSTICE OF THE SUPREME COURT,NONPARTISAN,PATRICK CROOKS,184,183
2006,APRIL,COLUMBIA,POYNETTE VILLAGE WARDS 1 - 3,SPRING GENERAL,JUSTICE OF THE SUPREME COURT,NONPARTISAN,SCATTERING,184,1
2006,APRIL,COLUMBIA,RANDOLPH VILLAGE WARD 3,SPRING GENERAL,JUSTICE OF THE SUPREME COURT,NONPARTISAN,PATRICK CROOKS,48,48
2006,APRIL,COLUMBIA,RANDOLPH VILLAGE WARD 3,SPRING GENERAL,JUSTICE OF THE SUPREME COURT,NONPARTISAN,SCATTERING,48,0
2006,APRIL,COLUMBIA,RIO VILLAGE WARD 1,SPRING GENERAL,JUSTICE OF THE SUPREME COURT,NONPARTISAN,PATRICK CROOKS,176,176
2006,APRIL,COLUMBIA,RIO VILLAGE WARD 1,SPRING GENERAL,JUSTICE OF THE SUPREME COURT,NONPARTISAN,SCATTERING,176,0
2006,APRIL,COLUMBIA,WYOCENA VILLAGE WARD 1,SPRING GENERAL,JUSTICE OF THE SUPREME COURT,NONPARTISAN,PATRICK CROOKS,50,50
2006,APRIL,COLUMBIA,WYOCENA VILLAGE WARD 1,SPRING GENERAL,JUSTICE OF THE SUPREME COURT,NONPARTISAN,SCATTERING,50,0
2006,APRIL,COLUMBIA,COLUMBUS CITY WARDS 1 - 8,SPRING GENERAL,JUSTICE OF THE SUPREME COURT,NONPARTISAN,PATRICK CROOKS,1105,1104
2006,APRIL,COLUMBIA,COLUMBUS CITY WARDS 1 - 8,SPRING GENERAL,JUSTICE OF THE SUPREME COURT,NONPARTISAN,SCATTERING,1105,1
2006,APRIL,COLUMBIA,LODI CITY WARDS 1 - 4,SPRING GENERAL,JUSTICE OF THE SUPREME COURT,NONPARTISAN,PATRICK CROOKS,260,258
2006,APRIL,COLUMBIA,LODI CITY WARDS 1 - 4,SPRING GENERAL,JUSTICE OF THE SUPREME COURT,NONPARTISAN,SCATTERING,260,2
2006,APRIL,COLUMBIA,PORTAGE CITY WARD 1,SPRING GENERAL,JUSTICE OF THE SUPREME COURT,NONPARTISAN,PATRICK CROOKS,10,10
2006,APRIL,COLUMBIA,PORTAGE CITY WARD 1,SPRING GENERAL,JUSTICE OF THE SUPREME COURT,NONPARTISAN,SCATTERING,10,0
2006,APRIL,COLUMBIA,PORTAGE CITY WARD 2,SPRING GENERAL,JUSTICE OF THE SUPREME COURT,NONPARTISAN,PATRICK CROOKS,13,13
2006,APRIL,COLUMBIA,PORTAGE CITY WARD 2,SPRING GENERAL,JUSTICE OF THE SUPREME COURT,NONPARTISAN,SCATTERING,13,0
2006,APRIL,COLUMBIA,PORTAGE CITY WARDS 3 & 4,SPRING GENERAL,JUSTICE OF THE SUPREME COURT,NONPARTISAN,PATRICK CROOKS,25,25
2006,APRIL,COLUMBIA,PORTAGE CITY WARDS 3 & 4,SPRING GENERAL,JUSTICE OF THE SUPREME COURT,NONPARTISAN,SCATTERING,25,0
2006,APRIL,COLUMBIA,PORTAGE CITY WARDS 5 & 6,SPRING GENERAL,JUSTICE OF THE SUPREME COURT,NONPARTISAN,PATRICK CROOKS,77,77
2006,APRIL,COLUMBIA,PORTAGE CITY WARDS 5 & 6,SPRING GENERAL,JUSTICE OF THE SUPREME COURT,NONPARTISAN,SCATTERING,77,0
2006,APRIL,COLUMBIA,PORTAGE CITY WARDS 7 & 8,SPRING GENERAL,JUSTICE OF THE SUPREME COURT,NONPARTISAN,PATRICK CROOKS,50,49
2006,APRIL,COLUMBIA,PORTAGE CITY WARDS 7 & 8,SPRING GENERAL,JUSTICE OF THE SUPREME COURT,NONPARTISAN,SCATTERING,50,1
2006,APRIL,COLUMBIA,PORTAGE CITY WARDS 9 & 10,SPRING GENERAL,JUSTICE OF THE SUPREME COURT,NONPARTISAN,PATRICK CROOKS,47,47
2006,APRIL,COLUMBIA,PORTAGE CITY WARDS 9 & 10,SPRING GENERAL,JUSTICE OF THE SUPREME COURT,NONPARTISAN,SCATTERING,47,0
2006,APRIL,COLUMBIA,PORTAGE CITY WARD 11,SPRING GENERAL,JUSTICE OF THE SUPREME COURT,NONPARTISAN,PATRICK CROOKS,10,10
2006,APRIL,COLUMBIA,PORTAGE CITY WARD 11,SPRING GENERAL,JUSTICE OF THE SUPREME COURT,NONPARTISAN,SCATTERING,10,0
2006,APRIL,COLUMBIA,PORTAGE CITY WARD 12,SPRING GENERAL,JUSTICE OF THE SUPREME COURT,NONPARTISAN,PATRICK CROOKS,39,39
2006,APRIL,COLUMBIA,PORTAGE CITY WARD 12,SPRING GENERAL,JUSTICE OF THE SUPREME COURT,NONPARTISAN,SCATTERING,39,0
2006,APRIL,COLUMBIA,PORTAGE CITY WARD 13,SPRING GENERAL,JUSTICE OF THE SUPREME COURT,NONPARTISAN,PATRICK CROOKS,17,17
2006,APRIL,COLUMBIA,PORTAGE CITY WARD 13,SPRING GENERAL,JUSTICE OF THE SUPREME COURT,NONPARTISAN,SCATTERING,17,0
2006,APRIL,COLUMBIA,PORTAGE CITY WARD 14,SPRING GENERAL,JUSTICE OF THE SUPREME COURT,NONPARTISAN,PATRICK CROOKS,15,15
2006,APRIL,COLUMBIA,PORTAGE CITY WARD 14,SPRING GENERAL,JUSTICE OF THE SUPREME COURT,NONPARTISAN,SCATTERING,15,0
2006,APRIL,COLUMBIA,PORTAGE CITY WARDS 15 & 16,SPRING GENERAL,JUSTICE OF THE SUPREME COURT,NONPARTISAN,PATRICK CROOKS,18,18
2006,APRIL,COLUMBIA,PORTAGE CITY WARDS 15 & 16,SPRING GENERAL,JUSTICE OF THE SUPREME COURT,NONPARTISAN,SCATTERING,18,0
2006,APRIL,COLUMBIA,PORTAGE CITY WARDS 17 & 18,SPRING GENERAL,JUSTICE OF THE SUPREME COURT,NONPARTISAN,PATRICK CROOKS,46,45
2006,APRIL,COLUMBIA,PORTAGE CITY WARDS 17 & 18,SPRING GENERAL,JUSTICE OF THE SUPREME COURT,NONPARTISAN,SCATTERING,46,1
2006,APRIL,COLUMBIA,WISCONSIN DELLS CITY WARD 1,SPRING GENERAL,JUSTICE OF THE SUPREME COURT,NONPARTISAN,PATRICK CROOKS,59,59
2006,APRIL,COLUMBIA,WISCONSIN DELLS CITY WARD 1,SPRING GENERAL,JUSTICE OF THE SUPREME COURT,NONPARTISAN,SCATTERING,59,0
2006,APRIL,COLUMBIA,WISCONSIN DELLS CITY WARD 2,SPRING GENERAL,JUSTICE OF THE SUPREME COURT,NONPARTISAN,PATRICK CROOKS,82,82
2006,APRIL,COLUMBIA,WISCONSIN DELLS CITY WARD 2,SPRING GENERAL,JUSTICE OF THE SUPREME COURT,NONPARTISAN,SCATTERING,82,0
2006,APRIL,COLUMBIA,WISCONSIN DELLS CITY WARD 3,SPRING GENERAL,JUSTICE OF THE SUPREME COURT,NONPARTISAN,PATRICK CROOKS,32,32
2006,APRIL,COLUMBIA,WISCONSIN DELLS CITY WARD 3,SPRING GENERAL,JUSTICE OF THE SUPREME COURT,NONPARTISAN,SCATTERING,32,0
2006,APRIL,COLUMBIA,WISCONSIN DELLS CITY WARD 6,SPRING GENERAL,JUSTICE OF THE SUPREME COURT,NONPARTISAN,PATRICK CROOKS,17,17
2006,APRIL,COLUMBIA,WISCONSIN DELLS CITY WARD 6,SPRING GENERAL,JUSTICE OF THE SUPREME COURT,NONPARTISAN,SCATTERING,17,0
2006,APRIL,CRAWFORD,BRIDGEPORT TOWN WARD 1,SPRING GENERAL,JUSTICE OF THE SUPREME COURT,NONPARTISAN,PATRICK CROOKS,32,32
2006,APRIL,CRAWFORD,BRIDGEPORT TOWN WARD 1,SPRING GENERAL,JUSTICE OF THE SUPREME COURT,NONPARTISAN,SCATTERING,32,0
2006,APRIL,CRAWFORD,CLAYTON TOWN WARD 1,SPRING GENERAL,JUSTICE OF THE SUPREME COURT,NONPARTISAN,PATRICK CROOKS,44,44
2006,APRIL,CRAWFORD,CLAYTON TOWN WARD 1,SPRING GENERAL,JUSTICE OF THE SUPREME COURT,NONPARTISAN,SCATTERING,44,0
2006,APRIL,CRAWFORD,CLAYTON TOWN WARD 2,SPRING GENERAL,JUSTICE OF THE SUPREME COURT,NONPARTISAN,PATRICK CROOKS,47,47
2006,APRIL,CRAWFORD,CLAYTON TOWN WARD 2,SPRING GENERAL,JUSTICE OF THE SUPREME COURT,NONPARTISAN,SCATTERING,47,0
2006,APRIL,CRAWFORD,CLAYTON TOWN WARD 3,SPRING GENERAL,JUSTICE OF THE SUPREME COURT,NONPARTISAN,PATRICK CROOKS,11,11
2006,APRIL,CRAWFORD,CLAYTON TOWN WARD 3,SPRING GENERAL,JUSTICE OF THE SUPREME COURT,NONPARTISAN,SCATTERING,11,0
2006,APRIL,CRAWFORD,EASTMAN TOWN WARD 1,SPRING GENERAL,JUSTICE OF THE SUPREME COURT,NONPARTISAN,PATRICK CROOKS,14,14
2006,APRIL,CRAWFORD,EASTMAN TOWN WARD 1,SPRING GENERAL,JUSTICE OF THE SUPREME COURT,NONPARTISAN,SCATTERING,14,0
2006,APRIL,CRAWFORD,EASTMAN TOWN WARD 2,SPRING GENERAL,JUSTICE OF THE SUPREME COURT,NONPARTISAN,PATRICK CROOKS,25,25
2006,APRIL,CRAWFORD,EASTMAN TOWN WARD 2,SPRING GENERAL,JUSTICE OF THE SUPREME COURT,NONPARTISAN,SCATTERING,25,0
2006,APRIL,CRAWFORD,FREEMAN TOWN WARD 1,SPRING GENERAL,JUSTICE OF THE SUPREME COURT,NONPARTISAN,PATRICK CROOKS,29,29
2006,APRIL,CRAWFORD,FREEMAN TOWN WARD 1,SPRING GENERAL,JUSTICE OF THE SUPREME COURT,NONPARTISAN,SCATTERING,29,0
2006,APRIL,CRAWFORD,HANEY TOWN WARD 1,SPRING GENERAL,JUSTICE OF THE SUPREME COURT,NONPARTISAN,PATRICK CROOKS,36,36
2006,APRIL,CRAWFORD,HANEY TOWN WARD 1,SPRING GENERAL,JUSTICE OF THE SUPREME COURT,NONPARTISAN,SCATTERING,36,0
2006,APRIL,CRAWFORD,MARIETTA TOWN WARD 1,SPRING GENERAL,JUSTICE OF THE SUPREME COURT,NONPARTISAN,PATRICK CROOKS,41,41
2006,APRIL,CRAWFORD,MARIETTA TOWN WARD 1,SPRING GENERAL,JUSTICE OF THE SUPREME COURT,NONPARTISAN,SCATTERING,41,0
2006,APRIL,CRAWFORD,PRAIRIE DU CHIEN TOWN WARD 1,SPRING GENERAL,JUSTICE OF THE SUPREME COURT,NONPARTISAN,PATRICK CROOKS,32,32
2006,APRIL,CRAWFORD,PRAIRIE DU CHIEN TOWN WARD 1,SPRING GENERAL,JUSTICE OF THE SUPREME COURT,NONPARTISAN,SCATTERING,32,0
2006,APRIL,CRAWFORD,SCOTT TOWN WARD 1,SPRING GENERAL,JUSTICE OF THE SUPREME COURT,NONPARTISAN,PATRICK CROOKS,43,43
2006,APRIL,CRAWFORD,SCOTT TOWN WARD 1,SPRING GENERAL,JUSTICE OF THE SUPREME COURT,NONPARTISAN,SCATTERING,43,0
2006,APRIL,CRAWFORD,SENECA TOWN WARD 1,SPRING GENERAL,JUSTICE OF THE SUPREME COURT,NONPARTISAN,PATRICK CROOKS,68,68
2006,APRIL,CRAWFORD,SENECA TOWN WARD 1,SPRING GENERAL,JUSTICE OF THE SUPREME COURT,NONPARTISAN,SCATTERING,68,0
2006,APRIL,CRAWFORD,UTICA TOWN WARD 1,SPRING GENERAL,JUSTICE OF THE SUPREME COURT,NONPARTISAN,PATRICK CROOKS,85,83
2006,APRIL,CRAWFORD,UTICA TOWN WARD 1,SPRING GENERAL,JUSTICE OF THE SUPREME COURT,NONPARTISAN,SCATTERING,85,2
2006,APRIL,CRAWFORD,WAUZEKA TOWN WARD 1,SPRING GENERAL,JUSTICE OF THE SUPREME COURT,NONPARTISAN,PATRICK CROOKS,39,39
2006,APRIL,CRAWFORD,WAUZEKA TOWN WARD 1,SPRING GENERAL,JUSTICE OF THE SUPREME COURT,NONPARTISAN,SCATTERING,39,0
2006,APRIL,CRAWFORD,WAUZEKA TOWN WARD 2,SPRING GENERAL,JUSTICE OF THE SUPREME COURT,NONPARTISAN,PATRICK CROOKS,10,10
2006,APRIL,CRAWFORD,WAUZEKA TOWN WARD 2,SPRING GENERAL,JUSTICE OF THE SUPREME COURT,NONPARTISAN,SCATTERING,10,0
2006,APRIL,CRAWFORD,BELL CENTER VILLAGE WARD 1,SPRING GENERAL,JUSTICE OF THE SUPREME COURT,NONPARTISAN,PATRICK CROOKS,17,17
2006,APRIL,CRAWFORD,BELL CENTER VILLAGE WARD 1,SPRING GENERAL,JUSTICE OF THE SUPREME COURT,NONPARTISAN,SCATTERING,17,0
2006,APRIL,CRAWFORD,DE SOTO VILLAGE WARD 2,SPRING GENERAL,JUSTICE OF THE SUPREME COURT,NONPARTISAN,PATRICK CROOKS,21,21
2006,APRIL,CRAWFORD,DE SOTO VILLAGE WARD 2,SPRING GENERAL,JUSTICE OF THE SUPREME COURT,NONPARTISAN,SCATTERING,21,0
2006,APRIL,CRAWFORD,EASTMAN VILLAGE WARD 1,SPRING GENERAL,JUSTICE OF THE SUPREME COURT,NONPARTISAN,PATRICK CROOKS,38,38
2006,APRIL,CRAWFORD,EASTMAN VILLAGE WARD 1,SPRING GENERAL,JUSTICE OF THE SUPREME COURT,NONPARTISAN,SCATTERING,38,0
2006,APRIL,CRAWFORD,FERRYVILLE VILLAGE WARD 1,SPRING GENERAL,JUSTICE OF THE SUPREME COURT,NONPARTISAN,PATRICK CROOKS,27,27
2006,APRIL,CRAWFORD,FERRYVILLE VILLAGE WARD 1,SPRING GENERAL,JUSTICE OF THE SUPREME COURT,NONPARTISAN,SCATTERING,27,0
2006,APRIL,CRAWFORD,GAYS MILLS VILLAGE WARD 1,SPRING GENERAL,JUSTICE OF THE SUPREME COURT,NONPARTISAN,PATRICK CROOKS,100,100
2006,APRIL,CRAWFORD,GAYS MILLS VILLAGE WARD 1,SPRING GENERAL,JUSTICE OF THE SUPREME COURT,NONPARTISAN,SCATTERING,100,0
2006,APRIL,CRAWFORD,LYNXVILLE VILLAGE WARD 1,SPRING GENERAL,JUSTICE OF THE SUPREME COURT,NONPARTISAN,PATRICK CROOKS,22,22
2006,APRIL,CRAWFORD,LYNXVILLE VILLAGE WARD 1,SPRING GENERAL,JUSTICE OF THE SUPREME COURT,NONPARTISAN,SCATTERING,22,0
2006,APRIL,CRAWFORD,MOUNT STERLING VILLAGE WARD 1,SPRING GENERAL,JUSTICE OF THE SUPREME COURT,NONPARTISAN,PATRICK CROOKS,28,28
2006,APRIL,CRAWFORD,MOUNT STERLING VILLAGE WARD 1,SPRING GENERAL,JUSTICE OF THE SUPREME COURT,NONPARTISAN,SCATTERING,28,0
2006,APRIL,CRAWFORD,SOLDIERS GROVE VILLAGE WARD 1,SPRING GENERAL,JUSTICE OF THE SUPREME COURT,NONPARTISAN,PATRICK CROOKS,74,73
2006,APRIL,CRAWFORD,SOLDIERS GROVE VILLAGE WARD 1,SPRING GENERAL,JUSTICE OF THE SUPREME COURT,NONPARTISAN,SCATTERING,74,1
2006,APRIL,CRAWFORD,STEUBEN VILLAGE WARD 1,SPRING GENERAL,JUSTICE OF THE SUPREME COURT,NONPARTISAN,PATRICK CROOKS,24,24
2006,APRIL,CRAWFORD,STEUBEN VILLAGE WARD 1,SPRING GENERAL,JUSTICE OF THE SUPREME COURT,NONPARTISAN,SCATTERING,24,0
2006,APRIL,CRAWFORD,WAUZEKA VILLAGE WARD 1,SPRING GENERAL,JUSTICE OF THE SUPREME COURT,NONPARTISAN,PATRICK CROOKS,128,127
2006,APRIL,CRAWFORD,WAUZEKA VILLAGE WARD 1,SPRING GENERAL,JUSTICE OF THE SUPREME COURT,NONPARTISAN,SCATTERING,128,1
2006,APRIL,CRAWFORD,PRAIRIE DU CHIEN CITY WARD 1,SPRING GENERAL,JUSTICE OF THE SUPREME COURT,NONPARTISAN,PATRICK CROOKS,43,43
2006,APRIL,CRAWFORD,PRAIRIE DU CHIEN CITY WARD 1,SPRING GENERAL,JUSTICE OF THE SUPREME COURT,NONPARTISAN,SCATTERING,43,0
2006,APRIL,CRAWFORD,PRAIRIE DU CHIEN CITY WARDS 2 & 3,SPRING GENERAL,JUSTICE OF THE SUPREME COURT,NONPARTISAN,PATRICK CROOKS,39,39
2006,APRIL,CRAWFORD,PRAIRIE DU CHIEN CITY WARDS 2 & 3,SPRING GENERAL,JUSTICE OF THE SUPREME COURT,NONPARTISAN,SCATTERING,39,0
2006,APRIL,CRAWFORD,PRAIRIE DU CHIEN CITY WARDS 4 & 5,SPRING GENERAL,JUSTICE OF THE SUPREME COURT,NONPARTISAN,PATRICK CROOKS,52,52
2006,APRIL,CRAWFORD,PRAIRIE DU CHIEN CITY WARDS 4 & 5,SPRING GENERAL,JUSTICE OF THE SUPREME COURT,NONPARTISAN,SCATTERING,52,0
2006,APRIL,CRAWFORD,PRAIRIE DU CHIEN CITY WARD 6,SPRING GENERAL,JUSTICE OF THE SUPREME COURT,NONPARTISAN,PATRICK CROOKS,59,59
2006,APRIL,CRAWFORD,PRAIRIE DU CHIEN CITY WARD 6,SPRING GENERAL,JUSTICE OF THE SUPREME COURT,NONPARTISAN,SCATTERING,59,0
2006,APRIL,CRAWFORD,PRAIRIE DU CHIEN CITY WARDS 7 & 8,SPRING GENERAL,JUSTICE OF THE SUPREME COURT,NONPARTISAN,PATRICK CROOKS,83,83
2006,APRIL,CRAWFORD,PRAIRIE DU CHIEN CITY WARDS 7 & 8,SPRING GENERAL,JUSTICE OF THE SUPREME COURT,NONPARTISAN,SCATTERING,83,0
2006,APRIL,CRAWFORD,PRAIRIE DU CHIEN CITY WARD 9,SPRING GENERAL,JUSTICE OF THE SUPREME COURT,NONPARTISAN,PATRICK CROOKS,78,78
2006,APRIL,CRAWFORD,PRAIRIE DU CHIEN CITY WARD 9,SPRING GENERAL,JUSTICE OF THE SUPREME COURT,NONPARTISAN,SCATTERING,78,0
2006,APRIL,DANE,ALBION TOWN WARDS 1 & 2,SPRING GENERAL,JUSTICE OF THE SUPREME COURT,NONPARTISAN,PATRICK CROOKS,112,112
2006,APRIL,DANE,ALBION TOWN WARDS 1 & 2,SPRING GENERAL,JUSTICE OF THE SUPREME COURT,NONPARTISAN,SCATTERING,112,0
2006,APRIL,DANE,BERRY TOWN WARDS 1 & 2,SPRING GENERAL,JUSTICE OF THE SUPREME COURT,NONPARTISAN,PATRICK CROOKS,197,197
2006,APRIL,DANE,BERRY TOWN WARDS 1 & 2,SPRING GENERAL,JUSTICE OF THE SUPREME COURT,NONPARTISAN,SCATTERING,197,0
2006,APRIL,DANE,BLACK EARTH TOWN WARD 1,SPRING GENERAL,JUSTICE OF THE SUPREME COURT,NONPARTISAN,PATRICK CROOKS,59,59
2006,APRIL,DANE,BLACK EARTH TOWN WARD 1,SPRING GENERAL,JUSTICE OF THE SUPREME COURT,NONPARTISAN,SCATTERING,59,0
2006,APRIL,DANE,BLOOMING GROVE TOWN WARDS 1 - 3,SPRING GENERAL,JUSTICE OF THE SUPREME COURT,NONPARTISAN,PATRICK CROOKS,137,135
2006,APRIL,DANE,BLOOMING GROVE TOWN WARDS 1 - 3,SPRING GENERAL,JUSTICE OF THE SUPREME COURT,NONPARTISAN,SCATTERING,137,2
2006,APRIL,DANE,BLUE MOUNDS TOWN WARD 1,SPRING GENERAL,JUSTICE OF THE SUPREME COURT,NONPARTISAN,PATRICK CROOKS,141,141
2006,APRIL,DANE,BLUE MOUNDS TOWN WARD 1,SPRING GENERAL,JUSTICE OF THE SUPREME COURT,NONPARTISAN,SCATTERING,141,0
2006,APRIL,DANE,BRISTOL TOWN WARDS 1 - 3,SPRING GENERAL,JUSTICE OF THE SUPREME COURT,NONPARTISAN,PATRICK CROOKS,713,712
2006,APRIL,DANE,BRISTOL TOWN WARDS 1 - 3,SPRING GENERAL,JUSTICE OF THE SUPREME COURT,NONPARTISAN,SCATTERING,713,1
2006,APRIL,DANE,BURKE TOWN WARDS 1 - 4,SPRING GENERAL,JUSTICE OF THE SUPREME COURT,NONPARTISAN,PATRICK CROOKS,346,345
2006,APRIL,DANE,BURKE TOWN WARDS 1 - 4,SPRING GENERAL,JUSTICE OF THE SUPREME COURT,NONPARTISAN,SCATTERING,346,1
2006,APRIL,DANE,CHRISTIANA TOWN WARDS 1 & 2,SPRING GENERAL,JUSTICE OF THE SUPREME COURT,NONPARTISAN,PATRICK CROOKS,62,62
2006,APRIL,DANE,CHRISTIANA TOWN WARDS 1 & 2,SPRING GENERAL,JUSTICE OF THE SUPREME COURT,NONPARTISAN,SCATTERING,62,0
2006,APRIL,DANE,COTTAGE GROVE TOWN WARDS 1 - 5,SPRING GENERAL,JUSTICE OF THE SUPREME COURT,NONPARTISAN,PATRICK CROOKS,877,873
2006,APRIL,DANE,COTTAGE GROVE TOWN WARDS 1 - 5,SPRING GENERAL,JUSTICE OF THE SUPREME COURT,NONPARTISAN,SCATTERING,877,4
2006,APRIL,DANE,CROSS PLAINS TOWN WARDS 1 & 2,SPRING GENERAL,JUSTICE OF THE SUPREME COURT,NONPARTISAN,PATRICK CROOKS,88,88
2006,APRIL,DANE,CROSS PLAINS TOWN WARDS 1 & 2,SPRING GENERAL,JUSTICE OF THE SUPREME COURT,NONPARTISAN,SCATTERING,88,0
2006,APRIL,DANE,DANE TOWN WARD 1,SPRING GENERAL,JUSTICE OF THE SUPREME COURT,NONPARTISAN,PATRICK CROOKS,69,69
2006,APRIL,DANE,DANE TOWN WARD 1,SPRING GENERAL,JUSTICE OF THE SUPREME COURT,NONPARTISAN,SCATTERING,69,0
2006,APRIL,DANE,DEERFIELD TOWN WARDS 1 & 2,SPRING GENERAL,JUSTICE OF THE SUPREME COURT,NONPARTISAN,PATRICK CROOKS,68,68
2006,APRIL,DANE,DEERFIELD TOWN WARDS 1 & 2,SPRING GENERAL,JUSTICE OF THE SUPREME COURT,NONPARTISAN,SCATTERING,68,0
2006,APRIL,DANE,DUNKIRK TOWN WARDS 1 - 3,SPRING GENERAL,JUSTICE OF THE SUPREME COURT,NONPARTISAN,PATRICK CROOKS,218,216
2006,APRIL,DANE,DUNKIRK TOWN WARDS 1 - 3,SPRING GENERAL,JUSTICE OF THE SUPREME COURT,NONPARTISAN,SCATTERING,218,2
2006,APRIL,DANE,DUNN TOWN WARDS 1 - 7,SPRING GENERAL,JUSTICE OF THE SUPREME COURT,NONPARTISAN,PATRICK CROOKS,252,246
2006,APRIL,DANE,DUNN TOWN WARDS 1 - 7,SPRING GENERAL,JUSTICE OF THE SUPREME COURT,NONPARTISAN,SCATTERING,252,6
2006,APRIL,DANE,MADISON TOWN WARD 1,SPRING GENERAL,JUSTICE OF THE SUPREME COURT,NONPARTISAN,PATRICK CROOKS,62,60
2006,APRIL,DANE,MADISON TOWN WARD 1,SPRING GENERAL,JUSTICE OF THE SUPREME COURT,NONPARTISAN,SCATTERING,62,2
2006,APRIL,DANE,MADISON TOWN WARDS 2 - 11,SPRING GENERAL,JUSTICE OF THE SUPREME COURT,NONPARTISAN,PATRICK CROOKS,265,257
2006,APRIL,DANE,MADISON TOWN WARDS 2 - 11,SPRING GENERAL,JUSTICE OF THE SUPREME COURT,NONPARTISAN,SCATTERING,265,8
2006,APRIL,DANE,MAZOMANIE TOWN WARDS 1 & 2,SPRING GENERAL,JUSTICE OF THE SUPREME COURT,NONPARTISAN,PATRICK CROOKS,71,71
2006,APRIL,DANE,MAZOMANIE TOWN WARDS 1 & 2,SPRING GENERAL,JUSTICE OF THE SUPREME COURT,NONPARTISAN,SCATTERING,71,0
2006,APRIL,DANE,MEDINA TOWN WARDS 1 & 2,SPRING GENERAL,JUSTICE OF THE SUPREME COURT,NONPARTISAN,PATRICK CROOKS,146,146
2006,APRIL,DANE,MEDINA TOWN WARDS 1 & 2,SPRING GENERAL,JUSTICE OF THE SUPREME COURT,NONPARTISAN,SCATTERING,146,0
2006,APRIL,DANE,MIDDLETON TOWN WARDS 1 - 5,SPRING GENERAL,JUSTICE OF THE SUPREME COURT,NONPARTISAN,PATRICK CROOKS,480,475
2006,APRIL,DANE,MIDDLETON TOWN WARDS 1 - 5,SPRING GENERAL,JUSTICE OF THE SUPREME COURT,NONPARTISAN,SCATTERING,480,5
2006,APRIL,DANE,MONTROSE TOWN WARDS 1 & 2,SPRING GENERAL,JUSTICE OF THE SUPREME COURT,NONPARTISAN,PATRICK CROOKS,168,167
2006,APRIL,DANE,MONTROSE TOWN WARDS 1 & 2,SPRING GENERAL,JUSTICE OF THE SUPREME COURT,NONPARTISAN,SCATTERING,168,1
2006,APRIL,DANE,OREGON TOWN WARDS 1 - 4,SPRING GENERAL,JUSTICE OF THE SUPREME COURT,NONPARTISAN,PATRICK CROOKS,493,488
2006,APRIL,DANE,OREGON TOWN WARDS 1 - 4,SPRING GENERAL,JUSTICE OF THE SUPREME COURT,NONPARTISAN,SCATTERING,493,5
2006,APRIL,DANE,PERRY TOWN WARD 1,SPRING GENERAL,JUSTICE OF THE SUPREME COURT,NONPARTISAN,PATRICK CROOKS,184,184
2006,APRIL,DANE,PERRY TOWN WARD 1,SPRING GENERAL,JUSTICE OF THE SUPREME COURT,NONPARTISAN,SCATTERING,184,0
2006,APRIL,DANE,PLEASANT SPRINGS TOWN WARDS 1 - 4,SPRING GENERAL,JUSTICE OF THE SUPREME COURT,NONPARTISAN,PATRICK CROOKS,417,413
2006,APRIL,DANE,PLEASANT SPRINGS TOWN WARDS 1 - 4,SPRING GENERAL,JUSTICE OF THE SUPREME COURT,NONPARTISAN,SCATTERING,417,4
2006,APRIL,DANE,PRIMROSE TOWN WARD 1,SPRING GENERAL,JUSTICE OF THE SUPREME COURT,NONPARTISAN,PATRICK CROOKS,173,172
2006,APRIL,DANE,PRIMROSE TOWN WARD 1,SPRING GENERAL,JUSTICE OF THE SUPREME COURT,NONPARTISAN,SCATTERING,173,1
2006,APRIL,DANE,ROXBURY TOWN WARDS 1 & 2,SPRING GENERAL,JUSTICE OF THE SUPREME COURT,NONPARTISAN,PATRICK CROOKS,77,77
2006,APRIL,DANE,ROXBURY TOWN WARDS 1 & 2,SPRING GENERAL,JUSTICE OF THE SUPREME COURT,NONPARTISAN,SCATTERING,77,0
2006,APRIL,DANE,RUTLAND TOWN WARDS 1 & 2,SPRING GENERAL,JUSTICE OF THE SUPREME COURT,NONPARTISAN,PATRICK CROOKS,156,156
2006,APRIL,DANE,RUTLAND TOWN WARDS 1 & 2,SPRING GENERAL,JUSTICE OF THE SUPREME COURT,NONPARTISAN,SCATTERING,156,0
2006,APRIL,DANE,SPRINGDALE TOWN WARDS 1 & 2,SPRING GENERAL,JUSTICE OF THE SUPREME COURT,NONPARTISAN,PATRICK CROOKS,348,344
2006,APRIL,DANE,SPRINGDALE TOWN WARDS 1 & 2,SPRING GENERAL,JUSTICE OF THE SUPREME COURT,NONPARTISAN,SCATTERING,348,4
2006,APRIL,DANE,SPRINGFIELD TOWN WARDS 1 - 3,SPRING GENERAL,JUSTICE OF THE SUPREME COURT,NONPARTISAN,PATRICK CROOKS,79,79
2006,APRIL,DANE,SPRINGFIELD TOWN WARDS 1 - 3,SPRING GENERAL,JUSTICE OF THE SUPREME COURT,NONPARTISAN,SCATTERING,79,0
2006,APRIL,DANE,SUN PRAIRIE TOWN WARDS 1 - 3,SPRING GENERAL,JUSTICE OF THE SUPREME COURT,NONPARTISAN,PATRICK CROOKS,406,406
2006,APRIL,DANE,SUN PRAIRIE TOWN WARDS 1 - 3,SPRING GENERAL,JUSTICE OF THE SUPREME COURT,NONPARTISAN,SCATTERING,406,0
2006,APRIL,DANE,VERMONT TOWN WARD 1,SPRING GENERAL,JUSTICE OF THE SUPREME COURT,NONPARTISAN,PATRICK CROOKS,207,207
2006,APRIL,DANE,VERMONT TOWN WARD 1,SPRING GENERAL,JUSTICE OF THE SUPREME COURT,NONPARTISAN,SCATTERING,207,0
2006,APRIL,DANE,VERONA TOWN WARDS 1 - 3,SPRING GENERAL,JUSTICE OF THE SUPREME COURT,NONPARTISAN,PATRICK CROOKS,101,100
2006,APRIL,DANE,VERONA TOWN WARDS 1 - 3,SPRING GENERAL,JUSTICE OF THE SUPREME COURT,NONPARTISAN,SCATTERING,101,1
2006,APRIL,DANE,VIENNA TOWN WARDS 1 & 2,SPRING GENERAL,JUSTICE OF THE SUPREME COURT,NONPARTISAN,PATRICK CROOKS,69,69
2006,APRIL,DANE,VIENNA TOWN WARDS 1 & 2,SPRING GENERAL,JUSTICE OF THE SUPREME COURT,NONPARTISAN,SCATTERING,69,0
2006,APRIL,DANE,WESTPORT TOWN WARDS 1 - 4,SPRING GENERAL,JUSTICE OF THE SUPREME COURT,NONPARTISAN,PATRICK CROOKS,290,287
2006,APRIL,DANE,WESTPORT TOWN WARDS 1 - 4,SPRING GENERAL,JUSTICE OF THE SUPREME COURT,NONPARTISAN,SCATTERING,290,3
2006,APRIL,DANE,WINDSOR TOWN WARDS 1 - 7,SPRING GENERAL,JUSTICE OF THE SUPREME COURT,NONPARTISAN,PATRICK CROOKS,196,194
2006,APRIL,DANE,WINDSOR TOWN WARDS 1 - 7,SPRING GENERAL,JUSTICE OF THE SUPREME COURT,NONPARTISAN,SCATTERING,196,2
2006,APRIL,DANE,YORK TOWN WARD 1,SPRING GENERAL,JUSTICE OF THE SUPREME COURT,NONPARTISAN,PATRICK CROOKS,48,48
2006,APRIL,DANE,YORK TOWN WARD 1,SPRING GENERAL,JUSTICE OF THE SUPREME COURT,NONPARTISAN,SCATTERING,48,0
2006,APRIL,DANE,BELLEVILLE VILLAGE WARDS 1 & 2,SPRING GENERAL,JUSTICE OF THE SUPREME COURT,NONPARTISAN,PATRICK CROOKS,233,233
2006,APRIL,DANE,BELLEVILLE VILLAGE WARDS 1 & 2,SPRING GENERAL,JUSTICE OF THE SUPREME COURT,NONPARTISAN,SCATTERING,233,0
2006,APRIL,DANE,BLACK EARTH VILLAGE WARDS 1 & 2,SPRING GENERAL,JUSTICE OF THE SUPREME COURT,NONPARTISAN,PATRICK CROOKS,199,199
2006,APRIL,DANE,BLACK EARTH VILLAGE WARDS 1 & 2,SPRING GENERAL,JUSTICE OF THE SUPREME COURT,NONPARTISAN,SCATTERING,199,0
2006,APRIL,DANE,BLUE MOUNDS VILLAGE WARD 1,SPRING GENERAL,JUSTICE OF THE SUPREME COURT,NONPARTISAN,PATRICK CROOKS,90,90
2006,APRIL,DANE,BLUE MOUNDS VILLAGE WARD 1,SPRING GENERAL,JUSTICE OF THE SUPREME COURT,NONPARTISAN,SCATTERING,90,0
2006,APRIL,DANE,BROOKLYN VILLAGE WARD 1,SPRING GENERAL,JUSTICE OF THE SUPREME COURT,NONPARTISAN,PATRICK CROOKS,74,74
2006,APRIL,DANE,BROOKLYN VILLAGE WARD 1,SPRING GENERAL,JUSTICE OF THE SUPREME COURT,NONPARTISAN,SCATTERING,74,0
2006,APRIL,DANE,CAMBRIDGE VILLAGE WARDS 2 & 3,SPRING GENERAL,JUSTICE OF THE SUPREME COURT,NONPARTISAN,PATRICK CROOKS,96,96
2006,APRIL,DANE,CAMBRIDGE VILLAGE WARDS 2 & 3,SPRING GENERAL,JUSTICE OF THE SUPREME COURT,NONPARTISAN,SCATTERING,96,0
2006,APRIL,DANE,COTTAGE GROVE VILLAGE WARDS 1 - 7,SPRING GENERAL,JUSTICE OF THE SUPREME COURT,NONPARTISAN,PATRICK CROOKS,1397,1388
2006,APRIL,DANE,COTTAGE GROVE VILLAGE WARDS 1 - 7,SPRING GENERAL,JUSTICE OF THE SUPREME COURT,NONPARTISAN,SCATTERING,1397,9
2006,APRIL,DANE,CROSS PLAINS VILLAGE WARDS 1 - 4,SPRING GENERAL,JUSTICE OF THE SUPREME COURT,NONPARTISAN,PATRICK CROOKS,486,483
2006,APRIL,DANE,CROSS PLAINS VILLAGE WARDS 1 - 4,SPRING GENERAL,JUSTICE OF THE SUPREME COURT,NONPARTISAN,SCATTERING,486,3
2006,APRIL,DANE,DANE VILLAGE WARD 1,SPRING GENERAL,JUSTICE OF THE SUPREME COURT,NONPARTISAN,PATRICK CROOKS,127,127
2006,APRIL,DANE,DANE VILLAGE WARD 1,SPRING GENERAL,JUSTICE OF THE SUPREME COURT,NONPARTISAN,SCATTERING,127,0
2006,APRIL,DANE,DEERFIELD VILLAGE WARDS 1 & 2,SPRING GENERAL,JUSTICE OF THE SUPREME COURT,NONPARTISAN,PATRICK CROOKS,131,129
2006,APRIL,DANE,DEERFIELD VILLAGE WARDS 1 & 2,SPRING GENERAL,JUSTICE OF THE SUPREME COURT,NONPARTISAN,SCATTERING,131,2
2006,APRIL,DANE,"DE FOREST VILLAGE WARDS 1, 2, 4 & 7",SPRING GENERAL,JUSTICE OF THE SUPREME COURT,NONPARTISAN,PATRICK CROOKS,213,209
2006,APRIL,DANE,"DE FOREST VILLAGE WARDS 1, 2, 4 & 7",SPRING GENERAL,JUSTICE OF THE SUPREME COURT,NONPARTISAN,SCATTERING,213,4
2006,APRIL,DANE,"DE FOREST VILLAGE WARDS 3, 5, 6 & 8",SPRING GENERAL,JUSTICE OF THE SUPREME COURT,NONPARTISAN,PATRICK CROOKS,250,249
2006,APRIL,DANE,"DE FOREST VILLAGE WARDS 3, 5, 6 & 8",SPRING GENERAL,JUSTICE OF THE SUPREME COURT,NONPARTISAN,SCATTERING,250,1
2006,APRIL,DANE,MAPLE BLUFF VILLAGE WARDS 1 & 2,SPRING GENERAL,JUSTICE OF THE SUPREME COURT,NONPARTISAN,PATRICK CROOKS,270,266
2006,APRIL,DANE,MAPLE BLUFF VILLAGE WARDS 1 & 2,SPRING GENERAL,JUSTICE OF THE SUPREME COURT,NONPARTISAN,SCATTERING,270,4
2006,APRIL,DANE,MARSHALL VILLAGE WARDS 1 - 6,SPRING GENERAL,JUSTICE OF THE SUPREME COURT,NONPARTISAN,PATRICK CROOKS,520,520
2006,APRIL,DANE,MARSHALL VILLAGE WARDS 1 - 6,SPRING GENERAL,JUSTICE OF THE SUPREME COURT,NONPARTISAN,SCATTERING,520,0
2006,APRIL,DANE,MAZOMANIE VILLAGE WARDS 1 & 2,SPRING GENERAL,JUSTICE OF THE SUPREME COURT,NONPARTISAN,PATRICK CROOKS,149,148
2006,APRIL,DANE,MAZOMANIE VILLAGE WARDS 1 & 2,SPRING GENERAL,JUSTICE OF THE SUPREME COURT,NONPARTISAN,SCATTERING,149,1
2006,APRIL,DANE,MCFARLAND VILLAGE WARDS 1 - 7,SPRING GENERAL,JUSTICE OF THE SUPREME COURT,NONPARTISAN,PATRICK CROOKS,949,943
2006,APRIL,DANE,MCFARLAND VILLAGE WARDS 1 - 7,SPRING GENERAL,JUSTICE OF THE SUPREME COURT,NONPARTISAN,SCATTERING,949,6
2006,APRIL,DANE,MOUNT HOREB VILLAGE WARDS 1 - 6,SPRING GENERAL,JUSTICE OF THE SUPREME COURT,NONPARTISAN,PATRICK CROOKS,819,814
2006,APRIL,DANE,MOUNT HOREB VILLAGE WARDS 1 - 6,SPRING GENERAL,JUSTICE OF THE SUPREME COURT,NONPARTISAN,SCATTERING,819,5
2006,APRIL,DANE,"OREGON VILLAGE WARDS 1, 5 - 11",SPRING GENERAL,JUSTICE OF THE SUPREME COURT,NONPARTISAN,PATRICK CROOKS,719,717
2006,APRIL,DANE,"OREGON VILLAGE WARDS 1, 5 - 11",SPRING GENERAL,JUSTICE OF THE SUPREME COURT,NONPARTISAN,SCATTERING,719,2
2006,APRIL,DANE,OREGON VILLAGE WARDS 2 - 4,SPRING GENERAL,JUSTICE OF THE SUPREME COURT,NONPARTISAN,PATRICK CROOKS,468,463
2006,APRIL,DANE,OREGON VILLAGE WARDS 2 - 4,SPRING GENERAL,JUSTICE OF THE SUPREME COURT,NONPARTISAN,SCATTERING,468,5
2006,APRIL,DANE,ROCKDALE VILLAGE WARD 1,SPRING GENERAL,JUSTICE OF THE SUPREME COURT,NONPARTISAN,PATRICK CROOKS,31,31
2006,APRIL,DANE,ROCKDALE VILLAGE WARD 1,SPRING GENERAL,JUSTICE OF THE SUPREME COURT,NONPARTISAN,SCATTERING,31,0
2006,APRIL,DANE,SHOREWOOD HILLS VILLAGE WARDS 1 & 2,SPRING GENERAL,JUSTICE OF THE SUPREME COURT,NONPARTISAN,PATRICK CROOKS,319,312
2006,APRIL,DANE,SHOREWOOD HILLS VILLAGE WARDS 1 & 2,SPRING GENERAL,JUSTICE OF THE SUPREME COURT,NONPARTISAN,SCATTERING,319,7
2006,APRIL,DANE,WAUNAKEE VILLAGE WARDS 1 - 7,SPRING GENERAL,JUSTICE OF THE SUPREME COURT,NONPARTISAN,PATRICK CROOKS,328,326
2006,APRIL,DANE,WAUNAKEE VILLAGE WARDS 1 - 7,SPRING GENERAL,JUSTICE OF THE SUPREME COURT,NONPARTISAN,SCATTERING,328,2
2006,APRIL,DANE,WAUNAKEE VILLAGE WARDS 8 - 14,SPRING GENERAL,JUSTICE OF THE SUPREME COURT,NONPARTISAN,PATRICK CROOKS,493,490
2006,APRIL,DANE,WAUNAKEE VILLAGE WARDS 8 - 14,SPRING GENERAL,JUSTICE OF THE SUPREME COURT,NONPARTISAN,SCATTERING,493,3
2006,APRIL,DANE,EDGERTON CITY WARD 7,SPRING GENERAL,JUSTICE OF THE SUPREME COURT,NONPARTISAN,PATRICK CROOKS,2,2
2006,APRIL,DANE,EDGERTON CITY WARD 7,SPRING GENERAL,JUSTICE OF THE SUPREME COURT,NONPARTISAN,SCATTERING,2,0
2006,APRIL,DANE,FITCHBURG CITY WARDS 1 - 3,SPRING GENERAL,JUSTICE OF THE SUPREME COURT,NONPARTISAN,PATRICK CROOKS,264,262
2006,APRIL,DANE,FITCHBURG CITY WARDS 1 - 3,SPRING GENERAL,JUSTICE OF THE SUPREME COURT,NONPARTISAN,SCATTERING,264,2
2006,APRIL,DANE,FITCHBURG CITY WARDS 4 - 6,SPRING GENERAL,JUSTICE OF THE SUPREME COURT,NONPARTISAN,PATRICK CROOKS,196,193
2006,APRIL,DANE,FITCHBURG CITY WARDS 4 - 6,SPRING GENERAL,JUSTICE OF THE SUPREME COURT,NONPARTISAN,SCATTERING,196,3
2006,APRIL,DANE,FITCHBURG CITY WARDS 7 - 9,SPRING GENERAL,JUSTICE OF THE SUPREME COURT,NONPARTISAN,PATRICK CROOKS,718,714
2006,APRIL,DANE,FITCHBURG CITY WARDS 7 - 9,SPRING GENERAL,JUSTICE OF THE SUPREME COURT,NONPARTISAN,SCATTERING,718,4
2006,APRIL,DANE,FITCHBURG CITY WARDS 10 - 13,SPRING GENERAL,JUSTICE OF THE SUPREME COURT,NONPARTISAN,PATRICK CROOKS,628,622
2006,APRIL,DANE,FITCHBURG CITY WARDS 10 - 13,SPRING GENERAL,JUSTICE OF THE SUPREME COURT,NONPARTISAN,SCATTERING,628,6
2006,APRIL,DANE,MADISON CITY WARD 1,SPRING GENERAL,JUSTICE OF THE SUPREME COURT,NONPARTISAN,PATRICK CROOKS,400,393
2006,APRIL,DANE,MADISON CITY WARD 1,SPRING GENERAL,JUSTICE OF THE SUPREME COURT,NONPARTISAN,SCATTERING,400,7
2006,APRIL,DANE,MADISON CITY WARD 2,SPRING GENERAL,JUSTICE OF THE SUPREME COURT,NONPARTISAN,PATRICK CROOKS,461,458
2006,APRIL,DANE,MADISON CITY WARD 2,SPRING GENERAL,JUSTICE OF THE SUPREME COURT,NONPARTISAN,SCATTERING,461,3
2006,APRIL,DANE,MADISON CITY WARD 3,SPRING GENERAL,JUSTICE OF THE SUPREME COURT,NONPARTISAN,PATRICK CROOKS,302,300
2006,APRIL,DANE,MADISON CITY WARD 3,SPRING GENERAL,JUSTICE OF THE SUPREME COURT,NONPARTISAN,SCATTERING,302,2
2006,APRIL,DANE,MADISON CITY WARD 4,SPRING GENERAL,JUSTICE OF THE SUPREME COURT,NONPARTISAN,PATRICK CROOKS,216,212
2006,APRIL,DANE,MADISON CITY WARD 4,SPRING GENERAL,JUSTICE OF THE SUPREME COURT,NONPARTISAN,SCATTERING,216,4
2006,APRIL,DANE,MADISON CITY WARD 5,SPRING GENERAL,JUSTICE OF THE SUPREME COURT,NONPARTISAN,PATRICK CROOKS,265,263
2006,APRIL,DANE,MADISON CITY WARD 5,SPRING GENERAL,JUSTICE OF THE SUPREME COURT,NONPARTISAN,SCATTERING,265,2
2006,APRIL,DANE,MADISON CITY WARD 6,SPRING GENERAL,JUSTICE OF THE SUPREME COURT,NONPARTISAN,PATRICK CROOKS,370,366
2006,APRIL,DANE,MADISON CITY WARD 6,SPRING GENERAL,JUSTICE OF THE SUPREME COURT,NONPARTISAN,SCATTERING,370,4
2006,APRIL,DANE,MADISON CITY WARD 7,SPRING GENERAL,JUSTICE OF THE SUPREME COURT,NONPARTISAN,PATRICK CROOKS,377,374
2006,APRIL,DANE,MADISON CITY WARD 7,SPRING GENERAL,JUSTICE OF THE SUPREME COURT,NONPARTISAN,SCATTERING,377,3
2006,APRIL,DANE,MADISON CITY WARD 8,SPRING GENERAL,JUSTICE OF THE SUPREME COURT,NONPARTISAN,PATRICK CROOKS,211,207
2006,APRIL,DANE,MADISON CITY WARD 8,SPRING GENERAL,JUSTICE OF THE SUPREME COURT,NONPARTISAN,SCATTERING,211,4
2006,APRIL,DANE,MADISON CITY WARD 9,SPRING GENERAL,JUSTICE OF THE SUPREME COURT,NONPARTISAN,PATRICK CROOKS,53,51
2006,APRIL,DANE,MADISON CITY WARD 9,SPRING GENERAL,JUSTICE OF THE SUPREME COURT,NONPARTISAN,SCATTERING,53,2
2006,APRIL,DANE,MADISON CITY WARD 10,SPRING GENERAL,JUSTICE OF THE SUPREME COURT,NONPARTISAN,PATRICK CROOKS,343,330
2006,APRIL,DANE,MADISON CITY WARD 10,SPRING GENERAL,JUSTICE OF THE SUPREME COURT,NONPARTISAN,SCATTERING,343,13
2006,APRIL,DANE,MADISON CITY WARD 11,SPRING GENERAL,JUSTICE OF THE SUPREME COURT,NONPARTISAN,PATRICK CROOKS,453,448
2006,APRIL,DANE,MADISON CITY WARD 11,SPRING GENERAL,JUSTICE OF THE SUPREME COURT,NONPARTISAN,SCATTERING,453,5
2006,APRIL,DANE,MADISON CITY WARD 12,SPRING GENERAL,JUSTICE OF THE SUPREME COURT,NONPARTISAN,PATRICK CROOKS,148,145
2006,APRIL,DANE,MADISON CITY WARD 12,SPRING GENERAL,JUSTICE OF THE SUPREME COURT,NONPARTISAN,SCATTERING,148,3
2006,APRIL,DANE,MADISON CITY WARD 13,SPRING GENERAL,JUSTICE OF THE SUPREME COURT,NONPARTISAN,PATRICK CROOKS,67,66
2006,APRIL,DANE,MADISON CITY WARD 13,SPRING GENERAL,JUSTICE OF THE SUPREME COURT,NONPARTISAN,SCATTERING,67,1
2006,APRIL,DANE,MADISON CITY WARD 14,SPRING GENERAL,JUSTICE OF THE SUPREME COURT,NONPARTISAN,PATRICK CROOKS,183,179
2006,APRIL,DANE,MADISON CITY WARD 14,SPRING GENERAL,JUSTICE OF THE SUPREME COURT,NONPARTISAN,SCATTERING,183,4
2006,APRIL,DANE,MADISON CITY WARD 15,SPRING GENERAL,JUSTICE OF THE SUPREME COURT,NONPARTISAN,PATRICK CROOKS,116,116
2006,APRIL,DANE,MADISON CITY WARD 15,SPRING GENERAL,JUSTICE OF THE SUPREME COURT,NONPARTISAN,SCATTERING,116,0
2006,APRIL,DANE,MADISON CITY WARD 16,SPRING GENERAL,JUSTICE OF THE SUPREME COURT,NONPARTISAN,PATRICK CROOKS,87,87
2006,APRIL,DANE,MADISON CITY WARD 16,SPRING GENERAL,JUSTICE OF THE SUPREME COURT,NONPARTISAN,SCATTERING,87,0
2006,APRIL,DANE,MADISON CITY WARD 17,SPRING GENERAL,JUSTICE OF THE SUPREME COURT,NONPARTISAN,PATRICK CROOKS,188,187
2006,APRIL,DANE,MADISON CITY WARD 17,SPRING GENERAL,JUSTICE OF THE SUPREME COURT,NONPARTISAN,SCATTERING,188,1
2006,APRIL,DANE,MADISON CITY WARD 18,SPRING GENERAL,JUSTICE OF THE SUPREME COURT,NONPARTISAN,PATRICK CROOKS,116,113
2006,APRIL,DANE,MADISON CITY WARD 18,SPRING GENERAL,JUSTICE OF THE SUPREME COURT,NONPARTISAN,SCATTERING,116,3
2006,APRIL,DANE,MADISON CITY WARD 19,SPRING GENERAL,JUSTICE OF THE SUPREME COURT,NONPARTISAN,PATRICK CROOKS,221,218
2006,APRIL,DANE,MADISON CITY WARD 19,SPRING GENERAL,JUSTICE OF THE SUPREME COURT,NONPARTISAN,SCATTERING,221,3
2006,APRIL,DANE,MADISON CITY WARD 20,SPRING GENERAL,JUSTICE OF THE SUPREME COURT,NONPARTISAN,PATRICK CROOKS,76,75
2006,APRIL,DANE,MADISON CITY WARD 20,SPRING GENERAL,JUSTICE OF THE SUPREME COURT,NONPARTISAN,SCATTERING,76,1
2006,APRIL,DANE,MADISON CITY WARD 21,SPRING GENERAL,JUSTICE OF THE SUPREME COURT,NONPARTISAN,PATRICK CROOKS,30,28
2006,APRIL,DANE,MADISON CITY WARD 21,SPRING GENERAL,JUSTICE OF THE SUPREME COURT,NONPARTISAN,SCATTERING,30,2
2006,APRIL,DANE,MADISON CITY WARD 22,SPRING GENERAL,JUSTICE OF THE SUPREME COURT,NONPARTISAN,PATRICK CROOKS,263,256
2006,APRIL,DANE,MADISON CITY WARD 22,SPRING GENERAL,JUSTICE OF THE SUPREME COURT,NONPARTISAN,SCATTERING,263,7
2006,APRIL,DANE,MADISON CITY WARD 23,SPRING GENERAL,JUSTICE OF THE SUPREME COURT,NONPARTISAN,PATRICK CROOKS,101,97
2006,APRIL,DANE,MADISON CITY WARD 23,SPRING GENERAL,JUSTICE OF THE SUPREME COURT,NONPARTISAN,SCATTERING,101,4
2006,APRIL,DANE,MADISON CITY WARD 24,SPRING GENERAL,JUSTICE OF THE SUPREME COURT,NONPARTISAN,PATRICK CROOKS,313,310
2006,APRIL,DANE,MADISON CITY WARD 24,SPRING GENERAL,JUSTICE OF THE SUPREME COURT,NONPARTISAN,SCATTERING,313,3
2006,APRIL,DANE,MADISON CITY WARD 25,SPRING GENERAL,JUSTICE OF THE SUPREME COURT,NONPARTISAN,PATRICK CROOKS,747,741
2006,APRIL,DANE,MADISON CITY WARD 25,SPRING GENERAL,JUSTICE OF THE SUPREME COURT,NONPARTISAN,SCATTERING,747,6
2006,APRIL,DANE,MADISON CITY WARD 26,SPRING GENERAL,JUSTICE OF THE SUPREME COURT,NONPARTISAN,PATRICK CROOKS,43,43
2006,APRIL,DANE,MADISON CITY WARD 26,SPRING GENERAL,JUSTICE OF THE SUPREME COURT,NONPARTISAN,SCATTERING,43,0
2006,APRIL,DANE,MADISON CITY WARD 27,SPRING GENERAL,JUSTICE OF THE SUPREME COURT,NONPARTISAN,PATRICK CROOKS,262,262
2006,APRIL,DANE,MADISON CITY WARD 27,SPRING GENERAL,JUSTICE OF THE SUPREME COURT,NONPARTISAN,SCATTERING,262,0
2006,APRIL,DANE,MADISON CITY WARD 28,SPRING GENERAL,JUSTICE OF THE SUPREME COURT,NONPARTISAN,PATRICK CROOKS,43,43
2006,APRIL,DANE,MADISON CITY WARD 28,SPRING GENERAL,JUSTICE OF THE SUPREME COURT,NONPARTISAN,SCATTERING,43,0
2006,APRIL,DANE,MADISON CITY WARD 29,SPRING GENERAL,JUSTICE OF THE SUPREME COURT,NONPARTISAN,PATRICK CROOKS,91,86
2006,APRIL,DANE,MADISON CITY WARD 29,SPRING GENERAL,JUSTICE OF THE SUPREME COURT,NONPARTISAN,SCATTERING,91,5
2006,APRIL,DANE,MADISON CITY WARD 30,SPRING GENERAL,JUSTICE OF THE SUPREME COURT,NONPARTISAN,PATRICK CROOKS,256,248
2006,APRIL,DANE,MADISON CITY WARD 30,SPRING GENERAL,JUSTICE OF THE SUPREME COURT,NONPARTISAN,SCATTERING,256,8
2006,APRIL,DANE,MADISON CITY WARD 31,SPRING GENERAL,JUSTICE OF THE SUPREME COURT,NONPARTISAN,PATRICK CROOKS,154,148
2006,APRIL,DANE,MADISON CITY WARD 31,SPRING GENERAL,JUSTICE OF THE SUPREME COURT,NONPARTISAN,SCATTERING,154,6
2006,APRIL,DANE,MADISON CITY WARD 32,SPRING GENERAL,JUSTICE OF THE SUPREME COURT,NONPARTISAN,PATRICK CROOKS,368,358
2006,APRIL,DANE,MADISON CITY WARD 32,SPRING GENERAL,JUSTICE OF THE SUPREME COURT,NONPARTISAN,SCATTERING,368,10
2006,APRIL,DANE,MADISON CITY WARD 33,SPRING GENERAL,JUSTICE OF THE SUPREME COURT,NONPARTISAN,PATRICK CROOKS,588,576
2006,APRIL,DANE,MADISON CITY WARD 33,SPRING GENERAL,JUSTICE OF THE SUPREME COURT,NONPARTISAN,SCATTERING,588,12
2006,APRIL,DANE,MADISON CITY WARD 34,SPRING GENERAL,JUSTICE OF THE SUPREME COURT,NONPARTISAN,PATRICK CROOKS,603,571
2006,APRIL,DANE,MADISON CITY WARD 34,SPRING GENERAL,JUSTICE OF THE SUPREME COURT,NONPARTISAN,SCATTERING,603,32
2006,APRIL,DANE,MADISON CITY WARD 35,SPRING GENERAL,JUSTICE OF THE SUPREME COURT,NONPARTISAN,PATRICK CROOKS,303,286
2006,APRIL,DANE,MADISON CITY WARD 35,SPRING GENERAL,JUSTICE OF THE SUPREME COURT,NONPARTISAN,SCATTERING,303,17
2006,APRIL,DANE,MADISON CITY WARD 36,SPRING GENERAL,JUSTICE OF THE SUPREME COURT,NONPARTISAN,PATRICK CROOKS,57,56
2006,APRIL,DANE,MADISON CITY WARD 36,SPRING GENERAL,JUSTICE OF THE SUPREME COURT,NONPARTISAN,SCATTERING,57,1
2006,APRIL,DANE,MADISON CITY WARD 37,SPRING GENERAL,JUSTICE OF THE SUPREME COURT,NONPARTISAN,PATRICK CROOKS,318,305
2006,APRIL,DANE,MADISON CITY WARD 37,SPRING GENERAL,JUSTICE OF THE SUPREME COURT,NONPARTISAN,SCATTERING,318,13
2006,APRIL,DANE,MADISON CITY WARD 38,SPRING GENERAL,JUSTICE OF THE SUPREME COURT,NONPARTISAN,PATRICK CROOKS,201,195
2006,APRIL,DANE,MADISON CITY WARD 38,SPRING GENERAL,JUSTICE OF THE SUPREME COURT,NONPARTISAN,SCATTERING,201,6
2006,APRIL,DANE,MADISON CITY WARD 39,SPRING GENERAL,JUSTICE OF THE SUPREME COURT,NONPARTISAN,PATRICK CROOKS,210,198
2006,APRIL,DANE,MADISON CITY WARD 39,SPRING GENERAL,JUSTICE OF THE SUPREME COURT,NONPARTISAN,SCATTERING,210,12
2006,APRIL,DANE,MADISON CITY WARD 40,SPRING GENERAL,JUSTICE OF THE SUPREME COURT,NONPARTISAN,PATRICK CROOKS,84,82
2006,APRIL,DANE,MADISON CITY WARD 40,SPRING GENERAL,JUSTICE OF THE SUPREME COURT,NONPARTISAN,SCATTERING,84,2
2006,APRIL,DANE,MADISON CITY WARD 41,SPRING GENERAL,JUSTICE OF THE SUPREME COURT,NONPARTISAN,PATRICK CROOKS,72,66
2006,APRIL,DANE,MADISON CITY WARD 41,SPRING GENERAL,JUSTICE OF THE SUPREME COURT,NONPARTISAN,SCATTERING,72,6
2006,APRIL,DANE,MADISON CITY WARD 42,SPRING GENERAL,JUSTICE OF THE SUPREME COURT,NONPARTISAN,PATRICK CROOKS,56,52
2006,APRIL,DANE,MADISON CITY WARD 42,SPRING GENERAL,JUSTICE OF THE SUPREME COURT,NONPARTISAN,SCATTERING,56,4
2006,APRIL,DANE,MADISON CITY WARD 43,SPRING GENERAL,JUSTICE OF THE SUPREME COURT,NONPARTISAN,PATRICK CROOKS,273,266
2006,APRIL,DANE,MADISON CITY WARD 43,SPRING GENERAL,JUSTICE OF THE SUPREME COURT,NONPARTISAN,SCATTERING,273,7
2006,APRIL,DANE,MADISON CITY WARD 44,SPRING GENERAL,JUSTICE OF THE SUPREME COURT,NONPARTISAN,PATRICK CROOKS,157,153
2006,APRIL,DANE,MADISON CITY WARD 44,SPRING GENERAL,JUSTICE OF THE SUPREME COURT,NONPARTISAN,SCATTERING,157,4
2006,APRIL,DANE,MADISON CITY WARD 45,SPRING GENERAL,JUSTICE OF THE SUPREME COURT,NONPARTISAN,PATRICK CROOKS,56,54
2006,APRIL,DANE,MADISON CITY WARD 45,SPRING GENERAL,JUSTICE OF THE SUPREME COURT,NONPARTISAN,SCATTERING,56,2
2006,APRIL,DANE,MADISON CITY WARD 46,SPRING GENERAL,JUSTICE OF THE SUPREME COURT,NONPARTISAN,PATRICK CROOKS,80,66
2006,APRIL,DANE,MADISON CITY WARD 46,SPRING GENERAL,JUSTICE OF THE SUPREME COURT,NONPARTISAN,SCATTERING,80,14
2006,APRIL,DANE,MADISON CITY WARD 47,SPRING GENERAL,JUSTICE OF THE SUPREME COURT,NONPARTISAN,PATRICK CROOKS,76,75
2006,APRIL,DANE,MADISON CITY WARD 47,SPRING GENERAL,JUSTICE OF THE SUPREME COURT,NONPARTISAN,SCATTERING,76,1
2006,APRIL,DANE,MADISON CITY WARD 48,SPRING GENERAL,JUSTICE OF THE SUPREME COURT,NONPARTISAN,PATRICK CROOKS,33,33
2006,APRIL,DANE,MADISON CITY WARD 48,SPRING GENERAL,JUSTICE OF THE SUPREME COURT,NONPARTISAN,SCATTERING,33,0
2006,APRIL,DANE,MADISON CITY WARD 49,SPRING GENERAL,JUSTICE OF THE SUPREME COURT,NONPARTISAN,PATRICK CROOKS,97,94
2006,APRIL,DANE,MADISON CITY WARD 49,SPRING GENERAL,JUSTICE OF THE SUPREME COURT,NONPARTISAN,SCATTERING,97,3
2006,APRIL,DANE,MADISON CITY WARD 50,SPRING GENERAL,JUSTICE OF THE SUPREME COURT,NONPARTISAN,PATRICK CROOKS,318,310
2006,APRIL,DANE,MADISON CITY WARD 50,SPRING GENERAL,JUSTICE OF THE SUPREME COURT,NONPARTISAN,SCATTERING,318,8
2006,APRIL,DANE,MADISON CITY WARD 51,SPRING GENERAL,JUSTICE OF THE SUPREME COURT,NONPARTISAN,PATRICK CROOKS,129,126
2006,APRIL,DANE,MADISON CITY WARD 51,SPRING GENERAL,JUSTICE OF THE SUPREME COURT,NONPARTISAN,SCATTERING,129,3
2006,APRIL,DANE,MADISON CITY WARD 52,SPRING GENERAL,JUSTICE OF THE SUPREME COURT,NONPARTISAN,PATRICK CROOKS,358,347
2006,APRIL,DANE,MADISON CITY WARD 52,SPRING GENERAL,JUSTICE OF THE SUPREME COURT,NONPARTISAN,SCATTERING,358,11
2006,APRIL,DANE,MADISON CITY WARD 53,SPRING GENERAL,JUSTICE OF THE SUPREME COURT,NONPARTISAN,PATRICK CROOKS,118,116
2006,APRIL,DANE,MADISON CITY WARD 53,SPRING GENERAL,JUSTICE OF THE SUPREME COURT,NONPARTISAN,SCATTERING,118,2
2006,APRIL,DANE,MADISON CITY WARD 54,SPRING GENERAL,JUSTICE OF THE SUPREME COURT,NONPARTISAN,PATRICK CROOKS,245,241
2006,APRIL,DANE,MADISON CITY WARD 54,SPRING GENERAL,JUSTICE OF THE SUPREME COURT,NONPARTISAN,SCATTERING,245,4
2006,APRIL,DANE,MADISON CITY WARD 55,SPRING GENERAL,JUSTICE OF THE SUPREME COURT,NONPARTISAN,PATRICK CROOKS,21,21
2006,APRIL,DANE,MADISON CITY WARD 55,SPRING GENERAL,JUSTICE OF THE SUPREME COURT,NONPARTISAN,SCATTERING,21,0
2006,APRIL,DANE,MADISON CITY WARD 56,SPRING GENERAL,JUSTICE OF THE SUPREME COURT,NONPARTISAN,PATRICK CROOKS,217,212
2006,APRIL,DANE,MADISON CITY WARD 56,SPRING GENERAL,JUSTICE OF THE SUPREME COURT,NONPARTISAN,SCATTERING,217,5
2006,APRIL,DANE,MADISON CITY WARD 57,SPRING GENERAL,JUSTICE OF THE SUPREME COURT,NONPARTISAN,PATRICK CROOKS,87,87
2006,APRIL,DANE,MADISON CITY WARD 57,SPRING GENERAL,JUSTICE OF THE SUPREME COURT,NONPARTISAN,SCATTERING,87,0
2006,APRIL,DANE,MADISON CITY WARD 58,SPRING GENERAL,JUSTICE OF THE SUPREME COURT,NONPARTISAN,PATRICK CROOKS,44,44
2006,APRIL,DANE,MADISON CITY WARD 58,SPRING GENERAL,JUSTICE OF THE SUPREME COURT,NONPARTISAN,SCATTERING,44,0
2006,APRIL,DANE,MADISON CITY WARD 59,SPRING GENERAL,JUSTICE OF THE SUPREME COURT,NONPARTISAN,PATRICK CROOKS,230,229
2006,APRIL,DANE,MADISON CITY WARD 59,SPRING GENERAL,JUSTICE OF THE SUPREME COURT,NONPARTISAN,SCATTERING,230,1
2006,APRIL,DANE,MADISON CITY WARD 60,SPRING GENERAL,JUSTICE OF THE SUPREME COURT,NONPARTISAN,PATRICK CROOKS,11,10
2006,APRIL,DANE,MADISON CITY WARD 60,SPRING GENERAL,JUSTICE OF THE SUPREME COURT,NONPARTISAN,SCATTERING,11,1
2006,APRIL,DANE,MADISON CITY WARD 61,SPRING GENERAL,JUSTICE OF THE SUPREME COURT,NONPARTISAN,PATRICK CROOKS,256,252
2006,APRIL,DANE,MADISON CITY WARD 61,SPRING GENERAL,JUSTICE OF THE SUPREME COURT,NONPARTISAN,SCATTERING,256,4
2006,APRIL,DANE,MADISON CITY WARD 62,SPRING GENERAL,JUSTICE OF THE SUPREME COURT,NONPARTISAN,PATRICK CROOKS,114,112
2006,APRIL,DANE,MADISON CITY WARD 62,SPRING GENERAL,JUSTICE OF THE SUPREME COURT,NONPARTISAN,SCATTERING,114,2
2006,APRIL,DANE,MADISON CITY WARD 63,SPRING GENERAL,JUSTICE OF THE SUPREME COURT,NONPARTISAN,PATRICK CROOKS,62,62
2006,APRIL,DANE,MADISON CITY WARD 63,SPRING GENERAL,JUSTICE OF THE SUPREME COURT,NONPARTISAN,SCATTERING,62,0
2006,APRIL,DANE,MADISON CITY WARD 64,SPRING GENERAL,JUSTICE OF THE SUPREME COURT,NONPARTISAN,PATRICK CROOKS,291,285
2006,APRIL,DANE,MADISON CITY WARD 64,SPRING GENERAL,JUSTICE OF THE SUPREME COURT,NONPARTISAN,SCATTERING,291,6
2006,APRIL,DANE,MADISON CITY WARD 65,SPRING GENERAL,JUSTICE OF THE SUPREME COURT,NONPARTISAN,PATRICK CROOKS,448,436
2006,APRIL,DANE,MADISON CITY WARD 65,SPRING GENERAL,JUSTICE OF THE SUPREME COURT,NONPARTISAN,SCATTERING,448,12
2006,APRIL,DANE,MADISON CITY WARD 66,SPRING GENERAL,JUSTICE OF THE SUPREME COURT,NONPARTISAN,PATRICK CROOKS,356,350
2006,APRIL,DANE,MADISON CITY WARD 66,SPRING GENERAL,JUSTICE OF THE SUPREME COURT,NONPARTISAN,SCATTERING,356,6
2006,APRIL,DANE,MADISON CITY WARD 67,SPRING GENERAL,JUSTICE OF THE SUPREME COURT,NONPARTISAN,PATRICK CROOKS,619,609
2006,APRIL,DANE,MADISON CITY WARD 67,SPRING GENERAL,JUSTICE OF THE SUPREME COURT,NONPARTISAN,SCATTERING,619,10
2006,APRIL,DANE,MADISON CITY WARD 68,SPRING GENERAL,JUSTICE OF THE SUPREME COURT,NONPARTISAN,PATRICK CROOKS,106,106
2006,APRIL,DANE,MADISON CITY WARD 68,SPRING GENERAL,JUSTICE OF THE SUPREME COURT,NONPARTISAN,SCATTERING,106,0
2006,APRIL,DANE,MADISON CITY WARD 69,SPRING GENERAL,JUSTICE OF THE SUPREME COURT,NONPARTISAN,PATRICK CROOKS,438,434
2006,APRIL,DANE,MADISON CITY WARD 69,SPRING GENERAL,JUSTICE OF THE SUPREME COURT,NONPARTISAN,SCATTERING,438,4
2006,APRIL,DANE,MADISON CITY WARD 70,SPRING GENERAL,JUSTICE OF THE SUPREME COURT,NONPARTISAN,PATRICK CROOKS,416,407
2006,APRIL,DANE,MADISON CITY WARD 70,SPRING GENERAL,JUSTICE OF THE SUPREME COURT,NONPARTISAN,SCATTERING,416,9
2006,APRIL,DANE,MADISON CITY WARD 71,SPRING GENERAL,JUSTICE OF THE SUPREME COURT,NONPARTISAN,PATRICK CROOKS,171,169
2006,APRIL,DANE,MADISON CITY WARD 71,SPRING GENERAL,JUSTICE OF THE SUPREME COURT,NONPARTISAN,SCATTERING,171,2
2006,APRIL,DANE,MADISON CITY WARD 72,SPRING GENERAL,JUSTICE OF THE SUPREME COURT,NONPARTISAN,PATRICK CROOKS,459,455
2006,APRIL,DANE,MADISON CITY WARD 72,SPRING GENERAL,JUSTICE OF THE SUPREME COURT,NONPARTISAN,SCATTERING,459,4
2006,APRIL,DANE,MADISON CITY WARD 73,SPRING GENERAL,JUSTICE OF THE SUPREME COURT,NONPARTISAN,PATRICK CROOKS,314,309
2006,APRIL,DANE,MADISON CITY WARD 73,SPRING GENERAL,JUSTICE OF THE SUPREME COURT,NONPARTISAN,SCATTERING,314,5
2006,APRIL,DANE,MADISON CITY WARD 74,SPRING GENERAL,JUSTICE OF THE SUPREME COURT,NONPARTISAN,PATRICK CROOKS,384,379
2006,APRIL,DANE,MADISON CITY WARD 74,SPRING GENERAL,JUSTICE OF THE SUPREME COURT,NONPARTISAN,SCATTERING,384,5
2006,APRIL,DANE,MADISON CITY WARD 75,SPRING GENERAL,JUSTICE OF THE SUPREME COURT,NONPARTISAN,PATRICK CROOKS,537,530
2006,APRIL,DANE,MADISON CITY WARD 75,SPRING GENERAL,JUSTICE OF THE SUPREME COURT,NONPARTISAN,SCATTERING,537,7
2006,APRIL,DANE,MADISON CITY WARD 76,SPRING GENERAL,JUSTICE OF THE SUPREME COURT,NONPARTISAN,PATRICK CROOKS,301,294
2006,APRIL,DANE,MADISON CITY WARD 76,SPRING GENERAL,JUSTICE OF THE SUPREME COURT,NONPARTISAN,SCATTERING,301,7
2006,APRIL,DANE,MADISON CITY WARD 77,SPRING GENERAL,JUSTICE OF THE SUPREME COURT,NONPARTISAN,PATRICK CROOKS,153,153
2006,APRIL,DANE,MADISON CITY WARD 77,SPRING GENERAL,JUSTICE OF THE SUPREME COURT,NONPARTISAN,SCATTERING,153,0
2006,APRIL,DANE,MADISON CITY WARD 78,SPRING GENERAL,JUSTICE OF THE SUPREME COURT,NONPARTISAN,PATRICK CROOKS,344,337
2006,APRIL,DANE,MADISON CITY WARD 78,SPRING GENERAL,JUSTICE OF THE SUPREME COURT,NONPARTISAN,SCATTERING,344,7
2006,APRIL,DANE,MADISON CITY WARD 79,SPRING GENERAL,JUSTICE OF THE SUPREME COURT,NONPARTISAN,PATRICK CROOKS,197,193
2006,APRIL,DANE,MADISON CITY WARD 79,SPRING GENERAL,JUSTICE OF THE SUPREME COURT,NONPARTISAN,SCATTERING,197,4
2006,APRIL,DANE,MADISON CITY WARD 80,SPRING GENERAL,JUSTICE OF THE SUPREME COURT,NONPARTISAN,PATRICK CROOKS,41,41
2006,APRIL,DANE,MADISON CITY WARD 80,SPRING GENERAL,JUSTICE OF THE SUPREME COURT,NONPARTISAN,SCATTERING,41,0
2006,APRIL,DANE,MADISON CITY WARD 81,SPRING GENERAL,JUSTICE OF THE SUPREME COURT,NONPARTISAN,PATRICK CROOKS,341,336
2006,APRIL,DANE,MADISON CITY WARD 81,SPRING GENERAL,JUSTICE OF THE SUPREME COURT,NONPARTISAN,SCATTERING,341,5
2006,APRIL,DANE,MADISON CITY WARD 82,SPRING GENERAL,JUSTICE OF THE SUPREME COURT,NONPARTISAN,PATRICK CROOKS,402,392
2006,APRIL,DANE,MADISON CITY WARD 82,SPRING GENERAL,JUSTICE OF THE SUPREME COURT,NONPARTISAN,SCATTERING,402,10
2006,APRIL,DANE,MADISON CITY WARD 83,SPRING GENERAL,JUSTICE OF THE SUPREME COURT,NONPARTISAN,PATRICK CROOKS,327,323
2006,APRIL,DANE,MADISON CITY WARD 83,SPRING GENERAL,JUSTICE OF THE SUPREME COURT,NONPARTISAN,SCATTERING,327,4
2006,APRIL,DANE,MADISON CITY WARD 84,SPRING GENERAL,JUSTICE OF THE SUPREME COURT,NONPARTISAN,PATRICK CROOKS,327,322
2006,APRIL,DANE,MADISON CITY WARD 84,SPRING GENERAL,JUSTICE OF THE SUPREME COURT,NONPARTISAN,SCATTERING,327,5
2006,APRIL,DANE,MADISON CITY WARD 85,SPRING GENERAL,JUSTICE OF THE SUPREME COURT,NONPARTISAN,PATRICK CROOKS,368,364
2006,APRIL,DANE,MADISON CITY WARD 85,SPRING GENERAL,JUSTICE OF THE SUPREME COURT,NONPARTISAN,SCATTERING,368,4
2006,APRIL,DANE,MADISON CITY WARD 86,SPRING GENERAL,JUSTICE OF THE SUPREME COURT,NONPARTISAN,PATRICK CROOKS,568,564
2006,APRIL,DANE,MADISON CITY WARD 86,SPRING GENERAL,JUSTICE OF THE SUPREME COURT,NONPARTISAN,SCATTERING,568,4
2006,APRIL,DANE,MADISON CITY WARD 87,SPRING GENERAL,JUSTICE OF THE SUPREME COURT,NONPARTISAN,PATRICK CROOKS,517,511
2006,APRIL,DANE,MADISON CITY WARD 87,SPRING GENERAL,JUSTICE OF THE SUPREME COURT,NONPARTISAN,SCATTERING,517,6
2006,APRIL,DANE,MADISON CITY WARD 88,SPRING GENERAL,JUSTICE OF THE SUPREME COURT,NONPARTISAN,PATRICK CROOKS,78,76
2006,APRIL,DANE,MADISON CITY WARD 88,SPRING GENERAL,JUSTICE OF THE SUPREME COURT,NONPARTISAN,SCATTERING,78,2
2006,APRIL,DANE,MADISON CITY WARD 89,SPRING GENERAL,JUSTICE OF THE SUPREME COURT,NONPARTISAN,PATRICK CROOKS,160,160
2006,APRIL,DANE,MADISON CITY WARD 89,SPRING GENERAL,JUSTICE OF THE SUPREME COURT,NONPARTISAN,SCATTERING,160,0
2006,APRIL,DANE,MADISON CITY WARD 90,SPRING GENERAL,JUSTICE OF THE SUPREME COURT,NONPARTISAN,PATRICK CROOKS,68,66
2006,APRIL,DANE,MADISON CITY WARD 90,SPRING GENERAL,JUSTICE OF THE SUPREME COURT,NONPARTISAN,SCATTERING,68,2
2006,APRIL,DANE,MADISON CITY WARD 91,SPRING GENERAL,JUSTICE OF THE SUPREME COURT,NONPARTISAN,PATRICK CROOKS,167,162
2006,APRIL,DANE,MADISON CITY WARD 91,SPRING GENERAL,JUSTICE OF THE SUPREME COURT,NONPARTISAN,SCATTERING,167,5
2006,APRIL,DANE,MADISON CITY WARD 92,SPRING GENERAL,JUSTICE OF THE SUPREME COURT,NONPARTISAN,PATRICK CROOKS,258,258
2006,APRIL,DANE,MADISON CITY WARD 92,SPRING GENERAL,JUSTICE OF THE SUPREME COURT,NONPARTISAN,SCATTERING,258,0
2006,APRIL,DANE,MADISON CITY WARD 93,SPRING GENERAL,JUSTICE OF THE SUPREME COURT,NONPARTISAN,PATRICK CROOKS,254,251
2006,APRIL,DANE,MADISON CITY WARD 93,SPRING GENERAL,JUSTICE OF THE SUPREME COURT,NONPARTISAN,SCATTERING,254,3
2006,APRIL,DANE,MADISON CITY WARD 94,SPRING GENERAL,JUSTICE OF THE SUPREME COURT,NONPARTISAN,PATRICK CROOKS,137,135
2006,APRIL,DANE,MADISON CITY WARD 94,SPRING GENERAL,JUSTICE OF THE SUPREME COURT,NONPARTISAN,SCATTERING,137,2
2006,APRIL,DANE,MADISON CITY WARD 95,SPRING GENERAL,JUSTICE OF THE SUPREME COURT,NONPARTISAN,PATRICK CROOKS,115,113
2006,APRIL,DANE,MADISON CITY WARD 95,SPRING GENERAL,JUSTICE OF THE SUPREME COURT,NONPARTISAN,SCATTERING,115,2
2006,APRIL,DANE,MADISON CITY WARD 96,SPRING GENERAL,JUSTICE OF THE SUPREME COURT,NONPARTISAN,PATRICK CROOKS,396,394
2006,APRIL,DANE,MADISON CITY WARD 96,SPRING GENERAL,JUSTICE OF THE SUPREME COURT,NONPARTISAN,SCATTERING,396,2
2006,APRIL,DANE,MADISON CITY WARD 97,SPRING GENERAL,JUSTICE OF THE SUPREME COURT,NONPARTISAN,PATRICK CROOKS,112,112
2006,APRIL,DANE,MADISON CITY WARD 97,SPRING GENERAL,JUSTICE OF THE SUPREME COURT,NONPARTISAN,SCATTERING,112,0
2006,APRIL,DANE,MADISON CITY WARD 98,SPRING GENERAL,JUSTICE OF THE SUPREME COURT,NONPARTISAN,PATRICK CROOKS,202,198
2006,APRIL,DANE,MADISON CITY WARD 98,SPRING GENERAL,JUSTICE OF THE SUPREME COURT,NONPARTISAN,SCATTERING,202,4
2006,APRIL,DANE,MADISON CITY WARD 99,SPRING GENERAL,JUSTICE OF THE SUPREME COURT,NONPARTISAN,PATRICK CROOKS,355,353
2006,APRIL,DANE,MADISON CITY WARD 99,SPRING GENERAL,JUSTICE OF THE SUPREME COURT,NONPARTISAN,SCATTERING,355,2
2006,APRIL,DANE,MADISON CITY WARD 100,SPRING GENERAL,JUSTICE OF THE SUPREME COURT,NONPARTISAN,PATRICK CROOKS,0,0
2006,APRIL,DANE,MADISON CITY WARD 100,SPRING GENERAL,JUSTICE OF THE SUPREME COURT,NONPARTISAN,SCATTERING,0,0
2006,APRIL,DANE,MADISON CITY WARD 101,SPRING GENERAL,JUSTICE OF THE SUPREME COURT,NONPARTISAN,PATRICK CROOKS,0,0
2006,APRIL,DANE,MADISON CITY WARD 101,SPRING GENERAL,JUSTICE OF THE SUPREME COURT,NONPARTISAN,SCATTERING,0,0
2006,APRIL,DANE,MADISON CITY WARD 102,SPRING GENERAL,JUSTICE OF THE SUPREME COURT,NONPARTISAN,PATRICK CROOKS,15,15
2006,APRIL,DANE,MADISON CITY WARD 102,SPRING GENERAL,JUSTICE OF THE SUPREME COURT,NONPARTISAN,SCATTERING,15,0
2006,APRIL,DANE,MADISON CITY WARD 103,SPRING GENERAL,JUSTICE OF THE SUPREME COURT,NONPARTISAN,PATRICK CROOKS,0,0
2006,APRIL,DANE,MADISON CITY WARD 103,SPRING GENERAL,JUSTICE OF THE SUPREME COURT,NONPARTISAN,SCATTERING,0,0
2006,APRIL,DANE,MADISON CITY WARD 104,SPRING GENERAL,JUSTICE OF THE SUPREME COURT,NONPARTISAN,PATRICK CROOKS,0,0
2006,APRIL,DANE,MADISON CITY WARD 104,SPRING GENERAL,JUSTICE OF THE SUPREME COURT,NONPARTISAN,SCATTERING,0,0
2006,APRIL,DANE,MADISON CITY WARD 105,SPRING GENERAL,JUSTICE OF THE SUPREME COURT,NONPARTISAN,PATRICK CROOKS,1,1
2006,APRIL,DANE,MADISON CITY WARD 105,SPRING GENERAL,JUSTICE OF THE SUPREME COURT,NONPARTISAN,SCATTERING,1,0
2006,APRIL,DANE,MADISON CITY WARD 106,SPRING GENERAL,JUSTICE OF THE SUPREME COURT,NONPARTISAN,PATRICK CROOKS,0,0
2006,APRIL,DANE,MADISON CITY WARD 106,SPRING GENERAL,JUSTICE OF THE SUPREME COURT,NONPARTISAN,SCATTERING,0,0
2006,APRIL,DANE,MADISON CITY WARD 107,SPRING GENERAL,JUSTICE OF THE SUPREME COURT,NONPARTISAN,PATRICK CROOKS,0,0
2006,APRIL,DANE,MADISON CITY WARD 107,SPRING GENERAL,JUSTICE OF THE SUPREME COURT,NONPARTISAN,SCATTERING,0,0
2006,APRIL,DANE,MADISON CITY WARD 108,SPRING GENERAL,JUSTICE OF THE SUPREME COURT,NONPARTISAN,PATRICK CROOKS,1,1
2006,APRIL,DANE,MADISON CITY WARD 108,SPRING GENERAL,JUSTICE OF THE SUPREME COURT,NONPARTISAN,SCATTERING,1,0
2006,APRIL,DANE,MADISON CITY WARD 109,SPRING GENERAL,JUSTICE OF THE SUPREME COURT,NONPARTISAN,PATRICK CROOKS,0,0
2006,APRIL,DANE,MADISON CITY WARD 109,SPRING GENERAL,JUSTICE OF THE SUPREME COURT,NONPARTISAN,SCATTERING,0,0
2006,APRIL,DANE,MADISON CITY WARD 110,SPRING GENERAL,JUSTICE OF THE SUPREME COURT,NONPARTISAN,PATRICK CROOKS,16,16
2006,APRIL,DANE,MADISON CITY WARD 110,SPRING GENERAL,JUSTICE OF THE SUPREME COURT,NONPARTISAN,SCATTERING,16,0
2006,APRIL,DANE,MADISON CITY WARD 111,SPRING GENERAL,JUSTICE OF THE SUPREME COURT,NONPARTISAN,PATRICK CROOKS,0,0
2006,APRIL,DANE,MADISON CITY WARD 111,SPRING GENERAL,JUSTICE OF THE SUPREME COURT,NONPARTISAN,SCATTERING,0,0
2006,APRIL,DANE,MADISON CITY WARD 112,SPRING GENERAL,JUSTICE OF THE SUPREME COURT,NONPARTISAN,PATRICK CROOKS,0,0
2006,APRIL,DANE,MADISON CITY WARD 112,SPRING GENERAL,JUSTICE OF THE SUPREME COURT,NONPARTISAN,SCATTERING,0,0
2006,APRIL,DANE,MADISON CITY WARD 113,SPRING GENERAL,JUSTICE OF THE SUPREME COURT,NONPARTISAN,PATRICK CROOKS,0,0
2006,APRIL,DANE,MADISON CITY WARD 113,SPRING GENERAL,JUSTICE OF THE SUPREME COURT,NONPARTISAN,SCATTERING,0,0
2006,APRIL,DANE,MADISON CITY WARD 114,SPRING GENERAL,JUSTICE OF THE SUPREME COURT,NONPARTISAN,PATRICK CROOKS,0,0
2006,APRIL,DANE,MADISON CITY WARD 114,SPRING GENERAL,JUSTICE OF THE SUPREME COURT,NONPARTISAN,SCATTERING,0,0
2006,APRIL,DANE,MADISON CITY WARD 115,SPRING GENERAL,JUSTICE OF THE SUPREME COURT,NONPARTISAN,PATRICK CROOKS,0,0
2006,APRIL,DANE,MADISON CITY WARD 115,SPRING GENERAL,JUSTICE OF THE SUPREME COURT,NONPARTISAN,SCATTERING,0,0
2006,APRIL,DANE,MADISON CITY WARD 116,SPRING GENERAL,JUSTICE OF THE SUPREME COURT,NONPARTISAN,PATRICK CROOKS,0,0
2006,APRIL,DANE,MADISON CITY WARD 116,SPRING GENERAL,JUSTICE OF THE SUPREME COURT,NONPARTISAN,SCATTERING,0,0
2006,APRIL,DANE,MADISON CITY WARD 117,SPRING GENERAL,JUSTICE OF THE SUPREME COURT,NONPARTISAN,PATRICK CROOKS,0,0
2006,APRIL,DANE,MADISON CITY WARD 117,SPRING GENERAL,JUSTICE OF THE SUPREME COURT,NONPARTISAN,SCATTERING,0,0
2006,APRIL,DANE,MADISON CITY WARD 118,SPRING GENERAL,JUSTICE OF THE SUPREME COURT,NONPARTISAN,PATRICK CROOKS,0,0
2006,APRIL,DANE,MADISON CITY WARD 118,SPRING GENERAL,JUSTICE OF THE SUPREME COURT,NONPARTISAN,SCATTERING,0,0
2006,APRIL,DANE,MADISON CITY WARD 119,SPRING GENERAL,JUSTICE OF THE SUPREME COURT,NONPARTISAN,PATRICK CROOKS,0,0
2006,APRIL,DANE,MADISON CITY WARD 119,SPRING GENERAL,JUSTICE OF THE SUPREME COURT,NONPARTISAN,SCATTERING,0,0
2006,APRIL,DANE,MADISON CITY WARD 120,SPRING GENERAL,JUSTICE OF THE SUPREME COURT,NONPARTISAN,PATRICK CROOKS,0,0
2006,APRIL,DANE,MADISON CITY WARD 120,SPRING GENERAL,JUSTICE OF THE SUPREME COURT,NONPARTISAN,SCATTERING,0,0
2006,APRIL,DANE,MADISON CITY WARD 121,SPRING GENERAL,JUSTICE OF THE SUPREME COURT,NONPARTISAN,PATRICK CROOKS,0,0
2006,APRIL,DANE,MADISON CITY WARD 121,SPRING GENERAL,JUSTICE OF THE SUPREME COURT,NONPARTISAN,SCATTERING,0,0
2006,APRIL,DANE,MADISON CITY WARD 122,SPRING GENERAL,JUSTICE OF THE SUPREME COURT,NONPARTISAN,PATRICK CROOKS,0,0
2006,APRIL,DANE,MADISON CITY WARD 122,SPRING GENERAL,JUSTICE OF THE SUPREME COURT,NONPARTISAN,SCATTERING,0,0
2006,APRIL,DANE,MADISON CITY WARD 123,SPRING GENERAL,JUSTICE OF THE SUPREME COURT,NONPARTISAN,PATRICK CROOKS,0,0
2006,APRIL,DANE,MADISON CITY WARD 123,SPRING GENERAL,JUSTICE OF THE SUPREME COURT,NONPARTISAN,SCATTERING,0,0
2006,APRIL,DANE,MADISON CITY WARD 124,SPRING GENERAL,JUSTICE OF THE SUPREME COURT,NONPARTISAN,PATRICK CROOKS,0,0
2006,APRIL,DANE,MADISON CITY WARD 124,SPRING GENERAL,JUSTICE OF THE SUPREME COURT,NONPARTISAN,SCATTERING,0,0
2006,APRIL,DANE,MADISON CITY WARD 125,SPRING GENERAL,JUSTICE OF THE SUPREME COURT,NONPARTISAN,PATRICK CROOKS,0,0
2006,APRIL,DANE,MADISON CITY WARD 125,SPRING GENERAL,JUSTICE OF THE SUPREME COURT,NONPARTISAN,SCATTERING,0,0
2006,APRIL,DANE,MADISON CITY WARD 126,SPRING GENERAL,JUSTICE OF THE SUPREME COURT,NONPARTISAN,PATRICK CROOKS,0,0
2006,APRIL,DANE,MADISON CITY WARD 126,SPRING GENERAL,JUSTICE OF THE SUPREME COURT,NONPARTISAN,SCATTERING,0,0
2006,APRIL,DANE,MADISON CITY WARD 127,SPRING GENERAL,JUSTICE OF THE SUPREME COURT,NONPARTISAN,PATRICK CROOKS,0,0
2006,APRIL,DANE,MADISON CITY WARD 127,SPRING GENERAL,JUSTICE OF THE SUPREME COURT,NONPARTISAN,SCATTERING,0,0
2006,APRIL,DANE,MADISON CITY WARD 128,SPRING GENERAL,JUSTICE OF THE SUPREME COURT,NONPARTISAN,PATRICK CROOKS,0,0
2006,APRIL,DANE,MADISON CITY WARD 128,SPRING GENERAL,JUSTICE OF THE SUPREME COURT,NONPARTISAN,SCATTERING,0,0
2006,APRIL,DANE,MADISON CITY WARD 129,SPRING GENERAL,JUSTICE OF THE SUPREME COURT,NONPARTISAN,PATRICK CROOKS,0,0
2006,APRIL,DANE,MADISON CITY WARD 129,SPRING GENERAL,JUSTICE OF THE SUPREME COURT,NONPARTISAN,SCATTERING,0,0
2006,APRIL,DANE,MADISON CITY WARD 130,SPRING GENERAL,JUSTICE OF THE SUPREME COURT,NONPARTISAN,PATRICK CROOKS,0,0
2006,APRIL,DANE,MADISON CITY WARD 130,SPRING GENERAL,JUSTICE OF THE SUPREME COURT,NONPARTISAN,SCATTERING,0,0
2006,APRIL,DANE,MADISON CITY WARD 131,SPRING GENERAL,JUSTICE OF THE SUPREME COURT,NONPARTISAN,PATRICK CROOKS,0,0
2006,APRIL,DANE,MADISON CITY WARD 131,SPRING GENERAL,JUSTICE OF THE SUPREME COURT,NONPARTISAN,SCATTERING,0,0
2006,APRIL,DANE,MADISON CITY WARD 132,SPRING GENERAL,JUSTICE OF THE SUPREME COURT,NONPARTISAN,PATRICK CROOKS,0,0
2006,APRIL,DANE,MADISON CITY WARD 132,SPRING GENERAL,JUSTICE OF THE SUPREME COURT,NONPARTISAN,SCATTERING,0,0
2006,APRIL,DANE,MADISON CITY WARD 133,SPRING GENERAL,JUSTICE OF THE SUPREME COURT,NONPARTISAN,PATRICK CROOKS,0,0
2006,APRIL,DANE,MADISON CITY WARD 133,SPRING GENERAL,JUSTICE OF THE SUPREME COURT,NONPARTISAN,SCATTERING,0,0
2006,APRIL,DANE,MADISON CITY WARD 134,SPRING GENERAL,JUSTICE OF THE SUPREME COURT,NONPARTISAN,PATRICK CROOKS,0,0
2006,APRIL,DANE,MADISON CITY WARD 134,SPRING GENERAL,JUSTICE OF THE SUPREME COURT,NONPARTISAN,SCATTERING,0,0
2006,APRIL,DANE,MADISON CITY WARD 135,SPRING GENERAL,JUSTICE OF THE SUPREME COURT,NONPARTISAN,PATRICK CROOKS,0,0
2006,APRIL,DANE,MADISON CITY WARD 135,SPRING GENERAL,JUSTICE OF THE SUPREME COURT,NONPARTISAN,SCATTERING,0,0
2006,APRIL,DANE,MADISON CITY WARD 136,SPRING GENERAL,JUSTICE OF THE SUPREME COURT,NONPARTISAN,PATRICK CROOKS,0,0
2006,APRIL,DANE,MADISON CITY WARD 136,SPRING GENERAL,JUSTICE OF THE SUPREME COURT,NONPARTISAN,SCATTERING,0,0
2006,APRIL,DANE,MIDDLETON CITY WARDS 1 - 4 & 9,SPRING GENERAL,JUSTICE OF THE SUPREME COURT,NONPARTISAN,PATRICK CROOKS,412,410
2006,APRIL,DANE,MIDDLETON CITY WARDS 1 - 4 & 9,SPRING GENERAL,JUSTICE OF THE SUPREME COURT,NONPARTISAN,SCATTERING,412,2
2006,APRIL,DANE,MIDDLETON CITY WARDS 5 - 8 & 10,SPRING GENERAL,JUSTICE OF THE SUPREME COURT,NONPARTISAN,PATRICK CROOKS,337,336
2006,APRIL,DANE,MIDDLETON CITY WARDS 5 - 8 & 10,SPRING GENERAL,JUSTICE OF THE SUPREME COURT,NONPARTISAN,SCATTERING,337,1
2006,APRIL,DANE,MONONA CITY WARDS 1 - 5,SPRING GENERAL,JUSTICE OF THE SUPREME COURT,NONPARTISAN,PATRICK CROOKS,1259,1250
2006,APRIL,DANE,MONONA CITY WARDS 1 - 5,SPRING GENERAL,JUSTICE OF THE SUPREME COURT,NONPARTISAN,SCATTERING,1259,9
2006,APRIL,DANE,MONONA CITY WARDS 6 - 10,SPRING GENERAL,JUSTICE OF THE SUPREME COURT,NONPARTISAN,PATRICK CROOKS,956,942
2006,APRIL,DANE,MONONA CITY WARDS 6 - 10,SPRING GENERAL,JUSTICE OF THE SUPREME COURT,NONPARTISAN,SCATTERING,956,14
2006,APRIL,DANE,STOUGHTON CITY WARDS 1 - 3,SPRING GENERAL,JUSTICE OF THE SUPREME COURT,NONPARTISAN,PATRICK CROOKS,510,507
2006,APRIL,DANE,STOUGHTON CITY WARDS 1 - 3,SPRING GENERAL,JUSTICE OF THE SUPREME COURT,NONPARTISAN,SCATTERING,510,3
2006,APRIL,DANE,STOUGHTON CITY WARDS 4 & 5,SPRING GENERAL,JUSTICE OF THE SUPREME COURT,NONPARTISAN,PATRICK CROOKS,298,297
2006,APRIL,DANE,STOUGHTON CITY WARDS 4 & 5,SPRING GENERAL,JUSTICE OF THE SUPREME COURT,NONPARTISAN,SCATTERING,298,1
2006,APRIL,DANE,STOUGHTON CITY WARDS 6 - 8,SPRING GENERAL,JUSTICE OF THE SUPREME COURT,NONPARTISAN,PATRICK CROOKS,381,378
2006,APRIL,DANE,STOUGHTON CITY WARDS 6 - 8,SPRING GENERAL,JUSTICE OF THE SUPREME COURT,NONPARTISAN,SCATTERING,381,3
2006,APRIL,DANE,STOUGHTON CITY WARDS 9 & 10,SPRING GENERAL,JUSTICE OF THE SUPREME COURT,NONPARTISAN,PATRICK CROOKS,561,558
2006,APRIL,DANE,STOUGHTON CITY WARDS 9 & 10,SPRING GENERAL,JUSTICE OF THE SUPREME COURT,NONPARTISAN,SCATTERING,561,3
2006,APRIL,DANE,"SUN PRAIRIE CITY WARDS 1 - 4, 18, 19, 22 & 25",SPRING GENERAL,JUSTICE OF THE SUPREME COURT,NONPARTISAN,PATRICK CROOKS,1270,1264
2006,APRIL,DANE,"SUN PRAIRIE CITY WARDS 1 - 4, 18, 19, 22 & 25",SPRING GENERAL,JUSTICE OF THE SUPREME COURT,NONPARTISAN,SCATTERING,1270,6
2006,APRIL,DANE,"SUN PRAIRIE CITY WARDS 5 - 9, 21, 23, 26 - 28",SPRING GENERAL,JUSTICE OF THE SUPREME COURT,NONPARTISAN,PATRICK CROOKS,1163,1156
2006,APRIL,DANE,"SUN PRAIRIE CITY WARDS 5 - 9, 21, 23, 26 - 28",SPRING GENERAL,JUSTICE OF THE SUPREME COURT,NONPARTISAN,SCATTERING,1163,7
2006,APRIL,DANE,"SUN PRAIRIE CITY WARDS 10 - 13, 20 & 29",SPRING GENERAL,JUSTICE OF THE SUPREME COURT,NONPARTISAN,PATRICK CROOKS,675,671
2006,APRIL,DANE,"SUN PRAIRIE CITY WARDS 10 - 13, 20 & 29",SPRING GENERAL,JUSTICE OF THE SUPREME COURT,NONPARTISAN,SCATTERING,675,4
2006,APRIL,DANE,SUN PRAIRIE CITY WARDS 14 - 17 & 24,SPRING GENERAL,JUSTICE OF THE SUPREME COURT,NONPARTISAN,PATRICK CROOKS,1569,1561
2006,APRIL,DANE,SUN PRAIRIE CITY WARDS 14 - 17 & 24,SPRING GENERAL,JUSTICE OF THE SUPREME COURT,NONPARTISAN,SCATTERING,1569,8
2006,APRIL,DANE,VERONA CITY WARDS 1 - 4,SPRING GENERAL,JUSTICE OF THE SUPREME COURT,NONPARTISAN,PATRICK CROOKS,690,687
2006,APRIL,DANE,VERONA CITY WARDS 1 - 4,SPRING GENERAL,JUSTICE OF THE SUPREME COURT,NONPARTISAN,SCATTERING,690,3
2006,APRIL,DANE,VERONA CITY WARDS 5 - 8,SPRING GENERAL,JUSTICE OF THE SUPREME COURT,NONPARTISAN,PATRICK CROOKS,625,624
2006,APRIL,DANE,VERONA CITY WARDS 5 - 8,SPRING GENERAL,JUSTICE OF THE SUPREME COURT,NONPARTISAN,SCATTERING,625,1
2006,APRIL,DODGE,ASHIPPUN TOWN WARDS 1 - 3,SPRING GENERAL,JUSTICE OF THE SUPREME COURT,NONPARTISAN,PATRICK CROOKS,127,126
2006,APRIL,DODGE,ASHIPPUN TOWN WARDS 1 - 3,SPRING GENERAL,JUSTICE OF THE SUPREME COURT,NONPARTISAN,SCATTERING,127,1
2006,APRIL,DODGE,BEAVER DAM TOWN WARDS 1 - 5,SPRING GENERAL,JUSTICE OF THE SUPREME COURT,NONPARTISAN,PATRICK CROOKS,410,409
2006,APRIL,DODGE,BEAVER DAM TOWN WARDS 1 - 5,SPRING GENERAL,JUSTICE OF THE SUPREME COURT,NONPARTISAN,SCATTERING,410,1
2006,APRIL,DODGE,BURNETT TOWN WARDS 1 & 2,SPRING GENERAL,JUSTICE OF THE SUPREME COURT,NONPARTISAN,PATRICK CROOKS,58,58
2006,APRIL,DODGE,BURNETT TOWN WARDS 1 & 2,SPRING GENERAL,JUSTICE OF THE SUPREME COURT,NONPARTISAN,SCATTERING,58,0
2006,APRIL,DODGE,CALAMUS TOWN WARDS 1 & 2,SPRING GENERAL,JUSTICE OF THE SUPREME COURT,NONPARTISAN,PATRICK CROOKS,80,80
2006,APRIL,DODGE,CALAMUS TOWN WARDS 1 & 2,SPRING GENERAL,JUSTICE OF THE SUPREME COURT,NONPARTISAN,SCATTERING,80,0
2006,APRIL,DODGE,CHESTER TOWN WARDS 1 & 2,SPRING GENERAL,JUSTICE OF THE SUPREME COURT,NONPARTISAN,PATRICK CROOKS,154,154
2006,APRIL,DODGE,CHESTER TOWN WARDS 1 & 2,SPRING GENERAL,JUSTICE OF THE SUPREME COURT,NONPARTISAN,SCATTERING,154,0
2006,APRIL,DODGE,CLYMAN TOWN WARDS 1 & 2,SPRING GENERAL,JUSTICE OF THE SUPREME COURT,NONPARTISAN,PATRICK CROOKS,58,58
2006,APRIL,DODGE,CLYMAN TOWN WARDS 1 & 2,SPRING GENERAL,JUSTICE OF THE SUPREME COURT,NONPARTISAN,SCATTERING,58,0
2006,APRIL,DODGE,ELBA TOWN WARDS 1 & 2,SPRING GENERAL,JUSTICE OF THE SUPREME COURT,NONPARTISAN,PATRICK CROOKS,60,59
2006,APRIL,DODGE,ELBA TOWN WARDS 1 & 2,SPRING GENERAL,JUSTICE OF THE SUPREME COURT,NONPARTISAN,SCATTERING,60,1
2006,APRIL,DODGE,EMMET TOWN WARDS 1 & 2,SPRING GENERAL,JUSTICE OF THE SUPREME COURT,NONPARTISAN,PATRICK CROOKS,90,90
2006,APRIL,DODGE,EMMET TOWN WARDS 1 & 2,SPRING GENERAL,JUSTICE OF THE SUPREME COURT,NONPARTISAN,SCATTERING,90,0
2006,APRIL,DODGE,FOX LAKE TOWN WARDS 1 - 4,SPRING GENERAL,JUSTICE OF THE SUPREME COURT,NONPARTISAN,PATRICK CROOKS,205,205
2006,APRIL,DODGE,FOX LAKE TOWN WARDS 1 - 4,SPRING GENERAL,JUSTICE OF THE SUPREME COURT,NONPARTISAN,SCATTERING,205,0
2006,APRIL,DODGE,HERMAN TOWN WARDS 1 & 2,SPRING GENERAL,JUSTICE OF THE SUPREME COURT,NONPARTISAN,PATRICK CROOKS,81,81
2006,APRIL,DODGE,HERMAN TOWN WARDS 1 & 2,SPRING GENERAL,JUSTICE OF THE SUPREME COURT,NONPARTISAN,SCATTERING,81,0
2006,APRIL,DODGE,HUBBARD TOWN WARDS 1 - 3,SPRING GENERAL,JUSTICE OF THE SUPREME COURT,NONPARTISAN,PATRICK CROOKS,144,144
2006,APRIL,DODGE,HUBBARD TOWN WARDS 1 - 3,SPRING GENERAL,JUSTICE OF THE SUPREME COURT,NONPARTISAN,SCATTERING,144,0
2006,APRIL,DODGE,HUSTISFORD TOWN WARDS 1 - 3,SPRING GENERAL,JUSTICE OF THE SUPREME COURT,NONPARTISAN,PATRICK CROOKS,95,94
2006,APRIL,DODGE,HUSTISFORD TOWN WARDS 1 - 3,SPRING GENERAL,JUSTICE OF THE SUPREME COURT,NONPARTISAN,SCATTERING,95,1
2006,APRIL,DODGE,LEBANON TOWN WARDS 1 & 2,SPRING GENERAL,JUSTICE OF THE SUPREME COURT,NONPARTISAN,PATRICK CROOKS,81,81
2006,APRIL,DODGE,LEBANON TOWN WARDS 1 & 2,SPRING GENERAL,JUSTICE OF THE SUPREME COURT,NONPARTISAN,SCATTERING,81,0
2006,APRIL,DODGE,LEROY TOWN WARDS 1 & 2,SPRING GENERAL,JUSTICE OF THE SUPREME COURT,NONPARTISAN,PATRICK CROOKS,51,51
2006,APRIL,DODGE,LEROY TOWN WARDS 1 & 2,SPRING GENERAL,JUSTICE OF THE SUPREME COURT,NONPARTISAN,SCATTERING,51,0
2006,APRIL,DODGE,LOMIRA TOWN WARDS 1 & 2,SPRING GENERAL,JUSTICE OF THE SUPREME COURT,NONPARTISAN,PATRICK CROOKS,39,39
2006,APRIL,DODGE,LOMIRA TOWN WARDS 1 & 2,SPRING GENERAL,JUSTICE OF THE SUPREME COURT,NONPARTISAN,SCATTERING,39,0
2006,APRIL,DODGE,LOWELL TOWN WARDS 1 & 2,SPRING GENERAL,JUSTICE OF THE SUPREME COURT,NONPARTISAN,PATRICK CROOKS,45,45
2006,APRIL,DODGE,LOWELL TOWN WARDS 1 & 2,SPRING GENERAL,JUSTICE OF THE SUPREME COURT,NONPARTISAN,SCATTERING,45,0
2006,APRIL,DODGE,OAK GROVE TOWN WARDS 1 - 3,SPRING GENERAL,JUSTICE OF THE SUPREME COURT,NONPARTISAN,PATRICK CROOKS,81,81
2006,APRIL,DODGE,OAK GROVE TOWN WARDS 1 - 3,SPRING GENERAL,JUSTICE OF THE SUPREME COURT,NONPARTISAN,SCATTERING,81,0
2006,APRIL,DODGE,PORTLAND TOWN WARDS 1 & 2,SPRING GENERAL,JUSTICE OF THE SUPREME COURT,NONPARTISAN,PATRICK CROOKS,59,59
2006,APRIL,DODGE,PORTLAND TOWN WARDS 1 & 2,SPRING GENERAL,JUSTICE OF THE SUPREME COURT,NONPARTISAN,SCATTERING,59,0
2006,APRIL,DODGE,RUBICON TOWN WARDS 1 - 3,SPRING GENERAL,JUSTICE OF THE SUPREME COURT,NONPARTISAN,PATRICK CROOKS,222,222
2006,APRIL,DODGE,RUBICON TOWN WARDS 1 - 3,SPRING GENERAL,JUSTICE OF THE SUPREME COURT,NONPARTISAN,SCATTERING,222,0
2006,APRIL,DODGE,SHIELDS TOWN WARD 1,SPRING GENERAL,JUSTICE OF THE SUPREME COURT,NONPARTISAN,PATRICK CROOKS,27,27
2006,APRIL,DODGE,SHIELDS TOWN WARD 1,SPRING GENERAL,JUSTICE OF THE SUPREME COURT,NONPARTISAN,SCATTERING,27,0
2006,APRIL,DODGE,THERESA TOWN WARDS 1 & 2,SPRING GENERAL,JUSTICE OF THE SUPREME COURT,NONPARTISAN,PATRICK CROOKS,46,46
2006,APRIL,DODGE,THERESA TOWN WARDS 1 & 2,SPRING GENERAL,JUSTICE OF THE SUPREME COURT,NONPARTISAN,SCATTERING,46,0
2006,APRIL,DODGE,TRENTON TOWN WARDS 1 - 3,SPRING GENERAL,JUSTICE OF THE SUPREME COURT,NONPARTISAN,PATRICK CROOKS,242,241
2006,APRIL,DODGE,TRENTON TOWN WARDS 1 - 3,SPRING GENERAL,JUSTICE OF THE SUPREME COURT,NONPARTISAN,SCATTERING,242,1
2006,APRIL,DODGE,WESTFORD TOWN WARDS 1 & 2,SPRING GENERAL,JUSTICE OF THE SUPREME COURT,NONPARTISAN,PATRICK CROOKS,98,98
2006,APRIL,DODGE,WESTFORD TOWN WARDS 1 & 2,SPRING GENERAL,JUSTICE OF THE SUPREME COURT,NONPARTISAN,SCATTERING,98,0
2006,APRIL,DODGE,WILLIAMSTOWN TOWN WARD 1,SPRING GENERAL,JUSTICE OF THE SUPREME COURT,NONPARTISAN,PATRICK CROOKS,49,49
2006,APRIL,DODGE,WILLIAMSTOWN TOWN WARD 1,SPRING GENERAL,JUSTICE OF THE SUPREME COURT,NONPARTISAN,SCATTERING,49,0
2006,APRIL,DODGE,BROWNSVILLE VILLAGE WARD 1,SPRING GENERAL,JUSTICE OF THE SUPREME COURT,NONPARTISAN,PATRICK CROOKS,40,40
2006,APRIL,DODGE,BROWNSVILLE VILLAGE WARD 1,SPRING GENERAL,JUSTICE OF THE SUPREME COURT,NONPARTISAN,SCATTERING,40,0
2006,APRIL,DODGE,CLYMAN VILLAGE WARD 1,SPRING GENERAL,JUSTICE OF THE SUPREME COURT,NONPARTISAN,PATRICK CROOKS,24,24
2006,APRIL,DODGE,CLYMAN VILLAGE WARD 1,SPRING GENERAL,JUSTICE OF THE SUPREME COURT,NONPARTISAN,SCATTERING,24,0
2006,APRIL,DODGE,HUSTISFORD VILLAGE WARDS 1 & 2,SPRING GENERAL,JUSTICE OF THE SUPREME COURT,NONPARTISAN,PATRICK CROOKS,91,91
2006,APRIL,DODGE,HUSTISFORD VILLAGE WARDS 1 & 2,SPRING GENERAL,JUSTICE OF THE SUPREME COURT,NONPARTISAN,SCATTERING,91,0
2006,APRIL,DODGE,IRON RIDGE VILLAGE WARD 1,SPRING GENERAL,JUSTICE OF THE SUPREME COURT,NONPARTISAN,PATRICK CROOKS,51,51
2006,APRIL,DODGE,IRON RIDGE VILLAGE WARD 1,SPRING GENERAL,JUSTICE OF THE SUPREME COURT,NONPARTISAN,SCATTERING,51,0
2006,APRIL,DODGE,KEKOSKEE VILLAGE WARD 1,SPRING GENERAL,JUSTICE OF THE SUPREME COURT,NONPARTISAN,PATRICK CROOKS,25,25
2006,APRIL,DODGE,KEKOSKEE VILLAGE WARD 1,SPRING GENERAL,JUSTICE OF THE SUPREME COURT,NONPARTISAN,SCATTERING,25,0
2006,APRIL,DODGE,LOMIRA VILLAGE WARDS 1 - 3,SPRING GENERAL,JUSTICE OF THE SUPREME COURT,NONPARTISAN,PATRICK CROOKS,67,67
2006,APRIL,DODGE,LOMIRA VILLAGE WARDS 1 - 3,SPRING GENERAL,JUSTICE OF THE SUPREME COURT,NONPARTISAN,SCATTERING,67,0
2006,APRIL,DODGE,LOWELL VILLAGE WARD 1,SPRING GENERAL,JUSTICE OF THE SUPREME COURT,NONPARTISAN,PATRICK CROOKS,33,33
2006,APRIL,DODGE,LOWELL VILLAGE WARD 1,SPRING GENERAL,JUSTICE OF THE SUPREME COURT,NONPARTISAN,SCATTERING,33,0
2006,APRIL,DODGE,NEOSHO VILLAGE WARD 1,SPRING GENERAL,JUSTICE OF THE SUPREME COURT,NONPARTISAN,PATRICK CROOKS,106,106
2006,APRIL,DODGE,NEOSHO VILLAGE WARD 1,SPRING GENERAL,JUSTICE OF THE SUPREME COURT,NONPARTISAN,SCATTERING,106,0
2006,APRIL,DODGE,RANDOLPH VILLAGE WARDS 1 & 2,SPRING GENERAL,JUSTICE OF THE SUPREME COURT,NONPARTISAN,PATRICK CROOKS,150,150
2006,APRIL,DODGE,RANDOLPH VILLAGE WARDS 1 & 2,SPRING GENERAL,JUSTICE OF THE SUPREME COURT,NONPARTISAN,SCATTERING,150,0
2006,APRIL,DODGE,REESEVILLE VILLAGE WARD 1,SPRING GENERAL,JUSTICE OF THE SUPREME COURT,NONPARTISAN,PATRICK CROOKS,41,41
2006,APRIL,DODGE,REESEVILLE VILLAGE WARD 1,SPRING GENERAL,JUSTICE OF THE SUPREME COURT,NONPARTISAN,SCATTERING,41,0
2006,APRIL,DODGE,THERESA VILLAGE WARDS 1 - 3,SPRING GENERAL,JUSTICE OF THE SUPREME COURT,NONPARTISAN,PATRICK CROOKS,130,130
2006,APRIL,DODGE,THERESA VILLAGE WARDS 1 - 3,SPRING GENERAL,JUSTICE OF THE SUPREME COURT,NONPARTISAN,SCATTERING,130,0
2006,APRIL,DODGE,"BEAVER DAM CITY WARDS 1, 3 & 5",SPRING GENERAL,JUSTICE OF THE SUPREME COURT,NONPARTISAN,PATRICK CROOKS,428,428
2006,APRIL,DODGE,"BEAVER DAM CITY WARDS 1, 3 & 5",SPRING GENERAL,JUSTICE OF THE SUPREME COURT,NONPARTISAN,SCATTERING,428,0
2006,APRIL,DODGE,BEAVER DAM CITY WARDS 2 & 6,SPRING GENERAL,JUSTICE OF THE SUPREME COURT,NONPARTISAN,PATRICK CROOKS,396,394
2006,APRIL,DODGE,BEAVER DAM CITY WARDS 2 & 6,SPRING GENERAL,JUSTICE OF THE SUPREME COURT,NONPARTISAN,SCATTERING,396,2
2006,APRIL,DODGE,BEAVER DAM CITY WARDS 4 & 10,SPRING GENERAL,JUSTICE OF THE SUPREME COURT,NONPARTISAN,PATRICK CROOKS,263,263
2006,APRIL,DODGE,BEAVER DAM CITY WARDS 4 & 10,SPRING GENERAL,JUSTICE OF THE SUPREME COURT,NONPARTISAN,SCATTERING,263,0
2006,APRIL,DODGE,"BEAVER DAM CITY WARDS 7, 12 & 13",SPRING GENERAL,JUSTICE OF THE SUPREME COURT,NONPARTISAN,PATRICK CROOKS,409,408
2006,APRIL,DODGE,"BEAVER DAM CITY WARDS 7, 12 & 13",SPRING GENERAL,JUSTICE OF THE SUPREME COURT,NONPARTISAN,SCATTERING,409,1
2006,APRIL,DODGE,BEAVER DAM CITY WARDS 8 & 14,SPRING GENERAL,JUSTICE OF THE SUPREME COURT,NONPARTISAN,PATRICK CROOKS,337,336
2006,APRIL,DODGE,BEAVER DAM CITY WARDS 8 & 14,SPRING GENERAL,JUSTICE OF THE SUPREME COURT,NONPARTISAN,SCATTERING,337,1
2006,APRIL,DODGE,BEAVER DAM CITY WARDS 9 & 11,SPRING GENERAL,JUSTICE OF THE SUPREME COURT,NONPARTISAN,PATRICK CROOKS,479,478
2006,APRIL,DODGE,BEAVER DAM CITY WARDS 9 & 11,SPRING GENERAL,JUSTICE OF THE SUPREME COURT,NONPARTISAN,SCATTERING,479,1
2006,APRIL,DODGE,COLUMBUS CITY WARD 9,SPRING GENERAL,JUSTICE OF THE SUPREME COURT,NONPARTISAN,PATRICK CROOKS,0,0
2006,APRIL,DODGE,COLUMBUS CITY WARD 9,SPRING GENERAL,JUSTICE OF THE SUPREME COURT,NONPARTISAN,SCATTERING,0,0
2006,APRIL,DODGE,FOX LAKE CITY WARDS 1 - 3,SPRING GENERAL,JUSTICE OF THE SUPREME COURT,NONPARTISAN,PATRICK CROOKS,271,270
2006,APRIL,DODGE,FOX LAKE CITY WARDS 1 - 3,SPRING GENERAL,JUSTICE OF THE SUPREME COURT,NONPARTISAN,SCATTERING,271,1
2006,APRIL,DODGE,HARTFORD CITY WARD 16,SPRING GENERAL,JUSTICE OF THE SUPREME COURT,NONPARTISAN,PATRICK CROOKS,0,0
2006,APRIL,DODGE,HARTFORD CITY WARD 16,SPRING GENERAL,JUSTICE OF THE SUPREME COURT,NONPARTISAN,SCATTERING,0,0
2006,APRIL,DODGE,HORICON CITY WARDS 1 - 6,SPRING GENERAL,JUSTICE OF THE SUPREME COURT,NONPARTISAN,PATRICK CROOKS,542,541
2006,APRIL,DODGE,HORICON CITY WARDS 1 - 6,SPRING GENERAL,JUSTICE OF THE SUPREME COURT,NONPARTISAN,SCATTERING,542,1
2006,APRIL,DODGE,JUNEAU CITY WARDS 1 - 3,SPRING GENERAL,JUSTICE OF THE SUPREME COURT,NONPARTISAN,PATRICK CROOKS,224,224
2006,APRIL,DODGE,JUNEAU CITY WARDS 1 - 3,SPRING GENERAL,JUSTICE OF THE SUPREME COURT,NONPARTISAN,SCATTERING,224,0
2006,APRIL,DODGE,MAYVILLE CITY WARDS 1 - 7,SPRING GENERAL,JUSTICE OF THE SUPREME COURT,NONPARTISAN,PATRICK CROOKS,454,454
2006,APRIL,DODGE,MAYVILLE CITY WARDS 1 - 7,SPRING GENERAL,JUSTICE OF THE SUPREME COURT,NONPARTISAN,SCATTERING,454,0
2006,APRIL,DODGE,WATERTOWN CITY WARDS 1 & 2,SPRING GENERAL,JUSTICE OF THE SUPREME COURT,NONPARTISAN,PATRICK CROOKS,422,421
2006,APRIL,DODGE,WATERTOWN CITY WARDS 1 & 2,SPRING GENERAL,JUSTICE OF THE SUPREME COURT,NONPARTISAN,SCATTERING,422,1
2006,APRIL,DODGE,WATERTOWN CITY WARDS 3 & 4,SPRING GENERAL,JUSTICE OF THE SUPREME COURT,NONPARTISAN,PATRICK CROOKS,329,329
2006,APRIL,DODGE,WATERTOWN CITY WARDS 3 & 4,SPRING GENERAL,JUSTICE OF THE SUPREME COURT,NONPARTISAN,SCATTERING,329,0
2006,APRIL,DODGE,WATERTOWN CITY WARDS 5 & 6,SPRING GENERAL,JUSTICE OF THE SUPREME COURT,NONPARTISAN,PATRICK CROOKS,251,251
2006,APRIL,DODGE,WATERTOWN CITY WARDS 5 & 6,SPRING GENERAL,JUSTICE OF THE SUPREME COURT,NONPARTISAN,SCATTERING,251,0
2006,APRIL,DODGE,WATERTOWN CITY WARD 7,SPRING GENERAL,JUSTICE OF THE SUPREME COURT,NONPARTISAN,PATRICK CROOKS,127,126
2006,APRIL,DODGE,WATERTOWN CITY WARD 7,SPRING GENERAL,JUSTICE OF THE SUPREME COURT,NONPARTISAN,SCATTERING,127,1
2006,APRIL,DODGE,WAUPUN CITY WARD 1,SPRING GENERAL,JUSTICE OF THE SUPREME COURT,NONPARTISAN,PATRICK CROOKS,133,131
2006,APRIL,DODGE,WAUPUN CITY WARD 1,SPRING GENERAL,JUSTICE OF THE SUPREME COURT,NONPARTISAN,SCATTERING,133,2
2006,APRIL,DODGE,WAUPUN CITY WARD 2,SPRING GENERAL,JUSTICE OF THE SUPREME COURT,NONPARTISAN,PATRICK CROOKS,179,179
2006,APRIL,DODGE,WAUPUN CITY WARD 2,SPRING GENERAL,JUSTICE OF THE SUPREME COURT,NONPARTISAN,SCATTERING,179,0
2006,APRIL,DODGE,WAUPUN CITY WARD 3,SPRING GENERAL,JUSTICE OF THE SUPREME COURT,NONPARTISAN,PATRICK CROOKS,0,0
2006,APRIL,DODGE,WAUPUN CITY WARD 3,SPRING GENERAL,JUSTICE OF THE SUPREME COURT,NONPARTISAN,SCATTERING,0,0
2006,APRIL,DODGE,WAUPUN CITY WARD 4,SPRING GENERAL,JUSTICE OF THE SUPREME COURT,NONPARTISAN,PATRICK CROOKS,128,128
2006,APRIL,DODGE,WAUPUN CITY WARD 4,SPRING GENERAL,JUSTICE OF THE SUPREME COURT,NONPARTISAN,SCATTERING,128,0
2006,APRIL,DODGE,WAUPUN CITY WARD 5,SPRING GENERAL,JUSTICE OF THE SUPREME COURT,NONPARTISAN,PATRICK CROOKS,234,233
2006,APRIL,DODGE,WAUPUN CITY WARD 5,SPRING GENERAL,JUSTICE OF THE SUPREME COURT,NONPARTISAN,SCATTERING,234,1
2006,APRIL,DODGE,WAUPUN CITY WARD 6,SPRING GENERAL,JUSTICE OF THE SUPREME COURT,NONPARTISAN,PATRICK CROOKS,0,0
2006,APRIL,DODGE,WAUPUN CITY WARD 6,SPRING GENERAL,JUSTICE OF THE SUPREME COURT,NONPARTISAN,SCATTERING,0,0
2006,APRIL,DODGE,WAUPUN CITY WARD 7,SPRING GENERAL,JUSTICE OF THE SUPREME COURT,NONPARTISAN,PATRICK CROOKS,77,77
2006,APRIL,DODGE,WAUPUN CITY WARD 7,SPRING GENERAL,JUSTICE OF THE SUPREME COURT,NONPARTISAN,SCATTERING,77,0
2006,APRIL,DODGE,WAUPUN CITY WARD 8,SPRING GENERAL,JUSTICE OF THE SUPREME COURT,NONPARTISAN,PATRICK CROOKS,73,73
2006,APRIL,DODGE,WAUPUN CITY WARD 8,SPRING GENERAL,JUSTICE OF THE SUPREME COURT,NONPARTISAN,SCATTERING,73,0
2006,APRIL,DOOR,BAILEYS HARBOR TOWN WARD 1,SPRING GENERAL,JUSTICE OF THE SUPREME COURT,NONPARTISAN,PATRICK CROOKS,90,90
2006,APRIL,DOOR,BAILEYS HARBOR TOWN WARD 1,SPRING GENERAL,JUSTICE OF THE SUPREME COURT,NONPARTISAN,SCATTERING,90,0
2006,APRIL,DOOR,BAILEYS HARBOR TOWN WARD 2,SPRING GENERAL,JUSTICE OF THE SUPREME COURT,NONPARTISAN,PATRICK CROOKS,93,93
2006,APRIL,DOOR,BAILEYS HARBOR TOWN WARD 2,SPRING GENERAL,JUSTICE OF THE SUPREME COURT,NONPARTISAN,SCATTERING,93,0
2006,APRIL,DOOR,BRUSSELS TOWN WARD 1,SPRING GENERAL,JUSTICE OF THE SUPREME COURT,NONPARTISAN,PATRICK CROOKS,20,20
2006,APRIL,DOOR,BRUSSELS TOWN WARD 1,SPRING GENERAL,JUSTICE OF THE SUPREME COURT,NONPARTISAN,SCATTERING,20,0
2006,APRIL,DOOR,BRUSSELS TOWN WARD 2,SPRING GENERAL,JUSTICE OF THE SUPREME COURT,NONPARTISAN,PATRICK CROOKS,40,40
2006,APRIL,DOOR,BRUSSELS TOWN WARD 2,SPRING GENERAL,JUSTICE OF THE SUPREME COURT,NONPARTISAN,SCATTERING,40,0
2006,APRIL,DOOR,CLAYBANKS TOWN WARD 1,SPRING GENERAL,JUSTICE OF THE SUPREME COURT,NONPARTISAN,PATRICK CROOKS,99,97
2006,APRIL,DOOR,CLAYBANKS TOWN WARD 1,SPRING GENERAL,JUSTICE OF THE SUPREME COURT,NONPARTISAN,SCATTERING,99,2
2006,APRIL,DOOR,EGG HARBOR TOWN WARD 1,SPRING GENERAL,JUSTICE OF THE SUPREME COURT,NONPARTISAN,PATRICK CROOKS,178,178
2006,APRIL,DOOR,EGG HARBOR TOWN WARD 1,SPRING GENERAL,JUSTICE OF THE SUPREME COURT,NONPARTISAN,SCATTERING,178,0
2006,APRIL,DOOR,EGG HARBOR TOWN WARD 2,SPRING GENERAL,JUSTICE OF THE SUPREME COURT,NONPARTISAN,PATRICK CROOKS,56,56
2006,APRIL,DOOR,EGG HARBOR TOWN WARD 2,SPRING GENERAL,JUSTICE OF THE SUPREME COURT,NONPARTISAN,SCATTERING,56,0
2006,APRIL,DOOR,EGG HARBOR TOWN WARD 3,SPRING GENERAL,JUSTICE OF THE SUPREME COURT,NONPARTISAN,PATRICK CROOKS,22,22
2006,APRIL,DOOR,EGG HARBOR TOWN WARD 3,SPRING GENERAL,JUSTICE OF THE SUPREME COURT,NONPARTISAN,SCATTERING,22,0
2006,APRIL,DOOR,FORESTVILLE TOWN WARD 1,SPRING GENERAL,JUSTICE OF THE SUPREME COURT,NONPARTISAN,PATRICK CROOKS,141,140
2006,APRIL,DOOR,FORESTVILLE TOWN WARD 1,SPRING GENERAL,JUSTICE OF THE SUPREME COURT,NONPARTISAN,SCATTERING,141,1
2006,APRIL,DOOR,FORESTVILLE TOWN WARD 2,SPRING GENERAL,JUSTICE OF THE SUPREME COURT,NONPARTISAN,PATRICK CROOKS,17,17
2006,APRIL,DOOR,FORESTVILLE TOWN WARD 2,SPRING GENERAL,JUSTICE OF THE SUPREME COURT,NONPARTISAN,SCATTERING,17,0
2006,APRIL,DOOR,GARDNER TOWN WARD 1,SPRING GENERAL,JUSTICE OF THE SUPREME COURT,NONPARTISAN,PATRICK CROOKS,173,172
2006,APRIL,DOOR,GARDNER TOWN WARD 1,SPRING GENERAL,JUSTICE OF THE SUPREME COURT,NONPARTISAN,SCATTERING,173,1
2006,APRIL,DOOR,GIBRALTAR TOWN WARD 1,SPRING GENERAL,JUSTICE OF THE SUPREME COURT,NONPARTISAN,PATRICK CROOKS,106,105
2006,APRIL,DOOR,GIBRALTAR TOWN WARD 1,SPRING GENERAL,JUSTICE OF THE SUPREME COURT,NONPARTISAN,SCATTERING,106,1
2006,APRIL,DOOR,GIBRALTAR TOWN WARD 2,SPRING GENERAL,JUSTICE OF THE SUPREME COURT,NONPARTISAN,PATRICK CROOKS,22,22
2006,APRIL,DOOR,GIBRALTAR TOWN WARD 2,SPRING GENERAL,JUSTICE OF THE SUPREME COURT,NONPARTISAN,SCATTERING,22,0
2006,APRIL,DOOR,JACKSONPORT TOWN WARD 1,SPRING GENERAL,JUSTICE OF THE SUPREME COURT,NONPARTISAN,PATRICK CROOKS,222,221
2006,APRIL,DOOR,JACKSONPORT TOWN WARD 1,SPRING GENERAL,JUSTICE OF THE SUPREME COURT,NONPARTISAN,SCATTERING,222,1
2006,APRIL,DOOR,LIBERTY GROVE TOWN WARD 1,SPRING GENERAL,JUSTICE OF THE SUPREME COURT,NONPARTISAN,PATRICK CROOKS,118,118
2006,APRIL,DOOR,LIBERTY GROVE TOWN WARD 1,SPRING GENERAL,JUSTICE OF THE SUPREME COURT,NONPARTISAN,SCATTERING,118,0
2006,APRIL,DOOR,LIBERTY GROVE TOWN WARD 2,SPRING GENERAL,JUSTICE OF THE SUPREME COURT,NONPARTISAN,PATRICK CROOKS,79,79
2006,APRIL,DOOR,LIBERTY GROVE TOWN WARD 2,SPRING GENERAL,JUSTICE OF THE SUPREME COURT,NONPARTISAN,SCATTERING,79,0
2006,APRIL,DOOR,LIBERTY GROVE TOWN WARD 3,SPRING GENERAL,JUSTICE OF THE SUPREME COURT,NONPARTISAN,PATRICK CROOKS,196,196
2006,APRIL,DOOR,LIBERTY GROVE TOWN WARD 3,SPRING GENERAL,JUSTICE OF THE SUPREME COURT,NONPARTISAN,SCATTERING,196,0
2006,APRIL,DOOR,NASEWAUPEE TOWN WARD 1,SPRING GENERAL,JUSTICE OF THE SUPREME COURT,NONPARTISAN,PATRICK CROOKS,179,179
2006,APRIL,DOOR,NASEWAUPEE TOWN WARD 1,SPRING GENERAL,JUSTICE OF THE SUPREME COURT,NONPARTISAN,SCATTERING,179,0
2006,APRIL,DOOR,NASEWAUPEE TOWN WARD 2,SPRING GENERAL,JUSTICE OF THE SUPREME COURT,NONPARTISAN,PATRICK CROOKS,16,15
2006,APRIL,DOOR,NASEWAUPEE TOWN WARD 2,SPRING GENERAL,JUSTICE OF THE SUPREME COURT,NONPARTISAN,SCATTERING,16,1
2006,APRIL,DOOR,NASEWAUPEE TOWN WARD 3,SPRING GENERAL,JUSTICE OF THE SUPREME COURT,NONPARTISAN,PATRICK CROOKS,33,33
2006,APRIL,DOOR,NASEWAUPEE TOWN WARD 3,SPRING GENERAL,JUSTICE OF THE SUPREME COURT,NONPARTISAN,SCATTERING,33,0
2006,APRIL,DOOR,SEVASTOPOL TOWN WARD 1,SPRING GENERAL,JUSTICE OF THE SUPREME COURT,NONPARTISAN,PATRICK CROOKS,329,329
2006,APRIL,DOOR,SEVASTOPOL TOWN WARD 1,SPRING GENERAL,JUSTICE OF THE SUPREME COURT,NONPARTISAN,SCATTERING,329,0
2006,APRIL,DOOR,SEVASTOPOL TOWN WARD 2,SPRING GENERAL,JUSTICE OF THE SUPREME COURT,NONPARTISAN,PATRICK CROOKS,56,54
2006,APRIL,DOOR,SEVASTOPOL TOWN WARD 2,SPRING GENERAL,JUSTICE OF THE SUPREME COURT,NONPARTISAN,SCATTERING,56,2
2006,APRIL,DOOR,SEVASTOPOL TOWN WARD 3,SPRING GENERAL,JUSTICE OF THE SUPREME COURT,NONPARTISAN,PATRICK CROOKS,222,222
2006,APRIL,DOOR,SEVASTOPOL TOWN WARD 3,SPRING GENERAL,JUSTICE OF THE SUPREME COURT,NONPARTISAN,SCATTERING,222,0
2006,APRIL,DOOR,STURGEON BAY TOWN WARD 1,SPRING GENERAL,JUSTICE OF THE SUPREME COURT,NONPARTISAN,PATRICK CROOKS,72,72
2006,APRIL,DOOR,STURGEON BAY TOWN WARD 1,SPRING GENERAL,JUSTICE OF THE SUPREME COURT,NONPARTISAN,SCATTERING,72,0
2006,APRIL,DOOR,STURGEON BAY TOWN WARD 2,SPRING GENERAL,JUSTICE OF THE SUPREME COURT,NONPARTISAN,PATRICK CROOKS,44,44
2006,APRIL,DOOR,STURGEON BAY TOWN WARD 2,SPRING GENERAL,JUSTICE OF THE SUPREME COURT,NONPARTISAN,SCATTERING,44,0
2006,APRIL,DOOR,UNION TOWN WARD 1,SPRING GENERAL,JUSTICE OF THE SUPREME COURT,NONPARTISAN,PATRICK CROOKS,71,70
2006,APRIL,DOOR,UNION TOWN WARD 1,SPRING GENERAL,JUSTICE OF THE SUPREME COURT,NONPARTISAN,SCATTERING,71,1
2006,APRIL,DOOR,WASHINGTON TOWN WARD 1,SPRING GENERAL,JUSTICE OF THE SUPREME COURT,NONPARTISAN,PATRICK CROOKS,295,291
2006,APRIL,DOOR,WASHINGTON TOWN WARD 1,SPRING GENERAL,JUSTICE OF THE SUPREME COURT,NONPARTISAN,SCATTERING,295,4
2006,APRIL,DOOR,EGG HARBOR VILLAGE WARD 1,SPRING GENERAL,JUSTICE OF THE SUPREME COURT,NONPARTISAN,PATRICK CROOKS,75,74
2006,APRIL,DOOR,EGG HARBOR VILLAGE WARD 1,SPRING GENERAL,JUSTICE OF THE SUPREME COURT,NONPARTISAN,SCATTERING,75,1
2006,APRIL,DOOR,EPHRAIM VILLAGE WARD 1,SPRING GENERAL,JUSTICE OF THE SUPREME COURT,NONPARTISAN,PATRICK CROOKS,88,88
2006,APRIL,DOOR,EPHRAIM VILLAGE WARD 1,SPRING GENERAL,JUSTICE OF THE SUPREME COURT,NONPARTISAN,SCATTERING,88,0
2006,APRIL,DOOR,FORESTVILLE VILLAGE WARD 1,SPRING GENERAL,JUSTICE OF THE SUPREME COURT,NONPARTISAN,PATRICK CROOKS,95,95
2006,APRIL,DOOR,FORESTVILLE VILLAGE WARD 1,SPRING GENERAL,JUSTICE OF THE SUPREME COURT,NONPARTISAN,SCATTERING,95,0
2006,APRIL,DOOR,SISTER BAY VILLAGE WARD 1,SPRING GENERAL,JUSTICE OF THE SUPREME COURT,NONPARTISAN,PATRICK CROOKS,186,185
2006,APRIL,DOOR,SISTER BAY VILLAGE WARD 1,SPRING GENERAL,JUSTICE OF THE SUPREME COURT,NONPARTISAN,SCATTERING,186,1
2006,APRIL,DOOR,STURGEON BAY CITY WARDS 1 & 2,SPRING GENERAL,JUSTICE OF THE SUPREME COURT,NONPARTISAN,PATRICK CROOKS,166,165
2006,APRIL,DOOR,STURGEON BAY CITY WARDS 1 & 2,SPRING GENERAL,JUSTICE OF THE SUPREME COURT,NONPARTISAN,SCATTERING,166,1
2006,APRIL,DOOR,STURGEON BAY CITY WARDS 3 & 4,SPRING GENERAL,JUSTICE OF THE SUPREME COURT,NONPARTISAN,PATRICK CROOKS,245,243
2006,APRIL,DOOR,STURGEON BAY CITY WARDS 3 & 4,SPRING GENERAL,JUSTICE OF THE SUPREME COURT,NONPARTISAN,SCATTERING,245,2
2006,APRIL,DOOR,STURGEON BAY CITY WARDS 5 & 6,SPRING GENERAL,JUSTICE OF THE SUPREME COURT,NONPARTISAN,PATRICK CROOKS,152,150
2006,APRIL,DOOR,STURGEON BAY CITY WARDS 5 & 6,SPRING GENERAL,JUSTICE OF THE SUPREME COURT,NONPARTISAN,SCATTERING,152,2
2006,APRIL,DOOR,STURGEON BAY CITY WARDS 7 & 8,SPRING GENERAL,JUSTICE OF THE SUPREME COURT,NONPARTISAN,PATRICK CROOKS,78,78
2006,APRIL,DOOR,STURGEON BAY CITY WARDS 7 & 8,SPRING GENERAL,JUSTICE OF THE SUPREME COURT,NONPARTISAN,SCATTERING,78,0
2006,APRIL,DOOR,STURGEON BAY CITY WARDS 9 & 10,SPRING GENERAL,JUSTICE OF THE SUPREME COURT,NONPARTISAN,PATRICK CROOKS,130,128
2006,APRIL,DOOR,STURGEON BAY CITY WARDS 9 & 10,SPRING GENERAL,JUSTICE OF THE SUPREME COURT,NONPARTISAN,SCATTERING,130,2
2006,APRIL,DOOR,STURGEON BAY CITY WARDS 11 & 12,SPRING GENERAL,JUSTICE OF THE SUPREME COURT,NONPARTISAN,PATRICK CROOKS,103,103
2006,APRIL,DOOR,STURGEON BAY CITY WARDS 11 & 12,SPRING GENERAL,JUSTICE OF THE SUPREME COURT,NONPARTISAN,SCATTERING,103,0
2006,APRIL,DOOR,STURGEON BAY CITY WARDS 13 & 14,SPRING GENERAL,JUSTICE OF THE SUPREME COURT,NONPARTISAN,PATRICK CROOKS,94,92
2006,APRIL,DOOR,STURGEON BAY CITY WARDS 13 & 14,SPRING GENERAL,JUSTICE OF THE SUPREME COURT,NONPARTISAN,SCATTERING,94,2
2006,APRIL,DOOR,STURGEON BAY CITY WARDS 15 - 17,SPRING GENERAL,JUSTICE OF THE SUPREME COURT,NONPARTISAN,PATRICK CROOKS,7,7
2006,APRIL,DOOR,STURGEON BAY CITY WARDS 15 - 17,SPRING GENERAL,JUSTICE OF THE SUPREME COURT,NONPARTISAN,SCATTERING,7,0
2006,APRIL,DOOR,"STURGEON BAY CITY WARDS 18, 19 & 25",SPRING GENERAL,JUSTICE OF THE SUPREME COURT,NONPARTISAN,PATRICK CROOKS,9,9
2006,APRIL,DOOR,"STURGEON BAY CITY WARDS 18, 19 & 25",SPRING GENERAL,JUSTICE OF THE SUPREME COURT,NONPARTISAN,SCATTERING,9,0
2006,APRIL,DOOR,"STURGEON BAY CITY WARDS 20, 21 & 24",SPRING GENERAL,JUSTICE OF THE SUPREME COURT,NONPARTISAN,PATRICK CROOKS,9,9
2006,APRIL,DOOR,"STURGEON BAY CITY WARDS 20, 21 & 24",SPRING GENERAL,JUSTICE OF THE SUPREME COURT,NONPARTISAN,SCATTERING,9,0
2006,APRIL,DOOR,STURGEON BAY CITY WARDS 22 & 23,SPRING GENERAL,JUSTICE OF THE SUPREME COURT,NONPARTISAN,PATRICK CROOKS,0,0
2006,APRIL,DOOR,STURGEON BAY CITY WARDS 22 & 23,SPRING GENERAL,JUSTICE OF THE SUPREME COURT,NONPARTISAN,SCATTERING,0,0
2006,APRIL,DOUGLAS,AMNICON TOWN WARDS 1 & 2,SPRING GENERAL,JUSTICE OF THE SUPREME COURT,NONPARTISAN,PATRICK CROOKS,58,58
2006,APRIL,DOUGLAS,AMNICON TOWN WARDS 1 & 2,SPRING GENERAL,JUSTICE OF THE SUPREME COURT,NONPARTISAN,SCATTERING,58,0
2006,APRIL,DOUGLAS,BENNETT TOWN WARD 1,SPRING GENERAL,JUSTICE OF THE SUPREME COURT,NONPARTISAN,PATRICK CROOKS,39,39
2006,APRIL,DOUGLAS,BENNETT TOWN WARD 1,SPRING GENERAL,JUSTICE OF THE SUPREME COURT,NONPARTISAN,SCATTERING,39,0
2006,APRIL,DOUGLAS,BRULE TOWN WARD 1,SPRING GENERAL,JUSTICE OF THE SUPREME COURT,NONPARTISAN,PATRICK CROOKS,86,85
2006,APRIL,DOUGLAS,BRULE TOWN WARD 1,SPRING GENERAL,JUSTICE OF THE SUPREME COURT,NONPARTISAN,SCATTERING,86,1
2006,APRIL,DOUGLAS,CLOVERLAND TOWN WARD 1,SPRING GENERAL,JUSTICE OF THE SUPREME COURT,NONPARTISAN,PATRICK CROOKS,35,35
2006,APRIL,DOUGLAS,CLOVERLAND TOWN WARD 1,SPRING GENERAL,JUSTICE OF THE SUPREME COURT,NONPARTISAN,SCATTERING,35,0
2006,APRIL,DOUGLAS,DAIRYLAND TOWN WARD 1,SPRING GENERAL,JUSTICE OF THE SUPREME COURT,NONPARTISAN,PATRICK CROOKS,17,15
2006,APRIL,DOUGLAS,DAIRYLAND TOWN WARD 1,SPRING GENERAL,JUSTICE OF THE SUPREME COURT,NONPARTISAN,SCATTERING,17,2
2006,APRIL,DOUGLAS,GORDON TOWN WARD 1,SPRING GENERAL,JUSTICE OF THE SUPREME COURT,NONPARTISAN,PATRICK CROOKS,99,99
2006,APRIL,DOUGLAS,GORDON TOWN WARD 1,SPRING GENERAL,JUSTICE OF THE SUPREME COURT,NONPARTISAN,SCATTERING,99,0
2006,APRIL,DOUGLAS,HAWTHORNE TOWN WARDS 1 & 2,SPRING GENERAL,JUSTICE OF THE SUPREME COURT,NONPARTISAN,PATRICK CROOKS,28,27
2006,APRIL,DOUGLAS,HAWTHORNE TOWN WARDS 1 & 2,SPRING GENERAL,JUSTICE OF THE SUPREME COURT,NONPARTISAN,SCATTERING,28,1
2006,APRIL,DOUGLAS,HIGHLAND TOWN WARD 1,SPRING GENERAL,JUSTICE OF THE SUPREME COURT,NONPARTISAN,PATRICK CROOKS,20,20
2006,APRIL,DOUGLAS,HIGHLAND TOWN WARD 1,SPRING GENERAL,JUSTICE OF THE SUPREME COURT,NONPARTISAN,SCATTERING,20,0
2006,APRIL,DOUGLAS,LAKESIDE TOWN WARD 1,SPRING GENERAL,JUSTICE OF THE SUPREME COURT,NONPARTISAN,PATRICK CROOKS,34,34
2006,APRIL,DOUGLAS,LAKESIDE TOWN WARD 1,SPRING GENERAL,JUSTICE OF THE SUPREME COURT,NONPARTISAN,SCATTERING,34,0
2006,APRIL,DOUGLAS,MAPLE TOWN WARD 1,SPRING GENERAL,JUSTICE OF THE SUPREME COURT,NONPARTISAN,PATRICK CROOKS,48,48
2006,APRIL,DOUGLAS,MAPLE TOWN WARD 1,SPRING GENERAL,JUSTICE OF THE SUPREME COURT,NONPARTISAN,SCATTERING,48,0
2006,APRIL,DOUGLAS,MAPLE TOWN WARD 2,SPRING GENERAL,JUSTICE OF THE SUPREME COURT,NONPARTISAN,PATRICK CROOKS,9,9
2006,APRIL,DOUGLAS,MAPLE TOWN WARD 2,SPRING GENERAL,JUSTICE OF THE SUPREME COURT,NONPARTISAN,SCATTERING,9,0
2006,APRIL,DOUGLAS,OAKLAND TOWN WARDS 1 & 2,SPRING GENERAL,JUSTICE OF THE SUPREME COURT,NONPARTISAN,PATRICK CROOKS,35,35
2006,APRIL,DOUGLAS,OAKLAND TOWN WARDS 1 & 2,SPRING GENERAL,JUSTICE OF THE SUPREME COURT,NONPARTISAN,SCATTERING,35,0
2006,APRIL,DOUGLAS,PARKLAND TOWN WARDS 1 & 2,SPRING GENERAL,JUSTICE OF THE SUPREME COURT,NONPARTISAN,PATRICK CROOKS,23,23
2006,APRIL,DOUGLAS,PARKLAND TOWN WARDS 1 & 2,SPRING GENERAL,JUSTICE OF THE SUPREME COURT,NONPARTISAN,SCATTERING,23,0
2006,APRIL,DOUGLAS,SOLON SPRINGS TOWN WARD 1,SPRING GENERAL,JUSTICE OF THE SUPREME COURT,NONPARTISAN,PATRICK CROOKS,112,109
2006,APRIL,DOUGLAS,SOLON SPRINGS TOWN WARD 1,SPRING GENERAL,JUSTICE OF THE SUPREME COURT,NONPARTISAN,SCATTERING,112,3
2006,APRIL,DOUGLAS,SUMMIT TOWN WARD 1,SPRING GENERAL,JUSTICE OF THE SUPREME COURT,NONPARTISAN,PATRICK CROOKS,15,15
2006,APRIL,DOUGLAS,SUMMIT TOWN WARD 1,SPRING GENERAL,JUSTICE OF THE SUPREME COURT,NONPARTISAN,SCATTERING,15,0
2006,APRIL,DOUGLAS,SUMMIT TOWN WARD 2,SPRING GENERAL,JUSTICE OF THE SUPREME COURT,NONPARTISAN,PATRICK CROOKS,21,21
2006,APRIL,DOUGLAS,SUMMIT TOWN WARD 2,SPRING GENERAL,JUSTICE OF THE SUPREME COURT,NONPARTISAN,SCATTERING,21,0
2006,APRIL,DOUGLAS,SUPERIOR TOWN WARD 1,SPRING GENERAL,JUSTICE OF THE SUPREME COURT,NONPARTISAN,PATRICK CROOKS,6,6
2006,APRIL,DOUGLAS,SUPERIOR TOWN WARD 1,SPRING GENERAL,JUSTICE OF THE SUPREME COURT,NONPARTISAN,SCATTERING,6,0
2006,APRIL,DOUGLAS,SUPERIOR TOWN WARD 2,SPRING GENERAL,JUSTICE OF THE SUPREME COURT,NONPARTISAN,PATRICK CROOKS,79,79
2006,APRIL,DOUGLAS,SUPERIOR TOWN WARD 2,SPRING GENERAL,JUSTICE OF THE SUPREME COURT,NONPARTISAN,SCATTERING,79,0
2006,APRIL,DOUGLAS,SUPERIOR TOWN WARD 3,SPRING GENERAL,JUSTICE OF THE SUPREME COURT,NONPARTISAN,PATRICK CROOKS,67,67
2006,APRIL,DOUGLAS,SUPERIOR TOWN WARD 3,SPRING GENERAL,JUSTICE OF THE SUPREME COURT,NONPARTISAN,SCATTERING,67,0
2006,APRIL,DOUGLAS,WASCOTT TOWN WARD 1,SPRING GENERAL,JUSTICE OF THE SUPREME COURT,NONPARTISAN,PATRICK CROOKS,109,107
2006,APRIL,DOUGLAS,WASCOTT TOWN WARD 1,SPRING GENERAL,JUSTICE OF THE SUPREME COURT,NONPARTISAN,SCATTERING,109,2
2006,APRIL,DOUGLAS,LAKE NEBAGAMON VILLAGE WARDS 1 & 2,SPRING GENERAL,JUSTICE OF THE SUPREME COURT,NONPARTISAN,PATRICK CROOKS,192,192
2006,APRIL,DOUGLAS,LAKE NEBAGAMON VILLAGE WARDS 1 & 2,SPRING GENERAL,JUSTICE OF THE SUPREME COURT,NONPARTISAN,SCATTERING,192,0
2006,APRIL,DOUGLAS,OLIVER VILLAGE WARD 1,SPRING GENERAL,JUSTICE OF THE SUPREME COURT,NONPARTISAN,PATRICK CROOKS,20,20
2006,APRIL,DOUGLAS,OLIVER VILLAGE WARD 1,SPRING GENERAL,JUSTICE OF THE SUPREME COURT,NONPARTISAN,SCATTERING,20,0
2006,APRIL,DOUGLAS,POPLAR VILLAGE WARD 1,SPRING GENERAL,JUSTICE OF THE SUPREME COURT,NONPARTISAN,PATRICK CROOKS,65,65
2006,APRIL,DOUGLAS,POPLAR VILLAGE WARD 1,SPRING GENERAL,JUSTICE OF THE SUPREME COURT,NONPARTISAN,SCATTERING,65,0
2006,APRIL,DOUGLAS,SOLON SPRINGS VILLAGE WARD 1,SPRING GENERAL,JUSTICE OF THE SUPREME COURT,NONPARTISAN,PATRICK CROOKS,80,78
2006,APRIL,DOUGLAS,SOLON SPRINGS VILLAGE WARD 1,SPRING GENERAL,JUSTICE OF THE SUPREME COURT,NONPARTISAN,SCATTERING,80,2
2006,APRIL,DOUGLAS,SUPERIOR VILLAGE WARD 1,SPRING GENERAL,JUSTICE OF THE SUPREME COURT,NONPARTISAN,PATRICK CROOKS,52,51
2006,APRIL,DOUGLAS,SUPERIOR VILLAGE WARD 1,SPRING GENERAL,JUSTICE OF THE SUPREME COURT,NONPARTISAN,SCATTERING,52,1
2006,APRIL,DOUGLAS,SUPERIOR CITY WARD 1,SPRING GENERAL,JUSTICE OF THE SUPREME COURT,NONPARTISAN,PATRICK CROOKS,98,98
2006,APRIL,DOUGLAS,SUPERIOR CITY WARD 1,SPRING GENERAL,JUSTICE OF THE SUPREME COURT,NONPARTISAN,SCATTERING,98,0
2006,APRIL,DOUGLAS,SUPERIOR CITY WARD 2,SPRING GENERAL,JUSTICE OF THE SUPREME COURT,NONPARTISAN,PATRICK CROOKS,11,10
2006,APRIL,DOUGLAS,SUPERIOR CITY WARD 2,SPRING GENERAL,JUSTICE OF THE SUPREME COURT,NONPARTISAN,SCATTERING,11,1
2006,APRIL,DOUGLAS,SUPERIOR CITY WARDS 3 - 5,SPRING GENERAL,JUSTICE OF THE SUPREME COURT,NONPARTISAN,PATRICK CROOKS,37,37
2006,APRIL,DOUGLAS,SUPERIOR CITY WARDS 3 - 5,SPRING GENERAL,JUSTICE OF THE SUPREME COURT,NONPARTISAN,SCATTERING,37,0
2006,APRIL,DOUGLAS,SUPERIOR CITY WARD 6,SPRING GENERAL,JUSTICE OF THE SUPREME COURT,NONPARTISAN,PATRICK CROOKS,32,32
2006,APRIL,DOUGLAS,SUPERIOR CITY WARD 6,SPRING GENERAL,JUSTICE OF THE SUPREME COURT,NONPARTISAN,SCATTERING,32,0
2006,APRIL,DOUGLAS,SUPERIOR CITY WARD 7,SPRING GENERAL,JUSTICE OF THE SUPREME COURT,NONPARTISAN,PATRICK CROOKS,19,19
2006,APRIL,DOUGLAS,SUPERIOR CITY WARD 7,SPRING GENERAL,JUSTICE OF THE SUPREME COURT,NONPARTISAN,SCATTERING,19,0
2006,APRIL,DOUGLAS,SUPERIOR CITY WARD 8,SPRING GENERAL,JUSTICE OF THE SUPREME COURT,NONPARTISAN,PATRICK CROOKS,0,0
2006,APRIL,DOUGLAS,SUPERIOR CITY WARD 8,SPRING GENERAL,JUSTICE OF THE SUPREME COURT,NONPARTISAN,SCATTERING,0,0
2006,APRIL,DOUGLAS,SUPERIOR CITY WARD 9,SPRING GENERAL,JUSTICE OF THE SUPREME COURT,NONPARTISAN,PATRICK CROOKS,20,20
2006,APRIL,DOUGLAS,SUPERIOR CITY WARD 9,SPRING GENERAL,JUSTICE OF THE SUPREME COURT,NONPARTISAN,SCATTERING,20,0
2006,APRIL,DOUGLAS,SUPERIOR CITY WARD 10,SPRING GENERAL,JUSTICE OF THE SUPREME COURT,NONPARTISAN,PATRICK CROOKS,17,17
2006,APRIL,DOUGLAS,SUPERIOR CITY WARD 10,SPRING GENERAL,JUSTICE OF THE SUPREME COURT,NONPARTISAN,SCATTERING,17,0
2006,APRIL,DOUGLAS,SUPERIOR CITY WARD 11,SPRING GENERAL,JUSTICE OF THE SUPREME COURT,NONPARTISAN,PATRICK CROOKS,3,3
2006,APRIL,DOUGLAS,SUPERIOR CITY WARD 11,SPRING GENERAL,JUSTICE OF THE SUPREME COURT,NONPARTISAN,SCATTERING,3,0
2006,APRIL,DOUGLAS,SUPERIOR CITY WARD 12,SPRING GENERAL,JUSTICE OF THE SUPREME COURT,NONPARTISAN,PATRICK CROOKS,10,10
2006,APRIL,DOUGLAS,SUPERIOR CITY WARD 12,SPRING GENERAL,JUSTICE OF THE SUPREME COURT,NONPARTISAN,SCATTERING,10,0
2006,APRIL,DOUGLAS,SUPERIOR CITY WARD 13,SPRING GENERAL,JUSTICE OF THE SUPREME COURT,NONPARTISAN,PATRICK CROOKS,0,0
2006,APRIL,DOUGLAS,SUPERIOR CITY WARD 13,SPRING GENERAL,JUSTICE OF THE SUPREME COURT,NONPARTISAN,SCATTERING,0,0
2006,APRIL,DOUGLAS,SUPERIOR CITY WARD 14,SPRING GENERAL,JUSTICE OF THE SUPREME COURT,NONPARTISAN,PATRICK CROOKS,15,15
2006,APRIL,DOUGLAS,SUPERIOR CITY WARD 14,SPRING GENERAL,JUSTICE OF THE SUPREME COURT,NONPARTISAN,SCATTERING,15,0
2006,APRIL,DOUGLAS,SUPERIOR CITY WARD 15,SPRING GENERAL,JUSTICE OF THE SUPREME COURT,NONPARTISAN,PATRICK CROOKS,43,43
2006,APRIL,DOUGLAS,SUPERIOR CITY WARD 15,SPRING GENERAL,JUSTICE OF THE SUPREME COURT,NONPARTISAN,SCATTERING,43,0
2006,APRIL,DOUGLAS,SUPERIOR CITY WARDS 16 & 18,SPRING GENERAL,JUSTICE OF THE SUPREME COURT,NONPARTISAN,PATRICK CROOKS,8,8
2006,APRIL,DOUGLAS,SUPERIOR CITY WARDS 16 & 18,SPRING GENERAL,JUSTICE OF THE SUPREME COURT,NONPARTISAN,SCATTERING,8,0
2006,APRIL,DOUGLAS,SUPERIOR CITY WARD 17,SPRING GENERAL,JUSTICE OF THE SUPREME COURT,NONPARTISAN,PATRICK CROOKS,0,0
2006,APRIL,DOUGLAS,SUPERIOR CITY WARD 17,SPRING GENERAL,JUSTICE OF THE SUPREME COURT,NONPARTISAN,SCATTERING,0,0
2006,APRIL,DOUGLAS,SUPERIOR CITY WARD 19,SPRING GENERAL,JUSTICE OF THE SUPREME COURT,NONPARTISAN,PATRICK CROOKS,22,22
2006,APRIL,DOUGLAS,SUPERIOR CITY WARD 19,SPRING GENERAL,JUSTICE OF THE SUPREME COURT,NONPARTISAN,SCATTERING,22,0
2006,APRIL,DOUGLAS,SUPERIOR CITY WARD 20,SPRING GENERAL,JUSTICE OF THE SUPREME COURT,NONPARTISAN,PATRICK CROOKS,30,30
2006,APRIL,DOUGLAS,SUPERIOR CITY WARD 20,SPRING GENERAL,JUSTICE OF THE SUPREME COURT,NONPARTISAN,SCATTERING,30,0
2006,APRIL,DOUGLAS,SUPERIOR CITY WARD 21,SPRING GENERAL,JUSTICE OF THE SUPREME COURT,NONPARTISAN,PATRICK CROOKS,31,31
2006,APRIL,DOUGLAS,SUPERIOR CITY WARD 21,SPRING GENERAL,JUSTICE OF THE SUPREME COURT,NONPARTISAN,SCATTERING,31,0
2006,APRIL,DOUGLAS,SUPERIOR CITY WARD 22,SPRING GENERAL,JUSTICE OF THE SUPREME COURT,NONPARTISAN,PATRICK CROOKS,3,3
2006,APRIL,DOUGLAS,SUPERIOR CITY WARD 22,SPRING GENERAL,JUSTICE OF THE SUPREME COURT,NONPARTISAN,SCATTERING,3,0
2006,APRIL,DOUGLAS,SUPERIOR CITY WARD 23,SPRING GENERAL,JUSTICE OF THE SUPREME COURT,NONPARTISAN,PATRICK CROOKS,8,8
2006,APRIL,DOUGLAS,SUPERIOR CITY WARD 23,SPRING GENERAL,JUSTICE OF THE SUPREME COURT,NONPARTISAN,SCATTERING,8,0
2006,APRIL,DOUGLAS,SUPERIOR CITY WARD 24,SPRING GENERAL,JUSTICE OF THE SUPREME COURT,NONPARTISAN,PATRICK CROOKS,3,3
2006,APRIL,DOUGLAS,SUPERIOR CITY WARD 24,SPRING GENERAL,JUSTICE OF THE SUPREME COURT,NONPARTISAN,SCATTERING,3,0
2006,APRIL,DOUGLAS,SUPERIOR CITY WARD 25,SPRING GENERAL,JUSTICE OF THE SUPREME COURT,NONPARTISAN,PATRICK CROOKS,27,27
2006,APRIL,DOUGLAS,SUPERIOR CITY WARD 25,SPRING GENERAL,JUSTICE OF THE SUPREME COURT,NONPARTISAN,SCATTERING,27,0
2006,APRIL,DOUGLAS,SUPERIOR CITY WARD 26,SPRING GENERAL,JUSTICE OF THE SUPREME COURT,NONPARTISAN,PATRICK CROOKS,8,8
2006,APRIL,DOUGLAS,SUPERIOR CITY WARD 26,SPRING GENERAL,JUSTICE OF THE SUPREME COURT,NONPARTISAN,SCATTERING,8,0
2006,APRIL,DOUGLAS,SUPERIOR CITY WARD 27,SPRING GENERAL,JUSTICE OF THE SUPREME COURT,NONPARTISAN,PATRICK CROOKS,5,5
2006,APRIL,DOUGLAS,SUPERIOR CITY WARD 27,SPRING GENERAL,JUSTICE OF THE SUPREME COURT,NONPARTISAN,SCATTERING,5,0
2006,APRIL,DOUGLAS,SUPERIOR CITY WARD 28,SPRING GENERAL,JUSTICE OF THE SUPREME COURT,NONPARTISAN,PATRICK CROOKS,3,3
2006,APRIL,DOUGLAS,SUPERIOR CITY WARD 28,SPRING GENERAL,JUSTICE OF THE SUPREME COURT,NONPARTISAN,SCATTERING,3,0
2006,APRIL,DOUGLAS,SUPERIOR CITY WARD 29,SPRING GENERAL,JUSTICE OF THE SUPREME COURT,NONPARTISAN,PATRICK CROOKS,10,10
2006,APRIL,DOUGLAS,SUPERIOR CITY WARD 29,SPRING GENERAL,JUSTICE OF THE SUPREME COURT,NONPARTISAN,SCATTERING,10,0
2006,APRIL,DOUGLAS,SUPERIOR CITY WARD 30,SPRING GENERAL,JUSTICE OF THE SUPREME COURT,NONPARTISAN,PATRICK CROOKS,71,69
2006,APRIL,DOUGLAS,SUPERIOR CITY WARD 30,SPRING GENERAL,JUSTICE OF THE SUPREME COURT,NONPARTISAN,SCATTERING,71,2
2006,APRIL,DOUGLAS,SUPERIOR CITY WARD 31,SPRING GENERAL,JUSTICE OF THE SUPREME COURT,NONPARTISAN,PATRICK CROOKS,20,20
2006,APRIL,DOUGLAS,SUPERIOR CITY WARD 31,SPRING GENERAL,JUSTICE OF THE SUPREME COURT,NONPARTISAN,SCATTERING,20,0
2006,APRIL,DOUGLAS,SUPERIOR CITY WARD 32,SPRING GENERAL,JUSTICE OF THE SUPREME COURT,NONPARTISAN,PATRICK CROOKS,1,1
2006,APRIL,DOUGLAS,SUPERIOR CITY WARD 32,SPRING GENERAL,JUSTICE OF THE SUPREME COURT,NONPARTISAN,SCATTERING,1,0
2006,APRIL,DOUGLAS,SUPERIOR CITY WARD 33,SPRING GENERAL,JUSTICE OF THE SUPREME COURT,NONPARTISAN,PATRICK CROOKS,27,27
2006,APRIL,DOUGLAS,SUPERIOR CITY WARD 33,SPRING GENERAL,JUSTICE OF THE SUPREME COURT,NONPARTISAN,SCATTERING,27,0
2006,APRIL,DOUGLAS,SUPERIOR CITY WARD 34,SPRING GENERAL,JUSTICE OF THE SUPREME COURT,NONPARTISAN,PATRICK CROOKS,2,2
2006,APRIL,DOUGLAS,SUPERIOR CITY WARD 34,SPRING GENERAL,JUSTICE OF THE SUPREME COURT,NONPARTISAN,SCATTERING,2,0
2006,APRIL,DOUGLAS,SUPERIOR CITY WARD 35,SPRING GENERAL,JUSTICE OF THE SUPREME COURT,NONPARTISAN,PATRICK CROOKS,29,29
2006,APRIL,DOUGLAS,SUPERIOR CITY WARD 35,SPRING GENERAL,JUSTICE OF THE SUPREME COURT,NONPARTISAN,SCATTERING,29,0
2006,APRIL,DOUGLAS,SUPERIOR CITY WARD 36,SPRING GENERAL,JUSTICE OF THE SUPREME COURT,NONPARTISAN,PATRICK CROOKS,10,10
2006,APRIL,DOUGLAS,SUPERIOR CITY WARD 36,SPRING GENERAL,JUSTICE OF THE SUPREME COURT,NONPARTISAN,SCATTERING,10,0
2006,APRIL,DOUGLAS,SUPERIOR CITY WARD 37,SPRING GENERAL,JUSTICE OF THE SUPREME COURT,NONPARTISAN,PATRICK CROOKS,4,4
2006,APRIL,DOUGLAS,SUPERIOR CITY WARD 37,SPRING GENERAL,JUSTICE OF THE SUPREME COURT,NONPARTISAN,SCATTERING,4,0
2006,APRIL,DOUGLAS,SUPERIOR CITY WARD 38,SPRING GENERAL,JUSTICE OF THE SUPREME COURT,NONPARTISAN,PATRICK CROOKS,13,13
2006,APRIL,DOUGLAS,SUPERIOR CITY WARD 38,SPRING GENERAL,JUSTICE OF THE SUPREME COURT,NONPARTISAN,SCATTERING,13,0
2006,APRIL,DOUGLAS,SUPERIOR CITY WARDS 39 & 40,SPRING GENERAL,JUSTICE OF THE SUPREME COURT,NONPARTISAN,PATRICK CROOKS,12,12
2006,APRIL,DOUGLAS,SUPERIOR CITY WARDS 39 & 40,SPRING GENERAL,JUSTICE OF THE SUPREME COURT,NONPARTISAN,SCATTERING,12,0
2006,APRIL,DOUGLAS,SUPERIOR CITY WARDS 41 & 43,SPRING GENERAL,JUSTICE OF THE SUPREME COURT,NONPARTISAN,PATRICK CROOKS,43,43
2006,APRIL,DOUGLAS,SUPERIOR CITY WARDS 41 & 43,SPRING GENERAL,JUSTICE OF THE SUPREME COURT,NONPARTISAN,SCATTERING,43,0
2006,APRIL,DOUGLAS,SUPERIOR CITY WARD 42,SPRING GENERAL,JUSTICE OF THE SUPREME COURT,NONPARTISAN,PATRICK CROOKS,1,1
2006,APRIL,DOUGLAS,SUPERIOR CITY WARD 42,SPRING GENERAL,JUSTICE OF THE SUPREME COURT,NONPARTISAN,SCATTERING,1,0
2006,APRIL,DOUGLAS,SUPERIOR CITY WARD 44,SPRING GENERAL,JUSTICE OF THE SUPREME COURT,NONPARTISAN,PATRICK CROOKS,22,22
2006,APRIL,DOUGLAS,SUPERIOR CITY WARD 44,SPRING GENERAL,JUSTICE OF THE SUPREME COURT,NONPARTISAN,SCATTERING,22,0
2006,APRIL,DOUGLAS,SUPERIOR CITY WARD 45,SPRING GENERAL,JUSTICE OF THE SUPREME COURT,NONPARTISAN,PATRICK CROOKS,22,21
2006,APRIL,DOUGLAS,SUPERIOR CITY WARD 45,SPRING GENERAL,JUSTICE OF THE SUPREME COURT,NONPARTISAN,SCATTERING,22,1
2006,APRIL,DOUGLAS,SUPERIOR CITY WARD 46,SPRING GENERAL,JUSTICE OF THE SUPREME COURT,NONPARTISAN,PATRICK CROOKS,0,0
2006,APRIL,DOUGLAS,SUPERIOR CITY WARD 46,SPRING GENERAL,JUSTICE OF THE SUPREME COURT,NONPARTISAN,SCATTERING,0,0
2006,APRIL,DOUGLAS,SUPERIOR CITY WARD 47,SPRING GENERAL,JUSTICE OF THE SUPREME COURT,NONPARTISAN,PATRICK CROOKS,12,12
2006,APRIL,DOUGLAS,SUPERIOR CITY WARD 47,SPRING GENERAL,JUSTICE OF THE SUPREME COURT,NONPARTISAN,SCATTERING,12,0
2006,APRIL,DUNN,COLFAX TOWN WARDS 1 - 3,SPRING GENERAL,JUSTICE OF THE SUPREME COURT,NONPARTISAN,PATRICK CROOKS,31,31
2006,APRIL,DUNN,COLFAX TOWN WARDS 1 - 3,SPRING GENERAL,JUSTICE OF THE SUPREME COURT,NONPARTISAN,SCATTERING,31,0
2006,APRIL,DUNN,DUNN TOWN WARDS 1 - 3,SPRING GENERAL,JUSTICE OF THE SUPREME COURT,NONPARTISAN,PATRICK CROOKS,77,77
2006,APRIL,DUNN,DUNN TOWN WARDS 1 - 3,SPRING GENERAL,JUSTICE OF THE SUPREME COURT,NONPARTISAN,SCATTERING,77,0
2006,APRIL,DUNN,EAU GALLE TOWN WARD 1,SPRING GENERAL,JUSTICE OF THE SUPREME COURT,NONPARTISAN,PATRICK CROOKS,105,105
2006,APRIL,DUNN,EAU GALLE TOWN WARD 1,SPRING GENERAL,JUSTICE OF THE SUPREME COURT,NONPARTISAN,SCATTERING,105,0
2006,APRIL,DUNN,ELK MOUND TOWN WARDS 1 - 3,SPRING GENERAL,JUSTICE OF THE SUPREME COURT,NONPARTISAN,PATRICK CROOKS,32,32
2006,APRIL,DUNN,ELK MOUND TOWN WARDS 1 - 3,SPRING GENERAL,JUSTICE OF THE SUPREME COURT,NONPARTISAN,SCATTERING,32,0
2006,APRIL,DUNN,GRANT TOWN WARD 1,SPRING GENERAL,JUSTICE OF THE SUPREME COURT,NONPARTISAN,PATRICK CROOKS,25,25
2006,APRIL,DUNN,GRANT TOWN WARD 1,SPRING GENERAL,JUSTICE OF THE SUPREME COURT,NONPARTISAN,SCATTERING,25,0
2006,APRIL,DUNN,HAY RIVER TOWN WARDS 1 & 2,SPRING GENERAL,JUSTICE OF THE SUPREME COURT,NONPARTISAN,PATRICK CROOKS,70,70
2006,APRIL,DUNN,HAY RIVER TOWN WARDS 1 & 2,SPRING GENERAL,JUSTICE OF THE SUPREME COURT,NONPARTISAN,SCATTERING,70,0
2006,APRIL,DUNN,LUCAS TOWN WARD 1,SPRING GENERAL,JUSTICE OF THE SUPREME COURT,NONPARTISAN,PATRICK CROOKS,30,30
2006,APRIL,DUNN,LUCAS TOWN WARD 1,SPRING GENERAL,JUSTICE OF THE SUPREME COURT,NONPARTISAN,SCATTERING,30,0
2006,APRIL,DUNN,MENOMONIE TOWN WARDS 1 - 4,SPRING GENERAL,JUSTICE OF THE SUPREME COURT,NONPARTISAN,PATRICK CROOKS,246,243
2006,APRIL,DUNN,MENOMONIE TOWN WARDS 1 - 4,SPRING GENERAL,JUSTICE OF THE SUPREME COURT,NONPARTISAN,SCATTERING,246,3
2006,APRIL,DUNN,NEW HAVEN TOWN WARD 1,SPRING GENERAL,JUSTICE OF THE SUPREME COURT,NONPARTISAN,PATRICK CROOKS,30,30
2006,APRIL,DUNN,NEW HAVEN TOWN WARD 1,SPRING GENERAL,JUSTICE OF THE SUPREME COURT,NONPARTISAN,SCATTERING,30,0
2006,APRIL,DUNN,OTTER CREEK TOWN WARD 1,SPRING GENERAL,JUSTICE OF THE SUPREME COURT,NONPARTISAN,PATRICK CROOKS,36,36
2006,APRIL,DUNN,OTTER CREEK TOWN WARD 1,SPRING GENERAL,JUSTICE OF THE SUPREME COURT,NONPARTISAN,SCATTERING,36,0
2006,APRIL,DUNN,PERU TOWN WARD 1,SPRING GENERAL,JUSTICE OF THE SUPREME COURT,NONPARTISAN,PATRICK CROOKS,26,26
2006,APRIL,DUNN,PERU TOWN WARD 1,SPRING GENERAL,JUSTICE OF THE SUPREME COURT,NONPARTISAN,SCATTERING,26,0
2006,APRIL,DUNN,RED CEDAR TOWN WARDS 1 - 3,SPRING GENERAL,JUSTICE OF THE SUPREME COURT,NONPARTISAN,PATRICK CROOKS,118,118
2006,APRIL,DUNN,RED CEDAR TOWN WARDS 1 - 3,SPRING GENERAL,JUSTICE OF THE SUPREME COURT,NONPARTISAN,SCATTERING,118,0
2006,APRIL,DUNN,ROCK CREEK TOWN WARD 1,SPRING GENERAL,JUSTICE OF THE SUPREME COURT,NONPARTISAN,PATRICK CROOKS,48,48
2006,APRIL,DUNN,ROCK CREEK TOWN WARD 1,SPRING GENERAL,JUSTICE OF THE SUPREME COURT,NONPARTISAN,SCATTERING,48,0
2006,APRIL,DUNN,SAND CREEK TOWN WARD 1,SPRING GENERAL,JUSTICE OF THE SUPREME COURT,NONPARTISAN,PATRICK CROOKS,51,50
2006,APRIL,DUNN,SAND CREEK TOWN WARD 1,SPRING GENERAL,JUSTICE OF THE SUPREME COURT,NONPARTISAN,SCATTERING,51,1
2006,APRIL,DUNN,SHERIDAN TOWN WARD 1,SPRING GENERAL,JUSTICE OF THE SUPREME COURT,NONPARTISAN,PATRICK CROOKS,17,17
2006,APRIL,DUNN,SHERIDAN TOWN WARD 1,SPRING GENERAL,JUSTICE OF THE SUPREME COURT,NONPARTISAN,SCATTERING,17,0
2006,APRIL,DUNN,SHERMAN TOWN WARD 1,SPRING GENERAL,JUSTICE OF THE SUPREME COURT,NONPARTISAN,PATRICK CROOKS,49,49
2006,APRIL,DUNN,SHERMAN TOWN WARD 1,SPRING GENERAL,JUSTICE OF THE SUPREME COURT,NONPARTISAN,SCATTERING,49,0
2006,APRIL,DUNN,SPRING BROOK TOWN WARDS 1 - 3,SPRING GENERAL,JUSTICE OF THE SUPREME COURT,NONPARTISAN,PATRICK CROOKS,45,45
2006,APRIL,DUNN,SPRING BROOK TOWN WARDS 1 - 3,SPRING GENERAL,JUSTICE OF THE SUPREME COURT,NONPARTISAN,SCATTERING,45,0
2006,APRIL,DUNN,STANTON TOWN WARD 1,SPRING GENERAL,JUSTICE OF THE SUPREME COURT,NONPARTISAN,PATRICK CROOKS,11,11
2006,APRIL,DUNN,STANTON TOWN WARD 1,SPRING GENERAL,JUSTICE OF THE SUPREME COURT,NONPARTISAN,SCATTERING,11,0
2006,APRIL,DUNN,TAINTER TOWN WARDS 1 - 3,SPRING GENERAL,JUSTICE OF THE SUPREME COURT,NONPARTISAN,PATRICK CROOKS,119,116
2006,APRIL,DUNN,TAINTER TOWN WARDS 1 - 3,SPRING GENERAL,JUSTICE OF THE SUPREME COURT,NONPARTISAN,SCATTERING,119,3
2006,APRIL,DUNN,TIFFANY TOWN WARDS 1 - 3,SPRING GENERAL,JUSTICE OF THE SUPREME COURT,NONPARTISAN,PATRICK CROOKS,35,35
2006,APRIL,DUNN,TIFFANY TOWN WARDS 1 - 3,SPRING GENERAL,JUSTICE OF THE SUPREME COURT,NONPARTISAN,SCATTERING,35,0
2006,APRIL,DUNN,WESTON TOWN WARDS 1 & 2,SPRING GENERAL,JUSTICE OF THE SUPREME COURT,NONPARTISAN,PATRICK CROOKS,56,56
2006,APRIL,DUNN,WESTON TOWN WARDS 1 & 2,SPRING GENERAL,JUSTICE OF THE SUPREME COURT,NONPARTISAN,SCATTERING,56,0
2006,APRIL,DUNN,WILSON TOWN WARD 1,SPRING GENERAL,JUSTICE OF THE SUPREME COURT,NONPARTISAN,PATRICK CROOKS,11,11
2006,APRIL,DUNN,WILSON TOWN WARD 1,SPRING GENERAL,JUSTICE OF THE SUPREME COURT,NONPARTISAN,SCATTERING,11,0
2006,APRIL,DUNN,BOYCEVILLE VILLAGE WARD 1,SPRING GENERAL,JUSTICE OF THE SUPREME COURT,NONPARTISAN,PATRICK CROOKS,58,58
2006,APRIL,DUNN,BOYCEVILLE VILLAGE WARD 1,SPRING GENERAL,JUSTICE OF THE SUPREME COURT,NONPARTISAN,SCATTERING,58,0
2006,APRIL,DUNN,COLFAX VILLAGE WARDS 1 & 2,SPRING GENERAL,JUSTICE OF THE SUPREME COURT,NONPARTISAN,PATRICK CROOKS,60,60
2006,APRIL,DUNN,COLFAX VILLAGE WARDS 1 & 2,SPRING GENERAL,JUSTICE OF THE SUPREME COURT,NONPARTISAN,SCATTERING,60,0
2006,APRIL,DUNN,DOWNING VILLAGE WARD 1,SPRING GENERAL,JUSTICE OF THE SUPREME COURT,NONPARTISAN,PATRICK CROOKS,18,18
2006,APRIL,DUNN,DOWNING VILLAGE WARD 1,SPRING GENERAL,JUSTICE OF THE SUPREME COURT,NONPARTISAN,SCATTERING,18,0
2006,APRIL,DUNN,ELK MOUND VILLAGE WARD 1,SPRING GENERAL,JUSTICE OF THE SUPREME COURT,NONPARTISAN,PATRICK CROOKS,49,49
2006,APRIL,DUNN,ELK MOUND VILLAGE WARD 1,SPRING GENERAL,JUSTICE OF THE SUPREME COURT,NONPARTISAN,SCATTERING,49,0
2006,APRIL,DUNN,KNAPP VILLAGE WARD 1,SPRING GENERAL,JUSTICE OF THE SUPREME COURT,NONPARTISAN,PATRICK CROOKS,57,57
2006,APRIL,DUNN,KNAPP VILLAGE WARD 1,SPRING GENERAL,JUSTICE OF THE SUPREME COURT,NONPARTISAN,SCATTERING,57,0
2006,APRIL,DUNN,RIDGELAND VILLAGE WARD 1,SPRING GENERAL,JUSTICE OF THE SUPREME COURT,NONPARTISAN,PATRICK CROOKS,12,12
2006,APRIL,DUNN,RIDGELAND VILLAGE WARD 1,SPRING GENERAL,JUSTICE OF THE SUPREME COURT,NONPARTISAN,SCATTERING,12,0
2006,APRIL,DUNN,WHEELER VILLAGE WARD 1,SPRING GENERAL,JUSTICE OF THE SUPREME COURT,NONPARTISAN,PATRICK CROOKS,18,18
2006,APRIL,DUNN,WHEELER VILLAGE WARD 1,SPRING GENERAL,JUSTICE OF THE SUPREME COURT,NONPARTISAN,SCATTERING,18,0
2006,APRIL,DUNN,MENOMONIE CITY WARD 1,SPRING GENERAL,JUSTICE OF THE SUPREME COURT,NONPARTISAN,PATRICK CROOKS,170,167
2006,APRIL,DUNN,MENOMONIE CITY WARD 1,SPRING GENERAL,JUSTICE OF THE SUPREME COURT,NONPARTISAN,SCATTERING,170,3
2006,APRIL,DUNN,MENOMONIE CITY WARD 2,SPRING GENERAL,JUSTICE OF THE SUPREME COURT,NONPARTISAN,PATRICK CROOKS,103,102
2006,APRIL,DUNN,MENOMONIE CITY WARD 2,SPRING GENERAL,JUSTICE OF THE SUPREME COURT,NONPARTISAN,SCATTERING,103,1
2006,APRIL,DUNN,MENOMONIE CITY WARD 3,SPRING GENERAL,JUSTICE OF THE SUPREME COURT,NONPARTISAN,PATRICK CROOKS,13,13
2006,APRIL,DUNN,MENOMONIE CITY WARD 3,SPRING GENERAL,JUSTICE OF THE SUPREME COURT,NONPARTISAN,SCATTERING,13,0
2006,APRIL,DUNN,MENOMONIE CITY WARD 4,SPRING GENERAL,JUSTICE OF THE SUPREME COURT,NONPARTISAN,PATRICK CROOKS,34,33
2006,APRIL,DUNN,MENOMONIE CITY WARD 4,SPRING GENERAL,JUSTICE OF THE SUPREME COURT,NONPARTISAN,SCATTERING,34,1
2006,APRIL,DUNN,MENOMONIE CITY WARD 5,SPRING GENERAL,JUSTICE OF THE SUPREME COURT,NONPARTISAN,PATRICK CROOKS,15,15
2006,APRIL,DUNN,MENOMONIE CITY WARD 5,SPRING GENERAL,JUSTICE OF THE SUPREME COURT,NONPARTISAN,SCATTERING,15,0
2006,APRIL,DUNN,MENOMONIE CITY WARD 6,SPRING GENERAL,JUSTICE OF THE SUPREME COURT,NONPARTISAN,PATRICK CROOKS,115,115
2006,APRIL,DUNN,MENOMONIE CITY WARD 6,SPRING GENERAL,JUSTICE OF THE SUPREME COURT,NONPARTISAN,SCATTERING,115,0
2006,APRIL,DUNN,MENOMONIE CITY WARD 7,SPRING GENERAL,JUSTICE OF THE SUPREME COURT,NONPARTISAN,PATRICK CROOKS,13,13
2006,APRIL,DUNN,MENOMONIE CITY WARD 7,SPRING GENERAL,JUSTICE OF THE SUPREME COURT,NONPARTISAN,SCATTERING,13,0
2006,APRIL,DUNN,MENOMONIE CITY WARD 8,SPRING GENERAL,JUSTICE OF THE SUPREME COURT,NONPARTISAN,PATRICK CROOKS,70,68
2006,APRIL,DUNN,MENOMONIE CITY WARD 8,SPRING GENERAL,JUSTICE OF THE SUPREME COURT,NONPARTISAN,SCATTERING,70,2
2006,APRIL,DUNN,MENOMONIE CITY WARD 9,SPRING GENERAL,JUSTICE OF THE SUPREME COURT,NONPARTISAN,PATRICK CROOKS,55,54
2006,APRIL,DUNN,MENOMONIE CITY WARD 9,SPRING GENERAL,JUSTICE OF THE SUPREME COURT,NONPARTISAN,SCATTERING,55,1
2006,APRIL,DUNN,MENOMONIE CITY WARD 10,SPRING GENERAL,JUSTICE OF THE SUPREME COURT,NONPARTISAN,PATRICK CROOKS,163,162
2006,APRIL,DUNN,MENOMONIE CITY WARD 10,SPRING GENERAL,JUSTICE OF THE SUPREME COURT,NONPARTISAN,SCATTERING,163,1
2006,APRIL,DUNN,MENOMONIE CITY WARD 11,SPRING GENERAL,JUSTICE OF THE SUPREME COURT,NONPARTISAN,PATRICK CROOKS,126,126
2006,APRIL,DUNN,MENOMONIE CITY WARD 11,SPRING GENERAL,JUSTICE OF THE SUPREME COURT,NONPARTISAN,SCATTERING,126,0
2006,APRIL,EAU CLAIRE,BRIDGE CREEK TOWN WARDS 1 & 2,SPRING GENERAL,JUSTICE OF THE SUPREME COURT,NONPARTISAN,PATRICK CROOKS,110,109
2006,APRIL,EAU CLAIRE,BRIDGE CREEK TOWN WARDS 1 & 2,SPRING GENERAL,JUSTICE OF THE SUPREME COURT,NONPARTISAN,SCATTERING,110,1
2006,APRIL,EAU CLAIRE,BRUNSWICK TOWN WARDS 1 & 2,SPRING GENERAL,JUSTICE OF THE SUPREME COURT,NONPARTISAN,PATRICK CROOKS,84,84
2006,APRIL,EAU CLAIRE,BRUNSWICK TOWN WARDS 1 & 2,SPRING GENERAL,JUSTICE OF THE SUPREME COURT,NONPARTISAN,SCATTERING,84,0
2006,APRIL,EAU CLAIRE,CLEAR CREEK TOWN WARDS 1 & 2,SPRING GENERAL,JUSTICE OF THE SUPREME COURT,NONPARTISAN,PATRICK CROOKS,62,62
2006,APRIL,EAU CLAIRE,CLEAR CREEK TOWN WARDS 1 & 2,SPRING GENERAL,JUSTICE OF THE SUPREME COURT,NONPARTISAN,SCATTERING,62,0
2006,APRIL,EAU CLAIRE,DRAMMEN TOWN WARD 1,SPRING GENERAL,JUSTICE OF THE SUPREME COURT,NONPARTISAN,PATRICK CROOKS,28,27
2006,APRIL,EAU CLAIRE,DRAMMEN TOWN WARD 1,SPRING GENERAL,JUSTICE OF THE SUPREME COURT,NONPARTISAN,SCATTERING,28,1
2006,APRIL,EAU CLAIRE,FAIRCHILD TOWN WARD 1,SPRING GENERAL,JUSTICE OF THE SUPREME COURT,NONPARTISAN,PATRICK CROOKS,43,42
2006,APRIL,EAU CLAIRE,FAIRCHILD TOWN WARD 1,SPRING GENERAL,JUSTICE OF THE SUPREME COURT,NONPARTISAN,SCATTERING,43,1
2006,APRIL,EAU CLAIRE,LINCOLN TOWN WARDS 1 & 2,SPRING GENERAL,JUSTICE OF THE SUPREME COURT,NONPARTISAN,PATRICK CROOKS,69,69
2006,APRIL,EAU CLAIRE,LINCOLN TOWN WARDS 1 & 2,SPRING GENERAL,JUSTICE OF THE SUPREME COURT,NONPARTISAN,SCATTERING,69,0
2006,APRIL,EAU CLAIRE,LUDINGTON TOWN WARD 1,SPRING GENERAL,JUSTICE OF THE SUPREME COURT,NONPARTISAN,PATRICK CROOKS,38,38
2006,APRIL,EAU CLAIRE,LUDINGTON TOWN WARD 1,SPRING GENERAL,JUSTICE OF THE SUPREME COURT,NONPARTISAN,SCATTERING,38,0
2006,APRIL,EAU CLAIRE,OTTER CREEK TOWN WARD 1,SPRING GENERAL,JUSTICE OF THE SUPREME COURT,NONPARTISAN,PATRICK CROOKS,55,55
2006,APRIL,EAU CLAIRE,OTTER CREEK TOWN WARD 1,SPRING GENERAL,JUSTICE OF THE SUPREME COURT,NONPARTISAN,SCATTERING,55,0
2006,APRIL,EAU CLAIRE,PLEASANT VALLEY TOWN WARDS 1 - 4,SPRING GENERAL,JUSTICE OF THE SUPREME COURT,NONPARTISAN,PATRICK CROOKS,137,137
2006,APRIL,EAU CLAIRE,PLEASANT VALLEY TOWN WARDS 1 - 4,SPRING GENERAL,JUSTICE OF THE SUPREME COURT,NONPARTISAN,SCATTERING,137,0
2006,APRIL,EAU CLAIRE,SEYMOUR TOWN WARDS 1 - 4,SPRING GENERAL,JUSTICE OF THE SUPREME COURT,NONPARTISAN,PATRICK CROOKS,116,114
2006,APRIL,EAU CLAIRE,SEYMOUR TOWN WARDS 1 - 4,SPRING GENERAL,JUSTICE OF THE SUPREME COURT,NONPARTISAN,SCATTERING,116,2
2006,APRIL,EAU CLAIRE,UNION TOWN WARDS 1 & 3,SPRING GENERAL,JUSTICE OF THE SUPREME COURT,NONPARTISAN,PATRICK CROOKS,141,140
2006,APRIL,EAU CLAIRE,UNION TOWN WARDS 1 & 3,SPRING GENERAL,JUSTICE OF THE SUPREME COURT,NONPARTISAN,SCATTERING,141,1
2006,APRIL,EAU CLAIRE,UNION TOWN WARD 2,SPRING GENERAL,JUSTICE OF THE SUPREME COURT,NONPARTISAN,PATRICK CROOKS,49,47
2006,APRIL,EAU CLAIRE,UNION TOWN WARD 2,SPRING GENERAL,JUSTICE OF THE SUPREME COURT,NONPARTISAN,SCATTERING,49,2
2006,APRIL,EAU CLAIRE,"WASHINGTON TOWN WARDS 1, 6, 7, 9 & 13",SPRING GENERAL,JUSTICE OF THE SUPREME COURT,NONPARTISAN,PATRICK CROOKS,384,380
2006,APRIL,EAU CLAIRE,"WASHINGTON TOWN WARDS 1, 6, 7, 9 & 13",SPRING GENERAL,JUSTICE OF THE SUPREME COURT,NONPARTISAN,SCATTERING,384,4
2006,APRIL,EAU CLAIRE,"WASHINGTON TOWN WARDS 2 - 5, 8 & 12",SPRING GENERAL,JUSTICE OF THE SUPREME COURT,NONPARTISAN,PATRICK CROOKS,276,273
2006,APRIL,EAU CLAIRE,"WASHINGTON TOWN WARDS 2 - 5, 8 & 12",SPRING GENERAL,JUSTICE OF THE SUPREME COURT,NONPARTISAN,SCATTERING,276,3
2006,APRIL,EAU CLAIRE,WASHINGTON TOWN WARDS 10 & 11,SPRING GENERAL,JUSTICE OF THE SUPREME COURT,NONPARTISAN,PATRICK CROOKS,46,45
2006,APRIL,EAU CLAIRE,WASHINGTON TOWN WARDS 10 & 11,SPRING GENERAL,JUSTICE OF THE SUPREME COURT,NONPARTISAN,SCATTERING,46,1
2006,APRIL,EAU CLAIRE,WILSON TOWN WARD 1,SPRING GENERAL,JUSTICE OF THE SUPREME COURT,NONPARTISAN,PATRICK CROOKS,17,17
2006,APRIL,EAU CLAIRE,WILSON TOWN WARD 1,SPRING GENERAL,JUSTICE OF THE SUPREME COURT,NONPARTISAN,SCATTERING,17,0
2006,APRIL,EAU CLAIRE,FAIRCHILD VILLAGE WARD 1,SPRING GENERAL,JUSTICE OF THE SUPREME COURT,NONPARTISAN,PATRICK CROOKS,80,80
2006,APRIL,EAU CLAIRE,FAIRCHILD VILLAGE WARD 1,SPRING GENERAL,JUSTICE OF THE SUPREME COURT,NONPARTISAN,SCATTERING,80,0
2006,APRIL,EAU CLAIRE,FALL CREEK VILLAGE WARDS 1 & 2,SPRING GENERAL,JUSTICE OF THE SUPREME COURT,NONPARTISAN,PATRICK CROOKS,138,138
2006,APRIL,EAU CLAIRE,FALL CREEK VILLAGE WARDS 1 & 2,SPRING GENERAL,JUSTICE OF THE SUPREME COURT,NONPARTISAN,SCATTERING,138,0
2006,APRIL,EAU CLAIRE,ALTOONA CITY WARDS 1 & 3,SPRING GENERAL,JUSTICE OF THE SUPREME COURT,NONPARTISAN,PATRICK CROOKS,111,111
2006,APRIL,EAU CLAIRE,ALTOONA CITY WARDS 1 & 3,SPRING GENERAL,JUSTICE OF THE SUPREME COURT,NONPARTISAN,SCATTERING,111,0
2006,APRIL,EAU CLAIRE,ALTOONA CITY WARD 2,SPRING GENERAL,JUSTICE OF THE SUPREME COURT,NONPARTISAN,PATRICK CROOKS,58,58
2006,APRIL,EAU CLAIRE,ALTOONA CITY WARD 2,SPRING GENERAL,JUSTICE OF THE SUPREME COURT,NONPARTISAN,SCATTERING,58,0
2006,APRIL,EAU CLAIRE,ALTOONA CITY WARDS 4 & 5,SPRING GENERAL,JUSTICE OF THE SUPREME COURT,NONPARTISAN,PATRICK CROOKS,175,174
2006,APRIL,EAU CLAIRE,ALTOONA CITY WARDS 4 & 5,SPRING GENERAL,JUSTICE OF THE SUPREME COURT,NONPARTISAN,SCATTERING,175,1
2006,APRIL,EAU CLAIRE,ALTOONA CITY WARDS 6 & 7,SPRING GENERAL,JUSTICE OF THE SUPREME COURT,NONPARTISAN,PATRICK CROOKS,320,318
2006,APRIL,EAU CLAIRE,ALTOONA CITY WARDS 6 & 7,SPRING GENERAL,JUSTICE OF THE SUPREME COURT,NONPARTISAN,SCATTERING,320,2
2006,APRIL,EAU CLAIRE,"ALTOONA CITY WARDS 8, 9, 12 & 13",SPRING GENERAL,JUSTICE OF THE SUPREME COURT,NONPARTISAN,PATRICK CROOKS,413,412
2006,APRIL,EAU CLAIRE,"ALTOONA CITY WARDS 8, 9, 12 & 13",SPRING GENERAL,JUSTICE OF THE SUPREME COURT,NONPARTISAN,SCATTERING,413,1
2006,APRIL,EAU CLAIRE,ALTOONA CITY WARDS 10 & 11,SPRING GENERAL,JUSTICE OF THE SUPREME COURT,NONPARTISAN,PATRICK CROOKS,199,197
2006,APRIL,EAU CLAIRE,ALTOONA CITY WARDS 10 & 11,SPRING GENERAL,JUSTICE OF THE SUPREME COURT,NONPARTISAN,SCATTERING,199,2
2006,APRIL,EAU CLAIRE,AUGUSTA CITY WARD 1,SPRING GENERAL,JUSTICE OF THE SUPREME COURT,NONPARTISAN,PATRICK CROOKS,58,58
2006,APRIL,EAU CLAIRE,AUGUSTA CITY WARD 1,SPRING GENERAL,JUSTICE OF THE SUPREME COURT,NONPARTISAN,SCATTERING,58,0
2006,APRIL,EAU CLAIRE,AUGUSTA CITY WARD 2,SPRING GENERAL,JUSTICE OF THE SUPREME COURT,NONPARTISAN,PATRICK CROOKS,82,80
2006,APRIL,EAU CLAIRE,AUGUSTA CITY WARD 2,SPRING GENERAL,JUSTICE OF THE SUPREME COURT,NONPARTISAN,SCATTERING,82,2
2006,APRIL,EAU CLAIRE,AUGUSTA CITY WARDS 3 - 5,SPRING GENERAL,JUSTICE OF THE SUPREME COURT,NONPARTISAN,PATRICK CROOKS,160,159
2006,APRIL,EAU CLAIRE,AUGUSTA CITY WARDS 3 - 5,SPRING GENERAL,JUSTICE OF THE SUPREME COURT,NONPARTISAN,SCATTERING,160,1
2006,APRIL,EAU CLAIRE,EAU CLAIRE CITY WARD 1,SPRING GENERAL,JUSTICE OF THE SUPREME COURT,NONPARTISAN,PATRICK CROOKS,82,81
2006,APRIL,EAU CLAIRE,EAU CLAIRE CITY WARD 1,SPRING GENERAL,JUSTICE OF THE SUPREME COURT,NONPARTISAN,SCATTERING,82,1
2006,APRIL,EAU CLAIRE,EAU CLAIRE CITY WARD 2,SPRING GENERAL,JUSTICE OF THE SUPREME COURT,NONPARTISAN,PATRICK CROOKS,61,61
2006,APRIL,EAU CLAIRE,EAU CLAIRE CITY WARD 2,SPRING GENERAL,JUSTICE OF THE SUPREME COURT,NONPARTISAN,SCATTERING,61,0
2006,APRIL,EAU CLAIRE,EAU CLAIRE CITY WARD 3,SPRING GENERAL,JUSTICE OF THE SUPREME COURT,NONPARTISAN,PATRICK CROOKS,280,276
2006,APRIL,EAU CLAIRE,EAU CLAIRE CITY WARD 3,SPRING GENERAL,JUSTICE OF THE SUPREME COURT,NONPARTISAN,SCATTERING,280,4
2006,APRIL,EAU CLAIRE,EAU CLAIRE CITY WARD 4,SPRING GENERAL,JUSTICE OF THE SUPREME COURT,NONPARTISAN,PATRICK CROOKS,87,85
2006,APRIL,EAU CLAIRE,EAU CLAIRE CITY WARD 4,SPRING GENERAL,JUSTICE OF THE SUPREME COURT,NONPARTISAN,SCATTERING,87,2
2006,APRIL,EAU CLAIRE,EAU CLAIRE CITY WARD 5,SPRING GENERAL,JUSTICE OF THE SUPREME COURT,NONPARTISAN,PATRICK CROOKS,28,27
2006,APRIL,EAU CLAIRE,EAU CLAIRE CITY WARD 5,SPRING GENERAL,JUSTICE OF THE SUPREME COURT,NONPARTISAN,SCATTERING,28,1
2006,APRIL,EAU CLAIRE,EAU CLAIRE CITY WARD 6,SPRING GENERAL,JUSTICE OF THE SUPREME COURT,NONPARTISAN,PATRICK CROOKS,48,43
2006,APRIL,EAU CLAIRE,EAU CLAIRE CITY WARD 6,SPRING GENERAL,JUSTICE OF THE SUPREME COURT,NONPARTISAN,SCATTERING,48,5
2006,APRIL,EAU CLAIRE,EAU CLAIRE CITY WARD 7,SPRING GENERAL,JUSTICE OF THE SUPREME COURT,NONPARTISAN,PATRICK CROOKS,89,88
2006,APRIL,EAU CLAIRE,EAU CLAIRE CITY WARD 7,SPRING GENERAL,JUSTICE OF THE SUPREME COURT,NONPARTISAN,SCATTERING,89,1
2006,APRIL,EAU CLAIRE,EAU CLAIRE CITY WARD 8,SPRING GENERAL,JUSTICE OF THE SUPREME COURT,NONPARTISAN,PATRICK CROOKS,147,147
2006,APRIL,EAU CLAIRE,EAU CLAIRE CITY WARD 8,SPRING GENERAL,JUSTICE OF THE SUPREME COURT,NONPARTISAN,SCATTERING,147,0
2006,APRIL,EAU CLAIRE,EAU CLAIRE CITY WARD 9,SPRING GENERAL,JUSTICE OF THE SUPREME COURT,NONPARTISAN,PATRICK CROOKS,10,10
2006,APRIL,EAU CLAIRE,EAU CLAIRE CITY WARD 9,SPRING GENERAL,JUSTICE OF THE SUPREME COURT,NONPARTISAN,SCATTERING,10,0
2006,APRIL,EAU CLAIRE,EAU CLAIRE CITY WARD 10,SPRING GENERAL,JUSTICE OF THE SUPREME COURT,NONPARTISAN,PATRICK CROOKS,31,30
2006,APRIL,EAU CLAIRE,EAU CLAIRE CITY WARD 10,SPRING GENERAL,JUSTICE OF THE SUPREME COURT,NONPARTISAN,SCATTERING,31,1
2006,APRIL,EAU CLAIRE,EAU CLAIRE CITY WARD 11,SPRING GENERAL,JUSTICE OF THE SUPREME COURT,NONPARTISAN,PATRICK CROOKS,137,136
2006,APRIL,EAU CLAIRE,EAU CLAIRE CITY WARD 11,SPRING GENERAL,JUSTICE OF THE SUPREME COURT,NONPARTISAN,SCATTERING,137,1
2006,APRIL,EAU CLAIRE,EAU CLAIRE CITY WARD 12,SPRING GENERAL,JUSTICE OF THE SUPREME COURT,NONPARTISAN,PATRICK CROOKS,146,146
2006,APRIL,EAU CLAIRE,EAU CLAIRE CITY WARD 12,SPRING GENERAL,JUSTICE OF THE SUPREME COURT,NONPARTISAN,SCATTERING,146,0
2006,APRIL,EAU CLAIRE,EAU CLAIRE CITY WARD 13,SPRING GENERAL,JUSTICE OF THE SUPREME COURT,NONPARTISAN,PATRICK CROOKS,65,64
2006,APRIL,EAU CLAIRE,EAU CLAIRE CITY WARD 13,SPRING GENERAL,JUSTICE OF THE SUPREME COURT,NONPARTISAN,SCATTERING,65,1
2006,APRIL,EAU CLAIRE,EAU CLAIRE CITY WARD 14,SPRING GENERAL,JUSTICE OF THE SUPREME COURT,NONPARTISAN,PATRICK CROOKS,109,108
2006,APRIL,EAU CLAIRE,EAU CLAIRE CITY WARD 14,SPRING GENERAL,JUSTICE OF THE SUPREME COURT,NONPARTISAN,SCATTERING,109,1
2006,APRIL,EAU CLAIRE,EAU CLAIRE CITY WARD 15,SPRING GENERAL,JUSTICE OF THE SUPREME COURT,NONPARTISAN,PATRICK CROOKS,161,157
2006,APRIL,EAU CLAIRE,EAU CLAIRE CITY WARD 15,SPRING GENERAL,JUSTICE OF THE SUPREME COURT,NONPARTISAN,SCATTERING,161,4
2006,APRIL,EAU CLAIRE,EAU CLAIRE CITY WARD 17,SPRING GENERAL,JUSTICE OF THE SUPREME COURT,NONPARTISAN,PATRICK CROOKS,282,282
2006,APRIL,EAU CLAIRE,EAU CLAIRE CITY WARD 17,SPRING GENERAL,JUSTICE OF THE SUPREME COURT,NONPARTISAN,SCATTERING,282,0
2006,APRIL,EAU CLAIRE,EAU CLAIRE CITY WARD 18,SPRING GENERAL,JUSTICE OF THE SUPREME COURT,NONPARTISAN,PATRICK CROOKS,183,182
2006,APRIL,EAU CLAIRE,EAU CLAIRE CITY WARD 18,SPRING GENERAL,JUSTICE OF THE SUPREME COURT,NONPARTISAN,SCATTERING,183,1
2006,APRIL,EAU CLAIRE,EAU CLAIRE CITY WARD 19,SPRING GENERAL,JUSTICE OF THE SUPREME COURT,NONPARTISAN,PATRICK CROOKS,33,32
2006,APRIL,EAU CLAIRE,EAU CLAIRE CITY WARD 19,SPRING GENERAL,JUSTICE OF THE SUPREME COURT,NONPARTISAN,SCATTERING,33,1
2006,APRIL,EAU CLAIRE,EAU CLAIRE CITY WARD 20,SPRING GENERAL,JUSTICE OF THE SUPREME COURT,NONPARTISAN,PATRICK CROOKS,77,74
2006,APRIL,EAU CLAIRE,EAU CLAIRE CITY WARD 20,SPRING GENERAL,JUSTICE OF THE SUPREME COURT,NONPARTISAN,SCATTERING,77,3
2006,APRIL,EAU CLAIRE,EAU CLAIRE CITY WARD 21,SPRING GENERAL,JUSTICE OF THE SUPREME COURT,NONPARTISAN,PATRICK CROOKS,77,76
2006,APRIL,EAU CLAIRE,EAU CLAIRE CITY WARD 21,SPRING GENERAL,JUSTICE OF THE SUPREME COURT,NONPARTISAN,SCATTERING,77,1
2006,APRIL,EAU CLAIRE,EAU CLAIRE CITY WARD 22,SPRING GENERAL,JUSTICE OF THE SUPREME COURT,NONPARTISAN,PATRICK CROOKS,46,46
2006,APRIL,EAU CLAIRE,EAU CLAIRE CITY WARD 22,SPRING GENERAL,JUSTICE OF THE SUPREME COURT,NONPARTISAN,SCATTERING,46,0
2006,APRIL,EAU CLAIRE,EAU CLAIRE CITY WARD 23,SPRING GENERAL,JUSTICE OF THE SUPREME COURT,NONPARTISAN,PATRICK CROOKS,195,193
2006,APRIL,EAU CLAIRE,EAU CLAIRE CITY WARD 23,SPRING GENERAL,JUSTICE OF THE SUPREME COURT,NONPARTISAN,SCATTERING,195,2
2006,APRIL,EAU CLAIRE,EAU CLAIRE CITY WARD 24,SPRING GENERAL,JUSTICE OF THE SUPREME COURT,NONPARTISAN,PATRICK CROOKS,19,18
2006,APRIL,EAU CLAIRE,EAU CLAIRE CITY WARD 24,SPRING GENERAL,JUSTICE OF THE SUPREME COURT,NONPARTISAN,SCATTERING,19,1
2006,APRIL,EAU CLAIRE,EAU CLAIRE CITY WARD 25,SPRING GENERAL,JUSTICE OF THE SUPREME COURT,NONPARTISAN,PATRICK CROOKS,279,276
2006,APRIL,EAU CLAIRE,EAU CLAIRE CITY WARD 25,SPRING GENERAL,JUSTICE OF THE SUPREME COURT,NONPARTISAN,SCATTERING,279,3
2006,APRIL,EAU CLAIRE,EAU CLAIRE CITY WARD 26,SPRING GENERAL,JUSTICE OF THE SUPREME COURT,NONPARTISAN,PATRICK CROOKS,121,121
2006,APRIL,EAU CLAIRE,EAU CLAIRE CITY WARD 26,SPRING GENERAL,JUSTICE OF THE SUPREME COURT,NONPARTISAN,SCATTERING,121,0
2006,APRIL,EAU CLAIRE,EAU CLAIRE CITY WARD 27,SPRING GENERAL,JUSTICE OF THE SUPREME COURT,NONPARTISAN,PATRICK CROOKS,68,68
2006,APRIL,EAU CLAIRE,EAU CLAIRE CITY WARD 27,SPRING GENERAL,JUSTICE OF THE SUPREME COURT,NONPARTISAN,SCATTERING,68,0
2006,APRIL,EAU CLAIRE,EAU CLAIRE CITY WARD 28,SPRING GENERAL,JUSTICE OF THE SUPREME COURT,NONPARTISAN,PATRICK CROOKS,151,149
2006,APRIL,EAU CLAIRE,EAU CLAIRE CITY WARD 28,SPRING GENERAL,JUSTICE OF THE SUPREME COURT,NONPARTISAN,SCATTERING,151,2
2006,APRIL,EAU CLAIRE,EAU CLAIRE CITY WARD 29,SPRING GENERAL,JUSTICE OF THE SUPREME COURT,NONPARTISAN,PATRICK CROOKS,87,87
2006,APRIL,EAU CLAIRE,EAU CLAIRE CITY WARD 29,SPRING GENERAL,JUSTICE OF THE SUPREME COURT,NONPARTISAN,SCATTERING,87,0
2006,APRIL,EAU CLAIRE,EAU CLAIRE CITY WARD 30,SPRING GENERAL,JUSTICE OF THE SUPREME COURT,NONPARTISAN,PATRICK CROOKS,192,192
2006,APRIL,EAU CLAIRE,EAU CLAIRE CITY WARD 30,SPRING GENERAL,JUSTICE OF THE SUPREME COURT,NONPARTISAN,SCATTERING,192,0
2006,APRIL,EAU CLAIRE,EAU CLAIRE CITY WARD 31,SPRING GENERAL,JUSTICE OF THE SUPREME COURT,NONPARTISAN,PATRICK CROOKS,177,176
2006,APRIL,EAU CLAIRE,EAU CLAIRE CITY WARD 31,SPRING GENERAL,JUSTICE OF THE SUPREME COURT,NONPARTISAN,SCATTERING,177,1
2006,APRIL,EAU CLAIRE,EAU CLAIRE CITY WARD 32,SPRING GENERAL,JUSTICE OF THE SUPREME COURT,NONPARTISAN,PATRICK CROOKS,39,36
2006,APRIL,EAU CLAIRE,EAU CLAIRE CITY WARD 32,SPRING GENERAL,JUSTICE OF THE SUPREME COURT,NONPARTISAN,SCATTERING,39,3
2006,APRIL,EAU CLAIRE,EAU CLAIRE CITY WARD 33,SPRING GENERAL,JUSTICE OF THE SUPREME COURT,NONPARTISAN,PATRICK CROOKS,24,24
2006,APRIL,EAU CLAIRE,EAU CLAIRE CITY WARD 33,SPRING GENERAL,JUSTICE OF THE SUPREME COURT,NONPARTISAN,SCATTERING,24,0
2006,APRIL,EAU CLAIRE,EAU CLAIRE CITY WARD 34,SPRING GENERAL,JUSTICE OF THE SUPREME COURT,NONPARTISAN,PATRICK CROOKS,57,57
2006,APRIL,EAU CLAIRE,EAU CLAIRE CITY WARD 34,SPRING GENERAL,JUSTICE OF THE SUPREME COURT,NONPARTISAN,SCATTERING,57,0
2006,APRIL,EAU CLAIRE,EAU CLAIRE CITY WARD 35,SPRING GENERAL,JUSTICE OF THE SUPREME COURT,NONPARTISAN,PATRICK CROOKS,8,8
2006,APRIL,EAU CLAIRE,EAU CLAIRE CITY WARD 35,SPRING GENERAL,JUSTICE OF THE SUPREME COURT,NONPARTISAN,SCATTERING,8,0
2006,APRIL,EAU CLAIRE,EAU CLAIRE CITY WARD 36,SPRING GENERAL,JUSTICE OF THE SUPREME COURT,NONPARTISAN,PATRICK CROOKS,71,70
2006,APRIL,EAU CLAIRE,EAU CLAIRE CITY WARD 36,SPRING GENERAL,JUSTICE OF THE SUPREME COURT,NONPARTISAN,SCATTERING,71,1
2006,APRIL,EAU CLAIRE,EAU CLAIRE CITY WARD 37,SPRING GENERAL,JUSTICE OF THE SUPREME COURT,NONPARTISAN,PATRICK CROOKS,86,86
2006,APRIL,EAU CLAIRE,EAU CLAIRE CITY WARD 37,SPRING GENERAL,JUSTICE OF THE SUPREME COURT,NONPARTISAN,SCATTERING,86,0
2006,APRIL,EAU CLAIRE,EAU CLAIRE CITY WARD 38,SPRING GENERAL,JUSTICE OF THE SUPREME COURT,NONPARTISAN,PATRICK CROOKS,102,101
2006,APRIL,EAU CLAIRE,EAU CLAIRE CITY WARD 38,SPRING GENERAL,JUSTICE OF THE SUPREME COURT,NONPARTISAN,SCATTERING,102,1
2006,APRIL,EAU CLAIRE,EAU CLAIRE CITY WARD 39,SPRING GENERAL,JUSTICE OF THE SUPREME COURT,NONPARTISAN,PATRICK CROOKS,78,78
2006,APRIL,EAU CLAIRE,EAU CLAIRE CITY WARD 39,SPRING GENERAL,JUSTICE OF THE SUPREME COURT,NONPARTISAN,SCATTERING,78,0
2006,APRIL,FLORENCE,AURORA TOWN WARDS 1 - 3,SPRING GENERAL,JUSTICE OF THE SUPREME COURT,NONPARTISAN,PATRICK CROOKS,103,102
2006,APRIL,FLORENCE,AURORA TOWN WARDS 1 - 3,SPRING GENERAL,JUSTICE OF THE SUPREME COURT,NONPARTISAN,SCATTERING,103,1
2006,APRIL,FLORENCE,COMMONWEALTH TOWN WARDS 1 - 3,SPRING GENERAL,JUSTICE OF THE SUPREME COURT,NONPARTISAN,PATRICK CROOKS,76,76
2006,APRIL,FLORENCE,COMMONWEALTH TOWN WARDS 1 - 3,SPRING GENERAL,JUSTICE OF THE SUPREME COURT,NONPARTISAN,SCATTERING,76,0
2006,APRIL,FLORENCE,FENCE TOWN WARD 1,SPRING GENERAL,JUSTICE OF THE SUPREME COURT,NONPARTISAN,PATRICK CROOKS,48,48
2006,APRIL,FLORENCE,FENCE TOWN WARD 1,SPRING GENERAL,JUSTICE OF THE SUPREME COURT,NONPARTISAN,SCATTERING,48,0
2006,APRIL,FLORENCE,FERN TOWN WARD 1,SPRING GENERAL,JUSTICE OF THE SUPREME COURT,NONPARTISAN,PATRICK CROOKS,48,48
2006,APRIL,FLORENCE,FERN TOWN WARD 1,SPRING GENERAL,JUSTICE OF THE SUPREME COURT,NONPARTISAN,SCATTERING,48,0
2006,APRIL,FLORENCE,FLORENCE TOWN WARDS 1 - 7,SPRING GENERAL,JUSTICE OF THE SUPREME COURT,NONPARTISAN,PATRICK CROOKS,285,285
2006,APRIL,FLORENCE,FLORENCE TOWN WARDS 1 - 7,SPRING GENERAL,JUSTICE OF THE SUPREME COURT,NONPARTISAN,SCATTERING,285,0
2006,APRIL,FLORENCE,HOMESTEAD TOWN WARD 1,SPRING GENERAL,JUSTICE OF THE SUPREME COURT,NONPARTISAN,PATRICK CROOKS,64,64
2006,APRIL,FLORENCE,HOMESTEAD TOWN WARD 1,SPRING GENERAL,JUSTICE OF THE SUPREME COURT,NONPARTISAN,SCATTERING,64,0
2006,APRIL,FLORENCE,LONG LAKE TOWN WARD 1,SPRING GENERAL,JUSTICE OF THE SUPREME COURT,NONPARTISAN,PATRICK CROOKS,24,24
2006,APRIL,FLORENCE,LONG LAKE TOWN WARD 1,SPRING GENERAL,JUSTICE OF THE SUPREME COURT,NONPARTISAN,SCATTERING,24,0
2006,APRIL,FLORENCE,TIPLER TOWN WARD 1,SPRING GENERAL,JUSTICE OF THE SUPREME COURT,NONPARTISAN,PATRICK CROOKS,27,27
2006,APRIL,FLORENCE,TIPLER TOWN WARD 1,SPRING GENERAL,JUSTICE OF THE SUPREME COURT,NONPARTISAN,SCATTERING,27,0
2006,APRIL,FOND DU LAC,ALTO TOWN WARDS 1 & 2,SPRING GENERAL,JUSTICE OF THE SUPREME COURT,NONPARTISAN,PATRICK CROOKS,302,301
2006,APRIL,FOND DU LAC,ALTO TOWN WARDS 1 & 2,SPRING GENERAL,JUSTICE OF THE SUPREME COURT,NONPARTISAN,SCATTERING,302,1
2006,APRIL,FOND DU LAC,ASHFORD TOWN WARDS 1 - 3,SPRING GENERAL,JUSTICE OF THE SUPREME COURT,NONPARTISAN,PATRICK CROOKS,51,50
2006,APRIL,FOND DU LAC,ASHFORD TOWN WARDS 1 - 3,SPRING GENERAL,JUSTICE OF THE SUPREME COURT,NONPARTISAN,SCATTERING,51,1
2006,APRIL,FOND DU LAC,AUBURN TOWN WARDS 1 - 3,SPRING GENERAL,JUSTICE OF THE SUPREME COURT,NONPARTISAN,PATRICK CROOKS,130,130
2006,APRIL,FOND DU LAC,AUBURN TOWN WARDS 1 - 3,SPRING GENERAL,JUSTICE OF THE SUPREME COURT,NONPARTISAN,SCATTERING,130,0
2006,APRIL,FOND DU LAC,BYRON TOWN WARDS 1 & 2,SPRING GENERAL,JUSTICE OF THE SUPREME COURT,NONPARTISAN,PATRICK CROOKS,173,173
2006,APRIL,FOND DU LAC,BYRON TOWN WARDS 1 & 2,SPRING GENERAL,JUSTICE OF THE SUPREME COURT,NONPARTISAN,SCATTERING,173,0
2006,APRIL,FOND DU LAC,CALUMET TOWN WARDS 1 & 2,SPRING GENERAL,JUSTICE OF THE SUPREME COURT,NONPARTISAN,PATRICK CROOKS,108,107
2006,APRIL,FOND DU LAC,CALUMET TOWN WARDS 1 & 2,SPRING GENERAL,JUSTICE OF THE SUPREME COURT,NONPARTISAN,SCATTERING,108,1
2006,APRIL,FOND DU LAC,EDEN TOWN WARD 1,SPRING GENERAL,JUSTICE OF THE SUPREME COURT,NONPARTISAN,PATRICK CROOKS,78,78
2006,APRIL,FOND DU LAC,EDEN TOWN WARD 1,SPRING GENERAL,JUSTICE OF THE SUPREME COURT,NONPARTISAN,SCATTERING,78,0
2006,APRIL,FOND DU LAC,ELDORADO TOWN WARDS 1 - 3,SPRING GENERAL,JUSTICE OF THE SUPREME COURT,NONPARTISAN,PATRICK CROOKS,91,91
2006,APRIL,FOND DU LAC,ELDORADO TOWN WARDS 1 - 3,SPRING GENERAL,JUSTICE OF THE SUPREME COURT,NONPARTISAN,SCATTERING,91,0
2006,APRIL,FOND DU LAC,EMPIRE TOWN WARDS 1 - 3,SPRING GENERAL,JUSTICE OF THE SUPREME COURT,NONPARTISAN,PATRICK CROOKS,520,519
2006,APRIL,FOND DU LAC,EMPIRE TOWN WARDS 1 - 3,SPRING GENERAL,JUSTICE OF THE SUPREME COURT,NONPARTISAN,SCATTERING,520,1
2006,APRIL,FOND DU LAC,FOND DU LAC TOWN WARDS 1 - 3,SPRING GENERAL,JUSTICE OF THE SUPREME COURT,NONPARTISAN,PATRICK CROOKS,450,450
2006,APRIL,FOND DU LAC,FOND DU LAC TOWN WARDS 1 - 3,SPRING GENERAL,JUSTICE OF THE SUPREME COURT,NONPARTISAN,SCATTERING,450,0
2006,APRIL,FOND DU LAC,FOREST TOWN WARDS 1 & 2,SPRING GENERAL,JUSTICE OF THE SUPREME COURT,NONPARTISAN,PATRICK CROOKS,56,56
2006,APRIL,FOND DU LAC,FOREST TOWN WARDS 1 & 2,SPRING GENERAL,JUSTICE OF THE SUPREME COURT,NONPARTISAN,SCATTERING,56,0
2006,APRIL,FOND DU LAC,FRIENDSHIP TOWN WARDS 1 - 4,SPRING GENERAL,JUSTICE OF THE SUPREME COURT,NONPARTISAN,PATRICK CROOKS,240,239
2006,APRIL,FOND DU LAC,FRIENDSHIP TOWN WARDS 1 - 4,SPRING GENERAL,JUSTICE OF THE SUPREME COURT,NONPARTISAN,SCATTERING,240,1
2006,APRIL,FOND DU LAC,LAMARTINE TOWN WARDS 1 - 3,SPRING GENERAL,JUSTICE OF THE SUPREME COURT,NONPARTISAN,PATRICK CROOKS,163,163
2006,APRIL,FOND DU LAC,LAMARTINE TOWN WARDS 1 - 3,SPRING GENERAL,JUSTICE OF THE SUPREME COURT,NONPARTISAN,SCATTERING,163,0
2006,APRIL,FOND DU LAC,MARSHFIELD TOWN WARDS 1 & 2,SPRING GENERAL,JUSTICE OF THE SUPREME COURT,NONPARTISAN,PATRICK CROOKS,62,62
2006,APRIL,FOND DU LAC,MARSHFIELD TOWN WARDS 1 & 2,SPRING GENERAL,JUSTICE OF THE SUPREME COURT,NONPARTISAN,SCATTERING,62,0
2006,APRIL,FOND DU LAC,METOMEN TOWN WARD 1,SPRING GENERAL,JUSTICE OF THE SUPREME COURT,NONPARTISAN,PATRICK CROOKS,99,99
2006,APRIL,FOND DU LAC,METOMEN TOWN WARD 1,SPRING GENERAL,JUSTICE OF THE SUPREME COURT,NONPARTISAN,SCATTERING,99,0
2006,APRIL,FOND DU LAC,OAKFIELD TOWN WARD 1,SPRING GENERAL,JUSTICE OF THE SUPREME COURT,NONPARTISAN,PATRICK CROOKS,82,82
2006,APRIL,FOND DU LAC,OAKFIELD TOWN WARD 1,SPRING GENERAL,JUSTICE OF THE SUPREME COURT,NONPARTISAN,SCATTERING,82,0
2006,APRIL,FOND DU LAC,OSCEOLA TOWN WARDS 1 & 2,SPRING GENERAL,JUSTICE OF THE SUPREME COURT,NONPARTISAN,PATRICK CROOKS,62,61
2006,APRIL,FOND DU LAC,OSCEOLA TOWN WARDS 1 & 2,SPRING GENERAL,JUSTICE OF THE SUPREME COURT,NONPARTISAN,SCATTERING,62,1
2006,APRIL,FOND DU LAC,RIPON TOWN WARDS 1 & 2,SPRING GENERAL,JUSTICE OF THE SUPREME COURT,NONPARTISAN,PATRICK CROOKS,228,227
2006,APRIL,FOND DU LAC,RIPON TOWN WARDS 1 & 2,SPRING GENERAL,JUSTICE OF THE SUPREME COURT,NONPARTISAN,SCATTERING,228,1
2006,APRIL,FOND DU LAC,ROSENDALE TOWN WARD 1,SPRING GENERAL,JUSTICE OF THE SUPREME COURT,NONPARTISAN,PATRICK CROOKS,62,62
2006,APRIL,FOND DU LAC,ROSENDALE TOWN WARD 1,SPRING GENERAL,JUSTICE OF THE SUPREME COURT,NONPARTISAN,SCATTERING,62,0
2006,APRIL,FOND DU LAC,SPRINGVALE TOWN WARD 1,SPRING GENERAL,JUSTICE OF THE SUPREME COURT,NONPARTISAN,PATRICK CROOKS,86,86
2006,APRIL,FOND DU LAC,SPRINGVALE TOWN WARD 1,SPRING GENERAL,JUSTICE OF THE SUPREME COURT,NONPARTISAN,SCATTERING,86,0
2006,APRIL,FOND DU LAC,TAYCHEEDAH TOWN WARDS 1 - 5,SPRING GENERAL,JUSTICE OF THE SUPREME COURT,NONPARTISAN,PATRICK CROOKS,751,748
2006,APRIL,FOND DU LAC,TAYCHEEDAH TOWN WARDS 1 - 5,SPRING GENERAL,JUSTICE OF THE SUPREME COURT,NONPARTISAN,SCATTERING,751,3
2006,APRIL,FOND DU LAC,WAUPUN TOWN WARDS 1 & 2,SPRING GENERAL,JUSTICE OF THE SUPREME COURT,NONPARTISAN,PATRICK CROOKS,317,316
2006,APRIL,FOND DU LAC,WAUPUN TOWN WARDS 1 & 2,SPRING GENERAL,JUSTICE OF THE SUPREME COURT,NONPARTISAN,SCATTERING,317,1
2006,APRIL,FOND DU LAC,BRANDON VILLAGE WARD 1,SPRING GENERAL,JUSTICE OF THE SUPREME COURT,NONPARTISAN,PATRICK CROOKS,63,63
2006,APRIL,FOND DU LAC,BRANDON VILLAGE WARD 1,SPRING GENERAL,JUSTICE OF THE SUPREME COURT,NONPARTISAN,SCATTERING,63,0
2006,APRIL,FOND DU LAC,CAMPBELLSPORT VILLAGE WARDS 1 - 4,SPRING GENERAL,JUSTICE OF THE SUPREME COURT,NONPARTISAN,PATRICK CROOKS,171,169
2006,APRIL,FOND DU LAC,CAMPBELLSPORT VILLAGE WARDS 1 - 4,SPRING GENERAL,JUSTICE OF THE SUPREME COURT,NONPARTISAN,SCATTERING,171,2
2006,APRIL,FOND DU LAC,EDEN VILLAGE WARD 1,SPRING GENERAL,JUSTICE OF THE SUPREME COURT,NONPARTISAN,PATRICK CROOKS,63,63
2006,APRIL,FOND DU LAC,EDEN VILLAGE WARD 1,SPRING GENERAL,JUSTICE OF THE SUPREME COURT,NONPARTISAN,SCATTERING,63,0
2006,APRIL,FOND DU LAC,FAIRWATER VILLAGE WARD 1,SPRING GENERAL,JUSTICE OF THE SUPREME COURT,NONPARTISAN,PATRICK CROOKS,88,88
2006,APRIL,FOND DU LAC,FAIRWATER VILLAGE WARD 1,SPRING GENERAL,JUSTICE OF THE SUPREME COURT,NONPARTISAN,SCATTERING,88,0
2006,APRIL,FOND DU LAC,KEWASKUM VILLAGE WARD 5,SPRING GENERAL,JUSTICE OF THE SUPREME COURT,NONPARTISAN,PATRICK CROOKS,0,0
2006,APRIL,FOND DU LAC,KEWASKUM VILLAGE WARD 5,SPRING GENERAL,JUSTICE OF THE SUPREME COURT,NONPARTISAN,SCATTERING,0,0
2006,APRIL,FOND DU LAC,MOUNT CALVARY VILLAGE WARD 1,SPRING GENERAL,JUSTICE OF THE SUPREME COURT,NONPARTISAN,PATRICK CROOKS,73,73
2006,APRIL,FOND DU LAC,MOUNT CALVARY VILLAGE WARD 1,SPRING GENERAL,JUSTICE OF THE SUPREME COURT,NONPARTISAN,SCATTERING,73,0
2006,APRIL,FOND DU LAC,NORTH FOND DU LAC VILLAGE WARDS 1 - 7,SPRING GENERAL,JUSTICE OF THE SUPREME COURT,NONPARTISAN,PATRICK CROOKS,471,471
2006,APRIL,FOND DU LAC,NORTH FOND DU LAC VILLAGE WARDS 1 - 7,SPRING GENERAL,JUSTICE OF THE SUPREME COURT,NONPARTISAN,SCATTERING,471,0
2006,APRIL,FOND DU LAC,OAKFIELD VILLAGE WARDS 1 & 2,SPRING GENERAL,JUSTICE OF THE SUPREME COURT,NONPARTISAN,PATRICK CROOKS,162,161
2006,APRIL,FOND DU LAC,OAKFIELD VILLAGE WARDS 1 & 2,SPRING GENERAL,JUSTICE OF THE SUPREME COURT,NONPARTISAN,SCATTERING,162,1
2006,APRIL,FOND DU LAC,ROSENDALE VILLAGE WARD 1,SPRING GENERAL,JUSTICE OF THE SUPREME COURT,NONPARTISAN,PATRICK CROOKS,120,119
2006,APRIL,FOND DU LAC,ROSENDALE VILLAGE WARD 1,SPRING GENERAL,JUSTICE OF THE SUPREME COURT,NONPARTISAN,SCATTERING,120,1
2006,APRIL,FOND DU LAC,ST CLOUD VILLAGE WARD 1,SPRING GENERAL,JUSTICE OF THE SUPREME COURT,NONPARTISAN,PATRICK CROOKS,107,107
2006,APRIL,FOND DU LAC,ST CLOUD VILLAGE WARD 1,SPRING GENERAL,JUSTICE OF THE SUPREME COURT,NONPARTISAN,SCATTERING,107,0
2006,APRIL,FOND DU LAC,FOND DU LAC CITY WARD 1,SPRING GENERAL,JUSTICE OF THE SUPREME COURT,NONPARTISAN,PATRICK CROOKS,159,158
2006,APRIL,FOND DU LAC,FOND DU LAC CITY WARD 1,SPRING GENERAL,JUSTICE OF THE SUPREME COURT,NONPARTISAN,SCATTERING,159,1
2006,APRIL,FOND DU LAC,FOND DU LAC CITY WARD 2,SPRING GENERAL,JUSTICE OF THE SUPREME COURT,NONPARTISAN,PATRICK CROOKS,443,441
2006,APRIL,FOND DU LAC,FOND DU LAC CITY WARD 2,SPRING GENERAL,JUSTICE OF THE SUPREME COURT,NONPARTISAN,SCATTERING,443,2
2006,APRIL,FOND DU LAC,FOND DU LAC CITY WARD 3,SPRING GENERAL,JUSTICE OF THE SUPREME COURT,NONPARTISAN,PATRICK CROOKS,219,218
2006,APRIL,FOND DU LAC,FOND DU LAC CITY WARD 3,SPRING GENERAL,JUSTICE OF THE SUPREME COURT,NONPARTISAN,SCATTERING,219,1
2006,APRIL,FOND DU LAC,FOND DU LAC CITY WARD 4,SPRING GENERAL,JUSTICE OF THE SUPREME COURT,NONPARTISAN,PATRICK CROOKS,236,236
2006,APRIL,FOND DU LAC,FOND DU LAC CITY WARD 4,SPRING GENERAL,JUSTICE OF THE SUPREME COURT,NONPARTISAN,SCATTERING,236,0
2006,APRIL,FOND DU LAC,FOND DU LAC CITY WARD 5,SPRING GENERAL,JUSTICE OF THE SUPREME COURT,NONPARTISAN,PATRICK CROOKS,241,235
2006,APRIL,FOND DU LAC,FOND DU LAC CITY WARD 5,SPRING GENERAL,JUSTICE OF THE SUPREME COURT,NONPARTISAN,SCATTERING,241,6
2006,APRIL,FOND DU LAC,FOND DU LAC CITY WARD 6,SPRING GENERAL,JUSTICE OF THE SUPREME COURT,NONPARTISAN,PATRICK CROOKS,168,166
2006,APRIL,FOND DU LAC,FOND DU LAC CITY WARD 6,SPRING GENERAL,JUSTICE OF THE SUPREME COURT,NONPARTISAN,SCATTERING,168,2
2006,APRIL,FOND DU LAC,FOND DU LAC CITY WARD 7,SPRING GENERAL,JUSTICE OF THE SUPREME COURT,NONPARTISAN,PATRICK CROOKS,174,174
2006,APRIL,FOND DU LAC,FOND DU LAC CITY WARD 7,SPRING GENERAL,JUSTICE OF THE SUPREME COURT,NONPARTISAN,SCATTERING,174,0
2006,APRIL,FOND DU LAC,FOND DU LAC CITY WARD 8,SPRING GENERAL,JUSTICE OF THE SUPREME COURT,NONPARTISAN,PATRICK CROOKS,327,323
2006,APRIL,FOND DU LAC,FOND DU LAC CITY WARD 8,SPRING GENERAL,JUSTICE OF THE SUPREME COURT,NONPARTISAN,SCATTERING,327,4
2006,APRIL,FOND DU LAC,FOND DU LAC CITY WARD 9,SPRING GENERAL,JUSTICE OF THE SUPREME COURT,NONPARTISAN,PATRICK CROOKS,576,576
2006,APRIL,FOND DU LAC,FOND DU LAC CITY WARD 9,SPRING GENERAL,JUSTICE OF THE SUPREME COURT,NONPARTISAN,SCATTERING,576,0
2006,APRIL,FOND DU LAC,FOND DU LAC CITY WARD 10,SPRING GENERAL,JUSTICE OF THE SUPREME COURT,NONPARTISAN,PATRICK CROOKS,555,553
2006,APRIL,FOND DU LAC,FOND DU LAC CITY WARD 10,SPRING GENERAL,JUSTICE OF THE SUPREME COURT,NONPARTISAN,SCATTERING,555,2
2006,APRIL,FOND DU LAC,FOND DU LAC CITY WARD 11,SPRING GENERAL,JUSTICE OF THE SUPREME COURT,NONPARTISAN,PATRICK CROOKS,385,382
2006,APRIL,FOND DU LAC,FOND DU LAC CITY WARD 11,SPRING GENERAL,JUSTICE OF THE SUPREME COURT,NONPARTISAN,SCATTERING,385,3
2006,APRIL,FOND DU LAC,FOND DU LAC CITY WARD 12,SPRING GENERAL,JUSTICE OF THE SUPREME COURT,NONPARTISAN,PATRICK CROOKS,471,469
2006,APRIL,FOND DU LAC,FOND DU LAC CITY WARD 12,SPRING GENERAL,JUSTICE OF THE SUPREME COURT,NONPARTISAN,SCATTERING,471,2
2006,APRIL,FOND DU LAC,FOND DU LAC CITY WARD 13,SPRING GENERAL,JUSTICE OF THE SUPREME COURT,NONPARTISAN,PATRICK CROOKS,478,478
2006,APRIL,FOND DU LAC,FOND DU LAC CITY WARD 13,SPRING GENERAL,JUSTICE OF THE SUPREME COURT,NONPARTISAN,SCATTERING,478,0
2006,APRIL,FOND DU LAC,FOND DU LAC CITY WARD 14,SPRING GENERAL,JUSTICE OF THE SUPREME COURT,NONPARTISAN,PATRICK CROOKS,478,478
2006,APRIL,FOND DU LAC,FOND DU LAC CITY WARD 14,SPRING GENERAL,JUSTICE OF THE SUPREME COURT,NONPARTISAN,SCATTERING,478,0
2006,APRIL,FOND DU LAC,FOND DU LAC CITY WARD 15,SPRING GENERAL,JUSTICE OF THE SUPREME COURT,NONPARTISAN,PATRICK CROOKS,339,338
2006,APRIL,FOND DU LAC,FOND DU LAC CITY WARD 15,SPRING GENERAL,JUSTICE OF THE SUPREME COURT,NONPARTISAN,SCATTERING,339,1
2006,APRIL,FOND DU LAC,FOND DU LAC CITY WARD 16,SPRING GENERAL,JUSTICE OF THE SUPREME COURT,NONPARTISAN,PATRICK CROOKS,66,66
2006,APRIL,FOND DU LAC,FOND DU LAC CITY WARD 16,SPRING GENERAL,JUSTICE OF THE SUPREME COURT,NONPARTISAN,SCATTERING,66,0
2006,APRIL,FOND DU LAC,RIPON CITY WARDS 1 - 3,SPRING GENERAL,JUSTICE OF THE SUPREME COURT,NONPARTISAN,PATRICK CROOKS,248,246
2006,APRIL,FOND DU LAC,RIPON CITY WARDS 1 - 3,SPRING GENERAL,JUSTICE OF THE SUPREME COURT,NONPARTISAN,SCATTERING,248,2
2006,APRIL,FOND DU LAC,RIPON CITY WARDS 4 - 6,SPRING GENERAL,JUSTICE OF THE SUPREME COURT,NONPARTISAN,PATRICK CROOKS,303,301
2006,APRIL,FOND DU LAC,RIPON CITY WARDS 4 - 6,SPRING GENERAL,JUSTICE OF THE SUPREME COURT,NONPARTISAN,SCATTERING,303,2
2006,APRIL,FOND DU LAC,RIPON CITY WARDS 7 & 8,SPRING GENERAL,JUSTICE OF THE SUPREME COURT,NONPARTISAN,PATRICK CROOKS,216,216
2006,APRIL,FOND DU LAC,RIPON CITY WARDS 7 & 8,SPRING GENERAL,JUSTICE OF THE SUPREME COURT,NONPARTISAN,SCATTERING,216,0
2006,APRIL,FOND DU LAC,RIPON CITY WARDS 9 - 11,SPRING GENERAL,JUSTICE OF THE SUPREME COURT,NONPARTISAN,PATRICK CROOKS,235,235
2006,APRIL,FOND DU LAC,RIPON CITY WARDS 9 - 11,SPRING GENERAL,JUSTICE OF THE SUPREME COURT,NONPARTISAN,SCATTERING,235,0
2006,APRIL,FOND DU LAC,WAUPUN CITY WARDS 9 & 10,SPRING GENERAL,JUSTICE OF THE SUPREME COURT,NONPARTISAN,PATRICK CROOKS,461,460
2006,APRIL,FOND DU LAC,WAUPUN CITY WARDS 9 & 10,SPRING GENERAL,JUSTICE OF THE SUPREME COURT,NONPARTISAN,SCATTERING,461,1
2006,APRIL,FOND DU LAC,WAUPUN CITY WARDS 11 & 12,SPRING GENERAL,JUSTICE OF THE SUPREME COURT,NONPARTISAN,PATRICK CROOKS,207,205
2006,APRIL,FOND DU LAC,WAUPUN CITY WARDS 11 & 12,SPRING GENERAL,JUSTICE OF THE SUPREME COURT,NONPARTISAN,SCATTERING,207,2
2006,APRIL,FOREST,ALVIN TOWN WARD 1,SPRING GENERAL,JUSTICE OF THE SUPREME COURT,NONPARTISAN,PATRICK CROOKS,12,12
2006,APRIL,FOREST,ALVIN TOWN WARD 1,SPRING GENERAL,JUSTICE OF THE SUPREME COURT,NONPARTISAN,SCATTERING,12,0
2006,APRIL,FOREST,ALVIN TOWN WARD 2,SPRING GENERAL,JUSTICE OF THE SUPREME COURT,NONPARTISAN,PATRICK CROOKS,2,2
2006,APRIL,FOREST,ALVIN TOWN WARD 2,SPRING GENERAL,JUSTICE OF THE SUPREME COURT,NONPARTISAN,SCATTERING,2,0
2006,APRIL,FOREST,ARGONNE TOWN WARD 1,SPRING GENERAL,JUSTICE OF THE SUPREME COURT,NONPARTISAN,PATRICK CROOKS,30,30
2006,APRIL,FOREST,ARGONNE TOWN WARD 1,SPRING GENERAL,JUSTICE OF THE SUPREME COURT,NONPARTISAN,SCATTERING,30,0
2006,APRIL,FOREST,ARGONNE TOWN WARD 2,SPRING GENERAL,JUSTICE OF THE SUPREME COURT,NONPARTISAN,PATRICK CROOKS,0,0
2006,APRIL,FOREST,ARGONNE TOWN WARD 2,SPRING GENERAL,JUSTICE OF THE SUPREME COURT,NONPARTISAN,SCATTERING,0,0
2006,APRIL,FOREST,ARMSTRONG CREEK TOWN WARD 1,SPRING GENERAL,JUSTICE OF THE SUPREME COURT,NONPARTISAN,PATRICK CROOKS,35,34
2006,APRIL,FOREST,ARMSTRONG CREEK TOWN WARD 1,SPRING GENERAL,JUSTICE OF THE SUPREME COURT,NONPARTISAN,SCATTERING,35,1
2006,APRIL,FOREST,BLACKWELL TOWN WARD 1,SPRING GENERAL,JUSTICE OF THE SUPREME COURT,NONPARTISAN,PATRICK CROOKS,31,31
2006,APRIL,FOREST,BLACKWELL TOWN WARD 1,SPRING GENERAL,JUSTICE OF THE SUPREME COURT,NONPARTISAN,SCATTERING,31,0
2006,APRIL,FOREST,CASWELL TOWN WARD 1,SPRING GENERAL,JUSTICE OF THE SUPREME COURT,NONPARTISAN,PATRICK CROOKS,12,12
2006,APRIL,FOREST,CASWELL TOWN WARD 1,SPRING GENERAL,JUSTICE OF THE SUPREME COURT,NONPARTISAN,SCATTERING,12,0
2006,APRIL,FOREST,CRANDON TOWN WARD 1,SPRING GENERAL,JUSTICE OF THE SUPREME COURT,NONPARTISAN,PATRICK CROOKS,66,66
2006,APRIL,FOREST,CRANDON TOWN WARD 1,SPRING GENERAL,JUSTICE OF THE SUPREME COURT,NONPARTISAN,SCATTERING,66,0
2006,APRIL,FOREST,CRANDON TOWN WARD 2,SPRING GENERAL,JUSTICE OF THE SUPREME COURT,NONPARTISAN,PATRICK CROOKS,19,19
2006,APRIL,FOREST,CRANDON TOWN WARD 2,SPRING GENERAL,JUSTICE OF THE SUPREME COURT,NONPARTISAN,SCATTERING,19,0
2006,APRIL,FOREST,FREEDOM TOWN WARD 1,SPRING GENERAL,JUSTICE OF THE SUPREME COURT,NONPARTISAN,PATRICK CROOKS,91,91
2006,APRIL,FOREST,FREEDOM TOWN WARD 1,SPRING GENERAL,JUSTICE OF THE SUPREME COURT,NONPARTISAN,SCATTERING,91,0
2006,APRIL,FOREST,HILES TOWN WARD 1,SPRING GENERAL,JUSTICE OF THE SUPREME COURT,NONPARTISAN,PATRICK CROOKS,39,39
2006,APRIL,FOREST,HILES TOWN WARD 1,SPRING GENERAL,JUSTICE OF THE SUPREME COURT,NONPARTISAN,SCATTERING,39,0
2006,APRIL,FOREST,LAONA TOWN WARD 1,SPRING GENERAL,JUSTICE OF THE SUPREME COURT,NONPARTISAN,PATRICK CROOKS,81,81
2006,APRIL,FOREST,LAONA TOWN WARD 1,SPRING GENERAL,JUSTICE OF THE SUPREME COURT,NONPARTISAN,SCATTERING,81,0
2006,APRIL,FOREST,LAONA TOWN WARD 2,SPRING GENERAL,JUSTICE OF THE SUPREME COURT,NONPARTISAN,PATRICK CROOKS,62,62
2006,APRIL,FOREST,LAONA TOWN WARD 2,SPRING GENERAL,JUSTICE OF THE SUPREME COURT,NONPARTISAN,SCATTERING,62,0
2006,APRIL,FOREST,LAONA TOWN WARD 3,SPRING GENERAL,JUSTICE OF THE SUPREME COURT,NONPARTISAN,PATRICK CROOKS,81,81
2006,APRIL,FOREST,LAONA TOWN WARD 3,SPRING GENERAL,JUSTICE OF THE SUPREME COURT,NONPARTISAN,SCATTERING,81,0
2006,APRIL,FOREST,LINCOLN TOWN WARD 1,SPRING GENERAL,JUSTICE OF THE SUPREME COURT,NONPARTISAN,PATRICK CROOKS,99,99
2006,APRIL,FOREST,LINCOLN TOWN WARD 1,SPRING GENERAL,JUSTICE OF THE SUPREME COURT,NONPARTISAN,SCATTERING,99,0
2006,APRIL,FOREST,LINCOLN TOWN WARD 2,SPRING GENERAL,JUSTICE OF THE SUPREME COURT,NONPARTISAN,PATRICK CROOKS,10,10
2006,APRIL,FOREST,LINCOLN TOWN WARD 2,SPRING GENERAL,JUSTICE OF THE SUPREME COURT,NONPARTISAN,SCATTERING,10,0
2006,APRIL,FOREST,LINCOLN TOWN WARD 3,SPRING GENERAL,JUSTICE OF THE SUPREME COURT,NONPARTISAN,PATRICK CROOKS,7,7
2006,APRIL,FOREST,LINCOLN TOWN WARD 3,SPRING GENERAL,JUSTICE OF THE SUPREME COURT,NONPARTISAN,SCATTERING,7,0
2006,APRIL,FOREST,NASHVILLE TOWN WARD 1,SPRING GENERAL,JUSTICE OF THE SUPREME COURT,NONPARTISAN,PATRICK CROOKS,35,35
2006,APRIL,FOREST,NASHVILLE TOWN WARD 1,SPRING GENERAL,JUSTICE OF THE SUPREME COURT,NONPARTISAN,SCATTERING,35,0
2006,APRIL,FOREST,NASHVILLE TOWN WARD 2,SPRING GENERAL,JUSTICE OF THE SUPREME COURT,NONPARTISAN,PATRICK CROOKS,48,46
2006,APRIL,FOREST,NASHVILLE TOWN WARD 2,SPRING GENERAL,JUSTICE OF THE SUPREME COURT,NONPARTISAN,SCATTERING,48,2
2006,APRIL,FOREST,NASHVILLE TOWN WARD 3,SPRING GENERAL,JUSTICE OF THE SUPREME COURT,NONPARTISAN,PATRICK CROOKS,50,50
2006,APRIL,FOREST,NASHVILLE TOWN WARD 3,SPRING GENERAL,JUSTICE OF THE SUPREME COURT,NONPARTISAN,SCATTERING,50,0
2006,APRIL,FOREST,NASHVILLE TOWN WARD 4,SPRING GENERAL,JUSTICE OF THE SUPREME COURT,NONPARTISAN,PATRICK CROOKS,3,3
2006,APRIL,FOREST,NASHVILLE TOWN WARD 4,SPRING GENERAL,JUSTICE OF THE SUPREME COURT,NONPARTISAN,SCATTERING,3,0
2006,APRIL,FOREST,POPPLE RIVER TOWN WARD 1,SPRING GENERAL,JUSTICE OF THE SUPREME COURT,NONPARTISAN,PATRICK CROOKS,14,14
2006,APRIL,FOREST,POPPLE RIVER TOWN WARD 1,SPRING GENERAL,JUSTICE OF THE SUPREME COURT,NONPARTISAN,SCATTERING,14,0
2006,APRIL,FOREST,ROSS TOWN WARD 1,SPRING GENERAL,JUSTICE OF THE SUPREME COURT,NONPARTISAN,PATRICK CROOKS,36,36
2006,APRIL,FOREST,ROSS TOWN WARD 1,SPRING GENERAL,JUSTICE OF THE SUPREME COURT,NONPARTISAN,SCATTERING,36,0
2006,APRIL,FOREST,WABENO TOWN WARD 1,SPRING GENERAL,JUSTICE OF THE SUPREME COURT,NONPARTISAN,PATRICK CROOKS,33,33
2006,APRIL,FOREST,WABENO TOWN WARD 1,SPRING GENERAL,JUSTICE OF THE SUPREME COURT,NONPARTISAN,SCATTERING,33,0
2006,APRIL,FOREST,WABENO TOWN WARD 2,SPRING GENERAL,JUSTICE OF THE SUPREME COURT,NONPARTISAN,PATRICK CROOKS,33,33
2006,APRIL,FOREST,WABENO TOWN WARD 2,SPRING GENERAL,JUSTICE OF THE SUPREME COURT,NONPARTISAN,SCATTERING,33,0
2006,APRIL,FOREST,WABENO TOWN WARD 3,SPRING GENERAL,JUSTICE OF THE SUPREME COURT,NONPARTISAN,PATRICK CROOKS,14,14
2006,APRIL,FOREST,WABENO TOWN WARD 3,SPRING GENERAL,JUSTICE OF THE SUPREME COURT,NONPARTISAN,SCATTERING,14,0
2006,APRIL,FOREST,WABENO TOWN WARD 4,SPRING GENERAL,JUSTICE OF THE SUPREME COURT,NONPARTISAN,PATRICK CROOKS,7,7
2006,APRIL,FOREST,WABENO TOWN WARD 4,SPRING GENERAL,JUSTICE OF THE SUPREME COURT,NONPARTISAN,SCATTERING,7,0
2006,APRIL,FOREST,WABENO TOWN WARD 5,SPRING GENERAL,JUSTICE OF THE SUPREME COURT,NONPARTISAN,PATRICK CROOKS,9,9
2006,APRIL,FOREST,WABENO TOWN WARD 5,SPRING GENERAL,JUSTICE OF THE SUPREME COURT,NONPARTISAN,SCATTERING,9,0
2006,APRIL,FOREST,CRANDON CITY WARD 1,SPRING GENERAL,JUSTICE OF THE SUPREME COURT,NONPARTISAN,PATRICK CROOKS,35,35
2006,APRIL,FOREST,CRANDON CITY WARD 1,SPRING GENERAL,JUSTICE OF THE SUPREME COURT,NONPARTISAN,SCATTERING,35,0
2006,APRIL,FOREST,CRANDON CITY WARD 2,SPRING GENERAL,JUSTICE OF THE SUPREME COURT,NONPARTISAN,PATRICK CROOKS,27,27
2006,APRIL,FOREST,CRANDON CITY WARD 2,SPRING GENERAL,JUSTICE OF THE SUPREME COURT,NONPARTISAN,SCATTERING,27,0
2006,APRIL,FOREST,CRANDON CITY WARD 3,SPRING GENERAL,JUSTICE OF THE SUPREME COURT,NONPARTISAN,PATRICK CROOKS,30,30
2006,APRIL,FOREST,CRANDON CITY WARD 3,SPRING GENERAL,JUSTICE OF THE SUPREME COURT,NONPARTISAN,SCATTERING,30,0
2006,APRIL,FOREST,CRANDON CITY WARD 4,SPRING GENERAL,JUSTICE OF THE SUPREME COURT,NONPARTISAN,PATRICK CROOKS,46,46
2006,APRIL,FOREST,CRANDON CITY WARD 4,SPRING GENERAL,JUSTICE OF THE SUPREME COURT,NONPARTISAN,SCATTERING,46,0
2006,APRIL,GRANT,BEETOWN TOWN WARD 1,SPRING GENERAL,JUSTICE OF THE SUPREME COURT,NONPARTISAN,PATRICK CROOKS,33,33
2006,APRIL,GRANT,BEETOWN TOWN WARD 1,SPRING GENERAL,JUSTICE OF THE SUPREME COURT,NONPARTISAN,SCATTERING,33,0
2006,APRIL,GRANT,BLOOMINGTON TOWN WARDS 1 & 2,SPRING GENERAL,JUSTICE OF THE SUPREME COURT,NONPARTISAN,PATRICK CROOKS,38,38
2006,APRIL,GRANT,BLOOMINGTON TOWN WARDS 1 & 2,SPRING GENERAL,JUSTICE OF THE SUPREME COURT,NONPARTISAN,SCATTERING,38,0
2006,APRIL,GRANT,BOSCOBEL TOWN WARDS 1 & 2,SPRING GENERAL,JUSTICE OF THE SUPREME COURT,NONPARTISAN,PATRICK CROOKS,47,47
2006,APRIL,GRANT,BOSCOBEL TOWN WARDS 1 & 2,SPRING GENERAL,JUSTICE OF THE SUPREME COURT,NONPARTISAN,SCATTERING,47,0
2006,APRIL,GRANT,CASSVILLE TOWN WARDS 1 & 2,SPRING GENERAL,JUSTICE OF THE SUPREME COURT,NONPARTISAN,PATRICK CROOKS,18,18
2006,APRIL,GRANT,CASSVILLE TOWN WARDS 1 & 2,SPRING GENERAL,JUSTICE OF THE SUPREME COURT,NONPARTISAN,SCATTERING,18,0
2006,APRIL,GRANT,CASTLE ROCK TOWN WARD 1,SPRING GENERAL,JUSTICE OF THE SUPREME COURT,NONPARTISAN,PATRICK CROOKS,18,18
2006,APRIL,GRANT,CASTLE ROCK TOWN WARD 1,SPRING GENERAL,JUSTICE OF THE SUPREME COURT,NONPARTISAN,SCATTERING,18,0
2006,APRIL,GRANT,CLIFTON TOWN WARD 1,SPRING GENERAL,JUSTICE OF THE SUPREME COURT,NONPARTISAN,PATRICK CROOKS,40,39
2006,APRIL,GRANT,CLIFTON TOWN WARD 1,SPRING GENERAL,JUSTICE OF THE SUPREME COURT,NONPARTISAN,SCATTERING,40,1
2006,APRIL,GRANT,ELLENBORO TOWN WARDS 1 & 2,SPRING GENERAL,JUSTICE OF THE SUPREME COURT,NONPARTISAN,PATRICK CROOKS,42,42
2006,APRIL,GRANT,ELLENBORO TOWN WARDS 1 & 2,SPRING GENERAL,JUSTICE OF THE SUPREME COURT,NONPARTISAN,SCATTERING,42,0
2006,APRIL,GRANT,FENNIMORE TOWN WARDS 1 & 2,SPRING GENERAL,JUSTICE OF THE SUPREME COURT,NONPARTISAN,PATRICK CROOKS,21,21
2006,APRIL,GRANT,FENNIMORE TOWN WARDS 1 & 2,SPRING GENERAL,JUSTICE OF THE SUPREME COURT,NONPARTISAN,SCATTERING,21,0
2006,APRIL,GRANT,GLEN HAVEN TOWN WARD 1,SPRING GENERAL,JUSTICE OF THE SUPREME COURT,NONPARTISAN,PATRICK CROOKS,24,24
2006,APRIL,GRANT,GLEN HAVEN TOWN WARD 1,SPRING GENERAL,JUSTICE OF THE SUPREME COURT,NONPARTISAN,SCATTERING,24,0
2006,APRIL,GRANT,HARRISON TOWN WARD 1,SPRING GENERAL,JUSTICE OF THE SUPREME COURT,NONPARTISAN,PATRICK CROOKS,100,100
2006,APRIL,GRANT,HARRISON TOWN WARD 1,SPRING GENERAL,JUSTICE OF THE SUPREME COURT,NONPARTISAN,SCATTERING,100,0
2006,APRIL,GRANT,HAZEL GREEN TOWN WARDS 1 & 2,SPRING GENERAL,JUSTICE OF THE SUPREME COURT,NONPARTISAN,PATRICK CROOKS,83,83
2006,APRIL,GRANT,HAZEL GREEN TOWN WARDS 1 & 2,SPRING GENERAL,JUSTICE OF THE SUPREME COURT,NONPARTISAN,SCATTERING,83,0
2006,APRIL,GRANT,HICKORY GROVE TOWN WARDS 1 & 2,SPRING GENERAL,JUSTICE OF THE SUPREME COURT,NONPARTISAN,PATRICK CROOKS,35,35
2006,APRIL,GRANT,HICKORY GROVE TOWN WARDS 1 & 2,SPRING GENERAL,JUSTICE OF THE SUPREME COURT,NONPARTISAN,SCATTERING,35,0
2006,APRIL,GRANT,JAMESTOWN TOWN WARDS 1 - 3,SPRING GENERAL,JUSTICE OF THE SUPREME COURT,NONPARTISAN,PATRICK CROOKS,105,105
2006,APRIL,GRANT,JAMESTOWN TOWN WARDS 1 - 3,SPRING GENERAL,JUSTICE OF THE SUPREME COURT,NONPARTISAN,SCATTERING,105,0
2006,APRIL,GRANT,LIBERTY TOWN WARD 1,SPRING GENERAL,JUSTICE OF THE SUPREME COURT,NONPARTISAN,PATRICK CROOKS,48,47
2006,APRIL,GRANT,LIBERTY TOWN WARD 1,SPRING GENERAL,JUSTICE OF THE SUPREME COURT,NONPARTISAN,SCATTERING,48,1
2006,APRIL,GRANT,LIMA TOWN WARD 1,SPRING GENERAL,JUSTICE OF THE SUPREME COURT,NONPARTISAN,PATRICK CROOKS,75,75
2006,APRIL,GRANT,LIMA TOWN WARD 1,SPRING GENERAL,JUSTICE OF THE SUPREME COURT,NONPARTISAN,SCATTERING,75,0
2006,APRIL,GRANT,LITTLE GRANT TOWN WARD 1,SPRING GENERAL,JUSTICE OF THE SUPREME COURT,NONPARTISAN,PATRICK CROOKS,24,24
2006,APRIL,GRANT,LITTLE GRANT TOWN WARD 1,SPRING GENERAL,JUSTICE OF THE SUPREME COURT,NONPARTISAN,SCATTERING,24,0
2006,APRIL,GRANT,MARION TOWN WARD 1,SPRING GENERAL,JUSTICE OF THE SUPREME COURT,NONPARTISAN,PATRICK CROOKS,26,26
2006,APRIL,GRANT,MARION TOWN WARD 1,SPRING GENERAL,JUSTICE OF THE SUPREME COURT,NONPARTISAN,SCATTERING,26,0
2006,APRIL,GRANT,MILLVILLE TOWN WARD 1,SPRING GENERAL,JUSTICE OF THE SUPREME COURT,NONPARTISAN,PATRICK CROOKS,18,18
2006,APRIL,GRANT,MILLVILLE TOWN WARD 1,SPRING GENERAL,JUSTICE OF THE SUPREME COURT,NONPARTISAN,SCATTERING,18,0
2006,APRIL,GRANT,MOUNT HOPE TOWN WARDS 1 & 2,SPRING GENERAL,JUSTICE OF THE SUPREME COURT,NONPARTISAN,PATRICK CROOKS,17,17
2006,APRIL,GRANT,MOUNT HOPE TOWN WARDS 1 & 2,SPRING GENERAL,JUSTICE OF THE SUPREME COURT,NONPARTISAN,SCATTERING,17,0
2006,APRIL,GRANT,MOUNT IDA TOWN WARD 1,SPRING GENERAL,JUSTICE OF THE SUPREME COURT,NONPARTISAN,PATRICK CROOKS,36,36
2006,APRIL,GRANT,MOUNT IDA TOWN WARD 1,SPRING GENERAL,JUSTICE OF THE SUPREME COURT,NONPARTISAN,SCATTERING,36,0
2006,APRIL,GRANT,MUSCODA TOWN WARDS 1 & 2,SPRING GENERAL,JUSTICE OF THE SUPREME COURT,NONPARTISAN,PATRICK CROOKS,21,21
2006,APRIL,GRANT,MUSCODA TOWN WARDS 1 & 2,SPRING GENERAL,JUSTICE OF THE SUPREME COURT,NONPARTISAN,SCATTERING,21,0
2006,APRIL,GRANT,NORTH LANCASTER TOWN WARD 1,SPRING GENERAL,JUSTICE OF THE SUPREME COURT,NONPARTISAN,PATRICK CROOKS,135,135
2006,APRIL,GRANT,NORTH LANCASTER TOWN WARD 1,SPRING GENERAL,JUSTICE OF THE SUPREME COURT,NONPARTISAN,SCATTERING,135,0
2006,APRIL,GRANT,PARIS TOWN WARDS 1 & 2,SPRING GENERAL,JUSTICE OF THE SUPREME COURT,NONPARTISAN,PATRICK CROOKS,50,50
2006,APRIL,GRANT,PARIS TOWN WARDS 1 & 2,SPRING GENERAL,JUSTICE OF THE SUPREME COURT,NONPARTISAN,SCATTERING,50,0
2006,APRIL,GRANT,PATCH GROVE TOWN WARDS 1 & 2,SPRING GENERAL,JUSTICE OF THE SUPREME COURT,NONPARTISAN,PATRICK CROOKS,18,18
2006,APRIL,GRANT,PATCH GROVE TOWN WARDS 1 & 2,SPRING GENERAL,JUSTICE OF THE SUPREME COURT,NONPARTISAN,SCATTERING,18,0
2006,APRIL,GRANT,PLATTEVILLE TOWN WARDS 1 & 2,SPRING GENERAL,JUSTICE OF THE SUPREME COURT,NONPARTISAN,PATRICK CROOKS,219,219
2006,APRIL,GRANT,PLATTEVILLE TOWN WARDS 1 & 2,SPRING GENERAL,JUSTICE OF THE SUPREME COURT,NONPARTISAN,SCATTERING,219,0
2006,APRIL,GRANT,POTOSI TOWN WARDS 1 & 2,SPRING GENERAL,JUSTICE OF THE SUPREME COURT,NONPARTISAN,PATRICK CROOKS,138,138
2006,APRIL,GRANT,POTOSI TOWN WARDS 1 & 2,SPRING GENERAL,JUSTICE OF THE SUPREME COURT,NONPARTISAN,SCATTERING,138,0
2006,APRIL,GRANT,SMELSER TOWN WARDS 1 & 2,SPRING GENERAL,JUSTICE OF THE SUPREME COURT,NONPARTISAN,PATRICK CROOKS,74,74
2006,APRIL,GRANT,SMELSER TOWN WARDS 1 & 2,SPRING GENERAL,JUSTICE OF THE SUPREME COURT,NONPARTISAN,SCATTERING,74,0
2006,APRIL,GRANT,SOUTH LANCASTER TOWN WARDS 1 - 3,SPRING GENERAL,JUSTICE OF THE SUPREME COURT,NONPARTISAN,PATRICK CROOKS,30,30
2006,APRIL,GRANT,SOUTH LANCASTER TOWN WARDS 1 - 3,SPRING GENERAL,JUSTICE OF THE SUPREME COURT,NONPARTISAN,SCATTERING,30,0
2006,APRIL,GRANT,WATERLOO TOWN WARD 1,SPRING GENERAL,JUSTICE OF THE SUPREME COURT,NONPARTISAN,PATRICK CROOKS,26,26
2006,APRIL,GRANT,WATERLOO TOWN WARD 1,SPRING GENERAL,JUSTICE OF THE SUPREME COURT,NONPARTISAN,SCATTERING,26,0
2006,APRIL,GRANT,WATTERSTOWN TOWN WARD 1,SPRING GENERAL,JUSTICE OF THE SUPREME COURT,NONPARTISAN,PATRICK CROOKS,31,31
2006,APRIL,GRANT,WATTERSTOWN TOWN WARD 1,SPRING GENERAL,JUSTICE OF THE SUPREME COURT,NONPARTISAN,SCATTERING,31,0
2006,APRIL,GRANT,WINGVILLE TOWN WARD 1,SPRING GENERAL,JUSTICE OF THE SUPREME COURT,NONPARTISAN,PATRICK CROOKS,24,24
2006,APRIL,GRANT,WINGVILLE TOWN WARD 1,SPRING GENERAL,JUSTICE OF THE SUPREME COURT,NONPARTISAN,SCATTERING,24,0
2006,APRIL,GRANT,WOODMAN TOWN WARD 1,SPRING GENERAL,JUSTICE OF THE SUPREME COURT,NONPARTISAN,PATRICK CROOKS,12,12
2006,APRIL,GRANT,WOODMAN TOWN WARD 1,SPRING GENERAL,JUSTICE OF THE SUPREME COURT,NONPARTISAN,SCATTERING,12,0
2006,APRIL,GRANT,WYALUSING TOWN WARD 1,SPRING GENERAL,JUSTICE OF THE SUPREME COURT,NONPARTISAN,PATRICK CROOKS,24,24
2006,APRIL,GRANT,WYALUSING TOWN WARD 1,SPRING GENERAL,JUSTICE OF THE SUPREME COURT,NONPARTISAN,SCATTERING,24,0
2006,APRIL,GRANT,BAGLEY VILLAGE WARD 1,SPRING GENERAL,JUSTICE OF THE SUPREME COURT,NONPARTISAN,PATRICK CROOKS,90,90
2006,APRIL,GRANT,BAGLEY VILLAGE WARD 1,SPRING GENERAL,JUSTICE OF THE SUPREME COURT,NONPARTISAN,SCATTERING,90,0
2006,APRIL,GRANT,BLOOMINGTON VILLAGE WARD 1,SPRING GENERAL,JUSTICE OF THE SUPREME COURT,NONPARTISAN,PATRICK CROOKS,63,63
2006,APRIL,GRANT,BLOOMINGTON VILLAGE WARD 1,SPRING GENERAL,JUSTICE OF THE SUPREME COURT,NONPARTISAN,SCATTERING,63,0
2006,APRIL,GRANT,BLUE RIVER VILLAGE WARD 1,SPRING GENERAL,JUSTICE OF THE SUPREME COURT,NONPARTISAN,PATRICK CROOKS,78,78
2006,APRIL,GRANT,BLUE RIVER VILLAGE WARD 1,SPRING GENERAL,JUSTICE OF THE SUPREME COURT,NONPARTISAN,SCATTERING,78,0
2006,APRIL,GRANT,CASSVILLE VILLAGE WARDS 1 & 2,SPRING GENERAL,JUSTICE OF THE SUPREME COURT,NONPARTISAN,PATRICK CROOKS,44,44
2006,APRIL,GRANT,CASSVILLE VILLAGE WARDS 1 & 2,SPRING GENERAL,JUSTICE OF THE SUPREME COURT,NONPARTISAN,SCATTERING,44,0
2006,APRIL,GRANT,DICKEYVILLE VILLAGE WARDS 1 & 2,SPRING GENERAL,JUSTICE OF THE SUPREME COURT,NONPARTISAN,PATRICK CROOKS,43,43
2006,APRIL,GRANT,DICKEYVILLE VILLAGE WARDS 1 & 2,SPRING GENERAL,JUSTICE OF THE SUPREME COURT,NONPARTISAN,SCATTERING,43,0
2006,APRIL,GRANT,HAZEL GREEN VILLAGE WARDS 1 & 2,SPRING GENERAL,JUSTICE OF THE SUPREME COURT,NONPARTISAN,PATRICK CROOKS,146,146
2006,APRIL,GRANT,HAZEL GREEN VILLAGE WARDS 1 & 2,SPRING GENERAL,JUSTICE OF THE SUPREME COURT,NONPARTISAN,SCATTERING,146,0
2006,APRIL,GRANT,LIVINGSTON VILLAGE WARD 1,SPRING GENERAL,JUSTICE OF THE SUPREME COURT,NONPARTISAN,PATRICK CROOKS,47,47
2006,APRIL,GRANT,LIVINGSTON VILLAGE WARD 1,SPRING GENERAL,JUSTICE OF THE SUPREME COURT,NONPARTISAN,SCATTERING,47,0
2006,APRIL,GRANT,MONTFORT VILLAGE WARD 1,SPRING GENERAL,JUSTICE OF THE SUPREME COURT,NONPARTISAN,PATRICK CROOKS,39,39
2006,APRIL,GRANT,MONTFORT VILLAGE WARD 1,SPRING GENERAL,JUSTICE OF THE SUPREME COURT,NONPARTISAN,SCATTERING,39,0
2006,APRIL,GRANT,MOUNT HOPE VILLAGE WARDS 1 & 2,SPRING GENERAL,JUSTICE OF THE SUPREME COURT,NONPARTISAN,PATRICK CROOKS,17,17
2006,APRIL,GRANT,MOUNT HOPE VILLAGE WARDS 1 & 2,SPRING GENERAL,JUSTICE OF THE SUPREME COURT,NONPARTISAN,SCATTERING,17,0
2006,APRIL,GRANT,MUSCODA VILLAGE WARDS 1 & 2,SPRING GENERAL,JUSTICE OF THE SUPREME COURT,NONPARTISAN,PATRICK CROOKS,60,60
2006,APRIL,GRANT,MUSCODA VILLAGE WARDS 1 & 2,SPRING GENERAL,JUSTICE OF THE SUPREME COURT,NONPARTISAN,SCATTERING,60,0
2006,APRIL,GRANT,PATCH GROVE VILLAGE WARDS 1 & 2,SPRING GENERAL,JUSTICE OF THE SUPREME COURT,NONPARTISAN,PATRICK CROOKS,15,15
2006,APRIL,GRANT,PATCH GROVE VILLAGE WARDS 1 & 2,SPRING GENERAL,JUSTICE OF THE SUPREME COURT,NONPARTISAN,SCATTERING,15,0
2006,APRIL,GRANT,POTOSI VILLAGE WARD 1,SPRING GENERAL,JUSTICE OF THE SUPREME COURT,NONPARTISAN,PATRICK CROOKS,172,171
2006,APRIL,GRANT,POTOSI VILLAGE WARD 1,SPRING GENERAL,JUSTICE OF THE SUPREME COURT,NONPARTISAN,SCATTERING,172,1
2006,APRIL,GRANT,TENNYSON VILLAGE WARD 1,SPRING GENERAL,JUSTICE OF THE SUPREME COURT,NONPARTISAN,PATRICK CROOKS,91,91
2006,APRIL,GRANT,TENNYSON VILLAGE WARD 1,SPRING GENERAL,JUSTICE OF THE SUPREME COURT,NONPARTISAN,SCATTERING,91,0
2006,APRIL,GRANT,WOODMAN VILLAGE WARD 1,SPRING GENERAL,JUSTICE OF THE SUPREME COURT,NONPARTISAN,PATRICK CROOKS,11,11
2006,APRIL,GRANT,WOODMAN VILLAGE WARD 1,SPRING GENERAL,JUSTICE OF THE SUPREME COURT,NONPARTISAN,SCATTERING,11,0
2006,APRIL,GRANT,BOSCOBEL CITY WARDS 1 - 4,SPRING GENERAL,JUSTICE OF THE SUPREME COURT,NONPARTISAN,PATRICK CROOKS,404,404
2006,APRIL,GRANT,BOSCOBEL CITY WARDS 1 - 4,SPRING GENERAL,JUSTICE OF THE SUPREME COURT,NONPARTISAN,SCATTERING,404,0
2006,APRIL,GRANT,CUBA CITY CITY WARDS 1 - 5,SPRING GENERAL,JUSTICE OF THE SUPREME COURT,NONPARTISAN,PATRICK CROOKS,433,433
2006,APRIL,GRANT,CUBA CITY CITY WARDS 1 - 5,SPRING GENERAL,JUSTICE OF THE SUPREME COURT,NONPARTISAN,SCATTERING,433,0
2006,APRIL,GRANT,FENNIMORE CITY WARDS 1 - 6,SPRING GENERAL,JUSTICE OF THE SUPREME COURT,NONPARTISAN,PATRICK CROOKS,386,385
2006,APRIL,GRANT,FENNIMORE CITY WARDS 1 - 6,SPRING GENERAL,JUSTICE OF THE SUPREME COURT,NONPARTISAN,SCATTERING,386,1
2006,APRIL,GRANT,LANCASTER CITY WARDS 1 - 8,SPRING GENERAL,JUSTICE OF THE SUPREME COURT,NONPARTISAN,PATRICK CROOKS,614,612
2006,APRIL,GRANT,LANCASTER CITY WARDS 1 - 8,SPRING GENERAL,JUSTICE OF THE SUPREME COURT,NONPARTISAN,SCATTERING,614,2
2006,APRIL,GRANT,PLATTEVILLE CITY WARDS 1 - 4,SPRING GENERAL,JUSTICE OF THE SUPREME COURT,NONPARTISAN,PATRICK CROOKS,514,512
2006,APRIL,GRANT,PLATTEVILLE CITY WARDS 1 - 4,SPRING GENERAL,JUSTICE OF THE SUPREME COURT,NONPARTISAN,SCATTERING,514,2
2006,APRIL,GRANT,PLATTEVILLE CITY WARDS 5 - 7,SPRING GENERAL,JUSTICE OF THE SUPREME COURT,NONPARTISAN,PATRICK CROOKS,327,322
2006,APRIL,GRANT,PLATTEVILLE CITY WARDS 5 - 7,SPRING GENERAL,JUSTICE OF THE SUPREME COURT,NONPARTISAN,SCATTERING,327,5
2006,APRIL,GRANT,PLATTEVILLE CITY WARDS 8 - 10,SPRING GENERAL,JUSTICE OF THE SUPREME COURT,NONPARTISAN,PATRICK CROOKS,112,110
2006,APRIL,GRANT,PLATTEVILLE CITY WARDS 8 - 10,SPRING GENERAL,JUSTICE OF THE SUPREME COURT,NONPARTISAN,SCATTERING,112,2
2006,APRIL,GRANT,PLATTEVILLE CITY WARDS 11 - 13,SPRING GENERAL,JUSTICE OF THE SUPREME COURT,NONPARTISAN,PATRICK CROOKS,312,307
2006,APRIL,GRANT,PLATTEVILLE CITY WARDS 11 - 13,SPRING GENERAL,JUSTICE OF THE SUPREME COURT,NONPARTISAN,SCATTERING,312,5
2006,APRIL,GREEN,ADAMS TOWN WARD 1,SPRING GENERAL,JUSTICE OF THE SUPREME COURT,NONPARTISAN,PATRICK CROOKS,45,45
2006,APRIL,GREEN,ADAMS TOWN WARD 1,SPRING GENERAL,JUSTICE OF THE SUPREME COURT,NONPARTISAN,SCATTERING,45,0
2006,APRIL,GREEN,ALBANY TOWN WARD 1,SPRING GENERAL,JUSTICE OF THE SUPREME COURT,NONPARTISAN,PATRICK CROOKS,23,23
2006,APRIL,GREEN,ALBANY TOWN WARD 1,SPRING GENERAL,JUSTICE OF THE SUPREME COURT,NONPARTISAN,SCATTERING,23,0
2006,APRIL,GREEN,ALBANY TOWN WARD 2,SPRING GENERAL,JUSTICE OF THE SUPREME COURT,NONPARTISAN,PATRICK CROOKS,21,21
2006,APRIL,GREEN,ALBANY TOWN WARD 2,SPRING GENERAL,JUSTICE OF THE SUPREME COURT,NONPARTISAN,SCATTERING,21,0
2006,APRIL,GREEN,BROOKLYN TOWN WARD 1,SPRING GENERAL,JUSTICE OF THE SUPREME COURT,NONPARTISAN,PATRICK CROOKS,48,48
2006,APRIL,GREEN,BROOKLYN TOWN WARD 1,SPRING GENERAL,JUSTICE OF THE SUPREME COURT,NONPARTISAN,SCATTERING,48,0
2006,APRIL,GREEN,BROOKLYN TOWN WARD 2,SPRING GENERAL,JUSTICE OF THE SUPREME COURT,NONPARTISAN,PATRICK CROOKS,21,21
2006,APRIL,GREEN,BROOKLYN TOWN WARD 2,SPRING GENERAL,JUSTICE OF THE SUPREME COURT,NONPARTISAN,SCATTERING,21,0
2006,APRIL,GREEN,CADIZ TOWN WARD 1,SPRING GENERAL,JUSTICE OF THE SUPREME COURT,NONPARTISAN,PATRICK CROOKS,30,30
2006,APRIL,GREEN,CADIZ TOWN WARD 1,SPRING GENERAL,JUSTICE OF THE SUPREME COURT,NONPARTISAN,SCATTERING,30,0
2006,APRIL,GREEN,CLARNO TOWN WARDS 1 & 2,SPRING GENERAL,JUSTICE OF THE SUPREME COURT,NONPARTISAN,PATRICK CROOKS,45,45
2006,APRIL,GREEN,CLARNO TOWN WARDS 1 & 2,SPRING GENERAL,JUSTICE OF THE SUPREME COURT,NONPARTISAN,SCATTERING,45,0
2006,APRIL,GREEN,DECATUR TOWN WARD 1,SPRING GENERAL,JUSTICE OF THE SUPREME COURT,NONPARTISAN,PATRICK CROOKS,11,11
2006,APRIL,GREEN,DECATUR TOWN WARD 1,SPRING GENERAL,JUSTICE OF THE SUPREME COURT,NONPARTISAN,SCATTERING,11,0
2006,APRIL,GREEN,DECATUR TOWN WARDS 2 & 3,SPRING GENERAL,JUSTICE OF THE SUPREME COURT,NONPARTISAN,PATRICK CROOKS,40,40
2006,APRIL,GREEN,DECATUR TOWN WARDS 2 & 3,SPRING GENERAL,JUSTICE OF THE SUPREME COURT,NONPARTISAN,SCATTERING,40,0
2006,APRIL,GREEN,EXETER TOWN WARD 1,SPRING GENERAL,JUSTICE OF THE SUPREME COURT,NONPARTISAN,PATRICK CROOKS,72,72
2006,APRIL,GREEN,EXETER TOWN WARD 1,SPRING GENERAL,JUSTICE OF THE SUPREME COURT,NONPARTISAN,SCATTERING,72,0
2006,APRIL,GREEN,EXETER TOWN WARD 2,SPRING GENERAL,JUSTICE OF THE SUPREME COURT,NONPARTISAN,PATRICK CROOKS,25,24
2006,APRIL,GREEN,EXETER TOWN WARD 2,SPRING GENERAL,JUSTICE OF THE SUPREME COURT,NONPARTISAN,SCATTERING,25,1
2006,APRIL,GREEN,JEFFERSON TOWN WARDS 1 & 2,SPRING GENERAL,JUSTICE OF THE SUPREME COURT,NONPARTISAN,PATRICK CROOKS,57,55
2006,APRIL,GREEN,JEFFERSON TOWN WARDS 1 & 2,SPRING GENERAL,JUSTICE OF THE SUPREME COURT,NONPARTISAN,SCATTERING,57,2
2006,APRIL,GREEN,JEFFERSON TOWN WARD 3,SPRING GENERAL,JUSTICE OF THE SUPREME COURT,NONPARTISAN,PATRICK CROOKS,16,16
2006,APRIL,GREEN,JEFFERSON TOWN WARD 3,SPRING GENERAL,JUSTICE OF THE SUPREME COURT,NONPARTISAN,SCATTERING,16,0
2006,APRIL,GREEN,JORDAN TOWN WARD 1,SPRING GENERAL,JUSTICE OF THE SUPREME COURT,NONPARTISAN,PATRICK CROOKS,44,43
2006,APRIL,GREEN,JORDAN TOWN WARD 1,SPRING GENERAL,JUSTICE OF THE SUPREME COURT,NONPARTISAN,SCATTERING,44,1
2006,APRIL,GREEN,MONROE TOWN WARDS 1 & 2,SPRING GENERAL,JUSTICE OF THE SUPREME COURT,NONPARTISAN,PATRICK CROOKS,85,85
2006,APRIL,GREEN,MONROE TOWN WARDS 1 & 2,SPRING GENERAL,JUSTICE OF THE SUPREME COURT,NONPARTISAN,SCATTERING,85,0
2006,APRIL,GREEN,MOUNT PLEASANT TOWN WARD 1,SPRING GENERAL,JUSTICE OF THE SUPREME COURT,NONPARTISAN,PATRICK CROOKS,25,25
2006,APRIL,GREEN,MOUNT PLEASANT TOWN WARD 1,SPRING GENERAL,JUSTICE OF THE SUPREME COURT,NONPARTISAN,SCATTERING,25,0
2006,APRIL,GREEN,MOUNT PLEASANT TOWN WARD 2,SPRING GENERAL,JUSTICE OF THE SUPREME COURT,NONPARTISAN,PATRICK CROOKS,25,25
2006,APRIL,GREEN,MOUNT PLEASANT TOWN WARD 2,SPRING GENERAL,JUSTICE OF THE SUPREME COURT,NONPARTISAN,SCATTERING,25,0
2006,APRIL,GREEN,NEW GLARUS TOWN WARD 1,SPRING GENERAL,JUSTICE OF THE SUPREME COURT,NONPARTISAN,PATRICK CROOKS,14,13
2006,APRIL,GREEN,NEW GLARUS TOWN WARD 1,SPRING GENERAL,JUSTICE OF THE SUPREME COURT,NONPARTISAN,SCATTERING,14,1
2006,APRIL,GREEN,NEW GLARUS TOWN WARD 2,SPRING GENERAL,JUSTICE OF THE SUPREME COURT,NONPARTISAN,PATRICK CROOKS,25,25
2006,APRIL,GREEN,NEW GLARUS TOWN WARD 2,SPRING GENERAL,JUSTICE OF THE SUPREME COURT,NONPARTISAN,SCATTERING,25,0
2006,APRIL,GREEN,SPRING GROVE TOWN WARD 1,SPRING GENERAL,JUSTICE OF THE SUPREME COURT,NONPARTISAN,PATRICK CROOKS,46,45
2006,APRIL,GREEN,SPRING GROVE TOWN WARD 1,SPRING GENERAL,JUSTICE OF THE SUPREME COURT,NONPARTISAN,SCATTERING,46,1
2006,APRIL,GREEN,SYLVESTER TOWN WARD 1,SPRING GENERAL,JUSTICE OF THE SUPREME COURT,NONPARTISAN,PATRICK CROOKS,64,63
2006,APRIL,GREEN,SYLVESTER TOWN WARD 1,SPRING GENERAL,JUSTICE OF THE SUPREME COURT,NONPARTISAN,SCATTERING,64,1
2006,APRIL,GREEN,WASHINGTON TOWN WARD 1,SPRING GENERAL,JUSTICE OF THE SUPREME COURT,NONPARTISAN,PATRICK CROOKS,43,43
2006,APRIL,GREEN,WASHINGTON TOWN WARD 1,SPRING GENERAL,JUSTICE OF THE SUPREME COURT,NONPARTISAN,SCATTERING,43,0
2006,APRIL,GREEN,YORK TOWN WARD 1,SPRING GENERAL,JUSTICE OF THE SUPREME COURT,NONPARTISAN,PATRICK CROOKS,35,35
2006,APRIL,GREEN,YORK TOWN WARD 1,SPRING GENERAL,JUSTICE OF THE SUPREME COURT,NONPARTISAN,SCATTERING,35,0
2006,APRIL,GREEN,ALBANY VILLAGE WARDS 1 & 2,SPRING GENERAL,JUSTICE OF THE SUPREME COURT,NONPARTISAN,PATRICK CROOKS,100,99
2006,APRIL,GREEN,ALBANY VILLAGE WARDS 1 & 2,SPRING GENERAL,JUSTICE OF THE SUPREME COURT,NONPARTISAN,SCATTERING,100,1
2006,APRIL,GREEN,BELLEVILLE VILLAGE WARD 3,SPRING GENERAL,JUSTICE OF THE SUPREME COURT,NONPARTISAN,PATRICK CROOKS,20,20
2006,APRIL,GREEN,BELLEVILLE VILLAGE WARD 3,SPRING GENERAL,JUSTICE OF THE SUPREME COURT,NONPARTISAN,SCATTERING,20,0
2006,APRIL,GREEN,BROOKLYN VILLAGE WARD 2,SPRING GENERAL,JUSTICE OF THE SUPREME COURT,NONPARTISAN,PATRICK CROOKS,42,42
2006,APRIL,GREEN,BROOKLYN VILLAGE WARD 2,SPRING GENERAL,JUSTICE OF THE SUPREME COURT,NONPARTISAN,SCATTERING,42,0
2006,APRIL,GREEN,BROWNTOWN VILLAGE WARD 1,SPRING GENERAL,JUSTICE OF THE SUPREME COURT,NONPARTISAN,PATRICK CROOKS,18,18
2006,APRIL,GREEN,BROWNTOWN VILLAGE WARD 1,SPRING GENERAL,JUSTICE OF THE SUPREME COURT,NONPARTISAN,SCATTERING,18,0
2006,APRIL,GREEN,MONTICELLO VILLAGE WARDS 1 & 2,SPRING GENERAL,JUSTICE OF THE SUPREME COURT,NONPARTISAN,PATRICK CROOKS,149,149
2006,APRIL,GREEN,MONTICELLO VILLAGE WARDS 1 & 2,SPRING GENERAL,JUSTICE OF THE SUPREME COURT,NONPARTISAN,SCATTERING,149,0
2006,APRIL,GREEN,NEW GLARUS VILLAGE WARDS 1 & 2,SPRING GENERAL,JUSTICE OF THE SUPREME COURT,NONPARTISAN,PATRICK CROOKS,98,96
2006,APRIL,GREEN,NEW GLARUS VILLAGE WARDS 1 & 2,SPRING GENERAL,JUSTICE OF THE SUPREME COURT,NONPARTISAN,SCATTERING,98,2
2006,APRIL,GREEN,NEW GLARUS VILLAGE WARDS 3 & 4,SPRING GENERAL,JUSTICE OF THE SUPREME COURT,NONPARTISAN,PATRICK CROOKS,73,72
2006,APRIL,GREEN,NEW GLARUS VILLAGE WARDS 3 & 4,SPRING GENERAL,JUSTICE OF THE SUPREME COURT,NONPARTISAN,SCATTERING,73,1
2006,APRIL,GREEN,BRODHEAD CITY WARD 1,SPRING GENERAL,JUSTICE OF THE SUPREME COURT,NONPARTISAN,PATRICK CROOKS,19,18
2006,APRIL,GREEN,BRODHEAD CITY WARD 1,SPRING GENERAL,JUSTICE OF THE SUPREME COURT,NONPARTISAN,SCATTERING,19,1
2006,APRIL,GREEN,BRODHEAD CITY WARD 2,SPRING GENERAL,JUSTICE OF THE SUPREME COURT,NONPARTISAN,PATRICK CROOKS,20,19
2006,APRIL,GREEN,BRODHEAD CITY WARD 2,SPRING GENERAL,JUSTICE OF THE SUPREME COURT,NONPARTISAN,SCATTERING,20,1
2006,APRIL,GREEN,BRODHEAD CITY WARD 3,SPRING GENERAL,JUSTICE OF THE SUPREME COURT,NONPARTISAN,PATRICK CROOKS,20,20
2006,APRIL,GREEN,BRODHEAD CITY WARD 3,SPRING GENERAL,JUSTICE OF THE SUPREME COURT,NONPARTISAN,SCATTERING,20,0
2006,APRIL,GREEN,BRODHEAD CITY WARD 4,SPRING GENERAL,JUSTICE OF THE SUPREME COURT,NONPARTISAN,PATRICK CROOKS,16,16
2006,APRIL,GREEN,BRODHEAD CITY WARD 4,SPRING GENERAL,JUSTICE OF THE SUPREME COURT,NONPARTISAN,SCATTERING,16,0
2006,APRIL,GREEN,BRODHEAD CITY WARD 5,SPRING GENERAL,JUSTICE OF THE SUPREME COURT,NONPARTISAN,PATRICK CROOKS,19,18
2006,APRIL,GREEN,BRODHEAD CITY WARD 5,SPRING GENERAL,JUSTICE OF THE SUPREME COURT,NONPARTISAN,SCATTERING,19,1
2006,APRIL,GREEN,BRODHEAD CITY WARD 6,SPRING GENERAL,JUSTICE OF THE SUPREME COURT,NONPARTISAN,PATRICK CROOKS,13,13
2006,APRIL,GREEN,BRODHEAD CITY WARD 6,SPRING GENERAL,JUSTICE OF THE SUPREME COURT,NONPARTISAN,SCATTERING,13,0
2006,APRIL,GREEN,MONROE CITY WARD 1,SPRING GENERAL,JUSTICE OF THE SUPREME COURT,NONPARTISAN,PATRICK CROOKS,170,170
2006,APRIL,GREEN,MONROE CITY WARD 1,SPRING GENERAL,JUSTICE OF THE SUPREME COURT,NONPARTISAN,SCATTERING,170,0
2006,APRIL,GREEN,MONROE CITY WARD 2,SPRING GENERAL,JUSTICE OF THE SUPREME COURT,NONPARTISAN,PATRICK CROOKS,193,192
2006,APRIL,GREEN,MONROE CITY WARD 2,SPRING GENERAL,JUSTICE OF THE SUPREME COURT,NONPARTISAN,SCATTERING,193,1
2006,APRIL,GREEN,MONROE CITY WARD 3,SPRING GENERAL,JUSTICE OF THE SUPREME COURT,NONPARTISAN,PATRICK CROOKS,245,243
2006,APRIL,GREEN,MONROE CITY WARD 3,SPRING GENERAL,JUSTICE OF THE SUPREME COURT,NONPARTISAN,SCATTERING,245,2
2006,APRIL,GREEN,MONROE CITY WARD 4,SPRING GENERAL,JUSTICE OF THE SUPREME COURT,NONPARTISAN,PATRICK CROOKS,186,185
2006,APRIL,GREEN,MONROE CITY WARD 4,SPRING GENERAL,JUSTICE OF THE SUPREME COURT,NONPARTISAN,SCATTERING,186,1
2006,APRIL,GREEN,MONROE CITY WARD 5,SPRING GENERAL,JUSTICE OF THE SUPREME COURT,NONPARTISAN,PATRICK CROOKS,177,176
2006,APRIL,GREEN,MONROE CITY WARD 5,SPRING GENERAL,JUSTICE OF THE SUPREME COURT,NONPARTISAN,SCATTERING,177,1
2006,APRIL,GREEN,MONROE CITY WARD 6,SPRING GENERAL,JUSTICE OF THE SUPREME COURT,NONPARTISAN,PATRICK CROOKS,116,115
2006,APRIL,GREEN,MONROE CITY WARD 6,SPRING GENERAL,JUSTICE OF THE SUPREME COURT,NONPARTISAN,SCATTERING,116,1
2006,APRIL,GREEN,MONROE CITY WARD 7,SPRING GENERAL,JUSTICE OF THE SUPREME COURT,NONPARTISAN,PATRICK CROOKS,138,138
2006,APRIL,GREEN,MONROE CITY WARD 7,SPRING GENERAL,JUSTICE OF THE SUPREME COURT,NONPARTISAN,SCATTERING,138,0
2006,APRIL,GREEN,MONROE CITY WARD 8,SPRING GENERAL,JUSTICE OF THE SUPREME COURT,NONPARTISAN,PATRICK CROOKS,165,164
2006,APRIL,GREEN,MONROE CITY WARD 8,SPRING GENERAL,JUSTICE OF THE SUPREME COURT,NONPARTISAN,SCATTERING,165,1
2006,APRIL,GREEN,MONROE CITY WARD 9,SPRING GENERAL,JUSTICE OF THE SUPREME COURT,NONPARTISAN,PATRICK CROOKS,106,106
2006,APRIL,GREEN,MONROE CITY WARD 9,SPRING GENERAL,JUSTICE OF THE SUPREME COURT,NONPARTISAN,SCATTERING,106,0
2006,APRIL,GREEN,MONROE CITY WARD 10,SPRING GENERAL,JUSTICE OF THE SUPREME COURT,NONPARTISAN,PATRICK CROOKS,138,138
2006,APRIL,GREEN,MONROE CITY WARD 10,SPRING GENERAL,JUSTICE OF THE SUPREME COURT,NONPARTISAN,SCATTERING,138,0
2006,APRIL,GREEN LAKE,BERLIN TOWN WARDS 1 & 2,SPRING GENERAL,JUSTICE OF THE SUPREME COURT,NONPARTISAN,PATRICK CROOKS,57,57
2006,APRIL,GREEN LAKE,BERLIN TOWN WARDS 1 & 2,SPRING GENERAL,JUSTICE OF THE SUPREME COURT,NONPARTISAN,SCATTERING,57,0
2006,APRIL,GREEN LAKE,BROOKLYN TOWN WARDS 1 - 3,SPRING GENERAL,JUSTICE OF THE SUPREME COURT,NONPARTISAN,PATRICK CROOKS,339,338
2006,APRIL,GREEN LAKE,BROOKLYN TOWN WARDS 1 - 3,SPRING GENERAL,JUSTICE OF THE SUPREME COURT,NONPARTISAN,SCATTERING,339,1
2006,APRIL,GREEN LAKE,GREEN LAKE TOWN WARDS 1 - 3,SPRING GENERAL,JUSTICE OF THE SUPREME COURT,NONPARTISAN,PATRICK CROOKS,244,244
2006,APRIL,GREEN LAKE,GREEN LAKE TOWN WARDS 1 - 3,SPRING GENERAL,JUSTICE OF THE SUPREME COURT,NONPARTISAN,SCATTERING,244,0
2006,APRIL,GREEN LAKE,KINGSTON TOWN WARDS 1 & 2,SPRING GENERAL,JUSTICE OF THE SUPREME COURT,NONPARTISAN,PATRICK CROOKS,123,122
2006,APRIL,GREEN LAKE,KINGSTON TOWN WARDS 1 & 2,SPRING GENERAL,JUSTICE OF THE SUPREME COURT,NONPARTISAN,SCATTERING,123,1
2006,APRIL,GREEN LAKE,MACKFORD TOWN WARD 1,SPRING GENERAL,JUSTICE OF THE SUPREME COURT,NONPARTISAN,PATRICK CROOKS,102,102
2006,APRIL,GREEN LAKE,MACKFORD TOWN WARD 1,SPRING GENERAL,JUSTICE OF THE SUPREME COURT,NONPARTISAN,SCATTERING,102,0
2006,APRIL,GREEN LAKE,MANCHESTER TOWN WARD 1,SPRING GENERAL,JUSTICE OF THE SUPREME COURT,NONPARTISAN,PATRICK CROOKS,128,128
2006,APRIL,GREEN LAKE,MANCHESTER TOWN WARD 1,SPRING GENERAL,JUSTICE OF THE SUPREME COURT,NONPARTISAN,SCATTERING,128,0
2006,APRIL,GREEN LAKE,MARQUETTE TOWN WARDS 1 & 2,SPRING GENERAL,JUSTICE OF THE SUPREME COURT,NONPARTISAN,PATRICK CROOKS,63,63
2006,APRIL,GREEN LAKE,MARQUETTE TOWN WARDS 1 & 2,SPRING GENERAL,JUSTICE OF THE SUPREME COURT,NONPARTISAN,SCATTERING,63,0
2006,APRIL,GREEN LAKE,PRINCETON TOWN WARDS 1 - 4,SPRING GENERAL,JUSTICE OF THE SUPREME COURT,NONPARTISAN,PATRICK CROOKS,96,95
2006,APRIL,GREEN LAKE,PRINCETON TOWN WARDS 1 - 4,SPRING GENERAL,JUSTICE OF THE SUPREME COURT,NONPARTISAN,SCATTERING,96,1
2006,APRIL,GREEN LAKE,ST MARIE TOWN WARD 1,SPRING GENERAL,JUSTICE OF THE SUPREME COURT,NONPARTISAN,PATRICK CROOKS,23,22
2006,APRIL,GREEN LAKE,ST MARIE TOWN WARD 1,SPRING GENERAL,JUSTICE OF THE SUPREME COURT,NONPARTISAN,SCATTERING,23,1
2006,APRIL,GREEN LAKE,SENECA TOWN WARD 1,SPRING GENERAL,JUSTICE OF THE SUPREME COURT,NONPARTISAN,PATRICK CROOKS,30,30
2006,APRIL,GREEN LAKE,SENECA TOWN WARD 1,SPRING GENERAL,JUSTICE OF THE SUPREME COURT,NONPARTISAN,SCATTERING,30,0
2006,APRIL,GREEN LAKE,KINGSTON VILLAGE WARD 1,SPRING GENERAL,JUSTICE OF THE SUPREME COURT,NONPARTISAN,PATRICK CROOKS,58,58
2006,APRIL,GREEN LAKE,KINGSTON VILLAGE WARD 1,SPRING GENERAL,JUSTICE OF THE SUPREME COURT,NONPARTISAN,SCATTERING,58,0
2006,APRIL,GREEN LAKE,MARQUETTE VILLAGE WARD 1,SPRING GENERAL,JUSTICE OF THE SUPREME COURT,NONPARTISAN,PATRICK CROOKS,24,24
2006,APRIL,GREEN LAKE,MARQUETTE VILLAGE WARD 1,SPRING GENERAL,JUSTICE OF THE SUPREME COURT,NONPARTISAN,SCATTERING,24,0
2006,APRIL,GREEN LAKE,"BERLIN CITY WARDS 1 - 6, 8 - 10",SPRING GENERAL,JUSTICE OF THE SUPREME COURT,NONPARTISAN,PATRICK CROOKS,338,337
2006,APRIL,GREEN LAKE,"BERLIN CITY WARDS 1 - 6, 8 - 10",SPRING GENERAL,JUSTICE OF THE SUPREME COURT,NONPARTISAN,SCATTERING,338,1
2006,APRIL,GREEN LAKE,GREEN LAKE CITY WARDS 1 - 6,SPRING GENERAL,JUSTICE OF THE SUPREME COURT,NONPARTISAN,PATRICK CROOKS,331,329
2006,APRIL,GREEN LAKE,GREEN LAKE CITY WARDS 1 - 6,SPRING GENERAL,JUSTICE OF THE SUPREME COURT,NONPARTISAN,SCATTERING,331,2
2006,APRIL,GREEN LAKE,MARKESAN CITY WARDS 1 - 3,SPRING GENERAL,JUSTICE OF THE SUPREME COURT,NONPARTISAN,PATRICK CROOKS,273,272
2006,APRIL,GREEN LAKE,MARKESAN CITY WARDS 1 - 3,SPRING GENERAL,JUSTICE OF THE SUPREME COURT,NONPARTISAN,SCATTERING,273,1
2006,APRIL,GREEN LAKE,PRINCETON CITY WARDS 1 - 4,SPRING GENERAL,JUSTICE OF THE SUPREME COURT,NONPARTISAN,PATRICK CROOKS,313,309
2006,APRIL,GREEN LAKE,PRINCETON CITY WARDS 1 - 4,SPRING GENERAL,JUSTICE OF THE SUPREME COURT,NONPARTISAN,SCATTERING,313,4
2006,APRIL,IOWA,ARENA TOWN WARDS 1 & 2,SPRING GENERAL,JUSTICE OF THE SUPREME COURT,NONPARTISAN,PATRICK CROOKS,323,323
2006,APRIL,IOWA,ARENA TOWN WARDS 1 & 2,SPRING GENERAL,JUSTICE OF THE SUPREME COURT,NONPARTISAN,SCATTERING,323,0
2006,APRIL,IOWA,BRIGHAM TOWN WARDS 1 - 3,SPRING GENERAL,JUSTICE OF THE SUPREME COURT,NONPARTISAN,PATRICK CROOKS,47,47
2006,APRIL,IOWA,BRIGHAM TOWN WARDS 1 - 3,SPRING GENERAL,JUSTICE OF THE SUPREME COURT,NONPARTISAN,SCATTERING,47,0
2006,APRIL,IOWA,CLYDE TOWN WARDS 1 - 3,SPRING GENERAL,JUSTICE OF THE SUPREME COURT,NONPARTISAN,PATRICK CROOKS,86,86
2006,APRIL,IOWA,CLYDE TOWN WARDS 1 - 3,SPRING GENERAL,JUSTICE OF THE SUPREME COURT,NONPARTISAN,SCATTERING,86,0
2006,APRIL,IOWA,DODGEVILLE TOWN WARDS 1 - 3,SPRING GENERAL,JUSTICE OF THE SUPREME COURT,NONPARTISAN,PATRICK CROOKS,186,186
2006,APRIL,IOWA,DODGEVILLE TOWN WARDS 1 - 3,SPRING GENERAL,JUSTICE OF THE SUPREME COURT,NONPARTISAN,SCATTERING,186,0
2006,APRIL,IOWA,EDEN TOWN WARD 1,SPRING GENERAL,JUSTICE OF THE SUPREME COURT,NONPARTISAN,PATRICK CROOKS,24,24
2006,APRIL,IOWA,EDEN TOWN WARD 1,SPRING GENERAL,JUSTICE OF THE SUPREME COURT,NONPARTISAN,SCATTERING,24,0
2006,APRIL,IOWA,HIGHLAND TOWN WARDS 1 & 2,SPRING GENERAL,JUSTICE OF THE SUPREME COURT,NONPARTISAN,PATRICK CROOKS,33,33
2006,APRIL,IOWA,HIGHLAND TOWN WARDS 1 & 2,SPRING GENERAL,JUSTICE OF THE SUPREME COURT,NONPARTISAN,SCATTERING,33,0
2006,APRIL,IOWA,LINDEN TOWN WARDS 1 - 3,SPRING GENERAL,JUSTICE OF THE SUPREME COURT,NONPARTISAN,PATRICK CROOKS,47,47
2006,APRIL,IOWA,LINDEN TOWN WARDS 1 - 3,SPRING GENERAL,JUSTICE OF THE SUPREME COURT,NONPARTISAN,SCATTERING,47,0
2006,APRIL,IOWA,MIFFLIN TOWN WARDS 1 & 2,SPRING GENERAL,JUSTICE OF THE SUPREME COURT,NONPARTISAN,PATRICK CROOKS,50,50
2006,APRIL,IOWA,MIFFLIN TOWN WARDS 1 & 2,SPRING GENERAL,JUSTICE OF THE SUPREME COURT,NONPARTISAN,SCATTERING,50,0
2006,APRIL,IOWA,MINERAL POINT TOWN WARDS 1 & 2,SPRING GENERAL,JUSTICE OF THE SUPREME COURT,NONPARTISAN,PATRICK CROOKS,115,115
2006,APRIL,IOWA,MINERAL POINT TOWN WARDS 1 & 2,SPRING GENERAL,JUSTICE OF THE SUPREME COURT,NONPARTISAN,SCATTERING,115,0
2006,APRIL,IOWA,MOSCOW TOWN WARDS 1 & 2,SPRING GENERAL,JUSTICE OF THE SUPREME COURT,NONPARTISAN,PATRICK CROOKS,23,23
2006,APRIL,IOWA,MOSCOW TOWN WARDS 1 & 2,SPRING GENERAL,JUSTICE OF THE SUPREME COURT,NONPARTISAN,SCATTERING,23,0
2006,APRIL,IOWA,PULASKI TOWN WARD 1,SPRING GENERAL,JUSTICE OF THE SUPREME COURT,NONPARTISAN,PATRICK CROOKS,23,23
2006,APRIL,IOWA,PULASKI TOWN WARD 1,SPRING GENERAL,JUSTICE OF THE SUPREME COURT,NONPARTISAN,SCATTERING,23,0
2006,APRIL,IOWA,RIDGEWAY TOWN WARDS 1 & 2,SPRING GENERAL,JUSTICE OF THE SUPREME COURT,NONPARTISAN,PATRICK CROOKS,46,46
2006,APRIL,IOWA,RIDGEWAY TOWN WARDS 1 & 2,SPRING GENERAL,JUSTICE OF THE SUPREME COURT,NONPARTISAN,SCATTERING,46,0
2006,APRIL,IOWA,WALDWICK TOWN WARD 1,SPRING GENERAL,JUSTICE OF THE SUPREME COURT,NONPARTISAN,PATRICK CROOKS,53,53
2006,APRIL,IOWA,WALDWICK TOWN WARD 1,SPRING GENERAL,JUSTICE OF THE SUPREME COURT,NONPARTISAN,SCATTERING,53,0
2006,APRIL,IOWA,WYOMING TOWN WARD 1,SPRING GENERAL,JUSTICE OF THE SUPREME COURT,NONPARTISAN,PATRICK CROOKS,99,99
2006,APRIL,IOWA,WYOMING TOWN WARD 1,SPRING GENERAL,JUSTICE OF THE SUPREME COURT,NONPARTISAN,SCATTERING,99,0
2006,APRIL,IOWA,ARENA VILLAGE WARD 1,SPRING GENERAL,JUSTICE OF THE SUPREME COURT,NONPARTISAN,PATRICK CROOKS,131,130
2006,APRIL,IOWA,ARENA VILLAGE WARD 1,SPRING GENERAL,JUSTICE OF THE SUPREME COURT,NONPARTISAN,SCATTERING,131,1
2006,APRIL,IOWA,AVOCA VILLAGE WARD 1,SPRING GENERAL,JUSTICE OF THE SUPREME COURT,NONPARTISAN,PATRICK CROOKS,32,32
2006,APRIL,IOWA,AVOCA VILLAGE WARD 1,SPRING GENERAL,JUSTICE OF THE SUPREME COURT,NONPARTISAN,SCATTERING,32,0
2006,APRIL,IOWA,BARNEVELD VILLAGE WARDS 1 & 2,SPRING GENERAL,JUSTICE OF THE SUPREME COURT,NONPARTISAN,PATRICK CROOKS,111,110
2006,APRIL,IOWA,BARNEVELD VILLAGE WARDS 1 & 2,SPRING GENERAL,JUSTICE OF THE SUPREME COURT,NONPARTISAN,SCATTERING,111,1
2006,APRIL,IOWA,BLANCHARDVILLE VILLAGE WARD 2,SPRING GENERAL,JUSTICE OF THE SUPREME COURT,NONPARTISAN,PATRICK CROOKS,7,7
2006,APRIL,IOWA,BLANCHARDVILLE VILLAGE WARD 2,SPRING GENERAL,JUSTICE OF THE SUPREME COURT,NONPARTISAN,SCATTERING,7,0
2006,APRIL,IOWA,COBB VILLAGE WARD 1,SPRING GENERAL,JUSTICE OF THE SUPREME COURT,NONPARTISAN,PATRICK CROOKS,41,41
2006,APRIL,IOWA,COBB VILLAGE WARD 1,SPRING GENERAL,JUSTICE OF THE SUPREME COURT,NONPARTISAN,SCATTERING,41,0
2006,APRIL,IOWA,HIGHLAND VILLAGE WARD 1,SPRING GENERAL,JUSTICE OF THE SUPREME COURT,NONPARTISAN,PATRICK CROOKS,81,81
2006,APRIL,IOWA,HIGHLAND VILLAGE WARD 1,SPRING GENERAL,JUSTICE OF THE SUPREME COURT,NONPARTISAN,SCATTERING,81,0
2006,APRIL,IOWA,HOLLANDALE VILLAGE WARD 1,SPRING GENERAL,JUSTICE OF THE SUPREME COURT,NONPARTISAN,PATRICK CROOKS,71,71
2006,APRIL,IOWA,HOLLANDALE VILLAGE WARD 1,SPRING GENERAL,JUSTICE OF THE SUPREME COURT,NONPARTISAN,SCATTERING,71,0
2006,APRIL,IOWA,LINDEN VILLAGE WARD 1,SPRING GENERAL,JUSTICE OF THE SUPREME COURT,NONPARTISAN,PATRICK CROOKS,32,32
2006,APRIL,IOWA,LINDEN VILLAGE WARD 1,SPRING GENERAL,JUSTICE OF THE SUPREME COURT,NONPARTISAN,SCATTERING,32,0
2006,APRIL,IOWA,LIVINGSTON VILLAGE WARD 2,SPRING GENERAL,JUSTICE OF THE SUPREME COURT,NONPARTISAN,PATRICK CROOKS,3,3
2006,APRIL,IOWA,LIVINGSTON VILLAGE WARD 2,SPRING GENERAL,JUSTICE OF THE SUPREME COURT,NONPARTISAN,SCATTERING,3,0
2006,APRIL,IOWA,MONTFORT VILLAGE WARD 2,SPRING GENERAL,JUSTICE OF THE SUPREME COURT,NONPARTISAN,PATRICK CROOKS,13,13
2006,APRIL,IOWA,MONTFORT VILLAGE WARD 2,SPRING GENERAL,JUSTICE OF THE SUPREME COURT,NONPARTISAN,SCATTERING,13,0
2006,APRIL,IOWA,MUSCODA VILLAGE WARD 3,SPRING GENERAL,JUSTICE OF THE SUPREME COURT,NONPARTISAN,PATRICK CROOKS,0,0
2006,APRIL,IOWA,MUSCODA VILLAGE WARD 3,SPRING GENERAL,JUSTICE OF THE SUPREME COURT,NONPARTISAN,SCATTERING,0,0
2006,APRIL,IOWA,REWEY VILLAGE WARD 1,SPRING GENERAL,JUSTICE OF THE SUPREME COURT,NONPARTISAN,PATRICK CROOKS,50,50
2006,APRIL,IOWA,REWEY VILLAGE WARD 1,SPRING GENERAL,JUSTICE OF THE SUPREME COURT,NONPARTISAN,SCATTERING,50,0
2006,APRIL,IOWA,RIDGEWAY VILLAGE WARD 1,SPRING GENERAL,JUSTICE OF THE SUPREME COURT,NONPARTISAN,PATRICK CROOKS,87,87
2006,APRIL,IOWA,RIDGEWAY VILLAGE WARD 1,SPRING GENERAL,JUSTICE OF THE SUPREME COURT,NONPARTISAN,SCATTERING,87,0
2006,APRIL,IOWA,DODGEVILLE CITY WARDS 1 & 2,SPRING GENERAL,JUSTICE OF THE SUPREME COURT,NONPARTISAN,PATRICK CROOKS,72,72
2006,APRIL,IOWA,DODGEVILLE CITY WARDS 1 & 2,SPRING GENERAL,JUSTICE OF THE SUPREME COURT,NONPARTISAN,SCATTERING,72,0
2006,APRIL,IOWA,DODGEVILLE CITY WARDS 3 & 4,SPRING GENERAL,JUSTICE OF THE SUPREME COURT,NONPARTISAN,PATRICK CROOKS,54,54
2006,APRIL,IOWA,DODGEVILLE CITY WARDS 3 & 4,SPRING GENERAL,JUSTICE OF THE SUPREME COURT,NONPARTISAN,SCATTERING,54,0
2006,APRIL,IOWA,DODGEVILLE CITY WARDS 5 & 6,SPRING GENERAL,JUSTICE OF THE SUPREME COURT,NONPARTISAN,PATRICK CROOKS,49,49
2006,APRIL,IOWA,DODGEVILLE CITY WARDS 5 & 6,SPRING GENERAL,JUSTICE OF THE SUPREME COURT,NONPARTISAN,SCATTERING,49,0
2006,APRIL,IOWA,DODGEVILLE CITY WARDS 7 & 8,SPRING GENERAL,JUSTICE OF THE SUPREME COURT,NONPARTISAN,PATRICK CROOKS,48,48
2006,APRIL,IOWA,DODGEVILLE CITY WARDS 7 & 8,SPRING GENERAL,JUSTICE OF THE SUPREME COURT,NONPARTISAN,SCATTERING,48,0
2006,APRIL,IOWA,MINERAL POINT CITY WARD 1,SPRING GENERAL,JUSTICE OF THE SUPREME COURT,NONPARTISAN,PATRICK CROOKS,107,106
2006,APRIL,IOWA,MINERAL POINT CITY WARD 1,SPRING GENERAL,JUSTICE OF THE SUPREME COURT,NONPARTISAN,SCATTERING,107,1
2006,APRIL,IOWA,MINERAL POINT CITY WARD 2,SPRING GENERAL,JUSTICE OF THE SUPREME COURT,NONPARTISAN,PATRICK CROOKS,102,102
2006,APRIL,IOWA,MINERAL POINT CITY WARD 2,SPRING GENERAL,JUSTICE OF THE SUPREME COURT,NONPARTISAN,SCATTERING,102,0
2006,APRIL,IOWA,MINERAL POINT CITY WARDS 3 & 4,SPRING GENERAL,JUSTICE OF THE SUPREME COURT,NONPARTISAN,PATRICK CROOKS,154,154
2006,APRIL,IOWA,MINERAL POINT CITY WARDS 3 & 4,SPRING GENERAL,JUSTICE OF THE SUPREME COURT,NONPARTISAN,SCATTERING,154,0
2006,APRIL,IOWA,MINERAL POINT CITY WARDS 5 & 6,SPRING GENERAL,JUSTICE OF THE SUPREME COURT,NONPARTISAN,PATRICK CROOKS,84,84
2006,APRIL,IOWA,MINERAL POINT CITY WARDS 5 & 6,SPRING GENERAL,JUSTICE OF THE SUPREME COURT,NONPARTISAN,SCATTERING,84,0
2006,APRIL,IRON,ANDERSON TOWN WARD 1,SPRING GENERAL,JUSTICE OF THE SUPREME COURT,NONPARTISAN,PATRICK CROOKS,16,16
2006,APRIL,IRON,ANDERSON TOWN WARD 1,SPRING GENERAL,JUSTICE OF THE SUPREME COURT,NONPARTISAN,SCATTERING,16,0
2006,APRIL,IRON,CAREY TOWN WARD 1,SPRING GENERAL,JUSTICE OF THE SUPREME COURT,NONPARTISAN,PATRICK CROOKS,33,33
2006,APRIL,IRON,CAREY TOWN WARD 1,SPRING GENERAL,JUSTICE OF THE SUPREME COURT,NONPARTISAN,SCATTERING,33,0
2006,APRIL,IRON,GURNEY TOWN WARD 1,SPRING GENERAL,JUSTICE OF THE SUPREME COURT,NONPARTISAN,PATRICK CROOKS,33,33
2006,APRIL,IRON,GURNEY TOWN WARD 1,SPRING GENERAL,JUSTICE OF THE SUPREME COURT,NONPARTISAN,SCATTERING,33,0
2006,APRIL,IRON,KIMBALL TOWN WARD 1,SPRING GENERAL,JUSTICE OF THE SUPREME COURT,NONPARTISAN,PATRICK CROOKS,109,109
2006,APRIL,IRON,KIMBALL TOWN WARD 1,SPRING GENERAL,JUSTICE OF THE SUPREME COURT,NONPARTISAN,SCATTERING,109,0
2006,APRIL,IRON,KNIGHT TOWN WARD 1,SPRING GENERAL,JUSTICE OF THE SUPREME COURT,NONPARTISAN,PATRICK CROOKS,55,55
2006,APRIL,IRON,KNIGHT TOWN WARD 1,SPRING GENERAL,JUSTICE OF THE SUPREME COURT,NONPARTISAN,SCATTERING,55,0
2006,APRIL,IRON,MERCER TOWN WARD 1,SPRING GENERAL,JUSTICE OF THE SUPREME COURT,NONPARTISAN,PATRICK CROOKS,158,156
2006,APRIL,IRON,MERCER TOWN WARD 1,SPRING GENERAL,JUSTICE OF THE SUPREME COURT,NONPARTISAN,SCATTERING,158,2
2006,APRIL,IRON,MERCER TOWN WARD 2,SPRING GENERAL,JUSTICE OF THE SUPREME COURT,NONPARTISAN,PATRICK CROOKS,161,160
2006,APRIL,IRON,MERCER TOWN WARD 2,SPRING GENERAL,JUSTICE OF THE SUPREME COURT,NONPARTISAN,SCATTERING,161,1
2006,APRIL,IRON,MERCER TOWN WARD 3,SPRING GENERAL,JUSTICE OF THE SUPREME COURT,NONPARTISAN,PATRICK CROOKS,143,142
2006,APRIL,IRON,MERCER TOWN WARD 3,SPRING GENERAL,JUSTICE OF THE SUPREME COURT,NONPARTISAN,SCATTERING,143,1
2006,APRIL,IRON,MERCER TOWN WARD 4,SPRING GENERAL,JUSTICE OF THE SUPREME COURT,NONPARTISAN,PATRICK CROOKS,129,128
2006,APRIL,IRON,MERCER TOWN WARD 4,SPRING GENERAL,JUSTICE OF THE SUPREME COURT,NONPARTISAN,SCATTERING,129,1
2006,APRIL,IRON,OMA TOWN WARD 1,SPRING GENERAL,JUSTICE OF THE SUPREME COURT,NONPARTISAN,PATRICK CROOKS,67,67
2006,APRIL,IRON,OMA TOWN WARD 1,SPRING GENERAL,JUSTICE OF THE SUPREME COURT,NONPARTISAN,SCATTERING,67,0
2006,APRIL,IRON,PENCE TOWN WARD 1,SPRING GENERAL,JUSTICE OF THE SUPREME COURT,NONPARTISAN,PATRICK CROOKS,43,43
2006,APRIL,IRON,PENCE TOWN WARD 1,SPRING GENERAL,JUSTICE OF THE SUPREME COURT,NONPARTISAN,SCATTERING,43,0
2006,APRIL,IRON,SAXON TOWN WARD 1,SPRING GENERAL,JUSTICE OF THE SUPREME COURT,NONPARTISAN,PATRICK CROOKS,100,100
2006,APRIL,IRON,SAXON TOWN WARD 1,SPRING GENERAL,JUSTICE OF THE SUPREME COURT,NONPARTISAN,SCATTERING,100,0
2006,APRIL,IRON,SHERMAN TOWN WARD 1,SPRING GENERAL,JUSTICE OF THE SUPREME COURT,NONPARTISAN,PATRICK CROOKS,117,116
2006,APRIL,IRON,SHERMAN TOWN WARD 1,SPRING GENERAL,JUSTICE OF THE SUPREME COURT,NONPARTISAN,SCATTERING,117,1
2006,APRIL,IRON,HURLEY CITY WARD 1,SPRING GENERAL,JUSTICE OF THE SUPREME COURT,NONPARTISAN,PATRICK CROOKS,88,87
2006,APRIL,IRON,HURLEY CITY WARD 1,SPRING GENERAL,JUSTICE OF THE SUPREME COURT,NONPARTISAN,SCATTERING,88,1
2006,APRIL,IRON,HURLEY CITY WARD 2,SPRING GENERAL,JUSTICE OF THE SUPREME COURT,NONPARTISAN,PATRICK CROOKS,77,77
2006,APRIL,IRON,HURLEY CITY WARD 2,SPRING GENERAL,JUSTICE OF THE SUPREME COURT,NONPARTISAN,SCATTERING,77,0
2006,APRIL,IRON,HURLEY CITY WARD 3,SPRING GENERAL,JUSTICE OF THE SUPREME COURT,NONPARTISAN,PATRICK CROOKS,77,76
2006,APRIL,IRON,HURLEY CITY WARD 3,SPRING GENERAL,JUSTICE OF THE SUPREME COURT,NONPARTISAN,SCATTERING,77,1
2006,APRIL,IRON,HURLEY CITY WARD 4,SPRING GENERAL,JUSTICE OF THE SUPREME COURT,NONPARTISAN,PATRICK CROOKS,68,68
2006,APRIL,IRON,HURLEY CITY WARD 4,SPRING GENERAL,JUSTICE OF THE SUPREME COURT,NONPARTISAN,SCATTERING,68,0
2006,APRIL,IRON,MONTREAL CITY WARD 1,SPRING GENERAL,JUSTICE OF THE SUPREME COURT,NONPARTISAN,PATRICK CROOKS,143,141
2006,APRIL,IRON,MONTREAL CITY WARD 1,SPRING GENERAL,JUSTICE OF THE SUPREME COURT,NONPARTISAN,SCATTERING,143,2
2006,APRIL,IRON,MONTREAL CITY WARD 2,SPRING GENERAL,JUSTICE OF THE SUPREME COURT,NONPARTISAN,PATRICK CROOKS,85,85
2006,APRIL,IRON,MONTREAL CITY WARD 2,SPRING GENERAL,JUSTICE OF THE SUPREME COURT,NONPARTISAN,SCATTERING,85,0
2006,APRIL,JACKSON,ADAMS TOWN WARD 1,SPRING GENERAL,JUSTICE OF THE SUPREME COURT,NONPARTISAN,PATRICK CROOKS,28,28
2006,APRIL,JACKSON,ADAMS TOWN WARD 1,SPRING GENERAL,JUSTICE OF THE SUPREME COURT,NONPARTISAN,SCATTERING,28,0
2006,APRIL,JACKSON,ADAMS TOWN WARD 2,SPRING GENERAL,JUSTICE OF THE SUPREME COURT,NONPARTISAN,PATRICK CROOKS,52,52
2006,APRIL,JACKSON,ADAMS TOWN WARD 2,SPRING GENERAL,JUSTICE OF THE SUPREME COURT,NONPARTISAN,SCATTERING,52,0
2006,APRIL,JACKSON,ADAMS TOWN WARD 3,SPRING GENERAL,JUSTICE OF THE SUPREME COURT,NONPARTISAN,PATRICK CROOKS,17,17
2006,APRIL,JACKSON,ADAMS TOWN WARD 3,SPRING GENERAL,JUSTICE OF THE SUPREME COURT,NONPARTISAN,SCATTERING,17,0
2006,APRIL,JACKSON,ADAMS TOWN WARD 4,SPRING GENERAL,JUSTICE OF THE SUPREME COURT,NONPARTISAN,PATRICK CROOKS,11,11
2006,APRIL,JACKSON,ADAMS TOWN WARD 4,SPRING GENERAL,JUSTICE OF THE SUPREME COURT,NONPARTISAN,SCATTERING,11,0
2006,APRIL,JACKSON,ALBION TOWN WARD 1,SPRING GENERAL,JUSTICE OF THE SUPREME COURT,NONPARTISAN,PATRICK CROOKS,62,62
2006,APRIL,JACKSON,ALBION TOWN WARD 1,SPRING GENERAL,JUSTICE OF THE SUPREME COURT,NONPARTISAN,SCATTERING,62,0
2006,APRIL,JACKSON,ALBION TOWN WARD 2,SPRING GENERAL,JUSTICE OF THE SUPREME COURT,NONPARTISAN,PATRICK CROOKS,1,1
2006,APRIL,JACKSON,ALBION TOWN WARD 2,SPRING GENERAL,JUSTICE OF THE SUPREME COURT,NONPARTISAN,SCATTERING,1,0
2006,APRIL,JACKSON,ALBION TOWN WARD 3,SPRING GENERAL,JUSTICE OF THE SUPREME COURT,NONPARTISAN,PATRICK CROOKS,8,8
2006,APRIL,JACKSON,ALBION TOWN WARD 3,SPRING GENERAL,JUSTICE OF THE SUPREME COURT,NONPARTISAN,SCATTERING,8,0
2006,APRIL,JACKSON,ALBION TOWN WARD 4,SPRING GENERAL,JUSTICE OF THE SUPREME COURT,NONPARTISAN,PATRICK CROOKS,3,3
2006,APRIL,JACKSON,ALBION TOWN WARD 4,SPRING GENERAL,JUSTICE OF THE SUPREME COURT,NONPARTISAN,SCATTERING,3,0
2006,APRIL,JACKSON,ALMA TOWN WARD 1,SPRING GENERAL,JUSTICE OF THE SUPREME COURT,NONPARTISAN,PATRICK CROOKS,40,40
2006,APRIL,JACKSON,ALMA TOWN WARD 1,SPRING GENERAL,JUSTICE OF THE SUPREME COURT,NONPARTISAN,SCATTERING,40,0
2006,APRIL,JACKSON,ALMA TOWN WARD 2,SPRING GENERAL,JUSTICE OF THE SUPREME COURT,NONPARTISAN,PATRICK CROOKS,31,31
2006,APRIL,JACKSON,ALMA TOWN WARD 2,SPRING GENERAL,JUSTICE OF THE SUPREME COURT,NONPARTISAN,SCATTERING,31,0
2006,APRIL,JACKSON,BEAR BLUFF TOWN WARD 1,SPRING GENERAL,JUSTICE OF THE SUPREME COURT,NONPARTISAN,PATRICK CROOKS,12,12
2006,APRIL,JACKSON,BEAR BLUFF TOWN WARD 1,SPRING GENERAL,JUSTICE OF THE SUPREME COURT,NONPARTISAN,SCATTERING,12,0
2006,APRIL,JACKSON,BROCKWAY TOWN WARD 1,SPRING GENERAL,JUSTICE OF THE SUPREME COURT,NONPARTISAN,PATRICK CROOKS,110,110
2006,APRIL,JACKSON,BROCKWAY TOWN WARD 1,SPRING GENERAL,JUSTICE OF THE SUPREME COURT,NONPARTISAN,SCATTERING,110,0
2006,APRIL,JACKSON,BROCKWAY TOWN WARD 2,SPRING GENERAL,JUSTICE OF THE SUPREME COURT,NONPARTISAN,PATRICK CROOKS,2,2
2006,APRIL,JACKSON,BROCKWAY TOWN WARD 2,SPRING GENERAL,JUSTICE OF THE SUPREME COURT,NONPARTISAN,SCATTERING,2,0
2006,APRIL,JACKSON,BROCKWAY TOWN WARD 3,SPRING GENERAL,JUSTICE OF THE SUPREME COURT,NONPARTISAN,PATRICK CROOKS,6,6
2006,APRIL,JACKSON,BROCKWAY TOWN WARD 3,SPRING GENERAL,JUSTICE OF THE SUPREME COURT,NONPARTISAN,SCATTERING,6,0
2006,APRIL,JACKSON,BROCKWAY TOWN WARD 4,SPRING GENERAL,JUSTICE OF THE SUPREME COURT,NONPARTISAN,PATRICK CROOKS,3,3
2006,APRIL,JACKSON,BROCKWAY TOWN WARD 4,SPRING GENERAL,JUSTICE OF THE SUPREME COURT,NONPARTISAN,SCATTERING,3,0
2006,APRIL,JACKSON,BROCKWAY TOWN WARD 5,SPRING GENERAL,JUSTICE OF THE SUPREME COURT,NONPARTISAN,PATRICK CROOKS,16,16
2006,APRIL,JACKSON,BROCKWAY TOWN WARD 5,SPRING GENERAL,JUSTICE OF THE SUPREME COURT,NONPARTISAN,SCATTERING,16,0
2006,APRIL,JACKSON,BROCKWAY TOWN WARD 6,SPRING GENERAL,JUSTICE OF THE SUPREME COURT,NONPARTISAN,PATRICK CROOKS,6,6
2006,APRIL,JACKSON,BROCKWAY TOWN WARD 6,SPRING GENERAL,JUSTICE OF THE SUPREME COURT,NONPARTISAN,SCATTERING,6,0
2006,APRIL,JACKSON,CITY POINT TOWN WARD 1,SPRING GENERAL,JUSTICE OF THE SUPREME COURT,NONPARTISAN,PATRICK CROOKS,30,30
2006,APRIL,JACKSON,CITY POINT TOWN WARD 1,SPRING GENERAL,JUSTICE OF THE SUPREME COURT,NONPARTISAN,SCATTERING,30,0
2006,APRIL,JACKSON,CLEVELAND TOWN WARD 1,SPRING GENERAL,JUSTICE OF THE SUPREME COURT,NONPARTISAN,PATRICK CROOKS,59,59
2006,APRIL,JACKSON,CLEVELAND TOWN WARD 1,SPRING GENERAL,JUSTICE OF THE SUPREME COURT,NONPARTISAN,SCATTERING,59,0
2006,APRIL,JACKSON,CURRAN TOWN WARD 1,SPRING GENERAL,JUSTICE OF THE SUPREME COURT,NONPARTISAN,PATRICK CROOKS,34,34
2006,APRIL,JACKSON,CURRAN TOWN WARD 1,SPRING GENERAL,JUSTICE OF THE SUPREME COURT,NONPARTISAN,SCATTERING,34,0
2006,APRIL,JACKSON,FRANKLIN TOWN WARD 1,SPRING GENERAL,JUSTICE OF THE SUPREME COURT,NONPARTISAN,PATRICK CROOKS,26,26
2006,APRIL,JACKSON,FRANKLIN TOWN WARD 1,SPRING GENERAL,JUSTICE OF THE SUPREME COURT,NONPARTISAN,SCATTERING,26,0
2006,APRIL,JACKSON,GARDEN VALLEY TOWN WARD 1,SPRING GENERAL,JUSTICE OF THE SUPREME COURT,NONPARTISAN,PATRICK CROOKS,39,39
2006,APRIL,JACKSON,GARDEN VALLEY TOWN WARD 1,SPRING GENERAL,JUSTICE OF THE SUPREME COURT,NONPARTISAN,SCATTERING,39,0
2006,APRIL,JACKSON,GARFIELD TOWN WARD 1,SPRING GENERAL,JUSTICE OF THE SUPREME COURT,NONPARTISAN,PATRICK CROOKS,87,86
2006,APRIL,JACKSON,GARFIELD TOWN WARD 1,SPRING GENERAL,JUSTICE OF THE SUPREME COURT,NONPARTISAN,SCATTERING,87,1
2006,APRIL,JACKSON,HIXTON TOWN WARD 1,SPRING GENERAL,JUSTICE OF THE SUPREME COURT,NONPARTISAN,PATRICK CROOKS,42,42
2006,APRIL,JACKSON,HIXTON TOWN WARD 1,SPRING GENERAL,JUSTICE OF THE SUPREME COURT,NONPARTISAN,SCATTERING,42,0
2006,APRIL,JACKSON,HIXTON TOWN WARD 2,SPRING GENERAL,JUSTICE OF THE SUPREME COURT,NONPARTISAN,PATRICK CROOKS,19,19
2006,APRIL,JACKSON,HIXTON TOWN WARD 2,SPRING GENERAL,JUSTICE OF THE SUPREME COURT,NONPARTISAN,SCATTERING,19,0
2006,APRIL,JACKSON,IRVING TOWN WARD 1,SPRING GENERAL,JUSTICE OF THE SUPREME COURT,NONPARTISAN,PATRICK CROOKS,31,31
2006,APRIL,JACKSON,IRVING TOWN WARD 1,SPRING GENERAL,JUSTICE OF THE SUPREME COURT,NONPARTISAN,SCATTERING,31,0
2006,APRIL,JACKSON,IRVING TOWN WARD 2,SPRING GENERAL,JUSTICE OF THE SUPREME COURT,NONPARTISAN,PATRICK CROOKS,14,14
2006,APRIL,JACKSON,IRVING TOWN WARD 2,SPRING GENERAL,JUSTICE OF THE SUPREME COURT,NONPARTISAN,SCATTERING,14,0
2006,APRIL,JACKSON,KNAPP TOWN WARD 1,SPRING GENERAL,JUSTICE OF THE SUPREME COURT,NONPARTISAN,PATRICK CROOKS,21,21
2006,APRIL,JACKSON,KNAPP TOWN WARD 1,SPRING GENERAL,JUSTICE OF THE SUPREME COURT,NONPARTISAN,SCATTERING,21,0
2006,APRIL,JACKSON,KOMENSKY TOWN WARD 1,SPRING GENERAL,JUSTICE OF THE SUPREME COURT,NONPARTISAN,PATRICK CROOKS,10,10
2006,APRIL,JACKSON,KOMENSKY TOWN WARD 1,SPRING GENERAL,JUSTICE OF THE SUPREME COURT,NONPARTISAN,SCATTERING,10,0
2006,APRIL,JACKSON,MANCHESTER TOWN WARD 1,SPRING GENERAL,JUSTICE OF THE SUPREME COURT,NONPARTISAN,PATRICK CROOKS,35,35
2006,APRIL,JACKSON,MANCHESTER TOWN WARD 1,SPRING GENERAL,JUSTICE OF THE SUPREME COURT,NONPARTISAN,SCATTERING,35,0
2006,APRIL,JACKSON,MELROSE TOWN WARD 1,SPRING GENERAL,JUSTICE OF THE SUPREME COURT,NONPARTISAN,PATRICK CROOKS,6,6
2006,APRIL,JACKSON,MELROSE TOWN WARD 1,SPRING GENERAL,JUSTICE OF THE SUPREME COURT,NONPARTISAN,SCATTERING,6,0
2006,APRIL,JACKSON,MELROSE TOWN WARD 2,SPRING GENERAL,JUSTICE OF THE SUPREME COURT,NONPARTISAN,PATRICK CROOKS,9,9
2006,APRIL,JACKSON,MELROSE TOWN WARD 2,SPRING GENERAL,JUSTICE OF THE SUPREME COURT,NONPARTISAN,SCATTERING,9,0
2006,APRIL,JACKSON,MILLSTON TOWN WARD 1,SPRING GENERAL,JUSTICE OF THE SUPREME COURT,NONPARTISAN,PATRICK CROOKS,11,11
2006,APRIL,JACKSON,MILLSTON TOWN WARD 1,SPRING GENERAL,JUSTICE OF THE SUPREME COURT,NONPARTISAN,SCATTERING,11,0
2006,APRIL,JACKSON,NORTH BEND TOWN WARD 1,SPRING GENERAL,JUSTICE OF THE SUPREME COURT,NONPARTISAN,PATRICK CROOKS,27,27
2006,APRIL,JACKSON,NORTH BEND TOWN WARD 1,SPRING GENERAL,JUSTICE OF THE SUPREME COURT,NONPARTISAN,SCATTERING,27,0
2006,APRIL,JACKSON,NORTHFIELD TOWN WARD 1,SPRING GENERAL,JUSTICE OF THE SUPREME COURT,NONPARTISAN,PATRICK CROOKS,61,61
2006,APRIL,JACKSON,NORTHFIELD TOWN WARD 1,SPRING GENERAL,JUSTICE OF THE SUPREME COURT,NONPARTISAN,SCATTERING,61,0
2006,APRIL,JACKSON,SPRINGFIELD TOWN WARD 1,SPRING GENERAL,JUSTICE OF THE SUPREME COURT,NONPARTISAN,PATRICK CROOKS,32,32
2006,APRIL,JACKSON,SPRINGFIELD TOWN WARD 1,SPRING GENERAL,JUSTICE OF THE SUPREME COURT,NONPARTISAN,SCATTERING,32,0
2006,APRIL,JACKSON,SPRINGFIELD TOWN WARD 2,SPRING GENERAL,JUSTICE OF THE SUPREME COURT,NONPARTISAN,PATRICK CROOKS,4,4
2006,APRIL,JACKSON,SPRINGFIELD TOWN WARD 2,SPRING GENERAL,JUSTICE OF THE SUPREME COURT,NONPARTISAN,SCATTERING,4,0
2006,APRIL,JACKSON,ALMA CENTER VILLAGE WARD 1,SPRING GENERAL,JUSTICE OF THE SUPREME COURT,NONPARTISAN,PATRICK CROOKS,43,43
2006,APRIL,JACKSON,ALMA CENTER VILLAGE WARD 1,SPRING GENERAL,JUSTICE OF THE SUPREME COURT,NONPARTISAN,SCATTERING,43,0
2006,APRIL,JACKSON,HIXTON VILLAGE WARD 1,SPRING GENERAL,JUSTICE OF THE SUPREME COURT,NONPARTISAN,PATRICK CROOKS,59,59
2006,APRIL,JACKSON,HIXTON VILLAGE WARD 1,SPRING GENERAL,JUSTICE OF THE SUPREME COURT,NONPARTISAN,SCATTERING,59,0
2006,APRIL,JACKSON,MELROSE VILLAGE WARD 1,SPRING GENERAL,JUSTICE OF THE SUPREME COURT,NONPARTISAN,PATRICK CROOKS,23,23
2006,APRIL,JACKSON,MELROSE VILLAGE WARD 1,SPRING GENERAL,JUSTICE OF THE SUPREME COURT,NONPARTISAN,SCATTERING,23,0
2006,APRIL,JACKSON,MERRILLAN VILLAGE WARD 1,SPRING GENERAL,JUSTICE OF THE SUPREME COURT,NONPARTISAN,PATRICK CROOKS,82,82
2006,APRIL,JACKSON,MERRILLAN VILLAGE WARD 1,SPRING GENERAL,JUSTICE OF THE SUPREME COURT,NONPARTISAN,SCATTERING,82,0
2006,APRIL,JACKSON,TAYLOR VILLAGE WARD 1,SPRING GENERAL,JUSTICE OF THE SUPREME COURT,NONPARTISAN,PATRICK CROOKS,57,57
2006,APRIL,JACKSON,TAYLOR VILLAGE WARD 1,SPRING GENERAL,JUSTICE OF THE SUPREME COURT,NONPARTISAN,SCATTERING,57,0
2006,APRIL,JACKSON,BLACK RIVER FALLS CITY WARD 1,SPRING GENERAL,JUSTICE OF THE SUPREME COURT,NONPARTISAN,PATRICK CROOKS,58,58
2006,APRIL,JACKSON,BLACK RIVER FALLS CITY WARD 1,SPRING GENERAL,JUSTICE OF THE SUPREME COURT,NONPARTISAN,SCATTERING,58,0
2006,APRIL,JACKSON,BLACK RIVER FALLS CITY WARD 2,SPRING GENERAL,JUSTICE OF THE SUPREME COURT,NONPARTISAN,PATRICK CROOKS,49,49
2006,APRIL,JACKSON,BLACK RIVER FALLS CITY WARD 2,SPRING GENERAL,JUSTICE OF THE SUPREME COURT,NONPARTISAN,SCATTERING,49,0
2006,APRIL,JACKSON,BLACK RIVER FALLS CITY WARD 3,SPRING GENERAL,JUSTICE OF THE SUPREME COURT,NONPARTISAN,PATRICK CROOKS,36,36
2006,APRIL,JACKSON,BLACK RIVER FALLS CITY WARD 3,SPRING GENERAL,JUSTICE OF THE SUPREME COURT,NONPARTISAN,SCATTERING,36,0
2006,APRIL,JACKSON,BLACK RIVER FALLS CITY WARD 4,SPRING GENERAL,JUSTICE OF THE SUPREME COURT,NONPARTISAN,PATRICK CROOKS,65,65
2006,APRIL,JACKSON,BLACK RIVER FALLS CITY WARD 4,SPRING GENERAL,JUSTICE OF THE SUPREME COURT,NONPARTISAN,SCATTERING,65,0
2006,APRIL,JEFFERSON,AZTALAN TOWN WARDS 1 & 2,SPRING GENERAL,JUSTICE OF THE SUPREME COURT,NONPARTISAN,PATRICK CROOKS,87,87
2006,APRIL,JEFFERSON,AZTALAN TOWN WARDS 1 & 2,SPRING GENERAL,JUSTICE OF THE SUPREME COURT,NONPARTISAN,SCATTERING,87,0
2006,APRIL,JEFFERSON,COLD SPRING TOWN WARDS 1 & 2,SPRING GENERAL,JUSTICE OF THE SUPREME COURT,NONPARTISAN,PATRICK CROOKS,62,62
2006,APRIL,JEFFERSON,COLD SPRING TOWN WARDS 1 & 2,SPRING GENERAL,JUSTICE OF THE SUPREME COURT,NONPARTISAN,SCATTERING,62,0
2006,APRIL,JEFFERSON,CONCORD TOWN WARDS 1 - 4,SPRING GENERAL,JUSTICE OF THE SUPREME COURT,NONPARTISAN,PATRICK CROOKS,184,182
2006,APRIL,JEFFERSON,CONCORD TOWN WARDS 1 - 4,SPRING GENERAL,JUSTICE OF THE SUPREME COURT,NONPARTISAN,SCATTERING,184,2
2006,APRIL,JEFFERSON,FARMINGTON TOWN WARDS 1 & 2,SPRING GENERAL,JUSTICE OF THE SUPREME COURT,NONPARTISAN,PATRICK CROOKS,86,85
2006,APRIL,JEFFERSON,FARMINGTON TOWN WARDS 1 & 2,SPRING GENERAL,JUSTICE OF THE SUPREME COURT,NONPARTISAN,SCATTERING,86,1
2006,APRIL,JEFFERSON,HEBRON TOWN WARDS 1 & 2,SPRING GENERAL,JUSTICE OF THE SUPREME COURT,NONPARTISAN,PATRICK CROOKS,141,139
2006,APRIL,JEFFERSON,HEBRON TOWN WARDS 1 & 2,SPRING GENERAL,JUSTICE OF THE SUPREME COURT,NONPARTISAN,SCATTERING,141,2
2006,APRIL,JEFFERSON,IXONIA TOWN WARDS 1 - 4,SPRING GENERAL,JUSTICE OF THE SUPREME COURT,NONPARTISAN,PATRICK CROOKS,149,149
2006,APRIL,JEFFERSON,IXONIA TOWN WARDS 1 - 4,SPRING GENERAL,JUSTICE OF THE SUPREME COURT,NONPARTISAN,SCATTERING,149,0
2006,APRIL,JEFFERSON,JEFFERSON TOWN WARDS 1 - 5,SPRING GENERAL,JUSTICE OF THE SUPREME COURT,NONPARTISAN,PATRICK CROOKS,186,186
2006,APRIL,JEFFERSON,JEFFERSON TOWN WARDS 1 - 5,SPRING GENERAL,JUSTICE OF THE SUPREME COURT,NONPARTISAN,SCATTERING,186,0
2006,APRIL,JEFFERSON,KOSHKONONG TOWN WARDS 1 - 5,SPRING GENERAL,JUSTICE OF THE SUPREME COURT,NONPARTISAN,PATRICK CROOKS,579,577
2006,APRIL,JEFFERSON,KOSHKONONG TOWN WARDS 1 - 5,SPRING GENERAL,JUSTICE OF THE SUPREME COURT,NONPARTISAN,SCATTERING,579,2
2006,APRIL,JEFFERSON,LAKE MILLS TOWN WARDS 1 & 2,SPRING GENERAL,JUSTICE OF THE SUPREME COURT,NONPARTISAN,PATRICK CROOKS,77,76
2006,APRIL,JEFFERSON,LAKE MILLS TOWN WARDS 1 & 2,SPRING GENERAL,JUSTICE OF THE SUPREME COURT,NONPARTISAN,SCATTERING,77,1
2006,APRIL,JEFFERSON,MILFORD TOWN WARDS 1 & 2,SPRING GENERAL,JUSTICE OF THE SUPREME COURT,NONPARTISAN,PATRICK CROOKS,54,54
2006,APRIL,JEFFERSON,MILFORD TOWN WARDS 1 & 2,SPRING GENERAL,JUSTICE OF THE SUPREME COURT,NONPARTISAN,SCATTERING,54,0
2006,APRIL,JEFFERSON,OAKLAND TOWN WARDS 1 - 4,SPRING GENERAL,JUSTICE OF THE SUPREME COURT,NONPARTISAN,PATRICK CROOKS,200,198
2006,APRIL,JEFFERSON,OAKLAND TOWN WARDS 1 - 4,SPRING GENERAL,JUSTICE OF THE SUPREME COURT,NONPARTISAN,SCATTERING,200,2
2006,APRIL,JEFFERSON,PALMYRA TOWN WARDS 1 & 2,SPRING GENERAL,JUSTICE OF THE SUPREME COURT,NONPARTISAN,PATRICK CROOKS,108,106
2006,APRIL,JEFFERSON,PALMYRA TOWN WARDS 1 & 2,SPRING GENERAL,JUSTICE OF THE SUPREME COURT,NONPARTISAN,SCATTERING,108,2
2006,APRIL,JEFFERSON,SULLIVAN TOWN WARDS 1 - 3,SPRING GENERAL,JUSTICE OF THE SUPREME COURT,NONPARTISAN,PATRICK CROOKS,141,140
2006,APRIL,JEFFERSON,SULLIVAN TOWN WARDS 1 - 3,SPRING GENERAL,JUSTICE OF THE SUPREME COURT,NONPARTISAN,SCATTERING,141,1
2006,APRIL,JEFFERSON,SUMNER TOWN WARD 1,SPRING GENERAL,JUSTICE OF THE SUPREME COURT,NONPARTISAN,PATRICK CROOKS,87,87
2006,APRIL,JEFFERSON,SUMNER TOWN WARD 1,SPRING GENERAL,JUSTICE OF THE SUPREME COURT,NONPARTISAN,SCATTERING,87,0
2006,APRIL,JEFFERSON,WATERLOO TOWN WARD 1,SPRING GENERAL,JUSTICE OF THE SUPREME COURT,NONPARTISAN,PATRICK CROOKS,37,37
2006,APRIL,JEFFERSON,WATERLOO TOWN WARD 1,SPRING GENERAL,JUSTICE OF THE SUPREME COURT,NONPARTISAN,SCATTERING,37,0
2006,APRIL,JEFFERSON,WATERTOWN TOWN WARDS 1 & 2,SPRING GENERAL,JUSTICE OF THE SUPREME COURT,NONPARTISAN,PATRICK CROOKS,140,140
2006,APRIL,JEFFERSON,WATERTOWN TOWN WARDS 1 & 2,SPRING GENERAL,JUSTICE OF THE SUPREME COURT,NONPARTISAN,SCATTERING,140,0
2006,APRIL,JEFFERSON,CAMBRIDGE VILLAGE WARD 1,SPRING GENERAL,JUSTICE OF THE SUPREME COURT,NONPARTISAN,PATRICK CROOKS,3,0
2006,APRIL,JEFFERSON,CAMBRIDGE VILLAGE WARD 1,SPRING GENERAL,JUSTICE OF THE SUPREME COURT,NONPARTISAN,SCATTERING,3,3
2006,APRIL,JEFFERSON,JOHNSON CREEK VILLAGE WARDS 1 & 2,SPRING GENERAL,JUSTICE OF THE SUPREME COURT,NONPARTISAN,PATRICK CROOKS,110,109
2006,APRIL,JEFFERSON,JOHNSON CREEK VILLAGE WARDS 1 & 2,SPRING GENERAL,JUSTICE OF THE SUPREME COURT,NONPARTISAN,SCATTERING,110,1
2006,APRIL,JEFFERSON,LAC LA BELLE VILLAGE WARD 2,SPRING GENERAL,JUSTICE OF THE SUPREME COURT,NONPARTISAN,PATRICK CROOKS,0,0
2006,APRIL,JEFFERSON,LAC LA BELLE VILLAGE WARD 2,SPRING GENERAL,JUSTICE OF THE SUPREME COURT,NONPARTISAN,SCATTERING,0,0
2006,APRIL,JEFFERSON,PALMYRA VILLAGE WARDS 1 & 2,SPRING GENERAL,JUSTICE OF THE SUPREME COURT,NONPARTISAN,PATRICK CROOKS,334,334
2006,APRIL,JEFFERSON,PALMYRA VILLAGE WARDS 1 & 2,SPRING GENERAL,JUSTICE OF THE SUPREME COURT,NONPARTISAN,SCATTERING,334,0
2006,APRIL,JEFFERSON,SULLIVAN VILLAGE WARD 1,SPRING GENERAL,JUSTICE OF THE SUPREME COURT,NONPARTISAN,PATRICK CROOKS,32,32
2006,APRIL,JEFFERSON,SULLIVAN VILLAGE WARD 1,SPRING GENERAL,JUSTICE OF THE SUPREME COURT,NONPARTISAN,SCATTERING,32,0
2006,APRIL,JEFFERSON,FORT ATKINSON CITY WARDS 1 - 3,SPRING GENERAL,JUSTICE OF THE SUPREME COURT,NONPARTISAN,PATRICK CROOKS,719,717
2006,APRIL,JEFFERSON,FORT ATKINSON CITY WARDS 1 - 3,SPRING GENERAL,JUSTICE OF THE SUPREME COURT,NONPARTISAN,SCATTERING,719,2
2006,APRIL,JEFFERSON,FORT ATKINSON CITY WARDS 4 - 6,SPRING GENERAL,JUSTICE OF THE SUPREME COURT,NONPARTISAN,PATRICK CROOKS,541,536
2006,APRIL,JEFFERSON,FORT ATKINSON CITY WARDS 4 - 6,SPRING GENERAL,JUSTICE OF THE SUPREME COURT,NONPARTISAN,SCATTERING,541,5
2006,APRIL,JEFFERSON,FORT ATKINSON CITY WARDS 7 - 9,SPRING GENERAL,JUSTICE OF THE SUPREME COURT,NONPARTISAN,PATRICK CROOKS,512,508
2006,APRIL,JEFFERSON,FORT ATKINSON CITY WARDS 7 - 9,SPRING GENERAL,JUSTICE OF THE SUPREME COURT,NONPARTISAN,SCATTERING,512,4
2006,APRIL,JEFFERSON,JEFFERSON CITY WARDS 1 - 4,SPRING GENERAL,JUSTICE OF THE SUPREME COURT,NONPARTISAN,PATRICK CROOKS,627,620
2006,APRIL,JEFFERSON,JEFFERSON CITY WARDS 1 - 4,SPRING GENERAL,JUSTICE OF THE SUPREME COURT,NONPARTISAN,SCATTERING,627,7
2006,APRIL,JEFFERSON,JEFFERSON CITY WARDS 5 - 8,SPRING GENERAL,JUSTICE OF THE SUPREME COURT,NONPARTISAN,PATRICK CROOKS,626,622
2006,APRIL,JEFFERSON,JEFFERSON CITY WARDS 5 - 8,SPRING GENERAL,JUSTICE OF THE SUPREME COURT,NONPARTISAN,SCATTERING,626,4
2006,APRIL,JEFFERSON,LAKE MILLS CITY WARDS 1 - 4,SPRING GENERAL,JUSTICE OF THE SUPREME COURT,NONPARTISAN,PATRICK CROOKS,315,307
2006,APRIL,JEFFERSON,LAKE MILLS CITY WARDS 1 - 4,SPRING GENERAL,JUSTICE OF THE SUPREME COURT,NONPARTISAN,SCATTERING,315,8
2006,APRIL,JEFFERSON,WATERLOO CITY WARDS 1 - 5,SPRING GENERAL,JUSTICE OF THE SUPREME COURT,NONPARTISAN,PATRICK CROOKS,223,221
2006,APRIL,JEFFERSON,WATERLOO CITY WARDS 1 - 5,SPRING GENERAL,JUSTICE OF THE SUPREME COURT,NONPARTISAN,SCATTERING,223,2
2006,APRIL,JEFFERSON,WATERTOWN CITY WARD 8,SPRING GENERAL,JUSTICE OF THE SUPREME COURT,NONPARTISAN,PATRICK CROOKS,67,67
2006,APRIL,JEFFERSON,WATERTOWN CITY WARD 8,SPRING GENERAL,JUSTICE OF THE SUPREME COURT,NONPARTISAN,SCATTERING,67,0
2006,APRIL,JEFFERSON,"WATERTOWN CITY WARDS 9, 10, 15 & 16",SPRING GENERAL,JUSTICE OF THE SUPREME COURT,NONPARTISAN,PATRICK CROOKS,580,569
2006,APRIL,JEFFERSON,"WATERTOWN CITY WARDS 9, 10, 15 & 16",SPRING GENERAL,JUSTICE OF THE SUPREME COURT,NONPARTISAN,SCATTERING,580,11
2006,APRIL,JEFFERSON,WATERTOWN CITY WARDS 11 - 14,SPRING GENERAL,JUSTICE OF THE SUPREME COURT,NONPARTISAN,PATRICK CROOKS,552,550
2006,APRIL,JEFFERSON,WATERTOWN CITY WARDS 11 - 14,SPRING GENERAL,JUSTICE OF THE SUPREME COURT,NONPARTISAN,SCATTERING,552,2
2006,APRIL,JEFFERSON,WATERTOWN CITY WARDS 17 & 18,SPRING GENERAL,JUSTICE OF THE SUPREME COURT,NONPARTISAN,PATRICK CROOKS,409,409
2006,APRIL,JEFFERSON,WATERTOWN CITY WARDS 17 & 18,SPRING GENERAL,JUSTICE OF THE SUPREME COURT,NONPARTISAN,SCATTERING,409,0
2006,APRIL,JEFFERSON,"WHITEWATER CITY WARDS 9 - 11, 14 & 15",SPRING GENERAL,JUSTICE OF THE SUPREME COURT,NONPARTISAN,PATRICK CROOKS,586,572
2006,APRIL,JEFFERSON,"WHITEWATER CITY WARDS 9 - 11, 14 & 15",SPRING GENERAL,JUSTICE OF THE SUPREME COURT,NONPARTISAN,SCATTERING,586,14
2006,APRIL,JUNEAU,ARMENIA TOWN WARD 1,SPRING GENERAL,JUSTICE OF THE SUPREME COURT,NONPARTISAN,PATRICK CROOKS,30,30
2006,APRIL,JUNEAU,ARMENIA TOWN WARD 1,SPRING GENERAL,JUSTICE OF THE SUPREME COURT,NONPARTISAN,SCATTERING,30,0
2006,APRIL,JUNEAU,CLEARFIELD TOWN WARDS 1 & 2,SPRING GENERAL,JUSTICE OF THE SUPREME COURT,NONPARTISAN,PATRICK CROOKS,50,50
2006,APRIL,JUNEAU,CLEARFIELD TOWN WARDS 1 & 2,SPRING GENERAL,JUSTICE OF THE SUPREME COURT,NONPARTISAN,SCATTERING,50,0
2006,APRIL,JUNEAU,CUTLER TOWN WARD 1,SPRING GENERAL,JUSTICE OF THE SUPREME COURT,NONPARTISAN,PATRICK CROOKS,15,15
2006,APRIL,JUNEAU,CUTLER TOWN WARD 1,SPRING GENERAL,JUSTICE OF THE SUPREME COURT,NONPARTISAN,SCATTERING,15,0
2006,APRIL,JUNEAU,FINLEY TOWN WARD 1,SPRING GENERAL,JUSTICE OF THE SUPREME COURT,NONPARTISAN,PATRICK CROOKS,9,9
2006,APRIL,JUNEAU,FINLEY TOWN WARD 1,SPRING GENERAL,JUSTICE OF THE SUPREME COURT,NONPARTISAN,SCATTERING,9,0
2006,APRIL,JUNEAU,FOUNTAIN TOWN WARD 1,SPRING GENERAL,JUSTICE OF THE SUPREME COURT,NONPARTISAN,PATRICK CROOKS,41,41
2006,APRIL,JUNEAU,FOUNTAIN TOWN WARD 1,SPRING GENERAL,JUSTICE OF THE SUPREME COURT,NONPARTISAN,SCATTERING,41,0
2006,APRIL,JUNEAU,GERMANTOWN TOWN WARDS 1 & 2,SPRING GENERAL,JUSTICE OF THE SUPREME COURT,NONPARTISAN,PATRICK CROOKS,233,233
2006,APRIL,JUNEAU,GERMANTOWN TOWN WARDS 1 & 2,SPRING GENERAL,JUSTICE OF THE SUPREME COURT,NONPARTISAN,SCATTERING,233,0
2006,APRIL,JUNEAU,KILDARE TOWN WARD 1,SPRING GENERAL,JUSTICE OF THE SUPREME COURT,NONPARTISAN,PATRICK CROOKS,39,39
2006,APRIL,JUNEAU,KILDARE TOWN WARD 1,SPRING GENERAL,JUSTICE OF THE SUPREME COURT,NONPARTISAN,SCATTERING,39,0
2006,APRIL,JUNEAU,KINGSTON TOWN WARD 1,SPRING GENERAL,JUSTICE OF THE SUPREME COURT,NONPARTISAN,PATRICK CROOKS,2,2
2006,APRIL,JUNEAU,KINGSTON TOWN WARD 1,SPRING GENERAL,JUSTICE OF THE SUPREME COURT,NONPARTISAN,SCATTERING,2,0
2006,APRIL,JUNEAU,LEMONWEIR TOWN WARDS 1 - 4,SPRING GENERAL,JUSTICE OF THE SUPREME COURT,NONPARTISAN,PATRICK CROOKS,61,61
2006,APRIL,JUNEAU,LEMONWEIR TOWN WARDS 1 - 4,SPRING GENERAL,JUSTICE OF THE SUPREME COURT,NONPARTISAN,SCATTERING,61,0
2006,APRIL,JUNEAU,LINDINA TOWN WARDS 1 & 2,SPRING GENERAL,JUSTICE OF THE SUPREME COURT,NONPARTISAN,PATRICK CROOKS,49,49
2006,APRIL,JUNEAU,LINDINA TOWN WARDS 1 & 2,SPRING GENERAL,JUSTICE OF THE SUPREME COURT,NONPARTISAN,SCATTERING,49,0
2006,APRIL,JUNEAU,LISBON TOWN WARDS 1 & 2,SPRING GENERAL,JUSTICE OF THE SUPREME COURT,NONPARTISAN,PATRICK CROOKS,92,92
2006,APRIL,JUNEAU,LISBON TOWN WARDS 1 & 2,SPRING GENERAL,JUSTICE OF THE SUPREME COURT,NONPARTISAN,SCATTERING,92,0
2006,APRIL,JUNEAU,LYNDON TOWN WARDS 1 & 2,SPRING GENERAL,JUSTICE OF THE SUPREME COURT,NONPARTISAN,PATRICK CROOKS,59,59
2006,APRIL,JUNEAU,LYNDON TOWN WARDS 1 & 2,SPRING GENERAL,JUSTICE OF THE SUPREME COURT,NONPARTISAN,SCATTERING,59,0
2006,APRIL,JUNEAU,MARION TOWN WARD 1,SPRING GENERAL,JUSTICE OF THE SUPREME COURT,NONPARTISAN,PATRICK CROOKS,36,36
2006,APRIL,JUNEAU,MARION TOWN WARD 1,SPRING GENERAL,JUSTICE OF THE SUPREME COURT,NONPARTISAN,SCATTERING,36,0
2006,APRIL,JUNEAU,NECEDAH TOWN WARDS 1 - 3,SPRING GENERAL,JUSTICE OF THE SUPREME COURT,NONPARTISAN,PATRICK CROOKS,81,81
2006,APRIL,JUNEAU,NECEDAH TOWN WARDS 1 - 3,SPRING GENERAL,JUSTICE OF THE SUPREME COURT,NONPARTISAN,SCATTERING,81,0
2006,APRIL,JUNEAU,ORANGE TOWN WARD 1,SPRING GENERAL,JUSTICE OF THE SUPREME COURT,NONPARTISAN,PATRICK CROOKS,45,45
2006,APRIL,JUNEAU,ORANGE TOWN WARD 1,SPRING GENERAL,JUSTICE OF THE SUPREME COURT,NONPARTISAN,SCATTERING,45,0
2006,APRIL,JUNEAU,PLYMOUTH TOWN WARDS 1 & 2,SPRING GENERAL,JUSTICE OF THE SUPREME COURT,NONPARTISAN,PATRICK CROOKS,58,58
2006,APRIL,JUNEAU,PLYMOUTH TOWN WARDS 1 & 2,SPRING GENERAL,JUSTICE OF THE SUPREME COURT,NONPARTISAN,SCATTERING,58,0
2006,APRIL,JUNEAU,SEVEN MILE CREEK TOWN WARDS 1 & 2,SPRING GENERAL,JUSTICE OF THE SUPREME COURT,NONPARTISAN,PATRICK CROOKS,30,30
2006,APRIL,JUNEAU,SEVEN MILE CREEK TOWN WARDS 1 & 2,SPRING GENERAL,JUSTICE OF THE SUPREME COURT,NONPARTISAN,SCATTERING,30,0
2006,APRIL,JUNEAU,SUMMIT TOWN WARD 1,SPRING GENERAL,JUSTICE OF THE SUPREME COURT,NONPARTISAN,PATRICK CROOKS,68,68
2006,APRIL,JUNEAU,SUMMIT TOWN WARD 1,SPRING GENERAL,JUSTICE OF THE SUPREME COURT,NONPARTISAN,SCATTERING,68,0
2006,APRIL,JUNEAU,WONEWOC TOWN WARDS 1 & 2,SPRING GENERAL,JUSTICE OF THE SUPREME COURT,NONPARTISAN,PATRICK CROOKS,123,123
2006,APRIL,JUNEAU,WONEWOC TOWN WARDS 1 & 2,SPRING GENERAL,JUSTICE OF THE SUPREME COURT,NONPARTISAN,SCATTERING,123,0
2006,APRIL,JUNEAU,CAMP DOUGLAS VILLAGE WARD 1,SPRING GENERAL,JUSTICE OF THE SUPREME COURT,NONPARTISAN,PATRICK CROOKS,20,20
2006,APRIL,JUNEAU,CAMP DOUGLAS VILLAGE WARD 1,SPRING GENERAL,JUSTICE OF THE SUPREME COURT,NONPARTISAN,SCATTERING,20,0
2006,APRIL,JUNEAU,HUSTLER VILLAGE WARD 1,SPRING GENERAL,JUSTICE OF THE SUPREME COURT,NONPARTISAN,PATRICK CROOKS,37,37
2006,APRIL,JUNEAU,HUSTLER VILLAGE WARD 1,SPRING GENERAL,JUSTICE OF THE SUPREME COURT,NONPARTISAN,SCATTERING,37,0
2006,APRIL,JUNEAU,LYNDON STATION VILLAGE WARD 1,SPRING GENERAL,JUSTICE OF THE SUPREME COURT,NONPARTISAN,PATRICK CROOKS,74,74
2006,APRIL,JUNEAU,LYNDON STATION VILLAGE WARD 1,SPRING GENERAL,JUSTICE OF THE SUPREME COURT,NONPARTISAN,SCATTERING,74,0
2006,APRIL,JUNEAU,NECEDAH VILLAGE WARD 1,SPRING GENERAL,JUSTICE OF THE SUPREME COURT,NONPARTISAN,PATRICK CROOKS,94,94
2006,APRIL,JUNEAU,NECEDAH VILLAGE WARD 1,SPRING GENERAL,JUSTICE OF THE SUPREME COURT,NONPARTISAN,SCATTERING,94,0
2006,APRIL,JUNEAU,UNION CENTER VILLAGE WARD 1,SPRING GENERAL,JUSTICE OF THE SUPREME COURT,NONPARTISAN,PATRICK CROOKS,39,39
2006,APRIL,JUNEAU,UNION CENTER VILLAGE WARD 1,SPRING GENERAL,JUSTICE OF THE SUPREME COURT,NONPARTISAN,SCATTERING,39,0
2006,APRIL,JUNEAU,WONEWOC VILLAGE WARD 1,SPRING GENERAL,JUSTICE OF THE SUPREME COURT,NONPARTISAN,PATRICK CROOKS,151,151
2006,APRIL,JUNEAU,WONEWOC VILLAGE WARD 1,SPRING GENERAL,JUSTICE OF THE SUPREME COURT,NONPARTISAN,SCATTERING,151,0
2006,APRIL,JUNEAU,ELROY CITY WARDS 1 - 5,SPRING GENERAL,JUSTICE OF THE SUPREME COURT,NONPARTISAN,PATRICK CROOKS,209,209
2006,APRIL,JUNEAU,ELROY CITY WARDS 1 - 5,SPRING GENERAL,JUSTICE OF THE SUPREME COURT,NONPARTISAN,SCATTERING,209,0
2006,APRIL,JUNEAU,MAUSTON CITY WARDS 1 - 10,SPRING GENERAL,JUSTICE OF THE SUPREME COURT,NONPARTISAN,PATRICK CROOKS,558,553
2006,APRIL,JUNEAU,MAUSTON CITY WARDS 1 - 10,SPRING GENERAL,JUSTICE OF THE SUPREME COURT,NONPARTISAN,SCATTERING,558,5
2006,APRIL,JUNEAU,NEW LISBON CITY WARDS 1 - 6,SPRING GENERAL,JUSTICE OF THE SUPREME COURT,NONPARTISAN,PATRICK CROOKS,84,84
2006,APRIL,JUNEAU,NEW LISBON CITY WARDS 1 - 6,SPRING GENERAL,JUSTICE OF THE SUPREME COURT,NONPARTISAN,SCATTERING,84,0
2006,APRIL,JUNEAU,WISCONSIN DELLS CITY WARD 7,SPRING GENERAL,JUSTICE OF THE SUPREME COURT,NONPARTISAN,PATRICK CROOKS,0,0
2006,APRIL,JUNEAU,WISCONSIN DELLS CITY WARD 7,SPRING GENERAL,JUSTICE OF THE SUPREME COURT,NONPARTISAN,SCATTERING,0,0
2006,APRIL,KENOSHA,BRIGHTON TOWN WARDS 1 - 3,SPRING GENERAL,JUSTICE OF THE SUPREME COURT,NONPARTISAN,PATRICK CROOKS,71,71
2006,APRIL,KENOSHA,BRIGHTON TOWN WARDS 1 - 3,SPRING GENERAL,JUSTICE OF THE SUPREME COURT,NONPARTISAN,SCATTERING,71,0
2006,APRIL,KENOSHA,BRISTOL TOWN WARDS 1 - 4 & 8,SPRING GENERAL,JUSTICE OF THE SUPREME COURT,NONPARTISAN,PATRICK CROOKS,199,199
2006,APRIL,KENOSHA,BRISTOL TOWN WARDS 1 - 4 & 8,SPRING GENERAL,JUSTICE OF THE SUPREME COURT,NONPARTISAN,SCATTERING,199,0
2006,APRIL,KENOSHA,BRISTOL TOWN WARDS 5 - 7,SPRING GENERAL,JUSTICE OF THE SUPREME COURT,NONPARTISAN,PATRICK CROOKS,125,124
2006,APRIL,KENOSHA,BRISTOL TOWN WARDS 5 - 7,SPRING GENERAL,JUSTICE OF THE SUPREME COURT,NONPARTISAN,SCATTERING,125,1
2006,APRIL,KENOSHA,PARIS TOWN WARDS 1 & 2,SPRING GENERAL,JUSTICE OF THE SUPREME COURT,NONPARTISAN,PATRICK CROOKS,199,196
2006,APRIL,KENOSHA,PARIS TOWN WARDS 1 & 2,SPRING GENERAL,JUSTICE OF THE SUPREME COURT,NONPARTISAN,SCATTERING,199,3
2006,APRIL,KENOSHA,RANDALL TOWN WARDS 1 - 5,SPRING GENERAL,JUSTICE OF THE SUPREME COURT,NONPARTISAN,PATRICK CROOKS,522,518
2006,APRIL,KENOSHA,RANDALL TOWN WARDS 1 - 5,SPRING GENERAL,JUSTICE OF THE SUPREME COURT,NONPARTISAN,SCATTERING,522,4
2006,APRIL,KENOSHA,SALEM TOWN WARDS 1 - 15,SPRING GENERAL,JUSTICE OF THE SUPREME COURT,NONPARTISAN,PATRICK CROOKS,452,450
2006,APRIL,KENOSHA,SALEM TOWN WARDS 1 - 15,SPRING GENERAL,JUSTICE OF THE SUPREME COURT,NONPARTISAN,SCATTERING,452,2
2006,APRIL,KENOSHA,SOMERS TOWN WARDS 1 - 4,SPRING GENERAL,JUSTICE OF THE SUPREME COURT,NONPARTISAN,PATRICK CROOKS,234,234
2006,APRIL,KENOSHA,SOMERS TOWN WARDS 1 - 4,SPRING GENERAL,JUSTICE OF THE SUPREME COURT,NONPARTISAN,SCATTERING,234,0
2006,APRIL,KENOSHA,SOMERS TOWN WARDS 5 - 8 & 12,SPRING GENERAL,JUSTICE OF THE SUPREME COURT,NONPARTISAN,PATRICK CROOKS,245,244
2006,APRIL,KENOSHA,SOMERS TOWN WARDS 5 - 8 & 12,SPRING GENERAL,JUSTICE OF THE SUPREME COURT,NONPARTISAN,SCATTERING,245,1
2006,APRIL,KENOSHA,SOMERS TOWN WARDS 9 - 11,SPRING GENERAL,JUSTICE OF THE SUPREME COURT,NONPARTISAN,PATRICK CROOKS,174,174
2006,APRIL,KENOSHA,SOMERS TOWN WARDS 9 - 11,SPRING GENERAL,JUSTICE OF THE SUPREME COURT,NONPARTISAN,SCATTERING,174,0
2006,APRIL,KENOSHA,WHEATLAND TOWN WARDS 1 - 5,SPRING GENERAL,JUSTICE OF THE SUPREME COURT,NONPARTISAN,PATRICK CROOKS,332,331
2006,APRIL,KENOSHA,WHEATLAND TOWN WARDS 1 - 5,SPRING GENERAL,JUSTICE OF THE SUPREME COURT,NONPARTISAN,SCATTERING,332,1
2006,APRIL,KENOSHA,GENOA CITY VILLAGE WARDS 4 & 5,SPRING GENERAL,JUSTICE OF THE SUPREME COURT,NONPARTISAN,PATRICK CROOKS,0,0
2006,APRIL,KENOSHA,GENOA CITY VILLAGE WARDS 4 & 5,SPRING GENERAL,JUSTICE OF THE SUPREME COURT,NONPARTISAN,SCATTERING,0,0
2006,APRIL,KENOSHA,PADDOCK LAKE VILLAGE WARDS 1 - 5,SPRING GENERAL,JUSTICE OF THE SUPREME COURT,NONPARTISAN,PATRICK CROOKS,174,173
2006,APRIL,KENOSHA,PADDOCK LAKE VILLAGE WARDS 1 - 5,SPRING GENERAL,JUSTICE OF THE SUPREME COURT,NONPARTISAN,SCATTERING,174,1
2006,APRIL,KENOSHA,PLEASANT PRAIRIE VILLAGE WARDS 1 - 3,SPRING GENERAL,JUSTICE OF THE SUPREME COURT,NONPARTISAN,PATRICK CROOKS,528,518
2006,APRIL,KENOSHA,PLEASANT PRAIRIE VILLAGE WARDS 1 - 3,SPRING GENERAL,JUSTICE OF THE SUPREME COURT,NONPARTISAN,SCATTERING,528,10
2006,APRIL,KENOSHA,PLEASANT PRAIRIE VILLAGE WARDS 4 & 5,SPRING GENERAL,JUSTICE OF THE SUPREME COURT,NONPARTISAN,PATRICK CROOKS,442,437
2006,APRIL,KENOSHA,PLEASANT PRAIRIE VILLAGE WARDS 4 & 5,SPRING GENERAL,JUSTICE OF THE SUPREME COURT,NONPARTISAN,SCATTERING,442,5
2006,APRIL,KENOSHA,PLEASANT PRAIRIE VILLAGE WARDS 6 & 7,SPRING GENERAL,JUSTICE OF THE SUPREME COURT,NONPARTISAN,PATRICK CROOKS,510,505
2006,APRIL,KENOSHA,PLEASANT PRAIRIE VILLAGE WARDS 6 & 7,SPRING GENERAL,JUSTICE OF THE SUPREME COURT,NONPARTISAN,SCATTERING,510,5
2006,APRIL,KENOSHA,PLEASANT PRAIRIE VILLAGE WARDS 12 & 13,SPRING GENERAL,JUSTICE OF THE SUPREME COURT,NONPARTISAN,PATRICK CROOKS,554,550
2006,APRIL,KENOSHA,PLEASANT PRAIRIE VILLAGE WARDS 12 & 13,SPRING GENERAL,JUSTICE OF THE SUPREME COURT,NONPARTISAN,SCATTERING,554,4
2006,APRIL,KENOSHA,PLEASANT PRAIRIE VILLAGE WARDS 8 - 11,SPRING GENERAL,JUSTICE OF THE SUPREME COURT,NONPARTISAN,PATRICK CROOKS,811,806
2006,APRIL,KENOSHA,PLEASANT PRAIRIE VILLAGE WARDS 8 - 11,SPRING GENERAL,JUSTICE OF THE SUPREME COURT,NONPARTISAN,SCATTERING,811,5
2006,APRIL,KENOSHA,SILVER LAKE VILLAGE WARDS 1 - 3,SPRING GENERAL,JUSTICE OF THE SUPREME COURT,NONPARTISAN,PATRICK CROOKS,306,303
2006,APRIL,KENOSHA,SILVER LAKE VILLAGE WARDS 1 - 3,SPRING GENERAL,JUSTICE OF THE SUPREME COURT,NONPARTISAN,SCATTERING,306,3
2006,APRIL,KENOSHA,TWIN LAKES VILLAGE WARDS 1 - 7,SPRING GENERAL,JUSTICE OF THE SUPREME COURT,NONPARTISAN,PATRICK CROOKS,341,339
2006,APRIL,KENOSHA,TWIN LAKES VILLAGE WARDS 1 - 7,SPRING GENERAL,JUSTICE OF THE SUPREME COURT,NONPARTISAN,SCATTERING,341,2
2006,APRIL,KENOSHA,KENOSHA CITY WARD 1,SPRING GENERAL,JUSTICE OF THE SUPREME COURT,NONPARTISAN,PATRICK CROOKS,71,71
2006,APRIL,KENOSHA,KENOSHA CITY WARD 1,SPRING GENERAL,JUSTICE OF THE SUPREME COURT,NONPARTISAN,SCATTERING,71,0
2006,APRIL,KENOSHA,KENOSHA CITY WARD 2,SPRING GENERAL,JUSTICE OF THE SUPREME COURT,NONPARTISAN,PATRICK CROOKS,76,76
2006,APRIL,KENOSHA,KENOSHA CITY WARD 2,SPRING GENERAL,JUSTICE OF THE SUPREME COURT,NONPARTISAN,SCATTERING,76,0
2006,APRIL,KENOSHA,KENOSHA CITY WARD 3,SPRING GENERAL,JUSTICE OF THE SUPREME COURT,NONPARTISAN,PATRICK CROOKS,149,149
2006,APRIL,KENOSHA,KENOSHA CITY WARD 3,SPRING GENERAL,JUSTICE OF THE SUPREME COURT,NONPARTISAN,SCATTERING,149,0
2006,APRIL,KENOSHA,KENOSHA CITY WARD 4,SPRING GENERAL,JUSTICE OF THE SUPREME COURT,NONPARTISAN,PATRICK CROOKS,246,245
2006,APRIL,KENOSHA,KENOSHA CITY WARD 4,SPRING GENERAL,JUSTICE OF THE SUPREME COURT,NONPARTISAN,SCATTERING,246,1
2006,APRIL,KENOSHA,KENOSHA CITY WARD 5,SPRING GENERAL,JUSTICE OF THE SUPREME COURT,NONPARTISAN,PATRICK CROOKS,179,179
2006,APRIL,KENOSHA,KENOSHA CITY WARD 5,SPRING GENERAL,JUSTICE OF THE SUPREME COURT,NONPARTISAN,SCATTERING,179,0
2006,APRIL,KENOSHA,KENOSHA CITY WARD 6,SPRING GENERAL,JUSTICE OF THE SUPREME COURT,NONPARTISAN,PATRICK CROOKS,91,91
2006,APRIL,KENOSHA,KENOSHA CITY WARD 6,SPRING GENERAL,JUSTICE OF THE SUPREME COURT,NONPARTISAN,SCATTERING,91,0
2006,APRIL,KENOSHA,KENOSHA CITY WARD 7,SPRING GENERAL,JUSTICE OF THE SUPREME COURT,NONPARTISAN,PATRICK CROOKS,158,158
2006,APRIL,KENOSHA,KENOSHA CITY WARD 7,SPRING GENERAL,JUSTICE OF THE SUPREME COURT,NONPARTISAN,SCATTERING,158,0
2006,APRIL,KENOSHA,KENOSHA CITY WARD 8,SPRING GENERAL,JUSTICE OF THE SUPREME COURT,NONPARTISAN,PATRICK CROOKS,165,165
2006,APRIL,KENOSHA,KENOSHA CITY WARD 8,SPRING GENERAL,JUSTICE OF THE SUPREME COURT,NONPARTISAN,SCATTERING,165,0
2006,APRIL,KENOSHA,KENOSHA CITY WARD 9,SPRING GENERAL,JUSTICE OF THE SUPREME COURT,NONPARTISAN,PATRICK CROOKS,155,155
2006,APRIL,KENOSHA,KENOSHA CITY WARD 9,SPRING GENERAL,JUSTICE OF THE SUPREME COURT,NONPARTISAN,SCATTERING,155,0
2006,APRIL,KENOSHA,KENOSHA CITY WARD 10,SPRING GENERAL,JUSTICE OF THE SUPREME COURT,NONPARTISAN,PATRICK CROOKS,84,83
2006,APRIL,KENOSHA,KENOSHA CITY WARD 10,SPRING GENERAL,JUSTICE OF THE SUPREME COURT,NONPARTISAN,SCATTERING,84,1
2006,APRIL,KENOSHA,KENOSHA CITY WARD 11,SPRING GENERAL,JUSTICE OF THE SUPREME COURT,NONPARTISAN,PATRICK CROOKS,170,170
2006,APRIL,KENOSHA,KENOSHA CITY WARD 11,SPRING GENERAL,JUSTICE OF THE SUPREME COURT,NONPARTISAN,SCATTERING,170,0
2006,APRIL,KENOSHA,KENOSHA CITY WARD 12,SPRING GENERAL,JUSTICE OF THE SUPREME COURT,NONPARTISAN,PATRICK CROOKS,121,121
2006,APRIL,KENOSHA,KENOSHA CITY WARD 12,SPRING GENERAL,JUSTICE OF THE SUPREME COURT,NONPARTISAN,SCATTERING,121,0
2006,APRIL,KENOSHA,KENOSHA CITY WARD 13,SPRING GENERAL,JUSTICE OF THE SUPREME COURT,NONPARTISAN,PATRICK CROOKS,49,49
2006,APRIL,KENOSHA,KENOSHA CITY WARD 13,SPRING GENERAL,JUSTICE OF THE SUPREME COURT,NONPARTISAN,SCATTERING,49,0
2006,APRIL,KENOSHA,KENOSHA CITY WARD 14,SPRING GENERAL,JUSTICE OF THE SUPREME COURT,NONPARTISAN,PATRICK CROOKS,34,34
2006,APRIL,KENOSHA,KENOSHA CITY WARD 14,SPRING GENERAL,JUSTICE OF THE SUPREME COURT,NONPARTISAN,SCATTERING,34,0
2006,APRIL,KENOSHA,KENOSHA CITY WARD 15,SPRING GENERAL,JUSTICE OF THE SUPREME COURT,NONPARTISAN,PATRICK CROOKS,47,47
2006,APRIL,KENOSHA,KENOSHA CITY WARD 15,SPRING GENERAL,JUSTICE OF THE SUPREME COURT,NONPARTISAN,SCATTERING,47,0
2006,APRIL,KENOSHA,KENOSHA CITY WARD 16,SPRING GENERAL,JUSTICE OF THE SUPREME COURT,NONPARTISAN,PATRICK CROOKS,76,76
2006,APRIL,KENOSHA,KENOSHA CITY WARD 16,SPRING GENERAL,JUSTICE OF THE SUPREME COURT,NONPARTISAN,SCATTERING,76,0
2006,APRIL,KENOSHA,KENOSHA CITY WARD 17,SPRING GENERAL,JUSTICE OF THE SUPREME COURT,NONPARTISAN,PATRICK CROOKS,103,103
2006,APRIL,KENOSHA,KENOSHA CITY WARD 17,SPRING GENERAL,JUSTICE OF THE SUPREME COURT,NONPARTISAN,SCATTERING,103,0
2006,APRIL,KENOSHA,KENOSHA CITY WARD 18,SPRING GENERAL,JUSTICE OF THE SUPREME COURT,NONPARTISAN,PATRICK CROOKS,57,57
2006,APRIL,KENOSHA,KENOSHA CITY WARD 18,SPRING GENERAL,JUSTICE OF THE SUPREME COURT,NONPARTISAN,SCATTERING,57,0
2006,APRIL,KENOSHA,KENOSHA CITY WARD 19,SPRING GENERAL,JUSTICE OF THE SUPREME COURT,NONPARTISAN,PATRICK CROOKS,88,88
2006,APRIL,KENOSHA,KENOSHA CITY WARD 19,SPRING GENERAL,JUSTICE OF THE SUPREME COURT,NONPARTISAN,SCATTERING,88,0
2006,APRIL,KENOSHA,KENOSHA CITY WARD 20,SPRING GENERAL,JUSTICE OF THE SUPREME COURT,NONPARTISAN,PATRICK CROOKS,84,84
2006,APRIL,KENOSHA,KENOSHA CITY WARD 20,SPRING GENERAL,JUSTICE OF THE SUPREME COURT,NONPARTISAN,SCATTERING,84,0
2006,APRIL,KENOSHA,KENOSHA CITY WARD 21,SPRING GENERAL,JUSTICE OF THE SUPREME COURT,NONPARTISAN,PATRICK CROOKS,146,146
2006,APRIL,KENOSHA,KENOSHA CITY WARD 21,SPRING GENERAL,JUSTICE OF THE SUPREME COURT,NONPARTISAN,SCATTERING,146,0
2006,APRIL,KENOSHA,KENOSHA CITY WARD 22,SPRING GENERAL,JUSTICE OF THE SUPREME COURT,NONPARTISAN,PATRICK CROOKS,88,88
2006,APRIL,KENOSHA,KENOSHA CITY WARD 22,SPRING GENERAL,JUSTICE OF THE SUPREME COURT,NONPARTISAN,SCATTERING,88,0
2006,APRIL,KENOSHA,KENOSHA CITY WARD 23,SPRING GENERAL,JUSTICE OF THE SUPREME COURT,NONPARTISAN,PATRICK CROOKS,39,39
2006,APRIL,KENOSHA,KENOSHA CITY WARD 23,SPRING GENERAL,JUSTICE OF THE SUPREME COURT,NONPARTISAN,SCATTERING,39,0
2006,APRIL,KENOSHA,KENOSHA CITY WARD 24,SPRING GENERAL,JUSTICE OF THE SUPREME COURT,NONPARTISAN,PATRICK CROOKS,56,56
2006,APRIL,KENOSHA,KENOSHA CITY WARD 24,SPRING GENERAL,JUSTICE OF THE SUPREME COURT,NONPARTISAN,SCATTERING,56,0
2006,APRIL,KENOSHA,KENOSHA CITY WARD 25,SPRING GENERAL,JUSTICE OF THE SUPREME COURT,NONPARTISAN,PATRICK CROOKS,189,189
2006,APRIL,KENOSHA,KENOSHA CITY WARD 25,SPRING GENERAL,JUSTICE OF THE SUPREME COURT,NONPARTISAN,SCATTERING,189,0
2006,APRIL,KENOSHA,KENOSHA CITY WARD 26,SPRING GENERAL,JUSTICE OF THE SUPREME COURT,NONPARTISAN,PATRICK CROOKS,215,215
2006,APRIL,KENOSHA,KENOSHA CITY WARD 26,SPRING GENERAL,JUSTICE OF THE SUPREME COURT,NONPARTISAN,SCATTERING,215,0
2006,APRIL,KENOSHA,KENOSHA CITY WARD 27,SPRING GENERAL,JUSTICE OF THE SUPREME COURT,NONPARTISAN,PATRICK CROOKS,150,150
2006,APRIL,KENOSHA,KENOSHA CITY WARD 27,SPRING GENERAL,JUSTICE OF THE SUPREME COURT,NONPARTISAN,SCATTERING,150,0
2006,APRIL,KENOSHA,KENOSHA CITY WARD 28,SPRING GENERAL,JUSTICE OF THE SUPREME COURT,NONPARTISAN,PATRICK CROOKS,133,133
2006,APRIL,KENOSHA,KENOSHA CITY WARD 28,SPRING GENERAL,JUSTICE OF THE SUPREME COURT,NONPARTISAN,SCATTERING,133,0
2006,APRIL,KENOSHA,KENOSHA CITY WARD 29,SPRING GENERAL,JUSTICE OF THE SUPREME COURT,NONPARTISAN,PATRICK CROOKS,126,126
2006,APRIL,KENOSHA,KENOSHA CITY WARD 29,SPRING GENERAL,JUSTICE OF THE SUPREME COURT,NONPARTISAN,SCATTERING,126,0
2006,APRIL,KENOSHA,KENOSHA CITY WARD 30,SPRING GENERAL,JUSTICE OF THE SUPREME COURT,NONPARTISAN,PATRICK CROOKS,100,100
2006,APRIL,KENOSHA,KENOSHA CITY WARD 30,SPRING GENERAL,JUSTICE OF THE SUPREME COURT,NONPARTISAN,SCATTERING,100,0
2006,APRIL,KENOSHA,KENOSHA CITY WARD 31,SPRING GENERAL,JUSTICE OF THE SUPREME COURT,NONPARTISAN,PATRICK CROOKS,143,143
2006,APRIL,KENOSHA,KENOSHA CITY WARD 31,SPRING GENERAL,JUSTICE OF THE SUPREME COURT,NONPARTISAN,SCATTERING,143,0
2006,APRIL,KENOSHA,KENOSHA CITY WARD 32,SPRING GENERAL,JUSTICE OF THE SUPREME COURT,NONPARTISAN,PATRICK CROOKS,86,86
2006,APRIL,KENOSHA,KENOSHA CITY WARD 32,SPRING GENERAL,JUSTICE OF THE SUPREME COURT,NONPARTISAN,SCATTERING,86,0
2006,APRIL,KENOSHA,KENOSHA CITY WARD 33,SPRING GENERAL,JUSTICE OF THE SUPREME COURT,NONPARTISAN,PATRICK CROOKS,71,71
2006,APRIL,KENOSHA,KENOSHA CITY WARD 33,SPRING GENERAL,JUSTICE OF THE SUPREME COURT,NONPARTISAN,SCATTERING,71,0
2006,APRIL,KENOSHA,KENOSHA CITY WARD 34,SPRING GENERAL,JUSTICE OF THE SUPREME COURT,NONPARTISAN,PATRICK CROOKS,130,128
2006,APRIL,KENOSHA,KENOSHA CITY WARD 34,SPRING GENERAL,JUSTICE OF THE SUPREME COURT,NONPARTISAN,SCATTERING,130,2
2006,APRIL,KENOSHA,KENOSHA CITY WARD 35,SPRING GENERAL,JUSTICE OF THE SUPREME COURT,NONPARTISAN,PATRICK CROOKS,0,0
2006,APRIL,KENOSHA,KENOSHA CITY WARD 35,SPRING GENERAL,JUSTICE OF THE SUPREME COURT,NONPARTISAN,SCATTERING,0,0
2006,APRIL,KENOSHA,KENOSHA CITY WARD 36,SPRING GENERAL,JUSTICE OF THE SUPREME COURT,NONPARTISAN,PATRICK CROOKS,3,3
2006,APRIL,KENOSHA,KENOSHA CITY WARD 36,SPRING GENERAL,JUSTICE OF THE SUPREME COURT,NONPARTISAN,SCATTERING,3,0
2006,APRIL,KENOSHA,KENOSHA CITY WARD 37,SPRING GENERAL,JUSTICE OF THE SUPREME COURT,NONPARTISAN,PATRICK CROOKS,0,0
2006,APRIL,KENOSHA,KENOSHA CITY WARD 37,SPRING GENERAL,JUSTICE OF THE SUPREME COURT,NONPARTISAN,SCATTERING,0,0
2006,APRIL,KENOSHA,KENOSHA CITY WARD 38,SPRING GENERAL,JUSTICE OF THE SUPREME COURT,NONPARTISAN,PATRICK CROOKS,0,0
2006,APRIL,KENOSHA,KENOSHA CITY WARD 38,SPRING GENERAL,JUSTICE OF THE SUPREME COURT,NONPARTISAN,SCATTERING,0,0
2006,APRIL,KENOSHA,KENOSHA CITY WARD 39,SPRING GENERAL,JUSTICE OF THE SUPREME COURT,NONPARTISAN,PATRICK CROOKS,2,2
2006,APRIL,KENOSHA,KENOSHA CITY WARD 39,SPRING GENERAL,JUSTICE OF THE SUPREME COURT,NONPARTISAN,SCATTERING,2,0
2006,APRIL,KENOSHA,KENOSHA CITY WARD 40,SPRING GENERAL,JUSTICE OF THE SUPREME COURT,NONPARTISAN,PATRICK CROOKS,1,1
2006,APRIL,KENOSHA,KENOSHA CITY WARD 40,SPRING GENERAL,JUSTICE OF THE SUPREME COURT,NONPARTISAN,SCATTERING,1,0
2006,APRIL,KENOSHA,KENOSHA CITY WARD 41,SPRING GENERAL,JUSTICE OF THE SUPREME COURT,NONPARTISAN,PATRICK CROOKS,6,6
2006,APRIL,KENOSHA,KENOSHA CITY WARD 41,SPRING GENERAL,JUSTICE OF THE SUPREME COURT,NONPARTISAN,SCATTERING,6,0
2006,APRIL,KENOSHA,KENOSHA CITY WARD 42,SPRING GENERAL,JUSTICE OF THE SUPREME COURT,NONPARTISAN,PATRICK CROOKS,0,0
2006,APRIL,KENOSHA,KENOSHA CITY WARD 42,SPRING GENERAL,JUSTICE OF THE SUPREME COURT,NONPARTISAN,SCATTERING,0,0
2006,APRIL,KENOSHA,KENOSHA CITY WARD 43,SPRING GENERAL,JUSTICE OF THE SUPREME COURT,NONPARTISAN,PATRICK CROOKS,2,2
2006,APRIL,KENOSHA,KENOSHA CITY WARD 43,SPRING GENERAL,JUSTICE OF THE SUPREME COURT,NONPARTISAN,SCATTERING,2,0
2006,APRIL,KENOSHA,KENOSHA CITY WARD 44,SPRING GENERAL,JUSTICE OF THE SUPREME COURT,NONPARTISAN,PATRICK CROOKS,0,0
2006,APRIL,KENOSHA,KENOSHA CITY WARD 44,SPRING GENERAL,JUSTICE OF THE SUPREME COURT,NONPARTISAN,SCATTERING,0,0
2006,APRIL,KENOSHA,KENOSHA CITY WARD 45,SPRING GENERAL,JUSTICE OF THE SUPREME COURT,NONPARTISAN,PATRICK CROOKS,0,0
2006,APRIL,KENOSHA,KENOSHA CITY WARD 45,SPRING GENERAL,JUSTICE OF THE SUPREME COURT,NONPARTISAN,SCATTERING,0,0
2006,APRIL,KENOSHA,KENOSHA CITY WARD 46,SPRING GENERAL,JUSTICE OF THE SUPREME COURT,NONPARTISAN,PATRICK CROOKS,0,0
2006,APRIL,KENOSHA,KENOSHA CITY WARD 46,SPRING GENERAL,JUSTICE OF THE SUPREME COURT,NONPARTISAN,SCATTERING,0,0
2006,APRIL,KENOSHA,KENOSHA CITY WARD 47,SPRING GENERAL,JUSTICE OF THE SUPREME COURT,NONPARTISAN,PATRICK CROOKS,0,0
2006,APRIL,KENOSHA,KENOSHA CITY WARD 47,SPRING GENERAL,JUSTICE OF THE SUPREME COURT,NONPARTISAN,SCATTERING,0,0
2006,APRIL,KENOSHA,KENOSHA CITY WARD 48,SPRING GENERAL,JUSTICE OF THE SUPREME COURT,NONPARTISAN,PATRICK CROOKS,0,0
2006,APRIL,KENOSHA,KENOSHA CITY WARD 48,SPRING GENERAL,JUSTICE OF THE SUPREME COURT,NONPARTISAN,SCATTERING,0,0
2006,APRIL,KENOSHA,KENOSHA CITY WARD 49,SPRING GENERAL,JUSTICE OF THE SUPREME COURT,NONPARTISAN,PATRICK CROOKS,0,0
2006,APRIL,KENOSHA,KENOSHA CITY WARD 49,SPRING GENERAL,JUSTICE OF THE SUPREME COURT,NONPARTISAN,SCATTERING,0,0
2006,APRIL,KENOSHA,KENOSHA CITY WARD 50,SPRING GENERAL,JUSTICE OF THE SUPREME COURT,NONPARTISAN,PATRICK CROOKS,0,0
2006,APRIL,KENOSHA,KENOSHA CITY WARD 50,SPRING GENERAL,JUSTICE OF THE SUPREME COURT,NONPARTISAN,SCATTERING,0,0
2006,APRIL,KENOSHA,KENOSHA CITY WARD 51,SPRING GENERAL,JUSTICE OF THE SUPREME COURT,NONPARTISAN,PATRICK CROOKS,0,0
2006,APRIL,KENOSHA,KENOSHA CITY WARD 51,SPRING GENERAL,JUSTICE OF THE SUPREME COURT,NONPARTISAN,SCATTERING,0,0
2006,APRIL,KENOSHA,KENOSHA CITY WARD 52,SPRING GENERAL,JUSTICE OF THE SUPREME COURT,NONPARTISAN,PATRICK CROOKS,0,0
2006,APRIL,KENOSHA,KENOSHA CITY WARD 52,SPRING GENERAL,JUSTICE OF THE SUPREME COURT,NONPARTISAN,SCATTERING,0,0
2006,APRIL,KENOSHA,KENOSHA CITY WARD 53,SPRING GENERAL,JUSTICE OF THE SUPREME COURT,NONPARTISAN,PATRICK CROOKS,0,0
2006,APRIL,KENOSHA,KENOSHA CITY WARD 53,SPRING GENERAL,JUSTICE OF THE SUPREME COURT,NONPARTISAN,SCATTERING,0,0
2006,APRIL,KENOSHA,KENOSHA CITY WARD 54,SPRING GENERAL,JUSTICE OF THE SUPREME COURT,NONPARTISAN,PATRICK CROOKS,0,0
2006,APRIL,KENOSHA,KENOSHA CITY WARD 54,SPRING GENERAL,JUSTICE OF THE SUPREME COURT,NONPARTISAN,SCATTERING,0,0
2006,APRIL,KENOSHA,KENOSHA CITY WARD 55,SPRING GENERAL,JUSTICE OF THE SUPREME COURT,NONPARTISAN,PATRICK CROOKS,0,0
2006,APRIL,KENOSHA,KENOSHA CITY WARD 55,SPRING GENERAL,JUSTICE OF THE SUPREME COURT,NONPARTISAN,SCATTERING,0,0
2006,APRIL,KENOSHA,KENOSHA CITY WARD 56,SPRING GENERAL,JUSTICE OF THE SUPREME COURT,NONPARTISAN,PATRICK CROOKS,0,0
2006,APRIL,KENOSHA,KENOSHA CITY WARD 56,SPRING GENERAL,JUSTICE OF THE SUPREME COURT,NONPARTISAN,SCATTERING,0,0
2006,APRIL,KEWAUNEE,AHNAPEE TOWN WARD 1,SPRING GENERAL,JUSTICE OF THE SUPREME COURT,NONPARTISAN,PATRICK CROOKS,214,213
2006,APRIL,KEWAUNEE,AHNAPEE TOWN WARD 1,SPRING GENERAL,JUSTICE OF THE SUPREME COURT,NONPARTISAN,SCATTERING,214,1
2006,APRIL,KEWAUNEE,CARLTON TOWN WARDS 1 & 2,SPRING GENERAL,JUSTICE OF THE SUPREME COURT,NONPARTISAN,PATRICK CROOKS,154,154
2006,APRIL,KEWAUNEE,CARLTON TOWN WARDS 1 & 2,SPRING GENERAL,JUSTICE OF THE SUPREME COURT,NONPARTISAN,SCATTERING,154,0
2006,APRIL,KEWAUNEE,CASCO TOWN WARDS 1 & 2,SPRING GENERAL,JUSTICE OF THE SUPREME COURT,NONPARTISAN,PATRICK CROOKS,181,181
2006,APRIL,KEWAUNEE,CASCO TOWN WARDS 1 & 2,SPRING GENERAL,JUSTICE OF THE SUPREME COURT,NONPARTISAN,SCATTERING,181,0
2006,APRIL,KEWAUNEE,FRANKLIN TOWN WARD 1,SPRING GENERAL,JUSTICE OF THE SUPREME COURT,NONPARTISAN,PATRICK CROOKS,101,101
2006,APRIL,KEWAUNEE,FRANKLIN TOWN WARD 1,SPRING GENERAL,JUSTICE OF THE SUPREME COURT,NONPARTISAN,SCATTERING,101,0
2006,APRIL,KEWAUNEE,LINCOLN TOWN WARD 1,SPRING GENERAL,JUSTICE OF THE SUPREME COURT,NONPARTISAN,PATRICK CROOKS,84,84
2006,APRIL,KEWAUNEE,LINCOLN TOWN WARD 1,SPRING GENERAL,JUSTICE OF THE SUPREME COURT,NONPARTISAN,SCATTERING,84,0
2006,APRIL,KEWAUNEE,LUXEMBURG TOWN WARDS 1 & 2,SPRING GENERAL,JUSTICE OF THE SUPREME COURT,NONPARTISAN,PATRICK CROOKS,123,123
2006,APRIL,KEWAUNEE,LUXEMBURG TOWN WARDS 1 & 2,SPRING GENERAL,JUSTICE OF THE SUPREME COURT,NONPARTISAN,SCATTERING,123,0
2006,APRIL,KEWAUNEE,MONTPELIER TOWN WARDS 1 - 3,SPRING GENERAL,JUSTICE OF THE SUPREME COURT,NONPARTISAN,PATRICK CROOKS,132,131
2006,APRIL,KEWAUNEE,MONTPELIER TOWN WARDS 1 - 3,SPRING GENERAL,JUSTICE OF THE SUPREME COURT,NONPARTISAN,SCATTERING,132,1
2006,APRIL,KEWAUNEE,PIERCE TOWN WARDS 1 & 2,SPRING GENERAL,JUSTICE OF THE SUPREME COURT,NONPARTISAN,PATRICK CROOKS,148,148
2006,APRIL,KEWAUNEE,PIERCE TOWN WARDS 1 & 2,SPRING GENERAL,JUSTICE OF THE SUPREME COURT,NONPARTISAN,SCATTERING,148,0
2006,APRIL,KEWAUNEE,RED RIVER TOWN WARDS 1 - 3,SPRING GENERAL,JUSTICE OF THE SUPREME COURT,NONPARTISAN,PATRICK CROOKS,96,96
2006,APRIL,KEWAUNEE,RED RIVER TOWN WARDS 1 - 3,SPRING GENERAL,JUSTICE OF THE SUPREME COURT,NONPARTISAN,SCATTERING,96,0
2006,APRIL,KEWAUNEE,WEST KEWAUNEE TOWN WARDS 1 - 3,SPRING GENERAL,JUSTICE OF THE SUPREME COURT,NONPARTISAN,PATRICK CROOKS,187,187
2006,APRIL,KEWAUNEE,WEST KEWAUNEE TOWN WARDS 1 - 3,SPRING GENERAL,JUSTICE OF THE SUPREME COURT,NONPARTISAN,SCATTERING,187,0
2006,APRIL,KEWAUNEE,CASCO VILLAGE WARD 1,SPRING GENERAL,JUSTICE OF THE SUPREME COURT,NONPARTISAN,PATRICK CROOKS,87,87
2006,APRIL,KEWAUNEE,CASCO VILLAGE WARD 1,SPRING GENERAL,JUSTICE OF THE SUPREME COURT,NONPARTISAN,SCATTERING,87,0
2006,APRIL,KEWAUNEE,LUXEMBURG VILLAGE WARDS 1 & 2,SPRING GENERAL,JUSTICE OF THE SUPREME COURT,NONPARTISAN,PATRICK CROOKS,248,248
2006,APRIL,KEWAUNEE,LUXEMBURG VILLAGE WARDS 1 & 2,SPRING GENERAL,JUSTICE OF THE SUPREME COURT,NONPARTISAN,SCATTERING,248,0
2006,APRIL,KEWAUNEE,ALGOMA CITY WARDS 1 - 7,SPRING GENERAL,JUSTICE OF THE SUPREME COURT,NONPARTISAN,PATRICK CROOKS,690,690
2006,APRIL,KEWAUNEE,ALGOMA CITY WARDS 1 - 7,SPRING GENERAL,JUSTICE OF THE SUPREME COURT,NONPARTISAN,SCATTERING,690,0
2006,APRIL,KEWAUNEE,KEWAUNEE CITY WARDS 1 - 5,SPRING GENERAL,JUSTICE OF THE SUPREME COURT,NONPARTISAN,PATRICK CROOKS,356,356
2006,APRIL,KEWAUNEE,KEWAUNEE CITY WARDS 1 - 5,SPRING GENERAL,JUSTICE OF THE SUPREME COURT,NONPARTISAN,SCATTERING,356,0
2006,APRIL,LACROSSE,BANGOR TOWN WARD 1,SPRING GENERAL,JUSTICE OF THE SUPREME COURT,NONPARTISAN,PATRICK CROOKS,58,58
2006,APRIL,LACROSSE,BANGOR TOWN WARD 1,SPRING GENERAL,JUSTICE OF THE SUPREME COURT,NONPARTISAN,SCATTERING,58,0
2006,APRIL,LACROSSE,BARRE TOWN WARDS 1 & 2,SPRING GENERAL,JUSTICE OF THE SUPREME COURT,NONPARTISAN,PATRICK CROOKS,134,134
2006,APRIL,LACROSSE,BARRE TOWN WARDS 1 & 2,SPRING GENERAL,JUSTICE OF THE SUPREME COURT,NONPARTISAN,SCATTERING,134,0
2006,APRIL,LACROSSE,BURNS TOWN WARD 1,SPRING GENERAL,JUSTICE OF THE SUPREME COURT,NONPARTISAN,PATRICK CROOKS,57,55
2006,APRIL,LACROSSE,BURNS TOWN WARD 1,SPRING GENERAL,JUSTICE OF THE SUPREME COURT,NONPARTISAN,SCATTERING,57,2
2006,APRIL,LACROSSE,CAMPBELL TOWN WARDS 1 - 7,SPRING GENERAL,JUSTICE OF THE SUPREME COURT,NONPARTISAN,PATRICK CROOKS,492,480
2006,APRIL,LACROSSE,CAMPBELL TOWN WARDS 1 - 7,SPRING GENERAL,JUSTICE OF THE SUPREME COURT,NONPARTISAN,SCATTERING,492,12
2006,APRIL,LACROSSE,FARMINGTON TOWN WARDS 1 - 3,SPRING GENERAL,JUSTICE OF THE SUPREME COURT,NONPARTISAN,PATRICK CROOKS,69,69
2006,APRIL,LACROSSE,FARMINGTON TOWN WARDS 1 - 3,SPRING GENERAL,JUSTICE OF THE SUPREME COURT,NONPARTISAN,SCATTERING,69,0
2006,APRIL,LACROSSE,GREENFIELD TOWN WARDS 1 - 3,SPRING GENERAL,JUSTICE OF THE SUPREME COURT,NONPARTISAN,PATRICK CROOKS,213,210
2006,APRIL,LACROSSE,GREENFIELD TOWN WARDS 1 - 3,SPRING GENERAL,JUSTICE OF THE SUPREME COURT,NONPARTISAN,SCATTERING,213,3
2006,APRIL,LACROSSE,HAMILTON TOWN WARDS 1 - 3,SPRING GENERAL,JUSTICE OF THE SUPREME COURT,NONPARTISAN,PATRICK CROOKS,409,407
2006,APRIL,LACROSSE,HAMILTON TOWN WARDS 1 - 3,SPRING GENERAL,JUSTICE OF THE SUPREME COURT,NONPARTISAN,SCATTERING,409,2
2006,APRIL,LACROSSE,HOLLAND TOWN WARDS 1 - 4,SPRING GENERAL,JUSTICE OF THE SUPREME COURT,NONPARTISAN,PATRICK CROOKS,133,131
2006,APRIL,LACROSSE,HOLLAND TOWN WARDS 1 - 4,SPRING GENERAL,JUSTICE OF THE SUPREME COURT,NONPARTISAN,SCATTERING,133,2
2006,APRIL,LACROSSE,MEDARY TOWN WARDS 1 & 2,SPRING GENERAL,JUSTICE OF THE SUPREME COURT,NONPARTISAN,PATRICK CROOKS,217,215
2006,APRIL,LACROSSE,MEDARY TOWN WARDS 1 & 2,SPRING GENERAL,JUSTICE OF THE SUPREME COURT,NONPARTISAN,SCATTERING,217,2
2006,APRIL,LACROSSE,ONALASKA TOWN WARDS 1 - 7,SPRING GENERAL,JUSTICE OF THE SUPREME COURT,NONPARTISAN,PATRICK CROOKS,226,225
2006,APRIL,LACROSSE,ONALASKA TOWN WARDS 1 - 7,SPRING GENERAL,JUSTICE OF THE SUPREME COURT,NONPARTISAN,SCATTERING,226,1
2006,APRIL,LACROSSE,SHELBY TOWN WARDS 1 - 6,SPRING GENERAL,JUSTICE OF THE SUPREME COURT,NONPARTISAN,PATRICK CROOKS,478,475
2006,APRIL,LACROSSE,SHELBY TOWN WARDS 1 - 6,SPRING GENERAL,JUSTICE OF THE SUPREME COURT,NONPARTISAN,SCATTERING,478,3
2006,APRIL,LACROSSE,WASHINGTON TOWN WARD 1,SPRING GENERAL,JUSTICE OF THE SUPREME COURT,NONPARTISAN,PATRICK CROOKS,106,104
2006,APRIL,LACROSSE,WASHINGTON TOWN WARD 1,SPRING GENERAL,JUSTICE OF THE SUPREME COURT,NONPARTISAN,SCATTERING,106,2
2006,APRIL,LACROSSE,BANGOR VILLAGE WARDS 1 & 2,SPRING GENERAL,JUSTICE OF THE SUPREME COURT,NONPARTISAN,PATRICK CROOKS,112,112
2006,APRIL,LACROSSE,BANGOR VILLAGE WARDS 1 & 2,SPRING GENERAL,JUSTICE OF THE SUPREME COURT,NONPARTISAN,SCATTERING,112,0
2006,APRIL,LACROSSE,HOLMEN VILLAGE WARDS 1 - 10,SPRING GENERAL,JUSTICE OF THE SUPREME COURT,NONPARTISAN,PATRICK CROOKS,284,283
2006,APRIL,LACROSSE,HOLMEN VILLAGE WARDS 1 - 10,SPRING GENERAL,JUSTICE OF THE SUPREME COURT,NONPARTISAN,SCATTERING,284,1
2006,APRIL,LACROSSE,ROCKLAND VILLAGE WARD 1,SPRING GENERAL,JUSTICE OF THE SUPREME COURT,NONPARTISAN,PATRICK CROOKS,45,45
2006,APRIL,LACROSSE,ROCKLAND VILLAGE WARD 1,SPRING GENERAL,JUSTICE OF THE SUPREME COURT,NONPARTISAN,SCATTERING,45,0
2006,APRIL,LACROSSE,WEST SALEM VILLAGE WARDS 1 - 6,SPRING GENERAL,JUSTICE OF THE SUPREME COURT,NONPARTISAN,PATRICK CROOKS,561,557
2006,APRIL,LACROSSE,WEST SALEM VILLAGE WARDS 1 - 6,SPRING GENERAL,JUSTICE OF THE SUPREME COURT,NONPARTISAN,SCATTERING,561,4
2006,APRIL,LACROSSE,LA CROSSE CITY WARD 1,SPRING GENERAL,JUSTICE OF THE SUPREME COURT,NONPARTISAN,PATRICK CROOKS,233,230
2006,APRIL,LACROSSE,LA CROSSE CITY WARD 1,SPRING GENERAL,JUSTICE OF THE SUPREME COURT,NONPARTISAN,SCATTERING,233,3
2006,APRIL,LACROSSE,LA CROSSE CITY WARDS 2 & 20,SPRING GENERAL,JUSTICE OF THE SUPREME COURT,NONPARTISAN,PATRICK CROOKS,178,178
2006,APRIL,LACROSSE,LA CROSSE CITY WARDS 2 & 20,SPRING GENERAL,JUSTICE OF THE SUPREME COURT,NONPARTISAN,SCATTERING,178,0
2006,APRIL,LACROSSE,LA CROSSE CITY WARDS 3 & 18,SPRING GENERAL,JUSTICE OF THE SUPREME COURT,NONPARTISAN,PATRICK CROOKS,148,146
2006,APRIL,LACROSSE,LA CROSSE CITY WARDS 3 & 18,SPRING GENERAL,JUSTICE OF THE SUPREME COURT,NONPARTISAN,SCATTERING,148,2
2006,APRIL,LACROSSE,LA CROSSE CITY WARD 4,SPRING GENERAL,JUSTICE OF THE SUPREME COURT,NONPARTISAN,PATRICK CROOKS,119,118
2006,APRIL,LACROSSE,LA CROSSE CITY WARD 4,SPRING GENERAL,JUSTICE OF THE SUPREME COURT,NONPARTISAN,SCATTERING,119,1
2006,APRIL,LACROSSE,LA CROSSE CITY WARD 5,SPRING GENERAL,JUSTICE OF THE SUPREME COURT,NONPARTISAN,PATRICK CROOKS,335,324
2006,APRIL,LACROSSE,LA CROSSE CITY WARD 5,SPRING GENERAL,JUSTICE OF THE SUPREME COURT,NONPARTISAN,SCATTERING,335,11
2006,APRIL,LACROSSE,LA CROSSE CITY WARD 6,SPRING GENERAL,JUSTICE OF THE SUPREME COURT,NONPARTISAN,PATRICK CROOKS,210,203
2006,APRIL,LACROSSE,LA CROSSE CITY WARD 6,SPRING GENERAL,JUSTICE OF THE SUPREME COURT,NONPARTISAN,SCATTERING,210,7
2006,APRIL,LACROSSE,LA CROSSE CITY WARD 7,SPRING GENERAL,JUSTICE OF THE SUPREME COURT,NONPARTISAN,PATRICK CROOKS,218,213
2006,APRIL,LACROSSE,LA CROSSE CITY WARD 7,SPRING GENERAL,JUSTICE OF THE SUPREME COURT,NONPARTISAN,SCATTERING,218,5
2006,APRIL,LACROSSE,LA CROSSE CITY WARDS 8 & 21,SPRING GENERAL,JUSTICE OF THE SUPREME COURT,NONPARTISAN,PATRICK CROOKS,617,611
2006,APRIL,LACROSSE,LA CROSSE CITY WARDS 8 & 21,SPRING GENERAL,JUSTICE OF THE SUPREME COURT,NONPARTISAN,SCATTERING,617,6
2006,APRIL,LACROSSE,LA CROSSE CITY WARD 9,SPRING GENERAL,JUSTICE OF THE SUPREME COURT,NONPARTISAN,PATRICK CROOKS,402,400
2006,APRIL,LACROSSE,LA CROSSE CITY WARD 9,SPRING GENERAL,JUSTICE OF THE SUPREME COURT,NONPARTISAN,SCATTERING,402,2
2006,APRIL,LACROSSE,LA CROSSE CITY WARD 10,SPRING GENERAL,JUSTICE OF THE SUPREME COURT,NONPARTISAN,PATRICK CROOKS,308,304
2006,APRIL,LACROSSE,LA CROSSE CITY WARD 10,SPRING GENERAL,JUSTICE OF THE SUPREME COURT,NONPARTISAN,SCATTERING,308,4
2006,APRIL,LACROSSE,LA CROSSE CITY WARD 11,SPRING GENERAL,JUSTICE OF THE SUPREME COURT,NONPARTISAN,PATRICK CROOKS,244,241
2006,APRIL,LACROSSE,LA CROSSE CITY WARD 11,SPRING GENERAL,JUSTICE OF THE SUPREME COURT,NONPARTISAN,SCATTERING,244,3
2006,APRIL,LACROSSE,LA CROSSE CITY WARD 12,SPRING GENERAL,JUSTICE OF THE SUPREME COURT,NONPARTISAN,PATRICK CROOKS,249,244
2006,APRIL,LACROSSE,LA CROSSE CITY WARD 12,SPRING GENERAL,JUSTICE OF THE SUPREME COURT,NONPARTISAN,SCATTERING,249,5
2006,APRIL,LACROSSE,LA CROSSE CITY WARD 13,SPRING GENERAL,JUSTICE OF THE SUPREME COURT,NONPARTISAN,PATRICK CROOKS,160,159
2006,APRIL,LACROSSE,LA CROSSE CITY WARD 13,SPRING GENERAL,JUSTICE OF THE SUPREME COURT,NONPARTISAN,SCATTERING,160,1
2006,APRIL,LACROSSE,LA CROSSE CITY WARD 14,SPRING GENERAL,JUSTICE OF THE SUPREME COURT,NONPARTISAN,PATRICK CROOKS,485,484
2006,APRIL,LACROSSE,LA CROSSE CITY WARD 14,SPRING GENERAL,JUSTICE OF THE SUPREME COURT,NONPARTISAN,SCATTERING,485,1
2006,APRIL,LACROSSE,LA CROSSE CITY WARD 15,SPRING GENERAL,JUSTICE OF THE SUPREME COURT,NONPARTISAN,PATRICK CROOKS,323,317
2006,APRIL,LACROSSE,LA CROSSE CITY WARD 15,SPRING GENERAL,JUSTICE OF THE SUPREME COURT,NONPARTISAN,SCATTERING,323,6
2006,APRIL,LACROSSE,LA CROSSE CITY WARD 16,SPRING GENERAL,JUSTICE OF THE SUPREME COURT,NONPARTISAN,PATRICK CROOKS,353,351
2006,APRIL,LACROSSE,LA CROSSE CITY WARD 16,SPRING GENERAL,JUSTICE OF THE SUPREME COURT,NONPARTISAN,SCATTERING,353,2
2006,APRIL,LACROSSE,LA CROSSE CITY WARDS 17 & 19,SPRING GENERAL,JUSTICE OF THE SUPREME COURT,NONPARTISAN,PATRICK CROOKS,362,362
2006,APRIL,LACROSSE,LA CROSSE CITY WARDS 17 & 19,SPRING GENERAL,JUSTICE OF THE SUPREME COURT,NONPARTISAN,SCATTERING,362,0
2006,APRIL,LACROSSE,ONALASKA CITY WARDS 1 - 4,SPRING GENERAL,JUSTICE OF THE SUPREME COURT,NONPARTISAN,PATRICK CROOKS,326,324
2006,APRIL,LACROSSE,ONALASKA CITY WARDS 1 - 4,SPRING GENERAL,JUSTICE OF THE SUPREME COURT,NONPARTISAN,SCATTERING,326,2
2006,APRIL,LACROSSE,ONALASKA CITY WARDS 5 - 8 & 13,SPRING GENERAL,JUSTICE OF THE SUPREME COURT,NONPARTISAN,PATRICK CROOKS,281,279
2006,APRIL,LACROSSE,ONALASKA CITY WARDS 5 - 8 & 13,SPRING GENERAL,JUSTICE OF THE SUPREME COURT,NONPARTISAN,SCATTERING,281,2
2006,APRIL,LACROSSE,ONALASKA CITY WARDS 9 - 12,SPRING GENERAL,JUSTICE OF THE SUPREME COURT,NONPARTISAN,PATRICK CROOKS,239,236
2006,APRIL,LACROSSE,ONALASKA CITY WARDS 9 - 12,SPRING GENERAL,JUSTICE OF THE SUPREME COURT,NONPARTISAN,SCATTERING,239,3
2006,APRIL,LAFAYETTE,ARGYLE TOWN WARD 1,SPRING GENERAL,JUSTICE OF THE SUPREME COURT,NONPARTISAN,PATRICK CROOKS,18,18
2006,APRIL,LAFAYETTE,ARGYLE TOWN WARD 1,SPRING GENERAL,JUSTICE OF THE SUPREME COURT,NONPARTISAN,SCATTERING,18,0
2006,APRIL,LAFAYETTE,ARGYLE TOWN WARD 2,SPRING GENERAL,JUSTICE OF THE SUPREME COURT,NONPARTISAN,PATRICK CROOKS,11,11
2006,APRIL,LAFAYETTE,ARGYLE TOWN WARD 2,SPRING GENERAL,JUSTICE OF THE SUPREME COURT,NONPARTISAN,SCATTERING,11,0
2006,APRIL,LAFAYETTE,BELMONT TOWN WARD 1,SPRING GENERAL,JUSTICE OF THE SUPREME COURT,NONPARTISAN,PATRICK CROOKS,54,54
2006,APRIL,LAFAYETTE,BELMONT TOWN WARD 1,SPRING GENERAL,JUSTICE OF THE SUPREME COURT,NONPARTISAN,SCATTERING,54,0
2006,APRIL,LAFAYETTE,BELMONT TOWN WARD 2,SPRING GENERAL,JUSTICE OF THE SUPREME COURT,NONPARTISAN,PATRICK CROOKS,26,26
2006,APRIL,LAFAYETTE,BELMONT TOWN WARD 2,SPRING GENERAL,JUSTICE OF THE SUPREME COURT,NONPARTISAN,SCATTERING,26,0
2006,APRIL,LAFAYETTE,BENTON TOWN WARD 1,SPRING GENERAL,JUSTICE OF THE SUPREME COURT,NONPARTISAN,PATRICK CROOKS,23,23
2006,APRIL,LAFAYETTE,BENTON TOWN WARD 1,SPRING GENERAL,JUSTICE OF THE SUPREME COURT,NONPARTISAN,SCATTERING,23,0
2006,APRIL,LAFAYETTE,BENTON TOWN WARD 2,SPRING GENERAL,JUSTICE OF THE SUPREME COURT,NONPARTISAN,PATRICK CROOKS,10,10
2006,APRIL,LAFAYETTE,BENTON TOWN WARD 2,SPRING GENERAL,JUSTICE OF THE SUPREME COURT,NONPARTISAN,SCATTERING,10,0
2006,APRIL,LAFAYETTE,BLANCHARD TOWN WARD 1,SPRING GENERAL,JUSTICE OF THE SUPREME COURT,NONPARTISAN,PATRICK CROOKS,21,21
2006,APRIL,LAFAYETTE,BLANCHARD TOWN WARD 1,SPRING GENERAL,JUSTICE OF THE SUPREME COURT,NONPARTISAN,SCATTERING,21,0
2006,APRIL,LAFAYETTE,DARLINGTON TOWN WARD 1,SPRING GENERAL,JUSTICE OF THE SUPREME COURT,NONPARTISAN,PATRICK CROOKS,30,30
2006,APRIL,LAFAYETTE,DARLINGTON TOWN WARD 1,SPRING GENERAL,JUSTICE OF THE SUPREME COURT,NONPARTISAN,SCATTERING,30,0
2006,APRIL,LAFAYETTE,DARLINGTON TOWN WARD 2,SPRING GENERAL,JUSTICE OF THE SUPREME COURT,NONPARTISAN,PATRICK CROOKS,36,36
2006,APRIL,LAFAYETTE,DARLINGTON TOWN WARD 2,SPRING GENERAL,JUSTICE OF THE SUPREME COURT,NONPARTISAN,SCATTERING,36,0
2006,APRIL,LAFAYETTE,ELK GROVE TOWN WARD 1,SPRING GENERAL,JUSTICE OF THE SUPREME COURT,NONPARTISAN,PATRICK CROOKS,81,81
2006,APRIL,LAFAYETTE,ELK GROVE TOWN WARD 1,SPRING GENERAL,JUSTICE OF THE SUPREME COURT,NONPARTISAN,SCATTERING,81,0
2006,APRIL,LAFAYETTE,FAYETTE TOWN WARD 1,SPRING GENERAL,JUSTICE OF THE SUPREME COURT,NONPARTISAN,PATRICK CROOKS,40,40
2006,APRIL,LAFAYETTE,FAYETTE TOWN WARD 1,SPRING GENERAL,JUSTICE OF THE SUPREME COURT,NONPARTISAN,SCATTERING,40,0
2006,APRIL,LAFAYETTE,GRATIOT TOWN WARD 1,SPRING GENERAL,JUSTICE OF THE SUPREME COURT,NONPARTISAN,PATRICK CROOKS,49,49
2006,APRIL,LAFAYETTE,GRATIOT TOWN WARD 1,SPRING GENERAL,JUSTICE OF THE SUPREME COURT,NONPARTISAN,SCATTERING,49,0
2006,APRIL,LAFAYETTE,KENDALL TOWN WARD 1,SPRING GENERAL,JUSTICE OF THE SUPREME COURT,NONPARTISAN,PATRICK CROOKS,33,33
2006,APRIL,LAFAYETTE,KENDALL TOWN WARD 1,SPRING GENERAL,JUSTICE OF THE SUPREME COURT,NONPARTISAN,SCATTERING,33,0
2006,APRIL,LAFAYETTE,LAMONT TOWN WARD 1,SPRING GENERAL,JUSTICE OF THE SUPREME COURT,NONPARTISAN,PATRICK CROOKS,28,28
2006,APRIL,LAFAYETTE,LAMONT TOWN WARD 1,SPRING GENERAL,JUSTICE OF THE SUPREME COURT,NONPARTISAN,SCATTERING,28,0
2006,APRIL,LAFAYETTE,MONTICELLO TOWN WARD 1,SPRING GENERAL,JUSTICE OF THE SUPREME COURT,NONPARTISAN,PATRICK CROOKS,17,17
2006,APRIL,LAFAYETTE,MONTICELLO TOWN WARD 1,SPRING GENERAL,JUSTICE OF THE SUPREME COURT,NONPARTISAN,SCATTERING,17,0
2006,APRIL,LAFAYETTE,NEW DIGGINGS TOWN WARD 1,SPRING GENERAL,JUSTICE OF THE SUPREME COURT,NONPARTISAN,PATRICK CROOKS,60,60
2006,APRIL,LAFAYETTE,NEW DIGGINGS TOWN WARD 1,SPRING GENERAL,JUSTICE OF THE SUPREME COURT,NONPARTISAN,SCATTERING,60,0
2006,APRIL,LAFAYETTE,SEYMOUR TOWN WARD 1,SPRING GENERAL,JUSTICE OF THE SUPREME COURT,NONPARTISAN,PATRICK CROOKS,36,36
2006,APRIL,LAFAYETTE,SEYMOUR TOWN WARD 1,SPRING GENERAL,JUSTICE OF THE SUPREME COURT,NONPARTISAN,SCATTERING,36,0
2006,APRIL,LAFAYETTE,SHULLSBURG TOWN WARD 1,SPRING GENERAL,JUSTICE OF THE SUPREME COURT,NONPARTISAN,PATRICK CROOKS,23,23
2006,APRIL,LAFAYETTE,SHULLSBURG TOWN WARD 1,SPRING GENERAL,JUSTICE OF THE SUPREME COURT,NONPARTISAN,SCATTERING,23,0
2006,APRIL,LAFAYETTE,WAYNE TOWN WARD 1,SPRING GENERAL,JUSTICE OF THE SUPREME COURT,NONPARTISAN,PATRICK CROOKS,23,23
2006,APRIL,LAFAYETTE,WAYNE TOWN WARD 1,SPRING GENERAL,JUSTICE OF THE SUPREME COURT,NONPARTISAN,SCATTERING,23,0
2006,APRIL,LAFAYETTE,WHITE OAK SPRINGS TOWN WARD 1,SPRING GENERAL,JUSTICE OF THE SUPREME COURT,NONPARTISAN,PATRICK CROOKS,14,14
2006,APRIL,LAFAYETTE,WHITE OAK SPRINGS TOWN WARD 1,SPRING GENERAL,JUSTICE OF THE SUPREME COURT,NONPARTISAN,SCATTERING,14,0
2006,APRIL,LAFAYETTE,WILLOW SPRINGS TOWN WARD 1,SPRING GENERAL,JUSTICE OF THE SUPREME COURT,NONPARTISAN,PATRICK CROOKS,44,44
2006,APRIL,LAFAYETTE,WILLOW SPRINGS TOWN WARD 1,SPRING GENERAL,JUSTICE OF THE SUPREME COURT,NONPARTISAN,SCATTERING,44,0
2006,APRIL,LAFAYETTE,WIOTA TOWN WARD 1,SPRING GENERAL,JUSTICE OF THE SUPREME COURT,NONPARTISAN,PATRICK CROOKS,72,72
2006,APRIL,LAFAYETTE,WIOTA TOWN WARD 1,SPRING GENERAL,JUSTICE OF THE SUPREME COURT,NONPARTISAN,SCATTERING,72,0
2006,APRIL,LAFAYETTE,ARGYLE VILLAGE WARD 1,SPRING GENERAL,JUSTICE OF THE SUPREME COURT,NONPARTISAN,PATRICK CROOKS,94,94
2006,APRIL,LAFAYETTE,ARGYLE VILLAGE WARD 1,SPRING GENERAL,JUSTICE OF THE SUPREME COURT,NONPARTISAN,SCATTERING,94,0
2006,APRIL,LAFAYETTE,BELMONT VILLAGE WARD 1,SPRING GENERAL,JUSTICE OF THE SUPREME COURT,NONPARTISAN,PATRICK CROOKS,144,144
2006,APRIL,LAFAYETTE,BELMONT VILLAGE WARD 1,SPRING GENERAL,JUSTICE OF THE SUPREME COURT,NONPARTISAN,SCATTERING,144,0
2006,APRIL,LAFAYETTE,BENTON VILLAGE WARD 1,SPRING GENERAL,JUSTICE OF THE SUPREME COURT,NONPARTISAN,PATRICK CROOKS,90,90
2006,APRIL,LAFAYETTE,BENTON VILLAGE WARD 1,SPRING GENERAL,JUSTICE OF THE SUPREME COURT,NONPARTISAN,SCATTERING,90,0
2006,APRIL,LAFAYETTE,BLANCHARDVILLE VILLAGE WARD 1,SPRING GENERAL,JUSTICE OF THE SUPREME COURT,NONPARTISAN,PATRICK CROOKS,56,56
2006,APRIL,LAFAYETTE,BLANCHARDVILLE VILLAGE WARD 1,SPRING GENERAL,JUSTICE OF THE SUPREME COURT,NONPARTISAN,SCATTERING,56,0
2006,APRIL,LAFAYETTE,GRATIOT VILLAGE WARD 1,SPRING GENERAL,JUSTICE OF THE SUPREME COURT,NONPARTISAN,PATRICK CROOKS,17,17
2006,APRIL,LAFAYETTE,GRATIOT VILLAGE WARD 1,SPRING GENERAL,JUSTICE OF THE SUPREME COURT,NONPARTISAN,SCATTERING,17,0
2006,APRIL,LAFAYETTE,HAZEL GREEN VILLAGE WARD 3,SPRING GENERAL,JUSTICE OF THE SUPREME COURT,NONPARTISAN,PATRICK CROOKS,2,2
2006,APRIL,LAFAYETTE,HAZEL GREEN VILLAGE WARD 3,SPRING GENERAL,JUSTICE OF THE SUPREME COURT,NONPARTISAN,SCATTERING,2,0
2006,APRIL,LAFAYETTE,SOUTH WAYNE VILLAGE WARD 1,SPRING GENERAL,JUSTICE OF THE SUPREME COURT,NONPARTISAN,PATRICK CROOKS,52,52
2006,APRIL,LAFAYETTE,SOUTH WAYNE VILLAGE WARD 1,SPRING GENERAL,JUSTICE OF THE SUPREME COURT,NONPARTISAN,SCATTERING,52,0
2006,APRIL,LAFAYETTE,CUBA CITY CITY WARD 6,SPRING GENERAL,JUSTICE OF THE SUPREME COURT,NONPARTISAN,PATRICK CROOKS,34,34
2006,APRIL,LAFAYETTE,CUBA CITY CITY WARD 6,SPRING GENERAL,JUSTICE OF THE SUPREME COURT,NONPARTISAN,SCATTERING,34,0
2006,APRIL,LAFAYETTE,CUBA CITY CITY WARD 7,SPRING GENERAL,JUSTICE OF THE SUPREME COURT,NONPARTISAN,PATRICK CROOKS,32,32
2006,APRIL,LAFAYETTE,CUBA CITY CITY WARD 7,SPRING GENERAL,JUSTICE OF THE SUPREME COURT,NONPARTISAN,SCATTERING,32,0
2006,APRIL,LAFAYETTE,DARLINGTON CITY WARD 1,SPRING GENERAL,JUSTICE OF THE SUPREME COURT,NONPARTISAN,PATRICK CROOKS,50,50
2006,APRIL,LAFAYETTE,DARLINGTON CITY WARD 1,SPRING GENERAL,JUSTICE OF THE SUPREME COURT,NONPARTISAN,SCATTERING,50,0
2006,APRIL,LAFAYETTE,DARLINGTON CITY WARD 2,SPRING GENERAL,JUSTICE OF THE SUPREME COURT,NONPARTISAN,PATRICK CROOKS,26,26
2006,APRIL,LAFAYETTE,DARLINGTON CITY WARD 2,SPRING GENERAL,JUSTICE OF THE SUPREME COURT,NONPARTISAN,SCATTERING,26,0
2006,APRIL,LAFAYETTE,DARLINGTON CITY WARD 3,SPRING GENERAL,JUSTICE OF THE SUPREME COURT,NONPARTISAN,PATRICK CROOKS,40,40
2006,APRIL,LAFAYETTE,DARLINGTON CITY WARD 3,SPRING GENERAL,JUSTICE OF THE SUPREME COURT,NONPARTISAN,SCATTERING,40,0
2006,APRIL,LAFAYETTE,DARLINGTON CITY WARD 4,SPRING GENERAL,JUSTICE OF THE SUPREME COURT,NONPARTISAN,PATRICK CROOKS,42,42
2006,APRIL,LAFAYETTE,DARLINGTON CITY WARD 4,SPRING GENERAL,JUSTICE OF THE SUPREME COURT,NONPARTISAN,SCATTERING,42,0
2006,APRIL,LAFAYETTE,DARLINGTON CITY WARD 5,SPRING GENERAL,JUSTICE OF THE SUPREME COURT,NONPARTISAN,PATRICK CROOKS,45,45
2006,APRIL,LAFAYETTE,DARLINGTON CITY WARD 5,SPRING GENERAL,JUSTICE OF THE SUPREME COURT,NONPARTISAN,SCATTERING,45,0
2006,APRIL,LAFAYETTE,DARLINGTON CITY WARD 6,SPRING GENERAL,JUSTICE OF THE SUPREME COURT,NONPARTISAN,PATRICK CROOKS,45,45
2006,APRIL,LAFAYETTE,DARLINGTON CITY WARD 6,SPRING GENERAL,JUSTICE OF THE SUPREME COURT,NONPARTISAN,SCATTERING,45,0
2006,APRIL,LAFAYETTE,SHULLSBURG CITY WARD 1,SPRING GENERAL,JUSTICE OF THE SUPREME COURT,NONPARTISAN,PATRICK CROOKS,55,55
2006,APRIL,LAFAYETTE,SHULLSBURG CITY WARD 1,SPRING GENERAL,JUSTICE OF THE SUPREME COURT,NONPARTISAN,SCATTERING,55,0
2006,APRIL,LAFAYETTE,SHULLSBURG CITY WARD 2,SPRING GENERAL,JUSTICE OF THE SUPREME COURT,NONPARTISAN,PATRICK CROOKS,78,78
2006,APRIL,LAFAYETTE,SHULLSBURG CITY WARD 2,SPRING GENERAL,JUSTICE OF THE SUPREME COURT,NONPARTISAN,SCATTERING,78,0
2006,APRIL,LAFAYETTE,SHULLSBURG CITY WARD 3,SPRING GENERAL,JUSTICE OF THE SUPREME COURT,NONPARTISAN,PATRICK CROOKS,54,54
2006,APRIL,LAFAYETTE,SHULLSBURG CITY WARD 3,SPRING GENERAL,JUSTICE OF THE SUPREME COURT,NONPARTISAN,SCATTERING,54,0
2006,APRIL,LANGLADE,ACKLEY TOWN WARD 1,SPRING GENERAL,JUSTICE OF THE SUPREME COURT,NONPARTISAN,PATRICK CROOKS,60,60
2006,APRIL,LANGLADE,ACKLEY TOWN WARD 1,SPRING GENERAL,JUSTICE OF THE SUPREME COURT,NONPARTISAN,SCATTERING,60,0
2006,APRIL,LANGLADE,AINSWORTH TOWN WARD 1,SPRING GENERAL,JUSTICE OF THE SUPREME COURT,NONPARTISAN,PATRICK CROOKS,65,65
2006,APRIL,LANGLADE,AINSWORTH TOWN WARD 1,SPRING GENERAL,JUSTICE OF THE SUPREME COURT,NONPARTISAN,SCATTERING,65,0
2006,APRIL,LANGLADE,ANTIGO TOWN WARD 1,SPRING GENERAL,JUSTICE OF THE SUPREME COURT,NONPARTISAN,PATRICK CROOKS,60,60
2006,APRIL,LANGLADE,ANTIGO TOWN WARD 1,SPRING GENERAL,JUSTICE OF THE SUPREME COURT,NONPARTISAN,SCATTERING,60,0
2006,APRIL,LANGLADE,ANTIGO TOWN WARD 2,SPRING GENERAL,JUSTICE OF THE SUPREME COURT,NONPARTISAN,PATRICK CROOKS,51,51
2006,APRIL,LANGLADE,ANTIGO TOWN WARD 2,SPRING GENERAL,JUSTICE OF THE SUPREME COURT,NONPARTISAN,SCATTERING,51,0
2006,APRIL,LANGLADE,ELCHO TOWN WARD 1,SPRING GENERAL,JUSTICE OF THE SUPREME COURT,NONPARTISAN,PATRICK CROOKS,42,42
2006,APRIL,LANGLADE,ELCHO TOWN WARD 1,SPRING GENERAL,JUSTICE OF THE SUPREME COURT,NONPARTISAN,SCATTERING,42,0
2006,APRIL,LANGLADE,ELCHO TOWN WARD 2,SPRING GENERAL,JUSTICE OF THE SUPREME COURT,NONPARTISAN,PATRICK CROOKS,33,33
2006,APRIL,LANGLADE,ELCHO TOWN WARD 2,SPRING GENERAL,JUSTICE OF THE SUPREME COURT,NONPARTISAN,SCATTERING,33,0
2006,APRIL,LANGLADE,ELCHO TOWN WARD 3,SPRING GENERAL,JUSTICE OF THE SUPREME COURT,NONPARTISAN,PATRICK CROOKS,20,20
2006,APRIL,LANGLADE,ELCHO TOWN WARD 3,SPRING GENERAL,JUSTICE OF THE SUPREME COURT,NONPARTISAN,SCATTERING,20,0
2006,APRIL,LANGLADE,EVERGREEN TOWN WARD 1,SPRING GENERAL,JUSTICE OF THE SUPREME COURT,NONPARTISAN,PATRICK CROOKS,98,98
2006,APRIL,LANGLADE,EVERGREEN TOWN WARD 1,SPRING GENERAL,JUSTICE OF THE SUPREME COURT,NONPARTISAN,SCATTERING,98,0
2006,APRIL,LANGLADE,LANGLADE TOWN WARD 1,SPRING GENERAL,JUSTICE OF THE SUPREME COURT,NONPARTISAN,PATRICK CROOKS,18,18
2006,APRIL,LANGLADE,LANGLADE TOWN WARD 1,SPRING GENERAL,JUSTICE OF THE SUPREME COURT,NONPARTISAN,SCATTERING,18,0
2006,APRIL,LANGLADE,LANGLADE TOWN WARD 2,SPRING GENERAL,JUSTICE OF THE SUPREME COURT,NONPARTISAN,PATRICK CROOKS,12,12
2006,APRIL,LANGLADE,LANGLADE TOWN WARD 2,SPRING GENERAL,JUSTICE OF THE SUPREME COURT,NONPARTISAN,SCATTERING,12,0
2006,APRIL,LANGLADE,NEVA TOWN WARD 1,SPRING GENERAL,JUSTICE OF THE SUPREME COURT,NONPARTISAN,PATRICK CROOKS,148,148
2006,APRIL,LANGLADE,NEVA TOWN WARD 1,SPRING GENERAL,JUSTICE OF THE SUPREME COURT,NONPARTISAN,SCATTERING,148,0
2006,APRIL,LANGLADE,NORWOOD TOWN WARD 1,SPRING GENERAL,JUSTICE OF THE SUPREME COURT,NONPARTISAN,PATRICK CROOKS,39,39
2006,APRIL,LANGLADE,NORWOOD TOWN WARD 1,SPRING GENERAL,JUSTICE OF THE SUPREME COURT,NONPARTISAN,SCATTERING,39,0
2006,APRIL,LANGLADE,NORWOOD TOWN WARD 2,SPRING GENERAL,JUSTICE OF THE SUPREME COURT,NONPARTISAN,PATRICK CROOKS,3,3
2006,APRIL,LANGLADE,NORWOOD TOWN WARD 2,SPRING GENERAL,JUSTICE OF THE SUPREME COURT,NONPARTISAN,SCATTERING,3,0
2006,APRIL,LANGLADE,PARRISH TOWN WARD 1,SPRING GENERAL,JUSTICE OF THE SUPREME COURT,NONPARTISAN,PATRICK CROOKS,20,20
2006,APRIL,LANGLADE,PARRISH TOWN WARD 1,SPRING GENERAL,JUSTICE OF THE SUPREME COURT,NONPARTISAN,SCATTERING,20,0
2006,APRIL,LANGLADE,PECK TOWN WARD 1,SPRING GENERAL,JUSTICE OF THE SUPREME COURT,NONPARTISAN,PATRICK CROOKS,44,44
2006,APRIL,LANGLADE,PECK TOWN WARD 1,SPRING GENERAL,JUSTICE OF THE SUPREME COURT,NONPARTISAN,SCATTERING,44,0
2006,APRIL,LANGLADE,POLAR TOWN WARD 1,SPRING GENERAL,JUSTICE OF THE SUPREME COURT,NONPARTISAN,PATRICK CROOKS,32,32
2006,APRIL,LANGLADE,POLAR TOWN WARD 1,SPRING GENERAL,JUSTICE OF THE SUPREME COURT,NONPARTISAN,SCATTERING,32,0
2006,APRIL,LANGLADE,POLAR TOWN WARD 2,SPRING GENERAL,JUSTICE OF THE SUPREME COURT,NONPARTISAN,PATRICK CROOKS,8,8
2006,APRIL,LANGLADE,POLAR TOWN WARD 2,SPRING GENERAL,JUSTICE OF THE SUPREME COURT,NONPARTISAN,SCATTERING,8,0
2006,APRIL,LANGLADE,PRICE TOWN WARD 1,SPRING GENERAL,JUSTICE OF THE SUPREME COURT,NONPARTISAN,PATRICK CROOKS,13,12
2006,APRIL,LANGLADE,PRICE TOWN WARD 1,SPRING GENERAL,JUSTICE OF THE SUPREME COURT,NONPARTISAN,SCATTERING,13,1
2006,APRIL,LANGLADE,PRICE TOWN WARD 2,SPRING GENERAL,JUSTICE OF THE SUPREME COURT,NONPARTISAN,PATRICK CROOKS,7,7
2006,APRIL,LANGLADE,PRICE TOWN WARD 2,SPRING GENERAL,JUSTICE OF THE SUPREME COURT,NONPARTISAN,SCATTERING,7,0
2006,APRIL,LANGLADE,ROLLING TOWN WARD 1,SPRING GENERAL,JUSTICE OF THE SUPREME COURT,NONPARTISAN,PATRICK CROOKS,53,53
2006,APRIL,LANGLADE,ROLLING TOWN WARD 1,SPRING GENERAL,JUSTICE OF THE SUPREME COURT,NONPARTISAN,SCATTERING,53,0
2006,APRIL,LANGLADE,ROLLING TOWN WARD 2,SPRING GENERAL,JUSTICE OF THE SUPREME COURT,NONPARTISAN,PATRICK CROOKS,41,41
2006,APRIL,LANGLADE,ROLLING TOWN WARD 2,SPRING GENERAL,JUSTICE OF THE SUPREME COURT,NONPARTISAN,SCATTERING,41,0
2006,APRIL,LANGLADE,SUMMIT TOWN WARD 1,SPRING GENERAL,JUSTICE OF THE SUPREME COURT,NONPARTISAN,PATRICK CROOKS,25,25
2006,APRIL,LANGLADE,SUMMIT TOWN WARD 1,SPRING GENERAL,JUSTICE OF THE SUPREME COURT,NONPARTISAN,SCATTERING,25,0
2006,APRIL,LANGLADE,UPHAM TOWN WARD 1,SPRING GENERAL,JUSTICE OF THE SUPREME COURT,NONPARTISAN,PATRICK CROOKS,118,118
2006,APRIL,LANGLADE,UPHAM TOWN WARD 1,SPRING GENERAL,JUSTICE OF THE SUPREME COURT,NONPARTISAN,SCATTERING,118,0
2006,APRIL,LANGLADE,VILAS TOWN WARD 1,SPRING GENERAL,JUSTICE OF THE SUPREME COURT,NONPARTISAN,PATRICK CROOKS,28,28
2006,APRIL,LANGLADE,VILAS TOWN WARD 1,SPRING GENERAL,JUSTICE OF THE SUPREME COURT,NONPARTISAN,SCATTERING,28,0
2006,APRIL,LANGLADE,WOLF RIVER TOWN WARD 1,SPRING GENERAL,JUSTICE OF THE SUPREME COURT,NONPARTISAN,PATRICK CROOKS,213,213
2006,APRIL,LANGLADE,WOLF RIVER TOWN WARD 1,SPRING GENERAL,JUSTICE OF THE SUPREME COURT,NONPARTISAN,SCATTERING,213,0
2006,APRIL,LANGLADE,WOLF RIVER TOWN WARD 2,SPRING GENERAL,JUSTICE OF THE SUPREME COURT,NONPARTISAN,PATRICK CROOKS,20,20
2006,APRIL,LANGLADE,WOLF RIVER TOWN WARD 2,SPRING GENERAL,JUSTICE OF THE SUPREME COURT,NONPARTISAN,SCATTERING,20,0
2006,APRIL,LANGLADE,WHITE LAKE VILLAGE WARD 1,SPRING GENERAL,JUSTICE OF THE SUPREME COURT,NONPARTISAN,PATRICK CROOKS,80,79
2006,APRIL,LANGLADE,WHITE LAKE VILLAGE WARD 1,SPRING GENERAL,JUSTICE OF THE SUPREME COURT,NONPARTISAN,SCATTERING,80,1
2006,APRIL,LANGLADE,ANTIGO CITY WARD 1,SPRING GENERAL,JUSTICE OF THE SUPREME COURT,NONPARTISAN,PATRICK CROOKS,99,98
2006,APRIL,LANGLADE,ANTIGO CITY WARD 1,SPRING GENERAL,JUSTICE OF THE SUPREME COURT,NONPARTISAN,SCATTERING,99,1
2006,APRIL,LANGLADE,ANTIGO CITY WARD 2,SPRING GENERAL,JUSTICE OF THE SUPREME COURT,NONPARTISAN,PATRICK CROOKS,84,83
2006,APRIL,LANGLADE,ANTIGO CITY WARD 2,SPRING GENERAL,JUSTICE OF THE SUPREME COURT,NONPARTISAN,SCATTERING,84,1
2006,APRIL,LANGLADE,ANTIGO CITY WARD 3,SPRING GENERAL,JUSTICE OF THE SUPREME COURT,NONPARTISAN,PATRICK CROOKS,78,78
2006,APRIL,LANGLADE,ANTIGO CITY WARD 3,SPRING GENERAL,JUSTICE OF THE SUPREME COURT,NONPARTISAN,SCATTERING,78,0
2006,APRIL,LANGLADE,ANTIGO CITY WARD 4,SPRING GENERAL,JUSTICE OF THE SUPREME COURT,NONPARTISAN,PATRICK CROOKS,106,103
2006,APRIL,LANGLADE,ANTIGO CITY WARD 4,SPRING GENERAL,JUSTICE OF THE SUPREME COURT,NONPARTISAN,SCATTERING,106,3
2006,APRIL,LANGLADE,ANTIGO CITY WARD 5,SPRING GENERAL,JUSTICE OF THE SUPREME COURT,NONPARTISAN,PATRICK CROOKS,64,62
2006,APRIL,LANGLADE,ANTIGO CITY WARD 5,SPRING GENERAL,JUSTICE OF THE SUPREME COURT,NONPARTISAN,SCATTERING,64,2
2006,APRIL,LANGLADE,ANTIGO CITY WARD 6,SPRING GENERAL,JUSTICE OF THE SUPREME COURT,NONPARTISAN,PATRICK CROOKS,82,80
2006,APRIL,LANGLADE,ANTIGO CITY WARD 6,SPRING GENERAL,JUSTICE OF THE SUPREME COURT,NONPARTISAN,SCATTERING,82,2
2006,APRIL,LANGLADE,ANTIGO CITY WARD 7,SPRING GENERAL,JUSTICE OF THE SUPREME COURT,NONPARTISAN,PATRICK CROOKS,91,91
2006,APRIL,LANGLADE,ANTIGO CITY WARD 7,SPRING GENERAL,JUSTICE OF THE SUPREME COURT,NONPARTISAN,SCATTERING,91,0
2006,APRIL,LANGLADE,ANTIGO CITY WARD 8,SPRING GENERAL,JUSTICE OF THE SUPREME COURT,NONPARTISAN,PATRICK CROOKS,106,105
2006,APRIL,LANGLADE,ANTIGO CITY WARD 8,SPRING GENERAL,JUSTICE OF THE SUPREME COURT,NONPARTISAN,SCATTERING,106,1
2006,APRIL,LANGLADE,ANTIGO CITY WARD 9,SPRING GENERAL,JUSTICE OF THE SUPREME COURT,NONPARTISAN,PATRICK CROOKS,120,119
2006,APRIL,LANGLADE,ANTIGO CITY WARD 9,SPRING GENERAL,JUSTICE OF THE SUPREME COURT,NONPARTISAN,SCATTERING,120,1
2006,APRIL,LINCOLN,BIRCH TOWN WARDS 1 & 2,SPRING GENERAL,JUSTICE OF THE SUPREME COURT,NONPARTISAN,PATRICK CROOKS,45,45
2006,APRIL,LINCOLN,BIRCH TOWN WARDS 1 & 2,SPRING GENERAL,JUSTICE OF THE SUPREME COURT,NONPARTISAN,SCATTERING,45,0
2006,APRIL,LINCOLN,BRADLEY TOWN WARDS 1 - 4,SPRING GENERAL,JUSTICE OF THE SUPREME COURT,NONPARTISAN,PATRICK CROOKS,110,109
2006,APRIL,LINCOLN,BRADLEY TOWN WARDS 1 - 4,SPRING GENERAL,JUSTICE OF THE SUPREME COURT,NONPARTISAN,SCATTERING,110,1
2006,APRIL,LINCOLN,CORNING TOWN WARD 1,SPRING GENERAL,JUSTICE OF THE SUPREME COURT,NONPARTISAN,PATRICK CROOKS,84,82
2006,APRIL,LINCOLN,CORNING TOWN WARD 1,SPRING GENERAL,JUSTICE OF THE SUPREME COURT,NONPARTISAN,SCATTERING,84,2
2006,APRIL,LINCOLN,HARDING TOWN WARD 1,SPRING GENERAL,JUSTICE OF THE SUPREME COURT,NONPARTISAN,PATRICK CROOKS,46,46
2006,APRIL,LINCOLN,HARDING TOWN WARD 1,SPRING GENERAL,JUSTICE OF THE SUPREME COURT,NONPARTISAN,SCATTERING,46,0
2006,APRIL,LINCOLN,HARRISON TOWN WARDS 1 - 4,SPRING GENERAL,JUSTICE OF THE SUPREME COURT,NONPARTISAN,PATRICK CROOKS,106,104
2006,APRIL,LINCOLN,HARRISON TOWN WARDS 1 - 4,SPRING GENERAL,JUSTICE OF THE SUPREME COURT,NONPARTISAN,SCATTERING,106,2
2006,APRIL,LINCOLN,KING TOWN WARD 1,SPRING GENERAL,JUSTICE OF THE SUPREME COURT,NONPARTISAN,PATRICK CROOKS,101,101
2006,APRIL,LINCOLN,KING TOWN WARD 1,SPRING GENERAL,JUSTICE OF THE SUPREME COURT,NONPARTISAN,SCATTERING,101,0
2006,APRIL,LINCOLN,MERRILL TOWN WARDS 1 - 5,SPRING GENERAL,JUSTICE OF THE SUPREME COURT,NONPARTISAN,PATRICK CROOKS,326,322
2006,APRIL,LINCOLN,MERRILL TOWN WARDS 1 - 5,SPRING GENERAL,JUSTICE OF THE SUPREME COURT,NONPARTISAN,SCATTERING,326,4
2006,APRIL,LINCOLN,PINE RIVER TOWN WARDS 1 - 3,SPRING GENERAL,JUSTICE OF THE SUPREME COURT,NONPARTISAN,PATRICK CROOKS,242,241
2006,APRIL,LINCOLN,PINE RIVER TOWN WARDS 1 - 3,SPRING GENERAL,JUSTICE OF THE SUPREME COURT,NONPARTISAN,SCATTERING,242,1
2006,APRIL,LINCOLN,ROCK FALLS TOWN WARDS 1 & 2,SPRING GENERAL,JUSTICE OF THE SUPREME COURT,NONPARTISAN,PATRICK CROOKS,95,93
2006,APRIL,LINCOLN,ROCK FALLS TOWN WARDS 1 & 2,SPRING GENERAL,JUSTICE OF THE SUPREME COURT,NONPARTISAN,SCATTERING,95,2
2006,APRIL,LINCOLN,RUSSELL TOWN WARD 1,SPRING GENERAL,JUSTICE OF THE SUPREME COURT,NONPARTISAN,PATRICK CROOKS,107,107
2006,APRIL,LINCOLN,RUSSELL TOWN WARD 1,SPRING GENERAL,JUSTICE OF THE SUPREME COURT,NONPARTISAN,SCATTERING,107,0
2006,APRIL,LINCOLN,SCHLEY TOWN WARDS 1 & 2,SPRING GENERAL,JUSTICE OF THE SUPREME COURT,NONPARTISAN,PATRICK CROOKS,119,118
2006,APRIL,LINCOLN,SCHLEY TOWN WARDS 1 & 2,SPRING GENERAL,JUSTICE OF THE SUPREME COURT,NONPARTISAN,SCATTERING,119,1
2006,APRIL,LINCOLN,SCOTT TOWN WARDS 1 & 2,SPRING GENERAL,JUSTICE OF THE SUPREME COURT,NONPARTISAN,PATRICK CROOKS,83,82
2006,APRIL,LINCOLN,SCOTT TOWN WARDS 1 & 2,SPRING GENERAL,JUSTICE OF THE SUPREME COURT,NONPARTISAN,SCATTERING,83,1
2006,APRIL,LINCOLN,SKANAWAN TOWN WARD 1,SPRING GENERAL,JUSTICE OF THE SUPREME COURT,NONPARTISAN,PATRICK CROOKS,32,32
2006,APRIL,LINCOLN,SKANAWAN TOWN WARD 1,SPRING GENERAL,JUSTICE OF THE SUPREME COURT,NONPARTISAN,SCATTERING,32,0
2006,APRIL,LINCOLN,SOMO TOWN WARD 1,SPRING GENERAL,JUSTICE OF THE SUPREME COURT,NONPARTISAN,PATRICK CROOKS,10,10
2006,APRIL,LINCOLN,SOMO TOWN WARD 1,SPRING GENERAL,JUSTICE OF THE SUPREME COURT,NONPARTISAN,SCATTERING,10,0
2006,APRIL,LINCOLN,TOMAHAWK TOWN WARDS 1 & 2,SPRING GENERAL,JUSTICE OF THE SUPREME COURT,NONPARTISAN,PATRICK CROOKS,15,15
2006,APRIL,LINCOLN,TOMAHAWK TOWN WARDS 1 & 2,SPRING GENERAL,JUSTICE OF THE SUPREME COURT,NONPARTISAN,SCATTERING,15,0
2006,APRIL,LINCOLN,WILSON TOWN WARD 1,SPRING GENERAL,JUSTICE OF THE SUPREME COURT,NONPARTISAN,PATRICK CROOKS,28,28
2006,APRIL,LINCOLN,WILSON TOWN WARD 1,SPRING GENERAL,JUSTICE OF THE SUPREME COURT,NONPARTISAN,SCATTERING,28,0
2006,APRIL,LINCOLN,MERRILL CITY WARD 1,SPRING GENERAL,JUSTICE OF THE SUPREME COURT,NONPARTISAN,PATRICK CROOKS,246,246
2006,APRIL,LINCOLN,MERRILL CITY WARD 1,SPRING GENERAL,JUSTICE OF THE SUPREME COURT,NONPARTISAN,SCATTERING,246,0
2006,APRIL,LINCOLN,MERRILL CITY WARD 2,SPRING GENERAL,JUSTICE OF THE SUPREME COURT,NONPARTISAN,PATRICK CROOKS,240,238
2006,APRIL,LINCOLN,MERRILL CITY WARD 2,SPRING GENERAL,JUSTICE OF THE SUPREME COURT,NONPARTISAN,SCATTERING,240,2
2006,APRIL,LINCOLN,MERRILL CITY WARD 3,SPRING GENERAL,JUSTICE OF THE SUPREME COURT,NONPARTISAN,PATRICK CROOKS,169,168
2006,APRIL,LINCOLN,MERRILL CITY WARD 3,SPRING GENERAL,JUSTICE OF THE SUPREME COURT,NONPARTISAN,SCATTERING,169,1
2006,APRIL,LINCOLN,MERRILL CITY WARD 4,SPRING GENERAL,JUSTICE OF THE SUPREME COURT,NONPARTISAN,PATRICK CROOKS,235,233
2006,APRIL,LINCOLN,MERRILL CITY WARD 4,SPRING GENERAL,JUSTICE OF THE SUPREME COURT,NONPARTISAN,SCATTERING,235,2
2006,APRIL,LINCOLN,MERRILL CITY WARD 5,SPRING GENERAL,JUSTICE OF THE SUPREME COURT,NONPARTISAN,PATRICK CROOKS,224,224
2006,APRIL,LINCOLN,MERRILL CITY WARD 5,SPRING GENERAL,JUSTICE OF THE SUPREME COURT,NONPARTISAN,SCATTERING,224,0
2006,APRIL,LINCOLN,MERRILL CITY WARD 6,SPRING GENERAL,JUSTICE OF THE SUPREME COURT,NONPARTISAN,PATRICK CROOKS,235,233
2006,APRIL,LINCOLN,MERRILL CITY WARD 6,SPRING GENERAL,JUSTICE OF THE SUPREME COURT,NONPARTISAN,SCATTERING,235,2
2006,APRIL,LINCOLN,MERRILL CITY WARD 7,SPRING GENERAL,JUSTICE OF THE SUPREME COURT,NONPARTISAN,PATRICK CROOKS,218,217
2006,APRIL,LINCOLN,MERRILL CITY WARD 7,SPRING GENERAL,JUSTICE OF THE SUPREME COURT,NONPARTISAN,SCATTERING,218,1
2006,APRIL,LINCOLN,MERRILL CITY WARD 8,SPRING GENERAL,JUSTICE OF THE SUPREME COURT,NONPARTISAN,PATRICK CROOKS,193,192
2006,APRIL,LINCOLN,MERRILL CITY WARD 8,SPRING GENERAL,JUSTICE OF THE SUPREME COURT,NONPARTISAN,SCATTERING,193,1
2006,APRIL,LINCOLN,TOMAHAWK CITY WARDS 1 - 6,SPRING GENERAL,JUSTICE OF THE SUPREME COURT,NONPARTISAN,PATRICK CROOKS,155,155
2006,APRIL,LINCOLN,TOMAHAWK CITY WARDS 1 - 6,SPRING GENERAL,JUSTICE OF THE SUPREME COURT,NONPARTISAN,SCATTERING,155,0
2006,APRIL,MANITOWOC,CATO TOWN WARDS 1 & 2,SPRING GENERAL,JUSTICE OF THE SUPREME COURT,NONPARTISAN,PATRICK CROOKS,193,193
2006,APRIL,MANITOWOC,CATO TOWN WARDS 1 & 2,SPRING GENERAL,JUSTICE OF THE SUPREME COURT,NONPARTISAN,SCATTERING,193,0
2006,APRIL,MANITOWOC,CENTERVILLE TOWN WARD 1,SPRING GENERAL,JUSTICE OF THE SUPREME COURT,NONPARTISAN,PATRICK CROOKS,84,84
2006,APRIL,MANITOWOC,CENTERVILLE TOWN WARD 1,SPRING GENERAL,JUSTICE OF THE SUPREME COURT,NONPARTISAN,SCATTERING,84,0
2006,APRIL,MANITOWOC,COOPERSTOWN TOWN WARDS 1 & 2,SPRING GENERAL,JUSTICE OF THE SUPREME COURT,NONPARTISAN,PATRICK CROOKS,197,197
2006,APRIL,MANITOWOC,COOPERSTOWN TOWN WARDS 1 & 2,SPRING GENERAL,JUSTICE OF THE SUPREME COURT,NONPARTISAN,SCATTERING,197,0
2006,APRIL,MANITOWOC,EATON TOWN WARD 1,SPRING GENERAL,JUSTICE OF THE SUPREME COURT,NONPARTISAN,PATRICK CROOKS,51,51
2006,APRIL,MANITOWOC,EATON TOWN WARD 1,SPRING GENERAL,JUSTICE OF THE SUPREME COURT,NONPARTISAN,SCATTERING,51,0
2006,APRIL,MANITOWOC,FRANKLIN TOWN WARD 1,SPRING GENERAL,JUSTICE OF THE SUPREME COURT,NONPARTISAN,PATRICK CROOKS,78,78
2006,APRIL,MANITOWOC,FRANKLIN TOWN WARD 1,SPRING GENERAL,JUSTICE OF THE SUPREME COURT,NONPARTISAN,SCATTERING,78,0
2006,APRIL,MANITOWOC,FRANKLIN TOWN WARD 2,SPRING GENERAL,JUSTICE OF THE SUPREME COURT,NONPARTISAN,PATRICK CROOKS,112,112
2006,APRIL,MANITOWOC,FRANKLIN TOWN WARD 2,SPRING GENERAL,JUSTICE OF THE SUPREME COURT,NONPARTISAN,SCATTERING,112,0
2006,APRIL,MANITOWOC,GIBSON TOWN WARDS 1 & 2,SPRING GENERAL,JUSTICE OF THE SUPREME COURT,NONPARTISAN,PATRICK CROOKS,141,141
2006,APRIL,MANITOWOC,GIBSON TOWN WARDS 1 & 2,SPRING GENERAL,JUSTICE OF THE SUPREME COURT,NONPARTISAN,SCATTERING,141,0
2006,APRIL,MANITOWOC,KOSSUTH TOWN WARD 1,SPRING GENERAL,JUSTICE OF THE SUPREME COURT,NONPARTISAN,PATRICK CROOKS,90,90
2006,APRIL,MANITOWOC,KOSSUTH TOWN WARD 1,SPRING GENERAL,JUSTICE OF THE SUPREME COURT,NONPARTISAN,SCATTERING,90,0
2006,APRIL,MANITOWOC,KOSSUTH TOWN WARDS 2 & 3,SPRING GENERAL,JUSTICE OF THE SUPREME COURT,NONPARTISAN,PATRICK CROOKS,113,113
2006,APRIL,MANITOWOC,KOSSUTH TOWN WARDS 2 & 3,SPRING GENERAL,JUSTICE OF THE SUPREME COURT,NONPARTISAN,SCATTERING,113,0
2006,APRIL,MANITOWOC,LIBERTY TOWN WARDS 1 & 2,SPRING GENERAL,JUSTICE OF THE SUPREME COURT,NONPARTISAN,PATRICK CROOKS,165,164
2006,APRIL,MANITOWOC,LIBERTY TOWN WARDS 1 & 2,SPRING GENERAL,JUSTICE OF THE SUPREME COURT,NONPARTISAN,SCATTERING,165,1
2006,APRIL,MANITOWOC,MANITOWOC TOWN WARD 1,SPRING GENERAL,JUSTICE OF THE SUPREME COURT,NONPARTISAN,PATRICK CROOKS,106,106
2006,APRIL,MANITOWOC,MANITOWOC TOWN WARD 1,SPRING GENERAL,JUSTICE OF THE SUPREME COURT,NONPARTISAN,SCATTERING,106,0
2006,APRIL,MANITOWOC,MANITOWOC TOWN WARD 2,SPRING GENERAL,JUSTICE OF THE SUPREME COURT,NONPARTISAN,PATRICK CROOKS,33,33
2006,APRIL,MANITOWOC,MANITOWOC TOWN WARD 2,SPRING GENERAL,JUSTICE OF THE SUPREME COURT,NONPARTISAN,SCATTERING,33,0
2006,APRIL,MANITOWOC,MANITOWOC TOWN WARD 3,SPRING GENERAL,JUSTICE OF THE SUPREME COURT,NONPARTISAN,PATRICK CROOKS,10,10
2006,APRIL,MANITOWOC,MANITOWOC TOWN WARD 3,SPRING GENERAL,JUSTICE OF THE SUPREME COURT,NONPARTISAN,SCATTERING,10,0
2006,APRIL,MANITOWOC,"MANITOWOC RAPIDS TOWN WARDS 1, 4 & 5",SPRING GENERAL,JUSTICE OF THE SUPREME COURT,NONPARTISAN,PATRICK CROOKS,234,234
2006,APRIL,MANITOWOC,"MANITOWOC RAPIDS TOWN WARDS 1, 4 & 5",SPRING GENERAL,JUSTICE OF THE SUPREME COURT,NONPARTISAN,SCATTERING,234,0
2006,APRIL,MANITOWOC,MANITOWOC RAPIDS TOWN WARDS 2 & 3,SPRING GENERAL,JUSTICE OF THE SUPREME COURT,NONPARTISAN,PATRICK CROOKS,144,144
2006,APRIL,MANITOWOC,MANITOWOC RAPIDS TOWN WARDS 2 & 3,SPRING GENERAL,JUSTICE OF THE SUPREME COURT,NONPARTISAN,SCATTERING,144,0
2006,APRIL,MANITOWOC,MAPLE GROVE TOWN WARD 1,SPRING GENERAL,JUSTICE OF THE SUPREME COURT,NONPARTISAN,PATRICK CROOKS,128,128
2006,APRIL,MANITOWOC,MAPLE GROVE TOWN WARD 1,SPRING GENERAL,JUSTICE OF THE SUPREME COURT,NONPARTISAN,SCATTERING,128,0
2006,APRIL,MANITOWOC,MEEME TOWN WARDS 1 & 2,SPRING GENERAL,JUSTICE OF THE SUPREME COURT,NONPARTISAN,PATRICK CROOKS,126,126
2006,APRIL,MANITOWOC,MEEME TOWN WARDS 1 & 2,SPRING GENERAL,JUSTICE OF THE SUPREME COURT,NONPARTISAN,SCATTERING,126,0
2006,APRIL,MANITOWOC,MISHICOT TOWN WARDS 1 & 2,SPRING GENERAL,JUSTICE OF THE SUPREME COURT,NONPARTISAN,PATRICK CROOKS,188,188
2006,APRIL,MANITOWOC,MISHICOT TOWN WARDS 1 & 2,SPRING GENERAL,JUSTICE OF THE SUPREME COURT,NONPARTISAN,SCATTERING,188,0
2006,APRIL,MANITOWOC,MISHICOT TOWN WARD 3,SPRING GENERAL,JUSTICE OF THE SUPREME COURT,NONPARTISAN,PATRICK CROOKS,23,23
2006,APRIL,MANITOWOC,MISHICOT TOWN WARD 3,SPRING GENERAL,JUSTICE OF THE SUPREME COURT,NONPARTISAN,SCATTERING,23,0
2006,APRIL,MANITOWOC,MISHICOT TOWN WARD 4,SPRING GENERAL,JUSTICE OF THE SUPREME COURT,NONPARTISAN,PATRICK CROOKS,8,8
2006,APRIL,MANITOWOC,MISHICOT TOWN WARD 4,SPRING GENERAL,JUSTICE OF THE SUPREME COURT,NONPARTISAN,SCATTERING,8,0
2006,APRIL,MANITOWOC,NEWTON TOWN WARDS 1 & 3,SPRING GENERAL,JUSTICE OF THE SUPREME COURT,NONPARTISAN,PATRICK CROOKS,191,190
2006,APRIL,MANITOWOC,NEWTON TOWN WARDS 1 & 3,SPRING GENERAL,JUSTICE OF THE SUPREME COURT,NONPARTISAN,SCATTERING,191,1
2006,APRIL,MANITOWOC,NEWTON TOWN WARDS 2 & 4,SPRING GENERAL,JUSTICE OF THE SUPREME COURT,NONPARTISAN,PATRICK CROOKS,150,150
2006,APRIL,MANITOWOC,NEWTON TOWN WARDS 2 & 4,SPRING GENERAL,JUSTICE OF THE SUPREME COURT,NONPARTISAN,SCATTERING,150,0
2006,APRIL,MANITOWOC,ROCKLAND TOWN WARD 1,SPRING GENERAL,JUSTICE OF THE SUPREME COURT,NONPARTISAN,PATRICK CROOKS,71,71
2006,APRIL,MANITOWOC,ROCKLAND TOWN WARD 1,SPRING GENERAL,JUSTICE OF THE SUPREME COURT,NONPARTISAN,SCATTERING,71,0
2006,APRIL,MANITOWOC,ROCKLAND TOWN WARD 2,SPRING GENERAL,JUSTICE OF THE SUPREME COURT,NONPARTISAN,PATRICK CROOKS,62,62
2006,APRIL,MANITOWOC,ROCKLAND TOWN WARD 2,SPRING GENERAL,JUSTICE OF THE SUPREME COURT,NONPARTISAN,SCATTERING,62,0
2006,APRIL,MANITOWOC,SCHLESWIG TOWN WARD 1,SPRING GENERAL,JUSTICE OF THE SUPREME COURT,NONPARTISAN,PATRICK CROOKS,13,13
2006,APRIL,MANITOWOC,SCHLESWIG TOWN WARD 1,SPRING GENERAL,JUSTICE OF THE SUPREME COURT,NONPARTISAN,SCATTERING,13,0
2006,APRIL,MANITOWOC,SCHLESWIG TOWN WARDS 2 & 3,SPRING GENERAL,JUSTICE OF THE SUPREME COURT,NONPARTISAN,PATRICK CROOKS,114,114
2006,APRIL,MANITOWOC,SCHLESWIG TOWN WARDS 2 & 3,SPRING GENERAL,JUSTICE OF THE SUPREME COURT,NONPARTISAN,SCATTERING,114,0
2006,APRIL,MANITOWOC,TWO CREEKS TOWN WARD 1,SPRING GENERAL,JUSTICE OF THE SUPREME COURT,NONPARTISAN,PATRICK CROOKS,133,133
2006,APRIL,MANITOWOC,TWO CREEKS TOWN WARD 1,SPRING GENERAL,JUSTICE OF THE SUPREME COURT,NONPARTISAN,SCATTERING,133,0
2006,APRIL,MANITOWOC,TWO RIVERS TOWN WARD 1,SPRING GENERAL,JUSTICE OF THE SUPREME COURT,NONPARTISAN,PATRICK CROOKS,33,33
2006,APRIL,MANITOWOC,TWO RIVERS TOWN WARD 1,SPRING GENERAL,JUSTICE OF THE SUPREME COURT,NONPARTISAN,SCATTERING,33,0
2006,APRIL,MANITOWOC,TWO RIVERS TOWN WARDS 2 & 4,SPRING GENERAL,JUSTICE OF THE SUPREME COURT,NONPARTISAN,PATRICK CROOKS,181,181
2006,APRIL,MANITOWOC,TWO RIVERS TOWN WARDS 2 & 4,SPRING GENERAL,JUSTICE OF THE SUPREME COURT,NONPARTISAN,SCATTERING,181,0
2006,APRIL,MANITOWOC,TWO RIVERS TOWN WARD 3,SPRING GENERAL,JUSTICE OF THE SUPREME COURT,NONPARTISAN,PATRICK CROOKS,30,30
2006,APRIL,MANITOWOC,TWO RIVERS TOWN WARD 3,SPRING GENERAL,JUSTICE OF THE SUPREME COURT,NONPARTISAN,SCATTERING,30,0
2006,APRIL,MANITOWOC,CLEVELAND VILLAGE WARDS 1 & 2,SPRING GENERAL,JUSTICE OF THE SUPREME COURT,NONPARTISAN,PATRICK CROOKS,226,226
2006,APRIL,MANITOWOC,CLEVELAND VILLAGE WARDS 1 & 2,SPRING GENERAL,JUSTICE OF THE SUPREME COURT,NONPARTISAN,SCATTERING,226,0
2006,APRIL,MANITOWOC,FRANCIS CREEK VILLAGE WARD 1,SPRING GENERAL,JUSTICE OF THE SUPREME COURT,NONPARTISAN,PATRICK CROOKS,105,104
2006,APRIL,MANITOWOC,FRANCIS CREEK VILLAGE WARD 1,SPRING GENERAL,JUSTICE OF THE SUPREME COURT,NONPARTISAN,SCATTERING,105,1
2006,APRIL,MANITOWOC,KELLNERSVILLE VILLAGE WARD 1,SPRING GENERAL,JUSTICE OF THE SUPREME COURT,NONPARTISAN,PATRICK CROOKS,44,44
2006,APRIL,MANITOWOC,KELLNERSVILLE VILLAGE WARD 1,SPRING GENERAL,JUSTICE OF THE SUPREME COURT,NONPARTISAN,SCATTERING,44,0
2006,APRIL,MANITOWOC,MARIBEL VILLAGE WARD 1,SPRING GENERAL,JUSTICE OF THE SUPREME COURT,NONPARTISAN,PATRICK CROOKS,44,44
2006,APRIL,MANITOWOC,MARIBEL VILLAGE WARD 1,SPRING GENERAL,JUSTICE OF THE SUPREME COURT,NONPARTISAN,SCATTERING,44,0
2006,APRIL,MANITOWOC,MISHICOT VILLAGE WARDS 1 & 2,SPRING GENERAL,JUSTICE OF THE SUPREME COURT,NONPARTISAN,PATRICK CROOKS,226,226
2006,APRIL,MANITOWOC,MISHICOT VILLAGE WARDS 1 & 2,SPRING GENERAL,JUSTICE OF THE SUPREME COURT,NONPARTISAN,SCATTERING,226,0
2006,APRIL,MANITOWOC,REEDSVILLE VILLAGE WARDS 1 & 2,SPRING GENERAL,JUSTICE OF THE SUPREME COURT,NONPARTISAN,PATRICK CROOKS,255,255
2006,APRIL,MANITOWOC,REEDSVILLE VILLAGE WARDS 1 & 2,SPRING GENERAL,JUSTICE OF THE SUPREME COURT,NONPARTISAN,SCATTERING,255,0
2006,APRIL,MANITOWOC,ST NAZIANZ VILLAGE WARD 1,SPRING GENERAL,JUSTICE OF THE SUPREME COURT,NONPARTISAN,PATRICK CROOKS,119,119
2006,APRIL,MANITOWOC,ST NAZIANZ VILLAGE WARD 1,SPRING GENERAL,JUSTICE OF THE SUPREME COURT,NONPARTISAN,SCATTERING,119,0
2006,APRIL,MANITOWOC,VALDERS VILLAGE WARD 1,SPRING GENERAL,JUSTICE OF THE SUPREME COURT,NONPARTISAN,PATRICK CROOKS,120,119
2006,APRIL,MANITOWOC,VALDERS VILLAGE WARD 1,SPRING GENERAL,JUSTICE OF THE SUPREME COURT,NONPARTISAN,SCATTERING,120,1
2006,APRIL,MANITOWOC,WHITELAW VILLAGE WARD 1,SPRING GENERAL,JUSTICE OF THE SUPREME COURT,NONPARTISAN,PATRICK CROOKS,140,140
2006,APRIL,MANITOWOC,WHITELAW VILLAGE WARD 1,SPRING GENERAL,JUSTICE OF THE SUPREME COURT,NONPARTISAN,SCATTERING,140,0
2006,APRIL,MANITOWOC,KIEL CITY WARDS 1 - 6,SPRING GENERAL,JUSTICE OF THE SUPREME COURT,NONPARTISAN,PATRICK CROOKS,213,212
2006,APRIL,MANITOWOC,KIEL CITY WARDS 1 - 6,SPRING GENERAL,JUSTICE OF THE SUPREME COURT,NONPARTISAN,SCATTERING,213,1
2006,APRIL,MANITOWOC,MANITOWOC CITY WARDS 1 & 2,SPRING GENERAL,JUSTICE OF THE SUPREME COURT,NONPARTISAN,PATRICK CROOKS,362,358
2006,APRIL,MANITOWOC,MANITOWOC CITY WARDS 1 & 2,SPRING GENERAL,JUSTICE OF THE SUPREME COURT,NONPARTISAN,SCATTERING,362,4
2006,APRIL,MANITOWOC,MANITOWOC CITY WARDS 3 & 4,SPRING GENERAL,JUSTICE OF THE SUPREME COURT,NONPARTISAN,PATRICK CROOKS,402,400
2006,APRIL,MANITOWOC,MANITOWOC CITY WARDS 3 & 4,SPRING GENERAL,JUSTICE OF THE SUPREME COURT,NONPARTISAN,SCATTERING,402,2
2006,APRIL,MANITOWOC,MANITOWOC CITY WARDS 5 & 6,SPRING GENERAL,JUSTICE OF THE SUPREME COURT,NONPARTISAN,PATRICK CROOKS,308,302
2006,APRIL,MANITOWOC,MANITOWOC CITY WARDS 5 & 6,SPRING GENERAL,JUSTICE OF THE SUPREME COURT,NONPARTISAN,SCATTERING,308,6
2006,APRIL,MANITOWOC,MANITOWOC CITY WARDS 7 & 8,SPRING GENERAL,JUSTICE OF THE SUPREME COURT,NONPARTISAN,PATRICK CROOKS,192,191
2006,APRIL,MANITOWOC,MANITOWOC CITY WARDS 7 & 8,SPRING GENERAL,JUSTICE OF THE SUPREME COURT,NONPARTISAN,SCATTERING,192,1
2006,APRIL,MANITOWOC,MANITOWOC CITY WARDS 9 & 10,SPRING GENERAL,JUSTICE OF THE SUPREME COURT,NONPARTISAN,PATRICK CROOKS,380,379
2006,APRIL,MANITOWOC,MANITOWOC CITY WARDS 9 & 10,SPRING GENERAL,JUSTICE OF THE SUPREME COURT,NONPARTISAN,SCATTERING,380,1
2006,APRIL,MANITOWOC,MANITOWOC CITY WARDS 11 & 12,SPRING GENERAL,JUSTICE OF THE SUPREME COURT,NONPARTISAN,PATRICK CROOKS,504,500
2006,APRIL,MANITOWOC,MANITOWOC CITY WARDS 11 & 12,SPRING GENERAL,JUSTICE OF THE SUPREME COURT,NONPARTISAN,SCATTERING,504,4
2006,APRIL,MANITOWOC,MANITOWOC CITY WARDS 13 & 14,SPRING GENERAL,JUSTICE OF THE SUPREME COURT,NONPARTISAN,PATRICK CROOKS,397,396
2006,APRIL,MANITOWOC,MANITOWOC CITY WARDS 13 & 14,SPRING GENERAL,JUSTICE OF THE SUPREME COURT,NONPARTISAN,SCATTERING,397,1
2006,APRIL,MANITOWOC,MANITOWOC CITY WARDS 15 & 16,SPRING GENERAL,JUSTICE OF THE SUPREME COURT,NONPARTISAN,PATRICK CROOKS,603,601
2006,APRIL,MANITOWOC,MANITOWOC CITY WARDS 15 & 16,SPRING GENERAL,JUSTICE OF THE SUPREME COURT,NONPARTISAN,SCATTERING,603,2
2006,APRIL,MANITOWOC,MANITOWOC CITY WARDS 17 & 18,SPRING GENERAL,JUSTICE OF THE SUPREME COURT,NONPARTISAN,PATRICK CROOKS,351,350
2006,APRIL,MANITOWOC,MANITOWOC CITY WARDS 17 & 18,SPRING GENERAL,JUSTICE OF THE SUPREME COURT,NONPARTISAN,SCATTERING,351,1
2006,APRIL,MANITOWOC,MANITOWOC CITY WARDS 19 & 20,SPRING GENERAL,JUSTICE OF THE SUPREME COURT,NONPARTISAN,PATRICK CROOKS,538,536
2006,APRIL,MANITOWOC,MANITOWOC CITY WARDS 19 & 20,SPRING GENERAL,JUSTICE OF THE SUPREME COURT,NONPARTISAN,SCATTERING,538,2
2006,APRIL,MANITOWOC,MANITOWOC CITY WARD 21,SPRING GENERAL,JUSTICE OF THE SUPREME COURT,NONPARTISAN,PATRICK CROOKS,0,0
2006,APRIL,MANITOWOC,MANITOWOC CITY WARD 21,SPRING GENERAL,JUSTICE OF THE SUPREME COURT,NONPARTISAN,SCATTERING,0,0
2006,APRIL,MANITOWOC,"MANITOWOC CITY WARDS 22, 24 - 26, 28 - 30",SPRING GENERAL,JUSTICE OF THE SUPREME COURT,NONPARTISAN,PATRICK CROOKS,7,7
2006,APRIL,MANITOWOC,"MANITOWOC CITY WARDS 22, 24 - 26, 28 - 30",SPRING GENERAL,JUSTICE OF THE SUPREME COURT,NONPARTISAN,SCATTERING,7,0
2006,APRIL,MANITOWOC,MANITOWOC CITY WARDS 23 & 27,SPRING GENERAL,JUSTICE OF THE SUPREME COURT,NONPARTISAN,PATRICK CROOKS,0,0
2006,APRIL,MANITOWOC,MANITOWOC CITY WARDS 23 & 27,SPRING GENERAL,JUSTICE OF THE SUPREME COURT,NONPARTISAN,SCATTERING,0,0
2006,APRIL,MANITOWOC,MANITOWOC CITY WARDS 31 & 33,SPRING GENERAL,JUSTICE OF THE SUPREME COURT,NONPARTISAN,PATRICK CROOKS,0,0
2006,APRIL,MANITOWOC,MANITOWOC CITY WARDS 31 & 33,SPRING GENERAL,JUSTICE OF THE SUPREME COURT,NONPARTISAN,SCATTERING,0,0
2006,APRIL,MANITOWOC,TWO RIVERS CITY WARDS 1 - 3,SPRING GENERAL,JUSTICE OF THE SUPREME COURT,NONPARTISAN,PATRICK CROOKS,415,415
2006,APRIL,MANITOWOC,TWO RIVERS CITY WARDS 1 - 3,SPRING GENERAL,JUSTICE OF THE SUPREME COURT,NONPARTISAN,SCATTERING,415,0
2006,APRIL,MANITOWOC,TWO RIVERS CITY WARDS 4 & 5,SPRING GENERAL,JUSTICE OF THE SUPREME COURT,NONPARTISAN,PATRICK CROOKS,565,564
2006,APRIL,MANITOWOC,TWO RIVERS CITY WARDS 4 & 5,SPRING GENERAL,JUSTICE OF THE SUPREME COURT,NONPARTISAN,SCATTERING,565,1
2006,APRIL,MANITOWOC,TWO RIVERS CITY WARDS 6 & 7,SPRING GENERAL,JUSTICE OF THE SUPREME COURT,NONPARTISAN,PATRICK CROOKS,268,267
2006,APRIL,MANITOWOC,TWO RIVERS CITY WARDS 6 & 7,SPRING GENERAL,JUSTICE OF THE SUPREME COURT,NONPARTISAN,SCATTERING,268,1
2006,APRIL,MANITOWOC,TWO RIVERS CITY WARDS 8 & 9,SPRING GENERAL,JUSTICE OF THE SUPREME COURT,NONPARTISAN,PATRICK CROOKS,229,227
2006,APRIL,MANITOWOC,TWO RIVERS CITY WARDS 8 & 9,SPRING GENERAL,JUSTICE OF THE SUPREME COURT,NONPARTISAN,SCATTERING,229,2
2006,APRIL,MANITOWOC,TWO RIVERS CITY WARDS 10 & 11,SPRING GENERAL,JUSTICE OF THE SUPREME COURT,NONPARTISAN,PATRICK CROOKS,0,0
2006,APRIL,MANITOWOC,TWO RIVERS CITY WARDS 10 & 11,SPRING GENERAL,JUSTICE OF THE SUPREME COURT,NONPARTISAN,SCATTERING,0,0
2006,APRIL,MARATHON,BERGEN TOWN WARD 1,SPRING GENERAL,JUSTICE OF THE SUPREME COURT,NONPARTISAN,PATRICK CROOKS,28,28
2006,APRIL,MARATHON,BERGEN TOWN WARD 1,SPRING GENERAL,JUSTICE OF THE SUPREME COURT,NONPARTISAN,SCATTERING,28,0
2006,APRIL,MARATHON,BERLIN TOWN WARD 1,SPRING GENERAL,JUSTICE OF THE SUPREME COURT,NONPARTISAN,PATRICK CROOKS,38,38
2006,APRIL,MARATHON,BERLIN TOWN WARD 1,SPRING GENERAL,JUSTICE OF THE SUPREME COURT,NONPARTISAN,SCATTERING,38,0
2006,APRIL,MARATHON,BERN TOWN WARD 1,SPRING GENERAL,JUSTICE OF THE SUPREME COURT,NONPARTISAN,PATRICK CROOKS,69,68
2006,APRIL,MARATHON,BERN TOWN WARD 1,SPRING GENERAL,JUSTICE OF THE SUPREME COURT,NONPARTISAN,SCATTERING,69,1
2006,APRIL,MARATHON,BEVENT TOWN WARDS 1 & 2,SPRING GENERAL,JUSTICE OF THE SUPREME COURT,NONPARTISAN,PATRICK CROOKS,97,97
2006,APRIL,MARATHON,BEVENT TOWN WARDS 1 & 2,SPRING GENERAL,JUSTICE OF THE SUPREME COURT,NONPARTISAN,SCATTERING,97,0
2006,APRIL,MARATHON,BRIGHTON TOWN WARD 1,SPRING GENERAL,JUSTICE OF THE SUPREME COURT,NONPARTISAN,PATRICK CROOKS,51,51
2006,APRIL,MARATHON,BRIGHTON TOWN WARD 1,SPRING GENERAL,JUSTICE OF THE SUPREME COURT,NONPARTISAN,SCATTERING,51,0
2006,APRIL,MARATHON,CASSEL TOWN WARD 1,SPRING GENERAL,JUSTICE OF THE SUPREME COURT,NONPARTISAN,PATRICK CROOKS,51,50
2006,APRIL,MARATHON,CASSEL TOWN WARD 1,SPRING GENERAL,JUSTICE OF THE SUPREME COURT,NONPARTISAN,SCATTERING,51,1
2006,APRIL,MARATHON,CLEVELAND TOWN WARD 1,SPRING GENERAL,JUSTICE OF THE SUPREME COURT,NONPARTISAN,PATRICK CROOKS,157,156
2006,APRIL,MARATHON,CLEVELAND TOWN WARD 1,SPRING GENERAL,JUSTICE OF THE SUPREME COURT,NONPARTISAN,SCATTERING,157,1
2006,APRIL,MARATHON,DAY TOWN WARDS 1 & 2,SPRING GENERAL,JUSTICE OF THE SUPREME COURT,NONPARTISAN,PATRICK CROOKS,89,89
2006,APRIL,MARATHON,DAY TOWN WARDS 1 & 2,SPRING GENERAL,JUSTICE OF THE SUPREME COURT,NONPARTISAN,SCATTERING,89,0
2006,APRIL,MARATHON,EASTON TOWN WARDS 1 & 2,SPRING GENERAL,JUSTICE OF THE SUPREME COURT,NONPARTISAN,PATRICK CROOKS,46,46
2006,APRIL,MARATHON,EASTON TOWN WARDS 1 & 2,SPRING GENERAL,JUSTICE OF THE SUPREME COURT,NONPARTISAN,SCATTERING,46,0
2006,APRIL,MARATHON,EAU PLEINE TOWN WARD 1,SPRING GENERAL,JUSTICE OF THE SUPREME COURT,NONPARTISAN,PATRICK CROOKS,94,94
2006,APRIL,MARATHON,EAU PLEINE TOWN WARD 1,SPRING GENERAL,JUSTICE OF THE SUPREME COURT,NONPARTISAN,SCATTERING,94,0
2006,APRIL,MARATHON,ELDERON TOWN WARD 1,SPRING GENERAL,JUSTICE OF THE SUPREME COURT,NONPARTISAN,PATRICK CROOKS,63,63
2006,APRIL,MARATHON,ELDERON TOWN WARD 1,SPRING GENERAL,JUSTICE OF THE SUPREME COURT,NONPARTISAN,SCATTERING,63,0
2006,APRIL,MARATHON,EMMET TOWN WARD 1,SPRING GENERAL,JUSTICE OF THE SUPREME COURT,NONPARTISAN,PATRICK CROOKS,52,51
2006,APRIL,MARATHON,EMMET TOWN WARD 1,SPRING GENERAL,JUSTICE OF THE SUPREME COURT,NONPARTISAN,SCATTERING,52,1
2006,APRIL,MARATHON,FRANKFORT TOWN WARD 1,SPRING GENERAL,JUSTICE OF THE SUPREME COURT,NONPARTISAN,PATRICK CROOKS,51,51
2006,APRIL,MARATHON,FRANKFORT TOWN WARD 1,SPRING GENERAL,JUSTICE OF THE SUPREME COURT,NONPARTISAN,SCATTERING,51,0
2006,APRIL,MARATHON,FRANZEN TOWN WARD 1,SPRING GENERAL,JUSTICE OF THE SUPREME COURT,NONPARTISAN,PATRICK CROOKS,26,26
2006,APRIL,MARATHON,FRANZEN TOWN WARD 1,SPRING GENERAL,JUSTICE OF THE SUPREME COURT,NONPARTISAN,SCATTERING,26,0
2006,APRIL,MARATHON,GREEN VALLEY TOWN WARD 1,SPRING GENERAL,JUSTICE OF THE SUPREME COURT,NONPARTISAN,PATRICK CROOKS,36,36
2006,APRIL,MARATHON,GREEN VALLEY TOWN WARD 1,SPRING GENERAL,JUSTICE OF THE SUPREME COURT,NONPARTISAN,SCATTERING,36,0
2006,APRIL,MARATHON,GUENTHER TOWN WARD 1,SPRING GENERAL,JUSTICE OF THE SUPREME COURT,NONPARTISAN,PATRICK CROOKS,23,23
2006,APRIL,MARATHON,GUENTHER TOWN WARD 1,SPRING GENERAL,JUSTICE OF THE SUPREME COURT,NONPARTISAN,SCATTERING,23,0
2006,APRIL,MARATHON,HALSEY TOWN WARD 1,SPRING GENERAL,JUSTICE OF THE SUPREME COURT,NONPARTISAN,PATRICK CROOKS,64,64
2006,APRIL,MARATHON,HALSEY TOWN WARD 1,SPRING GENERAL,JUSTICE OF THE SUPREME COURT,NONPARTISAN,SCATTERING,64,0
2006,APRIL,MARATHON,HAMBURG TOWN WARD 1,SPRING GENERAL,JUSTICE OF THE SUPREME COURT,NONPARTISAN,PATRICK CROOKS,57,57
2006,APRIL,MARATHON,HAMBURG TOWN WARD 1,SPRING GENERAL,JUSTICE OF THE SUPREME COURT,NONPARTISAN,SCATTERING,57,0
2006,APRIL,MARATHON,HARRISON TOWN WARD 1,SPRING GENERAL,JUSTICE OF THE SUPREME COURT,NONPARTISAN,PATRICK CROOKS,13,13
2006,APRIL,MARATHON,HARRISON TOWN WARD 1,SPRING GENERAL,JUSTICE OF THE SUPREME COURT,NONPARTISAN,SCATTERING,13,0
2006,APRIL,MARATHON,HEWITT TOWN WARD 1,SPRING GENERAL,JUSTICE OF THE SUPREME COURT,NONPARTISAN,PATRICK CROOKS,18,18
2006,APRIL,MARATHON,HEWITT TOWN WARD 1,SPRING GENERAL,JUSTICE OF THE SUPREME COURT,NONPARTISAN,SCATTERING,18,0
2006,APRIL,MARATHON,HOLTON TOWN WARDS 1 & 2,SPRING GENERAL,JUSTICE OF THE SUPREME COURT,NONPARTISAN,PATRICK CROOKS,52,52
2006,APRIL,MARATHON,HOLTON TOWN WARDS 1 & 2,SPRING GENERAL,JUSTICE OF THE SUPREME COURT,NONPARTISAN,SCATTERING,52,0
2006,APRIL,MARATHON,HULL TOWN WARD 1,SPRING GENERAL,JUSTICE OF THE SUPREME COURT,NONPARTISAN,PATRICK CROOKS,37,37
2006,APRIL,MARATHON,HULL TOWN WARD 1,SPRING GENERAL,JUSTICE OF THE SUPREME COURT,NONPARTISAN,SCATTERING,37,0
2006,APRIL,MARATHON,JOHNSON TOWN WARD 1,SPRING GENERAL,JUSTICE OF THE SUPREME COURT,NONPARTISAN,PATRICK CROOKS,74,74
2006,APRIL,MARATHON,JOHNSON TOWN WARD 1,SPRING GENERAL,JUSTICE OF THE SUPREME COURT,NONPARTISAN,SCATTERING,74,0
2006,APRIL,MARATHON,KNOWLTON TOWN WARDS 1 - 3,SPRING GENERAL,JUSTICE OF THE SUPREME COURT,NONPARTISAN,PATRICK CROOKS,58,58
2006,APRIL,MARATHON,KNOWLTON TOWN WARDS 1 - 3,SPRING GENERAL,JUSTICE OF THE SUPREME COURT,NONPARTISAN,SCATTERING,58,0
2006,APRIL,MARATHON,MAINE TOWN WARDS 1 - 4,SPRING GENERAL,JUSTICE OF THE SUPREME COURT,NONPARTISAN,PATRICK CROOKS,90,90
2006,APRIL,MARATHON,MAINE TOWN WARDS 1 - 4,SPRING GENERAL,JUSTICE OF THE SUPREME COURT,NONPARTISAN,SCATTERING,90,0
2006,APRIL,MARATHON,MARATHON TOWN WARDS 1 & 2,SPRING GENERAL,JUSTICE OF THE SUPREME COURT,NONPARTISAN,PATRICK CROOKS,89,89
2006,APRIL,MARATHON,MARATHON TOWN WARDS 1 & 2,SPRING GENERAL,JUSTICE OF THE SUPREME COURT,NONPARTISAN,SCATTERING,89,0
2006,APRIL,MARATHON,MCMILLAN TOWN WARDS 1 - 3,SPRING GENERAL,JUSTICE OF THE SUPREME COURT,NONPARTISAN,PATRICK CROOKS,373,373
2006,APRIL,MARATHON,MCMILLAN TOWN WARDS 1 - 3,SPRING GENERAL,JUSTICE OF THE SUPREME COURT,NONPARTISAN,SCATTERING,373,0
2006,APRIL,MARATHON,MOSINEE TOWN WARDS 1 - 3,SPRING GENERAL,JUSTICE OF THE SUPREME COURT,NONPARTISAN,PATRICK CROOKS,70,70
2006,APRIL,MARATHON,MOSINEE TOWN WARDS 1 - 3,SPRING GENERAL,JUSTICE OF THE SUPREME COURT,NONPARTISAN,SCATTERING,70,0
2006,APRIL,MARATHON,NORRIE TOWN WARD 1,SPRING GENERAL,JUSTICE OF THE SUPREME COURT,NONPARTISAN,PATRICK CROOKS,31,31
2006,APRIL,MARATHON,NORRIE TOWN WARD 1,SPRING GENERAL,JUSTICE OF THE SUPREME COURT,NONPARTISAN,SCATTERING,31,0
2006,APRIL,MARATHON,PLOVER TOWN WARD 1,SPRING GENERAL,JUSTICE OF THE SUPREME COURT,NONPARTISAN,PATRICK CROOKS,17,17
2006,APRIL,MARATHON,PLOVER TOWN WARD 1,SPRING GENERAL,JUSTICE OF THE SUPREME COURT,NONPARTISAN,SCATTERING,17,0
2006,APRIL,MARATHON,REID TOWN WARDS 1 & 2,SPRING GENERAL,JUSTICE OF THE SUPREME COURT,NONPARTISAN,PATRICK CROOKS,70,70
2006,APRIL,MARATHON,REID TOWN WARDS 1 & 2,SPRING GENERAL,JUSTICE OF THE SUPREME COURT,NONPARTISAN,SCATTERING,70,0
2006,APRIL,MARATHON,RIB FALLS TOWN WARD 1,SPRING GENERAL,JUSTICE OF THE SUPREME COURT,NONPARTISAN,PATRICK CROOKS,45,44
2006,APRIL,MARATHON,RIB FALLS TOWN WARD 1,SPRING GENERAL,JUSTICE OF THE SUPREME COURT,NONPARTISAN,SCATTERING,45,1
2006,APRIL,MARATHON,RIB MOUNTAIN TOWN WARDS 1 - 10,SPRING GENERAL,JUSTICE OF THE SUPREME COURT,NONPARTISAN,PATRICK CROOKS,381,380
2006,APRIL,MARATHON,RIB MOUNTAIN TOWN WARDS 1 - 10,SPRING GENERAL,JUSTICE OF THE SUPREME COURT,NONPARTISAN,SCATTERING,381,1
2006,APRIL,MARATHON,RIETBROCK TOWN WARD 1,SPRING GENERAL,JUSTICE OF THE SUPREME COURT,NONPARTISAN,PATRICK CROOKS,65,65
2006,APRIL,MARATHON,RIETBROCK TOWN WARD 1,SPRING GENERAL,JUSTICE OF THE SUPREME COURT,NONPARTISAN,SCATTERING,65,0
2006,APRIL,MARATHON,RINGLE TOWN WARDS 1 & 2,SPRING GENERAL,JUSTICE OF THE SUPREME COURT,NONPARTISAN,PATRICK CROOKS,56,56
2006,APRIL,MARATHON,RINGLE TOWN WARDS 1 & 2,SPRING GENERAL,JUSTICE OF THE SUPREME COURT,NONPARTISAN,SCATTERING,56,0
2006,APRIL,MARATHON,SPENCER TOWN WARDS 1 & 2,SPRING GENERAL,JUSTICE OF THE SUPREME COURT,NONPARTISAN,PATRICK CROOKS,156,155
2006,APRIL,MARATHON,SPENCER TOWN WARDS 1 & 2,SPRING GENERAL,JUSTICE OF THE SUPREME COURT,NONPARTISAN,SCATTERING,156,1
2006,APRIL,MARATHON,STETTIN TOWN WARDS 1 & 2,SPRING GENERAL,JUSTICE OF THE SUPREME COURT,NONPARTISAN,PATRICK CROOKS,84,84
2006,APRIL,MARATHON,STETTIN TOWN WARDS 1 & 2,SPRING GENERAL,JUSTICE OF THE SUPREME COURT,NONPARTISAN,SCATTERING,84,0
2006,APRIL,MARATHON,STETTIN TOWN WARDS 3 & 4,SPRING GENERAL,JUSTICE OF THE SUPREME COURT,NONPARTISAN,PATRICK CROOKS,64,63
2006,APRIL,MARATHON,STETTIN TOWN WARDS 3 & 4,SPRING GENERAL,JUSTICE OF THE SUPREME COURT,NONPARTISAN,SCATTERING,64,1
2006,APRIL,MARATHON,TEXAS TOWN WARDS 1 & 2,SPRING GENERAL,JUSTICE OF THE SUPREME COURT,NONPARTISAN,PATRICK CROOKS,56,55
2006,APRIL,MARATHON,TEXAS TOWN WARDS 1 & 2,SPRING GENERAL,JUSTICE OF THE SUPREME COURT,NONPARTISAN,SCATTERING,56,1
2006,APRIL,MARATHON,WAUSAU TOWN WARDS 1 - 3,SPRING GENERAL,JUSTICE OF THE SUPREME COURT,NONPARTISAN,PATRICK CROOKS,92,91
2006,APRIL,MARATHON,WAUSAU TOWN WARDS 1 - 3,SPRING GENERAL,JUSTICE OF THE SUPREME COURT,NONPARTISAN,SCATTERING,92,1
2006,APRIL,MARATHON,WESTON TOWN WARD 1,SPRING GENERAL,JUSTICE OF THE SUPREME COURT,NONPARTISAN,PATRICK CROOKS,55,55
2006,APRIL,MARATHON,WESTON TOWN WARD 1,SPRING GENERAL,JUSTICE OF THE SUPREME COURT,NONPARTISAN,SCATTERING,55,0
2006,APRIL,MARATHON,WIEN TOWN WARD 1,SPRING GENERAL,JUSTICE OF THE SUPREME COURT,NONPARTISAN,PATRICK CROOKS,54,54
2006,APRIL,MARATHON,WIEN TOWN WARD 1,SPRING GENERAL,JUSTICE OF THE SUPREME COURT,NONPARTISAN,SCATTERING,54,0
2006,APRIL,MARATHON,ATHENS VILLAGE WARDS 1 & 2,SPRING GENERAL,JUSTICE OF THE SUPREME COURT,NONPARTISAN,PATRICK CROOKS,227,227
2006,APRIL,MARATHON,ATHENS VILLAGE WARDS 1 & 2,SPRING GENERAL,JUSTICE OF THE SUPREME COURT,NONPARTISAN,SCATTERING,227,0
2006,APRIL,MARATHON,BIRNAMWOOD VILLAGE WARD 2,SPRING GENERAL,JUSTICE OF THE SUPREME COURT,NONPARTISAN,PATRICK CROOKS,4,4
2006,APRIL,MARATHON,BIRNAMWOOD VILLAGE WARD 2,SPRING GENERAL,JUSTICE OF THE SUPREME COURT,NONPARTISAN,SCATTERING,4,0
2006,APRIL,MARATHON,BROKAW VILLAGE WARD 1,SPRING GENERAL,JUSTICE OF THE SUPREME COURT,NONPARTISAN,PATRICK CROOKS,25,25
2006,APRIL,MARATHON,BROKAW VILLAGE WARD 1,SPRING GENERAL,JUSTICE OF THE SUPREME COURT,NONPARTISAN,SCATTERING,25,0
2006,APRIL,MARATHON,DORCHESTER VILLAGE WARD 2,SPRING GENERAL,JUSTICE OF THE SUPREME COURT,NONPARTISAN,PATRICK CROOKS,0,0
2006,APRIL,MARATHON,DORCHESTER VILLAGE WARD 2,SPRING GENERAL,JUSTICE OF THE SUPREME COURT,NONPARTISAN,SCATTERING,0,0
2006,APRIL,MARATHON,EDGAR VILLAGE WARDS 1 - 3,SPRING GENERAL,JUSTICE OF THE SUPREME COURT,NONPARTISAN,PATRICK CROOKS,161,161
2006,APRIL,MARATHON,EDGAR VILLAGE WARDS 1 - 3,SPRING GENERAL,JUSTICE OF THE SUPREME COURT,NONPARTISAN,SCATTERING,161,0
2006,APRIL,MARATHON,ELDERON VILLAGE WARD 1,SPRING GENERAL,JUSTICE OF THE SUPREME COURT,NONPARTISAN,PATRICK CROOKS,19,19
2006,APRIL,MARATHON,ELDERON VILLAGE WARD 1,SPRING GENERAL,JUSTICE OF THE SUPREME COURT,NONPARTISAN,SCATTERING,19,0
2006,APRIL,MARATHON,FENWOOD VILLAGE WARD 1,SPRING GENERAL,JUSTICE OF THE SUPREME COURT,NONPARTISAN,PATRICK CROOKS,27,27
2006,APRIL,MARATHON,FENWOOD VILLAGE WARD 1,SPRING GENERAL,JUSTICE OF THE SUPREME COURT,NONPARTISAN,SCATTERING,27,0
2006,APRIL,MARATHON,HATLEY VILLAGE WARDS 1 & 2,SPRING GENERAL,JUSTICE OF THE SUPREME COURT,NONPARTISAN,PATRICK CROOKS,38,38
2006,APRIL,MARATHON,HATLEY VILLAGE WARDS 1 & 2,SPRING GENERAL,JUSTICE OF THE SUPREME COURT,NONPARTISAN,SCATTERING,38,0
2006,APRIL,MARATHON,KRONENWETTER VILLAGE WARDS 1 - 4,SPRING GENERAL,JUSTICE OF THE SUPREME COURT,NONPARTISAN,PATRICK CROOKS,307,307
2006,APRIL,MARATHON,KRONENWETTER VILLAGE WARDS 1 - 4,SPRING GENERAL,JUSTICE OF THE SUPREME COURT,NONPARTISAN,SCATTERING,307,0
2006,APRIL,MARATHON,KRONENWETTER VILLAGE WARDS 5 - 8,SPRING GENERAL,JUSTICE OF THE SUPREME COURT,NONPARTISAN,PATRICK CROOKS,226,225
2006,APRIL,MARATHON,KRONENWETTER VILLAGE WARDS 5 - 8,SPRING GENERAL,JUSTICE OF THE SUPREME COURT,NONPARTISAN,SCATTERING,226,1
2006,APRIL,MARATHON,MARATHON CITY VILLAGE WARDS 1 - 3,SPRING GENERAL,JUSTICE OF THE SUPREME COURT,NONPARTISAN,PATRICK CROOKS,214,213
2006,APRIL,MARATHON,MARATHON CITY VILLAGE WARDS 1 - 3,SPRING GENERAL,JUSTICE OF THE SUPREME COURT,NONPARTISAN,SCATTERING,214,1
2006,APRIL,MARATHON,ROTHSCHILD VILLAGE WARDS 1 & 2,SPRING GENERAL,JUSTICE OF THE SUPREME COURT,NONPARTISAN,PATRICK CROOKS,88,88
2006,APRIL,MARATHON,ROTHSCHILD VILLAGE WARDS 1 & 2,SPRING GENERAL,JUSTICE OF THE SUPREME COURT,NONPARTISAN,SCATTERING,88,0
2006,APRIL,MARATHON,ROTHSCHILD VILLAGE WARDS 3 & 4,SPRING GENERAL,JUSTICE OF THE SUPREME COURT,NONPARTISAN,PATRICK CROOKS,84,84
2006,APRIL,MARATHON,ROTHSCHILD VILLAGE WARDS 3 & 4,SPRING GENERAL,JUSTICE OF THE SUPREME COURT,NONPARTISAN,SCATTERING,84,0
2006,APRIL,MARATHON,ROTHSCHILD VILLAGE WARDS 5 & 6,SPRING GENERAL,JUSTICE OF THE SUPREME COURT,NONPARTISAN,PATRICK CROOKS,73,73
2006,APRIL,MARATHON,ROTHSCHILD VILLAGE WARDS 5 & 6,SPRING GENERAL,JUSTICE OF THE SUPREME COURT,NONPARTISAN,SCATTERING,73,0
2006,APRIL,MARATHON,SPENCER VILLAGE WARDS 1 - 4,SPRING GENERAL,JUSTICE OF THE SUPREME COURT,NONPARTISAN,PATRICK CROOKS,254,254
2006,APRIL,MARATHON,SPENCER VILLAGE WARDS 1 - 4,SPRING GENERAL,JUSTICE OF THE SUPREME COURT,NONPARTISAN,SCATTERING,254,0
2006,APRIL,MARATHON,STRATFORD VILLAGE WARDS 1 & 2,SPRING GENERAL,JUSTICE OF THE SUPREME COURT,NONPARTISAN,PATRICK CROOKS,185,185
2006,APRIL,MARATHON,STRATFORD VILLAGE WARDS 1 & 2,SPRING GENERAL,JUSTICE OF THE SUPREME COURT,NONPARTISAN,SCATTERING,185,0
2006,APRIL,MARATHON,UNITY VILLAGE WARD 1,SPRING GENERAL,JUSTICE OF THE SUPREME COURT,NONPARTISAN,PATRICK CROOKS,15,15
2006,APRIL,MARATHON,UNITY VILLAGE WARD 1,SPRING GENERAL,JUSTICE OF THE SUPREME COURT,NONPARTISAN,SCATTERING,15,0
2006,APRIL,MARATHON,WESTON VILLAGE WARDS 1 & 2,SPRING GENERAL,JUSTICE OF THE SUPREME COURT,NONPARTISAN,PATRICK CROOKS,54,54
2006,APRIL,MARATHON,WESTON VILLAGE WARDS 1 & 2,SPRING GENERAL,JUSTICE OF THE SUPREME COURT,NONPARTISAN,SCATTERING,54,0
2006,APRIL,MARATHON,WESTON VILLAGE WARDS 3 & 6,SPRING GENERAL,JUSTICE OF THE SUPREME COURT,NONPARTISAN,PATRICK CROOKS,116,116
2006,APRIL,MARATHON,WESTON VILLAGE WARDS 3 & 6,SPRING GENERAL,JUSTICE OF THE SUPREME COURT,NONPARTISAN,SCATTERING,116,0
2006,APRIL,MARATHON,WESTON VILLAGE WARDS 4 & 5,SPRING GENERAL,JUSTICE OF THE SUPREME COURT,NONPARTISAN,PATRICK CROOKS,118,117
2006,APRIL,MARATHON,WESTON VILLAGE WARDS 4 & 5,SPRING GENERAL,JUSTICE OF THE SUPREME COURT,NONPARTISAN,SCATTERING,118,1
2006,APRIL,MARATHON,"WESTON VILLAGE WARDS 7, 8 & 11",SPRING GENERAL,JUSTICE OF THE SUPREME COURT,NONPARTISAN,PATRICK CROOKS,101,100
2006,APRIL,MARATHON,"WESTON VILLAGE WARDS 7, 8 & 11",SPRING GENERAL,JUSTICE OF THE SUPREME COURT,NONPARTISAN,SCATTERING,101,1
2006,APRIL,MARATHON,WESTON VILLAGE WARDS 9 & 10,SPRING GENERAL,JUSTICE OF THE SUPREME COURT,NONPARTISAN,PATRICK CROOKS,122,122
2006,APRIL,MARATHON,WESTON VILLAGE WARDS 9 & 10,SPRING GENERAL,JUSTICE OF THE SUPREME COURT,NONPARTISAN,SCATTERING,122,0
2006,APRIL,MARATHON,ABBOTSFORD CITY WARD 1,SPRING GENERAL,JUSTICE OF THE SUPREME COURT,NONPARTISAN,PATRICK CROOKS,31,31
2006,APRIL,MARATHON,ABBOTSFORD CITY WARD 1,SPRING GENERAL,JUSTICE OF THE SUPREME COURT,NONPARTISAN,SCATTERING,31,0
2006,APRIL,MARATHON,COLBY CITY WARD 1,SPRING GENERAL,JUSTICE OF THE SUPREME COURT,NONPARTISAN,PATRICK CROOKS,102,102
2006,APRIL,MARATHON,COLBY CITY WARD 1,SPRING GENERAL,JUSTICE OF THE SUPREME COURT,NONPARTISAN,SCATTERING,102,0
2006,APRIL,MARATHON,"MARSHFIELD CITY WARDS 21, 22, 26, 28 - 33",SPRING GENERAL,JUSTICE OF THE SUPREME COURT,NONPARTISAN,PATRICK CROOKS,74,74
2006,APRIL,MARATHON,"MARSHFIELD CITY WARDS 21, 22, 26, 28 - 33",SPRING GENERAL,JUSTICE OF THE SUPREME COURT,NONPARTISAN,SCATTERING,74,0
2006,APRIL,MARATHON,"MOSINEE CITY WARDS 1, 2 & 6",SPRING GENERAL,JUSTICE OF THE SUPREME COURT,NONPARTISAN,PATRICK CROOKS,152,152
2006,APRIL,MARATHON,"MOSINEE CITY WARDS 1, 2 & 6",SPRING GENERAL,JUSTICE OF THE SUPREME COURT,NONPARTISAN,SCATTERING,152,0
2006,APRIL,MARATHON,MOSINEE CITY WARDS 3 - 5,SPRING GENERAL,JUSTICE OF THE SUPREME COURT,NONPARTISAN,PATRICK CROOKS,255,253
2006,APRIL,MARATHON,MOSINEE CITY WARDS 3 - 5,SPRING GENERAL,JUSTICE OF THE SUPREME COURT,NONPARTISAN,SCATTERING,255,2
2006,APRIL,MARATHON,SCHOFIELD CITY WARDS 1 - 4,SPRING GENERAL,JUSTICE OF THE SUPREME COURT,NONPARTISAN,PATRICK CROOKS,255,250
2006,APRIL,MARATHON,SCHOFIELD CITY WARDS 1 - 4,SPRING GENERAL,JUSTICE OF THE SUPREME COURT,NONPARTISAN,SCATTERING,255,5
2006,APRIL,MARATHON,WAUSAU CITY WARD 1,SPRING GENERAL,JUSTICE OF THE SUPREME COURT,NONPARTISAN,PATRICK CROOKS,269,269
2006,APRIL,MARATHON,WAUSAU CITY WARD 1,SPRING GENERAL,JUSTICE OF THE SUPREME COURT,NONPARTISAN,SCATTERING,269,0
2006,APRIL,MARATHON,WAUSAU CITY WARD 2,SPRING GENERAL,JUSTICE OF THE SUPREME COURT,NONPARTISAN,PATRICK CROOKS,223,222
2006,APRIL,MARATHON,WAUSAU CITY WARD 2,SPRING GENERAL,JUSTICE OF THE SUPREME COURT,NONPARTISAN,SCATTERING,223,1
2006,APRIL,MARATHON,WAUSAU CITY WARD 3,SPRING GENERAL,JUSTICE OF THE SUPREME COURT,NONPARTISAN,PATRICK CROOKS,61,61
2006,APRIL,MARATHON,WAUSAU CITY WARD 3,SPRING GENERAL,JUSTICE OF THE SUPREME COURT,NONPARTISAN,SCATTERING,61,0
2006,APRIL,MARATHON,WAUSAU CITY WARD 4,SPRING GENERAL,JUSTICE OF THE SUPREME COURT,NONPARTISAN,PATRICK CROOKS,82,81
2006,APRIL,MARATHON,WAUSAU CITY WARD 4,SPRING GENERAL,JUSTICE OF THE SUPREME COURT,NONPARTISAN,SCATTERING,82,1
2006,APRIL,MARATHON,WAUSAU CITY WARD 5,SPRING GENERAL,JUSTICE OF THE SUPREME COURT,NONPARTISAN,PATRICK CROOKS,16,16
2006,APRIL,MARATHON,WAUSAU CITY WARD 5,SPRING GENERAL,JUSTICE OF THE SUPREME COURT,NONPARTISAN,SCATTERING,16,0
2006,APRIL,MARATHON,WAUSAU CITY WARD 6,SPRING GENERAL,JUSTICE OF THE SUPREME COURT,NONPARTISAN,PATRICK CROOKS,20,20
2006,APRIL,MARATHON,WAUSAU CITY WARD 6,SPRING GENERAL,JUSTICE OF THE SUPREME COURT,NONPARTISAN,SCATTERING,20,0
2006,APRIL,MARATHON,WAUSAU CITY WARD 7,SPRING GENERAL,JUSTICE OF THE SUPREME COURT,NONPARTISAN,PATRICK CROOKS,12,12
2006,APRIL,MARATHON,WAUSAU CITY WARD 7,SPRING GENERAL,JUSTICE OF THE SUPREME COURT,NONPARTISAN,SCATTERING,12,0
2006,APRIL,MARATHON,WAUSAU CITY WARD 8,SPRING GENERAL,JUSTICE OF THE SUPREME COURT,NONPARTISAN,PATRICK CROOKS,106,106
2006,APRIL,MARATHON,WAUSAU CITY WARD 8,SPRING GENERAL,JUSTICE OF THE SUPREME COURT,NONPARTISAN,SCATTERING,106,0
2006,APRIL,MARATHON,WAUSAU CITY WARD 9,SPRING GENERAL,JUSTICE OF THE SUPREME COURT,NONPARTISAN,PATRICK CROOKS,126,126
2006,APRIL,MARATHON,WAUSAU CITY WARD 9,SPRING GENERAL,JUSTICE OF THE SUPREME COURT,NONPARTISAN,SCATTERING,126,0
2006,APRIL,MARATHON,WAUSAU CITY WARD 10,SPRING GENERAL,JUSTICE OF THE SUPREME COURT,NONPARTISAN,PATRICK CROOKS,63,63
2006,APRIL,MARATHON,WAUSAU CITY WARD 10,SPRING GENERAL,JUSTICE OF THE SUPREME COURT,NONPARTISAN,SCATTERING,63,0
2006,APRIL,MARATHON,WAUSAU CITY WARD 11,SPRING GENERAL,JUSTICE OF THE SUPREME COURT,NONPARTISAN,PATRICK CROOKS,117,117
2006,APRIL,MARATHON,WAUSAU CITY WARD 11,SPRING GENERAL,JUSTICE OF THE SUPREME COURT,NONPARTISAN,SCATTERING,117,0
2006,APRIL,MARATHON,WAUSAU CITY WARD 12,SPRING GENERAL,JUSTICE OF THE SUPREME COURT,NONPARTISAN,PATRICK CROOKS,107,107
2006,APRIL,MARATHON,WAUSAU CITY WARD 12,SPRING GENERAL,JUSTICE OF THE SUPREME COURT,NONPARTISAN,SCATTERING,107,0
2006,APRIL,MARATHON,WAUSAU CITY WARD 13,SPRING GENERAL,JUSTICE OF THE SUPREME COURT,NONPARTISAN,PATRICK CROOKS,136,136
2006,APRIL,MARATHON,WAUSAU CITY WARD 13,SPRING GENERAL,JUSTICE OF THE SUPREME COURT,NONPARTISAN,SCATTERING,136,0
2006,APRIL,MARATHON,WAUSAU CITY WARD 14,SPRING GENERAL,JUSTICE OF THE SUPREME COURT,NONPARTISAN,PATRICK CROOKS,189,189
2006,APRIL,MARATHON,WAUSAU CITY WARD 14,SPRING GENERAL,JUSTICE OF THE SUPREME COURT,NONPARTISAN,SCATTERING,189,0
2006,APRIL,MARATHON,WAUSAU CITY WARD 15,SPRING GENERAL,JUSTICE OF THE SUPREME COURT,NONPARTISAN,PATRICK CROOKS,189,189
2006,APRIL,MARATHON,WAUSAU CITY WARD 15,SPRING GENERAL,JUSTICE OF THE SUPREME COURT,NONPARTISAN,SCATTERING,189,0
2006,APRIL,MARATHON,WAUSAU CITY WARD 16,SPRING GENERAL,JUSTICE OF THE SUPREME COURT,NONPARTISAN,PATRICK CROOKS,107,107
2006,APRIL,MARATHON,WAUSAU CITY WARD 16,SPRING GENERAL,JUSTICE OF THE SUPREME COURT,NONPARTISAN,SCATTERING,107,0
2006,APRIL,MARATHON,WAUSAU CITY WARD 17,SPRING GENERAL,JUSTICE OF THE SUPREME COURT,NONPARTISAN,PATRICK CROOKS,95,95
2006,APRIL,MARATHON,WAUSAU CITY WARD 17,SPRING GENERAL,JUSTICE OF THE SUPREME COURT,NONPARTISAN,SCATTERING,95,0
2006,APRIL,MARATHON,WAUSAU CITY WARD 18,SPRING GENERAL,JUSTICE OF THE SUPREME COURT,NONPARTISAN,PATRICK CROOKS,112,111
2006,APRIL,MARATHON,WAUSAU CITY WARD 18,SPRING GENERAL,JUSTICE OF THE SUPREME COURT,NONPARTISAN,SCATTERING,112,1
2006,APRIL,MARATHON,WAUSAU CITY WARD 19,SPRING GENERAL,JUSTICE OF THE SUPREME COURT,NONPARTISAN,PATRICK CROOKS,114,114
2006,APRIL,MARATHON,WAUSAU CITY WARD 19,SPRING GENERAL,JUSTICE OF THE SUPREME COURT,NONPARTISAN,SCATTERING,114,0
2006,APRIL,MARATHON,WAUSAU CITY WARD 20,SPRING GENERAL,JUSTICE OF THE SUPREME COURT,NONPARTISAN,PATRICK CROOKS,183,183
2006,APRIL,MARATHON,WAUSAU CITY WARD 20,SPRING GENERAL,JUSTICE OF THE SUPREME COURT,NONPARTISAN,SCATTERING,183,0
2006,APRIL,MARATHON,WAUSAU CITY WARD 21,SPRING GENERAL,JUSTICE OF THE SUPREME COURT,NONPARTISAN,PATRICK CROOKS,66,66
2006,APRIL,MARATHON,WAUSAU CITY WARD 21,SPRING GENERAL,JUSTICE OF THE SUPREME COURT,NONPARTISAN,SCATTERING,66,0
2006,APRIL,MARATHON,WAUSAU CITY WARD 22,SPRING GENERAL,JUSTICE OF THE SUPREME COURT,NONPARTISAN,PATRICK CROOKS,17,17
2006,APRIL,MARATHON,WAUSAU CITY WARD 22,SPRING GENERAL,JUSTICE OF THE SUPREME COURT,NONPARTISAN,SCATTERING,17,0
2006,APRIL,MARATHON,WAUSAU CITY WARD 23,SPRING GENERAL,JUSTICE OF THE SUPREME COURT,NONPARTISAN,PATRICK CROOKS,69,69
2006,APRIL,MARATHON,WAUSAU CITY WARD 23,SPRING GENERAL,JUSTICE OF THE SUPREME COURT,NONPARTISAN,SCATTERING,69,0
2006,APRIL,MARATHON,WAUSAU CITY WARD 24,SPRING GENERAL,JUSTICE OF THE SUPREME COURT,NONPARTISAN,PATRICK CROOKS,103,103
2006,APRIL,MARATHON,WAUSAU CITY WARD 24,SPRING GENERAL,JUSTICE OF THE SUPREME COURT,NONPARTISAN,SCATTERING,103,0
2006,APRIL,MARATHON,WAUSAU CITY WARD 25,SPRING GENERAL,JUSTICE OF THE SUPREME COURT,NONPARTISAN,PATRICK CROOKS,103,102
2006,APRIL,MARATHON,WAUSAU CITY WARD 25,SPRING GENERAL,JUSTICE OF THE SUPREME COURT,NONPARTISAN,SCATTERING,103,1
2006,APRIL,MARATHON,WAUSAU CITY WARD 26,SPRING GENERAL,JUSTICE OF THE SUPREME COURT,NONPARTISAN,PATRICK CROOKS,122,121
2006,APRIL,MARATHON,WAUSAU CITY WARD 26,SPRING GENERAL,JUSTICE OF THE SUPREME COURT,NONPARTISAN,SCATTERING,122,1
2006,APRIL,MARATHON,WAUSAU CITY WARD 27,SPRING GENERAL,JUSTICE OF THE SUPREME COURT,NONPARTISAN,PATRICK CROOKS,86,84
2006,APRIL,MARATHON,WAUSAU CITY WARD 27,SPRING GENERAL,JUSTICE OF THE SUPREME COURT,NONPARTISAN,SCATTERING,86,2
2006,APRIL,MARATHON,WAUSAU CITY WARD 28,SPRING GENERAL,JUSTICE OF THE SUPREME COURT,NONPARTISAN,PATRICK CROOKS,58,58
2006,APRIL,MARATHON,WAUSAU CITY WARD 28,SPRING GENERAL,JUSTICE OF THE SUPREME COURT,NONPARTISAN,SCATTERING,58,0
2006,APRIL,MARATHON,WAUSAU CITY WARD 29,SPRING GENERAL,JUSTICE OF THE SUPREME COURT,NONPARTISAN,PATRICK CROOKS,6,6
2006,APRIL,MARATHON,WAUSAU CITY WARD 29,SPRING GENERAL,JUSTICE OF THE SUPREME COURT,NONPARTISAN,SCATTERING,6,0
2006,APRIL,MARATHON,WAUSAU CITY WARD 30,SPRING GENERAL,JUSTICE OF THE SUPREME COURT,NONPARTISAN,PATRICK CROOKS,0,0
2006,APRIL,MARATHON,WAUSAU CITY WARD 30,SPRING GENERAL,JUSTICE OF THE SUPREME COURT,NONPARTISAN,SCATTERING,0,0
2006,APRIL,MARATHON,WAUSAU CITY WARD 31,SPRING GENERAL,JUSTICE OF THE SUPREME COURT,NONPARTISAN,PATRICK CROOKS,0,0
2006,APRIL,MARATHON,WAUSAU CITY WARD 31,SPRING GENERAL,JUSTICE OF THE SUPREME COURT,NONPARTISAN,SCATTERING,0,0
2006,APRIL,MARATHON,WAUSAU CITY WARD 32,SPRING GENERAL,JUSTICE OF THE SUPREME COURT,NONPARTISAN,PATRICK CROOKS,0,0
2006,APRIL,MARATHON,WAUSAU CITY WARD 32,SPRING GENERAL,JUSTICE OF THE SUPREME COURT,NONPARTISAN,SCATTERING,0,0
2006,APRIL,MARATHON,WAUSAU CITY WARD 33,SPRING GENERAL,JUSTICE OF THE SUPREME COURT,NONPARTISAN,PATRICK CROOKS,0,0
2006,APRIL,MARATHON,WAUSAU CITY WARD 33,SPRING GENERAL,JUSTICE OF THE SUPREME COURT,NONPARTISAN,SCATTERING,0,0
2006,APRIL,MARATHON,WAUSAU CITY WARD 34,SPRING GENERAL,JUSTICE OF THE SUPREME COURT,NONPARTISAN,PATRICK CROOKS,3,3
2006,APRIL,MARATHON,WAUSAU CITY WARD 34,SPRING GENERAL,JUSTICE OF THE SUPREME COURT,NONPARTISAN,SCATTERING,3,0
2006,APRIL,MARATHON,WAUSAU CITY WARD 35,SPRING GENERAL,JUSTICE OF THE SUPREME COURT,NONPARTISAN,PATRICK CROOKS,2,2
2006,APRIL,MARATHON,WAUSAU CITY WARD 35,SPRING GENERAL,JUSTICE OF THE SUPREME COURT,NONPARTISAN,SCATTERING,2,0
2006,APRIL,MARATHON,WAUSAU CITY WARD 36,SPRING GENERAL,JUSTICE OF THE SUPREME COURT,NONPARTISAN,PATRICK CROOKS,0,0
2006,APRIL,MARATHON,WAUSAU CITY WARD 36,SPRING GENERAL,JUSTICE OF THE SUPREME COURT,NONPARTISAN,SCATTERING,0,0
2006,APRIL,MARATHON,WAUSAU CITY WARD 37,SPRING GENERAL,JUSTICE OF THE SUPREME COURT,NONPARTISAN,PATRICK CROOKS,0,0
2006,APRIL,MARATHON,WAUSAU CITY WARD 37,SPRING GENERAL,JUSTICE OF THE SUPREME COURT,NONPARTISAN,SCATTERING,0,0
2006,APRIL,MARATHON,WAUSAU CITY WARD 38,SPRING GENERAL,JUSTICE OF THE SUPREME COURT,NONPARTISAN,PATRICK CROOKS,0,0
2006,APRIL,MARATHON,WAUSAU CITY WARD 38,SPRING GENERAL,JUSTICE OF THE SUPREME COURT,NONPARTISAN,SCATTERING,0,0
2006,APRIL,MARATHON,WAUSAU CITY WARD 39,SPRING GENERAL,JUSTICE OF THE SUPREME COURT,NONPARTISAN,PATRICK CROOKS,0,0
2006,APRIL,MARATHON,WAUSAU CITY WARD 39,SPRING GENERAL,JUSTICE OF THE SUPREME COURT,NONPARTISAN,SCATTERING,0,0
2006,APRIL,MARATHON,WAUSAU CITY WARD 40,SPRING GENERAL,JUSTICE OF THE SUPREME COURT,NONPARTISAN,PATRICK CROOKS,1,1
2006,APRIL,MARATHON,WAUSAU CITY WARD 40,SPRING GENERAL,JUSTICE OF THE SUPREME COURT,NONPARTISAN,SCATTERING,1,0
2006,APRIL,MARATHON,WAUSAU CITY WARD 41,SPRING GENERAL,JUSTICE OF THE SUPREME COURT,NONPARTISAN,PATRICK CROOKS,0,0
2006,APRIL,MARATHON,WAUSAU CITY WARD 41,SPRING GENERAL,JUSTICE OF THE SUPREME COURT,NONPARTISAN,SCATTERING,0,0
2006,APRIL,MARATHON,WAUSAU CITY WARD 42,SPRING GENERAL,JUSTICE OF THE SUPREME COURT,NONPARTISAN,PATRICK CROOKS,0,0
2006,APRIL,MARATHON,WAUSAU CITY WARD 42,SPRING GENERAL,JUSTICE OF THE SUPREME COURT,NONPARTISAN,SCATTERING,0,0
2006,APRIL,MARATHON,WAUSAU CITY WARD 43,SPRING GENERAL,JUSTICE OF THE SUPREME COURT,NONPARTISAN,PATRICK CROOKS,0,0
2006,APRIL,MARATHON,WAUSAU CITY WARD 43,SPRING GENERAL,JUSTICE OF THE SUPREME COURT,NONPARTISAN,SCATTERING,0,0
2006,APRIL,MARATHON,WAUSAU CITY WARD 44,SPRING GENERAL,JUSTICE OF THE SUPREME COURT,NONPARTISAN,PATRICK CROOKS,3,3
2006,APRIL,MARATHON,WAUSAU CITY WARD 44,SPRING GENERAL,JUSTICE OF THE SUPREME COURT,NONPARTISAN,SCATTERING,3,0
2006,APRIL,MARATHON,WAUSAU CITY WARD 45,SPRING GENERAL,JUSTICE OF THE SUPREME COURT,NONPARTISAN,PATRICK CROOKS,0,0
2006,APRIL,MARATHON,WAUSAU CITY WARD 45,SPRING GENERAL,JUSTICE OF THE SUPREME COURT,NONPARTISAN,SCATTERING,0,0
2006,APRIL,MARATHON,WAUSAU CITY WARD 46,SPRING GENERAL,JUSTICE OF THE SUPREME COURT,NONPARTISAN,PATRICK CROOKS,0,0
2006,APRIL,MARATHON,WAUSAU CITY WARD 46,SPRING GENERAL,JUSTICE OF THE SUPREME COURT,NONPARTISAN,SCATTERING,0,0
2006,APRIL,MARATHON,WAUSAU CITY WARD 47,SPRING GENERAL,JUSTICE OF THE SUPREME COURT,NONPARTISAN,PATRICK CROOKS,0,0
2006,APRIL,MARATHON,WAUSAU CITY WARD 47,SPRING GENERAL,JUSTICE OF THE SUPREME COURT,NONPARTISAN,SCATTERING,0,0
2006,APRIL,MARATHON,WAUSAU CITY WARD 48,SPRING GENERAL,JUSTICE OF THE SUPREME COURT,NONPARTISAN,PATRICK CROOKS,0,0
2006,APRIL,MARATHON,WAUSAU CITY WARD 48,SPRING GENERAL,JUSTICE OF THE SUPREME COURT,NONPARTISAN,SCATTERING,0,0
2006,APRIL,MARATHON,WAUSAU CITY WARD 49,SPRING GENERAL,JUSTICE OF THE SUPREME COURT,NONPARTISAN,PATRICK CROOKS,0,0
2006,APRIL,MARATHON,WAUSAU CITY WARD 49,SPRING GENERAL,JUSTICE OF THE SUPREME COURT,NONPARTISAN,SCATTERING,0,0
2006,APRIL,MARATHON,WAUSAU CITY WARD 50,SPRING GENERAL,JUSTICE OF THE SUPREME COURT,NONPARTISAN,PATRICK CROOKS,0,0
2006,APRIL,MARATHON,WAUSAU CITY WARD 50,SPRING GENERAL,JUSTICE OF THE SUPREME COURT,NONPARTISAN,SCATTERING,0,0
2006,APRIL,MARATHON,WAUSAU CITY WARD 51,SPRING GENERAL,JUSTICE OF THE SUPREME COURT,NONPARTISAN,PATRICK CROOKS,0,0
2006,APRIL,MARATHON,WAUSAU CITY WARD 51,SPRING GENERAL,JUSTICE OF THE SUPREME COURT,NONPARTISAN,SCATTERING,0,0
2006,APRIL,MARATHON,WAUSAU CITY WARD 52,SPRING GENERAL,JUSTICE OF THE SUPREME COURT,NONPARTISAN,PATRICK CROOKS,0,0
2006,APRIL,MARATHON,WAUSAU CITY WARD 52,SPRING GENERAL,JUSTICE OF THE SUPREME COURT,NONPARTISAN,SCATTERING,0,0
2006,APRIL,MARINETTE,AMBERG TOWN WARD 1,SPRING GENERAL,JUSTICE OF THE SUPREME COURT,NONPARTISAN,PATRICK CROOKS,117,117
2006,APRIL,MARINETTE,AMBERG TOWN WARD 1,SPRING GENERAL,JUSTICE OF THE SUPREME COURT,NONPARTISAN,SCATTERING,117,0
2006,APRIL,MARINETTE,ATHELSTANE TOWN WARDS 1 & 2,SPRING GENERAL,JUSTICE OF THE SUPREME COURT,NONPARTISAN,PATRICK CROOKS,80,80
2006,APRIL,MARINETTE,ATHELSTANE TOWN WARDS 1 & 2,SPRING GENERAL,JUSTICE OF THE SUPREME COURT,NONPARTISAN,SCATTERING,80,0
2006,APRIL,MARINETTE,BEAVER TOWN WARDS 1 - 3,SPRING GENERAL,JUSTICE OF THE SUPREME COURT,NONPARTISAN,PATRICK CROOKS,175,174
2006,APRIL,MARINETTE,BEAVER TOWN WARDS 1 - 3,SPRING GENERAL,JUSTICE OF THE SUPREME COURT,NONPARTISAN,SCATTERING,175,1
2006,APRIL,MARINETTE,BEECHER TOWN WARDS 1 - 3,SPRING GENERAL,JUSTICE OF THE SUPREME COURT,NONPARTISAN,PATRICK CROOKS,48,48
2006,APRIL,MARINETTE,BEECHER TOWN WARDS 1 - 3,SPRING GENERAL,JUSTICE OF THE SUPREME COURT,NONPARTISAN,SCATTERING,48,0
2006,APRIL,MARINETTE,DUNBAR TOWN WARDS 1 & 2,SPRING GENERAL,JUSTICE OF THE SUPREME COURT,NONPARTISAN,PATRICK CROOKS,46,46
2006,APRIL,MARINETTE,DUNBAR TOWN WARDS 1 & 2,SPRING GENERAL,JUSTICE OF THE SUPREME COURT,NONPARTISAN,SCATTERING,46,0
2006,APRIL,MARINETTE,GOODMAN TOWN WARD 1,SPRING GENERAL,JUSTICE OF THE SUPREME COURT,NONPARTISAN,PATRICK CROOKS,31,30
2006,APRIL,MARINETTE,GOODMAN TOWN WARD 1,SPRING GENERAL,JUSTICE OF THE SUPREME COURT,NONPARTISAN,SCATTERING,31,1
2006,APRIL,MARINETTE,GROVER TOWN WARDS 1 - 3,SPRING GENERAL,JUSTICE OF THE SUPREME COURT,NONPARTISAN,PATRICK CROOKS,207,207
2006,APRIL,MARINETTE,GROVER TOWN WARDS 1 - 3,SPRING GENERAL,JUSTICE OF THE SUPREME COURT,NONPARTISAN,SCATTERING,207,0
2006,APRIL,MARINETTE,LAKE TOWN WARDS 1 & 2,SPRING GENERAL,JUSTICE OF THE SUPREME COURT,NONPARTISAN,PATRICK CROOKS,129,129
2006,APRIL,MARINETTE,LAKE TOWN WARDS 1 & 2,SPRING GENERAL,JUSTICE OF THE SUPREME COURT,NONPARTISAN,SCATTERING,129,0
2006,APRIL,MARINETTE,MIDDLE INLET TOWN WARDS 1 & 2,SPRING GENERAL,JUSTICE OF THE SUPREME COURT,NONPARTISAN,PATRICK CROOKS,92,91
2006,APRIL,MARINETTE,MIDDLE INLET TOWN WARDS 1 & 2,SPRING GENERAL,JUSTICE OF THE SUPREME COURT,NONPARTISAN,SCATTERING,92,1
2006,APRIL,MARINETTE,NIAGARA TOWN WARD 1,SPRING GENERAL,JUSTICE OF THE SUPREME COURT,NONPARTISAN,PATRICK CROOKS,96,96
2006,APRIL,MARINETTE,NIAGARA TOWN WARD 1,SPRING GENERAL,JUSTICE OF THE SUPREME COURT,NONPARTISAN,SCATTERING,96,0
2006,APRIL,MARINETTE,PEMBINE TOWN WARDS 1 & 2,SPRING GENERAL,JUSTICE OF THE SUPREME COURT,NONPARTISAN,PATRICK CROOKS,42,42
2006,APRIL,MARINETTE,PEMBINE TOWN WARDS 1 & 2,SPRING GENERAL,JUSTICE OF THE SUPREME COURT,NONPARTISAN,SCATTERING,42,0
2006,APRIL,MARINETTE,PESHTIGO TOWN WARDS 1 & 2,SPRING GENERAL,JUSTICE OF THE SUPREME COURT,NONPARTISAN,PATRICK CROOKS,137,136
2006,APRIL,MARINETTE,PESHTIGO TOWN WARDS 1 & 2,SPRING GENERAL,JUSTICE OF THE SUPREME COURT,NONPARTISAN,SCATTERING,137,1
2006,APRIL,MARINETTE,PESHTIGO TOWN WARDS 3 & 4,SPRING GENERAL,JUSTICE OF THE SUPREME COURT,NONPARTISAN,PATRICK CROOKS,236,235
2006,APRIL,MARINETTE,PESHTIGO TOWN WARDS 3 & 4,SPRING GENERAL,JUSTICE OF THE SUPREME COURT,NONPARTISAN,SCATTERING,236,1
2006,APRIL,MARINETTE,PESHTIGO TOWN WARD 5,SPRING GENERAL,JUSTICE OF THE SUPREME COURT,NONPARTISAN,PATRICK CROOKS,305,305
2006,APRIL,MARINETTE,PESHTIGO TOWN WARD 5,SPRING GENERAL,JUSTICE OF THE SUPREME COURT,NONPARTISAN,SCATTERING,305,0
2006,APRIL,MARINETTE,PORTERFIELD TOWN WARDS 1 - 3,SPRING GENERAL,JUSTICE OF THE SUPREME COURT,NONPARTISAN,PATRICK CROOKS,222,222
2006,APRIL,MARINETTE,PORTERFIELD TOWN WARDS 1 - 3,SPRING GENERAL,JUSTICE OF THE SUPREME COURT,NONPARTISAN,SCATTERING,222,0
2006,APRIL,MARINETTE,POUND TOWN WARDS 1 - 4,SPRING GENERAL,JUSTICE OF THE SUPREME COURT,NONPARTISAN,PATRICK CROOKS,173,171
2006,APRIL,MARINETTE,POUND TOWN WARDS 1 - 4,SPRING GENERAL,JUSTICE OF THE SUPREME COURT,NONPARTISAN,SCATTERING,173,2
2006,APRIL,MARINETTE,SILVER CLIFF TOWN WARDS 1 & 2,SPRING GENERAL,JUSTICE OF THE SUPREME COURT,NONPARTISAN,PATRICK CROOKS,78,78
2006,APRIL,MARINETTE,SILVER CLIFF TOWN WARDS 1 & 2,SPRING GENERAL,JUSTICE OF THE SUPREME COURT,NONPARTISAN,SCATTERING,78,0
2006,APRIL,MARINETTE,STEPHENSON TOWN WARDS 1 - 3,SPRING GENERAL,JUSTICE OF THE SUPREME COURT,NONPARTISAN,PATRICK CROOKS,139,138
2006,APRIL,MARINETTE,STEPHENSON TOWN WARDS 1 - 3,SPRING GENERAL,JUSTICE OF THE SUPREME COURT,NONPARTISAN,SCATTERING,139,1
2006,APRIL,MARINETTE,STEPHENSON TOWN WARDS 4 - 6,SPRING GENERAL,JUSTICE OF THE SUPREME COURT,NONPARTISAN,PATRICK CROOKS,165,164
2006,APRIL,MARINETTE,STEPHENSON TOWN WARDS 4 - 6,SPRING GENERAL,JUSTICE OF THE SUPREME COURT,NONPARTISAN,SCATTERING,165,1
2006,APRIL,MARINETTE,WAGNER TOWN WARD 1,SPRING GENERAL,JUSTICE OF THE SUPREME COURT,NONPARTISAN,PATRICK CROOKS,83,83
2006,APRIL,MARINETTE,WAGNER TOWN WARD 1,SPRING GENERAL,JUSTICE OF THE SUPREME COURT,NONPARTISAN,SCATTERING,83,0
2006,APRIL,MARINETTE,WAUSAUKEE TOWN WARDS 1 - 4,SPRING GENERAL,JUSTICE OF THE SUPREME COURT,NONPARTISAN,PATRICK CROOKS,178,177
2006,APRIL,MARINETTE,WAUSAUKEE TOWN WARDS 1 - 4,SPRING GENERAL,JUSTICE OF THE SUPREME COURT,NONPARTISAN,SCATTERING,178,1
2006,APRIL,MARINETTE,COLEMAN VILLAGE WARD 1,SPRING GENERAL,JUSTICE OF THE SUPREME COURT,NONPARTISAN,PATRICK CROOKS,142,141
2006,APRIL,MARINETTE,COLEMAN VILLAGE WARD 1,SPRING GENERAL,JUSTICE OF THE SUPREME COURT,NONPARTISAN,SCATTERING,142,1
2006,APRIL,MARINETTE,CRIVITZ VILLAGE WARD 1,SPRING GENERAL,JUSTICE OF THE SUPREME COURT,NONPARTISAN,PATRICK CROOKS,150,150
2006,APRIL,MARINETTE,CRIVITZ VILLAGE WARD 1,SPRING GENERAL,JUSTICE OF THE SUPREME COURT,NONPARTISAN,SCATTERING,150,0
2006,APRIL,MARINETTE,POUND VILLAGE WARD 1,SPRING GENERAL,JUSTICE OF THE SUPREME COURT,NONPARTISAN,PATRICK CROOKS,30,30
2006,APRIL,MARINETTE,POUND VILLAGE WARD 1,SPRING GENERAL,JUSTICE OF THE SUPREME COURT,NONPARTISAN,SCATTERING,30,0
2006,APRIL,MARINETTE,WAUSAUKEE VILLAGE WARD 1,SPRING GENERAL,JUSTICE OF THE SUPREME COURT,NONPARTISAN,PATRICK CROOKS,111,111
2006,APRIL,MARINETTE,WAUSAUKEE VILLAGE WARD 1,SPRING GENERAL,JUSTICE OF THE SUPREME COURT,NONPARTISAN,SCATTERING,111,0
2006,APRIL,MARINETTE,MARINETTE CITY WARD 1,SPRING GENERAL,JUSTICE OF THE SUPREME COURT,NONPARTISAN,PATRICK CROOKS,259,259
2006,APRIL,MARINETTE,MARINETTE CITY WARD 1,SPRING GENERAL,JUSTICE OF THE SUPREME COURT,NONPARTISAN,SCATTERING,259,0
2006,APRIL,MARINETTE,MARINETTE CITY WARD 2,SPRING GENERAL,JUSTICE OF THE SUPREME COURT,NONPARTISAN,PATRICK CROOKS,250,249
2006,APRIL,MARINETTE,MARINETTE CITY WARD 2,SPRING GENERAL,JUSTICE OF THE SUPREME COURT,NONPARTISAN,SCATTERING,250,1
2006,APRIL,MARINETTE,MARINETTE CITY WARD 3,SPRING GENERAL,JUSTICE OF THE SUPREME COURT,NONPARTISAN,PATRICK CROOKS,283,283
2006,APRIL,MARINETTE,MARINETTE CITY WARD 3,SPRING GENERAL,JUSTICE OF THE SUPREME COURT,NONPARTISAN,SCATTERING,283,0
2006,APRIL,MARINETTE,MARINETTE CITY WARD 4,SPRING GENERAL,JUSTICE OF THE SUPREME COURT,NONPARTISAN,PATRICK CROOKS,290,290
2006,APRIL,MARINETTE,MARINETTE CITY WARD 4,SPRING GENERAL,JUSTICE OF THE SUPREME COURT,NONPARTISAN,SCATTERING,290,0
2006,APRIL,MARINETTE,MARINETTE CITY WARD 5,SPRING GENERAL,JUSTICE OF THE SUPREME COURT,NONPARTISAN,PATRICK CROOKS,222,222
2006,APRIL,MARINETTE,MARINETTE CITY WARD 5,SPRING GENERAL,JUSTICE OF THE SUPREME COURT,NONPARTISAN,SCATTERING,222,0
2006,APRIL,MARINETTE,MARINETTE CITY WARD 6,SPRING GENERAL,JUSTICE OF THE SUPREME COURT,NONPARTISAN,PATRICK CROOKS,201,199
2006,APRIL,MARINETTE,MARINETTE CITY WARD 6,SPRING GENERAL,JUSTICE OF THE SUPREME COURT,NONPARTISAN,SCATTERING,201,2
2006,APRIL,MARINETTE,MARINETTE CITY WARD 7,SPRING GENERAL,JUSTICE OF THE SUPREME COURT,NONPARTISAN,PATRICK CROOKS,271,271
2006,APRIL,MARINETTE,MARINETTE CITY WARD 7,SPRING GENERAL,JUSTICE OF THE SUPREME COURT,NONPARTISAN,SCATTERING,271,0
2006,APRIL,MARINETTE,MARINETTE CITY WARD 8,SPRING GENERAL,JUSTICE OF THE SUPREME COURT,NONPARTISAN,PATRICK CROOKS,280,278
2006,APRIL,MARINETTE,MARINETTE CITY WARD 8,SPRING GENERAL,JUSTICE OF THE SUPREME COURT,NONPARTISAN,SCATTERING,280,2
2006,APRIL,MARINETTE,NIAGARA CITY WARDS 1 & 2,SPRING GENERAL,JUSTICE OF THE SUPREME COURT,NONPARTISAN,PATRICK CROOKS,154,154
2006,APRIL,MARINETTE,NIAGARA CITY WARDS 1 & 2,SPRING GENERAL,JUSTICE OF THE SUPREME COURT,NONPARTISAN,SCATTERING,154,0
2006,APRIL,MARINETTE,NIAGARA CITY WARD 3,SPRING GENERAL,JUSTICE OF THE SUPREME COURT,NONPARTISAN,PATRICK CROOKS,40,40
2006,APRIL,MARINETTE,NIAGARA CITY WARD 3,SPRING GENERAL,JUSTICE OF THE SUPREME COURT,NONPARTISAN,SCATTERING,40,0
2006,APRIL,MARINETTE,PESHTIGO CITY WARDS 1 - 3 & 8,SPRING GENERAL,JUSTICE OF THE SUPREME COURT,NONPARTISAN,PATRICK CROOKS,269,269
2006,APRIL,MARINETTE,PESHTIGO CITY WARDS 1 - 3 & 8,SPRING GENERAL,JUSTICE OF THE SUPREME COURT,NONPARTISAN,SCATTERING,269,0
2006,APRIL,MARINETTE,PESHTIGO CITY WARDS 4 - 6,SPRING GENERAL,JUSTICE OF THE SUPREME COURT,NONPARTISAN,PATRICK CROOKS,237,237
2006,APRIL,MARINETTE,PESHTIGO CITY WARDS 4 - 6,SPRING GENERAL,JUSTICE OF THE SUPREME COURT,NONPARTISAN,SCATTERING,237,0
2006,APRIL,MARINETTE,PESHTIGO CITY WARD 7,SPRING GENERAL,JUSTICE OF THE SUPREME COURT,NONPARTISAN,PATRICK CROOKS,38,38
2006,APRIL,MARINETTE,PESHTIGO CITY WARD 7,SPRING GENERAL,JUSTICE OF THE SUPREME COURT,NONPARTISAN,SCATTERING,38,0
2006,APRIL,MARQUETTE,BUFFALO TOWN WARDS 1 & 2,SPRING GENERAL,JUSTICE OF THE SUPREME COURT,NONPARTISAN,PATRICK CROOKS,59,59
2006,APRIL,MARQUETTE,BUFFALO TOWN WARDS 1 & 2,SPRING GENERAL,JUSTICE OF THE SUPREME COURT,NONPARTISAN,SCATTERING,59,0
2006,APRIL,MARQUETTE,CRYSTAL LAKE TOWN WARD 1,SPRING GENERAL,JUSTICE OF THE SUPREME COURT,NONPARTISAN,PATRICK CROOKS,70,70
2006,APRIL,MARQUETTE,CRYSTAL LAKE TOWN WARD 1,SPRING GENERAL,JUSTICE OF THE SUPREME COURT,NONPARTISAN,SCATTERING,70,0
2006,APRIL,MARQUETTE,DOUGLAS TOWN WARD 1,SPRING GENERAL,JUSTICE OF THE SUPREME COURT,NONPARTISAN,PATRICK CROOKS,51,51
2006,APRIL,MARQUETTE,DOUGLAS TOWN WARD 1,SPRING GENERAL,JUSTICE OF THE SUPREME COURT,NONPARTISAN,SCATTERING,51,0
2006,APRIL,MARQUETTE,HARRIS TOWN WARD 1,SPRING GENERAL,JUSTICE OF THE SUPREME COURT,NONPARTISAN,PATRICK CROOKS,80,80
2006,APRIL,MARQUETTE,HARRIS TOWN WARD 1,SPRING GENERAL,JUSTICE OF THE SUPREME COURT,NONPARTISAN,SCATTERING,80,0
2006,APRIL,MARQUETTE,MECAN TOWN WARD 1,SPRING GENERAL,JUSTICE OF THE SUPREME COURT,NONPARTISAN,PATRICK CROOKS,57,57
2006,APRIL,MARQUETTE,MECAN TOWN WARD 1,SPRING GENERAL,JUSTICE OF THE SUPREME COURT,NONPARTISAN,SCATTERING,57,0
2006,APRIL,MARQUETTE,MONTELLO TOWN WARDS 1 - 3,SPRING GENERAL,JUSTICE OF THE SUPREME COURT,NONPARTISAN,PATRICK CROOKS,79,79
2006,APRIL,MARQUETTE,MONTELLO TOWN WARDS 1 - 3,SPRING GENERAL,JUSTICE OF THE SUPREME COURT,NONPARTISAN,SCATTERING,79,0
2006,APRIL,MARQUETTE,MOUNDVILLE TOWN WARDS 1 & 2,SPRING GENERAL,JUSTICE OF THE SUPREME COURT,NONPARTISAN,PATRICK CROOKS,41,41
2006,APRIL,MARQUETTE,MOUNDVILLE TOWN WARDS 1 & 2,SPRING GENERAL,JUSTICE OF THE SUPREME COURT,NONPARTISAN,SCATTERING,41,0
2006,APRIL,MARQUETTE,NESHKORO TOWN WARDS 1 & 2,SPRING GENERAL,JUSTICE OF THE SUPREME COURT,NONPARTISAN,PATRICK CROOKS,50,50
2006,APRIL,MARQUETTE,NESHKORO TOWN WARDS 1 & 2,SPRING GENERAL,JUSTICE OF THE SUPREME COURT,NONPARTISAN,SCATTERING,50,0
2006,APRIL,MARQUETTE,NEWTON TOWN WARDS 1 & 2,SPRING GENERAL,JUSTICE OF THE SUPREME COURT,NONPARTISAN,PATRICK CROOKS,69,69
2006,APRIL,MARQUETTE,NEWTON TOWN WARDS 1 & 2,SPRING GENERAL,JUSTICE OF THE SUPREME COURT,NONPARTISAN,SCATTERING,69,0
2006,APRIL,MARQUETTE,OXFORD TOWN WARDS 1 & 2,SPRING GENERAL,JUSTICE OF THE SUPREME COURT,NONPARTISAN,PATRICK CROOKS,44,44
2006,APRIL,MARQUETTE,OXFORD TOWN WARDS 1 & 2,SPRING GENERAL,JUSTICE OF THE SUPREME COURT,NONPARTISAN,SCATTERING,44,0
2006,APRIL,MARQUETTE,PACKWAUKEE TOWN WARDS 1 - 3,SPRING GENERAL,JUSTICE OF THE SUPREME COURT,NONPARTISAN,PATRICK CROOKS,171,171
2006,APRIL,MARQUETTE,PACKWAUKEE TOWN WARDS 1 - 3,SPRING GENERAL,JUSTICE OF THE SUPREME COURT,NONPARTISAN,SCATTERING,171,0
2006,APRIL,MARQUETTE,SHIELDS TOWN WARD 1,SPRING GENERAL,JUSTICE OF THE SUPREME COURT,NONPARTISAN,PATRICK CROOKS,41,40
2006,APRIL,MARQUETTE,SHIELDS TOWN WARD 1,SPRING GENERAL,JUSTICE OF THE SUPREME COURT,NONPARTISAN,SCATTERING,41,1
2006,APRIL,MARQUETTE,SPRINGFIELD TOWN WARD 1,SPRING GENERAL,JUSTICE OF THE SUPREME COURT,NONPARTISAN,PATRICK CROOKS,111,110
2006,APRIL,MARQUETTE,SPRINGFIELD TOWN WARD 1,SPRING GENERAL,JUSTICE OF THE SUPREME COURT,NONPARTISAN,SCATTERING,111,1
2006,APRIL,MARQUETTE,WESTFIELD TOWN WARDS 1 & 2,SPRING GENERAL,JUSTICE OF THE SUPREME COURT,NONPARTISAN,PATRICK CROOKS,47,47
2006,APRIL,MARQUETTE,WESTFIELD TOWN WARDS 1 & 2,SPRING GENERAL,JUSTICE OF THE SUPREME COURT,NONPARTISAN,SCATTERING,47,0
2006,APRIL,MARQUETTE,ENDEAVOR VILLAGE WARD 1,SPRING GENERAL,JUSTICE OF THE SUPREME COURT,NONPARTISAN,PATRICK CROOKS,5,5
2006,APRIL,MARQUETTE,ENDEAVOR VILLAGE WARD 1,SPRING GENERAL,JUSTICE OF THE SUPREME COURT,NONPARTISAN,SCATTERING,5,0
2006,APRIL,MARQUETTE,NESHKORO VILLAGE WARD 1,SPRING GENERAL,JUSTICE OF THE SUPREME COURT,NONPARTISAN,PATRICK CROOKS,71,71
2006,APRIL,MARQUETTE,NESHKORO VILLAGE WARD 1,SPRING GENERAL,JUSTICE OF THE SUPREME COURT,NONPARTISAN,SCATTERING,71,0
2006,APRIL,MARQUETTE,OXFORD VILLAGE WARD 1,SPRING GENERAL,JUSTICE OF THE SUPREME COURT,NONPARTISAN,PATRICK CROOKS,41,41
2006,APRIL,MARQUETTE,OXFORD VILLAGE WARD 1,SPRING GENERAL,JUSTICE OF THE SUPREME COURT,NONPARTISAN,SCATTERING,41,0
2006,APRIL,MARQUETTE,WESTFIELD VILLAGE WARDS 1 & 2,SPRING GENERAL,JUSTICE OF THE SUPREME COURT,NONPARTISAN,PATRICK CROOKS,104,102
2006,APRIL,MARQUETTE,WESTFIELD VILLAGE WARDS 1 & 2,SPRING GENERAL,JUSTICE OF THE SUPREME COURT,NONPARTISAN,SCATTERING,104,2
2006,APRIL,MARQUETTE,MONTELLO CITY WARDS 1 - 4,SPRING GENERAL,JUSTICE OF THE SUPREME COURT,NONPARTISAN,PATRICK CROOKS,143,143
2006,APRIL,MARQUETTE,MONTELLO CITY WARDS 1 - 4,SPRING GENERAL,JUSTICE OF THE SUPREME COURT,NONPARTISAN,SCATTERING,143,0
2006,APRIL,MENOMINEE,"MENOMINEE TOWN WARDS 1, 3 - 5",SPRING GENERAL,JUSTICE OF THE SUPREME COURT,NONPARTISAN,PATRICK CROOKS,46,45
2006,APRIL,MENOMINEE,"MENOMINEE TOWN WARDS 1, 3 - 5",SPRING GENERAL,JUSTICE OF THE SUPREME COURT,NONPARTISAN,SCATTERING,46,1
2006,APRIL,MENOMINEE,MENOMINEE TOWN WARD 2,SPRING GENERAL,JUSTICE OF THE SUPREME COURT,NONPARTISAN,PATRICK CROOKS,12,12
2006,APRIL,MENOMINEE,MENOMINEE TOWN WARD 2,SPRING GENERAL,JUSTICE OF THE SUPREME COURT,NONPARTISAN,SCATTERING,12,0
2006,APRIL,MILWAUKEE,BAYSIDE VILLAGE WARDS 1 & 4,SPRING GENERAL,JUSTICE OF THE SUPREME COURT,NONPARTISAN,PATRICK CROOKS,74,74
2006,APRIL,MILWAUKEE,BAYSIDE VILLAGE WARDS 1 & 4,SPRING GENERAL,JUSTICE OF THE SUPREME COURT,NONPARTISAN,SCATTERING,74,0
2006,APRIL,MILWAUKEE,BAYSIDE VILLAGE WARDS 2 & 5,SPRING GENERAL,JUSTICE OF THE SUPREME COURT,NONPARTISAN,PATRICK CROOKS,117,117
2006,APRIL,MILWAUKEE,BAYSIDE VILLAGE WARDS 2 & 5,SPRING GENERAL,JUSTICE OF THE SUPREME COURT,NONPARTISAN,SCATTERING,117,0
2006,APRIL,MILWAUKEE,BAYSIDE VILLAGE WARDS 3 & 7,SPRING GENERAL,JUSTICE OF THE SUPREME COURT,NONPARTISAN,PATRICK CROOKS,110,108
2006,APRIL,MILWAUKEE,BAYSIDE VILLAGE WARDS 3 & 7,SPRING GENERAL,JUSTICE OF THE SUPREME COURT,NONPARTISAN,SCATTERING,110,2
2006,APRIL,MILWAUKEE,BROWN DEER VILLAGE WARDS 1 - 9,SPRING GENERAL,JUSTICE OF THE SUPREME COURT,NONPARTISAN,PATRICK CROOKS,1142,1136
2006,APRIL,MILWAUKEE,BROWN DEER VILLAGE WARDS 1 - 9,SPRING GENERAL,JUSTICE OF THE SUPREME COURT,NONPARTISAN,SCATTERING,1142,6
2006,APRIL,MILWAUKEE,FOX POINT VILLAGE WARDS 1 - 4,SPRING GENERAL,JUSTICE OF THE SUPREME COURT,NONPARTISAN,PATRICK CROOKS,206,205
2006,APRIL,MILWAUKEE,FOX POINT VILLAGE WARDS 1 - 4,SPRING GENERAL,JUSTICE OF THE SUPREME COURT,NONPARTISAN,SCATTERING,206,1
2006,APRIL,MILWAUKEE,FOX POINT VILLAGE WARDS 5 - 9,SPRING GENERAL,JUSTICE OF THE SUPREME COURT,NONPARTISAN,PATRICK CROOKS,272,271
2006,APRIL,MILWAUKEE,FOX POINT VILLAGE WARDS 5 - 9,SPRING GENERAL,JUSTICE OF THE SUPREME COURT,NONPARTISAN,SCATTERING,272,1
2006,APRIL,MILWAUKEE,GREENDALE VILLAGE WARDS 1 & 2,SPRING GENERAL,JUSTICE OF THE SUPREME COURT,NONPARTISAN,PATRICK CROOKS,507,504
2006,APRIL,MILWAUKEE,GREENDALE VILLAGE WARDS 1 & 2,SPRING GENERAL,JUSTICE OF THE SUPREME COURT,NONPARTISAN,SCATTERING,507,3
2006,APRIL,MILWAUKEE,GREENDALE VILLAGE WARDS 3 & 4,SPRING GENERAL,JUSTICE OF THE SUPREME COURT,NONPARTISAN,PATRICK CROOKS,553,549
2006,APRIL,MILWAUKEE,GREENDALE VILLAGE WARDS 3 & 4,SPRING GENERAL,JUSTICE OF THE SUPREME COURT,NONPARTISAN,SCATTERING,553,4
2006,APRIL,MILWAUKEE,GREENDALE VILLAGE WARDS 5 & 6,SPRING GENERAL,JUSTICE OF THE SUPREME COURT,NONPARTISAN,PATRICK CROOKS,473,469
2006,APRIL,MILWAUKEE,GREENDALE VILLAGE WARDS 5 & 6,SPRING GENERAL,JUSTICE OF THE SUPREME COURT,NONPARTISAN,SCATTERING,473,4
2006,APRIL,MILWAUKEE,GREENDALE VILLAGE WARDS 7 & 8,SPRING GENERAL,JUSTICE OF THE SUPREME COURT,NONPARTISAN,PATRICK CROOKS,516,511
2006,APRIL,MILWAUKEE,GREENDALE VILLAGE WARDS 7 & 8,SPRING GENERAL,JUSTICE OF THE SUPREME COURT,NONPARTISAN,SCATTERING,516,5
2006,APRIL,MILWAUKEE,GREENDALE VILLAGE WARDS 9 & 10,SPRING GENERAL,JUSTICE OF THE SUPREME COURT,NONPARTISAN,PATRICK CROOKS,532,529
2006,APRIL,MILWAUKEE,GREENDALE VILLAGE WARDS 9 & 10,SPRING GENERAL,JUSTICE OF THE SUPREME COURT,NONPARTISAN,SCATTERING,532,3
2006,APRIL,MILWAUKEE,HALES CORNERS VILLAGE WARDS 1 - 3,SPRING GENERAL,JUSTICE OF THE SUPREME COURT,NONPARTISAN,PATRICK CROOKS,170,165
2006,APRIL,MILWAUKEE,HALES CORNERS VILLAGE WARDS 1 - 3,SPRING GENERAL,JUSTICE OF THE SUPREME COURT,NONPARTISAN,SCATTERING,170,5
2006,APRIL,MILWAUKEE,HALES CORNERS VILLAGE WARDS 4 - 6,SPRING GENERAL,JUSTICE OF THE SUPREME COURT,NONPARTISAN,PATRICK CROOKS,150,149
2006,APRIL,MILWAUKEE,HALES CORNERS VILLAGE WARDS 4 - 6,SPRING GENERAL,JUSTICE OF THE SUPREME COURT,NONPARTISAN,SCATTERING,150,1
2006,APRIL,MILWAUKEE,HALES CORNERS VILLAGE WARDS 7 - 9,SPRING GENERAL,JUSTICE OF THE SUPREME COURT,NONPARTISAN,PATRICK CROOKS,171,170
2006,APRIL,MILWAUKEE,HALES CORNERS VILLAGE WARDS 7 - 9,SPRING GENERAL,JUSTICE OF THE SUPREME COURT,NONPARTISAN,SCATTERING,171,1
2006,APRIL,MILWAUKEE,RIVER HILLS VILLAGE WARD 1,SPRING GENERAL,JUSTICE OF THE SUPREME COURT,NONPARTISAN,PATRICK CROOKS,17,17
2006,APRIL,MILWAUKEE,RIVER HILLS VILLAGE WARD 1,SPRING GENERAL,JUSTICE OF THE SUPREME COURT,NONPARTISAN,SCATTERING,17,0
2006,APRIL,MILWAUKEE,RIVER HILLS VILLAGE WARDS 2 & 3,SPRING GENERAL,JUSTICE OF THE SUPREME COURT,NONPARTISAN,PATRICK CROOKS,88,87
2006,APRIL,MILWAUKEE,RIVER HILLS VILLAGE WARDS 2 & 3,SPRING GENERAL,JUSTICE OF THE SUPREME COURT,NONPARTISAN,SCATTERING,88,1
2006,APRIL,MILWAUKEE,SHOREWOOD VILLAGE WARDS 1 & 2,SPRING GENERAL,JUSTICE OF THE SUPREME COURT,NONPARTISAN,PATRICK CROOKS,177,173
2006,APRIL,MILWAUKEE,SHOREWOOD VILLAGE WARDS 1 & 2,SPRING GENERAL,JUSTICE OF THE SUPREME COURT,NONPARTISAN,SCATTERING,177,4
2006,APRIL,MILWAUKEE,SHOREWOOD VILLAGE WARDS 3 & 4,SPRING GENERAL,JUSTICE OF THE SUPREME COURT,NONPARTISAN,PATRICK CROOKS,327,325
2006,APRIL,MILWAUKEE,SHOREWOOD VILLAGE WARDS 3 & 4,SPRING GENERAL,JUSTICE OF THE SUPREME COURT,NONPARTISAN,SCATTERING,327,2
2006,APRIL,MILWAUKEE,SHOREWOOD VILLAGE WARDS 5 & 6,SPRING GENERAL,JUSTICE OF THE SUPREME COURT,NONPARTISAN,PATRICK CROOKS,261,255
2006,APRIL,MILWAUKEE,SHOREWOOD VILLAGE WARDS 5 & 6,SPRING GENERAL,JUSTICE OF THE SUPREME COURT,NONPARTISAN,SCATTERING,261,6
2006,APRIL,MILWAUKEE,SHOREWOOD VILLAGE WARDS 7 & 8,SPRING GENERAL,JUSTICE OF THE SUPREME COURT,NONPARTISAN,PATRICK CROOKS,197,195
2006,APRIL,MILWAUKEE,SHOREWOOD VILLAGE WARDS 7 & 8,SPRING GENERAL,JUSTICE OF THE SUPREME COURT,NONPARTISAN,SCATTERING,197,2
2006,APRIL,MILWAUKEE,SHOREWOOD VILLAGE WARDS 9 & 10,SPRING GENERAL,JUSTICE OF THE SUPREME COURT,NONPARTISAN,PATRICK CROOKS,193,192
2006,APRIL,MILWAUKEE,SHOREWOOD VILLAGE WARDS 9 & 10,SPRING GENERAL,JUSTICE OF THE SUPREME COURT,NONPARTISAN,SCATTERING,193,1
2006,APRIL,MILWAUKEE,SHOREWOOD VILLAGE WARDS 11 & 12,SPRING GENERAL,JUSTICE OF THE SUPREME COURT,NONPARTISAN,PATRICK CROOKS,202,197
2006,APRIL,MILWAUKEE,SHOREWOOD VILLAGE WARDS 11 & 12,SPRING GENERAL,JUSTICE OF THE SUPREME COURT,NONPARTISAN,SCATTERING,202,5
2006,APRIL,MILWAUKEE,"WEST MILWAUKEE VILLAGE WARDS 1, 2 & 5",SPRING GENERAL,JUSTICE OF THE SUPREME COURT,NONPARTISAN,PATRICK CROOKS,62,62
2006,APRIL,MILWAUKEE,"WEST MILWAUKEE VILLAGE WARDS 1, 2 & 5",SPRING GENERAL,JUSTICE OF THE SUPREME COURT,NONPARTISAN,SCATTERING,62,0
2006,APRIL,MILWAUKEE,"WEST MILWAUKEE VILLAGE WARDS 3, 4 & 6",SPRING GENERAL,JUSTICE OF THE SUPREME COURT,NONPARTISAN,PATRICK CROOKS,108,107
2006,APRIL,MILWAUKEE,"WEST MILWAUKEE VILLAGE WARDS 3, 4 & 6",SPRING GENERAL,JUSTICE OF THE SUPREME COURT,NONPARTISAN,SCATTERING,108,1
2006,APRIL,MILWAUKEE,WHITEFISH BAY VILLAGE WARDS 1 & 2,SPRING GENERAL,JUSTICE OF THE SUPREME COURT,NONPARTISAN,PATRICK CROOKS,216,214
2006,APRIL,MILWAUKEE,WHITEFISH BAY VILLAGE WARDS 1 & 2,SPRING GENERAL,JUSTICE OF THE SUPREME COURT,NONPARTISAN,SCATTERING,216,2
2006,APRIL,MILWAUKEE,WHITEFISH BAY VILLAGE WARDS 3 & 4,SPRING GENERAL,JUSTICE OF THE SUPREME COURT,NONPARTISAN,PATRICK CROOKS,227,225
2006,APRIL,MILWAUKEE,WHITEFISH BAY VILLAGE WARDS 3 & 4,SPRING GENERAL,JUSTICE OF THE SUPREME COURT,NONPARTISAN,SCATTERING,227,2
2006,APRIL,MILWAUKEE,WHITEFISH BAY VILLAGE WARDS 5 & 6,SPRING GENERAL,JUSTICE OF THE SUPREME COURT,NONPARTISAN,PATRICK CROOKS,237,237
2006,APRIL,MILWAUKEE,WHITEFISH BAY VILLAGE WARDS 5 & 6,SPRING GENERAL,JUSTICE OF THE SUPREME COURT,NONPARTISAN,SCATTERING,237,0
2006,APRIL,MILWAUKEE,WHITEFISH BAY VILLAGE WARDS 7 & 8,SPRING GENERAL,JUSTICE OF THE SUPREME COURT,NONPARTISAN,PATRICK CROOKS,245,242
2006,APRIL,MILWAUKEE,WHITEFISH BAY VILLAGE WARDS 7 & 8,SPRING GENERAL,JUSTICE OF THE SUPREME COURT,NONPARTISAN,SCATTERING,245,3
2006,APRIL,MILWAUKEE,WHITEFISH BAY VILLAGE WARD 9,SPRING GENERAL,JUSTICE OF THE SUPREME COURT,NONPARTISAN,PATRICK CROOKS,117,115
2006,APRIL,MILWAUKEE,WHITEFISH BAY VILLAGE WARD 9,SPRING GENERAL,JUSTICE OF THE SUPREME COURT,NONPARTISAN,SCATTERING,117,2
2006,APRIL,MILWAUKEE,WHITEFISH BAY VILLAGE WARD 10,SPRING GENERAL,JUSTICE OF THE SUPREME COURT,NONPARTISAN,PATRICK CROOKS,118,115
2006,APRIL,MILWAUKEE,WHITEFISH BAY VILLAGE WARD 10,SPRING GENERAL,JUSTICE OF THE SUPREME COURT,NONPARTISAN,SCATTERING,118,3
2006,APRIL,MILWAUKEE,WHITEFISH BAY VILLAGE WARDS 11 & 12,SPRING GENERAL,JUSTICE OF THE SUPREME COURT,NONPARTISAN,PATRICK CROOKS,263,257
2006,APRIL,MILWAUKEE,WHITEFISH BAY VILLAGE WARDS 11 & 12,SPRING GENERAL,JUSTICE OF THE SUPREME COURT,NONPARTISAN,SCATTERING,263,6
2006,APRIL,MILWAUKEE,CUDAHY CITY WARDS 1 - 3,SPRING GENERAL,JUSTICE OF THE SUPREME COURT,NONPARTISAN,PATRICK CROOKS,179,178
2006,APRIL,MILWAUKEE,CUDAHY CITY WARDS 1 - 3,SPRING GENERAL,JUSTICE OF THE SUPREME COURT,NONPARTISAN,SCATTERING,179,1
2006,APRIL,MILWAUKEE,CUDAHY CITY WARDS 4 - 6,SPRING GENERAL,JUSTICE OF THE SUPREME COURT,NONPARTISAN,PATRICK CROOKS,279,275
2006,APRIL,MILWAUKEE,CUDAHY CITY WARDS 4 - 6,SPRING GENERAL,JUSTICE OF THE SUPREME COURT,NONPARTISAN,SCATTERING,279,4
2006,APRIL,MILWAUKEE,CUDAHY CITY WARDS 7 - 9,SPRING GENERAL,JUSTICE OF THE SUPREME COURT,NONPARTISAN,PATRICK CROOKS,71,69
2006,APRIL,MILWAUKEE,CUDAHY CITY WARDS 7 - 9,SPRING GENERAL,JUSTICE OF THE SUPREME COURT,NONPARTISAN,SCATTERING,71,2
2006,APRIL,MILWAUKEE,CUDAHY CITY WARD 10,SPRING GENERAL,JUSTICE OF THE SUPREME COURT,NONPARTISAN,PATRICK CROOKS,77,77
2006,APRIL,MILWAUKEE,CUDAHY CITY WARD 10,SPRING GENERAL,JUSTICE OF THE SUPREME COURT,NONPARTISAN,SCATTERING,77,0
2006,APRIL,MILWAUKEE,CUDAHY CITY WARDS 11 & 12,SPRING GENERAL,JUSTICE OF THE SUPREME COURT,NONPARTISAN,PATRICK CROOKS,81,81
2006,APRIL,MILWAUKEE,CUDAHY CITY WARDS 11 & 12,SPRING GENERAL,JUSTICE OF THE SUPREME COURT,NONPARTISAN,SCATTERING,81,0
2006,APRIL,MILWAUKEE,CUDAHY CITY WARDS 13 & 14,SPRING GENERAL,JUSTICE OF THE SUPREME COURT,NONPARTISAN,PATRICK CROOKS,98,98
2006,APRIL,MILWAUKEE,CUDAHY CITY WARDS 13 & 14,SPRING GENERAL,JUSTICE OF THE SUPREME COURT,NONPARTISAN,SCATTERING,98,0
2006,APRIL,MILWAUKEE,CUDAHY CITY WARD 15,SPRING GENERAL,JUSTICE OF THE SUPREME COURT,NONPARTISAN,PATRICK CROOKS,133,132
2006,APRIL,MILWAUKEE,CUDAHY CITY WARD 15,SPRING GENERAL,JUSTICE OF THE SUPREME COURT,NONPARTISAN,SCATTERING,133,1
2006,APRIL,MILWAUKEE,FRANKLIN CITY WARDS 1 - 4,SPRING GENERAL,JUSTICE OF THE SUPREME COURT,NONPARTISAN,PATRICK CROOKS,351,346
2006,APRIL,MILWAUKEE,FRANKLIN CITY WARDS 1 - 4,SPRING GENERAL,JUSTICE OF THE SUPREME COURT,NONPARTISAN,SCATTERING,351,5
2006,APRIL,MILWAUKEE,FRANKLIN CITY WARDS 5 - 8,SPRING GENERAL,JUSTICE OF THE SUPREME COURT,NONPARTISAN,PATRICK CROOKS,311,308
2006,APRIL,MILWAUKEE,FRANKLIN CITY WARDS 5 - 8,SPRING GENERAL,JUSTICE OF THE SUPREME COURT,NONPARTISAN,SCATTERING,311,3
2006,APRIL,MILWAUKEE,FRANKLIN CITY WARDS 9 - 12,SPRING GENERAL,JUSTICE OF THE SUPREME COURT,NONPARTISAN,PATRICK CROOKS,271,266
2006,APRIL,MILWAUKEE,FRANKLIN CITY WARDS 9 - 12,SPRING GENERAL,JUSTICE OF THE SUPREME COURT,NONPARTISAN,SCATTERING,271,5
2006,APRIL,MILWAUKEE,FRANKLIN CITY WARDS 13 - 16,SPRING GENERAL,JUSTICE OF THE SUPREME COURT,NONPARTISAN,PATRICK CROOKS,294,291
2006,APRIL,MILWAUKEE,FRANKLIN CITY WARDS 13 - 16,SPRING GENERAL,JUSTICE OF THE SUPREME COURT,NONPARTISAN,SCATTERING,294,3
2006,APRIL,MILWAUKEE,FRANKLIN CITY WARDS 17 - 20,SPRING GENERAL,JUSTICE OF THE SUPREME COURT,NONPARTISAN,PATRICK CROOKS,278,277
2006,APRIL,MILWAUKEE,FRANKLIN CITY WARDS 17 - 20,SPRING GENERAL,JUSTICE OF THE SUPREME COURT,NONPARTISAN,SCATTERING,278,1
2006,APRIL,MILWAUKEE,FRANKLIN CITY WARDS 21 - 24,SPRING GENERAL,JUSTICE OF THE SUPREME COURT,NONPARTISAN,PATRICK CROOKS,319,315
2006,APRIL,MILWAUKEE,FRANKLIN CITY WARDS 21 - 24,SPRING GENERAL,JUSTICE OF THE SUPREME COURT,NONPARTISAN,SCATTERING,319,4
2006,APRIL,MILWAUKEE,GLENDALE CITY WARDS 1 & 7,SPRING GENERAL,JUSTICE OF THE SUPREME COURT,NONPARTISAN,PATRICK CROOKS,211,210
2006,APRIL,MILWAUKEE,GLENDALE CITY WARDS 1 & 7,SPRING GENERAL,JUSTICE OF THE SUPREME COURT,NONPARTISAN,SCATTERING,211,1
2006,APRIL,MILWAUKEE,GLENDALE CITY WARDS 2 & 8,SPRING GENERAL,JUSTICE OF THE SUPREME COURT,NONPARTISAN,PATRICK CROOKS,303,302
2006,APRIL,MILWAUKEE,GLENDALE CITY WARDS 2 & 8,SPRING GENERAL,JUSTICE OF THE SUPREME COURT,NONPARTISAN,SCATTERING,303,1
2006,APRIL,MILWAUKEE,GLENDALE CITY WARDS 3 & 9,SPRING GENERAL,JUSTICE OF THE SUPREME COURT,NONPARTISAN,PATRICK CROOKS,273,271
2006,APRIL,MILWAUKEE,GLENDALE CITY WARDS 3 & 9,SPRING GENERAL,JUSTICE OF THE SUPREME COURT,NONPARTISAN,SCATTERING,273,2
2006,APRIL,MILWAUKEE,GLENDALE CITY WARDS 4 & 10,SPRING GENERAL,JUSTICE OF THE SUPREME COURT,NONPARTISAN,PATRICK CROOKS,345,341
2006,APRIL,MILWAUKEE,GLENDALE CITY WARDS 4 & 10,SPRING GENERAL,JUSTICE OF THE SUPREME COURT,NONPARTISAN,SCATTERING,345,4
2006,APRIL,MILWAUKEE,GLENDALE CITY WARDS 5 & 11,SPRING GENERAL,JUSTICE OF THE SUPREME COURT,NONPARTISAN,PATRICK CROOKS,400,398
2006,APRIL,MILWAUKEE,GLENDALE CITY WARDS 5 & 11,SPRING GENERAL,JUSTICE OF THE SUPREME COURT,NONPARTISAN,SCATTERING,400,2
2006,APRIL,MILWAUKEE,GLENDALE CITY WARDS 6 & 12,SPRING GENERAL,JUSTICE OF THE SUPREME COURT,NONPARTISAN,PATRICK CROOKS,253,251
2006,APRIL,MILWAUKEE,GLENDALE CITY WARDS 6 & 12,SPRING GENERAL,JUSTICE OF THE SUPREME COURT,NONPARTISAN,SCATTERING,253,2
2006,APRIL,MILWAUKEE,GREENFIELD CITY WARD 1,SPRING GENERAL,JUSTICE OF THE SUPREME COURT,NONPARTISAN,PATRICK CROOKS,116,113
2006,APRIL,MILWAUKEE,GREENFIELD CITY WARD 1,SPRING GENERAL,JUSTICE OF THE SUPREME COURT,NONPARTISAN,SCATTERING,116,3
2006,APRIL,MILWAUKEE,GREENFIELD CITY WARD 2,SPRING GENERAL,JUSTICE OF THE SUPREME COURT,NONPARTISAN,PATRICK CROOKS,78,78
2006,APRIL,MILWAUKEE,GREENFIELD CITY WARD 2,SPRING GENERAL,JUSTICE OF THE SUPREME COURT,NONPARTISAN,SCATTERING,78,0
2006,APRIL,MILWAUKEE,GREENFIELD CITY WARD 3,SPRING GENERAL,JUSTICE OF THE SUPREME COURT,NONPARTISAN,PATRICK CROOKS,60,58
2006,APRIL,MILWAUKEE,GREENFIELD CITY WARD 3,SPRING GENERAL,JUSTICE OF THE SUPREME COURT,NONPARTISAN,SCATTERING,60,2
2006,APRIL,MILWAUKEE,GREENFIELD CITY WARD 4,SPRING GENERAL,JUSTICE OF THE SUPREME COURT,NONPARTISAN,PATRICK CROOKS,49,49
2006,APRIL,MILWAUKEE,GREENFIELD CITY WARD 4,SPRING GENERAL,JUSTICE OF THE SUPREME COURT,NONPARTISAN,SCATTERING,49,0
2006,APRIL,MILWAUKEE,GREENFIELD CITY WARD 5,SPRING GENERAL,JUSTICE OF THE SUPREME COURT,NONPARTISAN,PATRICK CROOKS,75,75
2006,APRIL,MILWAUKEE,GREENFIELD CITY WARD 5,SPRING GENERAL,JUSTICE OF THE SUPREME COURT,NONPARTISAN,SCATTERING,75,0
2006,APRIL,MILWAUKEE,GREENFIELD CITY WARD 6,SPRING GENERAL,JUSTICE OF THE SUPREME COURT,NONPARTISAN,PATRICK CROOKS,74,73
2006,APRIL,MILWAUKEE,GREENFIELD CITY WARD 6,SPRING GENERAL,JUSTICE OF THE SUPREME COURT,NONPARTISAN,SCATTERING,74,1
2006,APRIL,MILWAUKEE,GREENFIELD CITY WARD 7,SPRING GENERAL,JUSTICE OF THE SUPREME COURT,NONPARTISAN,PATRICK CROOKS,90,90
2006,APRIL,MILWAUKEE,GREENFIELD CITY WARD 7,SPRING GENERAL,JUSTICE OF THE SUPREME COURT,NONPARTISAN,SCATTERING,90,0
2006,APRIL,MILWAUKEE,GREENFIELD CITY WARD 8,SPRING GENERAL,JUSTICE OF THE SUPREME COURT,NONPARTISAN,PATRICK CROOKS,84,83
2006,APRIL,MILWAUKEE,GREENFIELD CITY WARD 8,SPRING GENERAL,JUSTICE OF THE SUPREME COURT,NONPARTISAN,SCATTERING,84,1
2006,APRIL,MILWAUKEE,GREENFIELD CITY WARD 9,SPRING GENERAL,JUSTICE OF THE SUPREME COURT,NONPARTISAN,PATRICK CROOKS,89,88
2006,APRIL,MILWAUKEE,GREENFIELD CITY WARD 9,SPRING GENERAL,JUSTICE OF THE SUPREME COURT,NONPARTISAN,SCATTERING,89,1
2006,APRIL,MILWAUKEE,GREENFIELD CITY WARD 10,SPRING GENERAL,JUSTICE OF THE SUPREME COURT,NONPARTISAN,PATRICK CROOKS,64,63
2006,APRIL,MILWAUKEE,GREENFIELD CITY WARD 10,SPRING GENERAL,JUSTICE OF THE SUPREME COURT,NONPARTISAN,SCATTERING,64,1
2006,APRIL,MILWAUKEE,GREENFIELD CITY WARD 11,SPRING GENERAL,JUSTICE OF THE SUPREME COURT,NONPARTISAN,PATRICK CROOKS,99,99
2006,APRIL,MILWAUKEE,GREENFIELD CITY WARD 11,SPRING GENERAL,JUSTICE OF THE SUPREME COURT,NONPARTISAN,SCATTERING,99,0
2006,APRIL,MILWAUKEE,GREENFIELD CITY WARD 12,SPRING GENERAL,JUSTICE OF THE SUPREME COURT,NONPARTISAN,PATRICK CROOKS,109,108
2006,APRIL,MILWAUKEE,GREENFIELD CITY WARD 12,SPRING GENERAL,JUSTICE OF THE SUPREME COURT,NONPARTISAN,SCATTERING,109,1
2006,APRIL,MILWAUKEE,GREENFIELD CITY WARD 13,SPRING GENERAL,JUSTICE OF THE SUPREME COURT,NONPARTISAN,PATRICK CROOKS,50,50
2006,APRIL,MILWAUKEE,GREENFIELD CITY WARD 13,SPRING GENERAL,JUSTICE OF THE SUPREME COURT,NONPARTISAN,SCATTERING,50,0
2006,APRIL,MILWAUKEE,GREENFIELD CITY WARD 14,SPRING GENERAL,JUSTICE OF THE SUPREME COURT,NONPARTISAN,PATRICK CROOKS,72,69
2006,APRIL,MILWAUKEE,GREENFIELD CITY WARD 14,SPRING GENERAL,JUSTICE OF THE SUPREME COURT,NONPARTISAN,SCATTERING,72,3
2006,APRIL,MILWAUKEE,GREENFIELD CITY WARD 15,SPRING GENERAL,JUSTICE OF THE SUPREME COURT,NONPARTISAN,PATRICK CROOKS,40,40
2006,APRIL,MILWAUKEE,GREENFIELD CITY WARD 15,SPRING GENERAL,JUSTICE OF THE SUPREME COURT,NONPARTISAN,SCATTERING,40,0
2006,APRIL,MILWAUKEE,GREENFIELD CITY WARD 16,SPRING GENERAL,JUSTICE OF THE SUPREME COURT,NONPARTISAN,PATRICK CROOKS,37,37
2006,APRIL,MILWAUKEE,GREENFIELD CITY WARD 16,SPRING GENERAL,JUSTICE OF THE SUPREME COURT,NONPARTISAN,SCATTERING,37,0
2006,APRIL,MILWAUKEE,GREENFIELD CITY WARD 17,SPRING GENERAL,JUSTICE OF THE SUPREME COURT,NONPARTISAN,PATRICK CROOKS,54,54
2006,APRIL,MILWAUKEE,GREENFIELD CITY WARD 17,SPRING GENERAL,JUSTICE OF THE SUPREME COURT,NONPARTISAN,SCATTERING,54,0
2006,APRIL,MILWAUKEE,GREENFIELD CITY WARD 18,SPRING GENERAL,JUSTICE OF THE SUPREME COURT,NONPARTISAN,PATRICK CROOKS,61,61
2006,APRIL,MILWAUKEE,GREENFIELD CITY WARD 18,SPRING GENERAL,JUSTICE OF THE SUPREME COURT,NONPARTISAN,SCATTERING,61,0
2006,APRIL,MILWAUKEE,GREENFIELD CITY WARD 19,SPRING GENERAL,JUSTICE OF THE SUPREME COURT,NONPARTISAN,PATRICK CROOKS,129,129
2006,APRIL,MILWAUKEE,GREENFIELD CITY WARD 19,SPRING GENERAL,JUSTICE OF THE SUPREME COURT,NONPARTISAN,SCATTERING,129,0
2006,APRIL,MILWAUKEE,GREENFIELD CITY WARD 20,SPRING GENERAL,JUSTICE OF THE SUPREME COURT,NONPARTISAN,PATRICK CROOKS,78,78
2006,APRIL,MILWAUKEE,GREENFIELD CITY WARD 20,SPRING GENERAL,JUSTICE OF THE SUPREME COURT,NONPARTISAN,SCATTERING,78,0
2006,APRIL,MILWAUKEE,GREENFIELD CITY WARD 21,SPRING GENERAL,JUSTICE OF THE SUPREME COURT,NONPARTISAN,PATRICK CROOKS,30,30
2006,APRIL,MILWAUKEE,GREENFIELD CITY WARD 21,SPRING GENERAL,JUSTICE OF THE SUPREME COURT,NONPARTISAN,SCATTERING,30,0
2006,APRIL,MILWAUKEE,MILWAUKEE CITY WARD 1,SPRING GENERAL,JUSTICE OF THE SUPREME COURT,NONPARTISAN,PATRICK CROOKS,40,40
2006,APRIL,MILWAUKEE,MILWAUKEE CITY WARD 1,SPRING GENERAL,JUSTICE OF THE SUPREME COURT,NONPARTISAN,SCATTERING,40,0
2006,APRIL,MILWAUKEE,MILWAUKEE CITY WARD 2,SPRING GENERAL,JUSTICE OF THE SUPREME COURT,NONPARTISAN,PATRICK CROOKS,19,18
2006,APRIL,MILWAUKEE,MILWAUKEE CITY WARD 2,SPRING GENERAL,JUSTICE OF THE SUPREME COURT,NONPARTISAN,SCATTERING,19,1
2006,APRIL,MILWAUKEE,MILWAUKEE CITY WARD 3,SPRING GENERAL,JUSTICE OF THE SUPREME COURT,NONPARTISAN,PATRICK CROOKS,41,41
2006,APRIL,MILWAUKEE,MILWAUKEE CITY WARD 3,SPRING GENERAL,JUSTICE OF THE SUPREME COURT,NONPARTISAN,SCATTERING,41,0
2006,APRIL,MILWAUKEE,MILWAUKEE CITY WARD 4,SPRING GENERAL,JUSTICE OF THE SUPREME COURT,NONPARTISAN,PATRICK CROOKS,10,10
2006,APRIL,MILWAUKEE,MILWAUKEE CITY WARD 4,SPRING GENERAL,JUSTICE OF THE SUPREME COURT,NONPARTISAN,SCATTERING,10,0
2006,APRIL,MILWAUKEE,MILWAUKEE CITY WARD 5,SPRING GENERAL,JUSTICE OF THE SUPREME COURT,NONPARTISAN,PATRICK CROOKS,9,9
2006,APRIL,MILWAUKEE,MILWAUKEE CITY WARD 5,SPRING GENERAL,JUSTICE OF THE SUPREME COURT,NONPARTISAN,SCATTERING,9,0
2006,APRIL,MILWAUKEE,MILWAUKEE CITY WARD 6,SPRING GENERAL,JUSTICE OF THE SUPREME COURT,NONPARTISAN,PATRICK CROOKS,14,14
2006,APRIL,MILWAUKEE,MILWAUKEE CITY WARD 6,SPRING GENERAL,JUSTICE OF THE SUPREME COURT,NONPARTISAN,SCATTERING,14,0
2006,APRIL,MILWAUKEE,MILWAUKEE CITY WARD 7,SPRING GENERAL,JUSTICE OF THE SUPREME COURT,NONPARTISAN,PATRICK CROOKS,2,2
2006,APRIL,MILWAUKEE,MILWAUKEE CITY WARD 7,SPRING GENERAL,JUSTICE OF THE SUPREME COURT,NONPARTISAN,SCATTERING,2,0
2006,APRIL,MILWAUKEE,MILWAUKEE CITY WARD 8,SPRING GENERAL,JUSTICE OF THE SUPREME COURT,NONPARTISAN,PATRICK CROOKS,17,16
2006,APRIL,MILWAUKEE,MILWAUKEE CITY WARD 8,SPRING GENERAL,JUSTICE OF THE SUPREME COURT,NONPARTISAN,SCATTERING,17,1
2006,APRIL,MILWAUKEE,MILWAUKEE CITY WARD 9,SPRING GENERAL,JUSTICE OF THE SUPREME COURT,NONPARTISAN,PATRICK CROOKS,17,17
2006,APRIL,MILWAUKEE,MILWAUKEE CITY WARD 9,SPRING GENERAL,JUSTICE OF THE SUPREME COURT,NONPARTISAN,SCATTERING,17,0
2006,APRIL,MILWAUKEE,MILWAUKEE CITY WARD 10,SPRING GENERAL,JUSTICE OF THE SUPREME COURT,NONPARTISAN,PATRICK CROOKS,32,31
2006,APRIL,MILWAUKEE,MILWAUKEE CITY WARD 10,SPRING GENERAL,JUSTICE OF THE SUPREME COURT,NONPARTISAN,SCATTERING,32,1
2006,APRIL,MILWAUKEE,MILWAUKEE CITY WARD 11,SPRING GENERAL,JUSTICE OF THE SUPREME COURT,NONPARTISAN,PATRICK CROOKS,27,26
2006,APRIL,MILWAUKEE,MILWAUKEE CITY WARD 11,SPRING GENERAL,JUSTICE OF THE SUPREME COURT,NONPARTISAN,SCATTERING,27,1
2006,APRIL,MILWAUKEE,MILWAUKEE CITY WARD 12,SPRING GENERAL,JUSTICE OF THE SUPREME COURT,NONPARTISAN,PATRICK CROOKS,36,36
2006,APRIL,MILWAUKEE,MILWAUKEE CITY WARD 12,SPRING GENERAL,JUSTICE OF THE SUPREME COURT,NONPARTISAN,SCATTERING,36,0
2006,APRIL,MILWAUKEE,MILWAUKEE CITY WARD 13,SPRING GENERAL,JUSTICE OF THE SUPREME COURT,NONPARTISAN,PATRICK CROOKS,6,6
2006,APRIL,MILWAUKEE,MILWAUKEE CITY WARD 13,SPRING GENERAL,JUSTICE OF THE SUPREME COURT,NONPARTISAN,SCATTERING,6,0
2006,APRIL,MILWAUKEE,MILWAUKEE CITY WARD 14,SPRING GENERAL,JUSTICE OF THE SUPREME COURT,NONPARTISAN,PATRICK CROOKS,19,18
2006,APRIL,MILWAUKEE,MILWAUKEE CITY WARD 14,SPRING GENERAL,JUSTICE OF THE SUPREME COURT,NONPARTISAN,SCATTERING,19,1
2006,APRIL,MILWAUKEE,MILWAUKEE CITY WARD 15,SPRING GENERAL,JUSTICE OF THE SUPREME COURT,NONPARTISAN,PATRICK CROOKS,41,41
2006,APRIL,MILWAUKEE,MILWAUKEE CITY WARD 15,SPRING GENERAL,JUSTICE OF THE SUPREME COURT,NONPARTISAN,SCATTERING,41,0
2006,APRIL,MILWAUKEE,MILWAUKEE CITY WARD 16,SPRING GENERAL,JUSTICE OF THE SUPREME COURT,NONPARTISAN,PATRICK CROOKS,28,25
2006,APRIL,MILWAUKEE,MILWAUKEE CITY WARD 16,SPRING GENERAL,JUSTICE OF THE SUPREME COURT,NONPARTISAN,SCATTERING,28,3
2006,APRIL,MILWAUKEE,MILWAUKEE CITY WARD 17,SPRING GENERAL,JUSTICE OF THE SUPREME COURT,NONPARTISAN,PATRICK CROOKS,59,58
2006,APRIL,MILWAUKEE,MILWAUKEE CITY WARD 17,SPRING GENERAL,JUSTICE OF THE SUPREME COURT,NONPARTISAN,SCATTERING,59,1
2006,APRIL,MILWAUKEE,MILWAUKEE CITY WARD 18,SPRING GENERAL,JUSTICE OF THE SUPREME COURT,NONPARTISAN,PATRICK CROOKS,39,37
2006,APRIL,MILWAUKEE,MILWAUKEE CITY WARD 18,SPRING GENERAL,JUSTICE OF THE SUPREME COURT,NONPARTISAN,SCATTERING,39,2
2006,APRIL,MILWAUKEE,MILWAUKEE CITY WARD 19,SPRING GENERAL,JUSTICE OF THE SUPREME COURT,NONPARTISAN,PATRICK CROOKS,24,23
2006,APRIL,MILWAUKEE,MILWAUKEE CITY WARD 19,SPRING GENERAL,JUSTICE OF THE SUPREME COURT,NONPARTISAN,SCATTERING,24,1
2006,APRIL,MILWAUKEE,MILWAUKEE CITY WARD 20,SPRING GENERAL,JUSTICE OF THE SUPREME COURT,NONPARTISAN,PATRICK CROOKS,12,12
2006,APRIL,MILWAUKEE,MILWAUKEE CITY WARD 20,SPRING GENERAL,JUSTICE OF THE SUPREME COURT,NONPARTISAN,SCATTERING,12,0
2006,APRIL,MILWAUKEE,MILWAUKEE CITY WARD 21,SPRING GENERAL,JUSTICE OF THE SUPREME COURT,NONPARTISAN,PATRICK CROOKS,24,23
2006,APRIL,MILWAUKEE,MILWAUKEE CITY WARD 21,SPRING GENERAL,JUSTICE OF THE SUPREME COURT,NONPARTISAN,SCATTERING,24,1
2006,APRIL,MILWAUKEE,MILWAUKEE CITY WARD 22,SPRING GENERAL,JUSTICE OF THE SUPREME COURT,NONPARTISAN,PATRICK CROOKS,17,17
2006,APRIL,MILWAUKEE,MILWAUKEE CITY WARD 22,SPRING GENERAL,JUSTICE OF THE SUPREME COURT,NONPARTISAN,SCATTERING,17,0
2006,APRIL,MILWAUKEE,MILWAUKEE CITY WARD 23,SPRING GENERAL,JUSTICE OF THE SUPREME COURT,NONPARTISAN,PATRICK CROOKS,22,22
2006,APRIL,MILWAUKEE,MILWAUKEE CITY WARD 23,SPRING GENERAL,JUSTICE OF THE SUPREME COURT,NONPARTISAN,SCATTERING,22,0
2006,APRIL,MILWAUKEE,MILWAUKEE CITY WARD 24,SPRING GENERAL,JUSTICE OF THE SUPREME COURT,NONPARTISAN,PATRICK CROOKS,31,30
2006,APRIL,MILWAUKEE,MILWAUKEE CITY WARD 24,SPRING GENERAL,JUSTICE OF THE SUPREME COURT,NONPARTISAN,SCATTERING,31,1
2006,APRIL,MILWAUKEE,MILWAUKEE CITY WARD 25,SPRING GENERAL,JUSTICE OF THE SUPREME COURT,NONPARTISAN,PATRICK CROOKS,23,22
2006,APRIL,MILWAUKEE,MILWAUKEE CITY WARD 25,SPRING GENERAL,JUSTICE OF THE SUPREME COURT,NONPARTISAN,SCATTERING,23,1
2006,APRIL,MILWAUKEE,MILWAUKEE CITY WARD 26,SPRING GENERAL,JUSTICE OF THE SUPREME COURT,NONPARTISAN,PATRICK CROOKS,30,29
2006,APRIL,MILWAUKEE,MILWAUKEE CITY WARD 26,SPRING GENERAL,JUSTICE OF THE SUPREME COURT,NONPARTISAN,SCATTERING,30,1
2006,APRIL,MILWAUKEE,MILWAUKEE CITY WARD 27,SPRING GENERAL,JUSTICE OF THE SUPREME COURT,NONPARTISAN,PATRICK CROOKS,41,39
2006,APRIL,MILWAUKEE,MILWAUKEE CITY WARD 27,SPRING GENERAL,JUSTICE OF THE SUPREME COURT,NONPARTISAN,SCATTERING,41,2
2006,APRIL,MILWAUKEE,MILWAUKEE CITY WARD 28,SPRING GENERAL,JUSTICE OF THE SUPREME COURT,NONPARTISAN,PATRICK CROOKS,10,10
2006,APRIL,MILWAUKEE,MILWAUKEE CITY WARD 28,SPRING GENERAL,JUSTICE OF THE SUPREME COURT,NONPARTISAN,SCATTERING,10,0
2006,APRIL,MILWAUKEE,MILWAUKEE CITY WARD 29,SPRING GENERAL,JUSTICE OF THE SUPREME COURT,NONPARTISAN,PATRICK CROOKS,12,12
2006,APRIL,MILWAUKEE,MILWAUKEE CITY WARD 29,SPRING GENERAL,JUSTICE OF THE SUPREME COURT,NONPARTISAN,SCATTERING,12,0
2006,APRIL,MILWAUKEE,MILWAUKEE CITY WARD 30,SPRING GENERAL,JUSTICE OF THE SUPREME COURT,NONPARTISAN,PATRICK CROOKS,26,26
2006,APRIL,MILWAUKEE,MILWAUKEE CITY WARD 30,SPRING GENERAL,JUSTICE OF THE SUPREME COURT,NONPARTISAN,SCATTERING,26,0
2006,APRIL,MILWAUKEE,MILWAUKEE CITY WARD 31,SPRING GENERAL,JUSTICE OF THE SUPREME COURT,NONPARTISAN,PATRICK CROOKS,43,43
2006,APRIL,MILWAUKEE,MILWAUKEE CITY WARD 31,SPRING GENERAL,JUSTICE OF THE SUPREME COURT,NONPARTISAN,SCATTERING,43,0
2006,APRIL,MILWAUKEE,MILWAUKEE CITY WARD 32,SPRING GENERAL,JUSTICE OF THE SUPREME COURT,NONPARTISAN,PATRICK CROOKS,40,38
2006,APRIL,MILWAUKEE,MILWAUKEE CITY WARD 32,SPRING GENERAL,JUSTICE OF THE SUPREME COURT,NONPARTISAN,SCATTERING,40,2
2006,APRIL,MILWAUKEE,MILWAUKEE CITY WARD 33,SPRING GENERAL,JUSTICE OF THE SUPREME COURT,NONPARTISAN,PATRICK CROOKS,24,21
2006,APRIL,MILWAUKEE,MILWAUKEE CITY WARD 33,SPRING GENERAL,JUSTICE OF THE SUPREME COURT,NONPARTISAN,SCATTERING,24,3
2006,APRIL,MILWAUKEE,MILWAUKEE CITY WARD 34,SPRING GENERAL,JUSTICE OF THE SUPREME COURT,NONPARTISAN,PATRICK CROOKS,13,13
2006,APRIL,MILWAUKEE,MILWAUKEE CITY WARD 34,SPRING GENERAL,JUSTICE OF THE SUPREME COURT,NONPARTISAN,SCATTERING,13,0
2006,APRIL,MILWAUKEE,MILWAUKEE CITY WARD 35,SPRING GENERAL,JUSTICE OF THE SUPREME COURT,NONPARTISAN,PATRICK CROOKS,31,31
2006,APRIL,MILWAUKEE,MILWAUKEE CITY WARD 35,SPRING GENERAL,JUSTICE OF THE SUPREME COURT,NONPARTISAN,SCATTERING,31,0
2006,APRIL,MILWAUKEE,MILWAUKEE CITY WARD 36,SPRING GENERAL,JUSTICE OF THE SUPREME COURT,NONPARTISAN,PATRICK CROOKS,41,41
2006,APRIL,MILWAUKEE,MILWAUKEE CITY WARD 36,SPRING GENERAL,JUSTICE OF THE SUPREME COURT,NONPARTISAN,SCATTERING,41,0
2006,APRIL,MILWAUKEE,MILWAUKEE CITY WARD 37,SPRING GENERAL,JUSTICE OF THE SUPREME COURT,NONPARTISAN,PATRICK CROOKS,119,117
2006,APRIL,MILWAUKEE,MILWAUKEE CITY WARD 37,SPRING GENERAL,JUSTICE OF THE SUPREME COURT,NONPARTISAN,SCATTERING,119,2
2006,APRIL,MILWAUKEE,MILWAUKEE CITY WARD 38,SPRING GENERAL,JUSTICE OF THE SUPREME COURT,NONPARTISAN,PATRICK CROOKS,95,93
2006,APRIL,MILWAUKEE,MILWAUKEE CITY WARD 38,SPRING GENERAL,JUSTICE OF THE SUPREME COURT,NONPARTISAN,SCATTERING,95,2
2006,APRIL,MILWAUKEE,MILWAUKEE CITY WARD 39,SPRING GENERAL,JUSTICE OF THE SUPREME COURT,NONPARTISAN,PATRICK CROOKS,46,41
2006,APRIL,MILWAUKEE,MILWAUKEE CITY WARD 39,SPRING GENERAL,JUSTICE OF THE SUPREME COURT,NONPARTISAN,SCATTERING,46,5
2006,APRIL,MILWAUKEE,MILWAUKEE CITY WARD 40,SPRING GENERAL,JUSTICE OF THE SUPREME COURT,NONPARTISAN,PATRICK CROOKS,58,55
2006,APRIL,MILWAUKEE,MILWAUKEE CITY WARD 40,SPRING GENERAL,JUSTICE OF THE SUPREME COURT,NONPARTISAN,SCATTERING,58,3
2006,APRIL,MILWAUKEE,MILWAUKEE CITY WARD 41,SPRING GENERAL,JUSTICE OF THE SUPREME COURT,NONPARTISAN,PATRICK CROOKS,82,78
2006,APRIL,MILWAUKEE,MILWAUKEE CITY WARD 41,SPRING GENERAL,JUSTICE OF THE SUPREME COURT,NONPARTISAN,SCATTERING,82,4
2006,APRIL,MILWAUKEE,MILWAUKEE CITY WARD 42,SPRING GENERAL,JUSTICE OF THE SUPREME COURT,NONPARTISAN,PATRICK CROOKS,151,146
2006,APRIL,MILWAUKEE,MILWAUKEE CITY WARD 42,SPRING GENERAL,JUSTICE OF THE SUPREME COURT,NONPARTISAN,SCATTERING,151,5
2006,APRIL,MILWAUKEE,MILWAUKEE CITY WARD 43,SPRING GENERAL,JUSTICE OF THE SUPREME COURT,NONPARTISAN,PATRICK CROOKS,35,30
2006,APRIL,MILWAUKEE,MILWAUKEE CITY WARD 43,SPRING GENERAL,JUSTICE OF THE SUPREME COURT,NONPARTISAN,SCATTERING,35,5
2006,APRIL,MILWAUKEE,MILWAUKEE CITY WARD 44,SPRING GENERAL,JUSTICE OF THE SUPREME COURT,NONPARTISAN,PATRICK CROOKS,32,30
2006,APRIL,MILWAUKEE,MILWAUKEE CITY WARD 44,SPRING GENERAL,JUSTICE OF THE SUPREME COURT,NONPARTISAN,SCATTERING,32,2
2006,APRIL,MILWAUKEE,MILWAUKEE CITY WARD 45,SPRING GENERAL,JUSTICE OF THE SUPREME COURT,NONPARTISAN,PATRICK CROOKS,30,28
2006,APRIL,MILWAUKEE,MILWAUKEE CITY WARD 45,SPRING GENERAL,JUSTICE OF THE SUPREME COURT,NONPARTISAN,SCATTERING,30,2
2006,APRIL,MILWAUKEE,MILWAUKEE CITY WARD 46,SPRING GENERAL,JUSTICE OF THE SUPREME COURT,NONPARTISAN,PATRICK CROOKS,18,17
2006,APRIL,MILWAUKEE,MILWAUKEE CITY WARD 46,SPRING GENERAL,JUSTICE OF THE SUPREME COURT,NONPARTISAN,SCATTERING,18,1
2006,APRIL,MILWAUKEE,MILWAUKEE CITY WARD 47,SPRING GENERAL,JUSTICE OF THE SUPREME COURT,NONPARTISAN,PATRICK CROOKS,29,27
2006,APRIL,MILWAUKEE,MILWAUKEE CITY WARD 47,SPRING GENERAL,JUSTICE OF THE SUPREME COURT,NONPARTISAN,SCATTERING,29,2
2006,APRIL,MILWAUKEE,MILWAUKEE CITY WARD 48,SPRING GENERAL,JUSTICE OF THE SUPREME COURT,NONPARTISAN,PATRICK CROOKS,28,27
2006,APRIL,MILWAUKEE,MILWAUKEE CITY WARD 48,SPRING GENERAL,JUSTICE OF THE SUPREME COURT,NONPARTISAN,SCATTERING,28,1
2006,APRIL,MILWAUKEE,MILWAUKEE CITY WARD 49,SPRING GENERAL,JUSTICE OF THE SUPREME COURT,NONPARTISAN,PATRICK CROOKS,28,26
2006,APRIL,MILWAUKEE,MILWAUKEE CITY WARD 49,SPRING GENERAL,JUSTICE OF THE SUPREME COURT,NONPARTISAN,SCATTERING,28,2
2006,APRIL,MILWAUKEE,MILWAUKEE CITY WARD 50,SPRING GENERAL,JUSTICE OF THE SUPREME COURT,NONPARTISAN,PATRICK CROOKS,68,67
2006,APRIL,MILWAUKEE,MILWAUKEE CITY WARD 50,SPRING GENERAL,JUSTICE OF THE SUPREME COURT,NONPARTISAN,SCATTERING,68,1
2006,APRIL,MILWAUKEE,MILWAUKEE CITY WARD 51,SPRING GENERAL,JUSTICE OF THE SUPREME COURT,NONPARTISAN,PATRICK CROOKS,79,74
2006,APRIL,MILWAUKEE,MILWAUKEE CITY WARD 51,SPRING GENERAL,JUSTICE OF THE SUPREME COURT,NONPARTISAN,SCATTERING,79,5
2006,APRIL,MILWAUKEE,MILWAUKEE CITY WARD 52,SPRING GENERAL,JUSTICE OF THE SUPREME COURT,NONPARTISAN,PATRICK CROOKS,69,67
2006,APRIL,MILWAUKEE,MILWAUKEE CITY WARD 52,SPRING GENERAL,JUSTICE OF THE SUPREME COURT,NONPARTISAN,SCATTERING,69,2
2006,APRIL,MILWAUKEE,MILWAUKEE CITY WARD 53,SPRING GENERAL,JUSTICE OF THE SUPREME COURT,NONPARTISAN,PATRICK CROOKS,80,80
2006,APRIL,MILWAUKEE,MILWAUKEE CITY WARD 53,SPRING GENERAL,JUSTICE OF THE SUPREME COURT,NONPARTISAN,SCATTERING,80,0
2006,APRIL,MILWAUKEE,MILWAUKEE CITY WARD 54,SPRING GENERAL,JUSTICE OF THE SUPREME COURT,NONPARTISAN,PATRICK CROOKS,76,72
2006,APRIL,MILWAUKEE,MILWAUKEE CITY WARD 54,SPRING GENERAL,JUSTICE OF THE SUPREME COURT,NONPARTISAN,SCATTERING,76,4
2006,APRIL,MILWAUKEE,MILWAUKEE CITY WARD 55,SPRING GENERAL,JUSTICE OF THE SUPREME COURT,NONPARTISAN,PATRICK CROOKS,56,55
2006,APRIL,MILWAUKEE,MILWAUKEE CITY WARD 55,SPRING GENERAL,JUSTICE OF THE SUPREME COURT,NONPARTISAN,SCATTERING,56,1
2006,APRIL,MILWAUKEE,MILWAUKEE CITY WARD 56,SPRING GENERAL,JUSTICE OF THE SUPREME COURT,NONPARTISAN,PATRICK CROOKS,146,146
2006,APRIL,MILWAUKEE,MILWAUKEE CITY WARD 56,SPRING GENERAL,JUSTICE OF THE SUPREME COURT,NONPARTISAN,SCATTERING,146,0
2006,APRIL,MILWAUKEE,MILWAUKEE CITY WARD 57,SPRING GENERAL,JUSTICE OF THE SUPREME COURT,NONPARTISAN,PATRICK CROOKS,18,18
2006,APRIL,MILWAUKEE,MILWAUKEE CITY WARD 57,SPRING GENERAL,JUSTICE OF THE SUPREME COURT,NONPARTISAN,SCATTERING,18,0
2006,APRIL,MILWAUKEE,MILWAUKEE CITY WARD 58,SPRING GENERAL,JUSTICE OF THE SUPREME COURT,NONPARTISAN,PATRICK CROOKS,88,87
2006,APRIL,MILWAUKEE,MILWAUKEE CITY WARD 58,SPRING GENERAL,JUSTICE OF THE SUPREME COURT,NONPARTISAN,SCATTERING,88,1
2006,APRIL,MILWAUKEE,MILWAUKEE CITY WARD 59,SPRING GENERAL,JUSTICE OF THE SUPREME COURT,NONPARTISAN,PATRICK CROOKS,37,35
2006,APRIL,MILWAUKEE,MILWAUKEE CITY WARD 59,SPRING GENERAL,JUSTICE OF THE SUPREME COURT,NONPARTISAN,SCATTERING,37,2
2006,APRIL,MILWAUKEE,MILWAUKEE CITY WARD 60,SPRING GENERAL,JUSTICE OF THE SUPREME COURT,NONPARTISAN,PATRICK CROOKS,20,20
2006,APRIL,MILWAUKEE,MILWAUKEE CITY WARD 60,SPRING GENERAL,JUSTICE OF THE SUPREME COURT,NONPARTISAN,SCATTERING,20,0
2006,APRIL,MILWAUKEE,MILWAUKEE CITY WARD 61,SPRING GENERAL,JUSTICE OF THE SUPREME COURT,NONPARTISAN,PATRICK CROOKS,15,14
2006,APRIL,MILWAUKEE,MILWAUKEE CITY WARD 61,SPRING GENERAL,JUSTICE OF THE SUPREME COURT,NONPARTISAN,SCATTERING,15,1
2006,APRIL,MILWAUKEE,MILWAUKEE CITY WARD 62,SPRING GENERAL,JUSTICE OF THE SUPREME COURT,NONPARTISAN,PATRICK CROOKS,1,1
2006,APRIL,MILWAUKEE,MILWAUKEE CITY WARD 62,SPRING GENERAL,JUSTICE OF THE SUPREME COURT,NONPARTISAN,SCATTERING,1,0
2006,APRIL,MILWAUKEE,MILWAUKEE CITY WARD 63,SPRING GENERAL,JUSTICE OF THE SUPREME COURT,NONPARTISAN,PATRICK CROOKS,5,5
2006,APRIL,MILWAUKEE,MILWAUKEE CITY WARD 63,SPRING GENERAL,JUSTICE OF THE SUPREME COURT,NONPARTISAN,SCATTERING,5,0
2006,APRIL,MILWAUKEE,MILWAUKEE CITY WARD 64,SPRING GENERAL,JUSTICE OF THE SUPREME COURT,NONPARTISAN,PATRICK CROOKS,40,39
2006,APRIL,MILWAUKEE,MILWAUKEE CITY WARD 64,SPRING GENERAL,JUSTICE OF THE SUPREME COURT,NONPARTISAN,SCATTERING,40,1
2006,APRIL,MILWAUKEE,MILWAUKEE CITY WARD 65,SPRING GENERAL,JUSTICE OF THE SUPREME COURT,NONPARTISAN,PATRICK CROOKS,11,11
2006,APRIL,MILWAUKEE,MILWAUKEE CITY WARD 65,SPRING GENERAL,JUSTICE OF THE SUPREME COURT,NONPARTISAN,SCATTERING,11,0
2006,APRIL,MILWAUKEE,MILWAUKEE CITY WARD 66,SPRING GENERAL,JUSTICE OF THE SUPREME COURT,NONPARTISAN,PATRICK CROOKS,7,7
2006,APRIL,MILWAUKEE,MILWAUKEE CITY WARD 66,SPRING GENERAL,JUSTICE OF THE SUPREME COURT,NONPARTISAN,SCATTERING,7,0
2006,APRIL,MILWAUKEE,MILWAUKEE CITY WARD 67,SPRING GENERAL,JUSTICE OF THE SUPREME COURT,NONPARTISAN,PATRICK CROOKS,9,9
2006,APRIL,MILWAUKEE,MILWAUKEE CITY WARD 67,SPRING GENERAL,JUSTICE OF THE SUPREME COURT,NONPARTISAN,SCATTERING,9,0
2006,APRIL,MILWAUKEE,MILWAUKEE CITY WARD 68,SPRING GENERAL,JUSTICE OF THE SUPREME COURT,NONPARTISAN,PATRICK CROOKS,9,8
2006,APRIL,MILWAUKEE,MILWAUKEE CITY WARD 68,SPRING GENERAL,JUSTICE OF THE SUPREME COURT,NONPARTISAN,SCATTERING,9,1
2006,APRIL,MILWAUKEE,MILWAUKEE CITY WARD 69,SPRING GENERAL,JUSTICE OF THE SUPREME COURT,NONPARTISAN,PATRICK CROOKS,9,8
2006,APRIL,MILWAUKEE,MILWAUKEE CITY WARD 69,SPRING GENERAL,JUSTICE OF THE SUPREME COURT,NONPARTISAN,SCATTERING,9,1
2006,APRIL,MILWAUKEE,MILWAUKEE CITY WARD 70,SPRING GENERAL,JUSTICE OF THE SUPREME COURT,NONPARTISAN,PATRICK CROOKS,80,80
2006,APRIL,MILWAUKEE,MILWAUKEE CITY WARD 70,SPRING GENERAL,JUSTICE OF THE SUPREME COURT,NONPARTISAN,SCATTERING,80,0
2006,APRIL,MILWAUKEE,MILWAUKEE CITY WARD 71,SPRING GENERAL,JUSTICE OF THE SUPREME COURT,NONPARTISAN,PATRICK CROOKS,29,28
2006,APRIL,MILWAUKEE,MILWAUKEE CITY WARD 71,SPRING GENERAL,JUSTICE OF THE SUPREME COURT,NONPARTISAN,SCATTERING,29,1
2006,APRIL,MILWAUKEE,MILWAUKEE CITY WARD 72,SPRING GENERAL,JUSTICE OF THE SUPREME COURT,NONPARTISAN,PATRICK CROOKS,12,11
2006,APRIL,MILWAUKEE,MILWAUKEE CITY WARD 72,SPRING GENERAL,JUSTICE OF THE SUPREME COURT,NONPARTISAN,SCATTERING,12,1
2006,APRIL,MILWAUKEE,MILWAUKEE CITY WARD 73,SPRING GENERAL,JUSTICE OF THE SUPREME COURT,NONPARTISAN,PATRICK CROOKS,27,25
2006,APRIL,MILWAUKEE,MILWAUKEE CITY WARD 73,SPRING GENERAL,JUSTICE OF THE SUPREME COURT,NONPARTISAN,SCATTERING,27,2
2006,APRIL,MILWAUKEE,MILWAUKEE CITY WARD 74,SPRING GENERAL,JUSTICE OF THE SUPREME COURT,NONPARTISAN,PATRICK CROOKS,16,13
2006,APRIL,MILWAUKEE,MILWAUKEE CITY WARD 74,SPRING GENERAL,JUSTICE OF THE SUPREME COURT,NONPARTISAN,SCATTERING,16,3
2006,APRIL,MILWAUKEE,MILWAUKEE CITY WARD 75,SPRING GENERAL,JUSTICE OF THE SUPREME COURT,NONPARTISAN,PATRICK CROOKS,22,21
2006,APRIL,MILWAUKEE,MILWAUKEE CITY WARD 75,SPRING GENERAL,JUSTICE OF THE SUPREME COURT,NONPARTISAN,SCATTERING,22,1
2006,APRIL,MILWAUKEE,MILWAUKEE CITY WARD 76,SPRING GENERAL,JUSTICE OF THE SUPREME COURT,NONPARTISAN,PATRICK CROOKS,43,43
2006,APRIL,MILWAUKEE,MILWAUKEE CITY WARD 76,SPRING GENERAL,JUSTICE OF THE SUPREME COURT,NONPARTISAN,SCATTERING,43,0
2006,APRIL,MILWAUKEE,MILWAUKEE CITY WARD 77,SPRING GENERAL,JUSTICE OF THE SUPREME COURT,NONPARTISAN,PATRICK CROOKS,46,44
2006,APRIL,MILWAUKEE,MILWAUKEE CITY WARD 77,SPRING GENERAL,JUSTICE OF THE SUPREME COURT,NONPARTISAN,SCATTERING,46,2
2006,APRIL,MILWAUKEE,MILWAUKEE CITY WARD 78,SPRING GENERAL,JUSTICE OF THE SUPREME COURT,NONPARTISAN,PATRICK CROOKS,16,16
2006,APRIL,MILWAUKEE,MILWAUKEE CITY WARD 78,SPRING GENERAL,JUSTICE OF THE SUPREME COURT,NONPARTISAN,SCATTERING,16,0
2006,APRIL,MILWAUKEE,MILWAUKEE CITY WARD 79,SPRING GENERAL,JUSTICE OF THE SUPREME COURT,NONPARTISAN,PATRICK CROOKS,30,28
2006,APRIL,MILWAUKEE,MILWAUKEE CITY WARD 79,SPRING GENERAL,JUSTICE OF THE SUPREME COURT,NONPARTISAN,SCATTERING,30,2
2006,APRIL,MILWAUKEE,MILWAUKEE CITY WARD 80,SPRING GENERAL,JUSTICE OF THE SUPREME COURT,NONPARTISAN,PATRICK CROOKS,28,27
2006,APRIL,MILWAUKEE,MILWAUKEE CITY WARD 80,SPRING GENERAL,JUSTICE OF THE SUPREME COURT,NONPARTISAN,SCATTERING,28,1
2006,APRIL,MILWAUKEE,MILWAUKEE CITY WARD 81,SPRING GENERAL,JUSTICE OF THE SUPREME COURT,NONPARTISAN,PATRICK CROOKS,35,34
2006,APRIL,MILWAUKEE,MILWAUKEE CITY WARD 81,SPRING GENERAL,JUSTICE OF THE SUPREME COURT,NONPARTISAN,SCATTERING,35,1
2006,APRIL,MILWAUKEE,MILWAUKEE CITY WARD 82,SPRING GENERAL,JUSTICE OF THE SUPREME COURT,NONPARTISAN,PATRICK CROOKS,37,37
2006,APRIL,MILWAUKEE,MILWAUKEE CITY WARD 82,SPRING GENERAL,JUSTICE OF THE SUPREME COURT,NONPARTISAN,SCATTERING,37,0
2006,APRIL,MILWAUKEE,MILWAUKEE CITY WARD 83,SPRING GENERAL,JUSTICE OF THE SUPREME COURT,NONPARTISAN,PATRICK CROOKS,25,25
2006,APRIL,MILWAUKEE,MILWAUKEE CITY WARD 83,SPRING GENERAL,JUSTICE OF THE SUPREME COURT,NONPARTISAN,SCATTERING,25,0
2006,APRIL,MILWAUKEE,MILWAUKEE CITY WARD 84,SPRING GENERAL,JUSTICE OF THE SUPREME COURT,NONPARTISAN,PATRICK CROOKS,44,41
2006,APRIL,MILWAUKEE,MILWAUKEE CITY WARD 84,SPRING GENERAL,JUSTICE OF THE SUPREME COURT,NONPARTISAN,SCATTERING,44,3
2006,APRIL,MILWAUKEE,MILWAUKEE CITY WARD 85,SPRING GENERAL,JUSTICE OF THE SUPREME COURT,NONPARTISAN,PATRICK CROOKS,53,51
2006,APRIL,MILWAUKEE,MILWAUKEE CITY WARD 85,SPRING GENERAL,JUSTICE OF THE SUPREME COURT,NONPARTISAN,SCATTERING,53,2
2006,APRIL,MILWAUKEE,MILWAUKEE CITY WARD 86,SPRING GENERAL,JUSTICE OF THE SUPREME COURT,NONPARTISAN,PATRICK CROOKS,42,40
2006,APRIL,MILWAUKEE,MILWAUKEE CITY WARD 86,SPRING GENERAL,JUSTICE OF THE SUPREME COURT,NONPARTISAN,SCATTERING,42,2
2006,APRIL,MILWAUKEE,MILWAUKEE CITY WARD 87,SPRING GENERAL,JUSTICE OF THE SUPREME COURT,NONPARTISAN,PATRICK CROOKS,47,47
2006,APRIL,MILWAUKEE,MILWAUKEE CITY WARD 87,SPRING GENERAL,JUSTICE OF THE SUPREME COURT,NONPARTISAN,SCATTERING,47,0
2006,APRIL,MILWAUKEE,MILWAUKEE CITY WARD 88,SPRING GENERAL,JUSTICE OF THE SUPREME COURT,NONPARTISAN,PATRICK CROOKS,47,47
2006,APRIL,MILWAUKEE,MILWAUKEE CITY WARD 88,SPRING GENERAL,JUSTICE OF THE SUPREME COURT,NONPARTISAN,SCATTERING,47,0
2006,APRIL,MILWAUKEE,MILWAUKEE CITY WARD 89,SPRING GENERAL,JUSTICE OF THE SUPREME COURT,NONPARTISAN,PATRICK CROOKS,51,50
2006,APRIL,MILWAUKEE,MILWAUKEE CITY WARD 89,SPRING GENERAL,JUSTICE OF THE SUPREME COURT,NONPARTISAN,SCATTERING,51,1
2006,APRIL,MILWAUKEE,MILWAUKEE CITY WARD 90,SPRING GENERAL,JUSTICE OF THE SUPREME COURT,NONPARTISAN,PATRICK CROOKS,35,35
2006,APRIL,MILWAUKEE,MILWAUKEE CITY WARD 90,SPRING GENERAL,JUSTICE OF THE SUPREME COURT,NONPARTISAN,SCATTERING,35,0
2006,APRIL,MILWAUKEE,MILWAUKEE CITY WARD 91,SPRING GENERAL,JUSTICE OF THE SUPREME COURT,NONPARTISAN,PATRICK CROOKS,51,49
2006,APRIL,MILWAUKEE,MILWAUKEE CITY WARD 91,SPRING GENERAL,JUSTICE OF THE SUPREME COURT,NONPARTISAN,SCATTERING,51,2
2006,APRIL,MILWAUKEE,MILWAUKEE CITY WARD 92,SPRING GENERAL,JUSTICE OF THE SUPREME COURT,NONPARTISAN,PATRICK CROOKS,58,57
2006,APRIL,MILWAUKEE,MILWAUKEE CITY WARD 92,SPRING GENERAL,JUSTICE OF THE SUPREME COURT,NONPARTISAN,SCATTERING,58,1
2006,APRIL,MILWAUKEE,MILWAUKEE CITY WARD 93,SPRING GENERAL,JUSTICE OF THE SUPREME COURT,NONPARTISAN,PATRICK CROOKS,61,60
2006,APRIL,MILWAUKEE,MILWAUKEE CITY WARD 93,SPRING GENERAL,JUSTICE OF THE SUPREME COURT,NONPARTISAN,SCATTERING,61,1
2006,APRIL,MILWAUKEE,MILWAUKEE CITY WARD 94,SPRING GENERAL,JUSTICE OF THE SUPREME COURT,NONPARTISAN,PATRICK CROOKS,77,74
2006,APRIL,MILWAUKEE,MILWAUKEE CITY WARD 94,SPRING GENERAL,JUSTICE OF THE SUPREME COURT,NONPARTISAN,SCATTERING,77,3
2006,APRIL,MILWAUKEE,MILWAUKEE CITY WARD 95,SPRING GENERAL,JUSTICE OF THE SUPREME COURT,NONPARTISAN,PATRICK CROOKS,33,32
2006,APRIL,MILWAUKEE,MILWAUKEE CITY WARD 95,SPRING GENERAL,JUSTICE OF THE SUPREME COURT,NONPARTISAN,SCATTERING,33,1
2006,APRIL,MILWAUKEE,MILWAUKEE CITY WARD 96,SPRING GENERAL,JUSTICE OF THE SUPREME COURT,NONPARTISAN,PATRICK CROOKS,14,14
2006,APRIL,MILWAUKEE,MILWAUKEE CITY WARD 96,SPRING GENERAL,JUSTICE OF THE SUPREME COURT,NONPARTISAN,SCATTERING,14,0
2006,APRIL,MILWAUKEE,MILWAUKEE CITY WARD 97,SPRING GENERAL,JUSTICE OF THE SUPREME COURT,NONPARTISAN,PATRICK CROOKS,18,16
2006,APRIL,MILWAUKEE,MILWAUKEE CITY WARD 97,SPRING GENERAL,JUSTICE OF THE SUPREME COURT,NONPARTISAN,SCATTERING,18,2
2006,APRIL,MILWAUKEE,MILWAUKEE CITY WARD 98,SPRING GENERAL,JUSTICE OF THE SUPREME COURT,NONPARTISAN,PATRICK CROOKS,10,10
2006,APRIL,MILWAUKEE,MILWAUKEE CITY WARD 98,SPRING GENERAL,JUSTICE OF THE SUPREME COURT,NONPARTISAN,SCATTERING,10,0
2006,APRIL,MILWAUKEE,MILWAUKEE CITY WARD 99,SPRING GENERAL,JUSTICE OF THE SUPREME COURT,NONPARTISAN,PATRICK CROOKS,17,17
2006,APRIL,MILWAUKEE,MILWAUKEE CITY WARD 99,SPRING GENERAL,JUSTICE OF THE SUPREME COURT,NONPARTISAN,SCATTERING,17,0
2006,APRIL,MILWAUKEE,MILWAUKEE CITY WARD 100,SPRING GENERAL,JUSTICE OF THE SUPREME COURT,NONPARTISAN,PATRICK CROOKS,21,19
2006,APRIL,MILWAUKEE,MILWAUKEE CITY WARD 100,SPRING GENERAL,JUSTICE OF THE SUPREME COURT,NONPARTISAN,SCATTERING,21,2
2006,APRIL,MILWAUKEE,MILWAUKEE CITY WARD 101,SPRING GENERAL,JUSTICE OF THE SUPREME COURT,NONPARTISAN,PATRICK CROOKS,27,25
2006,APRIL,MILWAUKEE,MILWAUKEE CITY WARD 101,SPRING GENERAL,JUSTICE OF THE SUPREME COURT,NONPARTISAN,SCATTERING,27,2
2006,APRIL,MILWAUKEE,MILWAUKEE CITY WARD 102,SPRING GENERAL,JUSTICE OF THE SUPREME COURT,NONPARTISAN,PATRICK CROOKS,33,31
2006,APRIL,MILWAUKEE,MILWAUKEE CITY WARD 102,SPRING GENERAL,JUSTICE OF THE SUPREME COURT,NONPARTISAN,SCATTERING,33,2
2006,APRIL,MILWAUKEE,MILWAUKEE CITY WARD 103,SPRING GENERAL,JUSTICE OF THE SUPREME COURT,NONPARTISAN,PATRICK CROOKS,33,32
2006,APRIL,MILWAUKEE,MILWAUKEE CITY WARD 103,SPRING GENERAL,JUSTICE OF THE SUPREME COURT,NONPARTISAN,SCATTERING,33,1
2006,APRIL,MILWAUKEE,MILWAUKEE CITY WARD 104,SPRING GENERAL,JUSTICE OF THE SUPREME COURT,NONPARTISAN,PATRICK CROOKS,26,24
2006,APRIL,MILWAUKEE,MILWAUKEE CITY WARD 104,SPRING GENERAL,JUSTICE OF THE SUPREME COURT,NONPARTISAN,SCATTERING,26,2
2006,APRIL,MILWAUKEE,MILWAUKEE CITY WARD 105,SPRING GENERAL,JUSTICE OF THE SUPREME COURT,NONPARTISAN,PATRICK CROOKS,33,30
2006,APRIL,MILWAUKEE,MILWAUKEE CITY WARD 105,SPRING GENERAL,JUSTICE OF THE SUPREME COURT,NONPARTISAN,SCATTERING,33,3
2006,APRIL,MILWAUKEE,MILWAUKEE CITY WARD 106,SPRING GENERAL,JUSTICE OF THE SUPREME COURT,NONPARTISAN,PATRICK CROOKS,7,6
2006,APRIL,MILWAUKEE,MILWAUKEE CITY WARD 106,SPRING GENERAL,JUSTICE OF THE SUPREME COURT,NONPARTISAN,SCATTERING,7,1
2006,APRIL,MILWAUKEE,MILWAUKEE CITY WARD 107,SPRING GENERAL,JUSTICE OF THE SUPREME COURT,NONPARTISAN,PATRICK CROOKS,31,30
2006,APRIL,MILWAUKEE,MILWAUKEE CITY WARD 107,SPRING GENERAL,JUSTICE OF THE SUPREME COURT,NONPARTISAN,SCATTERING,31,1
2006,APRIL,MILWAUKEE,MILWAUKEE CITY WARD 108,SPRING GENERAL,JUSTICE OF THE SUPREME COURT,NONPARTISAN,PATRICK CROOKS,33,32
2006,APRIL,MILWAUKEE,MILWAUKEE CITY WARD 108,SPRING GENERAL,JUSTICE OF THE SUPREME COURT,NONPARTISAN,SCATTERING,33,1
2006,APRIL,MILWAUKEE,MILWAUKEE CITY WARD 109,SPRING GENERAL,JUSTICE OF THE SUPREME COURT,NONPARTISAN,PATRICK CROOKS,17,16
2006,APRIL,MILWAUKEE,MILWAUKEE CITY WARD 109,SPRING GENERAL,JUSTICE OF THE SUPREME COURT,NONPARTISAN,SCATTERING,17,1
2006,APRIL,MILWAUKEE,MILWAUKEE CITY WARD 110,SPRING GENERAL,JUSTICE OF THE SUPREME COURT,NONPARTISAN,PATRICK CROOKS,49,47
2006,APRIL,MILWAUKEE,MILWAUKEE CITY WARD 110,SPRING GENERAL,JUSTICE OF THE SUPREME COURT,NONPARTISAN,SCATTERING,49,2
2006,APRIL,MILWAUKEE,MILWAUKEE CITY WARD 111,SPRING GENERAL,JUSTICE OF THE SUPREME COURT,NONPARTISAN,PATRICK CROOKS,60,59
2006,APRIL,MILWAUKEE,MILWAUKEE CITY WARD 111,SPRING GENERAL,JUSTICE OF THE SUPREME COURT,NONPARTISAN,SCATTERING,60,1
2006,APRIL,MILWAUKEE,MILWAUKEE CITY WARD 112,SPRING GENERAL,JUSTICE OF THE SUPREME COURT,NONPARTISAN,PATRICK CROOKS,32,31
2006,APRIL,MILWAUKEE,MILWAUKEE CITY WARD 112,SPRING GENERAL,JUSTICE OF THE SUPREME COURT,NONPARTISAN,SCATTERING,32,1
2006,APRIL,MILWAUKEE,MILWAUKEE CITY WARD 113,SPRING GENERAL,JUSTICE OF THE SUPREME COURT,NONPARTISAN,PATRICK CROOKS,29,29
2006,APRIL,MILWAUKEE,MILWAUKEE CITY WARD 113,SPRING GENERAL,JUSTICE OF THE SUPREME COURT,NONPARTISAN,SCATTERING,29,0
2006,APRIL,MILWAUKEE,MILWAUKEE CITY WARD 114,SPRING GENERAL,JUSTICE OF THE SUPREME COURT,NONPARTISAN,PATRICK CROOKS,18,18
2006,APRIL,MILWAUKEE,MILWAUKEE CITY WARD 114,SPRING GENERAL,JUSTICE OF THE SUPREME COURT,NONPARTISAN,SCATTERING,18,0
2006,APRIL,MILWAUKEE,MILWAUKEE CITY WARD 115,SPRING GENERAL,JUSTICE OF THE SUPREME COURT,NONPARTISAN,PATRICK CROOKS,22,22
2006,APRIL,MILWAUKEE,MILWAUKEE CITY WARD 115,SPRING GENERAL,JUSTICE OF THE SUPREME COURT,NONPARTISAN,SCATTERING,22,0
2006,APRIL,MILWAUKEE,MILWAUKEE CITY WARD 116,SPRING GENERAL,JUSTICE OF THE SUPREME COURT,NONPARTISAN,PATRICK CROOKS,22,22
2006,APRIL,MILWAUKEE,MILWAUKEE CITY WARD 116,SPRING GENERAL,JUSTICE OF THE SUPREME COURT,NONPARTISAN,SCATTERING,22,0
2006,APRIL,MILWAUKEE,MILWAUKEE CITY WARD 117,SPRING GENERAL,JUSTICE OF THE SUPREME COURT,NONPARTISAN,PATRICK CROOKS,31,29
2006,APRIL,MILWAUKEE,MILWAUKEE CITY WARD 117,SPRING GENERAL,JUSTICE OF THE SUPREME COURT,NONPARTISAN,SCATTERING,31,2
2006,APRIL,MILWAUKEE,MILWAUKEE CITY WARD 118,SPRING GENERAL,JUSTICE OF THE SUPREME COURT,NONPARTISAN,PATRICK CROOKS,20,20
2006,APRIL,MILWAUKEE,MILWAUKEE CITY WARD 118,SPRING GENERAL,JUSTICE OF THE SUPREME COURT,NONPARTISAN,SCATTERING,20,0
2006,APRIL,MILWAUKEE,MILWAUKEE CITY WARD 119,SPRING GENERAL,JUSTICE OF THE SUPREME COURT,NONPARTISAN,PATRICK CROOKS,32,32
2006,APRIL,MILWAUKEE,MILWAUKEE CITY WARD 119,SPRING GENERAL,JUSTICE OF THE SUPREME COURT,NONPARTISAN,SCATTERING,32,0
2006,APRIL,MILWAUKEE,MILWAUKEE CITY WARD 120,SPRING GENERAL,JUSTICE OF THE SUPREME COURT,NONPARTISAN,PATRICK CROOKS,44,43
2006,APRIL,MILWAUKEE,MILWAUKEE CITY WARD 120,SPRING GENERAL,JUSTICE OF THE SUPREME COURT,NONPARTISAN,SCATTERING,44,1
2006,APRIL,MILWAUKEE,MILWAUKEE CITY WARD 121,SPRING GENERAL,JUSTICE OF THE SUPREME COURT,NONPARTISAN,PATRICK CROOKS,19,18
2006,APRIL,MILWAUKEE,MILWAUKEE CITY WARD 121,SPRING GENERAL,JUSTICE OF THE SUPREME COURT,NONPARTISAN,SCATTERING,19,1
2006,APRIL,MILWAUKEE,MILWAUKEE CITY WARD 122,SPRING GENERAL,JUSTICE OF THE SUPREME COURT,NONPARTISAN,PATRICK CROOKS,12,12
2006,APRIL,MILWAUKEE,MILWAUKEE CITY WARD 122,SPRING GENERAL,JUSTICE OF THE SUPREME COURT,NONPARTISAN,SCATTERING,12,0
2006,APRIL,MILWAUKEE,MILWAUKEE CITY WARD 123,SPRING GENERAL,JUSTICE OF THE SUPREME COURT,NONPARTISAN,PATRICK CROOKS,18,18
2006,APRIL,MILWAUKEE,MILWAUKEE CITY WARD 123,SPRING GENERAL,JUSTICE OF THE SUPREME COURT,NONPARTISAN,SCATTERING,18,0
2006,APRIL,MILWAUKEE,MILWAUKEE CITY WARD 124,SPRING GENERAL,JUSTICE OF THE SUPREME COURT,NONPARTISAN,PATRICK CROOKS,19,19
2006,APRIL,MILWAUKEE,MILWAUKEE CITY WARD 124,SPRING GENERAL,JUSTICE OF THE SUPREME COURT,NONPARTISAN,SCATTERING,19,0
2006,APRIL,MILWAUKEE,MILWAUKEE CITY WARD 125,SPRING GENERAL,JUSTICE OF THE SUPREME COURT,NONPARTISAN,PATRICK CROOKS,25,24
2006,APRIL,MILWAUKEE,MILWAUKEE CITY WARD 125,SPRING GENERAL,JUSTICE OF THE SUPREME COURT,NONPARTISAN,SCATTERING,25,1
2006,APRIL,MILWAUKEE,MILWAUKEE CITY WARD 126,SPRING GENERAL,JUSTICE OF THE SUPREME COURT,NONPARTISAN,PATRICK CROOKS,21,19
2006,APRIL,MILWAUKEE,MILWAUKEE CITY WARD 126,SPRING GENERAL,JUSTICE OF THE SUPREME COURT,NONPARTISAN,SCATTERING,21,2
2006,APRIL,MILWAUKEE,MILWAUKEE CITY WARD 127,SPRING GENERAL,JUSTICE OF THE SUPREME COURT,NONPARTISAN,PATRICK CROOKS,18,18
2006,APRIL,MILWAUKEE,MILWAUKEE CITY WARD 127,SPRING GENERAL,JUSTICE OF THE SUPREME COURT,NONPARTISAN,SCATTERING,18,0
2006,APRIL,MILWAUKEE,MILWAUKEE CITY WARD 128,SPRING GENERAL,JUSTICE OF THE SUPREME COURT,NONPARTISAN,PATRICK CROOKS,26,26
2006,APRIL,MILWAUKEE,MILWAUKEE CITY WARD 128,SPRING GENERAL,JUSTICE OF THE SUPREME COURT,NONPARTISAN,SCATTERING,26,0
2006,APRIL,MILWAUKEE,MILWAUKEE CITY WARD 129,SPRING GENERAL,JUSTICE OF THE SUPREME COURT,NONPARTISAN,PATRICK CROOKS,22,22
2006,APRIL,MILWAUKEE,MILWAUKEE CITY WARD 129,SPRING GENERAL,JUSTICE OF THE SUPREME COURT,NONPARTISAN,SCATTERING,22,0
2006,APRIL,MILWAUKEE,MILWAUKEE CITY WARD 130,SPRING GENERAL,JUSTICE OF THE SUPREME COURT,NONPARTISAN,PATRICK CROOKS,7,7
2006,APRIL,MILWAUKEE,MILWAUKEE CITY WARD 130,SPRING GENERAL,JUSTICE OF THE SUPREME COURT,NONPARTISAN,SCATTERING,7,0
2006,APRIL,MILWAUKEE,MILWAUKEE CITY WARD 131,SPRING GENERAL,JUSTICE OF THE SUPREME COURT,NONPARTISAN,PATRICK CROOKS,2,2
2006,APRIL,MILWAUKEE,MILWAUKEE CITY WARD 131,SPRING GENERAL,JUSTICE OF THE SUPREME COURT,NONPARTISAN,SCATTERING,2,0
2006,APRIL,MILWAUKEE,MILWAUKEE CITY WARD 132,SPRING GENERAL,JUSTICE OF THE SUPREME COURT,NONPARTISAN,PATRICK CROOKS,10,10
2006,APRIL,MILWAUKEE,MILWAUKEE CITY WARD 132,SPRING GENERAL,JUSTICE OF THE SUPREME COURT,NONPARTISAN,SCATTERING,10,0
2006,APRIL,MILWAUKEE,MILWAUKEE CITY WARD 133,SPRING GENERAL,JUSTICE OF THE SUPREME COURT,NONPARTISAN,PATRICK CROOKS,12,12
2006,APRIL,MILWAUKEE,MILWAUKEE CITY WARD 133,SPRING GENERAL,JUSTICE OF THE SUPREME COURT,NONPARTISAN,SCATTERING,12,0
2006,APRIL,MILWAUKEE,MILWAUKEE CITY WARD 134,SPRING GENERAL,JUSTICE OF THE SUPREME COURT,NONPARTISAN,PATRICK CROOKS,35,33
2006,APRIL,MILWAUKEE,MILWAUKEE CITY WARD 134,SPRING GENERAL,JUSTICE OF THE SUPREME COURT,NONPARTISAN,SCATTERING,35,2
2006,APRIL,MILWAUKEE,MILWAUKEE CITY WARD 135,SPRING GENERAL,JUSTICE OF THE SUPREME COURT,NONPARTISAN,PATRICK CROOKS,67,67
2006,APRIL,MILWAUKEE,MILWAUKEE CITY WARD 135,SPRING GENERAL,JUSTICE OF THE SUPREME COURT,NONPARTISAN,SCATTERING,67,0
2006,APRIL,MILWAUKEE,MILWAUKEE CITY WARD 136,SPRING GENERAL,JUSTICE OF THE SUPREME COURT,NONPARTISAN,PATRICK CROOKS,52,52
2006,APRIL,MILWAUKEE,MILWAUKEE CITY WARD 136,SPRING GENERAL,JUSTICE OF THE SUPREME COURT,NONPARTISAN,SCATTERING,52,0
2006,APRIL,MILWAUKEE,MILWAUKEE CITY WARD 137,SPRING GENERAL,JUSTICE OF THE SUPREME COURT,NONPARTISAN,PATRICK CROOKS,9,9
2006,APRIL,MILWAUKEE,MILWAUKEE CITY WARD 137,SPRING GENERAL,JUSTICE OF THE SUPREME COURT,NONPARTISAN,SCATTERING,9,0
2006,APRIL,MILWAUKEE,MILWAUKEE CITY WARD 138,SPRING GENERAL,JUSTICE OF THE SUPREME COURT,NONPARTISAN,PATRICK CROOKS,23,22
2006,APRIL,MILWAUKEE,MILWAUKEE CITY WARD 138,SPRING GENERAL,JUSTICE OF THE SUPREME COURT,NONPARTISAN,SCATTERING,23,1
2006,APRIL,MILWAUKEE,MILWAUKEE CITY WARD 139,SPRING GENERAL,JUSTICE OF THE SUPREME COURT,NONPARTISAN,PATRICK CROOKS,4,4
2006,APRIL,MILWAUKEE,MILWAUKEE CITY WARD 139,SPRING GENERAL,JUSTICE OF THE SUPREME COURT,NONPARTISAN,SCATTERING,4,0
2006,APRIL,MILWAUKEE,MILWAUKEE CITY WARD 140,SPRING GENERAL,JUSTICE OF THE SUPREME COURT,NONPARTISAN,PATRICK CROOKS,16,15
2006,APRIL,MILWAUKEE,MILWAUKEE CITY WARD 140,SPRING GENERAL,JUSTICE OF THE SUPREME COURT,NONPARTISAN,SCATTERING,16,1
2006,APRIL,MILWAUKEE,MILWAUKEE CITY WARD 141,SPRING GENERAL,JUSTICE OF THE SUPREME COURT,NONPARTISAN,PATRICK CROOKS,16,16
2006,APRIL,MILWAUKEE,MILWAUKEE CITY WARD 141,SPRING GENERAL,JUSTICE OF THE SUPREME COURT,NONPARTISAN,SCATTERING,16,0
2006,APRIL,MILWAUKEE,MILWAUKEE CITY WARD 142,SPRING GENERAL,JUSTICE OF THE SUPREME COURT,NONPARTISAN,PATRICK CROOKS,37,34
2006,APRIL,MILWAUKEE,MILWAUKEE CITY WARD 142,SPRING GENERAL,JUSTICE OF THE SUPREME COURT,NONPARTISAN,SCATTERING,37,3
2006,APRIL,MILWAUKEE,MILWAUKEE CITY WARD 143,SPRING GENERAL,JUSTICE OF THE SUPREME COURT,NONPARTISAN,PATRICK CROOKS,10,10
2006,APRIL,MILWAUKEE,MILWAUKEE CITY WARD 143,SPRING GENERAL,JUSTICE OF THE SUPREME COURT,NONPARTISAN,SCATTERING,10,0
2006,APRIL,MILWAUKEE,MILWAUKEE CITY WARD 144,SPRING GENERAL,JUSTICE OF THE SUPREME COURT,NONPARTISAN,PATRICK CROOKS,49,48
2006,APRIL,MILWAUKEE,MILWAUKEE CITY WARD 144,SPRING GENERAL,JUSTICE OF THE SUPREME COURT,NONPARTISAN,SCATTERING,49,1
2006,APRIL,MILWAUKEE,MILWAUKEE CITY WARD 145,SPRING GENERAL,JUSTICE OF THE SUPREME COURT,NONPARTISAN,PATRICK CROOKS,60,60
2006,APRIL,MILWAUKEE,MILWAUKEE CITY WARD 145,SPRING GENERAL,JUSTICE OF THE SUPREME COURT,NONPARTISAN,SCATTERING,60,0
2006,APRIL,MILWAUKEE,MILWAUKEE CITY WARD 146,SPRING GENERAL,JUSTICE OF THE SUPREME COURT,NONPARTISAN,PATRICK CROOKS,44,42
2006,APRIL,MILWAUKEE,MILWAUKEE CITY WARD 146,SPRING GENERAL,JUSTICE OF THE SUPREME COURT,NONPARTISAN,SCATTERING,44,2
2006,APRIL,MILWAUKEE,MILWAUKEE CITY WARD 147,SPRING GENERAL,JUSTICE OF THE SUPREME COURT,NONPARTISAN,PATRICK CROOKS,47,47
2006,APRIL,MILWAUKEE,MILWAUKEE CITY WARD 147,SPRING GENERAL,JUSTICE OF THE SUPREME COURT,NONPARTISAN,SCATTERING,47,0
2006,APRIL,MILWAUKEE,MILWAUKEE CITY WARD 148,SPRING GENERAL,JUSTICE OF THE SUPREME COURT,NONPARTISAN,PATRICK CROOKS,50,49
2006,APRIL,MILWAUKEE,MILWAUKEE CITY WARD 148,SPRING GENERAL,JUSTICE OF THE SUPREME COURT,NONPARTISAN,SCATTERING,50,1
2006,APRIL,MILWAUKEE,MILWAUKEE CITY WARD 149,SPRING GENERAL,JUSTICE OF THE SUPREME COURT,NONPARTISAN,PATRICK CROOKS,109,109
2006,APRIL,MILWAUKEE,MILWAUKEE CITY WARD 149,SPRING GENERAL,JUSTICE OF THE SUPREME COURT,NONPARTISAN,SCATTERING,109,0
2006,APRIL,MILWAUKEE,MILWAUKEE CITY WARD 150,SPRING GENERAL,JUSTICE OF THE SUPREME COURT,NONPARTISAN,PATRICK CROOKS,21,21
2006,APRIL,MILWAUKEE,MILWAUKEE CITY WARD 150,SPRING GENERAL,JUSTICE OF THE SUPREME COURT,NONPARTISAN,SCATTERING,21,0
2006,APRIL,MILWAUKEE,MILWAUKEE CITY WARD 151,SPRING GENERAL,JUSTICE OF THE SUPREME COURT,NONPARTISAN,PATRICK CROOKS,16,16
2006,APRIL,MILWAUKEE,MILWAUKEE CITY WARD 151,SPRING GENERAL,JUSTICE OF THE SUPREME COURT,NONPARTISAN,SCATTERING,16,0
2006,APRIL,MILWAUKEE,MILWAUKEE CITY WARD 152,SPRING GENERAL,JUSTICE OF THE SUPREME COURT,NONPARTISAN,PATRICK CROOKS,32,32
2006,APRIL,MILWAUKEE,MILWAUKEE CITY WARD 152,SPRING GENERAL,JUSTICE OF THE SUPREME COURT,NONPARTISAN,SCATTERING,32,0
2006,APRIL,MILWAUKEE,MILWAUKEE CITY WARD 153,SPRING GENERAL,JUSTICE OF THE SUPREME COURT,NONPARTISAN,PATRICK CROOKS,21,20
2006,APRIL,MILWAUKEE,MILWAUKEE CITY WARD 153,SPRING GENERAL,JUSTICE OF THE SUPREME COURT,NONPARTISAN,SCATTERING,21,1
2006,APRIL,MILWAUKEE,MILWAUKEE CITY WARD 154,SPRING GENERAL,JUSTICE OF THE SUPREME COURT,NONPARTISAN,PATRICK CROOKS,31,31
2006,APRIL,MILWAUKEE,MILWAUKEE CITY WARD 154,SPRING GENERAL,JUSTICE OF THE SUPREME COURT,NONPARTISAN,SCATTERING,31,0
2006,APRIL,MILWAUKEE,MILWAUKEE CITY WARD 155,SPRING GENERAL,JUSTICE OF THE SUPREME COURT,NONPARTISAN,PATRICK CROOKS,38,35
2006,APRIL,MILWAUKEE,MILWAUKEE CITY WARD 155,SPRING GENERAL,JUSTICE OF THE SUPREME COURT,NONPARTISAN,SCATTERING,38,3
2006,APRIL,MILWAUKEE,MILWAUKEE CITY WARD 156,SPRING GENERAL,JUSTICE OF THE SUPREME COURT,NONPARTISAN,PATRICK CROOKS,22,20
2006,APRIL,MILWAUKEE,MILWAUKEE CITY WARD 156,SPRING GENERAL,JUSTICE OF THE SUPREME COURT,NONPARTISAN,SCATTERING,22,2
2006,APRIL,MILWAUKEE,MILWAUKEE CITY WARD 157,SPRING GENERAL,JUSTICE OF THE SUPREME COURT,NONPARTISAN,PATRICK CROOKS,26,25
2006,APRIL,MILWAUKEE,MILWAUKEE CITY WARD 157,SPRING GENERAL,JUSTICE OF THE SUPREME COURT,NONPARTISAN,SCATTERING,26,1
2006,APRIL,MILWAUKEE,MILWAUKEE CITY WARD 158,SPRING GENERAL,JUSTICE OF THE SUPREME COURT,NONPARTISAN,PATRICK CROOKS,21,21
2006,APRIL,MILWAUKEE,MILWAUKEE CITY WARD 158,SPRING GENERAL,JUSTICE OF THE SUPREME COURT,NONPARTISAN,SCATTERING,21,0
2006,APRIL,MILWAUKEE,MILWAUKEE CITY WARD 159,SPRING GENERAL,JUSTICE OF THE SUPREME COURT,NONPARTISAN,PATRICK CROOKS,26,25
2006,APRIL,MILWAUKEE,MILWAUKEE CITY WARD 159,SPRING GENERAL,JUSTICE OF THE SUPREME COURT,NONPARTISAN,SCATTERING,26,1
2006,APRIL,MILWAUKEE,MILWAUKEE CITY WARD 160,SPRING GENERAL,JUSTICE OF THE SUPREME COURT,NONPARTISAN,PATRICK CROOKS,6,6
2006,APRIL,MILWAUKEE,MILWAUKEE CITY WARD 160,SPRING GENERAL,JUSTICE OF THE SUPREME COURT,NONPARTISAN,SCATTERING,6,0
2006,APRIL,MILWAUKEE,MILWAUKEE CITY WARD 161,SPRING GENERAL,JUSTICE OF THE SUPREME COURT,NONPARTISAN,PATRICK CROOKS,13,12
2006,APRIL,MILWAUKEE,MILWAUKEE CITY WARD 161,SPRING GENERAL,JUSTICE OF THE SUPREME COURT,NONPARTISAN,SCATTERING,13,1
2006,APRIL,MILWAUKEE,MILWAUKEE CITY WARD 162,SPRING GENERAL,JUSTICE OF THE SUPREME COURT,NONPARTISAN,PATRICK CROOKS,28,27
2006,APRIL,MILWAUKEE,MILWAUKEE CITY WARD 162,SPRING GENERAL,JUSTICE OF THE SUPREME COURT,NONPARTISAN,SCATTERING,28,1
2006,APRIL,MILWAUKEE,MILWAUKEE CITY WARD 163,SPRING GENERAL,JUSTICE OF THE SUPREME COURT,NONPARTISAN,PATRICK CROOKS,22,21
2006,APRIL,MILWAUKEE,MILWAUKEE CITY WARD 163,SPRING GENERAL,JUSTICE OF THE SUPREME COURT,NONPARTISAN,SCATTERING,22,1
2006,APRIL,MILWAUKEE,MILWAUKEE CITY WARD 164,SPRING GENERAL,JUSTICE OF THE SUPREME COURT,NONPARTISAN,PATRICK CROOKS,11,9
2006,APRIL,MILWAUKEE,MILWAUKEE CITY WARD 164,SPRING GENERAL,JUSTICE OF THE SUPREME COURT,NONPARTISAN,SCATTERING,11,2
2006,APRIL,MILWAUKEE,MILWAUKEE CITY WARD 165,SPRING GENERAL,JUSTICE OF THE SUPREME COURT,NONPARTISAN,PATRICK CROOKS,28,28
2006,APRIL,MILWAUKEE,MILWAUKEE CITY WARD 165,SPRING GENERAL,JUSTICE OF THE SUPREME COURT,NONPARTISAN,SCATTERING,28,0
2006,APRIL,MILWAUKEE,MILWAUKEE CITY WARD 166,SPRING GENERAL,JUSTICE OF THE SUPREME COURT,NONPARTISAN,PATRICK CROOKS,18,16
2006,APRIL,MILWAUKEE,MILWAUKEE CITY WARD 166,SPRING GENERAL,JUSTICE OF THE SUPREME COURT,NONPARTISAN,SCATTERING,18,2
2006,APRIL,MILWAUKEE,MILWAUKEE CITY WARD 167,SPRING GENERAL,JUSTICE OF THE SUPREME COURT,NONPARTISAN,PATRICK CROOKS,17,17
2006,APRIL,MILWAUKEE,MILWAUKEE CITY WARD 167,SPRING GENERAL,JUSTICE OF THE SUPREME COURT,NONPARTISAN,SCATTERING,17,0
2006,APRIL,MILWAUKEE,MILWAUKEE CITY WARD 168,SPRING GENERAL,JUSTICE OF THE SUPREME COURT,NONPARTISAN,PATRICK CROOKS,28,28
2006,APRIL,MILWAUKEE,MILWAUKEE CITY WARD 168,SPRING GENERAL,JUSTICE OF THE SUPREME COURT,NONPARTISAN,SCATTERING,28,0
2006,APRIL,MILWAUKEE,MILWAUKEE CITY WARD 169,SPRING GENERAL,JUSTICE OF THE SUPREME COURT,NONPARTISAN,PATRICK CROOKS,19,19
2006,APRIL,MILWAUKEE,MILWAUKEE CITY WARD 169,SPRING GENERAL,JUSTICE OF THE SUPREME COURT,NONPARTISAN,SCATTERING,19,0
2006,APRIL,MILWAUKEE,MILWAUKEE CITY WARD 170,SPRING GENERAL,JUSTICE OF THE SUPREME COURT,NONPARTISAN,PATRICK CROOKS,55,53
2006,APRIL,MILWAUKEE,MILWAUKEE CITY WARD 170,SPRING GENERAL,JUSTICE OF THE SUPREME COURT,NONPARTISAN,SCATTERING,55,2
2006,APRIL,MILWAUKEE,MILWAUKEE CITY WARD 171,SPRING GENERAL,JUSTICE OF THE SUPREME COURT,NONPARTISAN,PATRICK CROOKS,49,48
2006,APRIL,MILWAUKEE,MILWAUKEE CITY WARD 171,SPRING GENERAL,JUSTICE OF THE SUPREME COURT,NONPARTISAN,SCATTERING,49,1
2006,APRIL,MILWAUKEE,MILWAUKEE CITY WARD 172,SPRING GENERAL,JUSTICE OF THE SUPREME COURT,NONPARTISAN,PATRICK CROOKS,22,22
2006,APRIL,MILWAUKEE,MILWAUKEE CITY WARD 172,SPRING GENERAL,JUSTICE OF THE SUPREME COURT,NONPARTISAN,SCATTERING,22,0
2006,APRIL,MILWAUKEE,MILWAUKEE CITY WARD 173,SPRING GENERAL,JUSTICE OF THE SUPREME COURT,NONPARTISAN,PATRICK CROOKS,11,8
2006,APRIL,MILWAUKEE,MILWAUKEE CITY WARD 173,SPRING GENERAL,JUSTICE OF THE SUPREME COURT,NONPARTISAN,SCATTERING,11,3
2006,APRIL,MILWAUKEE,MILWAUKEE CITY WARD 174,SPRING GENERAL,JUSTICE OF THE SUPREME COURT,NONPARTISAN,PATRICK CROOKS,9,9
2006,APRIL,MILWAUKEE,MILWAUKEE CITY WARD 174,SPRING GENERAL,JUSTICE OF THE SUPREME COURT,NONPARTISAN,SCATTERING,9,0
2006,APRIL,MILWAUKEE,MILWAUKEE CITY WARD 175,SPRING GENERAL,JUSTICE OF THE SUPREME COURT,NONPARTISAN,PATRICK CROOKS,8,8
2006,APRIL,MILWAUKEE,MILWAUKEE CITY WARD 175,SPRING GENERAL,JUSTICE OF THE SUPREME COURT,NONPARTISAN,SCATTERING,8,0
2006,APRIL,MILWAUKEE,MILWAUKEE CITY WARD 176,SPRING GENERAL,JUSTICE OF THE SUPREME COURT,NONPARTISAN,PATRICK CROOKS,8,8
2006,APRIL,MILWAUKEE,MILWAUKEE CITY WARD 176,SPRING GENERAL,JUSTICE OF THE SUPREME COURT,NONPARTISAN,SCATTERING,8,0
2006,APRIL,MILWAUKEE,MILWAUKEE CITY WARD 177,SPRING GENERAL,JUSTICE OF THE SUPREME COURT,NONPARTISAN,PATRICK CROOKS,19,19
2006,APRIL,MILWAUKEE,MILWAUKEE CITY WARD 177,SPRING GENERAL,JUSTICE OF THE SUPREME COURT,NONPARTISAN,SCATTERING,19,0
2006,APRIL,MILWAUKEE,MILWAUKEE CITY WARD 178,SPRING GENERAL,JUSTICE OF THE SUPREME COURT,NONPARTISAN,PATRICK CROOKS,8,8
2006,APRIL,MILWAUKEE,MILWAUKEE CITY WARD 178,SPRING GENERAL,JUSTICE OF THE SUPREME COURT,NONPARTISAN,SCATTERING,8,0
2006,APRIL,MILWAUKEE,MILWAUKEE CITY WARD 179,SPRING GENERAL,JUSTICE OF THE SUPREME COURT,NONPARTISAN,PATRICK CROOKS,21,21
2006,APRIL,MILWAUKEE,MILWAUKEE CITY WARD 179,SPRING GENERAL,JUSTICE OF THE SUPREME COURT,NONPARTISAN,SCATTERING,21,0
2006,APRIL,MILWAUKEE,MILWAUKEE CITY WARD 180,SPRING GENERAL,JUSTICE OF THE SUPREME COURT,NONPARTISAN,PATRICK CROOKS,15,15
2006,APRIL,MILWAUKEE,MILWAUKEE CITY WARD 180,SPRING GENERAL,JUSTICE OF THE SUPREME COURT,NONPARTISAN,SCATTERING,15,0
2006,APRIL,MILWAUKEE,MILWAUKEE CITY WARD 181,SPRING GENERAL,JUSTICE OF THE SUPREME COURT,NONPARTISAN,PATRICK CROOKS,6,6
2006,APRIL,MILWAUKEE,MILWAUKEE CITY WARD 181,SPRING GENERAL,JUSTICE OF THE SUPREME COURT,NONPARTISAN,SCATTERING,6,0
2006,APRIL,MILWAUKEE,MILWAUKEE CITY WARD 182,SPRING GENERAL,JUSTICE OF THE SUPREME COURT,NONPARTISAN,PATRICK CROOKS,8,8
2006,APRIL,MILWAUKEE,MILWAUKEE CITY WARD 182,SPRING GENERAL,JUSTICE OF THE SUPREME COURT,NONPARTISAN,SCATTERING,8,0
2006,APRIL,MILWAUKEE,MILWAUKEE CITY WARD 183,SPRING GENERAL,JUSTICE OF THE SUPREME COURT,NONPARTISAN,PATRICK CROOKS,16,15
2006,APRIL,MILWAUKEE,MILWAUKEE CITY WARD 183,SPRING GENERAL,JUSTICE OF THE SUPREME COURT,NONPARTISAN,SCATTERING,16,1
2006,APRIL,MILWAUKEE,MILWAUKEE CITY WARD 184,SPRING GENERAL,JUSTICE OF THE SUPREME COURT,NONPARTISAN,PATRICK CROOKS,83,81
2006,APRIL,MILWAUKEE,MILWAUKEE CITY WARD 184,SPRING GENERAL,JUSTICE OF THE SUPREME COURT,NONPARTISAN,SCATTERING,83,2
2006,APRIL,MILWAUKEE,MILWAUKEE CITY WARD 185,SPRING GENERAL,JUSTICE OF THE SUPREME COURT,NONPARTISAN,PATRICK CROOKS,40,40
2006,APRIL,MILWAUKEE,MILWAUKEE CITY WARD 185,SPRING GENERAL,JUSTICE OF THE SUPREME COURT,NONPARTISAN,SCATTERING,40,0
2006,APRIL,MILWAUKEE,MILWAUKEE CITY WARD 186,SPRING GENERAL,JUSTICE OF THE SUPREME COURT,NONPARTISAN,PATRICK CROOKS,45,44
2006,APRIL,MILWAUKEE,MILWAUKEE CITY WARD 186,SPRING GENERAL,JUSTICE OF THE SUPREME COURT,NONPARTISAN,SCATTERING,45,1
2006,APRIL,MILWAUKEE,MILWAUKEE CITY WARD 187,SPRING GENERAL,JUSTICE OF THE SUPREME COURT,NONPARTISAN,PATRICK CROOKS,49,49
2006,APRIL,MILWAUKEE,MILWAUKEE CITY WARD 187,SPRING GENERAL,JUSTICE OF THE SUPREME COURT,NONPARTISAN,SCATTERING,49,0
2006,APRIL,MILWAUKEE,MILWAUKEE CITY WARD 188,SPRING GENERAL,JUSTICE OF THE SUPREME COURT,NONPARTISAN,PATRICK CROOKS,83,82
2006,APRIL,MILWAUKEE,MILWAUKEE CITY WARD 188,SPRING GENERAL,JUSTICE OF THE SUPREME COURT,NONPARTISAN,SCATTERING,83,1
2006,APRIL,MILWAUKEE,MILWAUKEE CITY WARD 189,SPRING GENERAL,JUSTICE OF THE SUPREME COURT,NONPARTISAN,PATRICK CROOKS,68,67
2006,APRIL,MILWAUKEE,MILWAUKEE CITY WARD 189,SPRING GENERAL,JUSTICE OF THE SUPREME COURT,NONPARTISAN,SCATTERING,68,1
2006,APRIL,MILWAUKEE,MILWAUKEE CITY WARD 190,SPRING GENERAL,JUSTICE OF THE SUPREME COURT,NONPARTISAN,PATRICK CROOKS,85,84
2006,APRIL,MILWAUKEE,MILWAUKEE CITY WARD 190,SPRING GENERAL,JUSTICE OF THE SUPREME COURT,NONPARTISAN,SCATTERING,85,1
2006,APRIL,MILWAUKEE,MILWAUKEE CITY WARD 191,SPRING GENERAL,JUSTICE OF THE SUPREME COURT,NONPARTISAN,PATRICK CROOKS,69,68
2006,APRIL,MILWAUKEE,MILWAUKEE CITY WARD 191,SPRING GENERAL,JUSTICE OF THE SUPREME COURT,NONPARTISAN,SCATTERING,69,1
2006,APRIL,MILWAUKEE,MILWAUKEE CITY WARD 192,SPRING GENERAL,JUSTICE OF THE SUPREME COURT,NONPARTISAN,PATRICK CROOKS,91,88
2006,APRIL,MILWAUKEE,MILWAUKEE CITY WARD 192,SPRING GENERAL,JUSTICE OF THE SUPREME COURT,NONPARTISAN,SCATTERING,91,3
2006,APRIL,MILWAUKEE,MILWAUKEE CITY WARD 193,SPRING GENERAL,JUSTICE OF THE SUPREME COURT,NONPARTISAN,PATRICK CROOKS,53,52
2006,APRIL,MILWAUKEE,MILWAUKEE CITY WARD 193,SPRING GENERAL,JUSTICE OF THE SUPREME COURT,NONPARTISAN,SCATTERING,53,1
2006,APRIL,MILWAUKEE,MILWAUKEE CITY WARD 194,SPRING GENERAL,JUSTICE OF THE SUPREME COURT,NONPARTISAN,PATRICK CROOKS,26,26
2006,APRIL,MILWAUKEE,MILWAUKEE CITY WARD 194,SPRING GENERAL,JUSTICE OF THE SUPREME COURT,NONPARTISAN,SCATTERING,26,0
2006,APRIL,MILWAUKEE,MILWAUKEE CITY WARD 195,SPRING GENERAL,JUSTICE OF THE SUPREME COURT,NONPARTISAN,PATRICK CROOKS,38,38
2006,APRIL,MILWAUKEE,MILWAUKEE CITY WARD 195,SPRING GENERAL,JUSTICE OF THE SUPREME COURT,NONPARTISAN,SCATTERING,38,0
2006,APRIL,MILWAUKEE,MILWAUKEE CITY WARD 196,SPRING GENERAL,JUSTICE OF THE SUPREME COURT,NONPARTISAN,PATRICK CROOKS,62,59
2006,APRIL,MILWAUKEE,MILWAUKEE CITY WARD 196,SPRING GENERAL,JUSTICE OF THE SUPREME COURT,NONPARTISAN,SCATTERING,62,3
2006,APRIL,MILWAUKEE,MILWAUKEE CITY WARD 197,SPRING GENERAL,JUSTICE OF THE SUPREME COURT,NONPARTISAN,PATRICK CROOKS,95,93
2006,APRIL,MILWAUKEE,MILWAUKEE CITY WARD 197,SPRING GENERAL,JUSTICE OF THE SUPREME COURT,NONPARTISAN,SCATTERING,95,2
2006,APRIL,MILWAUKEE,MILWAUKEE CITY WARD 198,SPRING GENERAL,JUSTICE OF THE SUPREME COURT,NONPARTISAN,PATRICK CROOKS,84,82
2006,APRIL,MILWAUKEE,MILWAUKEE CITY WARD 198,SPRING GENERAL,JUSTICE OF THE SUPREME COURT,NONPARTISAN,SCATTERING,84,2
2006,APRIL,MILWAUKEE,MILWAUKEE CITY WARD 199,SPRING GENERAL,JUSTICE OF THE SUPREME COURT,NONPARTISAN,PATRICK CROOKS,36,36
2006,APRIL,MILWAUKEE,MILWAUKEE CITY WARD 199,SPRING GENERAL,JUSTICE OF THE SUPREME COURT,NONPARTISAN,SCATTERING,36,0
2006,APRIL,MILWAUKEE,MILWAUKEE CITY WARD 200,SPRING GENERAL,JUSTICE OF THE SUPREME COURT,NONPARTISAN,PATRICK CROOKS,109,107
2006,APRIL,MILWAUKEE,MILWAUKEE CITY WARD 200,SPRING GENERAL,JUSTICE OF THE SUPREME COURT,NONPARTISAN,SCATTERING,109,2
2006,APRIL,MILWAUKEE,MILWAUKEE CITY WARD 201,SPRING GENERAL,JUSTICE OF THE SUPREME COURT,NONPARTISAN,PATRICK CROOKS,27,26
2006,APRIL,MILWAUKEE,MILWAUKEE CITY WARD 201,SPRING GENERAL,JUSTICE OF THE SUPREME COURT,NONPARTISAN,SCATTERING,27,1
2006,APRIL,MILWAUKEE,MILWAUKEE CITY WARD 202,SPRING GENERAL,JUSTICE OF THE SUPREME COURT,NONPARTISAN,PATRICK CROOKS,12,12
2006,APRIL,MILWAUKEE,MILWAUKEE CITY WARD 202,SPRING GENERAL,JUSTICE OF THE SUPREME COURT,NONPARTISAN,SCATTERING,12,0
2006,APRIL,MILWAUKEE,MILWAUKEE CITY WARD 203,SPRING GENERAL,JUSTICE OF THE SUPREME COURT,NONPARTISAN,PATRICK CROOKS,12,12
2006,APRIL,MILWAUKEE,MILWAUKEE CITY WARD 203,SPRING GENERAL,JUSTICE OF THE SUPREME COURT,NONPARTISAN,SCATTERING,12,0
2006,APRIL,MILWAUKEE,MILWAUKEE CITY WARD 204,SPRING GENERAL,JUSTICE OF THE SUPREME COURT,NONPARTISAN,PATRICK CROOKS,8,8
2006,APRIL,MILWAUKEE,MILWAUKEE CITY WARD 204,SPRING GENERAL,JUSTICE OF THE SUPREME COURT,NONPARTISAN,SCATTERING,8,0
2006,APRIL,MILWAUKEE,MILWAUKEE CITY WARD 205,SPRING GENERAL,JUSTICE OF THE SUPREME COURT,NONPARTISAN,PATRICK CROOKS,4,4
2006,APRIL,MILWAUKEE,MILWAUKEE CITY WARD 205,SPRING GENERAL,JUSTICE OF THE SUPREME COURT,NONPARTISAN,SCATTERING,4,0
2006,APRIL,MILWAUKEE,MILWAUKEE CITY WARD 206,SPRING GENERAL,JUSTICE OF THE SUPREME COURT,NONPARTISAN,PATRICK CROOKS,11,11
2006,APRIL,MILWAUKEE,MILWAUKEE CITY WARD 206,SPRING GENERAL,JUSTICE OF THE SUPREME COURT,NONPARTISAN,SCATTERING,11,0
2006,APRIL,MILWAUKEE,MILWAUKEE CITY WARD 207,SPRING GENERAL,JUSTICE OF THE SUPREME COURT,NONPARTISAN,PATRICK CROOKS,8,8
2006,APRIL,MILWAUKEE,MILWAUKEE CITY WARD 207,SPRING GENERAL,JUSTICE OF THE SUPREME COURT,NONPARTISAN,SCATTERING,8,0
2006,APRIL,MILWAUKEE,MILWAUKEE CITY WARD 208,SPRING GENERAL,JUSTICE OF THE SUPREME COURT,NONPARTISAN,PATRICK CROOKS,5,5
2006,APRIL,MILWAUKEE,MILWAUKEE CITY WARD 208,SPRING GENERAL,JUSTICE OF THE SUPREME COURT,NONPARTISAN,SCATTERING,5,0
2006,APRIL,MILWAUKEE,MILWAUKEE CITY WARD 209,SPRING GENERAL,JUSTICE OF THE SUPREME COURT,NONPARTISAN,PATRICK CROOKS,10,9
2006,APRIL,MILWAUKEE,MILWAUKEE CITY WARD 209,SPRING GENERAL,JUSTICE OF THE SUPREME COURT,NONPARTISAN,SCATTERING,10,1
2006,APRIL,MILWAUKEE,MILWAUKEE CITY WARD 210,SPRING GENERAL,JUSTICE OF THE SUPREME COURT,NONPARTISAN,PATRICK CROOKS,14,14
2006,APRIL,MILWAUKEE,MILWAUKEE CITY WARD 210,SPRING GENERAL,JUSTICE OF THE SUPREME COURT,NONPARTISAN,SCATTERING,14,0
2006,APRIL,MILWAUKEE,MILWAUKEE CITY WARD 211,SPRING GENERAL,JUSTICE OF THE SUPREME COURT,NONPARTISAN,PATRICK CROOKS,9,8
2006,APRIL,MILWAUKEE,MILWAUKEE CITY WARD 211,SPRING GENERAL,JUSTICE OF THE SUPREME COURT,NONPARTISAN,SCATTERING,9,1
2006,APRIL,MILWAUKEE,MILWAUKEE CITY WARD 212,SPRING GENERAL,JUSTICE OF THE SUPREME COURT,NONPARTISAN,PATRICK CROOKS,17,16
2006,APRIL,MILWAUKEE,MILWAUKEE CITY WARD 212,SPRING GENERAL,JUSTICE OF THE SUPREME COURT,NONPARTISAN,SCATTERING,17,1
2006,APRIL,MILWAUKEE,MILWAUKEE CITY WARD 213,SPRING GENERAL,JUSTICE OF THE SUPREME COURT,NONPARTISAN,PATRICK CROOKS,12,11
2006,APRIL,MILWAUKEE,MILWAUKEE CITY WARD 213,SPRING GENERAL,JUSTICE OF THE SUPREME COURT,NONPARTISAN,SCATTERING,12,1
2006,APRIL,MILWAUKEE,MILWAUKEE CITY WARD 214,SPRING GENERAL,JUSTICE OF THE SUPREME COURT,NONPARTISAN,PATRICK CROOKS,7,7
2006,APRIL,MILWAUKEE,MILWAUKEE CITY WARD 214,SPRING GENERAL,JUSTICE OF THE SUPREME COURT,NONPARTISAN,SCATTERING,7,0
2006,APRIL,MILWAUKEE,MILWAUKEE CITY WARD 215,SPRING GENERAL,JUSTICE OF THE SUPREME COURT,NONPARTISAN,PATRICK CROOKS,16,16
2006,APRIL,MILWAUKEE,MILWAUKEE CITY WARD 215,SPRING GENERAL,JUSTICE OF THE SUPREME COURT,NONPARTISAN,SCATTERING,16,0
2006,APRIL,MILWAUKEE,MILWAUKEE CITY WARD 216,SPRING GENERAL,JUSTICE OF THE SUPREME COURT,NONPARTISAN,PATRICK CROOKS,46,43
2006,APRIL,MILWAUKEE,MILWAUKEE CITY WARD 216,SPRING GENERAL,JUSTICE OF THE SUPREME COURT,NONPARTISAN,SCATTERING,46,3
2006,APRIL,MILWAUKEE,MILWAUKEE CITY WARD 217,SPRING GENERAL,JUSTICE OF THE SUPREME COURT,NONPARTISAN,PATRICK CROOKS,68,66
2006,APRIL,MILWAUKEE,MILWAUKEE CITY WARD 217,SPRING GENERAL,JUSTICE OF THE SUPREME COURT,NONPARTISAN,SCATTERING,68,2
2006,APRIL,MILWAUKEE,MILWAUKEE CITY WARD 218,SPRING GENERAL,JUSTICE OF THE SUPREME COURT,NONPARTISAN,PATRICK CROOKS,47,47
2006,APRIL,MILWAUKEE,MILWAUKEE CITY WARD 218,SPRING GENERAL,JUSTICE OF THE SUPREME COURT,NONPARTISAN,SCATTERING,47,0
2006,APRIL,MILWAUKEE,MILWAUKEE CITY WARD 219,SPRING GENERAL,JUSTICE OF THE SUPREME COURT,NONPARTISAN,PATRICK CROOKS,38,38
2006,APRIL,MILWAUKEE,MILWAUKEE CITY WARD 219,SPRING GENERAL,JUSTICE OF THE SUPREME COURT,NONPARTISAN,SCATTERING,38,0
2006,APRIL,MILWAUKEE,MILWAUKEE CITY WARD 220,SPRING GENERAL,JUSTICE OF THE SUPREME COURT,NONPARTISAN,PATRICK CROOKS,60,59
2006,APRIL,MILWAUKEE,MILWAUKEE CITY WARD 220,SPRING GENERAL,JUSTICE OF THE SUPREME COURT,NONPARTISAN,SCATTERING,60,1
2006,APRIL,MILWAUKEE,MILWAUKEE CITY WARD 221,SPRING GENERAL,JUSTICE OF THE SUPREME COURT,NONPARTISAN,PATRICK CROOKS,103,102
2006,APRIL,MILWAUKEE,MILWAUKEE CITY WARD 221,SPRING GENERAL,JUSTICE OF THE SUPREME COURT,NONPARTISAN,SCATTERING,103,1
2006,APRIL,MILWAUKEE,MILWAUKEE CITY WARD 222,SPRING GENERAL,JUSTICE OF THE SUPREME COURT,NONPARTISAN,PATRICK CROOKS,55,55
2006,APRIL,MILWAUKEE,MILWAUKEE CITY WARD 222,SPRING GENERAL,JUSTICE OF THE SUPREME COURT,NONPARTISAN,SCATTERING,55,0
2006,APRIL,MILWAUKEE,MILWAUKEE CITY WARD 223,SPRING GENERAL,JUSTICE OF THE SUPREME COURT,NONPARTISAN,PATRICK CROOKS,46,46
2006,APRIL,MILWAUKEE,MILWAUKEE CITY WARD 223,SPRING GENERAL,JUSTICE OF THE SUPREME COURT,NONPARTISAN,SCATTERING,46,0
2006,APRIL,MILWAUKEE,MILWAUKEE CITY WARD 224,SPRING GENERAL,JUSTICE OF THE SUPREME COURT,NONPARTISAN,PATRICK CROOKS,36,36
2006,APRIL,MILWAUKEE,MILWAUKEE CITY WARD 224,SPRING GENERAL,JUSTICE OF THE SUPREME COURT,NONPARTISAN,SCATTERING,36,0
2006,APRIL,MILWAUKEE,MILWAUKEE CITY WARD 225,SPRING GENERAL,JUSTICE OF THE SUPREME COURT,NONPARTISAN,PATRICK CROOKS,42,41
2006,APRIL,MILWAUKEE,MILWAUKEE CITY WARD 225,SPRING GENERAL,JUSTICE OF THE SUPREME COURT,NONPARTISAN,SCATTERING,42,1
2006,APRIL,MILWAUKEE,MILWAUKEE CITY WARD 226,SPRING GENERAL,JUSTICE OF THE SUPREME COURT,NONPARTISAN,PATRICK CROOKS,31,30
2006,APRIL,MILWAUKEE,MILWAUKEE CITY WARD 226,SPRING GENERAL,JUSTICE OF THE SUPREME COURT,NONPARTISAN,SCATTERING,31,1
2006,APRIL,MILWAUKEE,MILWAUKEE CITY WARD 227,SPRING GENERAL,JUSTICE OF THE SUPREME COURT,NONPARTISAN,PATRICK CROOKS,12,12
2006,APRIL,MILWAUKEE,MILWAUKEE CITY WARD 227,SPRING GENERAL,JUSTICE OF THE SUPREME COURT,NONPARTISAN,SCATTERING,12,0
2006,APRIL,MILWAUKEE,MILWAUKEE CITY WARD 228,SPRING GENERAL,JUSTICE OF THE SUPREME COURT,NONPARTISAN,PATRICK CROOKS,65,63
2006,APRIL,MILWAUKEE,MILWAUKEE CITY WARD 228,SPRING GENERAL,JUSTICE OF THE SUPREME COURT,NONPARTISAN,SCATTERING,65,2
2006,APRIL,MILWAUKEE,MILWAUKEE CITY WARD 229,SPRING GENERAL,JUSTICE OF THE SUPREME COURT,NONPARTISAN,PATRICK CROOKS,52,51
2006,APRIL,MILWAUKEE,MILWAUKEE CITY WARD 229,SPRING GENERAL,JUSTICE OF THE SUPREME COURT,NONPARTISAN,SCATTERING,52,1
2006,APRIL,MILWAUKEE,MILWAUKEE CITY WARD 230,SPRING GENERAL,JUSTICE OF THE SUPREME COURT,NONPARTISAN,PATRICK CROOKS,81,81
2006,APRIL,MILWAUKEE,MILWAUKEE CITY WARD 230,SPRING GENERAL,JUSTICE OF THE SUPREME COURT,NONPARTISAN,SCATTERING,81,0
2006,APRIL,MILWAUKEE,MILWAUKEE CITY WARD 231,SPRING GENERAL,JUSTICE OF THE SUPREME COURT,NONPARTISAN,PATRICK CROOKS,102,102
2006,APRIL,MILWAUKEE,MILWAUKEE CITY WARD 231,SPRING GENERAL,JUSTICE OF THE SUPREME COURT,NONPARTISAN,SCATTERING,102,0
2006,APRIL,MILWAUKEE,MILWAUKEE CITY WARD 232,SPRING GENERAL,JUSTICE OF THE SUPREME COURT,NONPARTISAN,PATRICK CROOKS,77,77
2006,APRIL,MILWAUKEE,MILWAUKEE CITY WARD 232,SPRING GENERAL,JUSTICE OF THE SUPREME COURT,NONPARTISAN,SCATTERING,77,0
2006,APRIL,MILWAUKEE,MILWAUKEE CITY WARD 233,SPRING GENERAL,JUSTICE OF THE SUPREME COURT,NONPARTISAN,PATRICK CROOKS,48,47
2006,APRIL,MILWAUKEE,MILWAUKEE CITY WARD 233,SPRING GENERAL,JUSTICE OF THE SUPREME COURT,NONPARTISAN,SCATTERING,48,1
2006,APRIL,MILWAUKEE,MILWAUKEE CITY WARD 234,SPRING GENERAL,JUSTICE OF THE SUPREME COURT,NONPARTISAN,PATRICK CROOKS,46,45
2006,APRIL,MILWAUKEE,MILWAUKEE CITY WARD 234,SPRING GENERAL,JUSTICE OF THE SUPREME COURT,NONPARTISAN,SCATTERING,46,1
2006,APRIL,MILWAUKEE,MILWAUKEE CITY WARD 235,SPRING GENERAL,JUSTICE OF THE SUPREME COURT,NONPARTISAN,PATRICK CROOKS,28,27
2006,APRIL,MILWAUKEE,MILWAUKEE CITY WARD 235,SPRING GENERAL,JUSTICE OF THE SUPREME COURT,NONPARTISAN,SCATTERING,28,1
2006,APRIL,MILWAUKEE,MILWAUKEE CITY WARD 236,SPRING GENERAL,JUSTICE OF THE SUPREME COURT,NONPARTISAN,PATRICK CROOKS,47,45
2006,APRIL,MILWAUKEE,MILWAUKEE CITY WARD 236,SPRING GENERAL,JUSTICE OF THE SUPREME COURT,NONPARTISAN,SCATTERING,47,2
2006,APRIL,MILWAUKEE,MILWAUKEE CITY WARD 237,SPRING GENERAL,JUSTICE OF THE SUPREME COURT,NONPARTISAN,PATRICK CROOKS,39,37
2006,APRIL,MILWAUKEE,MILWAUKEE CITY WARD 237,SPRING GENERAL,JUSTICE OF THE SUPREME COURT,NONPARTISAN,SCATTERING,39,2
2006,APRIL,MILWAUKEE,MILWAUKEE CITY WARD 238,SPRING GENERAL,JUSTICE OF THE SUPREME COURT,NONPARTISAN,PATRICK CROOKS,110,109
2006,APRIL,MILWAUKEE,MILWAUKEE CITY WARD 238,SPRING GENERAL,JUSTICE OF THE SUPREME COURT,NONPARTISAN,SCATTERING,110,1
2006,APRIL,MILWAUKEE,MILWAUKEE CITY WARD 239,SPRING GENERAL,JUSTICE OF THE SUPREME COURT,NONPARTISAN,PATRICK CROOKS,69,66
2006,APRIL,MILWAUKEE,MILWAUKEE CITY WARD 239,SPRING GENERAL,JUSTICE OF THE SUPREME COURT,NONPARTISAN,SCATTERING,69,3
2006,APRIL,MILWAUKEE,MILWAUKEE CITY WARD 240,SPRING GENERAL,JUSTICE OF THE SUPREME COURT,NONPARTISAN,PATRICK CROOKS,29,28
2006,APRIL,MILWAUKEE,MILWAUKEE CITY WARD 240,SPRING GENERAL,JUSTICE OF THE SUPREME COURT,NONPARTISAN,SCATTERING,29,1
2006,APRIL,MILWAUKEE,MILWAUKEE CITY WARD 241,SPRING GENERAL,JUSTICE OF THE SUPREME COURT,NONPARTISAN,PATRICK CROOKS,22,21
2006,APRIL,MILWAUKEE,MILWAUKEE CITY WARD 241,SPRING GENERAL,JUSTICE OF THE SUPREME COURT,NONPARTISAN,SCATTERING,22,1
2006,APRIL,MILWAUKEE,MILWAUKEE CITY WARD 242,SPRING GENERAL,JUSTICE OF THE SUPREME COURT,NONPARTISAN,PATRICK CROOKS,48,46
2006,APRIL,MILWAUKEE,MILWAUKEE CITY WARD 242,SPRING GENERAL,JUSTICE OF THE SUPREME COURT,NONPARTISAN,SCATTERING,48,2
2006,APRIL,MILWAUKEE,MILWAUKEE CITY WARD 243,SPRING GENERAL,JUSTICE OF THE SUPREME COURT,NONPARTISAN,PATRICK CROOKS,28,28
2006,APRIL,MILWAUKEE,MILWAUKEE CITY WARD 243,SPRING GENERAL,JUSTICE OF THE SUPREME COURT,NONPARTISAN,SCATTERING,28,0
2006,APRIL,MILWAUKEE,MILWAUKEE CITY WARD 244,SPRING GENERAL,JUSTICE OF THE SUPREME COURT,NONPARTISAN,PATRICK CROOKS,17,17
2006,APRIL,MILWAUKEE,MILWAUKEE CITY WARD 244,SPRING GENERAL,JUSTICE OF THE SUPREME COURT,NONPARTISAN,SCATTERING,17,0
2006,APRIL,MILWAUKEE,MILWAUKEE CITY WARD 245,SPRING GENERAL,JUSTICE OF THE SUPREME COURT,NONPARTISAN,PATRICK CROOKS,53,52
2006,APRIL,MILWAUKEE,MILWAUKEE CITY WARD 245,SPRING GENERAL,JUSTICE OF THE SUPREME COURT,NONPARTISAN,SCATTERING,53,1
2006,APRIL,MILWAUKEE,MILWAUKEE CITY WARD 246,SPRING GENERAL,JUSTICE OF THE SUPREME COURT,NONPARTISAN,PATRICK CROOKS,19,19
2006,APRIL,MILWAUKEE,MILWAUKEE CITY WARD 246,SPRING GENERAL,JUSTICE OF THE SUPREME COURT,NONPARTISAN,SCATTERING,19,0
2006,APRIL,MILWAUKEE,MILWAUKEE CITY WARD 247,SPRING GENERAL,JUSTICE OF THE SUPREME COURT,NONPARTISAN,PATRICK CROOKS,32,32
2006,APRIL,MILWAUKEE,MILWAUKEE CITY WARD 247,SPRING GENERAL,JUSTICE OF THE SUPREME COURT,NONPARTISAN,SCATTERING,32,0
2006,APRIL,MILWAUKEE,MILWAUKEE CITY WARD 248,SPRING GENERAL,JUSTICE OF THE SUPREME COURT,NONPARTISAN,PATRICK CROOKS,33,32
2006,APRIL,MILWAUKEE,MILWAUKEE CITY WARD 248,SPRING GENERAL,JUSTICE OF THE SUPREME COURT,NONPARTISAN,SCATTERING,33,1
2006,APRIL,MILWAUKEE,MILWAUKEE CITY WARD 249,SPRING GENERAL,JUSTICE OF THE SUPREME COURT,NONPARTISAN,PATRICK CROOKS,61,59
2006,APRIL,MILWAUKEE,MILWAUKEE CITY WARD 249,SPRING GENERAL,JUSTICE OF THE SUPREME COURT,NONPARTISAN,SCATTERING,61,2
2006,APRIL,MILWAUKEE,MILWAUKEE CITY WARD 250,SPRING GENERAL,JUSTICE OF THE SUPREME COURT,NONPARTISAN,PATRICK CROOKS,58,56
2006,APRIL,MILWAUKEE,MILWAUKEE CITY WARD 250,SPRING GENERAL,JUSTICE OF THE SUPREME COURT,NONPARTISAN,SCATTERING,58,2
2006,APRIL,MILWAUKEE,MILWAUKEE CITY WARD 251,SPRING GENERAL,JUSTICE OF THE SUPREME COURT,NONPARTISAN,PATRICK CROOKS,58,54
2006,APRIL,MILWAUKEE,MILWAUKEE CITY WARD 251,SPRING GENERAL,JUSTICE OF THE SUPREME COURT,NONPARTISAN,SCATTERING,58,4
2006,APRIL,MILWAUKEE,MILWAUKEE CITY WARD 252,SPRING GENERAL,JUSTICE OF THE SUPREME COURT,NONPARTISAN,PATRICK CROOKS,57,57
2006,APRIL,MILWAUKEE,MILWAUKEE CITY WARD 252,SPRING GENERAL,JUSTICE OF THE SUPREME COURT,NONPARTISAN,SCATTERING,57,0
2006,APRIL,MILWAUKEE,MILWAUKEE CITY WARD 253,SPRING GENERAL,JUSTICE OF THE SUPREME COURT,NONPARTISAN,PATRICK CROOKS,71,68
2006,APRIL,MILWAUKEE,MILWAUKEE CITY WARD 253,SPRING GENERAL,JUSTICE OF THE SUPREME COURT,NONPARTISAN,SCATTERING,71,3
2006,APRIL,MILWAUKEE,MILWAUKEE CITY WARD 254,SPRING GENERAL,JUSTICE OF THE SUPREME COURT,NONPARTISAN,PATRICK CROOKS,33,33
2006,APRIL,MILWAUKEE,MILWAUKEE CITY WARD 254,SPRING GENERAL,JUSTICE OF THE SUPREME COURT,NONPARTISAN,SCATTERING,33,0
2006,APRIL,MILWAUKEE,MILWAUKEE CITY WARD 255,SPRING GENERAL,JUSTICE OF THE SUPREME COURT,NONPARTISAN,PATRICK CROOKS,72,72
2006,APRIL,MILWAUKEE,MILWAUKEE CITY WARD 255,SPRING GENERAL,JUSTICE OF THE SUPREME COURT,NONPARTISAN,SCATTERING,72,0
2006,APRIL,MILWAUKEE,MILWAUKEE CITY WARD 256,SPRING GENERAL,JUSTICE OF THE SUPREME COURT,NONPARTISAN,PATRICK CROOKS,67,67
2006,APRIL,MILWAUKEE,MILWAUKEE CITY WARD 256,SPRING GENERAL,JUSTICE OF THE SUPREME COURT,NONPARTISAN,SCATTERING,67,0
2006,APRIL,MILWAUKEE,MILWAUKEE CITY WARD 257,SPRING GENERAL,JUSTICE OF THE SUPREME COURT,NONPARTISAN,PATRICK CROOKS,39,39
2006,APRIL,MILWAUKEE,MILWAUKEE CITY WARD 257,SPRING GENERAL,JUSTICE OF THE SUPREME COURT,NONPARTISAN,SCATTERING,39,0
2006,APRIL,MILWAUKEE,MILWAUKEE CITY WARD 258,SPRING GENERAL,JUSTICE OF THE SUPREME COURT,NONPARTISAN,PATRICK CROOKS,46,46
2006,APRIL,MILWAUKEE,MILWAUKEE CITY WARD 258,SPRING GENERAL,JUSTICE OF THE SUPREME COURT,NONPARTISAN,SCATTERING,46,0
2006,APRIL,MILWAUKEE,MILWAUKEE CITY WARD 259,SPRING GENERAL,JUSTICE OF THE SUPREME COURT,NONPARTISAN,PATRICK CROOKS,161,161
2006,APRIL,MILWAUKEE,MILWAUKEE CITY WARD 259,SPRING GENERAL,JUSTICE OF THE SUPREME COURT,NONPARTISAN,SCATTERING,161,0
2006,APRIL,MILWAUKEE,MILWAUKEE CITY WARD 260,SPRING GENERAL,JUSTICE OF THE SUPREME COURT,NONPARTISAN,PATRICK CROOKS,6,6
2006,APRIL,MILWAUKEE,MILWAUKEE CITY WARD 260,SPRING GENERAL,JUSTICE OF THE SUPREME COURT,NONPARTISAN,SCATTERING,6,0
2006,APRIL,MILWAUKEE,MILWAUKEE CITY WARD 261,SPRING GENERAL,JUSTICE OF THE SUPREME COURT,NONPARTISAN,PATRICK CROOKS,50,49
2006,APRIL,MILWAUKEE,MILWAUKEE CITY WARD 261,SPRING GENERAL,JUSTICE OF THE SUPREME COURT,NONPARTISAN,SCATTERING,50,1
2006,APRIL,MILWAUKEE,MILWAUKEE CITY WARD 263,SPRING GENERAL,JUSTICE OF THE SUPREME COURT,NONPARTISAN,PATRICK CROOKS,14,13
2006,APRIL,MILWAUKEE,MILWAUKEE CITY WARD 263,SPRING GENERAL,JUSTICE OF THE SUPREME COURT,NONPARTISAN,SCATTERING,14,1
2006,APRIL,MILWAUKEE,MILWAUKEE CITY WARD 264,SPRING GENERAL,JUSTICE OF THE SUPREME COURT,NONPARTISAN,PATRICK CROOKS,57,57
2006,APRIL,MILWAUKEE,MILWAUKEE CITY WARD 264,SPRING GENERAL,JUSTICE OF THE SUPREME COURT,NONPARTISAN,SCATTERING,57,0
2006,APRIL,MILWAUKEE,MILWAUKEE CITY WARD 265,SPRING GENERAL,JUSTICE OF THE SUPREME COURT,NONPARTISAN,PATRICK CROOKS,17,17
2006,APRIL,MILWAUKEE,MILWAUKEE CITY WARD 265,SPRING GENERAL,JUSTICE OF THE SUPREME COURT,NONPARTISAN,SCATTERING,17,0
2006,APRIL,MILWAUKEE,MILWAUKEE CITY WARD 266,SPRING GENERAL,JUSTICE OF THE SUPREME COURT,NONPARTISAN,PATRICK CROOKS,33,33
2006,APRIL,MILWAUKEE,MILWAUKEE CITY WARD 266,SPRING GENERAL,JUSTICE OF THE SUPREME COURT,NONPARTISAN,SCATTERING,33,0
2006,APRIL,MILWAUKEE,MILWAUKEE CITY WARD 267,SPRING GENERAL,JUSTICE OF THE SUPREME COURT,NONPARTISAN,PATRICK CROOKS,71,68
2006,APRIL,MILWAUKEE,MILWAUKEE CITY WARD 267,SPRING GENERAL,JUSTICE OF THE SUPREME COURT,NONPARTISAN,SCATTERING,71,3
2006,APRIL,MILWAUKEE,MILWAUKEE CITY WARD 268,SPRING GENERAL,JUSTICE OF THE SUPREME COURT,NONPARTISAN,PATRICK CROOKS,36,34
2006,APRIL,MILWAUKEE,MILWAUKEE CITY WARD 268,SPRING GENERAL,JUSTICE OF THE SUPREME COURT,NONPARTISAN,SCATTERING,36,2
2006,APRIL,MILWAUKEE,MILWAUKEE CITY WARD 269,SPRING GENERAL,JUSTICE OF THE SUPREME COURT,NONPARTISAN,PATRICK CROOKS,46,45
2006,APRIL,MILWAUKEE,MILWAUKEE CITY WARD 269,SPRING GENERAL,JUSTICE OF THE SUPREME COURT,NONPARTISAN,SCATTERING,46,1
2006,APRIL,MILWAUKEE,MILWAUKEE CITY WARD 270,SPRING GENERAL,JUSTICE OF THE SUPREME COURT,NONPARTISAN,PATRICK CROOKS,16,16
2006,APRIL,MILWAUKEE,MILWAUKEE CITY WARD 270,SPRING GENERAL,JUSTICE OF THE SUPREME COURT,NONPARTISAN,SCATTERING,16,0
2006,APRIL,MILWAUKEE,MILWAUKEE CITY WARD 271,SPRING GENERAL,JUSTICE OF THE SUPREME COURT,NONPARTISAN,PATRICK CROOKS,38,37
2006,APRIL,MILWAUKEE,MILWAUKEE CITY WARD 271,SPRING GENERAL,JUSTICE OF THE SUPREME COURT,NONPARTISAN,SCATTERING,38,1
2006,APRIL,MILWAUKEE,MILWAUKEE CITY WARD 272,SPRING GENERAL,JUSTICE OF THE SUPREME COURT,NONPARTISAN,PATRICK CROOKS,11,10
2006,APRIL,MILWAUKEE,MILWAUKEE CITY WARD 272,SPRING GENERAL,JUSTICE OF THE SUPREME COURT,NONPARTISAN,SCATTERING,11,1
2006,APRIL,MILWAUKEE,MILWAUKEE CITY WARD 273,SPRING GENERAL,JUSTICE OF THE SUPREME COURT,NONPARTISAN,PATRICK CROOKS,90,88
2006,APRIL,MILWAUKEE,MILWAUKEE CITY WARD 273,SPRING GENERAL,JUSTICE OF THE SUPREME COURT,NONPARTISAN,SCATTERING,90,2
2006,APRIL,MILWAUKEE,MILWAUKEE CITY WARD 275,SPRING GENERAL,JUSTICE OF THE SUPREME COURT,NONPARTISAN,PATRICK CROOKS,53,50
2006,APRIL,MILWAUKEE,MILWAUKEE CITY WARD 275,SPRING GENERAL,JUSTICE OF THE SUPREME COURT,NONPARTISAN,SCATTERING,53,3
2006,APRIL,MILWAUKEE,MILWAUKEE CITY WARD 276,SPRING GENERAL,JUSTICE OF THE SUPREME COURT,NONPARTISAN,PATRICK CROOKS,104,102
2006,APRIL,MILWAUKEE,MILWAUKEE CITY WARD 276,SPRING GENERAL,JUSTICE OF THE SUPREME COURT,NONPARTISAN,SCATTERING,104,2
2006,APRIL,MILWAUKEE,MILWAUKEE CITY WARD 277,SPRING GENERAL,JUSTICE OF THE SUPREME COURT,NONPARTISAN,PATRICK CROOKS,47,46
2006,APRIL,MILWAUKEE,MILWAUKEE CITY WARD 277,SPRING GENERAL,JUSTICE OF THE SUPREME COURT,NONPARTISAN,SCATTERING,47,1
2006,APRIL,MILWAUKEE,MILWAUKEE CITY WARD 278,SPRING GENERAL,JUSTICE OF THE SUPREME COURT,NONPARTISAN,PATRICK CROOKS,41,40
2006,APRIL,MILWAUKEE,MILWAUKEE CITY WARD 278,SPRING GENERAL,JUSTICE OF THE SUPREME COURT,NONPARTISAN,SCATTERING,41,1
2006,APRIL,MILWAUKEE,MILWAUKEE CITY WARD 279,SPRING GENERAL,JUSTICE OF THE SUPREME COURT,NONPARTISAN,PATRICK CROOKS,29,29
2006,APRIL,MILWAUKEE,MILWAUKEE CITY WARD 279,SPRING GENERAL,JUSTICE OF THE SUPREME COURT,NONPARTISAN,SCATTERING,29,0
2006,APRIL,MILWAUKEE,MILWAUKEE CITY WARD 280,SPRING GENERAL,JUSTICE OF THE SUPREME COURT,NONPARTISAN,PATRICK CROOKS,43,40
2006,APRIL,MILWAUKEE,MILWAUKEE CITY WARD 280,SPRING GENERAL,JUSTICE OF THE SUPREME COURT,NONPARTISAN,SCATTERING,43,3
2006,APRIL,MILWAUKEE,MILWAUKEE CITY WARD 281,SPRING GENERAL,JUSTICE OF THE SUPREME COURT,NONPARTISAN,PATRICK CROOKS,26,26
2006,APRIL,MILWAUKEE,MILWAUKEE CITY WARD 281,SPRING GENERAL,JUSTICE OF THE SUPREME COURT,NONPARTISAN,SCATTERING,26,0
2006,APRIL,MILWAUKEE,MILWAUKEE CITY WARD 282,SPRING GENERAL,JUSTICE OF THE SUPREME COURT,NONPARTISAN,PATRICK CROOKS,65,62
2006,APRIL,MILWAUKEE,MILWAUKEE CITY WARD 282,SPRING GENERAL,JUSTICE OF THE SUPREME COURT,NONPARTISAN,SCATTERING,65,3
2006,APRIL,MILWAUKEE,MILWAUKEE CITY WARD 283,SPRING GENERAL,JUSTICE OF THE SUPREME COURT,NONPARTISAN,PATRICK CROOKS,49,49
2006,APRIL,MILWAUKEE,MILWAUKEE CITY WARD 283,SPRING GENERAL,JUSTICE OF THE SUPREME COURT,NONPARTISAN,SCATTERING,49,0
2006,APRIL,MILWAUKEE,MILWAUKEE CITY WARD 284,SPRING GENERAL,JUSTICE OF THE SUPREME COURT,NONPARTISAN,PATRICK CROOKS,39,38
2006,APRIL,MILWAUKEE,MILWAUKEE CITY WARD 284,SPRING GENERAL,JUSTICE OF THE SUPREME COURT,NONPARTISAN,SCATTERING,39,1
2006,APRIL,MILWAUKEE,MILWAUKEE CITY WARD 285,SPRING GENERAL,JUSTICE OF THE SUPREME COURT,NONPARTISAN,PATRICK CROOKS,45,44
2006,APRIL,MILWAUKEE,MILWAUKEE CITY WARD 285,SPRING GENERAL,JUSTICE OF THE SUPREME COURT,NONPARTISAN,SCATTERING,45,1
2006,APRIL,MILWAUKEE,MILWAUKEE CITY WARD 286,SPRING GENERAL,JUSTICE OF THE SUPREME COURT,NONPARTISAN,PATRICK CROOKS,27,26
2006,APRIL,MILWAUKEE,MILWAUKEE CITY WARD 286,SPRING GENERAL,JUSTICE OF THE SUPREME COURT,NONPARTISAN,SCATTERING,27,1
2006,APRIL,MILWAUKEE,MILWAUKEE CITY WARD 287,SPRING GENERAL,JUSTICE OF THE SUPREME COURT,NONPARTISAN,PATRICK CROOKS,27,26
2006,APRIL,MILWAUKEE,MILWAUKEE CITY WARD 287,SPRING GENERAL,JUSTICE OF THE SUPREME COURT,NONPARTISAN,SCATTERING,27,1
2006,APRIL,MILWAUKEE,MILWAUKEE CITY WARD 288,SPRING GENERAL,JUSTICE OF THE SUPREME COURT,NONPARTISAN,PATRICK CROOKS,26,26
2006,APRIL,MILWAUKEE,MILWAUKEE CITY WARD 288,SPRING GENERAL,JUSTICE OF THE SUPREME COURT,NONPARTISAN,SCATTERING,26,0
2006,APRIL,MILWAUKEE,MILWAUKEE CITY WARD 289,SPRING GENERAL,JUSTICE OF THE SUPREME COURT,NONPARTISAN,PATRICK CROOKS,54,53
2006,APRIL,MILWAUKEE,MILWAUKEE CITY WARD 289,SPRING GENERAL,JUSTICE OF THE SUPREME COURT,NONPARTISAN,SCATTERING,54,1
2006,APRIL,MILWAUKEE,MILWAUKEE CITY WARD 290,SPRING GENERAL,JUSTICE OF THE SUPREME COURT,NONPARTISAN,PATRICK CROOKS,12,11
2006,APRIL,MILWAUKEE,MILWAUKEE CITY WARD 290,SPRING GENERAL,JUSTICE OF THE SUPREME COURT,NONPARTISAN,SCATTERING,12,1
2006,APRIL,MILWAUKEE,MILWAUKEE CITY WARD 291,SPRING GENERAL,JUSTICE OF THE SUPREME COURT,NONPARTISAN,PATRICK CROOKS,12,10
2006,APRIL,MILWAUKEE,MILWAUKEE CITY WARD 291,SPRING GENERAL,JUSTICE OF THE SUPREME COURT,NONPARTISAN,SCATTERING,12,2
2006,APRIL,MILWAUKEE,MILWAUKEE CITY WARD 292,SPRING GENERAL,JUSTICE OF THE SUPREME COURT,NONPARTISAN,PATRICK CROOKS,13,12
2006,APRIL,MILWAUKEE,MILWAUKEE CITY WARD 292,SPRING GENERAL,JUSTICE OF THE SUPREME COURT,NONPARTISAN,SCATTERING,13,1
2006,APRIL,MILWAUKEE,MILWAUKEE CITY WARD 293,SPRING GENERAL,JUSTICE OF THE SUPREME COURT,NONPARTISAN,PATRICK CROOKS,8,8
2006,APRIL,MILWAUKEE,MILWAUKEE CITY WARD 293,SPRING GENERAL,JUSTICE OF THE SUPREME COURT,NONPARTISAN,SCATTERING,8,0
2006,APRIL,MILWAUKEE,MILWAUKEE CITY WARD 294,SPRING GENERAL,JUSTICE OF THE SUPREME COURT,NONPARTISAN,PATRICK CROOKS,6,6
2006,APRIL,MILWAUKEE,MILWAUKEE CITY WARD 294,SPRING GENERAL,JUSTICE OF THE SUPREME COURT,NONPARTISAN,SCATTERING,6,0
2006,APRIL,MILWAUKEE,MILWAUKEE CITY WARD 295,SPRING GENERAL,JUSTICE OF THE SUPREME COURT,NONPARTISAN,PATRICK CROOKS,19,19
2006,APRIL,MILWAUKEE,MILWAUKEE CITY WARD 295,SPRING GENERAL,JUSTICE OF THE SUPREME COURT,NONPARTISAN,SCATTERING,19,0
2006,APRIL,MILWAUKEE,MILWAUKEE CITY WARD 296,SPRING GENERAL,JUSTICE OF THE SUPREME COURT,NONPARTISAN,PATRICK CROOKS,31,31
2006,APRIL,MILWAUKEE,MILWAUKEE CITY WARD 296,SPRING GENERAL,JUSTICE OF THE SUPREME COURT,NONPARTISAN,SCATTERING,31,0
2006,APRIL,MILWAUKEE,MILWAUKEE CITY WARD 297,SPRING GENERAL,JUSTICE OF THE SUPREME COURT,NONPARTISAN,PATRICK CROOKS,15,14
2006,APRIL,MILWAUKEE,MILWAUKEE CITY WARD 297,SPRING GENERAL,JUSTICE OF THE SUPREME COURT,NONPARTISAN,SCATTERING,15,1
2006,APRIL,MILWAUKEE,MILWAUKEE CITY WARD 298,SPRING GENERAL,JUSTICE OF THE SUPREME COURT,NONPARTISAN,PATRICK CROOKS,11,11
2006,APRIL,MILWAUKEE,MILWAUKEE CITY WARD 298,SPRING GENERAL,JUSTICE OF THE SUPREME COURT,NONPARTISAN,SCATTERING,11,0
2006,APRIL,MILWAUKEE,MILWAUKEE CITY WARD 299,SPRING GENERAL,JUSTICE OF THE SUPREME COURT,NONPARTISAN,PATRICK CROOKS,12,11
2006,APRIL,MILWAUKEE,MILWAUKEE CITY WARD 299,SPRING GENERAL,JUSTICE OF THE SUPREME COURT,NONPARTISAN,SCATTERING,12,1
2006,APRIL,MILWAUKEE,MILWAUKEE CITY WARD 300,SPRING GENERAL,JUSTICE OF THE SUPREME COURT,NONPARTISAN,PATRICK CROOKS,14,12
2006,APRIL,MILWAUKEE,MILWAUKEE CITY WARD 300,SPRING GENERAL,JUSTICE OF THE SUPREME COURT,NONPARTISAN,SCATTERING,14,2
2006,APRIL,MILWAUKEE,MILWAUKEE CITY WARD 301,SPRING GENERAL,JUSTICE OF THE SUPREME COURT,NONPARTISAN,PATRICK CROOKS,7,7
2006,APRIL,MILWAUKEE,MILWAUKEE CITY WARD 301,SPRING GENERAL,JUSTICE OF THE SUPREME COURT,NONPARTISAN,SCATTERING,7,0
2006,APRIL,MILWAUKEE,MILWAUKEE CITY WARD 302,SPRING GENERAL,JUSTICE OF THE SUPREME COURT,NONPARTISAN,PATRICK CROOKS,21,20
2006,APRIL,MILWAUKEE,MILWAUKEE CITY WARD 302,SPRING GENERAL,JUSTICE OF THE SUPREME COURT,NONPARTISAN,SCATTERING,21,1
2006,APRIL,MILWAUKEE,MILWAUKEE CITY WARD 303,SPRING GENERAL,JUSTICE OF THE SUPREME COURT,NONPARTISAN,PATRICK CROOKS,17,16
2006,APRIL,MILWAUKEE,MILWAUKEE CITY WARD 303,SPRING GENERAL,JUSTICE OF THE SUPREME COURT,NONPARTISAN,SCATTERING,17,1
2006,APRIL,MILWAUKEE,MILWAUKEE CITY WARD 304,SPRING GENERAL,JUSTICE OF THE SUPREME COURT,NONPARTISAN,PATRICK CROOKS,20,20
2006,APRIL,MILWAUKEE,MILWAUKEE CITY WARD 304,SPRING GENERAL,JUSTICE OF THE SUPREME COURT,NONPARTISAN,SCATTERING,20,0
2006,APRIL,MILWAUKEE,MILWAUKEE CITY WARD 305,SPRING GENERAL,JUSTICE OF THE SUPREME COURT,NONPARTISAN,PATRICK CROOKS,20,20
2006,APRIL,MILWAUKEE,MILWAUKEE CITY WARD 305,SPRING GENERAL,JUSTICE OF THE SUPREME COURT,NONPARTISAN,SCATTERING,20,0
2006,APRIL,MILWAUKEE,MILWAUKEE CITY WARD 306,SPRING GENERAL,JUSTICE OF THE SUPREME COURT,NONPARTISAN,PATRICK CROOKS,9,9
2006,APRIL,MILWAUKEE,MILWAUKEE CITY WARD 306,SPRING GENERAL,JUSTICE OF THE SUPREME COURT,NONPARTISAN,SCATTERING,9,0
2006,APRIL,MILWAUKEE,MILWAUKEE CITY WARD 307,SPRING GENERAL,JUSTICE OF THE SUPREME COURT,NONPARTISAN,PATRICK CROOKS,28,28
2006,APRIL,MILWAUKEE,MILWAUKEE CITY WARD 307,SPRING GENERAL,JUSTICE OF THE SUPREME COURT,NONPARTISAN,SCATTERING,28,0
2006,APRIL,MILWAUKEE,MILWAUKEE CITY WARD 308,SPRING GENERAL,JUSTICE OF THE SUPREME COURT,NONPARTISAN,PATRICK CROOKS,3,3
2006,APRIL,MILWAUKEE,MILWAUKEE CITY WARD 308,SPRING GENERAL,JUSTICE OF THE SUPREME COURT,NONPARTISAN,SCATTERING,3,0
2006,APRIL,MILWAUKEE,MILWAUKEE CITY WARD 309,SPRING GENERAL,JUSTICE OF THE SUPREME COURT,NONPARTISAN,PATRICK CROOKS,16,14
2006,APRIL,MILWAUKEE,MILWAUKEE CITY WARD 309,SPRING GENERAL,JUSTICE OF THE SUPREME COURT,NONPARTISAN,SCATTERING,16,2
2006,APRIL,MILWAUKEE,MILWAUKEE CITY WARD 310,SPRING GENERAL,JUSTICE OF THE SUPREME COURT,NONPARTISAN,PATRICK CROOKS,6,5
2006,APRIL,MILWAUKEE,MILWAUKEE CITY WARD 310,SPRING GENERAL,JUSTICE OF THE SUPREME COURT,NONPARTISAN,SCATTERING,6,1
2006,APRIL,MILWAUKEE,MILWAUKEE CITY WARD 311,SPRING GENERAL,JUSTICE OF THE SUPREME COURT,NONPARTISAN,PATRICK CROOKS,7,7
2006,APRIL,MILWAUKEE,MILWAUKEE CITY WARD 311,SPRING GENERAL,JUSTICE OF THE SUPREME COURT,NONPARTISAN,SCATTERING,7,0
2006,APRIL,MILWAUKEE,MILWAUKEE CITY WARD 312,SPRING GENERAL,JUSTICE OF THE SUPREME COURT,NONPARTISAN,PATRICK CROOKS,7,7
2006,APRIL,MILWAUKEE,MILWAUKEE CITY WARD 312,SPRING GENERAL,JUSTICE OF THE SUPREME COURT,NONPARTISAN,SCATTERING,7,0
2006,APRIL,MILWAUKEE,MILWAUKEE CITY WARD 313,SPRING GENERAL,JUSTICE OF THE SUPREME COURT,NONPARTISAN,PATRICK CROOKS,53,51
2006,APRIL,MILWAUKEE,MILWAUKEE CITY WARD 313,SPRING GENERAL,JUSTICE OF THE SUPREME COURT,NONPARTISAN,SCATTERING,53,2
2006,APRIL,MILWAUKEE,MILWAUKEE CITY WARD 314,SPRING GENERAL,JUSTICE OF THE SUPREME COURT,NONPARTISAN,PATRICK CROOKS,15,12
2006,APRIL,MILWAUKEE,MILWAUKEE CITY WARD 314,SPRING GENERAL,JUSTICE OF THE SUPREME COURT,NONPARTISAN,SCATTERING,15,3
2006,APRIL,MILWAUKEE,OAK CREEK CITY WARDS 1 - 3,SPRING GENERAL,JUSTICE OF THE SUPREME COURT,NONPARTISAN,PATRICK CROOKS,424,415
2006,APRIL,MILWAUKEE,OAK CREEK CITY WARDS 1 - 3,SPRING GENERAL,JUSTICE OF THE SUPREME COURT,NONPARTISAN,SCATTERING,424,9
2006,APRIL,MILWAUKEE,OAK CREEK CITY WARDS 4 - 6,SPRING GENERAL,JUSTICE OF THE SUPREME COURT,NONPARTISAN,PATRICK CROOKS,342,338
2006,APRIL,MILWAUKEE,OAK CREEK CITY WARDS 4 - 6,SPRING GENERAL,JUSTICE OF THE SUPREME COURT,NONPARTISAN,SCATTERING,342,4
2006,APRIL,MILWAUKEE,OAK CREEK CITY WARDS 7 - 9,SPRING GENERAL,JUSTICE OF THE SUPREME COURT,NONPARTISAN,PATRICK CROOKS,573,569
2006,APRIL,MILWAUKEE,OAK CREEK CITY WARDS 7 - 9,SPRING GENERAL,JUSTICE OF THE SUPREME COURT,NONPARTISAN,SCATTERING,573,4
2006,APRIL,MILWAUKEE,OAK CREEK CITY WARDS 10 - 12,SPRING GENERAL,JUSTICE OF THE SUPREME COURT,NONPARTISAN,PATRICK CROOKS,586,584
2006,APRIL,MILWAUKEE,OAK CREEK CITY WARDS 10 - 12,SPRING GENERAL,JUSTICE OF THE SUPREME COURT,NONPARTISAN,SCATTERING,586,2
2006,APRIL,MILWAUKEE,OAK CREEK CITY WARDS 13 - 15,SPRING GENERAL,JUSTICE OF THE SUPREME COURT,NONPARTISAN,PATRICK CROOKS,633,624
2006,APRIL,MILWAUKEE,OAK CREEK CITY WARDS 13 - 15,SPRING GENERAL,JUSTICE OF THE SUPREME COURT,NONPARTISAN,SCATTERING,633,9
2006,APRIL,MILWAUKEE,OAK CREEK CITY WARDS 16 - 18,SPRING GENERAL,JUSTICE OF THE SUPREME COURT,NONPARTISAN,PATRICK CROOKS,407,404
2006,APRIL,MILWAUKEE,OAK CREEK CITY WARDS 16 - 18,SPRING GENERAL,JUSTICE OF THE SUPREME COURT,NONPARTISAN,SCATTERING,407,3
2006,APRIL,MILWAUKEE,ST FRANCIS CITY WARDS 1 - 4,SPRING GENERAL,JUSTICE OF THE SUPREME COURT,NONPARTISAN,PATRICK CROOKS,166,164
2006,APRIL,MILWAUKEE,ST FRANCIS CITY WARDS 1 - 4,SPRING GENERAL,JUSTICE OF THE SUPREME COURT,NONPARTISAN,SCATTERING,166,2
2006,APRIL,MILWAUKEE,ST FRANCIS CITY WARDS 5 - 8,SPRING GENERAL,JUSTICE OF THE SUPREME COURT,NONPARTISAN,PATRICK CROOKS,329,324
2006,APRIL,MILWAUKEE,ST FRANCIS CITY WARDS 5 - 8,SPRING GENERAL,JUSTICE OF THE SUPREME COURT,NONPARTISAN,SCATTERING,329,5
2006,APRIL,MILWAUKEE,ST FRANCIS CITY WARDS 9 - 12,SPRING GENERAL,JUSTICE OF THE SUPREME COURT,NONPARTISAN,PATRICK CROOKS,446,445
2006,APRIL,MILWAUKEE,ST FRANCIS CITY WARDS 9 - 12,SPRING GENERAL,JUSTICE OF THE SUPREME COURT,NONPARTISAN,SCATTERING,446,1
2006,APRIL,MILWAUKEE,SOUTH MILWAUKEE CITY WARDS 1 & 2,SPRING GENERAL,JUSTICE OF THE SUPREME COURT,NONPARTISAN,PATRICK CROOKS,470,466
2006,APRIL,MILWAUKEE,SOUTH MILWAUKEE CITY WARDS 1 & 2,SPRING GENERAL,JUSTICE OF THE SUPREME COURT,NONPARTISAN,SCATTERING,470,4
2006,APRIL,MILWAUKEE,SOUTH MILWAUKEE CITY WARDS 3 & 4,SPRING GENERAL,JUSTICE OF THE SUPREME COURT,NONPARTISAN,PATRICK CROOKS,310,308
2006,APRIL,MILWAUKEE,SOUTH MILWAUKEE CITY WARDS 3 & 4,SPRING GENERAL,JUSTICE OF THE SUPREME COURT,NONPARTISAN,SCATTERING,310,2
2006,APRIL,MILWAUKEE,SOUTH MILWAUKEE CITY WARDS 5 & 6,SPRING GENERAL,JUSTICE OF THE SUPREME COURT,NONPARTISAN,PATRICK CROOKS,363,361
2006,APRIL,MILWAUKEE,SOUTH MILWAUKEE CITY WARDS 5 & 6,SPRING GENERAL,JUSTICE OF THE SUPREME COURT,NONPARTISAN,SCATTERING,363,2
2006,APRIL,MILWAUKEE,SOUTH MILWAUKEE CITY WARDS 7 & 8,SPRING GENERAL,JUSTICE OF THE SUPREME COURT,NONPARTISAN,PATRICK CROOKS,322,318
2006,APRIL,MILWAUKEE,SOUTH MILWAUKEE CITY WARDS 7 & 8,SPRING GENERAL,JUSTICE OF THE SUPREME COURT,NONPARTISAN,SCATTERING,322,4
2006,APRIL,MILWAUKEE,SOUTH MILWAUKEE CITY WARDS 9 & 10,SPRING GENERAL,JUSTICE OF THE SUPREME COURT,NONPARTISAN,PATRICK CROOKS,537,536
2006,APRIL,MILWAUKEE,SOUTH MILWAUKEE CITY WARDS 9 & 10,SPRING GENERAL,JUSTICE OF THE SUPREME COURT,NONPARTISAN,SCATTERING,537,1
2006,APRIL,MILWAUKEE,SOUTH MILWAUKEE CITY WARDS 11 & 12,SPRING GENERAL,JUSTICE OF THE SUPREME COURT,NONPARTISAN,PATRICK CROOKS,422,420
2006,APRIL,MILWAUKEE,SOUTH MILWAUKEE CITY WARDS 11 & 12,SPRING GENERAL,JUSTICE OF THE SUPREME COURT,NONPARTISAN,SCATTERING,422,2
2006,APRIL,MILWAUKEE,SOUTH MILWAUKEE CITY WARDS 13 & 14,SPRING GENERAL,JUSTICE OF THE SUPREME COURT,NONPARTISAN,PATRICK CROOKS,382,380
2006,APRIL,MILWAUKEE,SOUTH MILWAUKEE CITY WARDS 13 & 14,SPRING GENERAL,JUSTICE OF THE SUPREME COURT,NONPARTISAN,SCATTERING,382,2
2006,APRIL,MILWAUKEE,SOUTH MILWAUKEE CITY WARDS 15 & 16,SPRING GENERAL,JUSTICE OF THE SUPREME COURT,NONPARTISAN,PATRICK CROOKS,442,439
2006,APRIL,MILWAUKEE,SOUTH MILWAUKEE CITY WARDS 15 & 16,SPRING GENERAL,JUSTICE OF THE SUPREME COURT,NONPARTISAN,SCATTERING,442,3
2006,APRIL,MILWAUKEE,WAUWATOSA CITY WARD 1,SPRING GENERAL,JUSTICE OF THE SUPREME COURT,NONPARTISAN,PATRICK CROOKS,120,120
2006,APRIL,MILWAUKEE,WAUWATOSA CITY WARD 1,SPRING GENERAL,JUSTICE OF THE SUPREME COURT,NONPARTISAN,SCATTERING,120,0
2006,APRIL,MILWAUKEE,WAUWATOSA CITY WARD 2,SPRING GENERAL,JUSTICE OF THE SUPREME COURT,NONPARTISAN,PATRICK CROOKS,113,110
2006,APRIL,MILWAUKEE,WAUWATOSA CITY WARD 2,SPRING GENERAL,JUSTICE OF THE SUPREME COURT,NONPARTISAN,SCATTERING,113,3
2006,APRIL,MILWAUKEE,WAUWATOSA CITY WARD 3,SPRING GENERAL,JUSTICE OF THE SUPREME COURT,NONPARTISAN,PATRICK CROOKS,157,155
2006,APRIL,MILWAUKEE,WAUWATOSA CITY WARD 3,SPRING GENERAL,JUSTICE OF THE SUPREME COURT,NONPARTISAN,SCATTERING,157,2
2006,APRIL,MILWAUKEE,WAUWATOSA CITY WARD 4,SPRING GENERAL,JUSTICE OF THE SUPREME COURT,NONPARTISAN,PATRICK CROOKS,135,130
2006,APRIL,MILWAUKEE,WAUWATOSA CITY WARD 4,SPRING GENERAL,JUSTICE OF THE SUPREME COURT,NONPARTISAN,SCATTERING,135,5
2006,APRIL,MILWAUKEE,WAUWATOSA CITY WARD 5,SPRING GENERAL,JUSTICE OF THE SUPREME COURT,NONPARTISAN,PATRICK CROOKS,177,173
2006,APRIL,MILWAUKEE,WAUWATOSA CITY WARD 5,SPRING GENERAL,JUSTICE OF THE SUPREME COURT,NONPARTISAN,SCATTERING,177,4
2006,APRIL,MILWAUKEE,WAUWATOSA CITY WARD 6,SPRING GENERAL,JUSTICE OF THE SUPREME COURT,NONPARTISAN,PATRICK CROOKS,68,67
2006,APRIL,MILWAUKEE,WAUWATOSA CITY WARD 6,SPRING GENERAL,JUSTICE OF THE SUPREME COURT,NONPARTISAN,SCATTERING,68,1
2006,APRIL,MILWAUKEE,WAUWATOSA CITY WARD 7,SPRING GENERAL,JUSTICE OF THE SUPREME COURT,NONPARTISAN,PATRICK CROOKS,132,131
2006,APRIL,MILWAUKEE,WAUWATOSA CITY WARD 7,SPRING GENERAL,JUSTICE OF THE SUPREME COURT,NONPARTISAN,SCATTERING,132,1
2006,APRIL,MILWAUKEE,WAUWATOSA CITY WARD 8,SPRING GENERAL,JUSTICE OF THE SUPREME COURT,NONPARTISAN,PATRICK CROOKS,85,83
2006,APRIL,MILWAUKEE,WAUWATOSA CITY WARD 8,SPRING GENERAL,JUSTICE OF THE SUPREME COURT,NONPARTISAN,SCATTERING,85,2
2006,APRIL,MILWAUKEE,WAUWATOSA CITY WARD 9,SPRING GENERAL,JUSTICE OF THE SUPREME COURT,NONPARTISAN,PATRICK CROOKS,167,165
2006,APRIL,MILWAUKEE,WAUWATOSA CITY WARD 9,SPRING GENERAL,JUSTICE OF THE SUPREME COURT,NONPARTISAN,SCATTERING,167,2
2006,APRIL,MILWAUKEE,WAUWATOSA CITY WARD 10,SPRING GENERAL,JUSTICE OF THE SUPREME COURT,NONPARTISAN,PATRICK CROOKS,195,195
2006,APRIL,MILWAUKEE,WAUWATOSA CITY WARD 10,SPRING GENERAL,JUSTICE OF THE SUPREME COURT,NONPARTISAN,SCATTERING,195,0
2006,APRIL,MILWAUKEE,WAUWATOSA CITY WARD 11,SPRING GENERAL,JUSTICE OF THE SUPREME COURT,NONPARTISAN,PATRICK CROOKS,144,141
2006,APRIL,MILWAUKEE,WAUWATOSA CITY WARD 11,SPRING GENERAL,JUSTICE OF THE SUPREME COURT,NONPARTISAN,SCATTERING,144,3
2006,APRIL,MILWAUKEE,WAUWATOSA CITY WARD 12,SPRING GENERAL,JUSTICE OF THE SUPREME COURT,NONPARTISAN,PATRICK CROOKS,235,233
2006,APRIL,MILWAUKEE,WAUWATOSA CITY WARD 12,SPRING GENERAL,JUSTICE OF THE SUPREME COURT,NONPARTISAN,SCATTERING,235,2
2006,APRIL,MILWAUKEE,WAUWATOSA CITY WARD 13,SPRING GENERAL,JUSTICE OF THE SUPREME COURT,NONPARTISAN,PATRICK CROOKS,34,34
2006,APRIL,MILWAUKEE,WAUWATOSA CITY WARD 13,SPRING GENERAL,JUSTICE OF THE SUPREME COURT,NONPARTISAN,SCATTERING,34,0
2006,APRIL,MILWAUKEE,WAUWATOSA CITY WARD 14,SPRING GENERAL,JUSTICE OF THE SUPREME COURT,NONPARTISAN,PATRICK CROOKS,78,75
2006,APRIL,MILWAUKEE,WAUWATOSA CITY WARD 14,SPRING GENERAL,JUSTICE OF THE SUPREME COURT,NONPARTISAN,SCATTERING,78,3
2006,APRIL,MILWAUKEE,WAUWATOSA CITY WARD 15,SPRING GENERAL,JUSTICE OF THE SUPREME COURT,NONPARTISAN,PATRICK CROOKS,76,74
2006,APRIL,MILWAUKEE,WAUWATOSA CITY WARD 15,SPRING GENERAL,JUSTICE OF THE SUPREME COURT,NONPARTISAN,SCATTERING,76,2
2006,APRIL,MILWAUKEE,WAUWATOSA CITY WARD 16,SPRING GENERAL,JUSTICE OF THE SUPREME COURT,NONPARTISAN,PATRICK CROOKS,134,133
2006,APRIL,MILWAUKEE,WAUWATOSA CITY WARD 16,SPRING GENERAL,JUSTICE OF THE SUPREME COURT,NONPARTISAN,SCATTERING,134,1
2006,APRIL,MILWAUKEE,WAUWATOSA CITY WARD 17,SPRING GENERAL,JUSTICE OF THE SUPREME COURT,NONPARTISAN,PATRICK CROOKS,159,157
2006,APRIL,MILWAUKEE,WAUWATOSA CITY WARD 17,SPRING GENERAL,JUSTICE OF THE SUPREME COURT,NONPARTISAN,SCATTERING,159,2
2006,APRIL,MILWAUKEE,WAUWATOSA CITY WARD 18,SPRING GENERAL,JUSTICE OF THE SUPREME COURT,NONPARTISAN,PATRICK CROOKS,91,90
2006,APRIL,MILWAUKEE,WAUWATOSA CITY WARD 18,SPRING GENERAL,JUSTICE OF THE SUPREME COURT,NONPARTISAN,SCATTERING,91,1
2006,APRIL,MILWAUKEE,WAUWATOSA CITY WARD 19,SPRING GENERAL,JUSTICE OF THE SUPREME COURT,NONPARTISAN,PATRICK CROOKS,121,119
2006,APRIL,MILWAUKEE,WAUWATOSA CITY WARD 19,SPRING GENERAL,JUSTICE OF THE SUPREME COURT,NONPARTISAN,SCATTERING,121,2
2006,APRIL,MILWAUKEE,WAUWATOSA CITY WARD 20,SPRING GENERAL,JUSTICE OF THE SUPREME COURT,NONPARTISAN,PATRICK CROOKS,116,114
2006,APRIL,MILWAUKEE,WAUWATOSA CITY WARD 20,SPRING GENERAL,JUSTICE OF THE SUPREME COURT,NONPARTISAN,SCATTERING,116,2
2006,APRIL,MILWAUKEE,WAUWATOSA CITY WARD 21,SPRING GENERAL,JUSTICE OF THE SUPREME COURT,NONPARTISAN,PATRICK CROOKS,43,43
2006,APRIL,MILWAUKEE,WAUWATOSA CITY WARD 21,SPRING GENERAL,JUSTICE OF THE SUPREME COURT,NONPARTISAN,SCATTERING,43,0
2006,APRIL,MILWAUKEE,WAUWATOSA CITY WARD 22,SPRING GENERAL,JUSTICE OF THE SUPREME COURT,NONPARTISAN,PATRICK CROOKS,174,172
2006,APRIL,MILWAUKEE,WAUWATOSA CITY WARD 22,SPRING GENERAL,JUSTICE OF THE SUPREME COURT,NONPARTISAN,SCATTERING,174,2
2006,APRIL,MILWAUKEE,WAUWATOSA CITY WARD 23,SPRING GENERAL,JUSTICE OF THE SUPREME COURT,NONPARTISAN,PATRICK CROOKS,163,160
2006,APRIL,MILWAUKEE,WAUWATOSA CITY WARD 23,SPRING GENERAL,JUSTICE OF THE SUPREME COURT,NONPARTISAN,SCATTERING,163,3
2006,APRIL,MILWAUKEE,WAUWATOSA CITY WARD 24,SPRING GENERAL,JUSTICE OF THE SUPREME COURT,NONPARTISAN,PATRICK CROOKS,206,205
2006,APRIL,MILWAUKEE,WAUWATOSA CITY WARD 24,SPRING GENERAL,JUSTICE OF THE SUPREME COURT,NONPARTISAN,SCATTERING,206,1
2006,APRIL,MILWAUKEE,WEST ALLIS CITY WARD 1,SPRING GENERAL,JUSTICE OF THE SUPREME COURT,NONPARTISAN,PATRICK CROOKS,49,47
2006,APRIL,MILWAUKEE,WEST ALLIS CITY WARD 1,SPRING GENERAL,JUSTICE OF THE SUPREME COURT,NONPARTISAN,SCATTERING,49,2
2006,APRIL,MILWAUKEE,WEST ALLIS CITY WARD 2,SPRING GENERAL,JUSTICE OF THE SUPREME COURT,NONPARTISAN,PATRICK CROOKS,67,65
2006,APRIL,MILWAUKEE,WEST ALLIS CITY WARD 2,SPRING GENERAL,JUSTICE OF THE SUPREME COURT,NONPARTISAN,SCATTERING,67,2
2006,APRIL,MILWAUKEE,WEST ALLIS CITY WARD 3,SPRING GENERAL,JUSTICE OF THE SUPREME COURT,NONPARTISAN,PATRICK CROOKS,35,34
2006,APRIL,MILWAUKEE,WEST ALLIS CITY WARD 3,SPRING GENERAL,JUSTICE OF THE SUPREME COURT,NONPARTISAN,SCATTERING,35,1
2006,APRIL,MILWAUKEE,WEST ALLIS CITY WARD 4,SPRING GENERAL,JUSTICE OF THE SUPREME COURT,NONPARTISAN,PATRICK CROOKS,35,35
2006,APRIL,MILWAUKEE,WEST ALLIS CITY WARD 4,SPRING GENERAL,JUSTICE OF THE SUPREME COURT,NONPARTISAN,SCATTERING,35,0
2006,APRIL,MILWAUKEE,WEST ALLIS CITY WARD 5,SPRING GENERAL,JUSTICE OF THE SUPREME COURT,NONPARTISAN,PATRICK CROOKS,40,40
2006,APRIL,MILWAUKEE,WEST ALLIS CITY WARD 5,SPRING GENERAL,JUSTICE OF THE SUPREME COURT,NONPARTISAN,SCATTERING,40,0
2006,APRIL,MILWAUKEE,WEST ALLIS CITY WARD 6,SPRING GENERAL,JUSTICE OF THE SUPREME COURT,NONPARTISAN,PATRICK CROOKS,44,44
2006,APRIL,MILWAUKEE,WEST ALLIS CITY WARD 6,SPRING GENERAL,JUSTICE OF THE SUPREME COURT,NONPARTISAN,SCATTERING,44,0
2006,APRIL,MILWAUKEE,WEST ALLIS CITY WARD 7,SPRING GENERAL,JUSTICE OF THE SUPREME COURT,NONPARTISAN,PATRICK CROOKS,63,59
2006,APRIL,MILWAUKEE,WEST ALLIS CITY WARD 7,SPRING GENERAL,JUSTICE OF THE SUPREME COURT,NONPARTISAN,SCATTERING,63,4
2006,APRIL,MILWAUKEE,WEST ALLIS CITY WARD 8,SPRING GENERAL,JUSTICE OF THE SUPREME COURT,NONPARTISAN,PATRICK CROOKS,48,48
2006,APRIL,MILWAUKEE,WEST ALLIS CITY WARD 8,SPRING GENERAL,JUSTICE OF THE SUPREME COURT,NONPARTISAN,SCATTERING,48,0
2006,APRIL,MILWAUKEE,WEST ALLIS CITY WARD 9,SPRING GENERAL,JUSTICE OF THE SUPREME COURT,NONPARTISAN,PATRICK CROOKS,34,34
2006,APRIL,MILWAUKEE,WEST ALLIS CITY WARD 9,SPRING GENERAL,JUSTICE OF THE SUPREME COURT,NONPARTISAN,SCATTERING,34,0
2006,APRIL,MILWAUKEE,WEST ALLIS CITY WARD 10,SPRING GENERAL,JUSTICE OF THE SUPREME COURT,NONPARTISAN,PATRICK CROOKS,45,43
2006,APRIL,MILWAUKEE,WEST ALLIS CITY WARD 10,SPRING GENERAL,JUSTICE OF THE SUPREME COURT,NONPARTISAN,SCATTERING,45,2
2006,APRIL,MILWAUKEE,WEST ALLIS CITY WARD 11,SPRING GENERAL,JUSTICE OF THE SUPREME COURT,NONPARTISAN,PATRICK CROOKS,47,47
2006,APRIL,MILWAUKEE,WEST ALLIS CITY WARD 11,SPRING GENERAL,JUSTICE OF THE SUPREME COURT,NONPARTISAN,SCATTERING,47,0
2006,APRIL,MILWAUKEE,WEST ALLIS CITY WARD 12,SPRING GENERAL,JUSTICE OF THE SUPREME COURT,NONPARTISAN,PATRICK CROOKS,40,40
2006,APRIL,MILWAUKEE,WEST ALLIS CITY WARD 12,SPRING GENERAL,JUSTICE OF THE SUPREME COURT,NONPARTISAN,SCATTERING,40,0
2006,APRIL,MILWAUKEE,WEST ALLIS CITY WARD 13,SPRING GENERAL,JUSTICE OF THE SUPREME COURT,NONPARTISAN,PATRICK CROOKS,59,59
2006,APRIL,MILWAUKEE,WEST ALLIS CITY WARD 13,SPRING GENERAL,JUSTICE OF THE SUPREME COURT,NONPARTISAN,SCATTERING,59,0
2006,APRIL,MILWAUKEE,WEST ALLIS CITY WARD 14,SPRING GENERAL,JUSTICE OF THE SUPREME COURT,NONPARTISAN,PATRICK CROOKS,43,43
2006,APRIL,MILWAUKEE,WEST ALLIS CITY WARD 14,SPRING GENERAL,JUSTICE OF THE SUPREME COURT,NONPARTISAN,SCATTERING,43,0
2006,APRIL,MILWAUKEE,WEST ALLIS CITY WARD 15,SPRING GENERAL,JUSTICE OF THE SUPREME COURT,NONPARTISAN,PATRICK CROOKS,59,59
2006,APRIL,MILWAUKEE,WEST ALLIS CITY WARD 15,SPRING GENERAL,JUSTICE OF THE SUPREME COURT,NONPARTISAN,SCATTERING,59,0
2006,APRIL,MILWAUKEE,WEST ALLIS CITY WARD 16,SPRING GENERAL,JUSTICE OF THE SUPREME COURT,NONPARTISAN,PATRICK CROOKS,60,59
2006,APRIL,MILWAUKEE,WEST ALLIS CITY WARD 16,SPRING GENERAL,JUSTICE OF THE SUPREME COURT,NONPARTISAN,SCATTERING,60,1
2006,APRIL,MILWAUKEE,WEST ALLIS CITY WARD 17,SPRING GENERAL,JUSTICE OF THE SUPREME COURT,NONPARTISAN,PATRICK CROOKS,63,62
2006,APRIL,MILWAUKEE,WEST ALLIS CITY WARD 17,SPRING GENERAL,JUSTICE OF THE SUPREME COURT,NONPARTISAN,SCATTERING,63,1
2006,APRIL,MILWAUKEE,WEST ALLIS CITY WARD 18,SPRING GENERAL,JUSTICE OF THE SUPREME COURT,NONPARTISAN,PATRICK CROOKS,65,61
2006,APRIL,MILWAUKEE,WEST ALLIS CITY WARD 18,SPRING GENERAL,JUSTICE OF THE SUPREME COURT,NONPARTISAN,SCATTERING,65,4
2006,APRIL,MILWAUKEE,WEST ALLIS CITY WARD 19,SPRING GENERAL,JUSTICE OF THE SUPREME COURT,NONPARTISAN,PATRICK CROOKS,56,56
2006,APRIL,MILWAUKEE,WEST ALLIS CITY WARD 19,SPRING GENERAL,JUSTICE OF THE SUPREME COURT,NONPARTISAN,SCATTERING,56,0
2006,APRIL,MILWAUKEE,WEST ALLIS CITY WARD 20,SPRING GENERAL,JUSTICE OF THE SUPREME COURT,NONPARTISAN,PATRICK CROOKS,41,41
2006,APRIL,MILWAUKEE,WEST ALLIS CITY WARD 20,SPRING GENERAL,JUSTICE OF THE SUPREME COURT,NONPARTISAN,SCATTERING,41,0
2006,APRIL,MILWAUKEE,WEST ALLIS CITY WARD 21,SPRING GENERAL,JUSTICE OF THE SUPREME COURT,NONPARTISAN,PATRICK CROOKS,42,40
2006,APRIL,MILWAUKEE,WEST ALLIS CITY WARD 21,SPRING GENERAL,JUSTICE OF THE SUPREME COURT,NONPARTISAN,SCATTERING,42,2
2006,APRIL,MILWAUKEE,WEST ALLIS CITY WARD 22,SPRING GENERAL,JUSTICE OF THE SUPREME COURT,NONPARTISAN,PATRICK CROOKS,62,62
2006,APRIL,MILWAUKEE,WEST ALLIS CITY WARD 22,SPRING GENERAL,JUSTICE OF THE SUPREME COURT,NONPARTISAN,SCATTERING,62,0
2006,APRIL,MILWAUKEE,WEST ALLIS CITY WARD 23,SPRING GENERAL,JUSTICE OF THE SUPREME COURT,NONPARTISAN,PATRICK CROOKS,62,61
2006,APRIL,MILWAUKEE,WEST ALLIS CITY WARD 23,SPRING GENERAL,JUSTICE OF THE SUPREME COURT,NONPARTISAN,SCATTERING,62,1
2006,APRIL,MILWAUKEE,WEST ALLIS CITY WARD 24,SPRING GENERAL,JUSTICE OF THE SUPREME COURT,NONPARTISAN,PATRICK CROOKS,57,55
2006,APRIL,MILWAUKEE,WEST ALLIS CITY WARD 24,SPRING GENERAL,JUSTICE OF THE SUPREME COURT,NONPARTISAN,SCATTERING,57,2
2006,APRIL,MILWAUKEE,WEST ALLIS CITY WARD 25,SPRING GENERAL,JUSTICE OF THE SUPREME COURT,NONPARTISAN,PATRICK CROOKS,120,119
2006,APRIL,MILWAUKEE,WEST ALLIS CITY WARD 25,SPRING GENERAL,JUSTICE OF THE SUPREME COURT,NONPARTISAN,SCATTERING,120,1
2006,APRIL,MILWAUKEE,WEST ALLIS CITY WARD 26,SPRING GENERAL,JUSTICE OF THE SUPREME COURT,NONPARTISAN,PATRICK CROOKS,69,68
2006,APRIL,MILWAUKEE,WEST ALLIS CITY WARD 26,SPRING GENERAL,JUSTICE OF THE SUPREME COURT,NONPARTISAN,SCATTERING,69,1
2006,APRIL,MILWAUKEE,WEST ALLIS CITY WARD 27,SPRING GENERAL,JUSTICE OF THE SUPREME COURT,NONPARTISAN,PATRICK CROOKS,49,47
2006,APRIL,MILWAUKEE,WEST ALLIS CITY WARD 27,SPRING GENERAL,JUSTICE OF THE SUPREME COURT,NONPARTISAN,SCATTERING,49,2
2006,APRIL,MILWAUKEE,WEST ALLIS CITY WARD 28,SPRING GENERAL,JUSTICE OF THE SUPREME COURT,NONPARTISAN,PATRICK CROOKS,61,60
2006,APRIL,MILWAUKEE,WEST ALLIS CITY WARD 28,SPRING GENERAL,JUSTICE OF THE SUPREME COURT,NONPARTISAN,SCATTERING,61,1
2006,APRIL,MILWAUKEE,WEST ALLIS CITY WARD 29,SPRING GENERAL,JUSTICE OF THE SUPREME COURT,NONPARTISAN,PATRICK CROOKS,50,49
2006,APRIL,MILWAUKEE,WEST ALLIS CITY WARD 29,SPRING GENERAL,JUSTICE OF THE SUPREME COURT,NONPARTISAN,SCATTERING,50,1
2006,APRIL,MILWAUKEE,WEST ALLIS CITY WARD 30,SPRING GENERAL,JUSTICE OF THE SUPREME COURT,NONPARTISAN,PATRICK CROOKS,109,106
2006,APRIL,MILWAUKEE,WEST ALLIS CITY WARD 30,SPRING GENERAL,JUSTICE OF THE SUPREME COURT,NONPARTISAN,SCATTERING,109,3
2006,APRIL,MILWAUKEE,WEST ALLIS CITY WARD 31,SPRING GENERAL,JUSTICE OF THE SUPREME COURT,NONPARTISAN,PATRICK CROOKS,40,40
2006,APRIL,MILWAUKEE,WEST ALLIS CITY WARD 31,SPRING GENERAL,JUSTICE OF THE SUPREME COURT,NONPARTISAN,SCATTERING,40,0
2006,APRIL,MILWAUKEE,WEST ALLIS CITY WARD 32,SPRING GENERAL,JUSTICE OF THE SUPREME COURT,NONPARTISAN,PATRICK CROOKS,28,28
2006,APRIL,MILWAUKEE,WEST ALLIS CITY WARD 32,SPRING GENERAL,JUSTICE OF THE SUPREME COURT,NONPARTISAN,SCATTERING,28,0
2006,APRIL,MILWAUKEE,WEST ALLIS CITY WARD 33,SPRING GENERAL,JUSTICE OF THE SUPREME COURT,NONPARTISAN,PATRICK CROOKS,50,49
2006,APRIL,MILWAUKEE,WEST ALLIS CITY WARD 33,SPRING GENERAL,JUSTICE OF THE SUPREME COURT,NONPARTISAN,SCATTERING,50,1
2006,APRIL,MILWAUKEE,WEST ALLIS CITY WARD 34,SPRING GENERAL,JUSTICE OF THE SUPREME COURT,NONPARTISAN,PATRICK CROOKS,0,0
2006,APRIL,MILWAUKEE,WEST ALLIS CITY WARD 34,SPRING GENERAL,JUSTICE OF THE SUPREME COURT,NONPARTISAN,SCATTERING,0,0
2006,APRIL,MILWAUKEE,WEST ALLIS CITY WARD 35,SPRING GENERAL,JUSTICE OF THE SUPREME COURT,NONPARTISAN,PATRICK CROOKS,14,14
2006,APRIL,MILWAUKEE,WEST ALLIS CITY WARD 35,SPRING GENERAL,JUSTICE OF THE SUPREME COURT,NONPARTISAN,SCATTERING,14,0
2006,APRIL,MONROE,ADRIAN TOWN WARD 1,SPRING GENERAL,JUSTICE OF THE SUPREME COURT,NONPARTISAN,PATRICK CROOKS,38,38
2006,APRIL,MONROE,ADRIAN TOWN WARD 1,SPRING GENERAL,JUSTICE OF THE SUPREME COURT,NONPARTISAN,SCATTERING,38,0
2006,APRIL,MONROE,ANGELO TOWN WARD 1,SPRING GENERAL,JUSTICE OF THE SUPREME COURT,NONPARTISAN,PATRICK CROOKS,15,15
2006,APRIL,MONROE,ANGELO TOWN WARD 1,SPRING GENERAL,JUSTICE OF THE SUPREME COURT,NONPARTISAN,SCATTERING,15,0
2006,APRIL,MONROE,ANGELO TOWN WARD 2,SPRING GENERAL,JUSTICE OF THE SUPREME COURT,NONPARTISAN,PATRICK CROOKS,7,7
2006,APRIL,MONROE,ANGELO TOWN WARD 2,SPRING GENERAL,JUSTICE OF THE SUPREME COURT,NONPARTISAN,SCATTERING,7,0
2006,APRIL,MONROE,ANGELO TOWN WARD 3,SPRING GENERAL,JUSTICE OF THE SUPREME COURT,NONPARTISAN,PATRICK CROOKS,7,7
2006,APRIL,MONROE,ANGELO TOWN WARD 3,SPRING GENERAL,JUSTICE OF THE SUPREME COURT,NONPARTISAN,SCATTERING,7,0
2006,APRIL,MONROE,BYRON TOWN WARDS 1 & 2,SPRING GENERAL,JUSTICE OF THE SUPREME COURT,NONPARTISAN,PATRICK CROOKS,30,30
2006,APRIL,MONROE,BYRON TOWN WARDS 1 & 2,SPRING GENERAL,JUSTICE OF THE SUPREME COURT,NONPARTISAN,SCATTERING,30,0
2006,APRIL,MONROE,CLIFTON TOWN WARD 1,SPRING GENERAL,JUSTICE OF THE SUPREME COURT,NONPARTISAN,PATRICK CROOKS,26,26
2006,APRIL,MONROE,CLIFTON TOWN WARD 1,SPRING GENERAL,JUSTICE OF THE SUPREME COURT,NONPARTISAN,SCATTERING,26,0
2006,APRIL,MONROE,GLENDALE TOWN WARD 1,SPRING GENERAL,JUSTICE OF THE SUPREME COURT,NONPARTISAN,PATRICK CROOKS,48,48
2006,APRIL,MONROE,GLENDALE TOWN WARD 1,SPRING GENERAL,JUSTICE OF THE SUPREME COURT,NONPARTISAN,SCATTERING,48,0
2006,APRIL,MONROE,GRANT TOWN WARD 1,SPRING GENERAL,JUSTICE OF THE SUPREME COURT,NONPARTISAN,PATRICK CROOKS,18,18
2006,APRIL,MONROE,GRANT TOWN WARD 1,SPRING GENERAL,JUSTICE OF THE SUPREME COURT,NONPARTISAN,SCATTERING,18,0
2006,APRIL,MONROE,GREENFIELD TOWN WARD 1,SPRING GENERAL,JUSTICE OF THE SUPREME COURT,NONPARTISAN,PATRICK CROOKS,32,32
2006,APRIL,MONROE,GREENFIELD TOWN WARD 1,SPRING GENERAL,JUSTICE OF THE SUPREME COURT,NONPARTISAN,SCATTERING,32,0
2006,APRIL,MONROE,JEFFERSON TOWN WARD 1,SPRING GENERAL,JUSTICE OF THE SUPREME COURT,NONPARTISAN,PATRICK CROOKS,29,29
2006,APRIL,MONROE,JEFFERSON TOWN WARD 1,SPRING GENERAL,JUSTICE OF THE SUPREME COURT,NONPARTISAN,SCATTERING,29,0
2006,APRIL,MONROE,LAFAYETTE TOWN WARD 1,SPRING GENERAL,JUSTICE OF THE SUPREME COURT,NONPARTISAN,PATRICK CROOKS,11,11
2006,APRIL,MONROE,LAFAYETTE TOWN WARD 1,SPRING GENERAL,JUSTICE OF THE SUPREME COURT,NONPARTISAN,SCATTERING,11,0
2006,APRIL,MONROE,LAFAYETTE TOWN WARD 2,SPRING GENERAL,JUSTICE OF THE SUPREME COURT,NONPARTISAN,PATRICK CROOKS,0,0
2006,APRIL,MONROE,LAFAYETTE TOWN WARD 2,SPRING GENERAL,JUSTICE OF THE SUPREME COURT,NONPARTISAN,SCATTERING,0,0
2006,APRIL,MONROE,LA GRANGE TOWN WARDS 1 & 2,SPRING GENERAL,JUSTICE OF THE SUPREME COURT,NONPARTISAN,PATRICK CROOKS,119,119
2006,APRIL,MONROE,LA GRANGE TOWN WARDS 1 & 2,SPRING GENERAL,JUSTICE OF THE SUPREME COURT,NONPARTISAN,SCATTERING,119,0
2006,APRIL,MONROE,LA GRANGE TOWN WARD 3,SPRING GENERAL,JUSTICE OF THE SUPREME COURT,NONPARTISAN,PATRICK CROOKS,5,5
2006,APRIL,MONROE,LA GRANGE TOWN WARD 3,SPRING GENERAL,JUSTICE OF THE SUPREME COURT,NONPARTISAN,SCATTERING,5,0
2006,APRIL,MONROE,LEON TOWN WARD 1,SPRING GENERAL,JUSTICE OF THE SUPREME COURT,NONPARTISAN,PATRICK CROOKS,54,54
2006,APRIL,MONROE,LEON TOWN WARD 1,SPRING GENERAL,JUSTICE OF THE SUPREME COURT,NONPARTISAN,SCATTERING,54,0
2006,APRIL,MONROE,LINCOLN TOWN WARD 1,SPRING GENERAL,JUSTICE OF THE SUPREME COURT,NONPARTISAN,PATRICK CROOKS,39,39
2006,APRIL,MONROE,LINCOLN TOWN WARD 1,SPRING GENERAL,JUSTICE OF THE SUPREME COURT,NONPARTISAN,SCATTERING,39,0
2006,APRIL,MONROE,LITTLE FALLS TOWN WARDS 1 & 2,SPRING GENERAL,JUSTICE OF THE SUPREME COURT,NONPARTISAN,PATRICK CROOKS,101,101
2006,APRIL,MONROE,LITTLE FALLS TOWN WARDS 1 & 2,SPRING GENERAL,JUSTICE OF THE SUPREME COURT,NONPARTISAN,SCATTERING,101,0
2006,APRIL,MONROE,NEW LYME TOWN WARD 1,SPRING GENERAL,JUSTICE OF THE SUPREME COURT,NONPARTISAN,PATRICK CROOKS,18,18
2006,APRIL,MONROE,NEW LYME TOWN WARD 1,SPRING GENERAL,JUSTICE OF THE SUPREME COURT,NONPARTISAN,SCATTERING,18,0
2006,APRIL,MONROE,OAKDALE TOWN WARD 1,SPRING GENERAL,JUSTICE OF THE SUPREME COURT,NONPARTISAN,PATRICK CROOKS,21,21
2006,APRIL,MONROE,OAKDALE TOWN WARD 1,SPRING GENERAL,JUSTICE OF THE SUPREME COURT,NONPARTISAN,SCATTERING,21,0
2006,APRIL,MONROE,PORTLAND TOWN WARD 1,SPRING GENERAL,JUSTICE OF THE SUPREME COURT,NONPARTISAN,PATRICK CROOKS,53,53
2006,APRIL,MONROE,PORTLAND TOWN WARD 1,SPRING GENERAL,JUSTICE OF THE SUPREME COURT,NONPARTISAN,SCATTERING,53,0
2006,APRIL,MONROE,RIDGEVILLE TOWN WARD 1,SPRING GENERAL,JUSTICE OF THE SUPREME COURT,NONPARTISAN,PATRICK CROOKS,60,60
2006,APRIL,MONROE,RIDGEVILLE TOWN WARD 1,SPRING GENERAL,JUSTICE OF THE SUPREME COURT,NONPARTISAN,SCATTERING,60,0
2006,APRIL,MONROE,SCOTT TOWN WARD 1,SPRING GENERAL,JUSTICE OF THE SUPREME COURT,NONPARTISAN,PATRICK CROOKS,9,9
2006,APRIL,MONROE,SCOTT TOWN WARD 1,SPRING GENERAL,JUSTICE OF THE SUPREME COURT,NONPARTISAN,SCATTERING,9,0
2006,APRIL,MONROE,SHELDON TOWN WARD 1,SPRING GENERAL,JUSTICE OF THE SUPREME COURT,NONPARTISAN,PATRICK CROOKS,49,49
2006,APRIL,MONROE,SHELDON TOWN WARD 1,SPRING GENERAL,JUSTICE OF THE SUPREME COURT,NONPARTISAN,SCATTERING,49,0
2006,APRIL,MONROE,SPARTA TOWN WARDS 1 & 2,SPRING GENERAL,JUSTICE OF THE SUPREME COURT,NONPARTISAN,PATRICK CROOKS,46,46
2006,APRIL,MONROE,SPARTA TOWN WARDS 1 & 2,SPRING GENERAL,JUSTICE OF THE SUPREME COURT,NONPARTISAN,SCATTERING,46,0
2006,APRIL,MONROE,SPARTA TOWN WARDS 3 & 4,SPRING GENERAL,JUSTICE OF THE SUPREME COURT,NONPARTISAN,PATRICK CROOKS,54,54
2006,APRIL,MONROE,SPARTA TOWN WARDS 3 & 4,SPRING GENERAL,JUSTICE OF THE SUPREME COURT,NONPARTISAN,SCATTERING,54,0
2006,APRIL,MONROE,TOMAH TOWN WARDS 1 & 2,SPRING GENERAL,JUSTICE OF THE SUPREME COURT,NONPARTISAN,PATRICK CROOKS,53,53
2006,APRIL,MONROE,TOMAH TOWN WARDS 1 & 2,SPRING GENERAL,JUSTICE OF THE SUPREME COURT,NONPARTISAN,SCATTERING,53,0
2006,APRIL,MONROE,WELLINGTON TOWN WARD 1,SPRING GENERAL,JUSTICE OF THE SUPREME COURT,NONPARTISAN,PATRICK CROOKS,26,26
2006,APRIL,MONROE,WELLINGTON TOWN WARD 1,SPRING GENERAL,JUSTICE OF THE SUPREME COURT,NONPARTISAN,SCATTERING,26,0
2006,APRIL,MONROE,WELLINGTON TOWN WARD 2,SPRING GENERAL,JUSTICE OF THE SUPREME COURT,NONPARTISAN,PATRICK CROOKS,28,28
2006,APRIL,MONROE,WELLINGTON TOWN WARD 2,SPRING GENERAL,JUSTICE OF THE SUPREME COURT,NONPARTISAN,SCATTERING,28,0
2006,APRIL,MONROE,WELLS TOWN WARD 1,SPRING GENERAL,JUSTICE OF THE SUPREME COURT,NONPARTISAN,PATRICK CROOKS,38,38
2006,APRIL,MONROE,WELLS TOWN WARD 1,SPRING GENERAL,JUSTICE OF THE SUPREME COURT,NONPARTISAN,SCATTERING,38,0
2006,APRIL,MONROE,WILTON TOWN WARD 1,SPRING GENERAL,JUSTICE OF THE SUPREME COURT,NONPARTISAN,PATRICK CROOKS,10,10
2006,APRIL,MONROE,WILTON TOWN WARD 1,SPRING GENERAL,JUSTICE OF THE SUPREME COURT,NONPARTISAN,SCATTERING,10,0
2006,APRIL,MONROE,WILTON TOWN WARD 2,SPRING GENERAL,JUSTICE OF THE SUPREME COURT,NONPARTISAN,PATRICK CROOKS,5,5
2006,APRIL,MONROE,WILTON TOWN WARD 2,SPRING GENERAL,JUSTICE OF THE SUPREME COURT,NONPARTISAN,SCATTERING,5,0
2006,APRIL,MONROE,WILTON TOWN WARD 3,SPRING GENERAL,JUSTICE OF THE SUPREME COURT,NONPARTISAN,PATRICK CROOKS,18,18
2006,APRIL,MONROE,WILTON TOWN WARD 3,SPRING GENERAL,JUSTICE OF THE SUPREME COURT,NONPARTISAN,SCATTERING,18,0
2006,APRIL,MONROE,CASHTON VILLAGE WARDS 1 & 2,SPRING GENERAL,JUSTICE OF THE SUPREME COURT,NONPARTISAN,PATRICK CROOKS,111,111
2006,APRIL,MONROE,CASHTON VILLAGE WARDS 1 & 2,SPRING GENERAL,JUSTICE OF THE SUPREME COURT,NONPARTISAN,SCATTERING,111,0
2006,APRIL,MONROE,KENDALL VILLAGE WARD 1,SPRING GENERAL,JUSTICE OF THE SUPREME COURT,NONPARTISAN,PATRICK CROOKS,39,39
2006,APRIL,MONROE,KENDALL VILLAGE WARD 1,SPRING GENERAL,JUSTICE OF THE SUPREME COURT,NONPARTISAN,SCATTERING,39,0
2006,APRIL,MONROE,MELVINA VILLAGE WARD 1,SPRING GENERAL,JUSTICE OF THE SUPREME COURT,NONPARTISAN,PATRICK CROOKS,11,11
2006,APRIL,MONROE,MELVINA VILLAGE WARD 1,SPRING GENERAL,JUSTICE OF THE SUPREME COURT,NONPARTISAN,SCATTERING,11,0
2006,APRIL,MONROE,NORWALK VILLAGE WARD 1,SPRING GENERAL,JUSTICE OF THE SUPREME COURT,NONPARTISAN,PATRICK CROOKS,99,99
2006,APRIL,MONROE,NORWALK VILLAGE WARD 1,SPRING GENERAL,JUSTICE OF THE SUPREME COURT,NONPARTISAN,SCATTERING,99,0
2006,APRIL,MONROE,OAKDALE VILLAGE WARD 1,SPRING GENERAL,JUSTICE OF THE SUPREME COURT,NONPARTISAN,PATRICK CROOKS,14,14
2006,APRIL,MONROE,OAKDALE VILLAGE WARD 1,SPRING GENERAL,JUSTICE OF THE SUPREME COURT,NONPARTISAN,SCATTERING,14,0
2006,APRIL,MONROE,WARRENS VILLAGE WARD 1,SPRING GENERAL,JUSTICE OF THE SUPREME COURT,NONPARTISAN,PATRICK CROOKS,17,17
2006,APRIL,MONROE,WARRENS VILLAGE WARD 1,SPRING GENERAL,JUSTICE OF THE SUPREME COURT,NONPARTISAN,SCATTERING,17,0
2006,APRIL,MONROE,WILTON VILLAGE WARD 1,SPRING GENERAL,JUSTICE OF THE SUPREME COURT,NONPARTISAN,PATRICK CROOKS,61,61
2006,APRIL,MONROE,WILTON VILLAGE WARD 1,SPRING GENERAL,JUSTICE OF THE SUPREME COURT,NONPARTISAN,SCATTERING,61,0
2006,APRIL,MONROE,WYEVILLE VILLAGE WARD 1,SPRING GENERAL,JUSTICE OF THE SUPREME COURT,NONPARTISAN,PATRICK CROOKS,10,10
2006,APRIL,MONROE,WYEVILLE VILLAGE WARD 1,SPRING GENERAL,JUSTICE OF THE SUPREME COURT,NONPARTISAN,SCATTERING,10,0
2006,APRIL,MONROE,SPARTA CITY WARDS 1 & 2,SPRING GENERAL,JUSTICE OF THE SUPREME COURT,NONPARTISAN,PATRICK CROOKS,42,42
2006,APRIL,MONROE,SPARTA CITY WARDS 1 & 2,SPRING GENERAL,JUSTICE OF THE SUPREME COURT,NONPARTISAN,SCATTERING,42,0
2006,APRIL,MONROE,SPARTA CITY WARD 3,SPRING GENERAL,JUSTICE OF THE SUPREME COURT,NONPARTISAN,PATRICK CROOKS,22,22
2006,APRIL,MONROE,SPARTA CITY WARD 3,SPRING GENERAL,JUSTICE OF THE SUPREME COURT,NONPARTISAN,SCATTERING,22,0
2006,APRIL,MONROE,SPARTA CITY WARD 4,SPRING GENERAL,JUSTICE OF THE SUPREME COURT,NONPARTISAN,PATRICK CROOKS,11,11
2006,APRIL,MONROE,SPARTA CITY WARD 4,SPRING GENERAL,JUSTICE OF THE SUPREME COURT,NONPARTISAN,SCATTERING,11,0
2006,APRIL,MONROE,SPARTA CITY WARD 5,SPRING GENERAL,JUSTICE OF THE SUPREME COURT,NONPARTISAN,PATRICK CROOKS,20,19
2006,APRIL,MONROE,SPARTA CITY WARD 5,SPRING GENERAL,JUSTICE OF THE SUPREME COURT,NONPARTISAN,SCATTERING,20,1
2006,APRIL,MONROE,SPARTA CITY WARD 6,SPRING GENERAL,JUSTICE OF THE SUPREME COURT,NONPARTISAN,PATRICK CROOKS,14,14
2006,APRIL,MONROE,SPARTA CITY WARD 6,SPRING GENERAL,JUSTICE OF THE SUPREME COURT,NONPARTISAN,SCATTERING,14,0
2006,APRIL,MONROE,SPARTA CITY WARDS 7 & 8,SPRING GENERAL,JUSTICE OF THE SUPREME COURT,NONPARTISAN,PATRICK CROOKS,35,35
2006,APRIL,MONROE,SPARTA CITY WARDS 7 & 8,SPRING GENERAL,JUSTICE OF THE SUPREME COURT,NONPARTISAN,SCATTERING,35,0
2006,APRIL,MONROE,SPARTA CITY WARD 9,SPRING GENERAL,JUSTICE OF THE SUPREME COURT,NONPARTISAN,PATRICK CROOKS,5,5
2006,APRIL,MONROE,SPARTA CITY WARD 9,SPRING GENERAL,JUSTICE OF THE SUPREME COURT,NONPARTISAN,SCATTERING,5,0
2006,APRIL,MONROE,SPARTA CITY WARD 10,SPRING GENERAL,JUSTICE OF THE SUPREME COURT,NONPARTISAN,PATRICK CROOKS,18,18
2006,APRIL,MONROE,SPARTA CITY WARD 10,SPRING GENERAL,JUSTICE OF THE SUPREME COURT,NONPARTISAN,SCATTERING,18,0
2006,APRIL,MONROE,SPARTA CITY WARDS 11 & 12,SPRING GENERAL,JUSTICE OF THE SUPREME COURT,NONPARTISAN,PATRICK CROOKS,37,36
2006,APRIL,MONROE,SPARTA CITY WARDS 11 & 12,SPRING GENERAL,JUSTICE OF THE SUPREME COURT,NONPARTISAN,SCATTERING,37,1
2006,APRIL,MONROE,SPARTA CITY WARD 13,SPRING GENERAL,JUSTICE OF THE SUPREME COURT,NONPARTISAN,PATRICK CROOKS,37,37
2006,APRIL,MONROE,SPARTA CITY WARD 13,SPRING GENERAL,JUSTICE OF THE SUPREME COURT,NONPARTISAN,SCATTERING,37,0
2006,APRIL,MONROE,SPARTA CITY WARD 14,SPRING GENERAL,JUSTICE OF THE SUPREME COURT,NONPARTISAN,PATRICK CROOKS,4,4
2006,APRIL,MONROE,SPARTA CITY WARD 14,SPRING GENERAL,JUSTICE OF THE SUPREME COURT,NONPARTISAN,SCATTERING,4,0
2006,APRIL,MONROE,SPARTA CITY WARD 15,SPRING GENERAL,JUSTICE OF THE SUPREME COURT,NONPARTISAN,PATRICK CROOKS,6,6
2006,APRIL,MONROE,SPARTA CITY WARD 15,SPRING GENERAL,JUSTICE OF THE SUPREME COURT,NONPARTISAN,SCATTERING,6,0
2006,APRIL,MONROE,SPARTA CITY WARDS 16 & 17,SPRING GENERAL,JUSTICE OF THE SUPREME COURT,NONPARTISAN,PATRICK CROOKS,49,49
2006,APRIL,MONROE,SPARTA CITY WARDS 16 & 17,SPRING GENERAL,JUSTICE OF THE SUPREME COURT,NONPARTISAN,SCATTERING,49,0
2006,APRIL,MONROE,TOMAH CITY WARDS 1 & 2,SPRING GENERAL,JUSTICE OF THE SUPREME COURT,NONPARTISAN,PATRICK CROOKS,39,39
2006,APRIL,MONROE,TOMAH CITY WARDS 1 & 2,SPRING GENERAL,JUSTICE OF THE SUPREME COURT,NONPARTISAN,SCATTERING,39,0
2006,APRIL,MONROE,TOMAH CITY WARD 3,SPRING GENERAL,JUSTICE OF THE SUPREME COURT,NONPARTISAN,PATRICK CROOKS,18,18
2006,APRIL,MONROE,TOMAH CITY WARD 3,SPRING GENERAL,JUSTICE OF THE SUPREME COURT,NONPARTISAN,SCATTERING,18,0
2006,APRIL,MONROE,TOMAH CITY WARD 4,SPRING GENERAL,JUSTICE OF THE SUPREME COURT,NONPARTISAN,PATRICK CROOKS,25,24
2006,APRIL,MONROE,TOMAH CITY WARD 4,SPRING GENERAL,JUSTICE OF THE SUPREME COURT,NONPARTISAN,SCATTERING,25,1
2006,APRIL,MONROE,TOMAH CITY WARDS 5 & 6,SPRING GENERAL,JUSTICE OF THE SUPREME COURT,NONPARTISAN,PATRICK CROOKS,89,88
2006,APRIL,MONROE,TOMAH CITY WARDS 5 & 6,SPRING GENERAL,JUSTICE OF THE SUPREME COURT,NONPARTISAN,SCATTERING,89,1
2006,APRIL,MONROE,TOMAH CITY WARD 7,SPRING GENERAL,JUSTICE OF THE SUPREME COURT,NONPARTISAN,PATRICK CROOKS,10,10
2006,APRIL,MONROE,TOMAH CITY WARD 7,SPRING GENERAL,JUSTICE OF THE SUPREME COURT,NONPARTISAN,SCATTERING,10,0
2006,APRIL,MONROE,TOMAH CITY WARD 8,SPRING GENERAL,JUSTICE OF THE SUPREME COURT,NONPARTISAN,PATRICK CROOKS,103,103
2006,APRIL,MONROE,TOMAH CITY WARD 8,SPRING GENERAL,JUSTICE OF THE SUPREME COURT,NONPARTISAN,SCATTERING,103,0
2006,APRIL,MONROE,TOMAH CITY WARD 9,SPRING GENERAL,JUSTICE OF THE SUPREME COURT,NONPARTISAN,PATRICK CROOKS,42,42
2006,APRIL,MONROE,TOMAH CITY WARD 9,SPRING GENERAL,JUSTICE OF THE SUPREME COURT,NONPARTISAN,SCATTERING,42,0
2006,APRIL,MONROE,TOMAH CITY WARD 10,SPRING GENERAL,JUSTICE OF THE SUPREME COURT,NONPARTISAN,PATRICK CROOKS,49,48
2006,APRIL,MONROE,TOMAH CITY WARD 10,SPRING GENERAL,JUSTICE OF THE SUPREME COURT,NONPARTISAN,SCATTERING,49,1
2006,APRIL,MONROE,TOMAH CITY WARDS 11 & 12,SPRING GENERAL,JUSTICE OF THE SUPREME COURT,NONPARTISAN,PATRICK CROOKS,73,73
2006,APRIL,MONROE,TOMAH CITY WARDS 11 & 12,SPRING GENERAL,JUSTICE OF THE SUPREME COURT,NONPARTISAN,SCATTERING,73,0
2006,APRIL,MONROE,TOMAH CITY WARDS 13 & 14,SPRING GENERAL,JUSTICE OF THE SUPREME COURT,NONPARTISAN,PATRICK CROOKS,86,85
2006,APRIL,MONROE,TOMAH CITY WARDS 13 & 14,SPRING GENERAL,JUSTICE OF THE SUPREME COURT,NONPARTISAN,SCATTERING,86,1
2006,APRIL,MONROE,TOMAH CITY WARD 15,SPRING GENERAL,JUSTICE OF THE SUPREME COURT,NONPARTISAN,PATRICK CROOKS,22,22
2006,APRIL,MONROE,TOMAH CITY WARD 15,SPRING GENERAL,JUSTICE OF THE SUPREME COURT,NONPARTISAN,SCATTERING,22,0
2006,APRIL,MONROE,TOMAH CITY WARD 16,SPRING GENERAL,JUSTICE OF THE SUPREME COURT,NONPARTISAN,PATRICK CROOKS,84,83
2006,APRIL,MONROE,TOMAH CITY WARD 16,SPRING GENERAL,JUSTICE OF THE SUPREME COURT,NONPARTISAN,SCATTERING,84,1
2006,APRIL,OCONTO,ABRAMS TOWN WARDS 1 - 4,SPRING GENERAL,JUSTICE OF THE SUPREME COURT,NONPARTISAN,PATRICK CROOKS,53,53
2006,APRIL,OCONTO,ABRAMS TOWN WARDS 1 - 4,SPRING GENERAL,JUSTICE OF THE SUPREME COURT,NONPARTISAN,SCATTERING,53,0
2006,APRIL,OCONTO,BAGLEY TOWN WARD 1,SPRING GENERAL,JUSTICE OF THE SUPREME COURT,NONPARTISAN,PATRICK CROOKS,32,32
2006,APRIL,OCONTO,BAGLEY TOWN WARD 1,SPRING GENERAL,JUSTICE OF THE SUPREME COURT,NONPARTISAN,SCATTERING,32,0
2006,APRIL,OCONTO,BRAZEAU TOWN WARDS 1 - 3,SPRING GENERAL,JUSTICE OF THE SUPREME COURT,NONPARTISAN,PATRICK CROOKS,101,101
2006,APRIL,OCONTO,BRAZEAU TOWN WARDS 1 - 3,SPRING GENERAL,JUSTICE OF THE SUPREME COURT,NONPARTISAN,SCATTERING,101,0
2006,APRIL,OCONTO,BREED TOWN WARD 1,SPRING GENERAL,JUSTICE OF THE SUPREME COURT,NONPARTISAN,PATRICK CROOKS,27,27
2006,APRIL,OCONTO,BREED TOWN WARD 1,SPRING GENERAL,JUSTICE OF THE SUPREME COURT,NONPARTISAN,SCATTERING,27,0
2006,APRIL,OCONTO,CHASE TOWN WARDS 1 - 4,SPRING GENERAL,JUSTICE OF THE SUPREME COURT,NONPARTISAN,PATRICK CROOKS,121,121
2006,APRIL,OCONTO,CHASE TOWN WARDS 1 - 4,SPRING GENERAL,JUSTICE OF THE SUPREME COURT,NONPARTISAN,SCATTERING,121,0
2006,APRIL,OCONTO,DOTY TOWN WARDS 1 & 2,SPRING GENERAL,JUSTICE OF THE SUPREME COURT,NONPARTISAN,PATRICK CROOKS,32,32
2006,APRIL,OCONTO,DOTY TOWN WARDS 1 & 2,SPRING GENERAL,JUSTICE OF THE SUPREME COURT,NONPARTISAN,SCATTERING,32,0
2006,APRIL,OCONTO,GILLETT TOWN WARDS 1 & 2,SPRING GENERAL,JUSTICE OF THE SUPREME COURT,NONPARTISAN,PATRICK CROOKS,66,66
2006,APRIL,OCONTO,GILLETT TOWN WARDS 1 & 2,SPRING GENERAL,JUSTICE OF THE SUPREME COURT,NONPARTISAN,SCATTERING,66,0
2006,APRIL,OCONTO,HOW TOWN WARDS 1 - 3,SPRING GENERAL,JUSTICE OF THE SUPREME COURT,NONPARTISAN,PATRICK CROOKS,31,31
2006,APRIL,OCONTO,HOW TOWN WARDS 1 - 3,SPRING GENERAL,JUSTICE OF THE SUPREME COURT,NONPARTISAN,SCATTERING,31,0
2006,APRIL,OCONTO,LAKEWOOD TOWN WARD 1,SPRING GENERAL,JUSTICE OF THE SUPREME COURT,NONPARTISAN,PATRICK CROOKS,59,59
2006,APRIL,OCONTO,LAKEWOOD TOWN WARD 1,SPRING GENERAL,JUSTICE OF THE SUPREME COURT,NONPARTISAN,SCATTERING,59,0
2006,APRIL,OCONTO,LENA TOWN WARDS 1 & 2,SPRING GENERAL,JUSTICE OF THE SUPREME COURT,NONPARTISAN,PATRICK CROOKS,71,71
2006,APRIL,OCONTO,LENA TOWN WARDS 1 & 2,SPRING GENERAL,JUSTICE OF THE SUPREME COURT,NONPARTISAN,SCATTERING,71,0
2006,APRIL,OCONTO,LITTLE RIVER TOWN WARDS 1 & 2,SPRING GENERAL,JUSTICE OF THE SUPREME COURT,NONPARTISAN,PATRICK CROOKS,100,99
2006,APRIL,OCONTO,LITTLE RIVER TOWN WARDS 1 & 2,SPRING GENERAL,JUSTICE OF THE SUPREME COURT,NONPARTISAN,SCATTERING,100,1
2006,APRIL,OCONTO,LITTLE SUAMICO TOWN WARDS 1 - 7,SPRING GENERAL,JUSTICE OF THE SUPREME COURT,NONPARTISAN,PATRICK CROOKS,137,134
2006,APRIL,OCONTO,LITTLE SUAMICO TOWN WARDS 1 - 7,SPRING GENERAL,JUSTICE OF THE SUPREME COURT,NONPARTISAN,SCATTERING,137,3
2006,APRIL,OCONTO,MAPLE VALLEY TOWN WARDS 1 & 2,SPRING GENERAL,JUSTICE OF THE SUPREME COURT,NONPARTISAN,PATRICK CROOKS,65,65
2006,APRIL,OCONTO,MAPLE VALLEY TOWN WARDS 1 & 2,SPRING GENERAL,JUSTICE OF THE SUPREME COURT,NONPARTISAN,SCATTERING,65,0
2006,APRIL,OCONTO,MORGAN TOWN WARD 1,SPRING GENERAL,JUSTICE OF THE SUPREME COURT,NONPARTISAN,PATRICK CROOKS,30,30
2006,APRIL,OCONTO,MORGAN TOWN WARD 1,SPRING GENERAL,JUSTICE OF THE SUPREME COURT,NONPARTISAN,SCATTERING,30,0
2006,APRIL,OCONTO,MOUNTAIN TOWN WARDS 1 & 2,SPRING GENERAL,JUSTICE OF THE SUPREME COURT,NONPARTISAN,PATRICK CROOKS,57,57
2006,APRIL,OCONTO,MOUNTAIN TOWN WARDS 1 & 2,SPRING GENERAL,JUSTICE OF THE SUPREME COURT,NONPARTISAN,SCATTERING,57,0
2006,APRIL,OCONTO,OCONTO TOWN WARDS 1 - 3,SPRING GENERAL,JUSTICE OF THE SUPREME COURT,NONPARTISAN,PATRICK CROOKS,131,130
2006,APRIL,OCONTO,OCONTO TOWN WARDS 1 - 3,SPRING GENERAL,JUSTICE OF THE SUPREME COURT,NONPARTISAN,SCATTERING,131,1
2006,APRIL,OCONTO,OCONTO FALLS TOWN WARDS 1 & 2,SPRING GENERAL,JUSTICE OF THE SUPREME COURT,NONPARTISAN,PATRICK CROOKS,32,32
2006,APRIL,OCONTO,OCONTO FALLS TOWN WARDS 1 & 2,SPRING GENERAL,JUSTICE OF THE SUPREME COURT,NONPARTISAN,SCATTERING,32,0
2006,APRIL,OCONTO,PENSAUKEE TOWN WARDS 1 - 3,SPRING GENERAL,JUSTICE OF THE SUPREME COURT,NONPARTISAN,PATRICK CROOKS,72,72
2006,APRIL,OCONTO,PENSAUKEE TOWN WARDS 1 - 3,SPRING GENERAL,JUSTICE OF THE SUPREME COURT,NONPARTISAN,SCATTERING,72,0
2006,APRIL,OCONTO,RIVERVIEW TOWN WARDS 1 & 2,SPRING GENERAL,JUSTICE OF THE SUPREME COURT,NONPARTISAN,PATRICK CROOKS,72,72
2006,APRIL,OCONTO,RIVERVIEW TOWN WARDS 1 & 2,SPRING GENERAL,JUSTICE OF THE SUPREME COURT,NONPARTISAN,SCATTERING,72,0
2006,APRIL,OCONTO,SPRUCE TOWN WARDS 1 & 2,SPRING GENERAL,JUSTICE OF THE SUPREME COURT,NONPARTISAN,PATRICK CROOKS,32,32
2006,APRIL,OCONTO,SPRUCE TOWN WARDS 1 & 2,SPRING GENERAL,JUSTICE OF THE SUPREME COURT,NONPARTISAN,SCATTERING,32,0
2006,APRIL,OCONTO,STILES TOWN WARDS 1 - 3,SPRING GENERAL,JUSTICE OF THE SUPREME COURT,NONPARTISAN,PATRICK CROOKS,78,78
2006,APRIL,OCONTO,STILES TOWN WARDS 1 - 3,SPRING GENERAL,JUSTICE OF THE SUPREME COURT,NONPARTISAN,SCATTERING,78,0
2006,APRIL,OCONTO,TOWNSEND TOWN WARD 1,SPRING GENERAL,JUSTICE OF THE SUPREME COURT,NONPARTISAN,PATRICK CROOKS,98,98
2006,APRIL,OCONTO,TOWNSEND TOWN WARD 1,SPRING GENERAL,JUSTICE OF THE SUPREME COURT,NONPARTISAN,SCATTERING,98,0
2006,APRIL,OCONTO,UNDERHILL TOWN WARD 1,SPRING GENERAL,JUSTICE OF THE SUPREME COURT,NONPARTISAN,PATRICK CROOKS,50,50
2006,APRIL,OCONTO,UNDERHILL TOWN WARD 1,SPRING GENERAL,JUSTICE OF THE SUPREME COURT,NONPARTISAN,SCATTERING,50,0
2006,APRIL,OCONTO,LENA VILLAGE WARD 1,SPRING GENERAL,JUSTICE OF THE SUPREME COURT,NONPARTISAN,PATRICK CROOKS,63,63
2006,APRIL,OCONTO,LENA VILLAGE WARD 1,SPRING GENERAL,JUSTICE OF THE SUPREME COURT,NONPARTISAN,SCATTERING,63,0
2006,APRIL,OCONTO,PULASKI VILLAGE WARD 5,SPRING GENERAL,JUSTICE OF THE SUPREME COURT,NONPARTISAN,PATRICK CROOKS,0,0
2006,APRIL,OCONTO,PULASKI VILLAGE WARD 5,SPRING GENERAL,JUSTICE OF THE SUPREME COURT,NONPARTISAN,SCATTERING,0,0
2006,APRIL,OCONTO,SURING VILLAGE WARD 1,SPRING GENERAL,JUSTICE OF THE SUPREME COURT,NONPARTISAN,PATRICK CROOKS,72,72
2006,APRIL,OCONTO,SURING VILLAGE WARD 1,SPRING GENERAL,JUSTICE OF THE SUPREME COURT,NONPARTISAN,SCATTERING,72,0
2006,APRIL,OCONTO,GILLETT CITY WARDS 1 - 4,SPRING GENERAL,JUSTICE OF THE SUPREME COURT,NONPARTISAN,PATRICK CROOKS,138,138
2006,APRIL,OCONTO,GILLETT CITY WARDS 1 - 4,SPRING GENERAL,JUSTICE OF THE SUPREME COURT,NONPARTISAN,SCATTERING,138,0
2006,APRIL,OCONTO,OCONTO CITY WARDS 1 - 8,SPRING GENERAL,JUSTICE OF THE SUPREME COURT,NONPARTISAN,PATRICK CROOKS,771,771
2006,APRIL,OCONTO,OCONTO CITY WARDS 1 - 8,SPRING GENERAL,JUSTICE OF THE SUPREME COURT,NONPARTISAN,SCATTERING,771,0
2006,APRIL,OCONTO,OCONTO FALLS CITY WARDS 1 - 5,SPRING GENERAL,JUSTICE OF THE SUPREME COURT,NONPARTISAN,PATRICK CROOKS,473,471
2006,APRIL,OCONTO,OCONTO FALLS CITY WARDS 1 - 5,SPRING GENERAL,JUSTICE OF THE SUPREME COURT,NONPARTISAN,SCATTERING,473,2
2006,APRIL,ONEIDA,CASSIAN TOWN WARDS 1 & 2,SPRING GENERAL,JUSTICE OF THE SUPREME COURT,NONPARTISAN,PATRICK CROOKS,106,106
2006,APRIL,ONEIDA,CASSIAN TOWN WARDS 1 & 2,SPRING GENERAL,JUSTICE OF THE SUPREME COURT,NONPARTISAN,SCATTERING,106,0
2006,APRIL,ONEIDA,CRESCENT TOWN WARDS 1 - 3,SPRING GENERAL,JUSTICE OF THE SUPREME COURT,NONPARTISAN,PATRICK CROOKS,161,161
2006,APRIL,ONEIDA,CRESCENT TOWN WARDS 1 - 3,SPRING GENERAL,JUSTICE OF THE SUPREME COURT,NONPARTISAN,SCATTERING,161,0
2006,APRIL,ONEIDA,ENTERPRISE TOWN WARD 1,SPRING GENERAL,JUSTICE OF THE SUPREME COURT,NONPARTISAN,PATRICK CROOKS,37,37
2006,APRIL,ONEIDA,ENTERPRISE TOWN WARD 1,SPRING GENERAL,JUSTICE OF THE SUPREME COURT,NONPARTISAN,SCATTERING,37,0
2006,APRIL,ONEIDA,HAZELHURST TOWN WARDS 1 & 2,SPRING GENERAL,JUSTICE OF THE SUPREME COURT,NONPARTISAN,PATRICK CROOKS,57,57
2006,APRIL,ONEIDA,HAZELHURST TOWN WARDS 1 & 2,SPRING GENERAL,JUSTICE OF THE SUPREME COURT,NONPARTISAN,SCATTERING,57,0
2006,APRIL,ONEIDA,LAKE TOMAHAWK TOWN WARDS 1 & 2,SPRING GENERAL,JUSTICE OF THE SUPREME COURT,NONPARTISAN,PATRICK CROOKS,187,187
2006,APRIL,ONEIDA,LAKE TOMAHAWK TOWN WARDS 1 & 2,SPRING GENERAL,JUSTICE OF THE SUPREME COURT,NONPARTISAN,SCATTERING,187,0
2006,APRIL,ONEIDA,LITTLE RICE TOWN WARD 1,SPRING GENERAL,JUSTICE OF THE SUPREME COURT,NONPARTISAN,PATRICK CROOKS,24,24
2006,APRIL,ONEIDA,LITTLE RICE TOWN WARD 1,SPRING GENERAL,JUSTICE OF THE SUPREME COURT,NONPARTISAN,SCATTERING,24,0
2006,APRIL,ONEIDA,LYNNE TOWN WARD 1,SPRING GENERAL,JUSTICE OF THE SUPREME COURT,NONPARTISAN,PATRICK CROOKS,23,23
2006,APRIL,ONEIDA,LYNNE TOWN WARD 1,SPRING GENERAL,JUSTICE OF THE SUPREME COURT,NONPARTISAN,SCATTERING,23,0
2006,APRIL,ONEIDA,MINOCQUA TOWN WARDS 1 - 6,SPRING GENERAL,JUSTICE OF THE SUPREME COURT,NONPARTISAN,PATRICK CROOKS,463,463
2006,APRIL,ONEIDA,MINOCQUA TOWN WARDS 1 - 6,SPRING GENERAL,JUSTICE OF THE SUPREME COURT,NONPARTISAN,SCATTERING,463,0
2006,APRIL,ONEIDA,MONICO TOWN WARD 1,SPRING GENERAL,JUSTICE OF THE SUPREME COURT,NONPARTISAN,PATRICK CROOKS,25,25
2006,APRIL,ONEIDA,MONICO TOWN WARD 1,SPRING GENERAL,JUSTICE OF THE SUPREME COURT,NONPARTISAN,SCATTERING,25,0
2006,APRIL,ONEIDA,NEWBOLD TOWN WARDS 1 - 5,SPRING GENERAL,JUSTICE OF THE SUPREME COURT,NONPARTISAN,PATRICK CROOKS,503,503
2006,APRIL,ONEIDA,NEWBOLD TOWN WARDS 1 - 5,SPRING GENERAL,JUSTICE OF THE SUPREME COURT,NONPARTISAN,SCATTERING,503,0
2006,APRIL,ONEIDA,NOKOMIS TOWN WARDS 1 & 2,SPRING GENERAL,JUSTICE OF THE SUPREME COURT,NONPARTISAN,PATRICK CROOKS,63,63
2006,APRIL,ONEIDA,NOKOMIS TOWN WARDS 1 & 2,SPRING GENERAL,JUSTICE OF THE SUPREME COURT,NONPARTISAN,SCATTERING,63,0
2006,APRIL,ONEIDA,PELICAN TOWN WARDS 1 - 5,SPRING GENERAL,JUSTICE OF THE SUPREME COURT,NONPARTISAN,PATRICK CROOKS,196,196
2006,APRIL,ONEIDA,PELICAN TOWN WARDS 1 - 5,SPRING GENERAL,JUSTICE OF THE SUPREME COURT,NONPARTISAN,SCATTERING,196,0
2006,APRIL,ONEIDA,PIEHL TOWN WARD 1,SPRING GENERAL,JUSTICE OF THE SUPREME COURT,NONPARTISAN,PATRICK CROOKS,10,10
2006,APRIL,ONEIDA,PIEHL TOWN WARD 1,SPRING GENERAL,JUSTICE OF THE SUPREME COURT,NONPARTISAN,SCATTERING,10,0
2006,APRIL,ONEIDA,PINE LAKE TOWN WARDS 1 - 4,SPRING GENERAL,JUSTICE OF THE SUPREME COURT,NONPARTISAN,PATRICK CROOKS,257,257
2006,APRIL,ONEIDA,PINE LAKE TOWN WARDS 1 - 4,SPRING GENERAL,JUSTICE OF THE SUPREME COURT,NONPARTISAN,SCATTERING,257,0
2006,APRIL,ONEIDA,SCHOEPKE TOWN WARD 1,SPRING GENERAL,JUSTICE OF THE SUPREME COURT,NONPARTISAN,PATRICK CROOKS,54,54
2006,APRIL,ONEIDA,SCHOEPKE TOWN WARD 1,SPRING GENERAL,JUSTICE OF THE SUPREME COURT,NONPARTISAN,SCATTERING,54,0
2006,APRIL,ONEIDA,STELLA TOWN WARD 1,SPRING GENERAL,JUSTICE OF THE SUPREME COURT,NONPARTISAN,PATRICK CROOKS,43,43
2006,APRIL,ONEIDA,STELLA TOWN WARD 1,SPRING GENERAL,JUSTICE OF THE SUPREME COURT,NONPARTISAN,SCATTERING,43,0
2006,APRIL,ONEIDA,SUGAR CAMP TOWN WARDS 1 & 2,SPRING GENERAL,JUSTICE OF THE SUPREME COURT,NONPARTISAN,PATRICK CROOKS,95,95
2006,APRIL,ONEIDA,SUGAR CAMP TOWN WARDS 1 & 2,SPRING GENERAL,JUSTICE OF THE SUPREME COURT,NONPARTISAN,SCATTERING,95,0
2006,APRIL,ONEIDA,THREE LAKES TOWN WARDS 1 - 3,SPRING GENERAL,JUSTICE OF THE SUPREME COURT,NONPARTISAN,PATRICK CROOKS,459,459
2006,APRIL,ONEIDA,THREE LAKES TOWN WARDS 1 - 3,SPRING GENERAL,JUSTICE OF THE SUPREME COURT,NONPARTISAN,SCATTERING,459,0
2006,APRIL,ONEIDA,WOODBORO TOWN WARD 1,SPRING GENERAL,JUSTICE OF THE SUPREME COURT,NONPARTISAN,PATRICK CROOKS,75,75
2006,APRIL,ONEIDA,WOODBORO TOWN WARD 1,SPRING GENERAL,JUSTICE OF THE SUPREME COURT,NONPARTISAN,SCATTERING,75,0
2006,APRIL,ONEIDA,WOODRUFF TOWN WARDS 1 - 3,SPRING GENERAL,JUSTICE OF THE SUPREME COURT,NONPARTISAN,PATRICK CROOKS,229,229
2006,APRIL,ONEIDA,WOODRUFF TOWN WARDS 1 - 3,SPRING GENERAL,JUSTICE OF THE SUPREME COURT,NONPARTISAN,SCATTERING,229,0
2006,APRIL,ONEIDA,RHINELANDER CITY WARDS 1 & 2,SPRING GENERAL,JUSTICE OF THE SUPREME COURT,NONPARTISAN,PATRICK CROOKS,166,166
2006,APRIL,ONEIDA,RHINELANDER CITY WARDS 1 & 2,SPRING GENERAL,JUSTICE OF THE SUPREME COURT,NONPARTISAN,SCATTERING,166,0
2006,APRIL,ONEIDA,RHINELANDER CITY WARDS 3 & 4,SPRING GENERAL,JUSTICE OF THE SUPREME COURT,NONPARTISAN,PATRICK CROOKS,149,149
2006,APRIL,ONEIDA,RHINELANDER CITY WARDS 3 & 4,SPRING GENERAL,JUSTICE OF THE SUPREME COURT,NONPARTISAN,SCATTERING,149,0
2006,APRIL,ONEIDA,RHINELANDER CITY WARDS 5 - 7,SPRING GENERAL,JUSTICE OF THE SUPREME COURT,NONPARTISAN,PATRICK CROOKS,184,184
2006,APRIL,ONEIDA,RHINELANDER CITY WARDS 5 - 7,SPRING GENERAL,JUSTICE OF THE SUPREME COURT,NONPARTISAN,SCATTERING,184,0
2006,APRIL,ONEIDA,RHINELANDER CITY WARDS 8 & 9,SPRING GENERAL,JUSTICE OF THE SUPREME COURT,NONPARTISAN,PATRICK CROOKS,143,143
2006,APRIL,ONEIDA,RHINELANDER CITY WARDS 8 & 9,SPRING GENERAL,JUSTICE OF THE SUPREME COURT,NONPARTISAN,SCATTERING,143,0
2006,APRIL,ONEIDA,RHINELANDER CITY WARDS 10 & 11,SPRING GENERAL,JUSTICE OF THE SUPREME COURT,NONPARTISAN,PATRICK CROOKS,209,209
2006,APRIL,ONEIDA,RHINELANDER CITY WARDS 10 & 11,SPRING GENERAL,JUSTICE OF THE SUPREME COURT,NONPARTISAN,SCATTERING,209,0
2006,APRIL,ONEIDA,RHINELANDER CITY WARDS 12 - 14,SPRING GENERAL,JUSTICE OF THE SUPREME COURT,NONPARTISAN,PATRICK CROOKS,142,141
2006,APRIL,ONEIDA,RHINELANDER CITY WARDS 12 - 14,SPRING GENERAL,JUSTICE OF THE SUPREME COURT,NONPARTISAN,SCATTERING,142,1
2006,APRIL,ONEIDA,RHINELANDER CITY WARDS 15 - 17,SPRING GENERAL,JUSTICE OF THE SUPREME COURT,NONPARTISAN,PATRICK CROOKS,145,145
2006,APRIL,ONEIDA,RHINELANDER CITY WARDS 15 - 17,SPRING GENERAL,JUSTICE OF THE SUPREME COURT,NONPARTISAN,SCATTERING,145,0
2006,APRIL,ONEIDA,RHINELANDER CITY WARDS 18 - 20,SPRING GENERAL,JUSTICE OF THE SUPREME COURT,NONPARTISAN,PATRICK CROOKS,189,189
2006,APRIL,ONEIDA,RHINELANDER CITY WARDS 18 - 20,SPRING GENERAL,JUSTICE OF THE SUPREME COURT,NONPARTISAN,SCATTERING,189,0
2006,APRIL,OUTAGAMIE,BLACK CREEK TOWN WARDS 1 & 2,SPRING GENERAL,JUSTICE OF THE SUPREME COURT,NONPARTISAN,PATRICK CROOKS,63,62
2006,APRIL,OUTAGAMIE,BLACK CREEK TOWN WARDS 1 & 2,SPRING GENERAL,JUSTICE OF THE SUPREME COURT,NONPARTISAN,SCATTERING,63,1
2006,APRIL,OUTAGAMIE,BOVINA TOWN WARDS 1 & 2,SPRING GENERAL,JUSTICE OF THE SUPREME COURT,NONPARTISAN,PATRICK CROOKS,83,83
2006,APRIL,OUTAGAMIE,BOVINA TOWN WARDS 1 & 2,SPRING GENERAL,JUSTICE OF THE SUPREME COURT,NONPARTISAN,SCATTERING,83,0
2006,APRIL,OUTAGAMIE,BUCHANAN TOWN WARDS 1 & 7,SPRING GENERAL,JUSTICE OF THE SUPREME COURT,NONPARTISAN,PATRICK CROOKS,86,84
2006,APRIL,OUTAGAMIE,BUCHANAN TOWN WARDS 1 & 7,SPRING GENERAL,JUSTICE OF THE SUPREME COURT,NONPARTISAN,SCATTERING,86,2
2006,APRIL,OUTAGAMIE,BUCHANAN TOWN WARDS 2 & 3,SPRING GENERAL,JUSTICE OF THE SUPREME COURT,NONPARTISAN,PATRICK CROOKS,147,146
2006,APRIL,OUTAGAMIE,BUCHANAN TOWN WARDS 2 & 3,SPRING GENERAL,JUSTICE OF THE SUPREME COURT,NONPARTISAN,SCATTERING,147,1
2006,APRIL,OUTAGAMIE,BUCHANAN TOWN WARDS 4 & 8,SPRING GENERAL,JUSTICE OF THE SUPREME COURT,NONPARTISAN,PATRICK CROOKS,31,31
2006,APRIL,OUTAGAMIE,BUCHANAN TOWN WARDS 4 & 8,SPRING GENERAL,JUSTICE OF THE SUPREME COURT,NONPARTISAN,SCATTERING,31,0
2006,APRIL,OUTAGAMIE,"BUCHANAN TOWN WARDS 5, 6 & 10",SPRING GENERAL,JUSTICE OF THE SUPREME COURT,NONPARTISAN,PATRICK CROOKS,348,346
2006,APRIL,OUTAGAMIE,"BUCHANAN TOWN WARDS 5, 6 & 10",SPRING GENERAL,JUSTICE OF THE SUPREME COURT,NONPARTISAN,SCATTERING,348,2
2006,APRIL,OUTAGAMIE,BUCHANAN TOWN WARD 9,SPRING GENERAL,JUSTICE OF THE SUPREME COURT,NONPARTISAN,PATRICK CROOKS,4,4
2006,APRIL,OUTAGAMIE,BUCHANAN TOWN WARD 9,SPRING GENERAL,JUSTICE OF THE SUPREME COURT,NONPARTISAN,SCATTERING,4,0
2006,APRIL,OUTAGAMIE,CENTER TOWN WARDS 1 & 2,SPRING GENERAL,JUSTICE OF THE SUPREME COURT,NONPARTISAN,PATRICK CROOKS,79,79
2006,APRIL,OUTAGAMIE,CENTER TOWN WARDS 1 & 2,SPRING GENERAL,JUSTICE OF THE SUPREME COURT,NONPARTISAN,SCATTERING,79,0
2006,APRIL,OUTAGAMIE,CENTER TOWN WARDS 3 - 5,SPRING GENERAL,JUSTICE OF THE SUPREME COURT,NONPARTISAN,PATRICK CROOKS,230,230
2006,APRIL,OUTAGAMIE,CENTER TOWN WARDS 3 - 5,SPRING GENERAL,JUSTICE OF THE SUPREME COURT,NONPARTISAN,SCATTERING,230,0
2006,APRIL,OUTAGAMIE,CICERO TOWN WARD 1,SPRING GENERAL,JUSTICE OF THE SUPREME COURT,NONPARTISAN,PATRICK CROOKS,27,27
2006,APRIL,OUTAGAMIE,CICERO TOWN WARD 1,SPRING GENERAL,JUSTICE OF THE SUPREME COURT,NONPARTISAN,SCATTERING,27,0
2006,APRIL,OUTAGAMIE,CICERO TOWN WARD 2,SPRING GENERAL,JUSTICE OF THE SUPREME COURT,NONPARTISAN,PATRICK CROOKS,11,11
2006,APRIL,OUTAGAMIE,CICERO TOWN WARD 2,SPRING GENERAL,JUSTICE OF THE SUPREME COURT,NONPARTISAN,SCATTERING,11,0
2006,APRIL,OUTAGAMIE,DALE TOWN WARDS 1 - 3,SPRING GENERAL,JUSTICE OF THE SUPREME COURT,NONPARTISAN,PATRICK CROOKS,265,265
2006,APRIL,OUTAGAMIE,DALE TOWN WARDS 1 - 3,SPRING GENERAL,JUSTICE OF THE SUPREME COURT,NONPARTISAN,SCATTERING,265,0
2006,APRIL,OUTAGAMIE,DALE TOWN WARD 4,SPRING GENERAL,JUSTICE OF THE SUPREME COURT,NONPARTISAN,PATRICK CROOKS,33,33
2006,APRIL,OUTAGAMIE,DALE TOWN WARD 4,SPRING GENERAL,JUSTICE OF THE SUPREME COURT,NONPARTISAN,SCATTERING,33,0
2006,APRIL,OUTAGAMIE,DEER CREEK TOWN WARD 1,SPRING GENERAL,JUSTICE OF THE SUPREME COURT,NONPARTISAN,PATRICK CROOKS,35,35
2006,APRIL,OUTAGAMIE,DEER CREEK TOWN WARD 1,SPRING GENERAL,JUSTICE OF THE SUPREME COURT,NONPARTISAN,SCATTERING,35,0
2006,APRIL,OUTAGAMIE,DEER CREEK TOWN WARD 2,SPRING GENERAL,JUSTICE OF THE SUPREME COURT,NONPARTISAN,PATRICK CROOKS,7,7
2006,APRIL,OUTAGAMIE,DEER CREEK TOWN WARD 2,SPRING GENERAL,JUSTICE OF THE SUPREME COURT,NONPARTISAN,SCATTERING,7,0
2006,APRIL,OUTAGAMIE,ELLINGTON TOWN WARDS 1 - 4,SPRING GENERAL,JUSTICE OF THE SUPREME COURT,NONPARTISAN,PATRICK CROOKS,325,325
2006,APRIL,OUTAGAMIE,ELLINGTON TOWN WARDS 1 - 4,SPRING GENERAL,JUSTICE OF THE SUPREME COURT,NONPARTISAN,SCATTERING,325,0
2006,APRIL,OUTAGAMIE,FREEDOM TOWN WARDS 1 & 2,SPRING GENERAL,JUSTICE OF THE SUPREME COURT,NONPARTISAN,PATRICK CROOKS,153,153
2006,APRIL,OUTAGAMIE,FREEDOM TOWN WARDS 1 & 2,SPRING GENERAL,JUSTICE OF THE SUPREME COURT,NONPARTISAN,SCATTERING,153,0
2006,APRIL,OUTAGAMIE,FREEDOM TOWN WARDS 3 - 7,SPRING GENERAL,JUSTICE OF THE SUPREME COURT,NONPARTISAN,PATRICK CROOKS,386,386
2006,APRIL,OUTAGAMIE,FREEDOM TOWN WARDS 3 - 7,SPRING GENERAL,JUSTICE OF THE SUPREME COURT,NONPARTISAN,SCATTERING,386,0
2006,APRIL,OUTAGAMIE,GRAND CHUTE TOWN WARD 1,SPRING GENERAL,JUSTICE OF THE SUPREME COURT,NONPARTISAN,PATRICK CROOKS,230,230
2006,APRIL,OUTAGAMIE,GRAND CHUTE TOWN WARD 1,SPRING GENERAL,JUSTICE OF THE SUPREME COURT,NONPARTISAN,SCATTERING,230,0
2006,APRIL,OUTAGAMIE,"GRAND CHUTE TOWN WARDS 2, 4 & 5",SPRING GENERAL,JUSTICE OF THE SUPREME COURT,NONPARTISAN,PATRICK CROOKS,295,295
2006,APRIL,OUTAGAMIE,"GRAND CHUTE TOWN WARDS 2, 4 & 5",SPRING GENERAL,JUSTICE OF THE SUPREME COURT,NONPARTISAN,SCATTERING,295,0
2006,APRIL,OUTAGAMIE,GRAND CHUTE TOWN WARD 3,SPRING GENERAL,JUSTICE OF THE SUPREME COURT,NONPARTISAN,PATRICK CROOKS,98,98
2006,APRIL,OUTAGAMIE,GRAND CHUTE TOWN WARD 3,SPRING GENERAL,JUSTICE OF THE SUPREME COURT,NONPARTISAN,SCATTERING,98,0
2006,APRIL,OUTAGAMIE,GRAND CHUTE TOWN WARDS 6 - 8,SPRING GENERAL,JUSTICE OF THE SUPREME COURT,NONPARTISAN,PATRICK CROOKS,390,390
2006,APRIL,OUTAGAMIE,GRAND CHUTE TOWN WARDS 6 - 8,SPRING GENERAL,JUSTICE OF THE SUPREME COURT,NONPARTISAN,SCATTERING,390,0
2006,APRIL,OUTAGAMIE,GRAND CHUTE TOWN WARDS 9 & 11,SPRING GENERAL,JUSTICE OF THE SUPREME COURT,NONPARTISAN,PATRICK CROOKS,211,211
2006,APRIL,OUTAGAMIE,GRAND CHUTE TOWN WARDS 9 & 11,SPRING GENERAL,JUSTICE OF THE SUPREME COURT,NONPARTISAN,SCATTERING,211,0
2006,APRIL,OUTAGAMIE,GRAND CHUTE TOWN WARD 10,SPRING GENERAL,JUSTICE OF THE SUPREME COURT,NONPARTISAN,PATRICK CROOKS,117,117
2006,APRIL,OUTAGAMIE,GRAND CHUTE TOWN WARD 10,SPRING GENERAL,JUSTICE OF THE SUPREME COURT,NONPARTISAN,SCATTERING,117,0
2006,APRIL,OUTAGAMIE,GRAND CHUTE TOWN WARDS 12 & 13,SPRING GENERAL,JUSTICE OF THE SUPREME COURT,NONPARTISAN,PATRICK CROOKS,389,389
2006,APRIL,OUTAGAMIE,GRAND CHUTE TOWN WARDS 12 & 13,SPRING GENERAL,JUSTICE OF THE SUPREME COURT,NONPARTISAN,SCATTERING,389,0
2006,APRIL,OUTAGAMIE,GREENVILLE TOWN WARDS 1 - 3,SPRING GENERAL,JUSTICE OF THE SUPREME COURT,NONPARTISAN,PATRICK CROOKS,633,632
2006,APRIL,OUTAGAMIE,GREENVILLE TOWN WARDS 1 - 3,SPRING GENERAL,JUSTICE OF THE SUPREME COURT,NONPARTISAN,SCATTERING,633,1
2006,APRIL,OUTAGAMIE,GREENVILLE TOWN WARDS 4 - 8,SPRING GENERAL,JUSTICE OF THE SUPREME COURT,NONPARTISAN,PATRICK CROOKS,1099,1096
2006,APRIL,OUTAGAMIE,GREENVILLE TOWN WARDS 4 - 8,SPRING GENERAL,JUSTICE OF THE SUPREME COURT,NONPARTISAN,SCATTERING,1099,3
2006,APRIL,OUTAGAMIE,HORTONIA TOWN WARD 1,SPRING GENERAL,JUSTICE OF THE SUPREME COURT,NONPARTISAN,PATRICK CROOKS,184,184
2006,APRIL,OUTAGAMIE,HORTONIA TOWN WARD 1,SPRING GENERAL,JUSTICE OF THE SUPREME COURT,NONPARTISAN,SCATTERING,184,0
2006,APRIL,OUTAGAMIE,HORTONIA TOWN WARD 2,SPRING GENERAL,JUSTICE OF THE SUPREME COURT,NONPARTISAN,PATRICK CROOKS,51,51
2006,APRIL,OUTAGAMIE,HORTONIA TOWN WARD 2,SPRING GENERAL,JUSTICE OF THE SUPREME COURT,NONPARTISAN,SCATTERING,51,0
2006,APRIL,OUTAGAMIE,KAUKAUNA TOWN WARDS 1 & 2,SPRING GENERAL,JUSTICE OF THE SUPREME COURT,NONPARTISAN,PATRICK CROOKS,198,198
2006,APRIL,OUTAGAMIE,KAUKAUNA TOWN WARDS 1 & 2,SPRING GENERAL,JUSTICE OF THE SUPREME COURT,NONPARTISAN,SCATTERING,198,0
2006,APRIL,OUTAGAMIE,LIBERTY TOWN WARD 1,SPRING GENERAL,JUSTICE OF THE SUPREME COURT,NONPARTISAN,PATRICK CROOKS,85,85
2006,APRIL,OUTAGAMIE,LIBERTY TOWN WARD 1,SPRING GENERAL,JUSTICE OF THE SUPREME COURT,NONPARTISAN,SCATTERING,85,0
2006,APRIL,OUTAGAMIE,MAINE TOWN WARD 1,SPRING GENERAL,JUSTICE OF THE SUPREME COURT,NONPARTISAN,PATRICK CROOKS,68,68
2006,APRIL,OUTAGAMIE,MAINE TOWN WARD 1,SPRING GENERAL,JUSTICE OF THE SUPREME COURT,NONPARTISAN,SCATTERING,68,0
2006,APRIL,OUTAGAMIE,MAPLE CREEK TOWN WARD 1,SPRING GENERAL,JUSTICE OF THE SUPREME COURT,NONPARTISAN,PATRICK CROOKS,39,39
2006,APRIL,OUTAGAMIE,MAPLE CREEK TOWN WARD 1,SPRING GENERAL,JUSTICE OF THE SUPREME COURT,NONPARTISAN,SCATTERING,39,0
2006,APRIL,OUTAGAMIE,ONEIDA TOWN WARDS 1 - 5,SPRING GENERAL,JUSTICE OF THE SUPREME COURT,NONPARTISAN,PATRICK CROOKS,217,217
2006,APRIL,OUTAGAMIE,ONEIDA TOWN WARDS 1 - 5,SPRING GENERAL,JUSTICE OF THE SUPREME COURT,NONPARTISAN,SCATTERING,217,0
2006,APRIL,OUTAGAMIE,OSBORN TOWN WARD 1,SPRING GENERAL,JUSTICE OF THE SUPREME COURT,NONPARTISAN,PATRICK CROOKS,31,31
2006,APRIL,OUTAGAMIE,OSBORN TOWN WARD 1,SPRING GENERAL,JUSTICE OF THE SUPREME COURT,NONPARTISAN,SCATTERING,31,0
2006,APRIL,OUTAGAMIE,OSBORN TOWN WARD 2,SPRING GENERAL,JUSTICE OF THE SUPREME COURT,NONPARTISAN,PATRICK CROOKS,32,31
2006,APRIL,OUTAGAMIE,OSBORN TOWN WARD 2,SPRING GENERAL,JUSTICE OF THE SUPREME COURT,NONPARTISAN,SCATTERING,32,1
2006,APRIL,OUTAGAMIE,SEYMOUR TOWN WARDS 1 & 2,SPRING GENERAL,JUSTICE OF THE SUPREME COURT,NONPARTISAN,PATRICK CROOKS,45,45
2006,APRIL,OUTAGAMIE,SEYMOUR TOWN WARDS 1 & 2,SPRING GENERAL,JUSTICE OF THE SUPREME COURT,NONPARTISAN,SCATTERING,45,0
2006,APRIL,OUTAGAMIE,VANDENBROEK TOWN WARDS 1 & 2,SPRING GENERAL,JUSTICE OF THE SUPREME COURT,NONPARTISAN,PATRICK CROOKS,196,196
2006,APRIL,OUTAGAMIE,VANDENBROEK TOWN WARDS 1 & 2,SPRING GENERAL,JUSTICE OF THE SUPREME COURT,NONPARTISAN,SCATTERING,196,0
2006,APRIL,OUTAGAMIE,BEAR CREEK VILLAGE WARD 1,SPRING GENERAL,JUSTICE OF THE SUPREME COURT,NONPARTISAN,PATRICK CROOKS,29,29
2006,APRIL,OUTAGAMIE,BEAR CREEK VILLAGE WARD 1,SPRING GENERAL,JUSTICE OF THE SUPREME COURT,NONPARTISAN,SCATTERING,29,0
2006,APRIL,OUTAGAMIE,BLACK CREEK VILLAGE WARDS 1 & 2,SPRING GENERAL,JUSTICE OF THE SUPREME COURT,NONPARTISAN,PATRICK CROOKS,154,154
2006,APRIL,OUTAGAMIE,BLACK CREEK VILLAGE WARDS 1 & 2,SPRING GENERAL,JUSTICE OF THE SUPREME COURT,NONPARTISAN,SCATTERING,154,0
2006,APRIL,OUTAGAMIE,COMBINED LOCKS VILLAGE WARDS 1 - 4,SPRING GENERAL,JUSTICE OF THE SUPREME COURT,NONPARTISAN,PATRICK CROOKS,281,281
2006,APRIL,OUTAGAMIE,COMBINED LOCKS VILLAGE WARDS 1 - 4,SPRING GENERAL,JUSTICE OF THE SUPREME COURT,NONPARTISAN,SCATTERING,281,0
2006,APRIL,OUTAGAMIE,HORTONVILLE VILLAGE WARDS 1 - 3,SPRING GENERAL,JUSTICE OF THE SUPREME COURT,NONPARTISAN,PATRICK CROOKS,575,575
2006,APRIL,OUTAGAMIE,HORTONVILLE VILLAGE WARDS 1 - 3,SPRING GENERAL,JUSTICE OF THE SUPREME COURT,NONPARTISAN,SCATTERING,575,0
2006,APRIL,OUTAGAMIE,HOWARD VILLAGE WARD 17,SPRING GENERAL,JUSTICE OF THE SUPREME COURT,NONPARTISAN,PATRICK CROOKS,0,0
2006,APRIL,OUTAGAMIE,HOWARD VILLAGE WARD 17,SPRING GENERAL,JUSTICE OF THE SUPREME COURT,NONPARTISAN,SCATTERING,0,0
2006,APRIL,OUTAGAMIE,KIMBERLY VILLAGE WARDS 1 - 5,SPRING GENERAL,JUSTICE OF THE SUPREME COURT,NONPARTISAN,PATRICK CROOKS,457,455
2006,APRIL,OUTAGAMIE,KIMBERLY VILLAGE WARDS 1 - 5,SPRING GENERAL,JUSTICE OF THE SUPREME COURT,NONPARTISAN,SCATTERING,457,2
2006,APRIL,OUTAGAMIE,KIMBERLY VILLAGE WARDS 6 & 7,SPRING GENERAL,JUSTICE OF THE SUPREME COURT,NONPARTISAN,PATRICK CROOKS,206,206
2006,APRIL,OUTAGAMIE,KIMBERLY VILLAGE WARDS 6 & 7,SPRING GENERAL,JUSTICE OF THE SUPREME COURT,NONPARTISAN,SCATTERING,206,0
2006,APRIL,OUTAGAMIE,LITTLE CHUTE VILLAGE WARD 1,SPRING GENERAL,JUSTICE OF THE SUPREME COURT,NONPARTISAN,PATRICK CROOKS,0,0
2006,APRIL,OUTAGAMIE,LITTLE CHUTE VILLAGE WARD 1,SPRING GENERAL,JUSTICE OF THE SUPREME COURT,NONPARTISAN,SCATTERING,0,0
2006,APRIL,OUTAGAMIE,LITTLE CHUTE VILLAGE WARDS 2 & 12,SPRING GENERAL,JUSTICE OF THE SUPREME COURT,NONPARTISAN,PATRICK CROOKS,12,12
2006,APRIL,OUTAGAMIE,LITTLE CHUTE VILLAGE WARDS 2 & 12,SPRING GENERAL,JUSTICE OF THE SUPREME COURT,NONPARTISAN,SCATTERING,12,0
2006,APRIL,OUTAGAMIE,LITTLE CHUTE VILLAGE WARD 3,SPRING GENERAL,JUSTICE OF THE SUPREME COURT,NONPARTISAN,PATRICK CROOKS,7,7
2006,APRIL,OUTAGAMIE,LITTLE CHUTE VILLAGE WARD 3,SPRING GENERAL,JUSTICE OF THE SUPREME COURT,NONPARTISAN,SCATTERING,7,0
2006,APRIL,OUTAGAMIE,LITTLE CHUTE VILLAGE WARD 4,SPRING GENERAL,JUSTICE OF THE SUPREME COURT,NONPARTISAN,PATRICK CROOKS,96,96
2006,APRIL,OUTAGAMIE,LITTLE CHUTE VILLAGE WARD 4,SPRING GENERAL,JUSTICE OF THE SUPREME COURT,NONPARTISAN,SCATTERING,96,0
2006,APRIL,OUTAGAMIE,LITTLE CHUTE VILLAGE WARD 5,SPRING GENERAL,JUSTICE OF THE SUPREME COURT,NONPARTISAN,PATRICK CROOKS,44,44
2006,APRIL,OUTAGAMIE,LITTLE CHUTE VILLAGE WARD 5,SPRING GENERAL,JUSTICE OF THE SUPREME COURT,NONPARTISAN,SCATTERING,44,0
2006,APRIL,OUTAGAMIE,LITTLE CHUTE VILLAGE WARDS 6 - 8,SPRING GENERAL,JUSTICE OF THE SUPREME COURT,NONPARTISAN,PATRICK CROOKS,295,293
2006,APRIL,OUTAGAMIE,LITTLE CHUTE VILLAGE WARDS 6 - 8,SPRING GENERAL,JUSTICE OF THE SUPREME COURT,NONPARTISAN,SCATTERING,295,2
2006,APRIL,OUTAGAMIE,LITTLE CHUTE VILLAGE WARDS 9 - 11,SPRING GENERAL,JUSTICE OF THE SUPREME COURT,NONPARTISAN,PATRICK CROOKS,292,291
2006,APRIL,OUTAGAMIE,LITTLE CHUTE VILLAGE WARDS 9 - 11,SPRING GENERAL,JUSTICE OF THE SUPREME COURT,NONPARTISAN,SCATTERING,292,1
2006,APRIL,OUTAGAMIE,LITTLE CHUTE VILLAGE WARD 13,SPRING GENERAL,JUSTICE OF THE SUPREME COURT,NONPARTISAN,PATRICK CROOKS,14,14
2006,APRIL,OUTAGAMIE,LITTLE CHUTE VILLAGE WARD 13,SPRING GENERAL,JUSTICE OF THE SUPREME COURT,NONPARTISAN,SCATTERING,14,0
2006,APRIL,OUTAGAMIE,LITTLE CHUTE VILLAGE WARD 14,SPRING GENERAL,JUSTICE OF THE SUPREME COURT,NONPARTISAN,PATRICK CROOKS,0,0
2006,APRIL,OUTAGAMIE,LITTLE CHUTE VILLAGE WARD 14,SPRING GENERAL,JUSTICE OF THE SUPREME COURT,NONPARTISAN,SCATTERING,0,0
2006,APRIL,OUTAGAMIE,NICHOLS VILLAGE WARD 1,SPRING GENERAL,JUSTICE OF THE SUPREME COURT,NONPARTISAN,PATRICK CROOKS,26,26
2006,APRIL,OUTAGAMIE,NICHOLS VILLAGE WARD 1,SPRING GENERAL,JUSTICE OF THE SUPREME COURT,NONPARTISAN,SCATTERING,26,0
2006,APRIL,OUTAGAMIE,SHIOCTON VILLAGE WARD 1,SPRING GENERAL,JUSTICE OF THE SUPREME COURT,NONPARTISAN,PATRICK CROOKS,75,75
2006,APRIL,OUTAGAMIE,SHIOCTON VILLAGE WARD 1,SPRING GENERAL,JUSTICE OF THE SUPREME COURT,NONPARTISAN,SCATTERING,75,0
2006,APRIL,OUTAGAMIE,WRIGHTSTOWN VILLAGE WARD 3,SPRING GENERAL,JUSTICE OF THE SUPREME COURT,NONPARTISAN,PATRICK CROOKS,8,8
2006,APRIL,OUTAGAMIE,WRIGHTSTOWN VILLAGE WARD 3,SPRING GENERAL,JUSTICE OF THE SUPREME COURT,NONPARTISAN,SCATTERING,8,0
2006,APRIL,OUTAGAMIE,APPLETON CITY WARD 1,SPRING GENERAL,JUSTICE OF THE SUPREME COURT,NONPARTISAN,PATRICK CROOKS,439,437
2006,APRIL,OUTAGAMIE,APPLETON CITY WARD 1,SPRING GENERAL,JUSTICE OF THE SUPREME COURT,NONPARTISAN,SCATTERING,439,2
2006,APRIL,OUTAGAMIE,APPLETON CITY WARD 2,SPRING GENERAL,JUSTICE OF THE SUPREME COURT,NONPARTISAN,PATRICK CROOKS,154,154
2006,APRIL,OUTAGAMIE,APPLETON CITY WARD 2,SPRING GENERAL,JUSTICE OF THE SUPREME COURT,NONPARTISAN,SCATTERING,154,0
2006,APRIL,OUTAGAMIE,APPLETON CITY WARD 3,SPRING GENERAL,JUSTICE OF THE SUPREME COURT,NONPARTISAN,PATRICK CROOKS,555,553
2006,APRIL,OUTAGAMIE,APPLETON CITY WARD 3,SPRING GENERAL,JUSTICE OF THE SUPREME COURT,NONPARTISAN,SCATTERING,555,2
2006,APRIL,OUTAGAMIE,APPLETON CITY WARD 4,SPRING GENERAL,JUSTICE OF THE SUPREME COURT,NONPARTISAN,PATRICK CROOKS,158,157
2006,APRIL,OUTAGAMIE,APPLETON CITY WARD 4,SPRING GENERAL,JUSTICE OF THE SUPREME COURT,NONPARTISAN,SCATTERING,158,1
2006,APRIL,OUTAGAMIE,APPLETON CITY WARD 5,SPRING GENERAL,JUSTICE OF THE SUPREME COURT,NONPARTISAN,PATRICK CROOKS,191,190
2006,APRIL,OUTAGAMIE,APPLETON CITY WARD 5,SPRING GENERAL,JUSTICE OF THE SUPREME COURT,NONPARTISAN,SCATTERING,191,1
2006,APRIL,OUTAGAMIE,APPLETON CITY WARD 6,SPRING GENERAL,JUSTICE OF THE SUPREME COURT,NONPARTISAN,PATRICK CROOKS,381,381
2006,APRIL,OUTAGAMIE,APPLETON CITY WARD 6,SPRING GENERAL,JUSTICE OF THE SUPREME COURT,NONPARTISAN,SCATTERING,381,0
2006,APRIL,OUTAGAMIE,APPLETON CITY WARD 7,SPRING GENERAL,JUSTICE OF THE SUPREME COURT,NONPARTISAN,PATRICK CROOKS,602,600
2006,APRIL,OUTAGAMIE,APPLETON CITY WARD 7,SPRING GENERAL,JUSTICE OF THE SUPREME COURT,NONPARTISAN,SCATTERING,602,2
2006,APRIL,OUTAGAMIE,APPLETON CITY WARD 8,SPRING GENERAL,JUSTICE OF THE SUPREME COURT,NONPARTISAN,PATRICK CROOKS,279,277
2006,APRIL,OUTAGAMIE,APPLETON CITY WARD 8,SPRING GENERAL,JUSTICE OF THE SUPREME COURT,NONPARTISAN,SCATTERING,279,2
2006,APRIL,OUTAGAMIE,APPLETON CITY WARD 9,SPRING GENERAL,JUSTICE OF THE SUPREME COURT,NONPARTISAN,PATRICK CROOKS,450,446
2006,APRIL,OUTAGAMIE,APPLETON CITY WARD 9,SPRING GENERAL,JUSTICE OF THE SUPREME COURT,NONPARTISAN,SCATTERING,450,4
2006,APRIL,OUTAGAMIE,APPLETON CITY WARD 10,SPRING GENERAL,JUSTICE OF THE SUPREME COURT,NONPARTISAN,PATRICK CROOKS,333,332
2006,APRIL,OUTAGAMIE,APPLETON CITY WARD 10,SPRING GENERAL,JUSTICE OF THE SUPREME COURT,NONPARTISAN,SCATTERING,333,1
2006,APRIL,OUTAGAMIE,APPLETON CITY WARD 11,SPRING GENERAL,JUSTICE OF THE SUPREME COURT,NONPARTISAN,PATRICK CROOKS,218,218
2006,APRIL,OUTAGAMIE,APPLETON CITY WARD 11,SPRING GENERAL,JUSTICE OF THE SUPREME COURT,NONPARTISAN,SCATTERING,218,0
2006,APRIL,OUTAGAMIE,APPLETON CITY WARD 15,SPRING GENERAL,JUSTICE OF THE SUPREME COURT,NONPARTISAN,PATRICK CROOKS,265,264
2006,APRIL,OUTAGAMIE,APPLETON CITY WARD 15,SPRING GENERAL,JUSTICE OF THE SUPREME COURT,NONPARTISAN,SCATTERING,265,1
2006,APRIL,OUTAGAMIE,APPLETON CITY WARD 16,SPRING GENERAL,JUSTICE OF THE SUPREME COURT,NONPARTISAN,PATRICK CROOKS,630,624
2006,APRIL,OUTAGAMIE,APPLETON CITY WARD 16,SPRING GENERAL,JUSTICE OF THE SUPREME COURT,NONPARTISAN,SCATTERING,630,6
2006,APRIL,OUTAGAMIE,APPLETON CITY WARD 17,SPRING GENERAL,JUSTICE OF THE SUPREME COURT,NONPARTISAN,PATRICK CROOKS,391,389
2006,APRIL,OUTAGAMIE,APPLETON CITY WARD 17,SPRING GENERAL,JUSTICE OF THE SUPREME COURT,NONPARTISAN,SCATTERING,391,2
2006,APRIL,OUTAGAMIE,APPLETON CITY WARD 18,SPRING GENERAL,JUSTICE OF THE SUPREME COURT,NONPARTISAN,PATRICK CROOKS,517,515
2006,APRIL,OUTAGAMIE,APPLETON CITY WARD 18,SPRING GENERAL,JUSTICE OF THE SUPREME COURT,NONPARTISAN,SCATTERING,517,2
2006,APRIL,OUTAGAMIE,APPLETON CITY WARD 19,SPRING GENERAL,JUSTICE OF THE SUPREME COURT,NONPARTISAN,PATRICK CROOKS,479,476
2006,APRIL,OUTAGAMIE,APPLETON CITY WARD 19,SPRING GENERAL,JUSTICE OF THE SUPREME COURT,NONPARTISAN,SCATTERING,479,3
2006,APRIL,OUTAGAMIE,APPLETON CITY WARD 20,SPRING GENERAL,JUSTICE OF THE SUPREME COURT,NONPARTISAN,PATRICK CROOKS,219,218
2006,APRIL,OUTAGAMIE,APPLETON CITY WARD 20,SPRING GENERAL,JUSTICE OF THE SUPREME COURT,NONPARTISAN,SCATTERING,219,1
2006,APRIL,OUTAGAMIE,APPLETON CITY WARD 21,SPRING GENERAL,JUSTICE OF THE SUPREME COURT,NONPARTISAN,PATRICK CROOKS,67,67
2006,APRIL,OUTAGAMIE,APPLETON CITY WARD 21,SPRING GENERAL,JUSTICE OF THE SUPREME COURT,NONPARTISAN,SCATTERING,67,0
2006,APRIL,OUTAGAMIE,APPLETON CITY WARD 22,SPRING GENERAL,JUSTICE OF THE SUPREME COURT,NONPARTISAN,PATRICK CROOKS,532,528
2006,APRIL,OUTAGAMIE,APPLETON CITY WARD 22,SPRING GENERAL,JUSTICE OF THE SUPREME COURT,NONPARTISAN,SCATTERING,532,4
2006,APRIL,OUTAGAMIE,APPLETON CITY WARD 23,SPRING GENERAL,JUSTICE OF THE SUPREME COURT,NONPARTISAN,PATRICK CROOKS,431,423
2006,APRIL,OUTAGAMIE,APPLETON CITY WARD 23,SPRING GENERAL,JUSTICE OF THE SUPREME COURT,NONPARTISAN,SCATTERING,431,8
2006,APRIL,OUTAGAMIE,APPLETON CITY WARD 24,SPRING GENERAL,JUSTICE OF THE SUPREME COURT,NONPARTISAN,PATRICK CROOKS,582,577
2006,APRIL,OUTAGAMIE,APPLETON CITY WARD 24,SPRING GENERAL,JUSTICE OF THE SUPREME COURT,NONPARTISAN,SCATTERING,582,5
2006,APRIL,OUTAGAMIE,APPLETON CITY WARD 25,SPRING GENERAL,JUSTICE OF THE SUPREME COURT,NONPARTISAN,PATRICK CROOKS,330,330
2006,APRIL,OUTAGAMIE,APPLETON CITY WARD 25,SPRING GENERAL,JUSTICE OF THE SUPREME COURT,NONPARTISAN,SCATTERING,330,0
2006,APRIL,OUTAGAMIE,APPLETON CITY WARD 26,SPRING GENERAL,JUSTICE OF THE SUPREME COURT,NONPARTISAN,PATRICK CROOKS,224,223
2006,APRIL,OUTAGAMIE,APPLETON CITY WARD 26,SPRING GENERAL,JUSTICE OF THE SUPREME COURT,NONPARTISAN,SCATTERING,224,1
2006,APRIL,OUTAGAMIE,APPLETON CITY WARD 27,SPRING GENERAL,JUSTICE OF THE SUPREME COURT,NONPARTISAN,PATRICK CROOKS,216,216
2006,APRIL,OUTAGAMIE,APPLETON CITY WARD 27,SPRING GENERAL,JUSTICE OF THE SUPREME COURT,NONPARTISAN,SCATTERING,216,0
2006,APRIL,OUTAGAMIE,APPLETON CITY WARD 28,SPRING GENERAL,JUSTICE OF THE SUPREME COURT,NONPARTISAN,PATRICK CROOKS,420,417
2006,APRIL,OUTAGAMIE,APPLETON CITY WARD 28,SPRING GENERAL,JUSTICE OF THE SUPREME COURT,NONPARTISAN,SCATTERING,420,3
2006,APRIL,OUTAGAMIE,APPLETON CITY WARD 29,SPRING GENERAL,JUSTICE OF THE SUPREME COURT,NONPARTISAN,PATRICK CROOKS,640,630
2006,APRIL,OUTAGAMIE,APPLETON CITY WARD 29,SPRING GENERAL,JUSTICE OF THE SUPREME COURT,NONPARTISAN,SCATTERING,640,10
2006,APRIL,OUTAGAMIE,APPLETON CITY WARD 30,SPRING GENERAL,JUSTICE OF THE SUPREME COURT,NONPARTISAN,PATRICK CROOKS,440,438
2006,APRIL,OUTAGAMIE,APPLETON CITY WARD 30,SPRING GENERAL,JUSTICE OF THE SUPREME COURT,NONPARTISAN,SCATTERING,440,2
2006,APRIL,OUTAGAMIE,APPLETON CITY WARD 31,SPRING GENERAL,JUSTICE OF THE SUPREME COURT,NONPARTISAN,PATRICK CROOKS,471,471
2006,APRIL,OUTAGAMIE,APPLETON CITY WARD 31,SPRING GENERAL,JUSTICE OF THE SUPREME COURT,NONPARTISAN,SCATTERING,471,0
2006,APRIL,OUTAGAMIE,APPLETON CITY WARD 32,SPRING GENERAL,JUSTICE OF THE SUPREME COURT,NONPARTISAN,PATRICK CROOKS,422,417
2006,APRIL,OUTAGAMIE,APPLETON CITY WARD 32,SPRING GENERAL,JUSTICE OF THE SUPREME COURT,NONPARTISAN,SCATTERING,422,5
2006,APRIL,OUTAGAMIE,APPLETON CITY WARD 33,SPRING GENERAL,JUSTICE OF THE SUPREME COURT,NONPARTISAN,PATRICK CROOKS,417,416
2006,APRIL,OUTAGAMIE,APPLETON CITY WARD 33,SPRING GENERAL,JUSTICE OF THE SUPREME COURT,NONPARTISAN,SCATTERING,417,1
2006,APRIL,OUTAGAMIE,APPLETON CITY WARD 34,SPRING GENERAL,JUSTICE OF THE SUPREME COURT,NONPARTISAN,PATRICK CROOKS,135,135
2006,APRIL,OUTAGAMIE,APPLETON CITY WARD 34,SPRING GENERAL,JUSTICE OF THE SUPREME COURT,NONPARTISAN,SCATTERING,135,0
2006,APRIL,OUTAGAMIE,APPLETON CITY WARD 35,SPRING GENERAL,JUSTICE OF THE SUPREME COURT,NONPARTISAN,PATRICK CROOKS,343,342
2006,APRIL,OUTAGAMIE,APPLETON CITY WARD 35,SPRING GENERAL,JUSTICE OF THE SUPREME COURT,NONPARTISAN,SCATTERING,343,1
2006,APRIL,OUTAGAMIE,APPLETON CITY WARD 36,SPRING GENERAL,JUSTICE OF THE SUPREME COURT,NONPARTISAN,PATRICK CROOKS,368,366
2006,APRIL,OUTAGAMIE,APPLETON CITY WARD 36,SPRING GENERAL,JUSTICE OF THE SUPREME COURT,NONPARTISAN,SCATTERING,368,2
2006,APRIL,OUTAGAMIE,APPLETON CITY WARD 37,SPRING GENERAL,JUSTICE OF THE SUPREME COURT,NONPARTISAN,PATRICK CROOKS,201,196
2006,APRIL,OUTAGAMIE,APPLETON CITY WARD 37,SPRING GENERAL,JUSTICE OF THE SUPREME COURT,NONPARTISAN,SCATTERING,201,5
2006,APRIL,OUTAGAMIE,APPLETON CITY WARD 50,SPRING GENERAL,JUSTICE OF THE SUPREME COURT,NONPARTISAN,PATRICK CROOKS,0,0
2006,APRIL,OUTAGAMIE,APPLETON CITY WARD 50,SPRING GENERAL,JUSTICE OF THE SUPREME COURT,NONPARTISAN,SCATTERING,0,0
2006,APRIL,OUTAGAMIE,APPLETON CITY WARD 51,SPRING GENERAL,JUSTICE OF THE SUPREME COURT,NONPARTISAN,PATRICK CROOKS,0,0
2006,APRIL,OUTAGAMIE,APPLETON CITY WARD 51,SPRING GENERAL,JUSTICE OF THE SUPREME COURT,NONPARTISAN,SCATTERING,0,0
2006,APRIL,OUTAGAMIE,APPLETON CITY WARD 52,SPRING GENERAL,JUSTICE OF THE SUPREME COURT,NONPARTISAN,PATRICK CROOKS,0,0
2006,APRIL,OUTAGAMIE,APPLETON CITY WARD 52,SPRING GENERAL,JUSTICE OF THE SUPREME COURT,NONPARTISAN,SCATTERING,0,0
2006,APRIL,OUTAGAMIE,APPLETON CITY WARD 53,SPRING GENERAL,JUSTICE OF THE SUPREME COURT,NONPARTISAN,PATRICK CROOKS,2,2
2006,APRIL,OUTAGAMIE,APPLETON CITY WARD 53,SPRING GENERAL,JUSTICE OF THE SUPREME COURT,NONPARTISAN,SCATTERING,2,0
2006,APRIL,OUTAGAMIE,APPLETON CITY WARD 54,SPRING GENERAL,JUSTICE OF THE SUPREME COURT,NONPARTISAN,PATRICK CROOKS,4,4
2006,APRIL,OUTAGAMIE,APPLETON CITY WARD 54,SPRING GENERAL,JUSTICE OF THE SUPREME COURT,NONPARTISAN,SCATTERING,4,0
2006,APRIL,OUTAGAMIE,APPLETON CITY WARD 55,SPRING GENERAL,JUSTICE OF THE SUPREME COURT,NONPARTISAN,PATRICK CROOKS,6,6
2006,APRIL,OUTAGAMIE,APPLETON CITY WARD 55,SPRING GENERAL,JUSTICE OF THE SUPREME COURT,NONPARTISAN,SCATTERING,6,0
2006,APRIL,OUTAGAMIE,APPLETON CITY WARD 56,SPRING GENERAL,JUSTICE OF THE SUPREME COURT,NONPARTISAN,PATRICK CROOKS,0,0
2006,APRIL,OUTAGAMIE,APPLETON CITY WARD 56,SPRING GENERAL,JUSTICE OF THE SUPREME COURT,NONPARTISAN,SCATTERING,0,0
2006,APRIL,OUTAGAMIE,APPLETON CITY WARD 57,SPRING GENERAL,JUSTICE OF THE SUPREME COURT,NONPARTISAN,PATRICK CROOKS,0,0
2006,APRIL,OUTAGAMIE,APPLETON CITY WARD 57,SPRING GENERAL,JUSTICE OF THE SUPREME COURT,NONPARTISAN,SCATTERING,0,0
2006,APRIL,OUTAGAMIE,APPLETON CITY WARD 58,SPRING GENERAL,JUSTICE OF THE SUPREME COURT,NONPARTISAN,PATRICK CROOKS,0,0
2006,APRIL,OUTAGAMIE,APPLETON CITY WARD 58,SPRING GENERAL,JUSTICE OF THE SUPREME COURT,NONPARTISAN,SCATTERING,0,0
2006,APRIL,OUTAGAMIE,KAUKAUNA CITY WARD 1,SPRING GENERAL,JUSTICE OF THE SUPREME COURT,NONPARTISAN,PATRICK CROOKS,242,242
2006,APRIL,OUTAGAMIE,KAUKAUNA CITY WARD 1,SPRING GENERAL,JUSTICE OF THE SUPREME COURT,NONPARTISAN,SCATTERING,242,0
2006,APRIL,OUTAGAMIE,KAUKAUNA CITY WARD 2,SPRING GENERAL,JUSTICE OF THE SUPREME COURT,NONPARTISAN,PATRICK CROOKS,100,100
2006,APRIL,OUTAGAMIE,KAUKAUNA CITY WARD 2,SPRING GENERAL,JUSTICE OF THE SUPREME COURT,NONPARTISAN,SCATTERING,100,0
2006,APRIL,OUTAGAMIE,KAUKAUNA CITY WARD 3,SPRING GENERAL,JUSTICE OF THE SUPREME COURT,NONPARTISAN,PATRICK CROOKS,83,83
2006,APRIL,OUTAGAMIE,KAUKAUNA CITY WARD 3,SPRING GENERAL,JUSTICE OF THE SUPREME COURT,NONPARTISAN,SCATTERING,83,0
2006,APRIL,OUTAGAMIE,KAUKAUNA CITY WARD 4,SPRING GENERAL,JUSTICE OF THE SUPREME COURT,NONPARTISAN,PATRICK CROOKS,220,220
2006,APRIL,OUTAGAMIE,KAUKAUNA CITY WARD 4,SPRING GENERAL,JUSTICE OF THE SUPREME COURT,NONPARTISAN,SCATTERING,220,0
2006,APRIL,OUTAGAMIE,KAUKAUNA CITY WARD 5,SPRING GENERAL,JUSTICE OF THE SUPREME COURT,NONPARTISAN,PATRICK CROOKS,121,121
2006,APRIL,OUTAGAMIE,KAUKAUNA CITY WARD 5,SPRING GENERAL,JUSTICE OF THE SUPREME COURT,NONPARTISAN,SCATTERING,121,0
2006,APRIL,OUTAGAMIE,KAUKAUNA CITY WARD 6,SPRING GENERAL,JUSTICE OF THE SUPREME COURT,NONPARTISAN,PATRICK CROOKS,180,180
2006,APRIL,OUTAGAMIE,KAUKAUNA CITY WARD 6,SPRING GENERAL,JUSTICE OF THE SUPREME COURT,NONPARTISAN,SCATTERING,180,0
2006,APRIL,OUTAGAMIE,KAUKAUNA CITY WARD 7,SPRING GENERAL,JUSTICE OF THE SUPREME COURT,NONPARTISAN,PATRICK CROOKS,123,123
2006,APRIL,OUTAGAMIE,KAUKAUNA CITY WARD 7,SPRING GENERAL,JUSTICE OF THE SUPREME COURT,NONPARTISAN,SCATTERING,123,0
2006,APRIL,OUTAGAMIE,KAUKAUNA CITY WARD 8,SPRING GENERAL,JUSTICE OF THE SUPREME COURT,NONPARTISAN,PATRICK CROOKS,273,273
2006,APRIL,OUTAGAMIE,KAUKAUNA CITY WARD 8,SPRING GENERAL,JUSTICE OF THE SUPREME COURT,NONPARTISAN,SCATTERING,273,0
2006,APRIL,OUTAGAMIE,KAUKAUNA CITY WARDS 9 & 11,SPRING GENERAL,JUSTICE OF THE SUPREME COURT,NONPARTISAN,PATRICK CROOKS,390,390
2006,APRIL,OUTAGAMIE,KAUKAUNA CITY WARDS 9 & 11,SPRING GENERAL,JUSTICE OF THE SUPREME COURT,NONPARTISAN,SCATTERING,390,0
2006,APRIL,OUTAGAMIE,KAUKAUNA CITY WARD 10,SPRING GENERAL,JUSTICE OF THE SUPREME COURT,NONPARTISAN,PATRICK CROOKS,88,88
2006,APRIL,OUTAGAMIE,KAUKAUNA CITY WARD 10,SPRING GENERAL,JUSTICE OF THE SUPREME COURT,NONPARTISAN,SCATTERING,88,0
2006,APRIL,OUTAGAMIE,KAUKAUNA CITY WARD 12,SPRING GENERAL,JUSTICE OF THE SUPREME COURT,NONPARTISAN,PATRICK CROOKS,4,4
2006,APRIL,OUTAGAMIE,KAUKAUNA CITY WARD 12,SPRING GENERAL,JUSTICE OF THE SUPREME COURT,NONPARTISAN,SCATTERING,4,0
2006,APRIL,OUTAGAMIE,NEW LONDON CITY WARDS 1 & 2,SPRING GENERAL,JUSTICE OF THE SUPREME COURT,NONPARTISAN,PATRICK CROOKS,105,102
2006,APRIL,OUTAGAMIE,NEW LONDON CITY WARDS 1 & 2,SPRING GENERAL,JUSTICE OF THE SUPREME COURT,NONPARTISAN,SCATTERING,105,3
2006,APRIL,OUTAGAMIE,SEYMOUR CITY WARDS 1 & 2,SPRING GENERAL,JUSTICE OF THE SUPREME COURT,NONPARTISAN,PATRICK CROOKS,160,160
2006,APRIL,OUTAGAMIE,SEYMOUR CITY WARDS 1 & 2,SPRING GENERAL,JUSTICE OF THE SUPREME COURT,NONPARTISAN,SCATTERING,160,0
2006,APRIL,OUTAGAMIE,SEYMOUR CITY WARDS 3 & 4,SPRING GENERAL,JUSTICE OF THE SUPREME COURT,NONPARTISAN,PATRICK CROOKS,95,95
2006,APRIL,OUTAGAMIE,SEYMOUR CITY WARDS 3 & 4,SPRING GENERAL,JUSTICE OF THE SUPREME COURT,NONPARTISAN,SCATTERING,95,0
2006,APRIL,OUTAGAMIE,SEYMOUR CITY WARDS 5 & 6,SPRING GENERAL,JUSTICE OF THE SUPREME COURT,NONPARTISAN,PATRICK CROOKS,101,101
2006,APRIL,OUTAGAMIE,SEYMOUR CITY WARDS 5 & 6,SPRING GENERAL,JUSTICE OF THE SUPREME COURT,NONPARTISAN,SCATTERING,101,0
2006,APRIL,OZAUKEE,BELGIUM TOWN WARDS 1 - 3,SPRING GENERAL,JUSTICE OF THE SUPREME COURT,NONPARTISAN,PATRICK CROOKS,152,148
2006,APRIL,OZAUKEE,BELGIUM TOWN WARDS 1 - 3,SPRING GENERAL,JUSTICE OF THE SUPREME COURT,NONPARTISAN,SCATTERING,152,4
2006,APRIL,OZAUKEE,"CEDARBURG TOWN WARDS 1, 2 & 10",SPRING GENERAL,JUSTICE OF THE SUPREME COURT,NONPARTISAN,PATRICK CROOKS,213,213
2006,APRIL,OZAUKEE,"CEDARBURG TOWN WARDS 1, 2 & 10",SPRING GENERAL,JUSTICE OF THE SUPREME COURT,NONPARTISAN,SCATTERING,213,0
2006,APRIL,OZAUKEE,CEDARBURG TOWN WARDS 3 & 4,SPRING GENERAL,JUSTICE OF THE SUPREME COURT,NONPARTISAN,PATRICK CROOKS,231,228
2006,APRIL,OZAUKEE,CEDARBURG TOWN WARDS 3 & 4,SPRING GENERAL,JUSTICE OF THE SUPREME COURT,NONPARTISAN,SCATTERING,231,3
2006,APRIL,OZAUKEE,CEDARBURG TOWN WARDS 5 & 6,SPRING GENERAL,JUSTICE OF THE SUPREME COURT,NONPARTISAN,PATRICK CROOKS,289,288
2006,APRIL,OZAUKEE,CEDARBURG TOWN WARDS 5 & 6,SPRING GENERAL,JUSTICE OF THE SUPREME COURT,NONPARTISAN,SCATTERING,289,1
2006,APRIL,OZAUKEE,CEDARBURG TOWN WARDS 7 - 9,SPRING GENERAL,JUSTICE OF THE SUPREME COURT,NONPARTISAN,PATRICK CROOKS,255,255
2006,APRIL,OZAUKEE,CEDARBURG TOWN WARDS 7 - 9,SPRING GENERAL,JUSTICE OF THE SUPREME COURT,NONPARTISAN,SCATTERING,255,0
2006,APRIL,OZAUKEE,FREDONIA TOWN WARDS 1 - 3,SPRING GENERAL,JUSTICE OF THE SUPREME COURT,NONPARTISAN,PATRICK CROOKS,367,366
2006,APRIL,OZAUKEE,FREDONIA TOWN WARDS 1 - 3,SPRING GENERAL,JUSTICE OF THE SUPREME COURT,NONPARTISAN,SCATTERING,367,1
2006,APRIL,OZAUKEE,"GRAFTON TOWN WARDS 1, 2 & 6",SPRING GENERAL,JUSTICE OF THE SUPREME COURT,NONPARTISAN,PATRICK CROOKS,174,174
2006,APRIL,OZAUKEE,"GRAFTON TOWN WARDS 1, 2 & 6",SPRING GENERAL,JUSTICE OF THE SUPREME COURT,NONPARTISAN,SCATTERING,174,0
2006,APRIL,OZAUKEE,GRAFTON TOWN WARDS 3 - 5 & 7,SPRING GENERAL,JUSTICE OF THE SUPREME COURT,NONPARTISAN,PATRICK CROOKS,162,162
2006,APRIL,OZAUKEE,GRAFTON TOWN WARDS 3 - 5 & 7,SPRING GENERAL,JUSTICE OF THE SUPREME COURT,NONPARTISAN,SCATTERING,162,0
2006,APRIL,OZAUKEE,PORT WASHINGTON TOWN WARDS 1 & 2,SPRING GENERAL,JUSTICE OF THE SUPREME COURT,NONPARTISAN,PATRICK CROOKS,51,51
2006,APRIL,OZAUKEE,PORT WASHINGTON TOWN WARDS 1 & 2,SPRING GENERAL,JUSTICE OF THE SUPREME COURT,NONPARTISAN,SCATTERING,51,0
2006,APRIL,OZAUKEE,SAUKVILLE TOWN WARDS 1 - 5,SPRING GENERAL,JUSTICE OF THE SUPREME COURT,NONPARTISAN,PATRICK CROOKS,279,279
2006,APRIL,OZAUKEE,SAUKVILLE TOWN WARDS 1 - 5,SPRING GENERAL,JUSTICE OF THE SUPREME COURT,NONPARTISAN,SCATTERING,279,0
2006,APRIL,OZAUKEE,BAYSIDE VILLAGE WARD 6,SPRING GENERAL,JUSTICE OF THE SUPREME COURT,NONPARTISAN,PATRICK CROOKS,12,12
2006,APRIL,OZAUKEE,BAYSIDE VILLAGE WARD 6,SPRING GENERAL,JUSTICE OF THE SUPREME COURT,NONPARTISAN,SCATTERING,12,0
2006,APRIL,OZAUKEE,BELGIUM VILLAGE WARDS 1 & 2,SPRING GENERAL,JUSTICE OF THE SUPREME COURT,NONPARTISAN,PATRICK CROOKS,82,82
2006,APRIL,OZAUKEE,BELGIUM VILLAGE WARDS 1 & 2,SPRING GENERAL,JUSTICE OF THE SUPREME COURT,NONPARTISAN,SCATTERING,82,0
2006,APRIL,OZAUKEE,FREDONIA VILLAGE WARDS 1 & 2,SPRING GENERAL,JUSTICE OF THE SUPREME COURT,NONPARTISAN,PATRICK CROOKS,326,324
2006,APRIL,OZAUKEE,FREDONIA VILLAGE WARDS 1 & 2,SPRING GENERAL,JUSTICE OF THE SUPREME COURT,NONPARTISAN,SCATTERING,326,2
2006,APRIL,OZAUKEE,GRAFTON VILLAGE WARDS 1 & 2,SPRING GENERAL,JUSTICE OF THE SUPREME COURT,NONPARTISAN,PATRICK CROOKS,97,97
2006,APRIL,OZAUKEE,GRAFTON VILLAGE WARDS 1 & 2,SPRING GENERAL,JUSTICE OF THE SUPREME COURT,NONPARTISAN,SCATTERING,97,0
2006,APRIL,OZAUKEE,GRAFTON VILLAGE WARDS 3 & 4,SPRING GENERAL,JUSTICE OF THE SUPREME COURT,NONPARTISAN,PATRICK CROOKS,130,130
2006,APRIL,OZAUKEE,GRAFTON VILLAGE WARDS 3 & 4,SPRING GENERAL,JUSTICE OF THE SUPREME COURT,NONPARTISAN,SCATTERING,130,0
2006,APRIL,OZAUKEE,GRAFTON VILLAGE WARD 5,SPRING GENERAL,JUSTICE OF THE SUPREME COURT,NONPARTISAN,PATRICK CROOKS,117,116
2006,APRIL,OZAUKEE,GRAFTON VILLAGE WARD 5,SPRING GENERAL,JUSTICE OF THE SUPREME COURT,NONPARTISAN,SCATTERING,117,1
2006,APRIL,OZAUKEE,GRAFTON VILLAGE WARDS 6 - 8,SPRING GENERAL,JUSTICE OF THE SUPREME COURT,NONPARTISAN,PATRICK CROOKS,212,210
2006,APRIL,OZAUKEE,GRAFTON VILLAGE WARDS 6 - 8,SPRING GENERAL,JUSTICE OF THE SUPREME COURT,NONPARTISAN,SCATTERING,212,2
2006,APRIL,OZAUKEE,GRAFTON VILLAGE WARDS 9 - 11,SPRING GENERAL,JUSTICE OF THE SUPREME COURT,NONPARTISAN,PATRICK CROOKS,150,149
2006,APRIL,OZAUKEE,GRAFTON VILLAGE WARDS 9 - 11,SPRING GENERAL,JUSTICE OF THE SUPREME COURT,NONPARTISAN,SCATTERING,150,1
2006,APRIL,OZAUKEE,GRAFTON VILLAGE WARDS 12 & 13,SPRING GENERAL,JUSTICE OF THE SUPREME COURT,NONPARTISAN,PATRICK CROOKS,172,171
2006,APRIL,OZAUKEE,GRAFTON VILLAGE WARDS 12 & 13,SPRING GENERAL,JUSTICE OF THE SUPREME COURT,NONPARTISAN,SCATTERING,172,1
2006,APRIL,OZAUKEE,NEWBURG VILLAGE WARD 3,SPRING GENERAL,JUSTICE OF THE SUPREME COURT,NONPARTISAN,PATRICK CROOKS,5,5
2006,APRIL,OZAUKEE,NEWBURG VILLAGE WARD 3,SPRING GENERAL,JUSTICE OF THE SUPREME COURT,NONPARTISAN,SCATTERING,5,0
2006,APRIL,OZAUKEE,"SAUKVILLE VILLAGE WARDS 1, 6 & 7",SPRING GENERAL,JUSTICE OF THE SUPREME COURT,NONPARTISAN,PATRICK CROOKS,80,80
2006,APRIL,OZAUKEE,"SAUKVILLE VILLAGE WARDS 1, 6 & 7",SPRING GENERAL,JUSTICE OF THE SUPREME COURT,NONPARTISAN,SCATTERING,80,0
2006,APRIL,OZAUKEE,SAUKVILLE VILLAGE WARDS 2 - 5 & 8,SPRING GENERAL,JUSTICE OF THE SUPREME COURT,NONPARTISAN,PATRICK CROOKS,100,100
2006,APRIL,OZAUKEE,SAUKVILLE VILLAGE WARDS 2 - 5 & 8,SPRING GENERAL,JUSTICE OF THE SUPREME COURT,NONPARTISAN,SCATTERING,100,0
2006,APRIL,OZAUKEE,THIENSVILLE VILLAGE WARDS 1 & 2,SPRING GENERAL,JUSTICE OF THE SUPREME COURT,NONPARTISAN,PATRICK CROOKS,265,261
2006,APRIL,OZAUKEE,THIENSVILLE VILLAGE WARDS 1 & 2,SPRING GENERAL,JUSTICE OF THE SUPREME COURT,NONPARTISAN,SCATTERING,265,4
2006,APRIL,OZAUKEE,THIENSVILLE VILLAGE WARDS 3 & 4,SPRING GENERAL,JUSTICE OF THE SUPREME COURT,NONPARTISAN,PATRICK CROOKS,126,126
2006,APRIL,OZAUKEE,THIENSVILLE VILLAGE WARDS 3 & 4,SPRING GENERAL,JUSTICE OF THE SUPREME COURT,NONPARTISAN,SCATTERING,126,0
2006,APRIL,OZAUKEE,CEDARBURG CITY WARDS 1 & 2,SPRING GENERAL,JUSTICE OF THE SUPREME COURT,NONPARTISAN,PATRICK CROOKS,235,235
2006,APRIL,OZAUKEE,CEDARBURG CITY WARDS 1 & 2,SPRING GENERAL,JUSTICE OF THE SUPREME COURT,NONPARTISAN,SCATTERING,235,0
2006,APRIL,OZAUKEE,CEDARBURG CITY WARDS 3 & 4,SPRING GENERAL,JUSTICE OF THE SUPREME COURT,NONPARTISAN,PATRICK CROOKS,239,236
2006,APRIL,OZAUKEE,CEDARBURG CITY WARDS 3 & 4,SPRING GENERAL,JUSTICE OF THE SUPREME COURT,NONPARTISAN,SCATTERING,239,3
2006,APRIL,OZAUKEE,CEDARBURG CITY WARDS 5 & 6,SPRING GENERAL,JUSTICE OF THE SUPREME COURT,NONPARTISAN,PATRICK CROOKS,229,228
2006,APRIL,OZAUKEE,CEDARBURG CITY WARDS 5 & 6,SPRING GENERAL,JUSTICE OF THE SUPREME COURT,NONPARTISAN,SCATTERING,229,1
2006,APRIL,OZAUKEE,CEDARBURG CITY WARDS 7 & 8,SPRING GENERAL,JUSTICE OF THE SUPREME COURT,NONPARTISAN,PATRICK CROOKS,153,151
2006,APRIL,OZAUKEE,CEDARBURG CITY WARDS 7 & 8,SPRING GENERAL,JUSTICE OF THE SUPREME COURT,NONPARTISAN,SCATTERING,153,2
2006,APRIL,OZAUKEE,CEDARBURG CITY WARDS 9 & 10,SPRING GENERAL,JUSTICE OF THE SUPREME COURT,NONPARTISAN,PATRICK CROOKS,264,264
2006,APRIL,OZAUKEE,CEDARBURG CITY WARDS 9 & 10,SPRING GENERAL,JUSTICE OF THE SUPREME COURT,NONPARTISAN,SCATTERING,264,0
2006,APRIL,OZAUKEE,CEDARBURG CITY WARDS 11 & 12,SPRING GENERAL,JUSTICE OF THE SUPREME COURT,NONPARTISAN,PATRICK CROOKS,266,264
2006,APRIL,OZAUKEE,CEDARBURG CITY WARDS 11 & 12,SPRING GENERAL,JUSTICE OF THE SUPREME COURT,NONPARTISAN,SCATTERING,266,2
2006,APRIL,OZAUKEE,CEDARBURG CITY WARDS 13 & 14,SPRING GENERAL,JUSTICE OF THE SUPREME COURT,NONPARTISAN,PATRICK CROOKS,275,273
2006,APRIL,OZAUKEE,CEDARBURG CITY WARDS 13 & 14,SPRING GENERAL,JUSTICE OF THE SUPREME COURT,NONPARTISAN,SCATTERING,275,2
2006,APRIL,OZAUKEE,"MEQUON CITY WARDS 1, 2, 18 & 20",SPRING GENERAL,JUSTICE OF THE SUPREME COURT,NONPARTISAN,PATRICK CROOKS,258,257
2006,APRIL,OZAUKEE,"MEQUON CITY WARDS 1, 2, 18 & 20",SPRING GENERAL,JUSTICE OF THE SUPREME COURT,NONPARTISAN,SCATTERING,258,1
2006,APRIL,OZAUKEE,MEQUON CITY WARDS 3 - 5,SPRING GENERAL,JUSTICE OF THE SUPREME COURT,NONPARTISAN,PATRICK CROOKS,296,296
2006,APRIL,OZAUKEE,MEQUON CITY WARDS 3 - 5,SPRING GENERAL,JUSTICE OF THE SUPREME COURT,NONPARTISAN,SCATTERING,296,0
2006,APRIL,OZAUKEE,MEQUON CITY WARD 6,SPRING GENERAL,JUSTICE OF THE SUPREME COURT,NONPARTISAN,PATRICK CROOKS,154,154
2006,APRIL,OZAUKEE,MEQUON CITY WARD 6,SPRING GENERAL,JUSTICE OF THE SUPREME COURT,NONPARTISAN,SCATTERING,154,0
2006,APRIL,OZAUKEE,MEQUON CITY WARD 7,SPRING GENERAL,JUSTICE OF THE SUPREME COURT,NONPARTISAN,PATRICK CROOKS,124,124
2006,APRIL,OZAUKEE,MEQUON CITY WARD 7,SPRING GENERAL,JUSTICE OF THE SUPREME COURT,NONPARTISAN,SCATTERING,124,0
2006,APRIL,OZAUKEE,"MEQUON CITY WARDS 8, 9 & 21",SPRING GENERAL,JUSTICE OF THE SUPREME COURT,NONPARTISAN,PATRICK CROOKS,356,356
2006,APRIL,OZAUKEE,"MEQUON CITY WARDS 8, 9 & 21",SPRING GENERAL,JUSTICE OF THE SUPREME COURT,NONPARTISAN,SCATTERING,356,0
2006,APRIL,OZAUKEE,MEQUON CITY WARDS 10 & 11,SPRING GENERAL,JUSTICE OF THE SUPREME COURT,NONPARTISAN,PATRICK CROOKS,250,249
2006,APRIL,OZAUKEE,MEQUON CITY WARDS 10 & 11,SPRING GENERAL,JUSTICE OF THE SUPREME COURT,NONPARTISAN,SCATTERING,250,1
2006,APRIL,OZAUKEE,MEQUON CITY WARDS 12 & 13,SPRING GENERAL,JUSTICE OF THE SUPREME COURT,NONPARTISAN,PATRICK CROOKS,373,371
2006,APRIL,OZAUKEE,MEQUON CITY WARDS 12 & 13,SPRING GENERAL,JUSTICE OF THE SUPREME COURT,NONPARTISAN,SCATTERING,373,2
2006,APRIL,OZAUKEE,MEQUON CITY WARDS 14 & 15,SPRING GENERAL,JUSTICE OF THE SUPREME COURT,NONPARTISAN,PATRICK CROOKS,333,328
2006,APRIL,OZAUKEE,MEQUON CITY WARDS 14 & 15,SPRING GENERAL,JUSTICE OF THE SUPREME COURT,NONPARTISAN,SCATTERING,333,5
2006,APRIL,OZAUKEE,"MEQUON CITY WARDS 16, 17 & 19",SPRING GENERAL,JUSTICE OF THE SUPREME COURT,NONPARTISAN,PATRICK CROOKS,269,267
2006,APRIL,OZAUKEE,"MEQUON CITY WARDS 16, 17 & 19",SPRING GENERAL,JUSTICE OF THE SUPREME COURT,NONPARTISAN,SCATTERING,269,2
2006,APRIL,OZAUKEE,PORT WASHINGTON CITY WARD 1,SPRING GENERAL,JUSTICE OF THE SUPREME COURT,NONPARTISAN,PATRICK CROOKS,77,75
2006,APRIL,OZAUKEE,PORT WASHINGTON CITY WARD 1,SPRING GENERAL,JUSTICE OF THE SUPREME COURT,NONPARTISAN,SCATTERING,77,2
2006,APRIL,OZAUKEE,PORT WASHINGTON CITY WARDS 2 & 3,SPRING GENERAL,JUSTICE OF THE SUPREME COURT,NONPARTISAN,PATRICK CROOKS,55,54
2006,APRIL,OZAUKEE,PORT WASHINGTON CITY WARDS 2 & 3,SPRING GENERAL,JUSTICE OF THE SUPREME COURT,NONPARTISAN,SCATTERING,55,1
2006,APRIL,OZAUKEE,PORT WASHINGTON CITY WARDS 4 & 5,SPRING GENERAL,JUSTICE OF THE SUPREME COURT,NONPARTISAN,PATRICK CROOKS,34,34
2006,APRIL,OZAUKEE,PORT WASHINGTON CITY WARDS 4 & 5,SPRING GENERAL,JUSTICE OF THE SUPREME COURT,NONPARTISAN,SCATTERING,34,0
2006,APRIL,OZAUKEE,PORT WASHINGTON CITY WARD 6,SPRING GENERAL,JUSTICE OF THE SUPREME COURT,NONPARTISAN,PATRICK CROOKS,32,32
2006,APRIL,OZAUKEE,PORT WASHINGTON CITY WARD 6,SPRING GENERAL,JUSTICE OF THE SUPREME COURT,NONPARTISAN,SCATTERING,32,0
2006,APRIL,OZAUKEE,PORT WASHINGTON CITY WARDS 7 & 8,SPRING GENERAL,JUSTICE OF THE SUPREME COURT,NONPARTISAN,PATRICK CROOKS,56,56
2006,APRIL,OZAUKEE,PORT WASHINGTON CITY WARDS 7 & 8,SPRING GENERAL,JUSTICE OF THE SUPREME COURT,NONPARTISAN,SCATTERING,56,0
2006,APRIL,OZAUKEE,PORT WASHINGTON CITY WARDS 9 & 10,SPRING GENERAL,JUSTICE OF THE SUPREME COURT,NONPARTISAN,PATRICK CROOKS,129,129
2006,APRIL,OZAUKEE,PORT WASHINGTON CITY WARDS 9 & 10,SPRING GENERAL,JUSTICE OF THE SUPREME COURT,NONPARTISAN,SCATTERING,129,0
2006,APRIL,OZAUKEE,PORT WASHINGTON CITY WARD 11,SPRING GENERAL,JUSTICE OF THE SUPREME COURT,NONPARTISAN,PATRICK CROOKS,54,54
2006,APRIL,OZAUKEE,PORT WASHINGTON CITY WARD 11,SPRING GENERAL,JUSTICE OF THE SUPREME COURT,NONPARTISAN,SCATTERING,54,0
2006,APRIL,PEPIN,ALBANY TOWN WARD 1,SPRING GENERAL,JUSTICE OF THE SUPREME COURT,NONPARTISAN,PATRICK CROOKS,121,121
2006,APRIL,PEPIN,ALBANY TOWN WARD 1,SPRING GENERAL,JUSTICE OF THE SUPREME COURT,NONPARTISAN,SCATTERING,121,0
2006,APRIL,PEPIN,DURAND TOWN WARD 1,SPRING GENERAL,JUSTICE OF THE SUPREME COURT,NONPARTISAN,PATRICK CROOKS,34,34
2006,APRIL,PEPIN,DURAND TOWN WARD 1,SPRING GENERAL,JUSTICE OF THE SUPREME COURT,NONPARTISAN,SCATTERING,34,0
2006,APRIL,PEPIN,DURAND TOWN WARD 2,SPRING GENERAL,JUSTICE OF THE SUPREME COURT,NONPARTISAN,PATRICK CROOKS,18,18
2006,APRIL,PEPIN,DURAND TOWN WARD 2,SPRING GENERAL,JUSTICE OF THE SUPREME COURT,NONPARTISAN,SCATTERING,18,0
2006,APRIL,PEPIN,FRANKFORT TOWN WARD 1,SPRING GENERAL,JUSTICE OF THE SUPREME COURT,NONPARTISAN,PATRICK CROOKS,45,45
2006,APRIL,PEPIN,FRANKFORT TOWN WARD 1,SPRING GENERAL,JUSTICE OF THE SUPREME COURT,NONPARTISAN,SCATTERING,45,0
2006,APRIL,PEPIN,FRANKFORT TOWN WARD 2,SPRING GENERAL,JUSTICE OF THE SUPREME COURT,NONPARTISAN,PATRICK CROOKS,3,3
2006,APRIL,PEPIN,FRANKFORT TOWN WARD 2,SPRING GENERAL,JUSTICE OF THE SUPREME COURT,NONPARTISAN,SCATTERING,3,0
2006,APRIL,PEPIN,LIMA TOWN WARD 1,SPRING GENERAL,JUSTICE OF THE SUPREME COURT,NONPARTISAN,PATRICK CROOKS,29,29
2006,APRIL,PEPIN,LIMA TOWN WARD 1,SPRING GENERAL,JUSTICE OF THE SUPREME COURT,NONPARTISAN,SCATTERING,29,0
2006,APRIL,PEPIN,LIMA TOWN WARD 2,SPRING GENERAL,JUSTICE OF THE SUPREME COURT,NONPARTISAN,PATRICK CROOKS,7,7
2006,APRIL,PEPIN,LIMA TOWN WARD 2,SPRING GENERAL,JUSTICE OF THE SUPREME COURT,NONPARTISAN,SCATTERING,7,0
2006,APRIL,PEPIN,PEPIN TOWN WARD 1,SPRING GENERAL,JUSTICE OF THE SUPREME COURT,NONPARTISAN,PATRICK CROOKS,11,11
2006,APRIL,PEPIN,PEPIN TOWN WARD 1,SPRING GENERAL,JUSTICE OF THE SUPREME COURT,NONPARTISAN,SCATTERING,11,0
2006,APRIL,PEPIN,PEPIN TOWN WARD 2,SPRING GENERAL,JUSTICE OF THE SUPREME COURT,NONPARTISAN,PATRICK CROOKS,9,9
2006,APRIL,PEPIN,PEPIN TOWN WARD 2,SPRING GENERAL,JUSTICE OF THE SUPREME COURT,NONPARTISAN,SCATTERING,9,0
2006,APRIL,PEPIN,STOCKHOLM TOWN WARD 1,SPRING GENERAL,JUSTICE OF THE SUPREME COURT,NONPARTISAN,PATRICK CROOKS,9,9
2006,APRIL,PEPIN,STOCKHOLM TOWN WARD 1,SPRING GENERAL,JUSTICE OF THE SUPREME COURT,NONPARTISAN,SCATTERING,9,0
2006,APRIL,PEPIN,WATERVILLE TOWN WARD 1,SPRING GENERAL,JUSTICE OF THE SUPREME COURT,NONPARTISAN,PATRICK CROOKS,25,25
2006,APRIL,PEPIN,WATERVILLE TOWN WARD 1,SPRING GENERAL,JUSTICE OF THE SUPREME COURT,NONPARTISAN,SCATTERING,25,0
2006,APRIL,PEPIN,WATERVILLE TOWN WARD 2,SPRING GENERAL,JUSTICE OF THE SUPREME COURT,NONPARTISAN,PATRICK CROOKS,24,24
2006,APRIL,PEPIN,WATERVILLE TOWN WARD 2,SPRING GENERAL,JUSTICE OF THE SUPREME COURT,NONPARTISAN,SCATTERING,24,0
2006,APRIL,PEPIN,WAUBEEK TOWN WARD 1,SPRING GENERAL,JUSTICE OF THE SUPREME COURT,NONPARTISAN,PATRICK CROOKS,42,42
2006,APRIL,PEPIN,WAUBEEK TOWN WARD 1,SPRING GENERAL,JUSTICE OF THE SUPREME COURT,NONPARTISAN,SCATTERING,42,0
2006,APRIL,PEPIN,PEPIN VILLAGE WARD 1,SPRING GENERAL,JUSTICE OF THE SUPREME COURT,NONPARTISAN,PATRICK CROOKS,100,100
2006,APRIL,PEPIN,PEPIN VILLAGE WARD 1,SPRING GENERAL,JUSTICE OF THE SUPREME COURT,NONPARTISAN,SCATTERING,100,0
2006,APRIL,PEPIN,PEPIN VILLAGE WARD 2,SPRING GENERAL,JUSTICE OF THE SUPREME COURT,NONPARTISAN,PATRICK CROOKS,44,44
2006,APRIL,PEPIN,PEPIN VILLAGE WARD 2,SPRING GENERAL,JUSTICE OF THE SUPREME COURT,NONPARTISAN,SCATTERING,44,0
2006,APRIL,PEPIN,STOCKHOLM VILLAGE WARD 1,SPRING GENERAL,JUSTICE OF THE SUPREME COURT,NONPARTISAN,PATRICK CROOKS,21,21
2006,APRIL,PEPIN,STOCKHOLM VILLAGE WARD 1,SPRING GENERAL,JUSTICE OF THE SUPREME COURT,NONPARTISAN,SCATTERING,21,0
2006,APRIL,PEPIN,DURAND CITY WARD 1,SPRING GENERAL,JUSTICE OF THE SUPREME COURT,NONPARTISAN,PATRICK CROOKS,48,48
2006,APRIL,PEPIN,DURAND CITY WARD 1,SPRING GENERAL,JUSTICE OF THE SUPREME COURT,NONPARTISAN,SCATTERING,48,0
2006,APRIL,PEPIN,DURAND CITY WARD 2,SPRING GENERAL,JUSTICE OF THE SUPREME COURT,NONPARTISAN,PATRICK CROOKS,65,65
2006,APRIL,PEPIN,DURAND CITY WARD 2,SPRING GENERAL,JUSTICE OF THE SUPREME COURT,NONPARTISAN,SCATTERING,65,0
2006,APRIL,PEPIN,DURAND CITY WARD 3,SPRING GENERAL,JUSTICE OF THE SUPREME COURT,NONPARTISAN,PATRICK CROOKS,96,96
2006,APRIL,PEPIN,DURAND CITY WARD 3,SPRING GENERAL,JUSTICE OF THE SUPREME COURT,NONPARTISAN,SCATTERING,96,0
2006,APRIL,PIERCE,CLIFTON TOWN WARDS 1 & 2,SPRING GENERAL,JUSTICE OF THE SUPREME COURT,NONPARTISAN,PATRICK CROOKS,143,142
2006,APRIL,PIERCE,CLIFTON TOWN WARDS 1 & 2,SPRING GENERAL,JUSTICE OF THE SUPREME COURT,NONPARTISAN,SCATTERING,143,1
2006,APRIL,PIERCE,DIAMOND BLUFF TOWN WARD 1,SPRING GENERAL,JUSTICE OF THE SUPREME COURT,NONPARTISAN,PATRICK CROOKS,20,20
2006,APRIL,PIERCE,DIAMOND BLUFF TOWN WARD 1,SPRING GENERAL,JUSTICE OF THE SUPREME COURT,NONPARTISAN,SCATTERING,20,0
2006,APRIL,PIERCE,ELLSWORTH TOWN WARDS 1 & 2,SPRING GENERAL,JUSTICE OF THE SUPREME COURT,NONPARTISAN,PATRICK CROOKS,97,97
2006,APRIL,PIERCE,ELLSWORTH TOWN WARDS 1 & 2,SPRING GENERAL,JUSTICE OF THE SUPREME COURT,NONPARTISAN,SCATTERING,97,0
2006,APRIL,PIERCE,EL PASO TOWN WARDS 1 & 2,SPRING GENERAL,JUSTICE OF THE SUPREME COURT,NONPARTISAN,PATRICK CROOKS,42,42
2006,APRIL,PIERCE,EL PASO TOWN WARDS 1 & 2,SPRING GENERAL,JUSTICE OF THE SUPREME COURT,NONPARTISAN,SCATTERING,42,0
2006,APRIL,PIERCE,GILMAN TOWN WARD 1,SPRING GENERAL,JUSTICE OF THE SUPREME COURT,NONPARTISAN,PATRICK CROOKS,64,64
2006,APRIL,PIERCE,GILMAN TOWN WARD 1,SPRING GENERAL,JUSTICE OF THE SUPREME COURT,NONPARTISAN,SCATTERING,64,0
2006,APRIL,PIERCE,HARTLAND TOWN WARD 1,SPRING GENERAL,JUSTICE OF THE SUPREME COURT,NONPARTISAN,PATRICK CROOKS,41,41
2006,APRIL,PIERCE,HARTLAND TOWN WARD 1,SPRING GENERAL,JUSTICE OF THE SUPREME COURT,NONPARTISAN,SCATTERING,41,0
2006,APRIL,PIERCE,ISABELLE TOWN WARD 1,SPRING GENERAL,JUSTICE OF THE SUPREME COURT,NONPARTISAN,PATRICK CROOKS,11,11
2006,APRIL,PIERCE,ISABELLE TOWN WARD 1,SPRING GENERAL,JUSTICE OF THE SUPREME COURT,NONPARTISAN,SCATTERING,11,0
2006,APRIL,PIERCE,MAIDEN ROCK TOWN WARD 1,SPRING GENERAL,JUSTICE OF THE SUPREME COURT,NONPARTISAN,PATRICK CROOKS,19,19
2006,APRIL,PIERCE,MAIDEN ROCK TOWN WARD 1,SPRING GENERAL,JUSTICE OF THE SUPREME COURT,NONPARTISAN,SCATTERING,19,0
2006,APRIL,PIERCE,MARTELL TOWN WARDS 1 & 2,SPRING GENERAL,JUSTICE OF THE SUPREME COURT,NONPARTISAN,PATRICK CROOKS,43,43
2006,APRIL,PIERCE,MARTELL TOWN WARDS 1 & 2,SPRING GENERAL,JUSTICE OF THE SUPREME COURT,NONPARTISAN,SCATTERING,43,0
2006,APRIL,PIERCE,OAK GROVE TOWN WARDS 1 & 2,SPRING GENERAL,JUSTICE OF THE SUPREME COURT,NONPARTISAN,PATRICK CROOKS,98,98
2006,APRIL,PIERCE,OAK GROVE TOWN WARDS 1 & 2,SPRING GENERAL,JUSTICE OF THE SUPREME COURT,NONPARTISAN,SCATTERING,98,0
2006,APRIL,PIERCE,RIVER FALLS TOWN WARDS 1 - 3,SPRING GENERAL,JUSTICE OF THE SUPREME COURT,NONPARTISAN,PATRICK CROOKS,169,168
2006,APRIL,PIERCE,RIVER FALLS TOWN WARDS 1 - 3,SPRING GENERAL,JUSTICE OF THE SUPREME COURT,NONPARTISAN,SCATTERING,169,1
2006,APRIL,PIERCE,ROCK ELM TOWN WARD 1,SPRING GENERAL,JUSTICE OF THE SUPREME COURT,NONPARTISAN,PATRICK CROOKS,60,60
2006,APRIL,PIERCE,ROCK ELM TOWN WARD 1,SPRING GENERAL,JUSTICE OF THE SUPREME COURT,NONPARTISAN,SCATTERING,60,0
2006,APRIL,PIERCE,SALEM TOWN WARDS 1 & 2,SPRING GENERAL,JUSTICE OF THE SUPREME COURT,NONPARTISAN,PATRICK CROOKS,23,23
2006,APRIL,PIERCE,SALEM TOWN WARDS 1 & 2,SPRING GENERAL,JUSTICE OF THE SUPREME COURT,NONPARTISAN,SCATTERING,23,0
2006,APRIL,PIERCE,SPRING LAKE TOWN WARDS 1 & 2,SPRING GENERAL,JUSTICE OF THE SUPREME COURT,NONPARTISAN,PATRICK CROOKS,61,61
2006,APRIL,PIERCE,SPRING LAKE TOWN WARDS 1 & 2,SPRING GENERAL,JUSTICE OF THE SUPREME COURT,NONPARTISAN,SCATTERING,61,0
2006,APRIL,PIERCE,TRENTON TOWN WARDS 1 & 2,SPRING GENERAL,JUSTICE OF THE SUPREME COURT,NONPARTISAN,PATRICK CROOKS,88,88
2006,APRIL,PIERCE,TRENTON TOWN WARDS 1 & 2,SPRING GENERAL,JUSTICE OF THE SUPREME COURT,NONPARTISAN,SCATTERING,88,0
2006,APRIL,PIERCE,TRIMBELLE TOWN WARDS 1 & 2,SPRING GENERAL,JUSTICE OF THE SUPREME COURT,NONPARTISAN,PATRICK CROOKS,41,41
2006,APRIL,PIERCE,TRIMBELLE TOWN WARDS 1 & 2,SPRING GENERAL,JUSTICE OF THE SUPREME COURT,NONPARTISAN,SCATTERING,41,0
2006,APRIL,PIERCE,UNION TOWN WARD 1,SPRING GENERAL,JUSTICE OF THE SUPREME COURT,NONPARTISAN,PATRICK CROOKS,25,25
2006,APRIL,PIERCE,UNION TOWN WARD 1,SPRING GENERAL,JUSTICE OF THE SUPREME COURT,NONPARTISAN,SCATTERING,25,0
2006,APRIL,PIERCE,BAY CITY VILLAGE WARD 1,SPRING GENERAL,JUSTICE OF THE SUPREME COURT,NONPARTISAN,PATRICK CROOKS,37,37
2006,APRIL,PIERCE,BAY CITY VILLAGE WARD 1,SPRING GENERAL,JUSTICE OF THE SUPREME COURT,NONPARTISAN,SCATTERING,37,0
2006,APRIL,PIERCE,ELLSWORTH VILLAGE WARDS 1 - 4,SPRING GENERAL,JUSTICE OF THE SUPREME COURT,NONPARTISAN,PATRICK CROOKS,148,148
2006,APRIL,PIERCE,ELLSWORTH VILLAGE WARDS 1 - 4,SPRING GENERAL,JUSTICE OF THE SUPREME COURT,NONPARTISAN,SCATTERING,148,0
2006,APRIL,PIERCE,ELMWOOD VILLAGE WARD 1,SPRING GENERAL,JUSTICE OF THE SUPREME COURT,NONPARTISAN,PATRICK CROOKS,163,162
2006,APRIL,PIERCE,ELMWOOD VILLAGE WARD 1,SPRING GENERAL,JUSTICE OF THE SUPREME COURT,NONPARTISAN,SCATTERING,163,1
2006,APRIL,PIERCE,MAIDEN ROCK VILLAGE WARD 1,SPRING GENERAL,JUSTICE OF THE SUPREME COURT,NONPARTISAN,PATRICK CROOKS,20,20
2006,APRIL,PIERCE,MAIDEN ROCK VILLAGE WARD 1,SPRING GENERAL,JUSTICE OF THE SUPREME COURT,NONPARTISAN,SCATTERING,20,0
2006,APRIL,PIERCE,PLUM CITY VILLAGE WARD 1,SPRING GENERAL,JUSTICE OF THE SUPREME COURT,NONPARTISAN,PATRICK CROOKS,51,51
2006,APRIL,PIERCE,PLUM CITY VILLAGE WARD 1,SPRING GENERAL,JUSTICE OF THE SUPREME COURT,NONPARTISAN,SCATTERING,51,0
2006,APRIL,PIERCE,SPRING VALLEY VILLAGE WARDS 1 & 2,SPRING GENERAL,JUSTICE OF THE SUPREME COURT,NONPARTISAN,PATRICK CROOKS,166,165
2006,APRIL,PIERCE,SPRING VALLEY VILLAGE WARDS 1 & 2,SPRING GENERAL,JUSTICE OF THE SUPREME COURT,NONPARTISAN,SCATTERING,166,1
2006,APRIL,PIERCE,PRESCOTT CITY WARDS 1 - 4,SPRING GENERAL,JUSTICE OF THE SUPREME COURT,NONPARTISAN,PATRICK CROOKS,284,282
2006,APRIL,PIERCE,PRESCOTT CITY WARDS 1 - 4,SPRING GENERAL,JUSTICE OF THE SUPREME COURT,NONPARTISAN,SCATTERING,284,2
2006,APRIL,PIERCE,RIVER FALLS CITY WARDS 3 & 4,SPRING GENERAL,JUSTICE OF THE SUPREME COURT,NONPARTISAN,PATRICK CROOKS,51,51
2006,APRIL,PIERCE,RIVER FALLS CITY WARDS 3 & 4,SPRING GENERAL,JUSTICE OF THE SUPREME COURT,NONPARTISAN,SCATTERING,51,0
2006,APRIL,PIERCE,RIVER FALLS CITY WARDS 5 - 7,SPRING GENERAL,JUSTICE OF THE SUPREME COURT,NONPARTISAN,PATRICK CROOKS,122,122
2006,APRIL,PIERCE,RIVER FALLS CITY WARDS 5 - 7,SPRING GENERAL,JUSTICE OF THE SUPREME COURT,NONPARTISAN,SCATTERING,122,0
2006,APRIL,PIERCE,RIVER FALLS CITY WARDS 8 - 10,SPRING GENERAL,JUSTICE OF THE SUPREME COURT,NONPARTISAN,PATRICK CROOKS,47,46
2006,APRIL,PIERCE,RIVER FALLS CITY WARDS 8 - 10,SPRING GENERAL,JUSTICE OF THE SUPREME COURT,NONPARTISAN,SCATTERING,47,1
2006,APRIL,PIERCE,RIVER FALLS CITY WARDS 11 & 12,SPRING GENERAL,JUSTICE OF THE SUPREME COURT,NONPARTISAN,PATRICK CROOKS,91,90
2006,APRIL,PIERCE,RIVER FALLS CITY WARDS 11 & 12,SPRING GENERAL,JUSTICE OF THE SUPREME COURT,NONPARTISAN,SCATTERING,91,1
2006,APRIL,POLK,ALDEN TOWN WARDS 1 - 3,SPRING GENERAL,JUSTICE OF THE SUPREME COURT,NONPARTISAN,PATRICK CROOKS,318,318
2006,APRIL,POLK,ALDEN TOWN WARDS 1 - 3,SPRING GENERAL,JUSTICE OF THE SUPREME COURT,NONPARTISAN,SCATTERING,318,0
2006,APRIL,POLK,APPLE RIVER TOWN WARDS 1 & 2,SPRING GENERAL,JUSTICE OF THE SUPREME COURT,NONPARTISAN,PATRICK CROOKS,124,123
2006,APRIL,POLK,APPLE RIVER TOWN WARDS 1 & 2,SPRING GENERAL,JUSTICE OF THE SUPREME COURT,NONPARTISAN,SCATTERING,124,1
2006,APRIL,POLK,BALSAM LAKE TOWN WARDS 1 & 2,SPRING GENERAL,JUSTICE OF THE SUPREME COURT,NONPARTISAN,PATRICK CROOKS,151,151
2006,APRIL,POLK,BALSAM LAKE TOWN WARDS 1 & 2,SPRING GENERAL,JUSTICE OF THE SUPREME COURT,NONPARTISAN,SCATTERING,151,0
2006,APRIL,POLK,BEAVER TOWN WARD 1,SPRING GENERAL,JUSTICE OF THE SUPREME COURT,NONPARTISAN,PATRICK CROOKS,74,74
2006,APRIL,POLK,BEAVER TOWN WARD 1,SPRING GENERAL,JUSTICE OF THE SUPREME COURT,NONPARTISAN,SCATTERING,74,0
2006,APRIL,POLK,BLACK BROOK TOWN WARDS 1 & 2,SPRING GENERAL,JUSTICE OF THE SUPREME COURT,NONPARTISAN,PATRICK CROOKS,167,167
2006,APRIL,POLK,BLACK BROOK TOWN WARDS 1 & 2,SPRING GENERAL,JUSTICE OF THE SUPREME COURT,NONPARTISAN,SCATTERING,167,0
2006,APRIL,POLK,BONE LAKE TOWN WARD 1,SPRING GENERAL,JUSTICE OF THE SUPREME COURT,NONPARTISAN,PATRICK CROOKS,57,57
2006,APRIL,POLK,BONE LAKE TOWN WARD 1,SPRING GENERAL,JUSTICE OF THE SUPREME COURT,NONPARTISAN,SCATTERING,57,0
2006,APRIL,POLK,CLAM FALLS TOWN WARD 1,SPRING GENERAL,JUSTICE OF THE SUPREME COURT,NONPARTISAN,PATRICK CROOKS,45,45
2006,APRIL,POLK,CLAM FALLS TOWN WARD 1,SPRING GENERAL,JUSTICE OF THE SUPREME COURT,NONPARTISAN,SCATTERING,45,0
2006,APRIL,POLK,CLAYTON TOWN WARD 1,SPRING GENERAL,JUSTICE OF THE SUPREME COURT,NONPARTISAN,PATRICK CROOKS,76,76
2006,APRIL,POLK,CLAYTON TOWN WARD 1,SPRING GENERAL,JUSTICE OF THE SUPREME COURT,NONPARTISAN,SCATTERING,76,0
2006,APRIL,POLK,CLEAR LAKE TOWN WARDS 1 & 2,SPRING GENERAL,JUSTICE OF THE SUPREME COURT,NONPARTISAN,PATRICK CROOKS,87,87
2006,APRIL,POLK,CLEAR LAKE TOWN WARDS 1 & 2,SPRING GENERAL,JUSTICE OF THE SUPREME COURT,NONPARTISAN,SCATTERING,87,0
2006,APRIL,POLK,EUREKA TOWN WARDS 1 & 2,SPRING GENERAL,JUSTICE OF THE SUPREME COURT,NONPARTISAN,PATRICK CROOKS,207,207
2006,APRIL,POLK,EUREKA TOWN WARDS 1 & 2,SPRING GENERAL,JUSTICE OF THE SUPREME COURT,NONPARTISAN,SCATTERING,207,0
2006,APRIL,POLK,FARMINGTON TOWN WARDS 1 & 2,SPRING GENERAL,JUSTICE OF THE SUPREME COURT,NONPARTISAN,PATRICK CROOKS,137,137
2006,APRIL,POLK,FARMINGTON TOWN WARDS 1 & 2,SPRING GENERAL,JUSTICE OF THE SUPREME COURT,NONPARTISAN,SCATTERING,137,0
2006,APRIL,POLK,GARFIELD TOWN WARDS 1 - 3,SPRING GENERAL,JUSTICE OF THE SUPREME COURT,NONPARTISAN,PATRICK CROOKS,248,248
2006,APRIL,POLK,GARFIELD TOWN WARDS 1 - 3,SPRING GENERAL,JUSTICE OF THE SUPREME COURT,NONPARTISAN,SCATTERING,248,0
2006,APRIL,POLK,GEORGETOWN TOWN WARDS 1 & 2,SPRING GENERAL,JUSTICE OF THE SUPREME COURT,NONPARTISAN,PATRICK CROOKS,79,77
2006,APRIL,POLK,GEORGETOWN TOWN WARDS 1 & 2,SPRING GENERAL,JUSTICE OF THE SUPREME COURT,NONPARTISAN,SCATTERING,79,2
2006,APRIL,POLK,JOHNSTOWN TOWN WARD 1,SPRING GENERAL,JUSTICE OF THE SUPREME COURT,NONPARTISAN,PATRICK CROOKS,59,59
2006,APRIL,POLK,JOHNSTOWN TOWN WARD 1,SPRING GENERAL,JUSTICE OF THE SUPREME COURT,NONPARTISAN,SCATTERING,59,0
2006,APRIL,POLK,LAKETOWN TOWN WARD 1,SPRING GENERAL,JUSTICE OF THE SUPREME COURT,NONPARTISAN,PATRICK CROOKS,126,126
2006,APRIL,POLK,LAKETOWN TOWN WARD 1,SPRING GENERAL,JUSTICE OF THE SUPREME COURT,NONPARTISAN,SCATTERING,126,0
2006,APRIL,POLK,LINCOLN TOWN WARDS 1 - 4,SPRING GENERAL,JUSTICE OF THE SUPREME COURT,NONPARTISAN,PATRICK CROOKS,324,322
2006,APRIL,POLK,LINCOLN TOWN WARDS 1 - 4,SPRING GENERAL,JUSTICE OF THE SUPREME COURT,NONPARTISAN,SCATTERING,324,2
2006,APRIL,POLK,LORAIN TOWN WARD 1,SPRING GENERAL,JUSTICE OF THE SUPREME COURT,NONPARTISAN,PATRICK CROOKS,19,19
2006,APRIL,POLK,LORAIN TOWN WARD 1,SPRING GENERAL,JUSTICE OF THE SUPREME COURT,NONPARTISAN,SCATTERING,19,0
2006,APRIL,POLK,LUCK TOWN WARDS 1 & 2,SPRING GENERAL,JUSTICE OF THE SUPREME COURT,NONPARTISAN,PATRICK CROOKS,93,93
2006,APRIL,POLK,LUCK TOWN WARDS 1 & 2,SPRING GENERAL,JUSTICE OF THE SUPREME COURT,NONPARTISAN,SCATTERING,93,0
2006,APRIL,POLK,MCKINLEY TOWN WARD 1,SPRING GENERAL,JUSTICE OF THE SUPREME COURT,NONPARTISAN,PATRICK CROOKS,36,36
2006,APRIL,POLK,MCKINLEY TOWN WARD 1,SPRING GENERAL,JUSTICE OF THE SUPREME COURT,NONPARTISAN,SCATTERING,36,0
2006,APRIL,POLK,MILLTOWN TOWN WARDS 1 & 2,SPRING GENERAL,JUSTICE OF THE SUPREME COURT,NONPARTISAN,PATRICK CROOKS,53,53
2006,APRIL,POLK,MILLTOWN TOWN WARDS 1 & 2,SPRING GENERAL,JUSTICE OF THE SUPREME COURT,NONPARTISAN,SCATTERING,53,0
2006,APRIL,POLK,OSCEOLA TOWN WARDS 1 - 4,SPRING GENERAL,JUSTICE OF THE SUPREME COURT,NONPARTISAN,PATRICK CROOKS,316,316
2006,APRIL,POLK,OSCEOLA TOWN WARDS 1 - 4,SPRING GENERAL,JUSTICE OF THE SUPREME COURT,NONPARTISAN,SCATTERING,316,0
2006,APRIL,POLK,ST CROIX FALLS TOWN WARDS 1 & 2,SPRING GENERAL,JUSTICE OF THE SUPREME COURT,NONPARTISAN,PATRICK CROOKS,219,219
2006,APRIL,POLK,ST CROIX FALLS TOWN WARDS 1 & 2,SPRING GENERAL,JUSTICE OF THE SUPREME COURT,NONPARTISAN,SCATTERING,219,0
2006,APRIL,POLK,STERLING TOWN WARD 1,SPRING GENERAL,JUSTICE OF THE SUPREME COURT,NONPARTISAN,PATRICK CROOKS,107,106
2006,APRIL,POLK,STERLING TOWN WARD 1,SPRING GENERAL,JUSTICE OF THE SUPREME COURT,NONPARTISAN,SCATTERING,107,1
2006,APRIL,POLK,WEST SWEDEN TOWN WARDS 1 & 2,SPRING GENERAL,JUSTICE OF THE SUPREME COURT,NONPARTISAN,PATRICK CROOKS,58,58
2006,APRIL,POLK,WEST SWEDEN TOWN WARDS 1 & 2,SPRING GENERAL,JUSTICE OF THE SUPREME COURT,NONPARTISAN,SCATTERING,58,0
2006,APRIL,POLK,BALSAM LAKE VILLAGE WARD 1,SPRING GENERAL,JUSTICE OF THE SUPREME COURT,NONPARTISAN,PATRICK CROOKS,147,146
2006,APRIL,POLK,BALSAM LAKE VILLAGE WARD 1,SPRING GENERAL,JUSTICE OF THE SUPREME COURT,NONPARTISAN,SCATTERING,147,1
2006,APRIL,POLK,CENTURIA VILLAGE WARD 1,SPRING GENERAL,JUSTICE OF THE SUPREME COURT,NONPARTISAN,PATRICK CROOKS,72,72
2006,APRIL,POLK,CENTURIA VILLAGE WARD 1,SPRING GENERAL,JUSTICE OF THE SUPREME COURT,NONPARTISAN,SCATTERING,72,0
2006,APRIL,POLK,CLAYTON VILLAGE WARD 1,SPRING GENERAL,JUSTICE OF THE SUPREME COURT,NONPARTISAN,PATRICK CROOKS,23,23
2006,APRIL,POLK,CLAYTON VILLAGE WARD 1,SPRING GENERAL,JUSTICE OF THE SUPREME COURT,NONPARTISAN,SCATTERING,23,0
2006,APRIL,POLK,CLEAR LAKE VILLAGE WARDS 1 - 3,SPRING GENERAL,JUSTICE OF THE SUPREME COURT,NONPARTISAN,PATRICK CROOKS,113,111
2006,APRIL,POLK,CLEAR LAKE VILLAGE WARDS 1 - 3,SPRING GENERAL,JUSTICE OF THE SUPREME COURT,NONPARTISAN,SCATTERING,113,2
2006,APRIL,POLK,DRESSER VILLAGE WARD 1,SPRING GENERAL,JUSTICE OF THE SUPREME COURT,NONPARTISAN,PATRICK CROOKS,148,148
2006,APRIL,POLK,DRESSER VILLAGE WARD 1,SPRING GENERAL,JUSTICE OF THE SUPREME COURT,NONPARTISAN,SCATTERING,148,0
2006,APRIL,POLK,FREDERIC VILLAGE WARDS 1 & 2,SPRING GENERAL,JUSTICE OF THE SUPREME COURT,NONPARTISAN,PATRICK CROOKS,141,141
2006,APRIL,POLK,FREDERIC VILLAGE WARDS 1 & 2,SPRING GENERAL,JUSTICE OF THE SUPREME COURT,NONPARTISAN,SCATTERING,141,0
2006,APRIL,POLK,LUCK VILLAGE WARDS 1 & 2,SPRING GENERAL,JUSTICE OF THE SUPREME COURT,NONPARTISAN,PATRICK CROOKS,125,125
2006,APRIL,POLK,LUCK VILLAGE WARDS 1 & 2,SPRING GENERAL,JUSTICE OF THE SUPREME COURT,NONPARTISAN,SCATTERING,125,0
2006,APRIL,POLK,MILLTOWN VILLAGE WARD 1,SPRING GENERAL,JUSTICE OF THE SUPREME COURT,NONPARTISAN,PATRICK CROOKS,58,58
2006,APRIL,POLK,MILLTOWN VILLAGE WARD 1,SPRING GENERAL,JUSTICE OF THE SUPREME COURT,NONPARTISAN,SCATTERING,58,0
2006,APRIL,POLK,OSCEOLA VILLAGE WARDS 1 - 3,SPRING GENERAL,JUSTICE OF THE SUPREME COURT,NONPARTISAN,PATRICK CROOKS,292,291
2006,APRIL,POLK,OSCEOLA VILLAGE WARDS 1 - 3,SPRING GENERAL,JUSTICE OF THE SUPREME COURT,NONPARTISAN,SCATTERING,292,1
2006,APRIL,POLK,TURTLE LAKE VILLAGE WARD 2,SPRING GENERAL,JUSTICE OF THE SUPREME COURT,NONPARTISAN,PATRICK CROOKS,6,6
2006,APRIL,POLK,TURTLE LAKE VILLAGE WARD 2,SPRING GENERAL,JUSTICE OF THE SUPREME COURT,NONPARTISAN,SCATTERING,6,0
2006,APRIL,POLK,AMERY CITY WARDS 1 & 2,SPRING GENERAL,JUSTICE OF THE SUPREME COURT,NONPARTISAN,PATRICK CROOKS,125,125
2006,APRIL,POLK,AMERY CITY WARDS 1 & 2,SPRING GENERAL,JUSTICE OF THE SUPREME COURT,NONPARTISAN,SCATTERING,125,0
2006,APRIL,POLK,AMERY CITY WARD 3,SPRING GENERAL,JUSTICE OF THE SUPREME COURT,NONPARTISAN,PATRICK CROOKS,60,59
2006,APRIL,POLK,AMERY CITY WARD 3,SPRING GENERAL,JUSTICE OF THE SUPREME COURT,NONPARTISAN,SCATTERING,60,1
2006,APRIL,POLK,AMERY CITY WARDS 4 & 5,SPRING GENERAL,JUSTICE OF THE SUPREME COURT,NONPARTISAN,PATRICK CROOKS,149,148
2006,APRIL,POLK,AMERY CITY WARDS 4 & 5,SPRING GENERAL,JUSTICE OF THE SUPREME COURT,NONPARTISAN,SCATTERING,149,1
2006,APRIL,POLK,ST CROIX FALLS CITY WARDS 1 - 3,SPRING GENERAL,JUSTICE OF THE SUPREME COURT,NONPARTISAN,PATRICK CROOKS,553,552
2006,APRIL,POLK,ST CROIX FALLS CITY WARDS 1 - 3,SPRING GENERAL,JUSTICE OF THE SUPREME COURT,NONPARTISAN,SCATTERING,553,1
2006,APRIL,PORTAGE,ALBAN TOWN WARD 1,SPRING GENERAL,JUSTICE OF THE SUPREME COURT,NONPARTISAN,PATRICK CROOKS,128,128
2006,APRIL,PORTAGE,ALBAN TOWN WARD 1,SPRING GENERAL,JUSTICE OF THE SUPREME COURT,NONPARTISAN,SCATTERING,128,0
2006,APRIL,PORTAGE,ALMOND TOWN WARD 1,SPRING GENERAL,JUSTICE OF THE SUPREME COURT,NONPARTISAN,PATRICK CROOKS,68,68
2006,APRIL,PORTAGE,ALMOND TOWN WARD 1,SPRING GENERAL,JUSTICE OF THE SUPREME COURT,NONPARTISAN,SCATTERING,68,0
2006,APRIL,PORTAGE,AMHERST TOWN WARD 1,SPRING GENERAL,JUSTICE OF THE SUPREME COURT,NONPARTISAN,PATRICK CROOKS,89,89
2006,APRIL,PORTAGE,AMHERST TOWN WARD 1,SPRING GENERAL,JUSTICE OF THE SUPREME COURT,NONPARTISAN,SCATTERING,89,0
2006,APRIL,PORTAGE,AMHERST TOWN WARD 2,SPRING GENERAL,JUSTICE OF THE SUPREME COURT,NONPARTISAN,PATRICK CROOKS,112,112
2006,APRIL,PORTAGE,AMHERST TOWN WARD 2,SPRING GENERAL,JUSTICE OF THE SUPREME COURT,NONPARTISAN,SCATTERING,112,0
2006,APRIL,PORTAGE,BELMONT TOWN WARD 1,SPRING GENERAL,JUSTICE OF THE SUPREME COURT,NONPARTISAN,PATRICK CROOKS,74,74
2006,APRIL,PORTAGE,BELMONT TOWN WARD 1,SPRING GENERAL,JUSTICE OF THE SUPREME COURT,NONPARTISAN,SCATTERING,74,0
2006,APRIL,PORTAGE,BUENA VISTA TOWN WARDS 1 & 2,SPRING GENERAL,JUSTICE OF THE SUPREME COURT,NONPARTISAN,PATRICK CROOKS,179,179
2006,APRIL,PORTAGE,BUENA VISTA TOWN WARDS 1 & 2,SPRING GENERAL,JUSTICE OF THE SUPREME COURT,NONPARTISAN,SCATTERING,179,0
2006,APRIL,PORTAGE,CARSON TOWN WARDS 1 & 2,SPRING GENERAL,JUSTICE OF THE SUPREME COURT,NONPARTISAN,PATRICK CROOKS,200,200
2006,APRIL,PORTAGE,CARSON TOWN WARDS 1 & 2,SPRING GENERAL,JUSTICE OF THE SUPREME COURT,NONPARTISAN,SCATTERING,200,0
2006,APRIL,PORTAGE,DEWEY TOWN WARD 1,SPRING GENERAL,JUSTICE OF THE SUPREME COURT,NONPARTISAN,PATRICK CROOKS,159,159
2006,APRIL,PORTAGE,DEWEY TOWN WARD 1,SPRING GENERAL,JUSTICE OF THE SUPREME COURT,NONPARTISAN,SCATTERING,159,0
2006,APRIL,PORTAGE,EAU PLEINE TOWN WARD 1,SPRING GENERAL,JUSTICE OF THE SUPREME COURT,NONPARTISAN,PATRICK CROOKS,147,147
2006,APRIL,PORTAGE,EAU PLEINE TOWN WARD 1,SPRING GENERAL,JUSTICE OF THE SUPREME COURT,NONPARTISAN,SCATTERING,147,0
2006,APRIL,PORTAGE,GRANT TOWN WARDS 1 - 3,SPRING GENERAL,JUSTICE OF THE SUPREME COURT,NONPARTISAN,PATRICK CROOKS,340,340
2006,APRIL,PORTAGE,GRANT TOWN WARDS 1 - 3,SPRING GENERAL,JUSTICE OF THE SUPREME COURT,NONPARTISAN,SCATTERING,340,0
2006,APRIL,PORTAGE,HULL TOWN WARDS 1 - 3,SPRING GENERAL,JUSTICE OF THE SUPREME COURT,NONPARTISAN,PATRICK CROOKS,348,348
2006,APRIL,PORTAGE,HULL TOWN WARDS 1 - 3,SPRING GENERAL,JUSTICE OF THE SUPREME COURT,NONPARTISAN,SCATTERING,348,0
2006,APRIL,PORTAGE,HULL TOWN WARDS 4 & 5,SPRING GENERAL,JUSTICE OF THE SUPREME COURT,NONPARTISAN,PATRICK CROOKS,249,249
2006,APRIL,PORTAGE,HULL TOWN WARDS 4 & 5,SPRING GENERAL,JUSTICE OF THE SUPREME COURT,NONPARTISAN,SCATTERING,249,0
2006,APRIL,PORTAGE,HULL TOWN WARDS 6 - 8,SPRING GENERAL,JUSTICE OF THE SUPREME COURT,NONPARTISAN,PATRICK CROOKS,327,327
2006,APRIL,PORTAGE,HULL TOWN WARDS 6 - 8,SPRING GENERAL,JUSTICE OF THE SUPREME COURT,NONPARTISAN,SCATTERING,327,0
2006,APRIL,PORTAGE,LANARK TOWN WARDS 1 & 2,SPRING GENERAL,JUSTICE OF THE SUPREME COURT,NONPARTISAN,PATRICK CROOKS,191,190
2006,APRIL,PORTAGE,LANARK TOWN WARDS 1 & 2,SPRING GENERAL,JUSTICE OF THE SUPREME COURT,NONPARTISAN,SCATTERING,191,1
2006,APRIL,PORTAGE,LINWOOD TOWN WARDS 1 & 2,SPRING GENERAL,JUSTICE OF THE SUPREME COURT,NONPARTISAN,PATRICK CROOKS,240,240
2006,APRIL,PORTAGE,LINWOOD TOWN WARDS 1 & 2,SPRING GENERAL,JUSTICE OF THE SUPREME COURT,NONPARTISAN,SCATTERING,240,0
2006,APRIL,PORTAGE,NEW HOPE TOWN WARD 1,SPRING GENERAL,JUSTICE OF THE SUPREME COURT,NONPARTISAN,PATRICK CROOKS,131,130
2006,APRIL,PORTAGE,NEW HOPE TOWN WARD 1,SPRING GENERAL,JUSTICE OF THE SUPREME COURT,NONPARTISAN,SCATTERING,131,1
2006,APRIL,PORTAGE,PINE GROVE TOWN WARD 1,SPRING GENERAL,JUSTICE OF THE SUPREME COURT,NONPARTISAN,PATRICK CROOKS,39,39
2006,APRIL,PORTAGE,PINE GROVE TOWN WARD 1,SPRING GENERAL,JUSTICE OF THE SUPREME COURT,NONPARTISAN,SCATTERING,39,0
2006,APRIL,PORTAGE,PINE GROVE TOWN WARD 2,SPRING GENERAL,JUSTICE OF THE SUPREME COURT,NONPARTISAN,PATRICK CROOKS,19,19
2006,APRIL,PORTAGE,PINE GROVE TOWN WARD 2,SPRING GENERAL,JUSTICE OF THE SUPREME COURT,NONPARTISAN,SCATTERING,19,0
2006,APRIL,PORTAGE,PLOVER TOWN WARDS 1 - 4,SPRING GENERAL,JUSTICE OF THE SUPREME COURT,NONPARTISAN,PATRICK CROOKS,331,330
2006,APRIL,PORTAGE,PLOVER TOWN WARDS 1 - 4,SPRING GENERAL,JUSTICE OF THE SUPREME COURT,NONPARTISAN,SCATTERING,331,1
2006,APRIL,PORTAGE,SHARON TOWN WARDS 1 & 3,SPRING GENERAL,JUSTICE OF THE SUPREME COURT,NONPARTISAN,PATRICK CROOKS,269,269
2006,APRIL,PORTAGE,SHARON TOWN WARDS 1 & 3,SPRING GENERAL,JUSTICE OF THE SUPREME COURT,NONPARTISAN,SCATTERING,269,0
2006,APRIL,PORTAGE,SHARON TOWN WARD 2,SPRING GENERAL,JUSTICE OF THE SUPREME COURT,NONPARTISAN,PATRICK CROOKS,162,161
2006,APRIL,PORTAGE,SHARON TOWN WARD 2,SPRING GENERAL,JUSTICE OF THE SUPREME COURT,NONPARTISAN,SCATTERING,162,1
2006,APRIL,PORTAGE,STOCKTON TOWN WARDS 1 & 2,SPRING GENERAL,JUSTICE OF THE SUPREME COURT,NONPARTISAN,PATRICK CROOKS,223,221
2006,APRIL,PORTAGE,STOCKTON TOWN WARDS 1 & 2,SPRING GENERAL,JUSTICE OF THE SUPREME COURT,NONPARTISAN,SCATTERING,223,2
2006,APRIL,PORTAGE,STOCKTON TOWN WARDS 3 & 4,SPRING GENERAL,JUSTICE OF THE SUPREME COURT,NONPARTISAN,PATRICK CROOKS,278,274
2006,APRIL,PORTAGE,STOCKTON TOWN WARDS 3 & 4,SPRING GENERAL,JUSTICE OF THE SUPREME COURT,NONPARTISAN,SCATTERING,278,4
2006,APRIL,PORTAGE,ALMOND VILLAGE WARD 1,SPRING GENERAL,JUSTICE OF THE SUPREME COURT,NONPARTISAN,PATRICK CROOKS,58,58
2006,APRIL,PORTAGE,ALMOND VILLAGE WARD 1,SPRING GENERAL,JUSTICE OF THE SUPREME COURT,NONPARTISAN,SCATTERING,58,0
2006,APRIL,PORTAGE,AMHERST VILLAGE WARD 1,SPRING GENERAL,JUSTICE OF THE SUPREME COURT,NONPARTISAN,PATRICK CROOKS,110,110
2006,APRIL,PORTAGE,AMHERST VILLAGE WARD 1,SPRING GENERAL,JUSTICE OF THE SUPREME COURT,NONPARTISAN,SCATTERING,110,0
2006,APRIL,PORTAGE,AMHERST JUNCTION VILLAGE WARD 1,SPRING GENERAL,JUSTICE OF THE SUPREME COURT,NONPARTISAN,PATRICK CROOKS,49,49
2006,APRIL,PORTAGE,AMHERST JUNCTION VILLAGE WARD 1,SPRING GENERAL,JUSTICE OF THE SUPREME COURT,NONPARTISAN,SCATTERING,49,0
2006,APRIL,PORTAGE,JUNCTION CITY VILLAGE WARD 1,SPRING GENERAL,JUSTICE OF THE SUPREME COURT,NONPARTISAN,PATRICK CROOKS,57,57
2006,APRIL,PORTAGE,JUNCTION CITY VILLAGE WARD 1,SPRING GENERAL,JUSTICE OF THE SUPREME COURT,NONPARTISAN,SCATTERING,57,0
2006,APRIL,PORTAGE,MILLADORE VILLAGE WARD 2,SPRING GENERAL,JUSTICE OF THE SUPREME COURT,NONPARTISAN,PATRICK CROOKS,0,0
2006,APRIL,PORTAGE,MILLADORE VILLAGE WARD 2,SPRING GENERAL,JUSTICE OF THE SUPREME COURT,NONPARTISAN,SCATTERING,0,0
2006,APRIL,PORTAGE,NELSONVILLE VILLAGE WARD 1,SPRING GENERAL,JUSTICE OF THE SUPREME COURT,NONPARTISAN,PATRICK CROOKS,37,37
2006,APRIL,PORTAGE,NELSONVILLE VILLAGE WARD 1,SPRING GENERAL,JUSTICE OF THE SUPREME COURT,NONPARTISAN,SCATTERING,37,0
2006,APRIL,PORTAGE,PARK RIDGE VILLAGE WARD 1,SPRING GENERAL,JUSTICE OF THE SUPREME COURT,NONPARTISAN,PATRICK CROOKS,125,125
2006,APRIL,PORTAGE,PARK RIDGE VILLAGE WARD 1,SPRING GENERAL,JUSTICE OF THE SUPREME COURT,NONPARTISAN,SCATTERING,125,0
2006,APRIL,PORTAGE,PLOVER VILLAGE WARD 1,SPRING GENERAL,JUSTICE OF THE SUPREME COURT,NONPARTISAN,PATRICK CROOKS,130,130
2006,APRIL,PORTAGE,PLOVER VILLAGE WARD 1,SPRING GENERAL,JUSTICE OF THE SUPREME COURT,NONPARTISAN,SCATTERING,130,0
2006,APRIL,PORTAGE,PLOVER VILLAGE WARDS 2 & 3,SPRING GENERAL,JUSTICE OF THE SUPREME COURT,NONPARTISAN,PATRICK CROOKS,335,333
2006,APRIL,PORTAGE,PLOVER VILLAGE WARDS 2 & 3,SPRING GENERAL,JUSTICE OF THE SUPREME COURT,NONPARTISAN,SCATTERING,335,2
2006,APRIL,PORTAGE,PLOVER VILLAGE WARDS 4 & 5,SPRING GENERAL,JUSTICE OF THE SUPREME COURT,NONPARTISAN,PATRICK CROOKS,318,316
2006,APRIL,PORTAGE,PLOVER VILLAGE WARDS 4 & 5,SPRING GENERAL,JUSTICE OF THE SUPREME COURT,NONPARTISAN,SCATTERING,318,2
2006,APRIL,PORTAGE,PLOVER VILLAGE WARDS 6 & 7,SPRING GENERAL,JUSTICE OF THE SUPREME COURT,NONPARTISAN,PATRICK CROOKS,310,310
2006,APRIL,PORTAGE,PLOVER VILLAGE WARDS 6 & 7,SPRING GENERAL,JUSTICE OF THE SUPREME COURT,NONPARTISAN,SCATTERING,310,0
2006,APRIL,PORTAGE,PLOVER VILLAGE WARDS 8 & 9,SPRING GENERAL,JUSTICE OF THE SUPREME COURT,NONPARTISAN,PATRICK CROOKS,181,181
2006,APRIL,PORTAGE,PLOVER VILLAGE WARDS 8 & 9,SPRING GENERAL,JUSTICE OF THE SUPREME COURT,NONPARTISAN,SCATTERING,181,0
2006,APRIL,PORTAGE,ROSHOLT VILLAGE WARD 1,SPRING GENERAL,JUSTICE OF THE SUPREME COURT,NONPARTISAN,PATRICK CROOKS,100,100
2006,APRIL,PORTAGE,ROSHOLT VILLAGE WARD 1,SPRING GENERAL,JUSTICE OF THE SUPREME COURT,NONPARTISAN,SCATTERING,100,0
2006,APRIL,PORTAGE,WHITING VILLAGE WARDS 1 - 4,SPRING GENERAL,JUSTICE OF THE SUPREME COURT,NONPARTISAN,PATRICK CROOKS,271,271
2006,APRIL,PORTAGE,WHITING VILLAGE WARDS 1 - 4,SPRING GENERAL,JUSTICE OF THE SUPREME COURT,NONPARTISAN,SCATTERING,271,0
2006,APRIL,PORTAGE,STEVENS POINT CITY WARDS 1 & 2,SPRING GENERAL,JUSTICE OF THE SUPREME COURT,NONPARTISAN,PATRICK CROOKS,204,201
2006,APRIL,PORTAGE,STEVENS POINT CITY WARDS 1 & 2,SPRING GENERAL,JUSTICE OF THE SUPREME COURT,NONPARTISAN,SCATTERING,204,3
2006,APRIL,PORTAGE,STEVENS POINT CITY WARDS 3 & 4,SPRING GENERAL,JUSTICE OF THE SUPREME COURT,NONPARTISAN,PATRICK CROOKS,122,121
2006,APRIL,PORTAGE,STEVENS POINT CITY WARDS 3 & 4,SPRING GENERAL,JUSTICE OF THE SUPREME COURT,NONPARTISAN,SCATTERING,122,1
2006,APRIL,PORTAGE,STEVENS POINT CITY WARDS 5 & 6,SPRING GENERAL,JUSTICE OF THE SUPREME COURT,NONPARTISAN,PATRICK CROOKS,96,96
2006,APRIL,PORTAGE,STEVENS POINT CITY WARDS 5 & 6,SPRING GENERAL,JUSTICE OF THE SUPREME COURT,NONPARTISAN,SCATTERING,96,0
2006,APRIL,PORTAGE,STEVENS POINT CITY WARDS 7 & 8,SPRING GENERAL,JUSTICE OF THE SUPREME COURT,NONPARTISAN,PATRICK CROOKS,212,211
2006,APRIL,PORTAGE,STEVENS POINT CITY WARDS 7 & 8,SPRING GENERAL,JUSTICE OF THE SUPREME COURT,NONPARTISAN,SCATTERING,212,1
2006,APRIL,PORTAGE,STEVENS POINT CITY WARDS 9 & 10,SPRING GENERAL,JUSTICE OF THE SUPREME COURT,NONPARTISAN,PATRICK CROOKS,239,238
2006,APRIL,PORTAGE,STEVENS POINT CITY WARDS 9 & 10,SPRING GENERAL,JUSTICE OF THE SUPREME COURT,NONPARTISAN,SCATTERING,239,1
2006,APRIL,PORTAGE,STEVENS POINT CITY WARDS 11 & 12,SPRING GENERAL,JUSTICE OF THE SUPREME COURT,NONPARTISAN,PATRICK CROOKS,364,362
2006,APRIL,PORTAGE,STEVENS POINT CITY WARDS 11 & 12,SPRING GENERAL,JUSTICE OF THE SUPREME COURT,NONPARTISAN,SCATTERING,364,2
2006,APRIL,PORTAGE,STEVENS POINT CITY WARDS 13 & 14,SPRING GENERAL,JUSTICE OF THE SUPREME COURT,NONPARTISAN,PATRICK CROOKS,337,337
2006,APRIL,PORTAGE,STEVENS POINT CITY WARDS 13 & 14,SPRING GENERAL,JUSTICE OF THE SUPREME COURT,NONPARTISAN,SCATTERING,337,0
2006,APRIL,PORTAGE,STEVENS POINT CITY WARDS 15 & 16,SPRING GENERAL,JUSTICE OF THE SUPREME COURT,NONPARTISAN,PATRICK CROOKS,416,415
2006,APRIL,PORTAGE,STEVENS POINT CITY WARDS 15 & 16,SPRING GENERAL,JUSTICE OF THE SUPREME COURT,NONPARTISAN,SCATTERING,416,1
2006,APRIL,PORTAGE,STEVENS POINT CITY WARDS 17 & 18,SPRING GENERAL,JUSTICE OF THE SUPREME COURT,NONPARTISAN,PATRICK CROOKS,311,309
2006,APRIL,PORTAGE,STEVENS POINT CITY WARDS 17 & 18,SPRING GENERAL,JUSTICE OF THE SUPREME COURT,NONPARTISAN,SCATTERING,311,2
2006,APRIL,PORTAGE,STEVENS POINT CITY WARDS 19 & 20,SPRING GENERAL,JUSTICE OF THE SUPREME COURT,NONPARTISAN,PATRICK CROOKS,226,226
2006,APRIL,PORTAGE,STEVENS POINT CITY WARDS 19 & 20,SPRING GENERAL,JUSTICE OF THE SUPREME COURT,NONPARTISAN,SCATTERING,226,0
2006,APRIL,PORTAGE,STEVENS POINT CITY WARDS 21 & 22,SPRING GENERAL,JUSTICE OF THE SUPREME COURT,NONPARTISAN,PATRICK CROOKS,102,100
2006,APRIL,PORTAGE,STEVENS POINT CITY WARDS 21 & 22,SPRING GENERAL,JUSTICE OF THE SUPREME COURT,NONPARTISAN,SCATTERING,102,2
2006,APRIL,PRICE,CATAWBA TOWN WARD 1,SPRING GENERAL,JUSTICE OF THE SUPREME COURT,NONPARTISAN,PATRICK CROOKS,30,29
2006,APRIL,PRICE,CATAWBA TOWN WARD 1,SPRING GENERAL,JUSTICE OF THE SUPREME COURT,NONPARTISAN,SCATTERING,30,1
2006,APRIL,PRICE,EISENSTEIN TOWN WARDS 1 & 2,SPRING GENERAL,JUSTICE OF THE SUPREME COURT,NONPARTISAN,PATRICK CROOKS,94,94
2006,APRIL,PRICE,EISENSTEIN TOWN WARDS 1 & 2,SPRING GENERAL,JUSTICE OF THE SUPREME COURT,NONPARTISAN,SCATTERING,94,0
2006,APRIL,PRICE,ELK TOWN WARD 1,SPRING GENERAL,JUSTICE OF THE SUPREME COURT,NONPARTISAN,PATRICK CROOKS,39,39
2006,APRIL,PRICE,ELK TOWN WARD 1,SPRING GENERAL,JUSTICE OF THE SUPREME COURT,NONPARTISAN,SCATTERING,39,0
2006,APRIL,PRICE,ELK TOWN WARD 2,SPRING GENERAL,JUSTICE OF THE SUPREME COURT,NONPARTISAN,PATRICK CROOKS,23,23
2006,APRIL,PRICE,ELK TOWN WARD 2,SPRING GENERAL,JUSTICE OF THE SUPREME COURT,NONPARTISAN,SCATTERING,23,0
2006,APRIL,PRICE,ELK TOWN WARD 3,SPRING GENERAL,JUSTICE OF THE SUPREME COURT,NONPARTISAN,PATRICK CROOKS,159,159
2006,APRIL,PRICE,ELK TOWN WARD 3,SPRING GENERAL,JUSTICE OF THE SUPREME COURT,NONPARTISAN,SCATTERING,159,0
2006,APRIL,PRICE,EMERY TOWN WARD 1,SPRING GENERAL,JUSTICE OF THE SUPREME COURT,NONPARTISAN,PATRICK CROOKS,54,54
2006,APRIL,PRICE,EMERY TOWN WARD 1,SPRING GENERAL,JUSTICE OF THE SUPREME COURT,NONPARTISAN,SCATTERING,54,0
2006,APRIL,PRICE,FIFIELD TOWN WARD 1,SPRING GENERAL,JUSTICE OF THE SUPREME COURT,NONPARTISAN,PATRICK CROOKS,62,62
2006,APRIL,PRICE,FIFIELD TOWN WARD 1,SPRING GENERAL,JUSTICE OF THE SUPREME COURT,NONPARTISAN,SCATTERING,62,0
2006,APRIL,PRICE,FIFIELD TOWN WARD 2,SPRING GENERAL,JUSTICE OF THE SUPREME COURT,NONPARTISAN,PATRICK CROOKS,87,87
2006,APRIL,PRICE,FIFIELD TOWN WARD 2,SPRING GENERAL,JUSTICE OF THE SUPREME COURT,NONPARTISAN,SCATTERING,87,0
2006,APRIL,PRICE,FLAMBEAU TOWN WARD 1,SPRING GENERAL,JUSTICE OF THE SUPREME COURT,NONPARTISAN,PATRICK CROOKS,68,68
2006,APRIL,PRICE,FLAMBEAU TOWN WARD 1,SPRING GENERAL,JUSTICE OF THE SUPREME COURT,NONPARTISAN,SCATTERING,68,0
2006,APRIL,PRICE,GEORGETOWN TOWN WARD 1,SPRING GENERAL,JUSTICE OF THE SUPREME COURT,NONPARTISAN,PATRICK CROOKS,35,35
2006,APRIL,PRICE,GEORGETOWN TOWN WARD 1,SPRING GENERAL,JUSTICE OF THE SUPREME COURT,NONPARTISAN,SCATTERING,35,0
2006,APRIL,PRICE,HACKETT TOWN WARDS 1 & 2,SPRING GENERAL,JUSTICE OF THE SUPREME COURT,NONPARTISAN,PATRICK CROOKS,29,29
2006,APRIL,PRICE,HACKETT TOWN WARDS 1 & 2,SPRING GENERAL,JUSTICE OF THE SUPREME COURT,NONPARTISAN,SCATTERING,29,0
2006,APRIL,PRICE,HARMONY TOWN WARD 1,SPRING GENERAL,JUSTICE OF THE SUPREME COURT,NONPARTISAN,PATRICK CROOKS,52,52
2006,APRIL,PRICE,HARMONY TOWN WARD 1,SPRING GENERAL,JUSTICE OF THE SUPREME COURT,NONPARTISAN,SCATTERING,52,0
2006,APRIL,PRICE,HILL TOWN WARD 1,SPRING GENERAL,JUSTICE OF THE SUPREME COURT,NONPARTISAN,PATRICK CROOKS,47,47
2006,APRIL,PRICE,HILL TOWN WARD 1,SPRING GENERAL,JUSTICE OF THE SUPREME COURT,NONPARTISAN,SCATTERING,47,0
2006,APRIL,PRICE,KENNAN TOWN WARD 1,SPRING GENERAL,JUSTICE OF THE SUPREME COURT,NONPARTISAN,PATRICK CROOKS,41,41
2006,APRIL,PRICE,KENNAN TOWN WARD 1,SPRING GENERAL,JUSTICE OF THE SUPREME COURT,NONPARTISAN,SCATTERING,41,0
2006,APRIL,PRICE,KNOX TOWN WARDS 1 & 2,SPRING GENERAL,JUSTICE OF THE SUPREME COURT,NONPARTISAN,PATRICK CROOKS,42,42
2006,APRIL,PRICE,KNOX TOWN WARDS 1 & 2,SPRING GENERAL,JUSTICE OF THE SUPREME COURT,NONPARTISAN,SCATTERING,42,0
2006,APRIL,PRICE,LAKE TOWN WARDS 1 & 2,SPRING GENERAL,JUSTICE OF THE SUPREME COURT,NONPARTISAN,PATRICK CROOKS,133,133
2006,APRIL,PRICE,LAKE TOWN WARDS 1 & 2,SPRING GENERAL,JUSTICE OF THE SUPREME COURT,NONPARTISAN,SCATTERING,133,0
2006,APRIL,PRICE,OGEMA TOWN WARDS 1 & 2,SPRING GENERAL,JUSTICE OF THE SUPREME COURT,NONPARTISAN,PATRICK CROOKS,117,115
2006,APRIL,PRICE,OGEMA TOWN WARDS 1 & 2,SPRING GENERAL,JUSTICE OF THE SUPREME COURT,NONPARTISAN,SCATTERING,117,2
2006,APRIL,PRICE,PRENTICE TOWN WARDS 1 & 2,SPRING GENERAL,JUSTICE OF THE SUPREME COURT,NONPARTISAN,PATRICK CROOKS,52,52
2006,APRIL,PRICE,PRENTICE TOWN WARDS 1 & 2,SPRING GENERAL,JUSTICE OF THE SUPREME COURT,NONPARTISAN,SCATTERING,52,0
2006,APRIL,PRICE,SPIRIT TOWN WARD 1,SPRING GENERAL,JUSTICE OF THE SUPREME COURT,NONPARTISAN,PATRICK CROOKS,60,60
2006,APRIL,PRICE,SPIRIT TOWN WARD 1,SPRING GENERAL,JUSTICE OF THE SUPREME COURT,NONPARTISAN,SCATTERING,60,0
2006,APRIL,PRICE,WORCESTER TOWN WARD 1,SPRING GENERAL,JUSTICE OF THE SUPREME COURT,NONPARTISAN,PATRICK CROOKS,92,91
2006,APRIL,PRICE,WORCESTER TOWN WARD 1,SPRING GENERAL,JUSTICE OF THE SUPREME COURT,NONPARTISAN,SCATTERING,92,1
2006,APRIL,PRICE,WORCESTER TOWN WARD 2,SPRING GENERAL,JUSTICE OF THE SUPREME COURT,NONPARTISAN,PATRICK CROOKS,127,127
2006,APRIL,PRICE,WORCESTER TOWN WARD 2,SPRING GENERAL,JUSTICE OF THE SUPREME COURT,NONPARTISAN,SCATTERING,127,0
2006,APRIL,PRICE,WORCESTER TOWN WARD 3,SPRING GENERAL,JUSTICE OF THE SUPREME COURT,NONPARTISAN,PATRICK CROOKS,80,80
2006,APRIL,PRICE,WORCESTER TOWN WARD 3,SPRING GENERAL,JUSTICE OF THE SUPREME COURT,NONPARTISAN,SCATTERING,80,0
2006,APRIL,PRICE,WORCESTER TOWN WARD 4,SPRING GENERAL,JUSTICE OF THE SUPREME COURT,NONPARTISAN,PATRICK CROOKS,32,32
2006,APRIL,PRICE,WORCESTER TOWN WARD 4,SPRING GENERAL,JUSTICE OF THE SUPREME COURT,NONPARTISAN,SCATTERING,32,0
2006,APRIL,PRICE,CATAWBA VILLAGE WARD 1,SPRING GENERAL,JUSTICE OF THE SUPREME COURT,NONPARTISAN,PATRICK CROOKS,17,17
2006,APRIL,PRICE,CATAWBA VILLAGE WARD 1,SPRING GENERAL,JUSTICE OF THE SUPREME COURT,NONPARTISAN,SCATTERING,17,0
2006,APRIL,PRICE,KENNAN VILLAGE WARD 1,SPRING GENERAL,JUSTICE OF THE SUPREME COURT,NONPARTISAN,PATRICK CROOKS,24,24
2006,APRIL,PRICE,KENNAN VILLAGE WARD 1,SPRING GENERAL,JUSTICE OF THE SUPREME COURT,NONPARTISAN,SCATTERING,24,0
2006,APRIL,PRICE,PRENTICE VILLAGE WARD 1,SPRING GENERAL,JUSTICE OF THE SUPREME COURT,NONPARTISAN,PATRICK CROOKS,67,67
2006,APRIL,PRICE,PRENTICE VILLAGE WARD 1,SPRING GENERAL,JUSTICE OF THE SUPREME COURT,NONPARTISAN,SCATTERING,67,0
2006,APRIL,PRICE,PARK FALLS CITY WARD 1,SPRING GENERAL,JUSTICE OF THE SUPREME COURT,NONPARTISAN,PATRICK CROOKS,51,51
2006,APRIL,PRICE,PARK FALLS CITY WARD 1,SPRING GENERAL,JUSTICE OF THE SUPREME COURT,NONPARTISAN,SCATTERING,51,0
2006,APRIL,PRICE,PARK FALLS CITY WARD 2,SPRING GENERAL,JUSTICE OF THE SUPREME COURT,NONPARTISAN,PATRICK CROOKS,47,47
2006,APRIL,PRICE,PARK FALLS CITY WARD 2,SPRING GENERAL,JUSTICE OF THE SUPREME COURT,NONPARTISAN,SCATTERING,47,0
2006,APRIL,PRICE,PARK FALLS CITY WARD 3,SPRING GENERAL,JUSTICE OF THE SUPREME COURT,NONPARTISAN,PATRICK CROOKS,13,13
2006,APRIL,PRICE,PARK FALLS CITY WARD 3,SPRING GENERAL,JUSTICE OF THE SUPREME COURT,NONPARTISAN,SCATTERING,13,0
2006,APRIL,PRICE,PARK FALLS CITY WARD 4,SPRING GENERAL,JUSTICE OF THE SUPREME COURT,NONPARTISAN,PATRICK CROOKS,38,38
2006,APRIL,PRICE,PARK FALLS CITY WARD 4,SPRING GENERAL,JUSTICE OF THE SUPREME COURT,NONPARTISAN,SCATTERING,38,0
2006,APRIL,PRICE,PARK FALLS CITY WARD 5,SPRING GENERAL,JUSTICE OF THE SUPREME COURT,NONPARTISAN,PATRICK CROOKS,33,33
2006,APRIL,PRICE,PARK FALLS CITY WARD 5,SPRING GENERAL,JUSTICE OF THE SUPREME COURT,NONPARTISAN,SCATTERING,33,0
2006,APRIL,PRICE,PARK FALLS CITY WARD 6,SPRING GENERAL,JUSTICE OF THE SUPREME COURT,NONPARTISAN,PATRICK CROOKS,47,47
2006,APRIL,PRICE,PARK FALLS CITY WARD 6,SPRING GENERAL,JUSTICE OF THE SUPREME COURT,NONPARTISAN,SCATTERING,47,0
2006,APRIL,PRICE,PARK FALLS CITY WARD 7,SPRING GENERAL,JUSTICE OF THE SUPREME COURT,NONPARTISAN,PATRICK CROOKS,51,51
2006,APRIL,PRICE,PARK FALLS CITY WARD 7,SPRING GENERAL,JUSTICE OF THE SUPREME COURT,NONPARTISAN,SCATTERING,51,0
2006,APRIL,PRICE,PHILLIPS CITY WARD 1,SPRING GENERAL,JUSTICE OF THE SUPREME COURT,NONPARTISAN,PATRICK CROOKS,41,41
2006,APRIL,PRICE,PHILLIPS CITY WARD 1,SPRING GENERAL,JUSTICE OF THE SUPREME COURT,NONPARTISAN,SCATTERING,41,0
2006,APRIL,PRICE,PHILLIPS CITY WARD 2,SPRING GENERAL,JUSTICE OF THE SUPREME COURT,NONPARTISAN,PATRICK CROOKS,91,91
2006,APRIL,PRICE,PHILLIPS CITY WARD 2,SPRING GENERAL,JUSTICE OF THE SUPREME COURT,NONPARTISAN,SCATTERING,91,0
2006,APRIL,PRICE,PHILLIPS CITY WARD 3,SPRING GENERAL,JUSTICE OF THE SUPREME COURT,NONPARTISAN,PATRICK CROOKS,84,84
2006,APRIL,PRICE,PHILLIPS CITY WARD 3,SPRING GENERAL,JUSTICE OF THE SUPREME COURT,NONPARTISAN,SCATTERING,84,0
2006,APRIL,PRICE,PHILLIPS CITY WARD 4,SPRING GENERAL,JUSTICE OF THE SUPREME COURT,NONPARTISAN,PATRICK CROOKS,25,25
2006,APRIL,PRICE,PHILLIPS CITY WARD 4,SPRING GENERAL,JUSTICE OF THE SUPREME COURT,NONPARTISAN,SCATTERING,25,0
2006,APRIL,PRICE,PHILLIPS CITY WARD 5,SPRING GENERAL,JUSTICE OF THE SUPREME COURT,NONPARTISAN,PATRICK CROOKS,69,69
2006,APRIL,PRICE,PHILLIPS CITY WARD 5,SPRING GENERAL,JUSTICE OF THE SUPREME COURT,NONPARTISAN,SCATTERING,69,0
2006,APRIL,RACINE,BURLINGTON TOWN WARDS 1 - 8,SPRING GENERAL,JUSTICE OF THE SUPREME COURT,NONPARTISAN,PATRICK CROOKS,307,307
2006,APRIL,RACINE,BURLINGTON TOWN WARDS 1 - 8,SPRING GENERAL,JUSTICE OF THE SUPREME COURT,NONPARTISAN,SCATTERING,307,0
2006,APRIL,RACINE,BURLINGTON TOWN WARDS 9 - 12,SPRING GENERAL,JUSTICE OF THE SUPREME COURT,NONPARTISAN,PATRICK CROOKS,218,218
2006,APRIL,RACINE,BURLINGTON TOWN WARDS 9 - 12,SPRING GENERAL,JUSTICE OF THE SUPREME COURT,NONPARTISAN,SCATTERING,218,0
2006,APRIL,RACINE,DOVER TOWN WARDS 1 - 8,SPRING GENERAL,JUSTICE OF THE SUPREME COURT,NONPARTISAN,PATRICK CROOKS,102,102
2006,APRIL,RACINE,DOVER TOWN WARDS 1 - 8,SPRING GENERAL,JUSTICE OF THE SUPREME COURT,NONPARTISAN,SCATTERING,102,0
2006,APRIL,RACINE,NORWAY TOWN WARDS 1 - 11,SPRING GENERAL,JUSTICE OF THE SUPREME COURT,NONPARTISAN,PATRICK CROOKS,406,406
2006,APRIL,RACINE,NORWAY TOWN WARDS 1 - 11,SPRING GENERAL,JUSTICE OF THE SUPREME COURT,NONPARTISAN,SCATTERING,406,0
2006,APRIL,RACINE,RAYMOND TOWN WARDS 1 - 5,SPRING GENERAL,JUSTICE OF THE SUPREME COURT,NONPARTISAN,PATRICK CROOKS,357,357
2006,APRIL,RACINE,RAYMOND TOWN WARDS 1 - 5,SPRING GENERAL,JUSTICE OF THE SUPREME COURT,NONPARTISAN,SCATTERING,357,0
2006,APRIL,RACINE,ROCHESTER TOWN WARDS 1 - 5,SPRING GENERAL,JUSTICE OF THE SUPREME COURT,NONPARTISAN,PATRICK CROOKS,71,71
2006,APRIL,RACINE,ROCHESTER TOWN WARDS 1 - 5,SPRING GENERAL,JUSTICE OF THE SUPREME COURT,NONPARTISAN,SCATTERING,71,0
2006,APRIL,RACINE,WATERFORD TOWN WARDS 1 - 10,SPRING GENERAL,JUSTICE OF THE SUPREME COURT,NONPARTISAN,PATRICK CROOKS,553,552
2006,APRIL,RACINE,WATERFORD TOWN WARDS 1 - 10,SPRING GENERAL,JUSTICE OF THE SUPREME COURT,NONPARTISAN,SCATTERING,553,1
2006,APRIL,RACINE,YORKVILLE TOWN WARDS 1 - 5,SPRING GENERAL,JUSTICE OF THE SUPREME COURT,NONPARTISAN,PATRICK CROOKS,410,410
2006,APRIL,RACINE,YORKVILLE TOWN WARDS 1 - 5,SPRING GENERAL,JUSTICE OF THE SUPREME COURT,NONPARTISAN,SCATTERING,410,0
2006,APRIL,RACINE,CALEDONIA VILLAGE WARDS 1 - 3,SPRING GENERAL,JUSTICE OF THE SUPREME COURT,NONPARTISAN,PATRICK CROOKS,428,428
2006,APRIL,RACINE,CALEDONIA VILLAGE WARDS 1 - 3,SPRING GENERAL,JUSTICE OF THE SUPREME COURT,NONPARTISAN,SCATTERING,428,0
2006,APRIL,RACINE,"CALEDONIA VILLAGE WARDS 4, 20 & 21",SPRING GENERAL,JUSTICE OF THE SUPREME COURT,NONPARTISAN,PATRICK CROOKS,310,306
2006,APRIL,RACINE,"CALEDONIA VILLAGE WARDS 4, 20 & 21",SPRING GENERAL,JUSTICE OF THE SUPREME COURT,NONPARTISAN,SCATTERING,310,4
2006,APRIL,RACINE,"CALEDONIA VILLAGE WARDS 5, 6 & 18",SPRING GENERAL,JUSTICE OF THE SUPREME COURT,NONPARTISAN,PATRICK CROOKS,417,417
2006,APRIL,RACINE,"CALEDONIA VILLAGE WARDS 5, 6 & 18",SPRING GENERAL,JUSTICE OF THE SUPREME COURT,NONPARTISAN,SCATTERING,417,0
2006,APRIL,RACINE,CALEDONIA VILLAGE WARDS 7 - 9 & 19,SPRING GENERAL,JUSTICE OF THE SUPREME COURT,NONPARTISAN,PATRICK CROOKS,451,449
2006,APRIL,RACINE,CALEDONIA VILLAGE WARDS 7 - 9 & 19,SPRING GENERAL,JUSTICE OF THE SUPREME COURT,NONPARTISAN,SCATTERING,451,2
2006,APRIL,RACINE,"CALEDONIA VILLAGE WARDS 10 - 12, 16 & 17",SPRING GENERAL,JUSTICE OF THE SUPREME COURT,NONPARTISAN,PATRICK CROOKS,794,788
2006,APRIL,RACINE,"CALEDONIA VILLAGE WARDS 10 - 12, 16 & 17",SPRING GENERAL,JUSTICE OF THE SUPREME COURT,NONPARTISAN,SCATTERING,794,6
2006,APRIL,RACINE,CALEDONIA VILLAGE WARDS 13 - 15,SPRING GENERAL,JUSTICE OF THE SUPREME COURT,NONPARTISAN,PATRICK CROOKS,347,341
2006,APRIL,RACINE,CALEDONIA VILLAGE WARDS 13 - 15,SPRING GENERAL,JUSTICE OF THE SUPREME COURT,NONPARTISAN,SCATTERING,347,6
2006,APRIL,RACINE,ELMWOOD PARK VILLAGE WARD 1,SPRING GENERAL,JUSTICE OF THE SUPREME COURT,NONPARTISAN,PATRICK CROOKS,85,85
2006,APRIL,RACINE,ELMWOOD PARK VILLAGE WARD 1,SPRING GENERAL,JUSTICE OF THE SUPREME COURT,NONPARTISAN,SCATTERING,85,0
2006,APRIL,RACINE,"MOUNT PLEASANT VILLAGE WARDS 1, 2 & 16",SPRING GENERAL,JUSTICE OF THE SUPREME COURT,NONPARTISAN,PATRICK CROOKS,198,197
2006,APRIL,RACINE,"MOUNT PLEASANT VILLAGE WARDS 1, 2 & 16",SPRING GENERAL,JUSTICE OF THE SUPREME COURT,NONPARTISAN,SCATTERING,198,1
2006,APRIL,RACINE,MOUNT PLEASANT VILLAGE WARDS 3 - 6,SPRING GENERAL,JUSTICE OF THE SUPREME COURT,NONPARTISAN,PATRICK CROOKS,338,337
2006,APRIL,RACINE,MOUNT PLEASANT VILLAGE WARDS 3 - 6,SPRING GENERAL,JUSTICE OF THE SUPREME COURT,NONPARTISAN,SCATTERING,338,1
2006,APRIL,RACINE,MOUNT PLEASANT VILLAGE WARDS 7 - 9,SPRING GENERAL,JUSTICE OF THE SUPREME COURT,NONPARTISAN,PATRICK CROOKS,263,260
2006,APRIL,RACINE,MOUNT PLEASANT VILLAGE WARDS 7 - 9,SPRING GENERAL,JUSTICE OF THE SUPREME COURT,NONPARTISAN,SCATTERING,263,3
2006,APRIL,RACINE,MOUNT PLEASANT VILLAGE WARDS 10 - 12,SPRING GENERAL,JUSTICE OF THE SUPREME COURT,NONPARTISAN,PATRICK CROOKS,279,277
2006,APRIL,RACINE,MOUNT PLEASANT VILLAGE WARDS 10 - 12,SPRING GENERAL,JUSTICE OF THE SUPREME COURT,NONPARTISAN,SCATTERING,279,2
2006,APRIL,RACINE,MOUNT PLEASANT VILLAGE WARDS 13 - 15,SPRING GENERAL,JUSTICE OF THE SUPREME COURT,NONPARTISAN,PATRICK CROOKS,169,169
2006,APRIL,RACINE,MOUNT PLEASANT VILLAGE WARDS 13 - 15,SPRING GENERAL,JUSTICE OF THE SUPREME COURT,NONPARTISAN,SCATTERING,169,0
2006,APRIL,RACINE,"MOUNT PLEASANT VILLAGE WARDS 17, 18 & 20",SPRING GENERAL,JUSTICE OF THE SUPREME COURT,NONPARTISAN,PATRICK CROOKS,206,206
2006,APRIL,RACINE,"MOUNT PLEASANT VILLAGE WARDS 17, 18 & 20",SPRING GENERAL,JUSTICE OF THE SUPREME COURT,NONPARTISAN,SCATTERING,206,0
2006,APRIL,RACINE,"MOUNT PLEASANT VILLAGE WARDS 19, 21 - 23",SPRING GENERAL,JUSTICE OF THE SUPREME COURT,NONPARTISAN,PATRICK CROOKS,203,202
2006,APRIL,RACINE,"MOUNT PLEASANT VILLAGE WARDS 19, 21 - 23",SPRING GENERAL,JUSTICE OF THE SUPREME COURT,NONPARTISAN,SCATTERING,203,1
2006,APRIL,RACINE,NORTH BAY VILLAGE WARD 1,SPRING GENERAL,JUSTICE OF THE SUPREME COURT,NONPARTISAN,PATRICK CROOKS,66,66
2006,APRIL,RACINE,NORTH BAY VILLAGE WARD 1,SPRING GENERAL,JUSTICE OF THE SUPREME COURT,NONPARTISAN,SCATTERING,66,0
2006,APRIL,RACINE,ROCHESTER VILLAGE WARDS 1 & 2,SPRING GENERAL,JUSTICE OF THE SUPREME COURT,NONPARTISAN,PATRICK CROOKS,43,43
2006,APRIL,RACINE,ROCHESTER VILLAGE WARDS 1 & 2,SPRING GENERAL,JUSTICE OF THE SUPREME COURT,NONPARTISAN,SCATTERING,43,0
2006,APRIL,RACINE,STURTEVANT VILLAGE WARDS 1 - 6,SPRING GENERAL,JUSTICE OF THE SUPREME COURT,NONPARTISAN,PATRICK CROOKS,183,182
2006,APRIL,RACINE,STURTEVANT VILLAGE WARDS 1 - 6,SPRING GENERAL,JUSTICE OF THE SUPREME COURT,NONPARTISAN,SCATTERING,183,1
2006,APRIL,RACINE,UNION GROVE VILLAGE WARDS 1 - 7,SPRING GENERAL,JUSTICE OF THE SUPREME COURT,NONPARTISAN,PATRICK CROOKS,377,377
2006,APRIL,RACINE,UNION GROVE VILLAGE WARDS 1 - 7,SPRING GENERAL,JUSTICE OF THE SUPREME COURT,NONPARTISAN,SCATTERING,377,0
2006,APRIL,RACINE,WATERFORD VILLAGE WARDS 1 - 7,SPRING GENERAL,JUSTICE OF THE SUPREME COURT,NONPARTISAN,PATRICK CROOKS,161,161
2006,APRIL,RACINE,WATERFORD VILLAGE WARDS 1 - 7,SPRING GENERAL,JUSTICE OF THE SUPREME COURT,NONPARTISAN,SCATTERING,161,0
2006,APRIL,RACINE,WIND POINT VILLAGE WARDS 1 - 3,SPRING GENERAL,JUSTICE OF THE SUPREME COURT,NONPARTISAN,PATRICK CROOKS,380,376
2006,APRIL,RACINE,WIND POINT VILLAGE WARDS 1 - 3,SPRING GENERAL,JUSTICE OF THE SUPREME COURT,NONPARTISAN,SCATTERING,380,4
2006,APRIL,RACINE,BURLINGTON CITY WARDS 1 - 8,SPRING GENERAL,JUSTICE OF THE SUPREME COURT,NONPARTISAN,PATRICK CROOKS,308,307
2006,APRIL,RACINE,BURLINGTON CITY WARDS 1 - 8,SPRING GENERAL,JUSTICE OF THE SUPREME COURT,NONPARTISAN,SCATTERING,308,1
2006,APRIL,RACINE,BURLINGTON CITY WARDS 9 - 16,SPRING GENERAL,JUSTICE OF THE SUPREME COURT,NONPARTISAN,PATRICK CROOKS,286,286
2006,APRIL,RACINE,BURLINGTON CITY WARDS 9 - 16,SPRING GENERAL,JUSTICE OF THE SUPREME COURT,NONPARTISAN,SCATTERING,286,0
2006,APRIL,RACINE,RACINE CITY WARD 1,SPRING GENERAL,JUSTICE OF THE SUPREME COURT,NONPARTISAN,PATRICK CROOKS,19,19
2006,APRIL,RACINE,RACINE CITY WARD 1,SPRING GENERAL,JUSTICE OF THE SUPREME COURT,NONPARTISAN,SCATTERING,19,0
2006,APRIL,RACINE,RACINE CITY WARD 2,SPRING GENERAL,JUSTICE OF THE SUPREME COURT,NONPARTISAN,PATRICK CROOKS,31,30
2006,APRIL,RACINE,RACINE CITY WARD 2,SPRING GENERAL,JUSTICE OF THE SUPREME COURT,NONPARTISAN,SCATTERING,31,1
2006,APRIL,RACINE,RACINE CITY WARD 3,SPRING GENERAL,JUSTICE OF THE SUPREME COURT,NONPARTISAN,PATRICK CROOKS,28,28
2006,APRIL,RACINE,RACINE CITY WARD 3,SPRING GENERAL,JUSTICE OF THE SUPREME COURT,NONPARTISAN,SCATTERING,28,0
2006,APRIL,RACINE,RACINE CITY WARD 4,SPRING GENERAL,JUSTICE OF THE SUPREME COURT,NONPARTISAN,PATRICK CROOKS,39,39
2006,APRIL,RACINE,RACINE CITY WARD 4,SPRING GENERAL,JUSTICE OF THE SUPREME COURT,NONPARTISAN,SCATTERING,39,0
2006,APRIL,RACINE,RACINE CITY WARD 5,SPRING GENERAL,JUSTICE OF THE SUPREME COURT,NONPARTISAN,PATRICK CROOKS,44,43
2006,APRIL,RACINE,RACINE CITY WARD 5,SPRING GENERAL,JUSTICE OF THE SUPREME COURT,NONPARTISAN,SCATTERING,44,1
2006,APRIL,RACINE,RACINE CITY WARD 6,SPRING GENERAL,JUSTICE OF THE SUPREME COURT,NONPARTISAN,PATRICK CROOKS,201,199
2006,APRIL,RACINE,RACINE CITY WARD 6,SPRING GENERAL,JUSTICE OF THE SUPREME COURT,NONPARTISAN,SCATTERING,201,2
2006,APRIL,RACINE,RACINE CITY WARD 7,SPRING GENERAL,JUSTICE OF THE SUPREME COURT,NONPARTISAN,PATRICK CROOKS,39,39
2006,APRIL,RACINE,RACINE CITY WARD 7,SPRING GENERAL,JUSTICE OF THE SUPREME COURT,NONPARTISAN,SCATTERING,39,0
2006,APRIL,RACINE,RACINE CITY WARD 8,SPRING GENERAL,JUSTICE OF THE SUPREME COURT,NONPARTISAN,PATRICK CROOKS,54,54
2006,APRIL,RACINE,RACINE CITY WARD 8,SPRING GENERAL,JUSTICE OF THE SUPREME COURT,NONPARTISAN,SCATTERING,54,0
2006,APRIL,RACINE,RACINE CITY WARD 9,SPRING GENERAL,JUSTICE OF THE SUPREME COURT,NONPARTISAN,PATRICK CROOKS,60,60
2006,APRIL,RACINE,RACINE CITY WARD 9,SPRING GENERAL,JUSTICE OF THE SUPREME COURT,NONPARTISAN,SCATTERING,60,0
2006,APRIL,RACINE,RACINE CITY WARD 10,SPRING GENERAL,JUSTICE OF THE SUPREME COURT,NONPARTISAN,PATRICK CROOKS,64,64
2006,APRIL,RACINE,RACINE CITY WARD 10,SPRING GENERAL,JUSTICE OF THE SUPREME COURT,NONPARTISAN,SCATTERING,64,0
2006,APRIL,RACINE,RACINE CITY WARD 11,SPRING GENERAL,JUSTICE OF THE SUPREME COURT,NONPARTISAN,PATRICK CROOKS,34,34
2006,APRIL,RACINE,RACINE CITY WARD 11,SPRING GENERAL,JUSTICE OF THE SUPREME COURT,NONPARTISAN,SCATTERING,34,0
2006,APRIL,RACINE,RACINE CITY WARD 12,SPRING GENERAL,JUSTICE OF THE SUPREME COURT,NONPARTISAN,PATRICK CROOKS,42,41
2006,APRIL,RACINE,RACINE CITY WARD 12,SPRING GENERAL,JUSTICE OF THE SUPREME COURT,NONPARTISAN,SCATTERING,42,1
2006,APRIL,RACINE,RACINE CITY WARD 13,SPRING GENERAL,JUSTICE OF THE SUPREME COURT,NONPARTISAN,PATRICK CROOKS,35,35
2006,APRIL,RACINE,RACINE CITY WARD 13,SPRING GENERAL,JUSTICE OF THE SUPREME COURT,NONPARTISAN,SCATTERING,35,0
2006,APRIL,RACINE,RACINE CITY WARD 14,SPRING GENERAL,JUSTICE OF THE SUPREME COURT,NONPARTISAN,PATRICK CROOKS,149,149
2006,APRIL,RACINE,RACINE CITY WARD 14,SPRING GENERAL,JUSTICE OF THE SUPREME COURT,NONPARTISAN,SCATTERING,149,0
2006,APRIL,RACINE,RACINE CITY WARD 15,SPRING GENERAL,JUSTICE OF THE SUPREME COURT,NONPARTISAN,PATRICK CROOKS,175,175
2006,APRIL,RACINE,RACINE CITY WARD 15,SPRING GENERAL,JUSTICE OF THE SUPREME COURT,NONPARTISAN,SCATTERING,175,0
2006,APRIL,RACINE,RACINE CITY WARD 16,SPRING GENERAL,JUSTICE OF THE SUPREME COURT,NONPARTISAN,PATRICK CROOKS,89,89
2006,APRIL,RACINE,RACINE CITY WARD 16,SPRING GENERAL,JUSTICE OF THE SUPREME COURT,NONPARTISAN,SCATTERING,89,0
2006,APRIL,RACINE,RACINE CITY WARD 17,SPRING GENERAL,JUSTICE OF THE SUPREME COURT,NONPARTISAN,PATRICK CROOKS,85,85
2006,APRIL,RACINE,RACINE CITY WARD 17,SPRING GENERAL,JUSTICE OF THE SUPREME COURT,NONPARTISAN,SCATTERING,85,0
2006,APRIL,RACINE,RACINE CITY WARD 18,SPRING GENERAL,JUSTICE OF THE SUPREME COURT,NONPARTISAN,PATRICK CROOKS,159,159
2006,APRIL,RACINE,RACINE CITY WARD 18,SPRING GENERAL,JUSTICE OF THE SUPREME COURT,NONPARTISAN,SCATTERING,159,0
2006,APRIL,RACINE,RACINE CITY WARD 19,SPRING GENERAL,JUSTICE OF THE SUPREME COURT,NONPARTISAN,PATRICK CROOKS,26,26
2006,APRIL,RACINE,RACINE CITY WARD 19,SPRING GENERAL,JUSTICE OF THE SUPREME COURT,NONPARTISAN,SCATTERING,26,0
2006,APRIL,RACINE,RACINE CITY WARD 20,SPRING GENERAL,JUSTICE OF THE SUPREME COURT,NONPARTISAN,PATRICK CROOKS,19,19
2006,APRIL,RACINE,RACINE CITY WARD 20,SPRING GENERAL,JUSTICE OF THE SUPREME COURT,NONPARTISAN,SCATTERING,19,0
2006,APRIL,RACINE,RACINE CITY WARD 21,SPRING GENERAL,JUSTICE OF THE SUPREME COURT,NONPARTISAN,PATRICK CROOKS,74,74
2006,APRIL,RACINE,RACINE CITY WARD 21,SPRING GENERAL,JUSTICE OF THE SUPREME COURT,NONPARTISAN,SCATTERING,74,0
2006,APRIL,RACINE,RACINE CITY WARD 22,SPRING GENERAL,JUSTICE OF THE SUPREME COURT,NONPARTISAN,PATRICK CROOKS,140,140
2006,APRIL,RACINE,RACINE CITY WARD 22,SPRING GENERAL,JUSTICE OF THE SUPREME COURT,NONPARTISAN,SCATTERING,140,0
2006,APRIL,RACINE,RACINE CITY WARD 23,SPRING GENERAL,JUSTICE OF THE SUPREME COURT,NONPARTISAN,PATRICK CROOKS,144,144
2006,APRIL,RACINE,RACINE CITY WARD 23,SPRING GENERAL,JUSTICE OF THE SUPREME COURT,NONPARTISAN,SCATTERING,144,0
2006,APRIL,RACINE,RACINE CITY WARD 24,SPRING GENERAL,JUSTICE OF THE SUPREME COURT,NONPARTISAN,PATRICK CROOKS,118,116
2006,APRIL,RACINE,RACINE CITY WARD 24,SPRING GENERAL,JUSTICE OF THE SUPREME COURT,NONPARTISAN,SCATTERING,118,2
2006,APRIL,RACINE,RACINE CITY WARD 25,SPRING GENERAL,JUSTICE OF THE SUPREME COURT,NONPARTISAN,PATRICK CROOKS,110,110
2006,APRIL,RACINE,RACINE CITY WARD 25,SPRING GENERAL,JUSTICE OF THE SUPREME COURT,NONPARTISAN,SCATTERING,110,0
2006,APRIL,RACINE,RACINE CITY WARD 26,SPRING GENERAL,JUSTICE OF THE SUPREME COURT,NONPARTISAN,PATRICK CROOKS,73,73
2006,APRIL,RACINE,RACINE CITY WARD 26,SPRING GENERAL,JUSTICE OF THE SUPREME COURT,NONPARTISAN,SCATTERING,73,0
2006,APRIL,RACINE,RACINE CITY WARD 27,SPRING GENERAL,JUSTICE OF THE SUPREME COURT,NONPARTISAN,PATRICK CROOKS,239,239
2006,APRIL,RACINE,RACINE CITY WARD 27,SPRING GENERAL,JUSTICE OF THE SUPREME COURT,NONPARTISAN,SCATTERING,239,0
2006,APRIL,RACINE,RACINE CITY WARD 28,SPRING GENERAL,JUSTICE OF THE SUPREME COURT,NONPARTISAN,PATRICK CROOKS,212,211
2006,APRIL,RACINE,RACINE CITY WARD 28,SPRING GENERAL,JUSTICE OF THE SUPREME COURT,NONPARTISAN,SCATTERING,212,1
2006,APRIL,RACINE,RACINE CITY WARD 29,SPRING GENERAL,JUSTICE OF THE SUPREME COURT,NONPARTISAN,PATRICK CROOKS,125,125
2006,APRIL,RACINE,RACINE CITY WARD 29,SPRING GENERAL,JUSTICE OF THE SUPREME COURT,NONPARTISAN,SCATTERING,125,0
2006,APRIL,RACINE,RACINE CITY WARD 30,SPRING GENERAL,JUSTICE OF THE SUPREME COURT,NONPARTISAN,PATRICK CROOKS,81,80
2006,APRIL,RACINE,RACINE CITY WARD 30,SPRING GENERAL,JUSTICE OF THE SUPREME COURT,NONPARTISAN,SCATTERING,81,1
2006,APRIL,RACINE,RACINE CITY WARD 31,SPRING GENERAL,JUSTICE OF THE SUPREME COURT,NONPARTISAN,PATRICK CROOKS,99,99
2006,APRIL,RACINE,RACINE CITY WARD 31,SPRING GENERAL,JUSTICE OF THE SUPREME COURT,NONPARTISAN,SCATTERING,99,0
2006,APRIL,RACINE,RACINE CITY WARD 32,SPRING GENERAL,JUSTICE OF THE SUPREME COURT,NONPARTISAN,PATRICK CROOKS,69,68
2006,APRIL,RACINE,RACINE CITY WARD 32,SPRING GENERAL,JUSTICE OF THE SUPREME COURT,NONPARTISAN,SCATTERING,69,1
2006,APRIL,RACINE,RACINE CITY WARD 33,SPRING GENERAL,JUSTICE OF THE SUPREME COURT,NONPARTISAN,PATRICK CROOKS,171,171
2006,APRIL,RACINE,RACINE CITY WARD 33,SPRING GENERAL,JUSTICE OF THE SUPREME COURT,NONPARTISAN,SCATTERING,171,0
2006,APRIL,RACINE,RACINE CITY WARD 34,SPRING GENERAL,JUSTICE OF THE SUPREME COURT,NONPARTISAN,PATRICK CROOKS,222,222
2006,APRIL,RACINE,RACINE CITY WARD 34,SPRING GENERAL,JUSTICE OF THE SUPREME COURT,NONPARTISAN,SCATTERING,222,0
2006,APRIL,RICHLAND,AKAN TOWN WARD 1,SPRING GENERAL,JUSTICE OF THE SUPREME COURT,NONPARTISAN,PATRICK CROOKS,11,11
2006,APRIL,RICHLAND,AKAN TOWN WARD 1,SPRING GENERAL,JUSTICE OF THE SUPREME COURT,NONPARTISAN,SCATTERING,11,0
2006,APRIL,RICHLAND,BLOOM TOWN WARD 1,SPRING GENERAL,JUSTICE OF THE SUPREME COURT,NONPARTISAN,PATRICK CROOKS,41,41
2006,APRIL,RICHLAND,BLOOM TOWN WARD 1,SPRING GENERAL,JUSTICE OF THE SUPREME COURT,NONPARTISAN,SCATTERING,41,0
2006,APRIL,RICHLAND,BUENA VISTA TOWN WARDS 1 & 2,SPRING GENERAL,JUSTICE OF THE SUPREME COURT,NONPARTISAN,PATRICK CROOKS,126,126
2006,APRIL,RICHLAND,BUENA VISTA TOWN WARDS 1 & 2,SPRING GENERAL,JUSTICE OF THE SUPREME COURT,NONPARTISAN,SCATTERING,126,0
2006,APRIL,RICHLAND,DAYTON TOWN WARD 1,SPRING GENERAL,JUSTICE OF THE SUPREME COURT,NONPARTISAN,PATRICK CROOKS,14,14
2006,APRIL,RICHLAND,DAYTON TOWN WARD 1,SPRING GENERAL,JUSTICE OF THE SUPREME COURT,NONPARTISAN,SCATTERING,14,0
2006,APRIL,RICHLAND,EAGLE TOWN WARD 1,SPRING GENERAL,JUSTICE OF THE SUPREME COURT,NONPARTISAN,PATRICK CROOKS,20,20
2006,APRIL,RICHLAND,EAGLE TOWN WARD 1,SPRING GENERAL,JUSTICE OF THE SUPREME COURT,NONPARTISAN,SCATTERING,20,0
2006,APRIL,RICHLAND,FOREST TOWN WARD 1,SPRING GENERAL,JUSTICE OF THE SUPREME COURT,NONPARTISAN,PATRICK CROOKS,36,36
2006,APRIL,RICHLAND,FOREST TOWN WARD 1,SPRING GENERAL,JUSTICE OF THE SUPREME COURT,NONPARTISAN,SCATTERING,36,0
2006,APRIL,RICHLAND,HENRIETTA TOWN WARD 1,SPRING GENERAL,JUSTICE OF THE SUPREME COURT,NONPARTISAN,PATRICK CROOKS,31,31
2006,APRIL,RICHLAND,HENRIETTA TOWN WARD 1,SPRING GENERAL,JUSTICE OF THE SUPREME COURT,NONPARTISAN,SCATTERING,31,0
2006,APRIL,RICHLAND,ITHACA TOWN WARD 1,SPRING GENERAL,JUSTICE OF THE SUPREME COURT,NONPARTISAN,PATRICK CROOKS,48,48
2006,APRIL,RICHLAND,ITHACA TOWN WARD 1,SPRING GENERAL,JUSTICE OF THE SUPREME COURT,NONPARTISAN,SCATTERING,48,0
2006,APRIL,RICHLAND,MARSHALL TOWN WARD 1,SPRING GENERAL,JUSTICE OF THE SUPREME COURT,NONPARTISAN,PATRICK CROOKS,25,25
2006,APRIL,RICHLAND,MARSHALL TOWN WARD 1,SPRING GENERAL,JUSTICE OF THE SUPREME COURT,NONPARTISAN,SCATTERING,25,0
2006,APRIL,RICHLAND,ORION TOWN WARD 1,SPRING GENERAL,JUSTICE OF THE SUPREME COURT,NONPARTISAN,PATRICK CROOKS,25,25
2006,APRIL,RICHLAND,ORION TOWN WARD 1,SPRING GENERAL,JUSTICE OF THE SUPREME COURT,NONPARTISAN,SCATTERING,25,0
2006,APRIL,RICHLAND,RICHLAND TOWN WARDS 1 - 4,SPRING GENERAL,JUSTICE OF THE SUPREME COURT,NONPARTISAN,PATRICK CROOKS,45,45
2006,APRIL,RICHLAND,RICHLAND TOWN WARDS 1 - 4,SPRING GENERAL,JUSTICE OF THE SUPREME COURT,NONPARTISAN,SCATTERING,45,0
2006,APRIL,RICHLAND,RICHWOOD TOWN WARDS 1 & 2,SPRING GENERAL,JUSTICE OF THE SUPREME COURT,NONPARTISAN,PATRICK CROOKS,29,29
2006,APRIL,RICHLAND,RICHWOOD TOWN WARDS 1 & 2,SPRING GENERAL,JUSTICE OF THE SUPREME COURT,NONPARTISAN,SCATTERING,29,0
2006,APRIL,RICHLAND,ROCKBRIDGE TOWN WARDS 1 - 3,SPRING GENERAL,JUSTICE OF THE SUPREME COURT,NONPARTISAN,PATRICK CROOKS,42,42
2006,APRIL,RICHLAND,ROCKBRIDGE TOWN WARDS 1 - 3,SPRING GENERAL,JUSTICE OF THE SUPREME COURT,NONPARTISAN,SCATTERING,42,0
2006,APRIL,RICHLAND,SYLVAN TOWN WARDS 1 - 4,SPRING GENERAL,JUSTICE OF THE SUPREME COURT,NONPARTISAN,PATRICK CROOKS,27,27
2006,APRIL,RICHLAND,SYLVAN TOWN WARDS 1 - 4,SPRING GENERAL,JUSTICE OF THE SUPREME COURT,NONPARTISAN,SCATTERING,27,0
2006,APRIL,RICHLAND,WESTFORD TOWN WARDS 1 & 2,SPRING GENERAL,JUSTICE OF THE SUPREME COURT,NONPARTISAN,PATRICK CROOKS,115,115
2006,APRIL,RICHLAND,WESTFORD TOWN WARDS 1 & 2,SPRING GENERAL,JUSTICE OF THE SUPREME COURT,NONPARTISAN,SCATTERING,115,0
2006,APRIL,RICHLAND,WILLOW TOWN WARD 1,SPRING GENERAL,JUSTICE OF THE SUPREME COURT,NONPARTISAN,PATRICK CROOKS,48,48
2006,APRIL,RICHLAND,WILLOW TOWN WARD 1,SPRING GENERAL,JUSTICE OF THE SUPREME COURT,NONPARTISAN,SCATTERING,48,0
2006,APRIL,RICHLAND,BOAZ VILLAGE WARD 1,SPRING GENERAL,JUSTICE OF THE SUPREME COURT,NONPARTISAN,PATRICK CROOKS,16,16
2006,APRIL,RICHLAND,BOAZ VILLAGE WARD 1,SPRING GENERAL,JUSTICE OF THE SUPREME COURT,NONPARTISAN,SCATTERING,16,0
2006,APRIL,RICHLAND,CAZENOVIA VILLAGE WARD 1,SPRING GENERAL,JUSTICE OF THE SUPREME COURT,NONPARTISAN,PATRICK CROOKS,59,59
2006,APRIL,RICHLAND,CAZENOVIA VILLAGE WARD 1,SPRING GENERAL,JUSTICE OF THE SUPREME COURT,NONPARTISAN,SCATTERING,59,0
2006,APRIL,RICHLAND,LONE ROCK VILLAGE WARDS 1 & 2,SPRING GENERAL,JUSTICE OF THE SUPREME COURT,NONPARTISAN,PATRICK CROOKS,171,171
2006,APRIL,RICHLAND,LONE ROCK VILLAGE WARDS 1 & 2,SPRING GENERAL,JUSTICE OF THE SUPREME COURT,NONPARTISAN,SCATTERING,171,0
2006,APRIL,RICHLAND,VIOLA VILLAGE WARD 2,SPRING GENERAL,JUSTICE OF THE SUPREME COURT,NONPARTISAN,PATRICK CROOKS,86,86
2006,APRIL,RICHLAND,VIOLA VILLAGE WARD 2,SPRING GENERAL,JUSTICE OF THE SUPREME COURT,NONPARTISAN,SCATTERING,86,0
2006,APRIL,RICHLAND,YUBA VILLAGE WARD 1,SPRING GENERAL,JUSTICE OF THE SUPREME COURT,NONPARTISAN,PATRICK CROOKS,7,7
2006,APRIL,RICHLAND,YUBA VILLAGE WARD 1,SPRING GENERAL,JUSTICE OF THE SUPREME COURT,NONPARTISAN,SCATTERING,7,0
2006,APRIL,RICHLAND,RICHLAND CENTER CITY WARD 1,SPRING GENERAL,JUSTICE OF THE SUPREME COURT,NONPARTISAN,PATRICK CROOKS,72,72
2006,APRIL,RICHLAND,RICHLAND CENTER CITY WARD 1,SPRING GENERAL,JUSTICE OF THE SUPREME COURT,NONPARTISAN,SCATTERING,72,0
2006,APRIL,RICHLAND,RICHLAND CENTER CITY WARD 2,SPRING GENERAL,JUSTICE OF THE SUPREME COURT,NONPARTISAN,PATRICK CROOKS,33,33
2006,APRIL,RICHLAND,RICHLAND CENTER CITY WARD 2,SPRING GENERAL,JUSTICE OF THE SUPREME COURT,NONPARTISAN,SCATTERING,33,0
2006,APRIL,RICHLAND,RICHLAND CENTER CITY WARD 3,SPRING GENERAL,JUSTICE OF THE SUPREME COURT,NONPARTISAN,PATRICK CROOKS,49,49
2006,APRIL,RICHLAND,RICHLAND CENTER CITY WARD 3,SPRING GENERAL,JUSTICE OF THE SUPREME COURT,NONPARTISAN,SCATTERING,49,0
2006,APRIL,RICHLAND,RICHLAND CENTER CITY WARD 4,SPRING GENERAL,JUSTICE OF THE SUPREME COURT,NONPARTISAN,PATRICK CROOKS,20,20
2006,APRIL,RICHLAND,RICHLAND CENTER CITY WARD 4,SPRING GENERAL,JUSTICE OF THE SUPREME COURT,NONPARTISAN,SCATTERING,20,0
2006,APRIL,RICHLAND,RICHLAND CENTER CITY WARD 5,SPRING GENERAL,JUSTICE OF THE SUPREME COURT,NONPARTISAN,PATRICK CROOKS,67,67
2006,APRIL,RICHLAND,RICHLAND CENTER CITY WARD 5,SPRING GENERAL,JUSTICE OF THE SUPREME COURT,NONPARTISAN,SCATTERING,67,0
2006,APRIL,RICHLAND,RICHLAND CENTER CITY WARD 6,SPRING GENERAL,JUSTICE OF THE SUPREME COURT,NONPARTISAN,PATRICK CROOKS,64,64
2006,APRIL,RICHLAND,RICHLAND CENTER CITY WARD 6,SPRING GENERAL,JUSTICE OF THE SUPREME COURT,NONPARTISAN,SCATTERING,64,0
2006,APRIL,RICHLAND,RICHLAND CENTER CITY WARD 7,SPRING GENERAL,JUSTICE OF THE SUPREME COURT,NONPARTISAN,PATRICK CROOKS,54,54
2006,APRIL,RICHLAND,RICHLAND CENTER CITY WARD 7,SPRING GENERAL,JUSTICE OF THE SUPREME COURT,NONPARTISAN,SCATTERING,54,0
2006,APRIL,RICHLAND,RICHLAND CENTER CITY WARD 8,SPRING GENERAL,JUSTICE OF THE SUPREME COURT,NONPARTISAN,PATRICK CROOKS,62,62
2006,APRIL,RICHLAND,RICHLAND CENTER CITY WARD 8,SPRING GENERAL,JUSTICE OF THE SUPREME COURT,NONPARTISAN,SCATTERING,62,0
2006,APRIL,RICHLAND,RICHLAND CENTER CITY WARD 9,SPRING GENERAL,JUSTICE OF THE SUPREME COURT,NONPARTISAN,PATRICK CROOKS,54,54
2006,APRIL,RICHLAND,RICHLAND CENTER CITY WARD 9,SPRING GENERAL,JUSTICE OF THE SUPREME COURT,NONPARTISAN,SCATTERING,54,0
2006,APRIL,RICHLAND,RICHLAND CENTER CITY WARD 10,SPRING GENERAL,JUSTICE OF THE SUPREME COURT,NONPARTISAN,PATRICK CROOKS,52,52
2006,APRIL,RICHLAND,RICHLAND CENTER CITY WARD 10,SPRING GENERAL,JUSTICE OF THE SUPREME COURT,NONPARTISAN,SCATTERING,52,0
2006,APRIL,RICHLAND,RICHLAND CENTER CITY WARD 11,SPRING GENERAL,JUSTICE OF THE SUPREME COURT,NONPARTISAN,PATRICK CROOKS,58,58
2006,APRIL,RICHLAND,RICHLAND CENTER CITY WARD 11,SPRING GENERAL,JUSTICE OF THE SUPREME COURT,NONPARTISAN,SCATTERING,58,0
2006,APRIL,RICHLAND,RICHLAND CENTER CITY WARD 12,SPRING GENERAL,JUSTICE OF THE SUPREME COURT,NONPARTISAN,PATRICK CROOKS,86,86
2006,APRIL,RICHLAND,RICHLAND CENTER CITY WARD 12,SPRING GENERAL,JUSTICE OF THE SUPREME COURT,NONPARTISAN,SCATTERING,86,0
2006,APRIL,ROCK,AVON TOWN WARD 1,SPRING GENERAL,JUSTICE OF THE SUPREME COURT,NONPARTISAN,PATRICK CROOKS,31,31
2006,APRIL,ROCK,AVON TOWN WARD 1,SPRING GENERAL,JUSTICE OF THE SUPREME COURT,NONPARTISAN,SCATTERING,31,0
2006,APRIL,ROCK,BELOIT TOWN WARDS 1 - 3,SPRING GENERAL,JUSTICE OF THE SUPREME COURT,NONPARTISAN,PATRICK CROOKS,170,169
2006,APRIL,ROCK,BELOIT TOWN WARDS 1 - 3,SPRING GENERAL,JUSTICE OF THE SUPREME COURT,NONPARTISAN,SCATTERING,170,1
2006,APRIL,ROCK,BELOIT TOWN WARDS 4 & 5,SPRING GENERAL,JUSTICE OF THE SUPREME COURT,NONPARTISAN,PATRICK CROOKS,122,120
2006,APRIL,ROCK,BELOIT TOWN WARDS 4 & 5,SPRING GENERAL,JUSTICE OF THE SUPREME COURT,NONPARTISAN,SCATTERING,122,2
2006,APRIL,ROCK,BELOIT TOWN WARDS 6 - 9,SPRING GENERAL,JUSTICE OF THE SUPREME COURT,NONPARTISAN,PATRICK CROOKS,353,351
2006,APRIL,ROCK,BELOIT TOWN WARDS 6 - 9,SPRING GENERAL,JUSTICE OF THE SUPREME COURT,NONPARTISAN,SCATTERING,353,2
2006,APRIL,ROCK,BRADFORD TOWN WARD 1,SPRING GENERAL,JUSTICE OF THE SUPREME COURT,NONPARTISAN,PATRICK CROOKS,81,80
2006,APRIL,ROCK,BRADFORD TOWN WARD 1,SPRING GENERAL,JUSTICE OF THE SUPREME COURT,NONPARTISAN,SCATTERING,81,1
2006,APRIL,ROCK,CENTER TOWN WARD 1,SPRING GENERAL,JUSTICE OF THE SUPREME COURT,NONPARTISAN,PATRICK CROOKS,78,78
2006,APRIL,ROCK,CENTER TOWN WARD 1,SPRING GENERAL,JUSTICE OF THE SUPREME COURT,NONPARTISAN,SCATTERING,78,0
2006,APRIL,ROCK,CLINTON TOWN WARD 1,SPRING GENERAL,JUSTICE OF THE SUPREME COURT,NONPARTISAN,PATRICK CROOKS,84,83
2006,APRIL,ROCK,CLINTON TOWN WARD 1,SPRING GENERAL,JUSTICE OF THE SUPREME COURT,NONPARTISAN,SCATTERING,84,1
2006,APRIL,ROCK,FULTON TOWN WARDS 1 - 4,SPRING GENERAL,JUSTICE OF THE SUPREME COURT,NONPARTISAN,PATRICK CROOKS,646,641
2006,APRIL,ROCK,FULTON TOWN WARDS 1 - 4,SPRING GENERAL,JUSTICE OF THE SUPREME COURT,NONPARTISAN,SCATTERING,646,5
2006,APRIL,ROCK,HARMONY TOWN WARDS 1 - 5,SPRING GENERAL,JUSTICE OF THE SUPREME COURT,NONPARTISAN,PATRICK CROOKS,211,208
2006,APRIL,ROCK,HARMONY TOWN WARDS 1 - 5,SPRING GENERAL,JUSTICE OF THE SUPREME COURT,NONPARTISAN,SCATTERING,211,3
2006,APRIL,ROCK,JANESVILLE TOWN WARDS 1 - 6,SPRING GENERAL,JUSTICE OF THE SUPREME COURT,NONPARTISAN,PATRICK CROOKS,412,411
2006,APRIL,ROCK,JANESVILLE TOWN WARDS 1 - 6,SPRING GENERAL,JUSTICE OF THE SUPREME COURT,NONPARTISAN,SCATTERING,412,1
2006,APRIL,ROCK,JOHNSTOWN TOWN WARD 1,SPRING GENERAL,JUSTICE OF THE SUPREME COURT,NONPARTISAN,PATRICK CROOKS,78,78
2006,APRIL,ROCK,JOHNSTOWN TOWN WARD 1,SPRING GENERAL,JUSTICE OF THE SUPREME COURT,NONPARTISAN,SCATTERING,78,0
2006,APRIL,ROCK,LA PRAIRIE TOWN WARDS 1 & 2,SPRING GENERAL,JUSTICE OF THE SUPREME COURT,NONPARTISAN,PATRICK CROOKS,117,117
2006,APRIL,ROCK,LA PRAIRIE TOWN WARDS 1 & 2,SPRING GENERAL,JUSTICE OF THE SUPREME COURT,NONPARTISAN,SCATTERING,117,0
2006,APRIL,ROCK,LIMA TOWN WARDS 1 & 2,SPRING GENERAL,JUSTICE OF THE SUPREME COURT,NONPARTISAN,PATRICK CROOKS,71,71
2006,APRIL,ROCK,LIMA TOWN WARDS 1 & 2,SPRING GENERAL,JUSTICE OF THE SUPREME COURT,NONPARTISAN,SCATTERING,71,0
2006,APRIL,ROCK,MAGNOLIA TOWN WARD 1,SPRING GENERAL,JUSTICE OF THE SUPREME COURT,NONPARTISAN,PATRICK CROOKS,79,76
2006,APRIL,ROCK,MAGNOLIA TOWN WARD 1,SPRING GENERAL,JUSTICE OF THE SUPREME COURT,NONPARTISAN,SCATTERING,79,3
2006,APRIL,ROCK,MILTON TOWN WARDS 1 - 5,SPRING GENERAL,JUSTICE OF THE SUPREME COURT,NONPARTISAN,PATRICK CROOKS,315,314
2006,APRIL,ROCK,MILTON TOWN WARDS 1 - 5,SPRING GENERAL,JUSTICE OF THE SUPREME COURT,NONPARTISAN,SCATTERING,315,1
2006,APRIL,ROCK,NEWARK TOWN WARDS 1 & 2,SPRING GENERAL,JUSTICE OF THE SUPREME COURT,NONPARTISAN,PATRICK CROOKS,110,109
2006,APRIL,ROCK,NEWARK TOWN WARDS 1 & 2,SPRING GENERAL,JUSTICE OF THE SUPREME COURT,NONPARTISAN,SCATTERING,110,1
2006,APRIL,ROCK,PLYMOUTH TOWN WARDS 1 & 2,SPRING GENERAL,JUSTICE OF THE SUPREME COURT,NONPARTISAN,PATRICK CROOKS,84,82
2006,APRIL,ROCK,PLYMOUTH TOWN WARDS 1 & 2,SPRING GENERAL,JUSTICE OF THE SUPREME COURT,NONPARTISAN,SCATTERING,84,2
2006,APRIL,ROCK,PORTER TOWN WARD 1,SPRING GENERAL,JUSTICE OF THE SUPREME COURT,NONPARTISAN,PATRICK CROOKS,119,118
2006,APRIL,ROCK,PORTER TOWN WARD 1,SPRING GENERAL,JUSTICE OF THE SUPREME COURT,NONPARTISAN,SCATTERING,119,1
2006,APRIL,ROCK,ROCK TOWN WARDS 1 - 7,SPRING GENERAL,JUSTICE OF THE SUPREME COURT,NONPARTISAN,PATRICK CROOKS,197,195
2006,APRIL,ROCK,ROCK TOWN WARDS 1 - 7,SPRING GENERAL,JUSTICE OF THE SUPREME COURT,NONPARTISAN,SCATTERING,197,2
2006,APRIL,ROCK,SPRING VALLEY TOWN WARD 1,SPRING GENERAL,JUSTICE OF THE SUPREME COURT,NONPARTISAN,PATRICK CROOKS,45,45
2006,APRIL,ROCK,SPRING VALLEY TOWN WARD 1,SPRING GENERAL,JUSTICE OF THE SUPREME COURT,NONPARTISAN,SCATTERING,45,0
2006,APRIL,ROCK,TURTLE TOWN WARDS 1 - 4,SPRING GENERAL,JUSTICE OF THE SUPREME COURT,NONPARTISAN,PATRICK CROOKS,402,402
2006,APRIL,ROCK,TURTLE TOWN WARDS 1 - 4,SPRING GENERAL,JUSTICE OF THE SUPREME COURT,NONPARTISAN,SCATTERING,402,0
2006,APRIL,ROCK,UNION TOWN WARDS 1 & 2,SPRING GENERAL,JUSTICE OF THE SUPREME COURT,NONPARTISAN,PATRICK CROOKS,177,177
2006,APRIL,ROCK,UNION TOWN WARDS 1 & 2,SPRING GENERAL,JUSTICE OF THE SUPREME COURT,NONPARTISAN,SCATTERING,177,0
2006,APRIL,ROCK,CLINTON VILLAGE WARDS 1 - 3,SPRING GENERAL,JUSTICE OF THE SUPREME COURT,NONPARTISAN,PATRICK CROOKS,167,166
2006,APRIL,ROCK,CLINTON VILLAGE WARDS 1 - 3,SPRING GENERAL,JUSTICE OF THE SUPREME COURT,NONPARTISAN,SCATTERING,167,1
2006,APRIL,ROCK,FOOTVILLE VILLAGE WARD 1,SPRING GENERAL,JUSTICE OF THE SUPREME COURT,NONPARTISAN,PATRICK CROOKS,53,53
2006,APRIL,ROCK,FOOTVILLE VILLAGE WARD 1,SPRING GENERAL,JUSTICE OF THE SUPREME COURT,NONPARTISAN,SCATTERING,53,0
2006,APRIL,ROCK,ORFORDVILLE VILLAGE WARDS 1 & 2,SPRING GENERAL,JUSTICE OF THE SUPREME COURT,NONPARTISAN,PATRICK CROOKS,120,119
2006,APRIL,ROCK,ORFORDVILLE VILLAGE WARDS 1 & 2,SPRING GENERAL,JUSTICE OF THE SUPREME COURT,NONPARTISAN,SCATTERING,120,1
2006,APRIL,ROCK,BELOIT CITY WARD 1,SPRING GENERAL,JUSTICE OF THE SUPREME COURT,NONPARTISAN,PATRICK CROOKS,78,78
2006,APRIL,ROCK,BELOIT CITY WARD 1,SPRING GENERAL,JUSTICE OF THE SUPREME COURT,NONPARTISAN,SCATTERING,78,0
2006,APRIL,ROCK,BELOIT CITY WARD 2,SPRING GENERAL,JUSTICE OF THE SUPREME COURT,NONPARTISAN,PATRICK CROOKS,157,157
2006,APRIL,ROCK,BELOIT CITY WARD 2,SPRING GENERAL,JUSTICE OF THE SUPREME COURT,NONPARTISAN,SCATTERING,157,0
2006,APRIL,ROCK,BELOIT CITY WARD 3,SPRING GENERAL,JUSTICE OF THE SUPREME COURT,NONPARTISAN,PATRICK CROOKS,125,125
2006,APRIL,ROCK,BELOIT CITY WARD 3,SPRING GENERAL,JUSTICE OF THE SUPREME COURT,NONPARTISAN,SCATTERING,125,0
2006,APRIL,ROCK,BELOIT CITY WARD 4,SPRING GENERAL,JUSTICE OF THE SUPREME COURT,NONPARTISAN,PATRICK CROOKS,141,140
2006,APRIL,ROCK,BELOIT CITY WARD 4,SPRING GENERAL,JUSTICE OF THE SUPREME COURT,NONPARTISAN,SCATTERING,141,1
2006,APRIL,ROCK,BELOIT CITY WARD 5,SPRING GENERAL,JUSTICE OF THE SUPREME COURT,NONPARTISAN,PATRICK CROOKS,190,188
2006,APRIL,ROCK,BELOIT CITY WARD 5,SPRING GENERAL,JUSTICE OF THE SUPREME COURT,NONPARTISAN,SCATTERING,190,2
2006,APRIL,ROCK,BELOIT CITY WARD 6,SPRING GENERAL,JUSTICE OF THE SUPREME COURT,NONPARTISAN,PATRICK CROOKS,91,88
2006,APRIL,ROCK,BELOIT CITY WARD 6,SPRING GENERAL,JUSTICE OF THE SUPREME COURT,NONPARTISAN,SCATTERING,91,3
2006,APRIL,ROCK,BELOIT CITY WARD 7,SPRING GENERAL,JUSTICE OF THE SUPREME COURT,NONPARTISAN,PATRICK CROOKS,98,97
2006,APRIL,ROCK,BELOIT CITY WARD 7,SPRING GENERAL,JUSTICE OF THE SUPREME COURT,NONPARTISAN,SCATTERING,98,1
2006,APRIL,ROCK,BELOIT CITY WARD 8,SPRING GENERAL,JUSTICE OF THE SUPREME COURT,NONPARTISAN,PATRICK CROOKS,80,79
2006,APRIL,ROCK,BELOIT CITY WARD 8,SPRING GENERAL,JUSTICE OF THE SUPREME COURT,NONPARTISAN,SCATTERING,80,1
2006,APRIL,ROCK,BELOIT CITY WARD 9,SPRING GENERAL,JUSTICE OF THE SUPREME COURT,NONPARTISAN,PATRICK CROOKS,48,48
2006,APRIL,ROCK,BELOIT CITY WARD 9,SPRING GENERAL,JUSTICE OF THE SUPREME COURT,NONPARTISAN,SCATTERING,48,0
2006,APRIL,ROCK,BELOIT CITY WARD 10,SPRING GENERAL,JUSTICE OF THE SUPREME COURT,NONPARTISAN,PATRICK CROOKS,79,79
2006,APRIL,ROCK,BELOIT CITY WARD 10,SPRING GENERAL,JUSTICE OF THE SUPREME COURT,NONPARTISAN,SCATTERING,79,0
2006,APRIL,ROCK,BELOIT CITY WARD 11,SPRING GENERAL,JUSTICE OF THE SUPREME COURT,NONPARTISAN,PATRICK CROOKS,27,27
2006,APRIL,ROCK,BELOIT CITY WARD 11,SPRING GENERAL,JUSTICE OF THE SUPREME COURT,NONPARTISAN,SCATTERING,27,0
2006,APRIL,ROCK,BELOIT CITY WARD 12,SPRING GENERAL,JUSTICE OF THE SUPREME COURT,NONPARTISAN,PATRICK CROOKS,52,51
2006,APRIL,ROCK,BELOIT CITY WARD 12,SPRING GENERAL,JUSTICE OF THE SUPREME COURT,NONPARTISAN,SCATTERING,52,1
2006,APRIL,ROCK,BELOIT CITY WARD 13,SPRING GENERAL,JUSTICE OF THE SUPREME COURT,NONPARTISAN,PATRICK CROOKS,87,85
2006,APRIL,ROCK,BELOIT CITY WARD 13,SPRING GENERAL,JUSTICE OF THE SUPREME COURT,NONPARTISAN,SCATTERING,87,2
2006,APRIL,ROCK,BELOIT CITY WARD 14,SPRING GENERAL,JUSTICE OF THE SUPREME COURT,NONPARTISAN,PATRICK CROOKS,58,58
2006,APRIL,ROCK,BELOIT CITY WARD 14,SPRING GENERAL,JUSTICE OF THE SUPREME COURT,NONPARTISAN,SCATTERING,58,0
2006,APRIL,ROCK,BELOIT CITY WARD 15,SPRING GENERAL,JUSTICE OF THE SUPREME COURT,NONPARTISAN,PATRICK CROOKS,130,126
2006,APRIL,ROCK,BELOIT CITY WARD 15,SPRING GENERAL,JUSTICE OF THE SUPREME COURT,NONPARTISAN,SCATTERING,130,4
2006,APRIL,ROCK,BELOIT CITY WARD 16,SPRING GENERAL,JUSTICE OF THE SUPREME COURT,NONPARTISAN,PATRICK CROOKS,98,96
2006,APRIL,ROCK,BELOIT CITY WARD 16,SPRING GENERAL,JUSTICE OF THE SUPREME COURT,NONPARTISAN,SCATTERING,98,2
2006,APRIL,ROCK,BELOIT CITY WARD 17,SPRING GENERAL,JUSTICE OF THE SUPREME COURT,NONPARTISAN,PATRICK CROOKS,66,66
2006,APRIL,ROCK,BELOIT CITY WARD 17,SPRING GENERAL,JUSTICE OF THE SUPREME COURT,NONPARTISAN,SCATTERING,66,0
2006,APRIL,ROCK,BELOIT CITY WARD 18,SPRING GENERAL,JUSTICE OF THE SUPREME COURT,NONPARTISAN,PATRICK CROOKS,114,114
2006,APRIL,ROCK,BELOIT CITY WARD 18,SPRING GENERAL,JUSTICE OF THE SUPREME COURT,NONPARTISAN,SCATTERING,114,0
2006,APRIL,ROCK,BELOIT CITY WARD 19,SPRING GENERAL,JUSTICE OF THE SUPREME COURT,NONPARTISAN,PATRICK CROOKS,123,122
2006,APRIL,ROCK,BELOIT CITY WARD 19,SPRING GENERAL,JUSTICE OF THE SUPREME COURT,NONPARTISAN,SCATTERING,123,1
2006,APRIL,ROCK,BELOIT CITY WARD 20,SPRING GENERAL,JUSTICE OF THE SUPREME COURT,NONPARTISAN,PATRICK CROOKS,172,171
2006,APRIL,ROCK,BELOIT CITY WARD 20,SPRING GENERAL,JUSTICE OF THE SUPREME COURT,NONPARTISAN,SCATTERING,172,1
2006,APRIL,ROCK,BELOIT CITY WARD 21,SPRING GENERAL,JUSTICE OF THE SUPREME COURT,NONPARTISAN,PATRICK CROOKS,115,114
2006,APRIL,ROCK,BELOIT CITY WARD 21,SPRING GENERAL,JUSTICE OF THE SUPREME COURT,NONPARTISAN,SCATTERING,115,1
2006,APRIL,ROCK,BELOIT CITY WARD 22,SPRING GENERAL,JUSTICE OF THE SUPREME COURT,NONPARTISAN,PATRICK CROOKS,220,220
2006,APRIL,ROCK,BELOIT CITY WARD 22,SPRING GENERAL,JUSTICE OF THE SUPREME COURT,NONPARTISAN,SCATTERING,220,0
2006,APRIL,ROCK,BELOIT CITY WARD 23,SPRING GENERAL,JUSTICE OF THE SUPREME COURT,NONPARTISAN,PATRICK CROOKS,354,353
2006,APRIL,ROCK,BELOIT CITY WARD 23,SPRING GENERAL,JUSTICE OF THE SUPREME COURT,NONPARTISAN,SCATTERING,354,1
2006,APRIL,ROCK,BELOIT CITY WARD 24,SPRING GENERAL,JUSTICE OF THE SUPREME COURT,NONPARTISAN,PATRICK CROOKS,83,83
2006,APRIL,ROCK,BELOIT CITY WARD 24,SPRING GENERAL,JUSTICE OF THE SUPREME COURT,NONPARTISAN,SCATTERING,83,0
2006,APRIL,ROCK,BRODHEAD CITY WARD 7,SPRING GENERAL,JUSTICE OF THE SUPREME COURT,NONPARTISAN,PATRICK CROOKS,2,2
2006,APRIL,ROCK,BRODHEAD CITY WARD 7,SPRING GENERAL,JUSTICE OF THE SUPREME COURT,NONPARTISAN,SCATTERING,2,0
2006,APRIL,ROCK,EDGERTON CITY WARDS 1 - 6,SPRING GENERAL,JUSTICE OF THE SUPREME COURT,NONPARTISAN,PATRICK CROOKS,751,746
2006,APRIL,ROCK,EDGERTON CITY WARDS 1 - 6,SPRING GENERAL,JUSTICE OF THE SUPREME COURT,NONPARTISAN,SCATTERING,751,5
2006,APRIL,ROCK,EVANSVILLE CITY WARDS 1 - 8,SPRING GENERAL,JUSTICE OF THE SUPREME COURT,NONPARTISAN,PATRICK CROOKS,713,706
2006,APRIL,ROCK,EVANSVILLE CITY WARDS 1 - 8,SPRING GENERAL,JUSTICE OF THE SUPREME COURT,NONPARTISAN,SCATTERING,713,7
2006,APRIL,ROCK,JANESVILLE CITY WARD 1,SPRING GENERAL,JUSTICE OF THE SUPREME COURT,NONPARTISAN,PATRICK CROOKS,345,342
2006,APRIL,ROCK,JANESVILLE CITY WARD 1,SPRING GENERAL,JUSTICE OF THE SUPREME COURT,NONPARTISAN,SCATTERING,345,3
2006,APRIL,ROCK,JANESVILLE CITY WARD 2,SPRING GENERAL,JUSTICE OF THE SUPREME COURT,NONPARTISAN,PATRICK CROOKS,202,201
2006,APRIL,ROCK,JANESVILLE CITY WARD 2,SPRING GENERAL,JUSTICE OF THE SUPREME COURT,NONPARTISAN,SCATTERING,202,1
2006,APRIL,ROCK,JANESVILLE CITY WARD 3,SPRING GENERAL,JUSTICE OF THE SUPREME COURT,NONPARTISAN,PATRICK CROOKS,185,184
2006,APRIL,ROCK,JANESVILLE CITY WARD 3,SPRING GENERAL,JUSTICE OF THE SUPREME COURT,NONPARTISAN,SCATTERING,185,1
2006,APRIL,ROCK,JANESVILLE CITY WARD 4,SPRING GENERAL,JUSTICE OF THE SUPREME COURT,NONPARTISAN,PATRICK CROOKS,208,207
2006,APRIL,ROCK,JANESVILLE CITY WARD 4,SPRING GENERAL,JUSTICE OF THE SUPREME COURT,NONPARTISAN,SCATTERING,208,1
2006,APRIL,ROCK,JANESVILLE CITY WARD 5,SPRING GENERAL,JUSTICE OF THE SUPREME COURT,NONPARTISAN,PATRICK CROOKS,318,316
2006,APRIL,ROCK,JANESVILLE CITY WARD 5,SPRING GENERAL,JUSTICE OF THE SUPREME COURT,NONPARTISAN,SCATTERING,318,2
2006,APRIL,ROCK,JANESVILLE CITY WARD 6,SPRING GENERAL,JUSTICE OF THE SUPREME COURT,NONPARTISAN,PATRICK CROOKS,223,221
2006,APRIL,ROCK,JANESVILLE CITY WARD 6,SPRING GENERAL,JUSTICE OF THE SUPREME COURT,NONPARTISAN,SCATTERING,223,2
2006,APRIL,ROCK,JANESVILLE CITY WARD 7,SPRING GENERAL,JUSTICE OF THE SUPREME COURT,NONPARTISAN,PATRICK CROOKS,381,380
2006,APRIL,ROCK,JANESVILLE CITY WARD 7,SPRING GENERAL,JUSTICE OF THE SUPREME COURT,NONPARTISAN,SCATTERING,381,1
2006,APRIL,ROCK,JANESVILLE CITY WARD 8,SPRING GENERAL,JUSTICE OF THE SUPREME COURT,NONPARTISAN,PATRICK CROOKS,268,267
2006,APRIL,ROCK,JANESVILLE CITY WARD 8,SPRING GENERAL,JUSTICE OF THE SUPREME COURT,NONPARTISAN,SCATTERING,268,1
2006,APRIL,ROCK,JANESVILLE CITY WARD 9,SPRING GENERAL,JUSTICE OF THE SUPREME COURT,NONPARTISAN,PATRICK CROOKS,104,104
2006,APRIL,ROCK,JANESVILLE CITY WARD 9,SPRING GENERAL,JUSTICE OF THE SUPREME COURT,NONPARTISAN,SCATTERING,104,0
2006,APRIL,ROCK,JANESVILLE CITY WARD 10,SPRING GENERAL,JUSTICE OF THE SUPREME COURT,NONPARTISAN,PATRICK CROOKS,314,312
2006,APRIL,ROCK,JANESVILLE CITY WARD 10,SPRING GENERAL,JUSTICE OF THE SUPREME COURT,NONPARTISAN,SCATTERING,314,2
2006,APRIL,ROCK,JANESVILLE CITY WARD 11,SPRING GENERAL,JUSTICE OF THE SUPREME COURT,NONPARTISAN,PATRICK CROOKS,324,323
2006,APRIL,ROCK,JANESVILLE CITY WARD 11,SPRING GENERAL,JUSTICE OF THE SUPREME COURT,NONPARTISAN,SCATTERING,324,1
2006,APRIL,ROCK,JANESVILLE CITY WARD 12,SPRING GENERAL,JUSTICE OF THE SUPREME COURT,NONPARTISAN,PATRICK CROOKS,316,316
2006,APRIL,ROCK,JANESVILLE CITY WARD 12,SPRING GENERAL,JUSTICE OF THE SUPREME COURT,NONPARTISAN,SCATTERING,316,0
2006,APRIL,ROCK,JANESVILLE CITY WARD 13,SPRING GENERAL,JUSTICE OF THE SUPREME COURT,NONPARTISAN,PATRICK CROOKS,388,381
2006,APRIL,ROCK,JANESVILLE CITY WARD 13,SPRING GENERAL,JUSTICE OF THE SUPREME COURT,NONPARTISAN,SCATTERING,388,7
2006,APRIL,ROCK,JANESVILLE CITY WARD 14,SPRING GENERAL,JUSTICE OF THE SUPREME COURT,NONPARTISAN,PATRICK CROOKS,236,231
2006,APRIL,ROCK,JANESVILLE CITY WARD 14,SPRING GENERAL,JUSTICE OF THE SUPREME COURT,NONPARTISAN,SCATTERING,236,5
2006,APRIL,ROCK,JANESVILLE CITY WARD 15,SPRING GENERAL,JUSTICE OF THE SUPREME COURT,NONPARTISAN,PATRICK CROOKS,123,122
2006,APRIL,ROCK,JANESVILLE CITY WARD 15,SPRING GENERAL,JUSTICE OF THE SUPREME COURT,NONPARTISAN,SCATTERING,123,1
2006,APRIL,ROCK,JANESVILLE CITY WARD 16,SPRING GENERAL,JUSTICE OF THE SUPREME COURT,NONPARTISAN,PATRICK CROOKS,119,116
2006,APRIL,ROCK,JANESVILLE CITY WARD 16,SPRING GENERAL,JUSTICE OF THE SUPREME COURT,NONPARTISAN,SCATTERING,119,3
2006,APRIL,ROCK,JANESVILLE CITY WARD 17,SPRING GENERAL,JUSTICE OF THE SUPREME COURT,NONPARTISAN,PATRICK CROOKS,156,155
2006,APRIL,ROCK,JANESVILLE CITY WARD 17,SPRING GENERAL,JUSTICE OF THE SUPREME COURT,NONPARTISAN,SCATTERING,156,1
2006,APRIL,ROCK,JANESVILLE CITY WARD 18,SPRING GENERAL,JUSTICE OF THE SUPREME COURT,NONPARTISAN,PATRICK CROOKS,309,308
2006,APRIL,ROCK,JANESVILLE CITY WARD 18,SPRING GENERAL,JUSTICE OF THE SUPREME COURT,NONPARTISAN,SCATTERING,309,1
2006,APRIL,ROCK,JANESVILLE CITY WARD 19,SPRING GENERAL,JUSTICE OF THE SUPREME COURT,NONPARTISAN,PATRICK CROOKS,247,245
2006,APRIL,ROCK,JANESVILLE CITY WARD 19,SPRING GENERAL,JUSTICE OF THE SUPREME COURT,NONPARTISAN,SCATTERING,247,2
2006,APRIL,ROCK,JANESVILLE CITY WARD 20,SPRING GENERAL,JUSTICE OF THE SUPREME COURT,NONPARTISAN,PATRICK CROOKS,250,248
2006,APRIL,ROCK,JANESVILLE CITY WARD 20,SPRING GENERAL,JUSTICE OF THE SUPREME COURT,NONPARTISAN,SCATTERING,250,2
2006,APRIL,ROCK,JANESVILLE CITY WARD 21,SPRING GENERAL,JUSTICE OF THE SUPREME COURT,NONPARTISAN,PATRICK CROOKS,211,209
2006,APRIL,ROCK,JANESVILLE CITY WARD 21,SPRING GENERAL,JUSTICE OF THE SUPREME COURT,NONPARTISAN,SCATTERING,211,2
2006,APRIL,ROCK,JANESVILLE CITY WARD 22,SPRING GENERAL,JUSTICE OF THE SUPREME COURT,NONPARTISAN,PATRICK CROOKS,168,165
2006,APRIL,ROCK,JANESVILLE CITY WARD 22,SPRING GENERAL,JUSTICE OF THE SUPREME COURT,NONPARTISAN,SCATTERING,168,3
2006,APRIL,ROCK,JANESVILLE CITY WARD 23,SPRING GENERAL,JUSTICE OF THE SUPREME COURT,NONPARTISAN,PATRICK CROOKS,226,225
2006,APRIL,ROCK,JANESVILLE CITY WARD 23,SPRING GENERAL,JUSTICE OF THE SUPREME COURT,NONPARTISAN,SCATTERING,226,1
2006,APRIL,ROCK,JANESVILLE CITY WARD 24,SPRING GENERAL,JUSTICE OF THE SUPREME COURT,NONPARTISAN,PATRICK CROOKS,337,335
2006,APRIL,ROCK,JANESVILLE CITY WARD 24,SPRING GENERAL,JUSTICE OF THE SUPREME COURT,NONPARTISAN,SCATTERING,337,2
2006,APRIL,ROCK,JANESVILLE CITY WARD 25,SPRING GENERAL,JUSTICE OF THE SUPREME COURT,NONPARTISAN,PATRICK CROOKS,8,8
2006,APRIL,ROCK,JANESVILLE CITY WARD 25,SPRING GENERAL,JUSTICE OF THE SUPREME COURT,NONPARTISAN,SCATTERING,8,0
2006,APRIL,ROCK,JANESVILLE CITY WARD 26,SPRING GENERAL,JUSTICE OF THE SUPREME COURT,NONPARTISAN,PATRICK CROOKS,19,19
2006,APRIL,ROCK,JANESVILLE CITY WARD 26,SPRING GENERAL,JUSTICE OF THE SUPREME COURT,NONPARTISAN,SCATTERING,19,0
2006,APRIL,ROCK,JANESVILLE CITY WARD 27,SPRING GENERAL,JUSTICE OF THE SUPREME COURT,NONPARTISAN,PATRICK CROOKS,5,5
2006,APRIL,ROCK,JANESVILLE CITY WARD 27,SPRING GENERAL,JUSTICE OF THE SUPREME COURT,NONPARTISAN,SCATTERING,5,0
2006,APRIL,ROCK,JANESVILLE CITY WARD 28,SPRING GENERAL,JUSTICE OF THE SUPREME COURT,NONPARTISAN,PATRICK CROOKS,0,0
2006,APRIL,ROCK,JANESVILLE CITY WARD 28,SPRING GENERAL,JUSTICE OF THE SUPREME COURT,NONPARTISAN,SCATTERING,0,0
2006,APRIL,ROCK,JANESVILLE CITY WARD 29,SPRING GENERAL,JUSTICE OF THE SUPREME COURT,NONPARTISAN,PATRICK CROOKS,0,0
2006,APRIL,ROCK,JANESVILLE CITY WARD 29,SPRING GENERAL,JUSTICE OF THE SUPREME COURT,NONPARTISAN,SCATTERING,0,0
2006,APRIL,ROCK,JANESVILLE CITY WARD 30,SPRING GENERAL,JUSTICE OF THE SUPREME COURT,NONPARTISAN,PATRICK CROOKS,0,0
2006,APRIL,ROCK,JANESVILLE CITY WARD 30,SPRING GENERAL,JUSTICE OF THE SUPREME COURT,NONPARTISAN,SCATTERING,0,0
2006,APRIL,ROCK,JANESVILLE CITY WARD 31,SPRING GENERAL,JUSTICE OF THE SUPREME COURT,NONPARTISAN,PATRICK CROOKS,0,0
2006,APRIL,ROCK,JANESVILLE CITY WARD 31,SPRING GENERAL,JUSTICE OF THE SUPREME COURT,NONPARTISAN,SCATTERING,0,0
2006,APRIL,ROCK,JANESVILLE CITY WARD 32,SPRING GENERAL,JUSTICE OF THE SUPREME COURT,NONPARTISAN,PATRICK CROOKS,0,0
2006,APRIL,ROCK,JANESVILLE CITY WARD 32,SPRING GENERAL,JUSTICE OF THE SUPREME COURT,NONPARTISAN,SCATTERING,0,0
2006,APRIL,ROCK,MILTON CITY WARDS 1 - 8,SPRING GENERAL,JUSTICE OF THE SUPREME COURT,NONPARTISAN,PATRICK CROOKS,728,724
2006,APRIL,ROCK,MILTON CITY WARDS 1 - 8,SPRING GENERAL,JUSTICE OF THE SUPREME COURT,NONPARTISAN,SCATTERING,728,4
2006,APRIL,RUSK,ATLANTA TOWN WARD 1,SPRING GENERAL,JUSTICE OF THE SUPREME COURT,NONPARTISAN,PATRICK CROOKS,43,43
2006,APRIL,RUSK,ATLANTA TOWN WARD 1,SPRING GENERAL,JUSTICE OF THE SUPREME COURT,NONPARTISAN,SCATTERING,43,0
2006,APRIL,RUSK,BIG BEND TOWN WARD 1,SPRING GENERAL,JUSTICE OF THE SUPREME COURT,NONPARTISAN,PATRICK CROOKS,145,144
2006,APRIL,RUSK,BIG BEND TOWN WARD 1,SPRING GENERAL,JUSTICE OF THE SUPREME COURT,NONPARTISAN,SCATTERING,145,1
2006,APRIL,RUSK,BIG FALLS TOWN WARD 1,SPRING GENERAL,JUSTICE OF THE SUPREME COURT,NONPARTISAN,PATRICK CROOKS,34,34
2006,APRIL,RUSK,BIG FALLS TOWN WARD 1,SPRING GENERAL,JUSTICE OF THE SUPREME COURT,NONPARTISAN,SCATTERING,34,0
2006,APRIL,RUSK,CEDAR RAPIDS TOWN WARD 1,SPRING GENERAL,JUSTICE OF THE SUPREME COURT,NONPARTISAN,PATRICK CROOKS,13,13
2006,APRIL,RUSK,CEDAR RAPIDS TOWN WARD 1,SPRING GENERAL,JUSTICE OF THE SUPREME COURT,NONPARTISAN,SCATTERING,13,0
2006,APRIL,RUSK,DEWEY TOWN WARD 1,SPRING GENERAL,JUSTICE OF THE SUPREME COURT,NONPARTISAN,PATRICK CROOKS,100,100
2006,APRIL,RUSK,DEWEY TOWN WARD 1,SPRING GENERAL,JUSTICE OF THE SUPREME COURT,NONPARTISAN,SCATTERING,100,0
2006,APRIL,RUSK,FLAMBEAU TOWN WARDS 1 - 3,SPRING GENERAL,JUSTICE OF THE SUPREME COURT,NONPARTISAN,PATRICK CROOKS,248,247
2006,APRIL,RUSK,FLAMBEAU TOWN WARDS 1 - 3,SPRING GENERAL,JUSTICE OF THE SUPREME COURT,NONPARTISAN,SCATTERING,248,1
2006,APRIL,RUSK,GRANT TOWN WARDS 1 & 2,SPRING GENERAL,JUSTICE OF THE SUPREME COURT,NONPARTISAN,PATRICK CROOKS,186,186
2006,APRIL,RUSK,GRANT TOWN WARDS 1 & 2,SPRING GENERAL,JUSTICE OF THE SUPREME COURT,NONPARTISAN,SCATTERING,186,0
2006,APRIL,RUSK,GROW TOWN WARD 1,SPRING GENERAL,JUSTICE OF THE SUPREME COURT,NONPARTISAN,PATRICK CROOKS,35,35
2006,APRIL,RUSK,GROW TOWN WARD 1,SPRING GENERAL,JUSTICE OF THE SUPREME COURT,NONPARTISAN,SCATTERING,35,0
2006,APRIL,RUSK,HAWKINS TOWN WARD 1,SPRING GENERAL,JUSTICE OF THE SUPREME COURT,NONPARTISAN,PATRICK CROOKS,55,55
2006,APRIL,RUSK,HAWKINS TOWN WARD 1,SPRING GENERAL,JUSTICE OF THE SUPREME COURT,NONPARTISAN,SCATTERING,55,0
2006,APRIL,RUSK,HUBBARD TOWN WARD 1,SPRING GENERAL,JUSTICE OF THE SUPREME COURT,NONPARTISAN,PATRICK CROOKS,67,67
2006,APRIL,RUSK,HUBBARD TOWN WARD 1,SPRING GENERAL,JUSTICE OF THE SUPREME COURT,NONPARTISAN,SCATTERING,67,0
2006,APRIL,RUSK,LAWRENCE TOWN WARD 1,SPRING GENERAL,JUSTICE OF THE SUPREME COURT,NONPARTISAN,PATRICK CROOKS,11,11
2006,APRIL,RUSK,LAWRENCE TOWN WARD 1,SPRING GENERAL,JUSTICE OF THE SUPREME COURT,NONPARTISAN,SCATTERING,11,0
2006,APRIL,RUSK,MARSHALL TOWN WARDS 1 & 2,SPRING GENERAL,JUSTICE OF THE SUPREME COURT,NONPARTISAN,PATRICK CROOKS,27,27
2006,APRIL,RUSK,MARSHALL TOWN WARDS 1 & 2,SPRING GENERAL,JUSTICE OF THE SUPREME COURT,NONPARTISAN,SCATTERING,27,0
2006,APRIL,RUSK,MURRY TOWN WARD 1,SPRING GENERAL,JUSTICE OF THE SUPREME COURT,NONPARTISAN,PATRICK CROOKS,47,47
2006,APRIL,RUSK,MURRY TOWN WARD 1,SPRING GENERAL,JUSTICE OF THE SUPREME COURT,NONPARTISAN,SCATTERING,47,0
2006,APRIL,RUSK,RICHLAND TOWN WARDS 1 & 2,SPRING GENERAL,JUSTICE OF THE SUPREME COURT,NONPARTISAN,PATRICK CROOKS,27,27
2006,APRIL,RUSK,RICHLAND TOWN WARDS 1 & 2,SPRING GENERAL,JUSTICE OF THE SUPREME COURT,NONPARTISAN,SCATTERING,27,0
2006,APRIL,RUSK,RUSK TOWN WARDS 1 & 2,SPRING GENERAL,JUSTICE OF THE SUPREME COURT,NONPARTISAN,PATRICK CROOKS,108,108
2006,APRIL,RUSK,RUSK TOWN WARDS 1 & 2,SPRING GENERAL,JUSTICE OF THE SUPREME COURT,NONPARTISAN,SCATTERING,108,0
2006,APRIL,RUSK,SOUTH FORK TOWN WARD 1,SPRING GENERAL,JUSTICE OF THE SUPREME COURT,NONPARTISAN,PATRICK CROOKS,34,34
2006,APRIL,RUSK,SOUTH FORK TOWN WARD 1,SPRING GENERAL,JUSTICE OF THE SUPREME COURT,NONPARTISAN,SCATTERING,34,0
2006,APRIL,RUSK,STRICKLAND TOWN WARD 1,SPRING GENERAL,JUSTICE OF THE SUPREME COURT,NONPARTISAN,PATRICK CROOKS,14,14
2006,APRIL,RUSK,STRICKLAND TOWN WARD 1,SPRING GENERAL,JUSTICE OF THE SUPREME COURT,NONPARTISAN,SCATTERING,14,0
2006,APRIL,RUSK,STUBBS TOWN WARD 1,SPRING GENERAL,JUSTICE OF THE SUPREME COURT,NONPARTISAN,PATRICK CROOKS,180,180
2006,APRIL,RUSK,STUBBS TOWN WARD 1,SPRING GENERAL,JUSTICE OF THE SUPREME COURT,NONPARTISAN,SCATTERING,180,0
2006,APRIL,RUSK,THORNAPPLE TOWN WARDS 1 & 2,SPRING GENERAL,JUSTICE OF THE SUPREME COURT,NONPARTISAN,PATRICK CROOKS,77,76
2006,APRIL,RUSK,THORNAPPLE TOWN WARDS 1 & 2,SPRING GENERAL,JUSTICE OF THE SUPREME COURT,NONPARTISAN,SCATTERING,77,1
2006,APRIL,RUSK,TRUE TOWN WARD 1,SPRING GENERAL,JUSTICE OF THE SUPREME COURT,NONPARTISAN,PATRICK CROOKS,20,20
2006,APRIL,RUSK,TRUE TOWN WARD 1,SPRING GENERAL,JUSTICE OF THE SUPREME COURT,NONPARTISAN,SCATTERING,20,0
2006,APRIL,RUSK,WASHINGTON TOWN WARD 1,SPRING GENERAL,JUSTICE OF THE SUPREME COURT,NONPARTISAN,PATRICK CROOKS,50,49
2006,APRIL,RUSK,WASHINGTON TOWN WARD 1,SPRING GENERAL,JUSTICE OF THE SUPREME COURT,NONPARTISAN,SCATTERING,50,1
2006,APRIL,RUSK,WILKINSON TOWN WARD 1,SPRING GENERAL,JUSTICE OF THE SUPREME COURT,NONPARTISAN,PATRICK CROOKS,5,5
2006,APRIL,RUSK,WILKINSON TOWN WARD 1,SPRING GENERAL,JUSTICE OF THE SUPREME COURT,NONPARTISAN,SCATTERING,5,0
2006,APRIL,RUSK,WILLARD TOWN WARD 1,SPRING GENERAL,JUSTICE OF THE SUPREME COURT,NONPARTISAN,PATRICK CROOKS,59,59
2006,APRIL,RUSK,WILLARD TOWN WARD 1,SPRING GENERAL,JUSTICE OF THE SUPREME COURT,NONPARTISAN,SCATTERING,59,0
2006,APRIL,RUSK,WILSON TOWN WARD 1,SPRING GENERAL,JUSTICE OF THE SUPREME COURT,NONPARTISAN,PATRICK CROOKS,16,16
2006,APRIL,RUSK,WILSON TOWN WARD 1,SPRING GENERAL,JUSTICE OF THE SUPREME COURT,NONPARTISAN,SCATTERING,16,0
2006,APRIL,RUSK,BRUCE VILLAGE WARDS 1 & 2,SPRING GENERAL,JUSTICE OF THE SUPREME COURT,NONPARTISAN,PATRICK CROOKS,115,115
2006,APRIL,RUSK,BRUCE VILLAGE WARDS 1 & 2,SPRING GENERAL,JUSTICE OF THE SUPREME COURT,NONPARTISAN,SCATTERING,115,0
2006,APRIL,RUSK,CONRATH VILLAGE WARD 1,SPRING GENERAL,JUSTICE OF THE SUPREME COURT,NONPARTISAN,PATRICK CROOKS,13,13
2006,APRIL,RUSK,CONRATH VILLAGE WARD 1,SPRING GENERAL,JUSTICE OF THE SUPREME COURT,NONPARTISAN,SCATTERING,13,0
2006,APRIL,RUSK,GLEN FLORA VILLAGE WARD 1,SPRING GENERAL,JUSTICE OF THE SUPREME COURT,NONPARTISAN,PATRICK CROOKS,9,9
2006,APRIL,RUSK,GLEN FLORA VILLAGE WARD 1,SPRING GENERAL,JUSTICE OF THE SUPREME COURT,NONPARTISAN,SCATTERING,9,0
2006,APRIL,RUSK,HAWKINS VILLAGE WARD 1,SPRING GENERAL,JUSTICE OF THE SUPREME COURT,NONPARTISAN,PATRICK CROOKS,89,89
2006,APRIL,RUSK,HAWKINS VILLAGE WARD 1,SPRING GENERAL,JUSTICE OF THE SUPREME COURT,NONPARTISAN,SCATTERING,89,0
2006,APRIL,RUSK,INGRAM VILLAGE WARD 1,SPRING GENERAL,JUSTICE OF THE SUPREME COURT,NONPARTISAN,PATRICK CROOKS,12,12
2006,APRIL,RUSK,INGRAM VILLAGE WARD 1,SPRING GENERAL,JUSTICE OF THE SUPREME COURT,NONPARTISAN,SCATTERING,12,0
2006,APRIL,RUSK,SHELDON VILLAGE WARD 1,SPRING GENERAL,JUSTICE OF THE SUPREME COURT,NONPARTISAN,PATRICK CROOKS,24,24
2006,APRIL,RUSK,SHELDON VILLAGE WARD 1,SPRING GENERAL,JUSTICE OF THE SUPREME COURT,NONPARTISAN,SCATTERING,24,0
2006,APRIL,RUSK,TONY VILLAGE WARD 1,SPRING GENERAL,JUSTICE OF THE SUPREME COURT,NONPARTISAN,PATRICK CROOKS,27,27
2006,APRIL,RUSK,TONY VILLAGE WARD 1,SPRING GENERAL,JUSTICE OF THE SUPREME COURT,NONPARTISAN,SCATTERING,27,0
2006,APRIL,RUSK,WEYERHAEUSER VILLAGE WARDS 1 & 2,SPRING GENERAL,JUSTICE OF THE SUPREME COURT,NONPARTISAN,PATRICK CROOKS,27,27
2006,APRIL,RUSK,WEYERHAEUSER VILLAGE WARDS 1 & 2,SPRING GENERAL,JUSTICE OF THE SUPREME COURT,NONPARTISAN,SCATTERING,27,0
2006,APRIL,RUSK,LADYSMITH CITY WARDS 1 - 14,SPRING GENERAL,JUSTICE OF THE SUPREME COURT,NONPARTISAN,PATRICK CROOKS,786,774
2006,APRIL,RUSK,LADYSMITH CITY WARDS 1 - 14,SPRING GENERAL,JUSTICE OF THE SUPREME COURT,NONPARTISAN,SCATTERING,786,12
2006,APRIL,SAUK,BARABOO TOWN WARD 1,SPRING GENERAL,JUSTICE OF THE SUPREME COURT,NONPARTISAN,PATRICK CROOKS,79,78
2006,APRIL,SAUK,BARABOO TOWN WARD 1,SPRING GENERAL,JUSTICE OF THE SUPREME COURT,NONPARTISAN,SCATTERING,79,1
2006,APRIL,SAUK,BARABOO TOWN WARD 2,SPRING GENERAL,JUSTICE OF THE SUPREME COURT,NONPARTISAN,PATRICK CROOKS,213,209
2006,APRIL,SAUK,BARABOO TOWN WARD 2,SPRING GENERAL,JUSTICE OF THE SUPREME COURT,NONPARTISAN,SCATTERING,213,4
2006,APRIL,SAUK,BARABOO TOWN WARD 3,SPRING GENERAL,JUSTICE OF THE SUPREME COURT,NONPARTISAN,PATRICK CROOKS,88,88
2006,APRIL,SAUK,BARABOO TOWN WARD 3,SPRING GENERAL,JUSTICE OF THE SUPREME COURT,NONPARTISAN,SCATTERING,88,0
2006,APRIL,SAUK,BARABOO TOWN WARD 4,SPRING GENERAL,JUSTICE OF THE SUPREME COURT,NONPARTISAN,PATRICK CROOKS,121,121
2006,APRIL,SAUK,BARABOO TOWN WARD 4,SPRING GENERAL,JUSTICE OF THE SUPREME COURT,NONPARTISAN,SCATTERING,121,0
2006,APRIL,SAUK,BEAR CREEK TOWN WARD 1,SPRING GENERAL,JUSTICE OF THE SUPREME COURT,NONPARTISAN,PATRICK CROOKS,144,141
2006,APRIL,SAUK,BEAR CREEK TOWN WARD 1,SPRING GENERAL,JUSTICE OF THE SUPREME COURT,NONPARTISAN,SCATTERING,144,3
2006,APRIL,SAUK,DELLONA TOWN WARDS 1 & 2,SPRING GENERAL,JUSTICE OF THE SUPREME COURT,NONPARTISAN,PATRICK CROOKS,75,74
2006,APRIL,SAUK,DELLONA TOWN WARDS 1 & 2,SPRING GENERAL,JUSTICE OF THE SUPREME COURT,NONPARTISAN,SCATTERING,75,1
2006,APRIL,SAUK,DELTON TOWN WARDS 1 & 2,SPRING GENERAL,JUSTICE OF THE SUPREME COURT,NONPARTISAN,PATRICK CROOKS,162,161
2006,APRIL,SAUK,DELTON TOWN WARDS 1 & 2,SPRING GENERAL,JUSTICE OF THE SUPREME COURT,NONPARTISAN,SCATTERING,162,1
2006,APRIL,SAUK,DELTON TOWN WARD 3,SPRING GENERAL,JUSTICE OF THE SUPREME COURT,NONPARTISAN,PATRICK CROOKS,122,122
2006,APRIL,SAUK,DELTON TOWN WARD 3,SPRING GENERAL,JUSTICE OF THE SUPREME COURT,NONPARTISAN,SCATTERING,122,0
2006,APRIL,SAUK,DELTON TOWN WARD 4,SPRING GENERAL,JUSTICE OF THE SUPREME COURT,NONPARTISAN,PATRICK CROOKS,15,15
2006,APRIL,SAUK,DELTON TOWN WARD 4,SPRING GENERAL,JUSTICE OF THE SUPREME COURT,NONPARTISAN,SCATTERING,15,0
2006,APRIL,SAUK,EXCELSIOR TOWN WARDS 1 & 2,SPRING GENERAL,JUSTICE OF THE SUPREME COURT,NONPARTISAN,PATRICK CROOKS,126,124
2006,APRIL,SAUK,EXCELSIOR TOWN WARDS 1 & 2,SPRING GENERAL,JUSTICE OF THE SUPREME COURT,NONPARTISAN,SCATTERING,126,2
2006,APRIL,SAUK,EXCELSIOR TOWN WARD 3,SPRING GENERAL,JUSTICE OF THE SUPREME COURT,NONPARTISAN,PATRICK CROOKS,69,69
2006,APRIL,SAUK,EXCELSIOR TOWN WARD 3,SPRING GENERAL,JUSTICE OF THE SUPREME COURT,NONPARTISAN,SCATTERING,69,0
2006,APRIL,SAUK,FAIRFIELD TOWN WARD 1,SPRING GENERAL,JUSTICE OF THE SUPREME COURT,NONPARTISAN,PATRICK CROOKS,153,153
2006,APRIL,SAUK,FAIRFIELD TOWN WARD 1,SPRING GENERAL,JUSTICE OF THE SUPREME COURT,NONPARTISAN,SCATTERING,153,0
2006,APRIL,SAUK,FAIRFIELD TOWN WARD 2,SPRING GENERAL,JUSTICE OF THE SUPREME COURT,NONPARTISAN,PATRICK CROOKS,170,170
2006,APRIL,SAUK,FAIRFIELD TOWN WARD 2,SPRING GENERAL,JUSTICE OF THE SUPREME COURT,NONPARTISAN,SCATTERING,170,0
2006,APRIL,SAUK,FRANKLIN TOWN WARD 1,SPRING GENERAL,JUSTICE OF THE SUPREME COURT,NONPARTISAN,PATRICK CROOKS,58,58
2006,APRIL,SAUK,FRANKLIN TOWN WARD 1,SPRING GENERAL,JUSTICE OF THE SUPREME COURT,NONPARTISAN,SCATTERING,58,0
2006,APRIL,SAUK,FRANKLIN TOWN WARD 2,SPRING GENERAL,JUSTICE OF THE SUPREME COURT,NONPARTISAN,PATRICK CROOKS,77,77
2006,APRIL,SAUK,FRANKLIN TOWN WARD 2,SPRING GENERAL,JUSTICE OF THE SUPREME COURT,NONPARTISAN,SCATTERING,77,0
2006,APRIL,SAUK,FRANKLIN TOWN WARD 3,SPRING GENERAL,JUSTICE OF THE SUPREME COURT,NONPARTISAN,PATRICK CROOKS,11,10
2006,APRIL,SAUK,FRANKLIN TOWN WARD 3,SPRING GENERAL,JUSTICE OF THE SUPREME COURT,NONPARTISAN,SCATTERING,11,1
2006,APRIL,SAUK,FREEDOM TOWN WARD 1,SPRING GENERAL,JUSTICE OF THE SUPREME COURT,NONPARTISAN,PATRICK CROOKS,119,119
2006,APRIL,SAUK,FREEDOM TOWN WARD 1,SPRING GENERAL,JUSTICE OF THE SUPREME COURT,NONPARTISAN,SCATTERING,119,0
2006,APRIL,SAUK,GREENFIELD TOWN WARD 1,SPRING GENERAL,JUSTICE OF THE SUPREME COURT,NONPARTISAN,PATRICK CROOKS,297,294
2006,APRIL,SAUK,GREENFIELD TOWN WARD 1,SPRING GENERAL,JUSTICE OF THE SUPREME COURT,NONPARTISAN,SCATTERING,297,3
2006,APRIL,SAUK,HONEY CREEK TOWN WARD 1,SPRING GENERAL,JUSTICE OF THE SUPREME COURT,NONPARTISAN,PATRICK CROOKS,32,32
2006,APRIL,SAUK,HONEY CREEK TOWN WARD 1,SPRING GENERAL,JUSTICE OF THE SUPREME COURT,NONPARTISAN,SCATTERING,32,0
2006,APRIL,SAUK,IRONTON TOWN WARD 1,SPRING GENERAL,JUSTICE OF THE SUPREME COURT,NONPARTISAN,PATRICK CROOKS,58,58
2006,APRIL,SAUK,IRONTON TOWN WARD 1,SPRING GENERAL,JUSTICE OF THE SUPREME COURT,NONPARTISAN,SCATTERING,58,0
2006,APRIL,SAUK,LA VALLE TOWN WARDS 1 & 2,SPRING GENERAL,JUSTICE OF THE SUPREME COURT,NONPARTISAN,PATRICK CROOKS,177,176
2006,APRIL,SAUK,LA VALLE TOWN WARDS 1 & 2,SPRING GENERAL,JUSTICE OF THE SUPREME COURT,NONPARTISAN,SCATTERING,177,1
2006,APRIL,SAUK,MERRIMAC TOWN WARD 1,SPRING GENERAL,JUSTICE OF THE SUPREME COURT,NONPARTISAN,PATRICK CROOKS,58,58
2006,APRIL,SAUK,MERRIMAC TOWN WARD 1,SPRING GENERAL,JUSTICE OF THE SUPREME COURT,NONPARTISAN,SCATTERING,58,0
2006,APRIL,SAUK,PRAIRIE DU SAC TOWN WARD 1,SPRING GENERAL,JUSTICE OF THE SUPREME COURT,NONPARTISAN,PATRICK CROOKS,31,31
2006,APRIL,SAUK,PRAIRIE DU SAC TOWN WARD 1,SPRING GENERAL,JUSTICE OF THE SUPREME COURT,NONPARTISAN,SCATTERING,31,0
2006,APRIL,SAUK,PRAIRIE DU SAC TOWN WARD 2,SPRING GENERAL,JUSTICE OF THE SUPREME COURT,NONPARTISAN,PATRICK CROOKS,24,24
2006,APRIL,SAUK,PRAIRIE DU SAC TOWN WARD 2,SPRING GENERAL,JUSTICE OF THE SUPREME COURT,NONPARTISAN,SCATTERING,24,0
2006,APRIL,SAUK,PRAIRIE DU SAC TOWN WARD 3,SPRING GENERAL,JUSTICE OF THE SUPREME COURT,NONPARTISAN,PATRICK CROOKS,14,14
2006,APRIL,SAUK,PRAIRIE DU SAC TOWN WARD 3,SPRING GENERAL,JUSTICE OF THE SUPREME COURT,NONPARTISAN,SCATTERING,14,0
2006,APRIL,SAUK,"REEDSBURG TOWN WARDS 1, 2 & 4",SPRING GENERAL,JUSTICE OF THE SUPREME COURT,NONPARTISAN,PATRICK CROOKS,80,80
2006,APRIL,SAUK,"REEDSBURG TOWN WARDS 1, 2 & 4",SPRING GENERAL,JUSTICE OF THE SUPREME COURT,NONPARTISAN,SCATTERING,80,0
2006,APRIL,SAUK,REEDSBURG TOWN WARD 3,SPRING GENERAL,JUSTICE OF THE SUPREME COURT,NONPARTISAN,PATRICK CROOKS,14,14
2006,APRIL,SAUK,REEDSBURG TOWN WARD 3,SPRING GENERAL,JUSTICE OF THE SUPREME COURT,NONPARTISAN,SCATTERING,14,0
2006,APRIL,SAUK,SPRING GREEN TOWN WARD 1,SPRING GENERAL,JUSTICE OF THE SUPREME COURT,NONPARTISAN,PATRICK CROOKS,290,290
2006,APRIL,SAUK,SPRING GREEN TOWN WARD 1,SPRING GENERAL,JUSTICE OF THE SUPREME COURT,NONPARTISAN,SCATTERING,290,0
2006,APRIL,SAUK,SPRING GREEN TOWN WARD 2,SPRING GENERAL,JUSTICE OF THE SUPREME COURT,NONPARTISAN,PATRICK CROOKS,81,81
2006,APRIL,SAUK,SPRING GREEN TOWN WARD 2,SPRING GENERAL,JUSTICE OF THE SUPREME COURT,NONPARTISAN,SCATTERING,81,0
2006,APRIL,SAUK,SPRING GREEN TOWN WARD 3,SPRING GENERAL,JUSTICE OF THE SUPREME COURT,NONPARTISAN,PATRICK CROOKS,83,83
2006,APRIL,SAUK,SPRING GREEN TOWN WARD 3,SPRING GENERAL,JUSTICE OF THE SUPREME COURT,NONPARTISAN,SCATTERING,83,0
2006,APRIL,SAUK,SPRING GREEN TOWN WARD 4,SPRING GENERAL,JUSTICE OF THE SUPREME COURT,NONPARTISAN,PATRICK CROOKS,57,57
2006,APRIL,SAUK,SPRING GREEN TOWN WARD 4,SPRING GENERAL,JUSTICE OF THE SUPREME COURT,NONPARTISAN,SCATTERING,57,0
2006,APRIL,SAUK,SUMPTER TOWN WARD 1,SPRING GENERAL,JUSTICE OF THE SUPREME COURT,NONPARTISAN,PATRICK CROOKS,30,30
2006,APRIL,SAUK,SUMPTER TOWN WARD 1,SPRING GENERAL,JUSTICE OF THE SUPREME COURT,NONPARTISAN,SCATTERING,30,0
2006,APRIL,SAUK,SUMPTER TOWN WARD 2,SPRING GENERAL,JUSTICE OF THE SUPREME COURT,NONPARTISAN,PATRICK CROOKS,8,8
2006,APRIL,SAUK,SUMPTER TOWN WARD 2,SPRING GENERAL,JUSTICE OF THE SUPREME COURT,NONPARTISAN,SCATTERING,8,0
2006,APRIL,SAUK,SUMPTER TOWN WARD 3,SPRING GENERAL,JUSTICE OF THE SUPREME COURT,NONPARTISAN,PATRICK CROOKS,8,8
2006,APRIL,SAUK,SUMPTER TOWN WARD 3,SPRING GENERAL,JUSTICE OF THE SUPREME COURT,NONPARTISAN,SCATTERING,8,0
2006,APRIL,SAUK,TROY TOWN WARD 1,SPRING GENERAL,JUSTICE OF THE SUPREME COURT,NONPARTISAN,PATRICK CROOKS,80,80
2006,APRIL,SAUK,TROY TOWN WARD 1,SPRING GENERAL,JUSTICE OF THE SUPREME COURT,NONPARTISAN,SCATTERING,80,0
2006,APRIL,SAUK,WASHINGTON TOWN WARD 1,SPRING GENERAL,JUSTICE OF THE SUPREME COURT,NONPARTISAN,PATRICK CROOKS,94,94
2006,APRIL,SAUK,WASHINGTON TOWN WARD 1,SPRING GENERAL,JUSTICE OF THE SUPREME COURT,NONPARTISAN,SCATTERING,94,0
2006,APRIL,SAUK,WESTFIELD TOWN WARD 1,SPRING GENERAL,JUSTICE OF THE SUPREME COURT,NONPARTISAN,PATRICK CROOKS,27,27
2006,APRIL,SAUK,WESTFIELD TOWN WARD 1,SPRING GENERAL,JUSTICE OF THE SUPREME COURT,NONPARTISAN,SCATTERING,27,0
2006,APRIL,SAUK,WESTFIELD TOWN WARD 2,SPRING GENERAL,JUSTICE OF THE SUPREME COURT,NONPARTISAN,PATRICK CROOKS,19,19
2006,APRIL,SAUK,WESTFIELD TOWN WARD 2,SPRING GENERAL,JUSTICE OF THE SUPREME COURT,NONPARTISAN,SCATTERING,19,0
2006,APRIL,SAUK,WINFIELD TOWN WARD 1,SPRING GENERAL,JUSTICE OF THE SUPREME COURT,NONPARTISAN,PATRICK CROOKS,56,56
2006,APRIL,SAUK,WINFIELD TOWN WARD 1,SPRING GENERAL,JUSTICE OF THE SUPREME COURT,NONPARTISAN,SCATTERING,56,0
2006,APRIL,SAUK,WINFIELD TOWN WARD 2,SPRING GENERAL,JUSTICE OF THE SUPREME COURT,NONPARTISAN,PATRICK CROOKS,21,21
2006,APRIL,SAUK,WINFIELD TOWN WARD 2,SPRING GENERAL,JUSTICE OF THE SUPREME COURT,NONPARTISAN,SCATTERING,21,0
2006,APRIL,SAUK,WOODLAND TOWN WARD 1,SPRING GENERAL,JUSTICE OF THE SUPREME COURT,NONPARTISAN,PATRICK CROOKS,120,119
2006,APRIL,SAUK,WOODLAND TOWN WARD 1,SPRING GENERAL,JUSTICE OF THE SUPREME COURT,NONPARTISAN,SCATTERING,120,1
2006,APRIL,SAUK,CAZENOVIA VILLAGE WARD 2,SPRING GENERAL,JUSTICE OF THE SUPREME COURT,NONPARTISAN,PATRICK CROOKS,4,4
2006,APRIL,SAUK,CAZENOVIA VILLAGE WARD 2,SPRING GENERAL,JUSTICE OF THE SUPREME COURT,NONPARTISAN,SCATTERING,4,0
2006,APRIL,SAUK,IRONTON VILLAGE WARD 1,SPRING GENERAL,JUSTICE OF THE SUPREME COURT,NONPARTISAN,PATRICK CROOKS,19,19
2006,APRIL,SAUK,IRONTON VILLAGE WARD 1,SPRING GENERAL,JUSTICE OF THE SUPREME COURT,NONPARTISAN,SCATTERING,19,0
2006,APRIL,SAUK,LAKE DELTON VILLAGE WARDS 1 & 2,SPRING GENERAL,JUSTICE OF THE SUPREME COURT,NONPARTISAN,PATRICK CROOKS,162,162
2006,APRIL,SAUK,LAKE DELTON VILLAGE WARDS 1 & 2,SPRING GENERAL,JUSTICE OF THE SUPREME COURT,NONPARTISAN,SCATTERING,162,0
2006,APRIL,SAUK,LAKE DELTON VILLAGE WARD 3,SPRING GENERAL,JUSTICE OF THE SUPREME COURT,NONPARTISAN,PATRICK CROOKS,18,18
2006,APRIL,SAUK,LAKE DELTON VILLAGE WARD 3,SPRING GENERAL,JUSTICE OF THE SUPREME COURT,NONPARTISAN,SCATTERING,18,0
2006,APRIL,SAUK,LA VALLE VILLAGE WARD 1,SPRING GENERAL,JUSTICE OF THE SUPREME COURT,NONPARTISAN,PATRICK CROOKS,41,41
2006,APRIL,SAUK,LA VALLE VILLAGE WARD 1,SPRING GENERAL,JUSTICE OF THE SUPREME COURT,NONPARTISAN,SCATTERING,41,0
2006,APRIL,SAUK,LIME RIDGE VILLAGE WARD 1,SPRING GENERAL,JUSTICE OF THE SUPREME COURT,NONPARTISAN,PATRICK CROOKS,41,41
2006,APRIL,SAUK,LIME RIDGE VILLAGE WARD 1,SPRING GENERAL,JUSTICE OF THE SUPREME COURT,NONPARTISAN,SCATTERING,41,0
2006,APRIL,SAUK,LOGANVILLE VILLAGE WARD 1,SPRING GENERAL,JUSTICE OF THE SUPREME COURT,NONPARTISAN,PATRICK CROOKS,28,28
2006,APRIL,SAUK,LOGANVILLE VILLAGE WARD 1,SPRING GENERAL,JUSTICE OF THE SUPREME COURT,NONPARTISAN,SCATTERING,28,0
2006,APRIL,SAUK,MERRIMAC VILLAGE WARD 1,SPRING GENERAL,JUSTICE OF THE SUPREME COURT,NONPARTISAN,PATRICK CROOKS,44,44
2006,APRIL,SAUK,MERRIMAC VILLAGE WARD 1,SPRING GENERAL,JUSTICE OF THE SUPREME COURT,NONPARTISAN,SCATTERING,44,0
2006,APRIL,SAUK,NORTH FREEDOM VILLAGE WARD 1,SPRING GENERAL,JUSTICE OF THE SUPREME COURT,NONPARTISAN,PATRICK CROOKS,150,150
2006,APRIL,SAUK,NORTH FREEDOM VILLAGE WARD 1,SPRING GENERAL,JUSTICE OF THE SUPREME COURT,NONPARTISAN,SCATTERING,150,0
2006,APRIL,SAUK,PLAIN VILLAGE WARD 1,SPRING GENERAL,JUSTICE OF THE SUPREME COURT,NONPARTISAN,PATRICK CROOKS,279,279
2006,APRIL,SAUK,PLAIN VILLAGE WARD 1,SPRING GENERAL,JUSTICE OF THE SUPREME COURT,NONPARTISAN,SCATTERING,279,0
2006,APRIL,SAUK,PRAIRIE DU SAC VILLAGE WARDS 1 & 4,SPRING GENERAL,JUSTICE OF THE SUPREME COURT,NONPARTISAN,PATRICK CROOKS,99,98
2006,APRIL,SAUK,PRAIRIE DU SAC VILLAGE WARDS 1 & 4,SPRING GENERAL,JUSTICE OF THE SUPREME COURT,NONPARTISAN,SCATTERING,99,1
2006,APRIL,SAUK,"PRAIRIE DU SAC VILLAGE WARDS 2, 3 & 5",SPRING GENERAL,JUSTICE OF THE SUPREME COURT,NONPARTISAN,PATRICK CROOKS,138,136
2006,APRIL,SAUK,"PRAIRIE DU SAC VILLAGE WARDS 2, 3 & 5",SPRING GENERAL,JUSTICE OF THE SUPREME COURT,NONPARTISAN,SCATTERING,138,2
2006,APRIL,SAUK,ROCK SPRINGS VILLAGE WARD 1,SPRING GENERAL,JUSTICE OF THE SUPREME COURT,NONPARTISAN,PATRICK CROOKS,43,43
2006,APRIL,SAUK,ROCK SPRINGS VILLAGE WARD 1,SPRING GENERAL,JUSTICE OF THE SUPREME COURT,NONPARTISAN,SCATTERING,43,0
2006,APRIL,SAUK,SAUK CITY VILLAGE WARDS 1 & 2,SPRING GENERAL,JUSTICE OF THE SUPREME COURT,NONPARTISAN,PATRICK CROOKS,135,134
2006,APRIL,SAUK,SAUK CITY VILLAGE WARDS 1 & 2,SPRING GENERAL,JUSTICE OF THE SUPREME COURT,NONPARTISAN,SCATTERING,135,1
2006,APRIL,SAUK,SAUK CITY VILLAGE WARDS 3 & 4,SPRING GENERAL,JUSTICE OF THE SUPREME COURT,NONPARTISAN,PATRICK CROOKS,131,130
2006,APRIL,SAUK,SAUK CITY VILLAGE WARDS 3 & 4,SPRING GENERAL,JUSTICE OF THE SUPREME COURT,NONPARTISAN,SCATTERING,131,1
2006,APRIL,SAUK,SPRING GREEN VILLAGE WARDS 1 & 2,SPRING GENERAL,JUSTICE OF THE SUPREME COURT,NONPARTISAN,PATRICK CROOKS,468,465
2006,APRIL,SAUK,SPRING GREEN VILLAGE WARDS 1 & 2,SPRING GENERAL,JUSTICE OF THE SUPREME COURT,NONPARTISAN,SCATTERING,468,3
2006,APRIL,SAUK,WEST BARABOO VILLAGE WARDS 1 & 2,SPRING GENERAL,JUSTICE OF THE SUPREME COURT,NONPARTISAN,PATRICK CROOKS,262,259
2006,APRIL,SAUK,WEST BARABOO VILLAGE WARDS 1 & 2,SPRING GENERAL,JUSTICE OF THE SUPREME COURT,NONPARTISAN,SCATTERING,262,3
2006,APRIL,SAUK,BARABOO CITY WARD 1,SPRING GENERAL,JUSTICE OF THE SUPREME COURT,NONPARTISAN,PATRICK CROOKS,98,95
2006,APRIL,SAUK,BARABOO CITY WARD 1,SPRING GENERAL,JUSTICE OF THE SUPREME COURT,NONPARTISAN,SCATTERING,98,3
2006,APRIL,SAUK,BARABOO CITY WARD 2,SPRING GENERAL,JUSTICE OF THE SUPREME COURT,NONPARTISAN,PATRICK CROOKS,170,168
2006,APRIL,SAUK,BARABOO CITY WARD 2,SPRING GENERAL,JUSTICE OF THE SUPREME COURT,NONPARTISAN,SCATTERING,170,2
2006,APRIL,SAUK,BARABOO CITY WARD 3,SPRING GENERAL,JUSTICE OF THE SUPREME COURT,NONPARTISAN,PATRICK CROOKS,258,257
2006,APRIL,SAUK,BARABOO CITY WARD 3,SPRING GENERAL,JUSTICE OF THE SUPREME COURT,NONPARTISAN,SCATTERING,258,1
2006,APRIL,SAUK,BARABOO CITY WARD 4,SPRING GENERAL,JUSTICE OF THE SUPREME COURT,NONPARTISAN,PATRICK CROOKS,101,100
2006,APRIL,SAUK,BARABOO CITY WARD 4,SPRING GENERAL,JUSTICE OF THE SUPREME COURT,NONPARTISAN,SCATTERING,101,1
2006,APRIL,SAUK,BARABOO CITY WARD 5,SPRING GENERAL,JUSTICE OF THE SUPREME COURT,NONPARTISAN,PATRICK CROOKS,155,154
2006,APRIL,SAUK,BARABOO CITY WARD 5,SPRING GENERAL,JUSTICE OF THE SUPREME COURT,NONPARTISAN,SCATTERING,155,1
2006,APRIL,SAUK,BARABOO CITY WARD 6,SPRING GENERAL,JUSTICE OF THE SUPREME COURT,NONPARTISAN,PATRICK CROOKS,153,153
2006,APRIL,SAUK,BARABOO CITY WARD 6,SPRING GENERAL,JUSTICE OF THE SUPREME COURT,NONPARTISAN,SCATTERING,153,0
2006,APRIL,SAUK,BARABOO CITY WARD 7,SPRING GENERAL,JUSTICE OF THE SUPREME COURT,NONPARTISAN,PATRICK CROOKS,173,169
2006,APRIL,SAUK,BARABOO CITY WARD 7,SPRING GENERAL,JUSTICE OF THE SUPREME COURT,NONPARTISAN,SCATTERING,173,4
2006,APRIL,SAUK,BARABOO CITY WARD 8,SPRING GENERAL,JUSTICE OF THE SUPREME COURT,NONPARTISAN,PATRICK CROOKS,106,105
2006,APRIL,SAUK,BARABOO CITY WARD 8,SPRING GENERAL,JUSTICE OF THE SUPREME COURT,NONPARTISAN,SCATTERING,106,1
2006,APRIL,SAUK,BARABOO CITY WARD 9,SPRING GENERAL,JUSTICE OF THE SUPREME COURT,NONPARTISAN,PATRICK CROOKS,114,113
2006,APRIL,SAUK,BARABOO CITY WARD 9,SPRING GENERAL,JUSTICE OF THE SUPREME COURT,NONPARTISAN,SCATTERING,114,1
2006,APRIL,SAUK,BARABOO CITY WARD 10,SPRING GENERAL,JUSTICE OF THE SUPREME COURT,NONPARTISAN,PATRICK CROOKS,359,357
2006,APRIL,SAUK,BARABOO CITY WARD 10,SPRING GENERAL,JUSTICE OF THE SUPREME COURT,NONPARTISAN,SCATTERING,359,2
2006,APRIL,SAUK,BARABOO CITY WARD 11,SPRING GENERAL,JUSTICE OF THE SUPREME COURT,NONPARTISAN,PATRICK CROOKS,230,228
2006,APRIL,SAUK,BARABOO CITY WARD 11,SPRING GENERAL,JUSTICE OF THE SUPREME COURT,NONPARTISAN,SCATTERING,230,2
2006,APRIL,SAUK,BARABOO CITY WARD 12,SPRING GENERAL,JUSTICE OF THE SUPREME COURT,NONPARTISAN,PATRICK CROOKS,223,222
2006,APRIL,SAUK,BARABOO CITY WARD 12,SPRING GENERAL,JUSTICE OF THE SUPREME COURT,NONPARTISAN,SCATTERING,223,1
2006,APRIL,SAUK,BARABOO CITY WARD 13,SPRING GENERAL,JUSTICE OF THE SUPREME COURT,NONPARTISAN,PATRICK CROOKS,170,169
2006,APRIL,SAUK,BARABOO CITY WARD 13,SPRING GENERAL,JUSTICE OF THE SUPREME COURT,NONPARTISAN,SCATTERING,170,1
2006,APRIL,SAUK,BARABOO CITY WARD 14,SPRING GENERAL,JUSTICE OF THE SUPREME COURT,NONPARTISAN,PATRICK CROOKS,133,133
2006,APRIL,SAUK,BARABOO CITY WARD 14,SPRING GENERAL,JUSTICE OF THE SUPREME COURT,NONPARTISAN,SCATTERING,133,0
2006,APRIL,SAUK,REEDSBURG CITY WARDS 1 - 3 & 13,SPRING GENERAL,JUSTICE OF THE SUPREME COURT,NONPARTISAN,PATRICK CROOKS,251,250
2006,APRIL,SAUK,REEDSBURG CITY WARDS 1 - 3 & 13,SPRING GENERAL,JUSTICE OF THE SUPREME COURT,NONPARTISAN,SCATTERING,251,1
2006,APRIL,SAUK,"REEDSBURG CITY WARDS 4, 6, 11 & 14",SPRING GENERAL,JUSTICE OF THE SUPREME COURT,NONPARTISAN,PATRICK CROOKS,313,311
2006,APRIL,SAUK,"REEDSBURG CITY WARDS 4, 6, 11 & 14",SPRING GENERAL,JUSTICE OF THE SUPREME COURT,NONPARTISAN,SCATTERING,313,2
2006,APRIL,SAUK,"REEDSBURG CITY WARDS 5, 9, 12 & 16",SPRING GENERAL,JUSTICE OF THE SUPREME COURT,NONPARTISAN,PATRICK CROOKS,172,172
2006,APRIL,SAUK,"REEDSBURG CITY WARDS 5, 9, 12 & 16",SPRING GENERAL,JUSTICE OF THE SUPREME COURT,NONPARTISAN,SCATTERING,172,0
2006,APRIL,SAUK,"REEDSBURG CITY WARDS 7, 8, 10 & 15",SPRING GENERAL,JUSTICE OF THE SUPREME COURT,NONPARTISAN,PATRICK CROOKS,372,371
2006,APRIL,SAUK,"REEDSBURG CITY WARDS 7, 8, 10 & 15",SPRING GENERAL,JUSTICE OF THE SUPREME COURT,NONPARTISAN,SCATTERING,372,1
2006,APRIL,SAUK,WISCONSIN DELLS CITY WARD 4,SPRING GENERAL,JUSTICE OF THE SUPREME COURT,NONPARTISAN,PATRICK CROOKS,196,196
2006,APRIL,SAUK,WISCONSIN DELLS CITY WARD 4,SPRING GENERAL,JUSTICE OF THE SUPREME COURT,NONPARTISAN,SCATTERING,196,0
2006,APRIL,SAWYER,BASS LAKE TOWN WARD 1,SPRING GENERAL,JUSTICE OF THE SUPREME COURT,NONPARTISAN,PATRICK CROOKS,45,45
2006,APRIL,SAWYER,BASS LAKE TOWN WARD 1,SPRING GENERAL,JUSTICE OF THE SUPREME COURT,NONPARTISAN,SCATTERING,45,0
2006,APRIL,SAWYER,BASS LAKE TOWN WARD 2,SPRING GENERAL,JUSTICE OF THE SUPREME COURT,NONPARTISAN,PATRICK CROOKS,42,42
2006,APRIL,SAWYER,BASS LAKE TOWN WARD 2,SPRING GENERAL,JUSTICE OF THE SUPREME COURT,NONPARTISAN,SCATTERING,42,0
2006,APRIL,SAWYER,BASS LAKE TOWN WARD 3,SPRING GENERAL,JUSTICE OF THE SUPREME COURT,NONPARTISAN,PATRICK CROOKS,20,20
2006,APRIL,SAWYER,BASS LAKE TOWN WARD 3,SPRING GENERAL,JUSTICE OF THE SUPREME COURT,NONPARTISAN,SCATTERING,20,0
2006,APRIL,SAWYER,BASS LAKE TOWN WARD 4,SPRING GENERAL,JUSTICE OF THE SUPREME COURT,NONPARTISAN,PATRICK CROOKS,32,32
2006,APRIL,SAWYER,BASS LAKE TOWN WARD 4,SPRING GENERAL,JUSTICE OF THE SUPREME COURT,NONPARTISAN,SCATTERING,32,0
2006,APRIL,SAWYER,COUDERAY TOWN WARD 1,SPRING GENERAL,JUSTICE OF THE SUPREME COURT,NONPARTISAN,PATRICK CROOKS,11,11
2006,APRIL,SAWYER,COUDERAY TOWN WARD 1,SPRING GENERAL,JUSTICE OF THE SUPREME COURT,NONPARTISAN,SCATTERING,11,0
2006,APRIL,SAWYER,COUDERAY TOWN WARD 2,SPRING GENERAL,JUSTICE OF THE SUPREME COURT,NONPARTISAN,PATRICK CROOKS,1,1
2006,APRIL,SAWYER,COUDERAY TOWN WARD 2,SPRING GENERAL,JUSTICE OF THE SUPREME COURT,NONPARTISAN,SCATTERING,1,0
2006,APRIL,SAWYER,DRAPER TOWN WARD 1,SPRING GENERAL,JUSTICE OF THE SUPREME COURT,NONPARTISAN,PATRICK CROOKS,47,47
2006,APRIL,SAWYER,DRAPER TOWN WARD 1,SPRING GENERAL,JUSTICE OF THE SUPREME COURT,NONPARTISAN,SCATTERING,47,0
2006,APRIL,SAWYER,EDGEWATER TOWN WARD 1,SPRING GENERAL,JUSTICE OF THE SUPREME COURT,NONPARTISAN,PATRICK CROOKS,61,61
2006,APRIL,SAWYER,EDGEWATER TOWN WARD 1,SPRING GENERAL,JUSTICE OF THE SUPREME COURT,NONPARTISAN,SCATTERING,61,0
2006,APRIL,SAWYER,HAYWARD TOWN WARD 1,SPRING GENERAL,JUSTICE OF THE SUPREME COURT,NONPARTISAN,PATRICK CROOKS,76,76
2006,APRIL,SAWYER,HAYWARD TOWN WARD 1,SPRING GENERAL,JUSTICE OF THE SUPREME COURT,NONPARTISAN,SCATTERING,76,0
2006,APRIL,SAWYER,HAYWARD TOWN WARD 2,SPRING GENERAL,JUSTICE OF THE SUPREME COURT,NONPARTISAN,PATRICK CROOKS,44,44
2006,APRIL,SAWYER,HAYWARD TOWN WARD 2,SPRING GENERAL,JUSTICE OF THE SUPREME COURT,NONPARTISAN,SCATTERING,44,0
2006,APRIL,SAWYER,HAYWARD TOWN WARD 3,SPRING GENERAL,JUSTICE OF THE SUPREME COURT,NONPARTISAN,PATRICK CROOKS,70,70
2006,APRIL,SAWYER,HAYWARD TOWN WARD 3,SPRING GENERAL,JUSTICE OF THE SUPREME COURT,NONPARTISAN,SCATTERING,70,0
2006,APRIL,SAWYER,HAYWARD TOWN WARD 4,SPRING GENERAL,JUSTICE OF THE SUPREME COURT,NONPARTISAN,PATRICK CROOKS,47,47
2006,APRIL,SAWYER,HAYWARD TOWN WARD 4,SPRING GENERAL,JUSTICE OF THE SUPREME COURT,NONPARTISAN,SCATTERING,47,0
2006,APRIL,SAWYER,HAYWARD TOWN WARD 5,SPRING GENERAL,JUSTICE OF THE SUPREME COURT,NONPARTISAN,PATRICK CROOKS,5,5
2006,APRIL,SAWYER,HAYWARD TOWN WARD 5,SPRING GENERAL,JUSTICE OF THE SUPREME COURT,NONPARTISAN,SCATTERING,5,0
2006,APRIL,SAWYER,HAYWARD TOWN WARD 6,SPRING GENERAL,JUSTICE OF THE SUPREME COURT,NONPARTISAN,PATRICK CROOKS,39,39
2006,APRIL,SAWYER,HAYWARD TOWN WARD 6,SPRING GENERAL,JUSTICE OF THE SUPREME COURT,NONPARTISAN,SCATTERING,39,0
2006,APRIL,SAWYER,HUNTER TOWN WARD 1,SPRING GENERAL,JUSTICE OF THE SUPREME COURT,NONPARTISAN,PATRICK CROOKS,22,22
2006,APRIL,SAWYER,HUNTER TOWN WARD 1,SPRING GENERAL,JUSTICE OF THE SUPREME COURT,NONPARTISAN,SCATTERING,22,0
2006,APRIL,SAWYER,HUNTER TOWN WARD 2,SPRING GENERAL,JUSTICE OF THE SUPREME COURT,NONPARTISAN,PATRICK CROOKS,21,21
2006,APRIL,SAWYER,HUNTER TOWN WARD 2,SPRING GENERAL,JUSTICE OF THE SUPREME COURT,NONPARTISAN,SCATTERING,21,0
2006,APRIL,SAWYER,LENROOT TOWN WARD 1,SPRING GENERAL,JUSTICE OF THE SUPREME COURT,NONPARTISAN,PATRICK CROOKS,96,96
2006,APRIL,SAWYER,LENROOT TOWN WARD 1,SPRING GENERAL,JUSTICE OF THE SUPREME COURT,NONPARTISAN,SCATTERING,96,0
2006,APRIL,SAWYER,LENROOT TOWN WARD 2,SPRING GENERAL,JUSTICE OF THE SUPREME COURT,NONPARTISAN,PATRICK CROOKS,52,52
2006,APRIL,SAWYER,LENROOT TOWN WARD 2,SPRING GENERAL,JUSTICE OF THE SUPREME COURT,NONPARTISAN,SCATTERING,52,0
2006,APRIL,SAWYER,LENROOT TOWN WARD 3,SPRING GENERAL,JUSTICE OF THE SUPREME COURT,NONPARTISAN,PATRICK CROOKS,8,8
2006,APRIL,SAWYER,LENROOT TOWN WARD 3,SPRING GENERAL,JUSTICE OF THE SUPREME COURT,NONPARTISAN,SCATTERING,8,0
2006,APRIL,SAWYER,MEADOWBROOK TOWN WARD 1,SPRING GENERAL,JUSTICE OF THE SUPREME COURT,NONPARTISAN,PATRICK CROOKS,17,17
2006,APRIL,SAWYER,MEADOWBROOK TOWN WARD 1,SPRING GENERAL,JUSTICE OF THE SUPREME COURT,NONPARTISAN,SCATTERING,17,0
2006,APRIL,SAWYER,METEOR TOWN WARD 1,SPRING GENERAL,JUSTICE OF THE SUPREME COURT,NONPARTISAN,PATRICK CROOKS,11,11
2006,APRIL,SAWYER,METEOR TOWN WARD 1,SPRING GENERAL,JUSTICE OF THE SUPREME COURT,NONPARTISAN,SCATTERING,11,0
2006,APRIL,SAWYER,OJIBWA TOWN WARD 1,SPRING GENERAL,JUSTICE OF THE SUPREME COURT,NONPARTISAN,PATRICK CROOKS,29,29
2006,APRIL,SAWYER,OJIBWA TOWN WARD 1,SPRING GENERAL,JUSTICE OF THE SUPREME COURT,NONPARTISAN,SCATTERING,29,0
2006,APRIL,SAWYER,RADISSON TOWN WARD 1,SPRING GENERAL,JUSTICE OF THE SUPREME COURT,NONPARTISAN,PATRICK CROOKS,10,10
2006,APRIL,SAWYER,RADISSON TOWN WARD 1,SPRING GENERAL,JUSTICE OF THE SUPREME COURT,NONPARTISAN,SCATTERING,10,0
2006,APRIL,SAWYER,RADISSON TOWN WARD 2,SPRING GENERAL,JUSTICE OF THE SUPREME COURT,NONPARTISAN,PATRICK CROOKS,23,23
2006,APRIL,SAWYER,RADISSON TOWN WARD 2,SPRING GENERAL,JUSTICE OF THE SUPREME COURT,NONPARTISAN,SCATTERING,23,0
2006,APRIL,SAWYER,ROUND LAKE TOWN WARD 1,SPRING GENERAL,JUSTICE OF THE SUPREME COURT,NONPARTISAN,PATRICK CROOKS,90,90
2006,APRIL,SAWYER,ROUND LAKE TOWN WARD 1,SPRING GENERAL,JUSTICE OF THE SUPREME COURT,NONPARTISAN,SCATTERING,90,0
2006,APRIL,SAWYER,ROUND LAKE TOWN WARD 2,SPRING GENERAL,JUSTICE OF THE SUPREME COURT,NONPARTISAN,PATRICK CROOKS,80,80
2006,APRIL,SAWYER,ROUND LAKE TOWN WARD 2,SPRING GENERAL,JUSTICE OF THE SUPREME COURT,NONPARTISAN,SCATTERING,80,0
2006,APRIL,SAWYER,SAND LAKE TOWN WARD 1,SPRING GENERAL,JUSTICE OF THE SUPREME COURT,NONPARTISAN,PATRICK CROOKS,65,65
2006,APRIL,SAWYER,SAND LAKE TOWN WARD 1,SPRING GENERAL,JUSTICE OF THE SUPREME COURT,NONPARTISAN,SCATTERING,65,0
2006,APRIL,SAWYER,SPIDER LAKE TOWN WARD 1,SPRING GENERAL,JUSTICE OF THE SUPREME COURT,NONPARTISAN,PATRICK CROOKS,74,74
2006,APRIL,SAWYER,SPIDER LAKE TOWN WARD 1,SPRING GENERAL,JUSTICE OF THE SUPREME COURT,NONPARTISAN,SCATTERING,74,0
2006,APRIL,SAWYER,WEIRGOR TOWN WARD 1,SPRING GENERAL,JUSTICE OF THE SUPREME COURT,NONPARTISAN,PATRICK CROOKS,22,22
2006,APRIL,SAWYER,WEIRGOR TOWN WARD 1,SPRING GENERAL,JUSTICE OF THE SUPREME COURT,NONPARTISAN,SCATTERING,22,0
2006,APRIL,SAWYER,WINTER TOWN WARD 1,SPRING GENERAL,JUSTICE OF THE SUPREME COURT,NONPARTISAN,PATRICK CROOKS,139,139
2006,APRIL,SAWYER,WINTER TOWN WARD 1,SPRING GENERAL,JUSTICE OF THE SUPREME COURT,NONPARTISAN,SCATTERING,139,0
2006,APRIL,SAWYER,WINTER TOWN WARD 2,SPRING GENERAL,JUSTICE OF THE SUPREME COURT,NONPARTISAN,PATRICK CROOKS,35,35
2006,APRIL,SAWYER,WINTER TOWN WARD 2,SPRING GENERAL,JUSTICE OF THE SUPREME COURT,NONPARTISAN,SCATTERING,35,0
2006,APRIL,SAWYER,COUDERAY VILLAGE WARD 1,SPRING GENERAL,JUSTICE OF THE SUPREME COURT,NONPARTISAN,PATRICK CROOKS,13,13
2006,APRIL,SAWYER,COUDERAY VILLAGE WARD 1,SPRING GENERAL,JUSTICE OF THE SUPREME COURT,NONPARTISAN,SCATTERING,13,0
2006,APRIL,SAWYER,EXELAND VILLAGE WARD 1,SPRING GENERAL,JUSTICE OF THE SUPREME COURT,NONPARTISAN,PATRICK CROOKS,19,19
2006,APRIL,SAWYER,EXELAND VILLAGE WARD 1,SPRING GENERAL,JUSTICE OF THE SUPREME COURT,NONPARTISAN,SCATTERING,19,0
2006,APRIL,SAWYER,RADISSON VILLAGE WARD 1,SPRING GENERAL,JUSTICE OF THE SUPREME COURT,NONPARTISAN,PATRICK CROOKS,23,23
2006,APRIL,SAWYER,RADISSON VILLAGE WARD 1,SPRING GENERAL,JUSTICE OF THE SUPREME COURT,NONPARTISAN,SCATTERING,23,0
2006,APRIL,SAWYER,WINTER VILLAGE WARD 1,SPRING GENERAL,JUSTICE OF THE SUPREME COURT,NONPARTISAN,PATRICK CROOKS,51,51
2006,APRIL,SAWYER,WINTER VILLAGE WARD 1,SPRING GENERAL,JUSTICE OF THE SUPREME COURT,NONPARTISAN,SCATTERING,51,0
2006,APRIL,SAWYER,HAYWARD CITY WARD 1,SPRING GENERAL,JUSTICE OF THE SUPREME COURT,NONPARTISAN,PATRICK CROOKS,30,30
2006,APRIL,SAWYER,HAYWARD CITY WARD 1,SPRING GENERAL,JUSTICE OF THE SUPREME COURT,NONPARTISAN,SCATTERING,30,0
2006,APRIL,SAWYER,HAYWARD CITY WARD 2,SPRING GENERAL,JUSTICE OF THE SUPREME COURT,NONPARTISAN,PATRICK CROOKS,53,53
2006,APRIL,SAWYER,HAYWARD CITY WARD 2,SPRING GENERAL,JUSTICE OF THE SUPREME COURT,NONPARTISAN,SCATTERING,53,0
2006,APRIL,SAWYER,HAYWARD CITY WARD 3,SPRING GENERAL,JUSTICE OF THE SUPREME COURT,NONPARTISAN,PATRICK CROOKS,45,45
2006,APRIL,SAWYER,HAYWARD CITY WARD 3,SPRING GENERAL,JUSTICE OF THE SUPREME COURT,NONPARTISAN,SCATTERING,45,0
2006,APRIL,SAWYER,HAYWARD CITY WARD 4,SPRING GENERAL,JUSTICE OF THE SUPREME COURT,NONPARTISAN,PATRICK CROOKS,55,55
2006,APRIL,SAWYER,HAYWARD CITY WARD 4,SPRING GENERAL,JUSTICE OF THE SUPREME COURT,NONPARTISAN,SCATTERING,55,0
2006,APRIL,SHAWANO,ALMON TOWN WARD 1,SPRING GENERAL,JUSTICE OF THE SUPREME COURT,NONPARTISAN,PATRICK CROOKS,29,29
2006,APRIL,SHAWANO,ALMON TOWN WARD 1,SPRING GENERAL,JUSTICE OF THE SUPREME COURT,NONPARTISAN,SCATTERING,29,0
2006,APRIL,SHAWANO,ALMON TOWN WARD 2,SPRING GENERAL,JUSTICE OF THE SUPREME COURT,NONPARTISAN,PATRICK CROOKS,36,36
2006,APRIL,SHAWANO,ALMON TOWN WARD 2,SPRING GENERAL,JUSTICE OF THE SUPREME COURT,NONPARTISAN,SCATTERING,36,0
2006,APRIL,SHAWANO,ANGELICA TOWN WARD 1,SPRING GENERAL,JUSTICE OF THE SUPREME COURT,NONPARTISAN,PATRICK CROOKS,46,46
2006,APRIL,SHAWANO,ANGELICA TOWN WARD 1,SPRING GENERAL,JUSTICE OF THE SUPREME COURT,NONPARTISAN,SCATTERING,46,0
2006,APRIL,SHAWANO,ANGELICA TOWN WARDS 2 & 3,SPRING GENERAL,JUSTICE OF THE SUPREME COURT,NONPARTISAN,PATRICK CROOKS,92,92
2006,APRIL,SHAWANO,ANGELICA TOWN WARDS 2 & 3,SPRING GENERAL,JUSTICE OF THE SUPREME COURT,NONPARTISAN,SCATTERING,92,0
2006,APRIL,SHAWANO,ANIWA TOWN WARD 1,SPRING GENERAL,JUSTICE OF THE SUPREME COURT,NONPARTISAN,PATRICK CROOKS,10,10
2006,APRIL,SHAWANO,ANIWA TOWN WARD 1,SPRING GENERAL,JUSTICE OF THE SUPREME COURT,NONPARTISAN,SCATTERING,10,0
2006,APRIL,SHAWANO,BARTELME TOWN WARD 1,SPRING GENERAL,JUSTICE OF THE SUPREME COURT,NONPARTISAN,PATRICK CROOKS,55,55
2006,APRIL,SHAWANO,BARTELME TOWN WARD 1,SPRING GENERAL,JUSTICE OF THE SUPREME COURT,NONPARTISAN,SCATTERING,55,0
2006,APRIL,SHAWANO,BELLE PLAINE TOWN WARDS 1 & 2,SPRING GENERAL,JUSTICE OF THE SUPREME COURT,NONPARTISAN,PATRICK CROOKS,166,165
2006,APRIL,SHAWANO,BELLE PLAINE TOWN WARDS 1 & 2,SPRING GENERAL,JUSTICE OF THE SUPREME COURT,NONPARTISAN,SCATTERING,166,1
2006,APRIL,SHAWANO,BELLE PLAINE TOWN WARD 3,SPRING GENERAL,JUSTICE OF THE SUPREME COURT,NONPARTISAN,PATRICK CROOKS,77,76
2006,APRIL,SHAWANO,BELLE PLAINE TOWN WARD 3,SPRING GENERAL,JUSTICE OF THE SUPREME COURT,NONPARTISAN,SCATTERING,77,1
2006,APRIL,SHAWANO,BIRNAMWOOD TOWN WARD 1,SPRING GENERAL,JUSTICE OF THE SUPREME COURT,NONPARTISAN,PATRICK CROOKS,5,5
2006,APRIL,SHAWANO,BIRNAMWOOD TOWN WARD 1,SPRING GENERAL,JUSTICE OF THE SUPREME COURT,NONPARTISAN,SCATTERING,5,0
2006,APRIL,SHAWANO,BIRNAMWOOD TOWN WARD 2,SPRING GENERAL,JUSTICE OF THE SUPREME COURT,NONPARTISAN,PATRICK CROOKS,21,21
2006,APRIL,SHAWANO,BIRNAMWOOD TOWN WARD 2,SPRING GENERAL,JUSTICE OF THE SUPREME COURT,NONPARTISAN,SCATTERING,21,0
2006,APRIL,SHAWANO,FAIRBANKS TOWN WARD 1,SPRING GENERAL,JUSTICE OF THE SUPREME COURT,NONPARTISAN,PATRICK CROOKS,20,20
2006,APRIL,SHAWANO,FAIRBANKS TOWN WARD 1,SPRING GENERAL,JUSTICE OF THE SUPREME COURT,NONPARTISAN,SCATTERING,20,0
2006,APRIL,SHAWANO,FAIRBANKS TOWN WARD 2,SPRING GENERAL,JUSTICE OF THE SUPREME COURT,NONPARTISAN,PATRICK CROOKS,63,63
2006,APRIL,SHAWANO,FAIRBANKS TOWN WARD 2,SPRING GENERAL,JUSTICE OF THE SUPREME COURT,NONPARTISAN,SCATTERING,63,0
2006,APRIL,SHAWANO,GERMANIA TOWN WARD 1,SPRING GENERAL,JUSTICE OF THE SUPREME COURT,NONPARTISAN,PATRICK CROOKS,30,30
2006,APRIL,SHAWANO,GERMANIA TOWN WARD 1,SPRING GENERAL,JUSTICE OF THE SUPREME COURT,NONPARTISAN,SCATTERING,30,0
2006,APRIL,SHAWANO,GRANT TOWN WARD 1,SPRING GENERAL,JUSTICE OF THE SUPREME COURT,NONPARTISAN,PATRICK CROOKS,46,46
2006,APRIL,SHAWANO,GRANT TOWN WARD 1,SPRING GENERAL,JUSTICE OF THE SUPREME COURT,NONPARTISAN,SCATTERING,46,0
2006,APRIL,SHAWANO,GRANT TOWN WARD 2,SPRING GENERAL,JUSTICE OF THE SUPREME COURT,NONPARTISAN,PATRICK CROOKS,23,23
2006,APRIL,SHAWANO,GRANT TOWN WARD 2,SPRING GENERAL,JUSTICE OF THE SUPREME COURT,NONPARTISAN,SCATTERING,23,0
2006,APRIL,SHAWANO,GREEN VALLEY TOWN WARDS 1 & 2,SPRING GENERAL,JUSTICE OF THE SUPREME COURT,NONPARTISAN,PATRICK CROOKS,93,93
2006,APRIL,SHAWANO,GREEN VALLEY TOWN WARDS 1 & 2,SPRING GENERAL,JUSTICE OF THE SUPREME COURT,NONPARTISAN,SCATTERING,93,0
2006,APRIL,SHAWANO,HARTLAND TOWN WARD 1,SPRING GENERAL,JUSTICE OF THE SUPREME COURT,NONPARTISAN,PATRICK CROOKS,154,154
2006,APRIL,SHAWANO,HARTLAND TOWN WARD 1,SPRING GENERAL,JUSTICE OF THE SUPREME COURT,NONPARTISAN,SCATTERING,154,0
2006,APRIL,SHAWANO,HERMAN TOWN WARD 1,SPRING GENERAL,JUSTICE OF THE SUPREME COURT,NONPARTISAN,PATRICK CROOKS,81,81
2006,APRIL,SHAWANO,HERMAN TOWN WARD 1,SPRING GENERAL,JUSTICE OF THE SUPREME COURT,NONPARTISAN,SCATTERING,81,0
2006,APRIL,SHAWANO,HERMAN TOWN WARD 2,SPRING GENERAL,JUSTICE OF THE SUPREME COURT,NONPARTISAN,PATRICK CROOKS,86,86
2006,APRIL,SHAWANO,HERMAN TOWN WARD 2,SPRING GENERAL,JUSTICE OF THE SUPREME COURT,NONPARTISAN,SCATTERING,86,0
2006,APRIL,SHAWANO,HUTCHINS TOWN WARD 1,SPRING GENERAL,JUSTICE OF THE SUPREME COURT,NONPARTISAN,PATRICK CROOKS,49,49
2006,APRIL,SHAWANO,HUTCHINS TOWN WARD 1,SPRING GENERAL,JUSTICE OF THE SUPREME COURT,NONPARTISAN,SCATTERING,49,0
2006,APRIL,SHAWANO,LESSOR TOWN WARD 1,SPRING GENERAL,JUSTICE OF THE SUPREME COURT,NONPARTISAN,PATRICK CROOKS,61,61
2006,APRIL,SHAWANO,LESSOR TOWN WARD 1,SPRING GENERAL,JUSTICE OF THE SUPREME COURT,NONPARTISAN,SCATTERING,61,0
2006,APRIL,SHAWANO,LESSOR TOWN WARD 2,SPRING GENERAL,JUSTICE OF THE SUPREME COURT,NONPARTISAN,PATRICK CROOKS,7,7
2006,APRIL,SHAWANO,LESSOR TOWN WARD 2,SPRING GENERAL,JUSTICE OF THE SUPREME COURT,NONPARTISAN,SCATTERING,7,0
2006,APRIL,SHAWANO,MAPLE GROVE TOWN WARDS 1 & 2,SPRING GENERAL,JUSTICE OF THE SUPREME COURT,NONPARTISAN,PATRICK CROOKS,61,61
2006,APRIL,SHAWANO,MAPLE GROVE TOWN WARDS 1 & 2,SPRING GENERAL,JUSTICE OF THE SUPREME COURT,NONPARTISAN,SCATTERING,61,0
2006,APRIL,SHAWANO,MORRIS TOWN WARD 1,SPRING GENERAL,JUSTICE OF THE SUPREME COURT,NONPARTISAN,PATRICK CROOKS,49,49
2006,APRIL,SHAWANO,MORRIS TOWN WARD 1,SPRING GENERAL,JUSTICE OF THE SUPREME COURT,NONPARTISAN,SCATTERING,49,0
2006,APRIL,SHAWANO,MORRIS TOWN WARD 2,SPRING GENERAL,JUSTICE OF THE SUPREME COURT,NONPARTISAN,PATRICK CROOKS,34,34
2006,APRIL,SHAWANO,MORRIS TOWN WARD 2,SPRING GENERAL,JUSTICE OF THE SUPREME COURT,NONPARTISAN,SCATTERING,34,0
2006,APRIL,SHAWANO,NAVARINO TOWN WARD 1,SPRING GENERAL,JUSTICE OF THE SUPREME COURT,NONPARTISAN,PATRICK CROOKS,50,50
2006,APRIL,SHAWANO,NAVARINO TOWN WARD 1,SPRING GENERAL,JUSTICE OF THE SUPREME COURT,NONPARTISAN,SCATTERING,50,0
2006,APRIL,SHAWANO,PELLA TOWN WARD 1,SPRING GENERAL,JUSTICE OF THE SUPREME COURT,NONPARTISAN,PATRICK CROOKS,65,65
2006,APRIL,SHAWANO,PELLA TOWN WARD 1,SPRING GENERAL,JUSTICE OF THE SUPREME COURT,NONPARTISAN,SCATTERING,65,0
2006,APRIL,SHAWANO,RED SPRINGS TOWN WARD 1,SPRING GENERAL,JUSTICE OF THE SUPREME COURT,NONPARTISAN,PATRICK CROOKS,171,171
2006,APRIL,SHAWANO,RED SPRINGS TOWN WARD 1,SPRING GENERAL,JUSTICE OF THE SUPREME COURT,NONPARTISAN,SCATTERING,171,0
2006,APRIL,SHAWANO,RICHMOND TOWN WARD 1,SPRING GENERAL,JUSTICE OF THE SUPREME COURT,NONPARTISAN,PATRICK CROOKS,107,107
2006,APRIL,SHAWANO,RICHMOND TOWN WARD 1,SPRING GENERAL,JUSTICE OF THE SUPREME COURT,NONPARTISAN,SCATTERING,107,0
2006,APRIL,SHAWANO,RICHMOND TOWN WARD 2,SPRING GENERAL,JUSTICE OF THE SUPREME COURT,NONPARTISAN,PATRICK CROOKS,91,91
2006,APRIL,SHAWANO,RICHMOND TOWN WARD 2,SPRING GENERAL,JUSTICE OF THE SUPREME COURT,NONPARTISAN,SCATTERING,91,0
2006,APRIL,SHAWANO,RICHMOND TOWN WARD 3,SPRING GENERAL,JUSTICE OF THE SUPREME COURT,NONPARTISAN,PATRICK CROOKS,120,120
2006,APRIL,SHAWANO,RICHMOND TOWN WARD 3,SPRING GENERAL,JUSTICE OF THE SUPREME COURT,NONPARTISAN,SCATTERING,120,0
2006,APRIL,SHAWANO,SENECA TOWN WARD 1,SPRING GENERAL,JUSTICE OF THE SUPREME COURT,NONPARTISAN,PATRICK CROOKS,69,69
2006,APRIL,SHAWANO,SENECA TOWN WARD 1,SPRING GENERAL,JUSTICE OF THE SUPREME COURT,NONPARTISAN,SCATTERING,69,0
2006,APRIL,SHAWANO,WASHINGTON TOWN WARD 1,SPRING GENERAL,JUSTICE OF THE SUPREME COURT,NONPARTISAN,PATRICK CROOKS,71,71
2006,APRIL,SHAWANO,WASHINGTON TOWN WARD 1,SPRING GENERAL,JUSTICE OF THE SUPREME COURT,NONPARTISAN,SCATTERING,71,0
2006,APRIL,SHAWANO,WASHINGTON TOWN WARD 2,SPRING GENERAL,JUSTICE OF THE SUPREME COURT,NONPARTISAN,PATRICK CROOKS,79,79
2006,APRIL,SHAWANO,WASHINGTON TOWN WARD 2,SPRING GENERAL,JUSTICE OF THE SUPREME COURT,NONPARTISAN,SCATTERING,79,0
2006,APRIL,SHAWANO,WAUKECHON TOWN WARD 1,SPRING GENERAL,JUSTICE OF THE SUPREME COURT,NONPARTISAN,PATRICK CROOKS,62,62
2006,APRIL,SHAWANO,WAUKECHON TOWN WARD 1,SPRING GENERAL,JUSTICE OF THE SUPREME COURT,NONPARTISAN,SCATTERING,62,0
2006,APRIL,SHAWANO,WAUKECHON TOWN WARD 2,SPRING GENERAL,JUSTICE OF THE SUPREME COURT,NONPARTISAN,PATRICK CROOKS,79,78
2006,APRIL,SHAWANO,WAUKECHON TOWN WARD 2,SPRING GENERAL,JUSTICE OF THE SUPREME COURT,NONPARTISAN,SCATTERING,79,1
2006,APRIL,SHAWANO,WESCOTT TOWN WARDS 1 & 2,SPRING GENERAL,JUSTICE OF THE SUPREME COURT,NONPARTISAN,PATRICK CROOKS,185,184
2006,APRIL,SHAWANO,WESCOTT TOWN WARDS 1 & 2,SPRING GENERAL,JUSTICE OF THE SUPREME COURT,NONPARTISAN,SCATTERING,185,1
2006,APRIL,SHAWANO,WESCOTT TOWN WARDS 3 & 4,SPRING GENERAL,JUSTICE OF THE SUPREME COURT,NONPARTISAN,PATRICK CROOKS,144,140
2006,APRIL,SHAWANO,WESCOTT TOWN WARDS 3 & 4,SPRING GENERAL,JUSTICE OF THE SUPREME COURT,NONPARTISAN,SCATTERING,144,4
2006,APRIL,SHAWANO,WESCOTT TOWN WARD 5,SPRING GENERAL,JUSTICE OF THE SUPREME COURT,NONPARTISAN,PATRICK CROOKS,97,97
2006,APRIL,SHAWANO,WESCOTT TOWN WARD 5,SPRING GENERAL,JUSTICE OF THE SUPREME COURT,NONPARTISAN,SCATTERING,97,0
2006,APRIL,SHAWANO,WITTENBERG TOWN WARD 1,SPRING GENERAL,JUSTICE OF THE SUPREME COURT,NONPARTISAN,PATRICK CROOKS,28,28
2006,APRIL,SHAWANO,WITTENBERG TOWN WARD 1,SPRING GENERAL,JUSTICE OF THE SUPREME COURT,NONPARTISAN,SCATTERING,28,0
2006,APRIL,SHAWANO,WITTENBERG TOWN WARD 2,SPRING GENERAL,JUSTICE OF THE SUPREME COURT,NONPARTISAN,PATRICK CROOKS,25,25
2006,APRIL,SHAWANO,WITTENBERG TOWN WARD 2,SPRING GENERAL,JUSTICE OF THE SUPREME COURT,NONPARTISAN,SCATTERING,25,0
2006,APRIL,SHAWANO,ANIWA VILLAGE WARD 1,SPRING GENERAL,JUSTICE OF THE SUPREME COURT,NONPARTISAN,PATRICK CROOKS,32,32
2006,APRIL,SHAWANO,ANIWA VILLAGE WARD 1,SPRING GENERAL,JUSTICE OF THE SUPREME COURT,NONPARTISAN,SCATTERING,32,0
2006,APRIL,SHAWANO,BIRNAMWOOD VILLAGE WARD 1,SPRING GENERAL,JUSTICE OF THE SUPREME COURT,NONPARTISAN,PATRICK CROOKS,32,32
2006,APRIL,SHAWANO,BIRNAMWOOD VILLAGE WARD 1,SPRING GENERAL,JUSTICE OF THE SUPREME COURT,NONPARTISAN,SCATTERING,32,0
2006,APRIL,SHAWANO,BONDUEL VILLAGE WARDS 1 & 2,SPRING GENERAL,JUSTICE OF THE SUPREME COURT,NONPARTISAN,PATRICK CROOKS,145,145
2006,APRIL,SHAWANO,BONDUEL VILLAGE WARDS 1 & 2,SPRING GENERAL,JUSTICE OF THE SUPREME COURT,NONPARTISAN,SCATTERING,145,0
2006,APRIL,SHAWANO,BOWLER VILLAGE WARD 1,SPRING GENERAL,JUSTICE OF THE SUPREME COURT,NONPARTISAN,PATRICK CROOKS,52,52
2006,APRIL,SHAWANO,BOWLER VILLAGE WARD 1,SPRING GENERAL,JUSTICE OF THE SUPREME COURT,NONPARTISAN,SCATTERING,52,0
2006,APRIL,SHAWANO,CECIL VILLAGE WARD 1,SPRING GENERAL,JUSTICE OF THE SUPREME COURT,NONPARTISAN,PATRICK CROOKS,63,63
2006,APRIL,SHAWANO,CECIL VILLAGE WARD 1,SPRING GENERAL,JUSTICE OF THE SUPREME COURT,NONPARTISAN,SCATTERING,63,0
2006,APRIL,SHAWANO,ELAND VILLAGE WARD 1,SPRING GENERAL,JUSTICE OF THE SUPREME COURT,NONPARTISAN,PATRICK CROOKS,77,77
2006,APRIL,SHAWANO,ELAND VILLAGE WARD 1,SPRING GENERAL,JUSTICE OF THE SUPREME COURT,NONPARTISAN,SCATTERING,77,0
2006,APRIL,SHAWANO,GRESHAM VILLAGE WARD 1,SPRING GENERAL,JUSTICE OF THE SUPREME COURT,NONPARTISAN,PATRICK CROOKS,99,99
2006,APRIL,SHAWANO,GRESHAM VILLAGE WARD 1,SPRING GENERAL,JUSTICE OF THE SUPREME COURT,NONPARTISAN,SCATTERING,99,0
2006,APRIL,SHAWANO,MATTOON VILLAGE WARD 1,SPRING GENERAL,JUSTICE OF THE SUPREME COURT,NONPARTISAN,PATRICK CROOKS,59,59
2006,APRIL,SHAWANO,MATTOON VILLAGE WARD 1,SPRING GENERAL,JUSTICE OF THE SUPREME COURT,NONPARTISAN,SCATTERING,59,0
2006,APRIL,SHAWANO,PULASKI VILLAGE WARDS 4 & 7,SPRING GENERAL,JUSTICE OF THE SUPREME COURT,NONPARTISAN,PATRICK CROOKS,5,5
2006,APRIL,SHAWANO,PULASKI VILLAGE WARDS 4 & 7,SPRING GENERAL,JUSTICE OF THE SUPREME COURT,NONPARTISAN,SCATTERING,5,0
2006,APRIL,SHAWANO,TIGERTON VILLAGE WARD 1,SPRING GENERAL,JUSTICE OF THE SUPREME COURT,NONPARTISAN,PATRICK CROOKS,123,123
2006,APRIL,SHAWANO,TIGERTON VILLAGE WARD 1,SPRING GENERAL,JUSTICE OF THE SUPREME COURT,NONPARTISAN,SCATTERING,123,0
2006,APRIL,SHAWANO,WITTENBERG VILLAGE WARD 1,SPRING GENERAL,JUSTICE OF THE SUPREME COURT,NONPARTISAN,PATRICK CROOKS,80,80
2006,APRIL,SHAWANO,WITTENBERG VILLAGE WARD 1,SPRING GENERAL,JUSTICE OF THE SUPREME COURT,NONPARTISAN,SCATTERING,80,0
2006,APRIL,SHAWANO,WITTENBERG VILLAGE WARD 2,SPRING GENERAL,JUSTICE OF THE SUPREME COURT,NONPARTISAN,PATRICK CROOKS,74,73
2006,APRIL,SHAWANO,WITTENBERG VILLAGE WARD 2,SPRING GENERAL,JUSTICE OF THE SUPREME COURT,NONPARTISAN,SCATTERING,74,1
2006,APRIL,SHAWANO,MARION CITY WARDS 4 - 6,SPRING GENERAL,JUSTICE OF THE SUPREME COURT,NONPARTISAN,PATRICK CROOKS,2,2
2006,APRIL,SHAWANO,MARION CITY WARDS 4 - 6,SPRING GENERAL,JUSTICE OF THE SUPREME COURT,NONPARTISAN,SCATTERING,2,0
2006,APRIL,SHAWANO,SHAWANO CITY WARDS 1 & 2,SPRING GENERAL,JUSTICE OF THE SUPREME COURT,NONPARTISAN,PATRICK CROOKS,118,118
2006,APRIL,SHAWANO,SHAWANO CITY WARDS 1 & 2,SPRING GENERAL,JUSTICE OF THE SUPREME COURT,NONPARTISAN,SCATTERING,118,0
2006,APRIL,SHAWANO,SHAWANO CITY WARDS 3 & 4,SPRING GENERAL,JUSTICE OF THE SUPREME COURT,NONPARTISAN,PATRICK CROOKS,91,91
2006,APRIL,SHAWANO,SHAWANO CITY WARDS 3 & 4,SPRING GENERAL,JUSTICE OF THE SUPREME COURT,NONPARTISAN,SCATTERING,91,0
2006,APRIL,SHAWANO,SHAWANO CITY WARDS 5 & 6,SPRING GENERAL,JUSTICE OF THE SUPREME COURT,NONPARTISAN,PATRICK CROOKS,92,92
2006,APRIL,SHAWANO,SHAWANO CITY WARDS 5 & 6,SPRING GENERAL,JUSTICE OF THE SUPREME COURT,NONPARTISAN,SCATTERING,92,0
2006,APRIL,SHAWANO,SHAWANO CITY WARDS 7 & 8,SPRING GENERAL,JUSTICE OF THE SUPREME COURT,NONPARTISAN,PATRICK CROOKS,100,100
2006,APRIL,SHAWANO,SHAWANO CITY WARDS 7 & 8,SPRING GENERAL,JUSTICE OF THE SUPREME COURT,NONPARTISAN,SCATTERING,100,0
2006,APRIL,SHAWANO,SHAWANO CITY WARDS 9 & 10,SPRING GENERAL,JUSTICE OF THE SUPREME COURT,NONPARTISAN,PATRICK CROOKS,113,113
2006,APRIL,SHAWANO,SHAWANO CITY WARDS 9 & 10,SPRING GENERAL,JUSTICE OF THE SUPREME COURT,NONPARTISAN,SCATTERING,113,0
2006,APRIL,SHAWANO,SHAWANO CITY WARDS 11 & 12,SPRING GENERAL,JUSTICE OF THE SUPREME COURT,NONPARTISAN,PATRICK CROOKS,167,167
2006,APRIL,SHAWANO,SHAWANO CITY WARDS 11 & 12,SPRING GENERAL,JUSTICE OF THE SUPREME COURT,NONPARTISAN,SCATTERING,167,0
2006,APRIL,SHEBOYGAN,GREENBUSH TOWN WARDS 1 - 4,SPRING GENERAL,JUSTICE OF THE SUPREME COURT,NONPARTISAN,PATRICK CROOKS,166,164
2006,APRIL,SHEBOYGAN,GREENBUSH TOWN WARDS 1 - 4,SPRING GENERAL,JUSTICE OF THE SUPREME COURT,NONPARTISAN,SCATTERING,166,2
2006,APRIL,SHEBOYGAN,HERMAN TOWN WARDS 1 - 3,SPRING GENERAL,JUSTICE OF THE SUPREME COURT,NONPARTISAN,PATRICK CROOKS,114,114
2006,APRIL,SHEBOYGAN,HERMAN TOWN WARDS 1 - 3,SPRING GENERAL,JUSTICE OF THE SUPREME COURT,NONPARTISAN,SCATTERING,114,0
2006,APRIL,SHEBOYGAN,HOLLAND TOWN WARDS 1 - 4,SPRING GENERAL,JUSTICE OF THE SUPREME COURT,NONPARTISAN,PATRICK CROOKS,557,554
2006,APRIL,SHEBOYGAN,HOLLAND TOWN WARDS 1 - 4,SPRING GENERAL,JUSTICE OF THE SUPREME COURT,NONPARTISAN,SCATTERING,557,3
2006,APRIL,SHEBOYGAN,LIMA TOWN WARDS 1 - 4,SPRING GENERAL,JUSTICE OF THE SUPREME COURT,NONPARTISAN,PATRICK CROOKS,945,944
2006,APRIL,SHEBOYGAN,LIMA TOWN WARDS 1 - 4,SPRING GENERAL,JUSTICE OF THE SUPREME COURT,NONPARTISAN,SCATTERING,945,1
2006,APRIL,SHEBOYGAN,LYNDON TOWN WARDS 1 & 2,SPRING GENERAL,JUSTICE OF THE SUPREME COURT,NONPARTISAN,PATRICK CROOKS,326,325
2006,APRIL,SHEBOYGAN,LYNDON TOWN WARDS 1 & 2,SPRING GENERAL,JUSTICE OF THE SUPREME COURT,NONPARTISAN,SCATTERING,326,1
2006,APRIL,SHEBOYGAN,MITCHELL TOWN WARDS 1 & 2,SPRING GENERAL,JUSTICE OF THE SUPREME COURT,NONPARTISAN,PATRICK CROOKS,128,128
2006,APRIL,SHEBOYGAN,MITCHELL TOWN WARDS 1 & 2,SPRING GENERAL,JUSTICE OF THE SUPREME COURT,NONPARTISAN,SCATTERING,128,0
2006,APRIL,SHEBOYGAN,MOSEL TOWN WARD 1,SPRING GENERAL,JUSTICE OF THE SUPREME COURT,NONPARTISAN,PATRICK CROOKS,131,131
2006,APRIL,SHEBOYGAN,MOSEL TOWN WARD 1,SPRING GENERAL,JUSTICE OF THE SUPREME COURT,NONPARTISAN,SCATTERING,131,0
2006,APRIL,SHEBOYGAN,PLYMOUTH TOWN WARDS 1 - 4,SPRING GENERAL,JUSTICE OF THE SUPREME COURT,NONPARTISAN,PATRICK CROOKS,478,476
2006,APRIL,SHEBOYGAN,PLYMOUTH TOWN WARDS 1 - 4,SPRING GENERAL,JUSTICE OF THE SUPREME COURT,NONPARTISAN,SCATTERING,478,2
2006,APRIL,SHEBOYGAN,RHINE TOWN WARDS 1 - 3,SPRING GENERAL,JUSTICE OF THE SUPREME COURT,NONPARTISAN,PATRICK CROOKS,402,399
2006,APRIL,SHEBOYGAN,RHINE TOWN WARDS 1 - 3,SPRING GENERAL,JUSTICE OF THE SUPREME COURT,NONPARTISAN,SCATTERING,402,3
2006,APRIL,SHEBOYGAN,RUSSELL TOWN WARD 1,SPRING GENERAL,JUSTICE OF THE SUPREME COURT,NONPARTISAN,PATRICK CROOKS,56,56
2006,APRIL,SHEBOYGAN,RUSSELL TOWN WARD 1,SPRING GENERAL,JUSTICE OF THE SUPREME COURT,NONPARTISAN,SCATTERING,56,0
2006,APRIL,SHEBOYGAN,SCOTT TOWN WARDS 1 & 2,SPRING GENERAL,JUSTICE OF THE SUPREME COURT,NONPARTISAN,PATRICK CROOKS,382,380
2006,APRIL,SHEBOYGAN,SCOTT TOWN WARDS 1 & 2,SPRING GENERAL,JUSTICE OF THE SUPREME COURT,NONPARTISAN,SCATTERING,382,2
2006,APRIL,SHEBOYGAN,SHEBOYGAN TOWN WARDS 1 - 4,SPRING GENERAL,JUSTICE OF THE SUPREME COURT,NONPARTISAN,PATRICK CROOKS,545,545
2006,APRIL,SHEBOYGAN,SHEBOYGAN TOWN WARDS 1 - 4,SPRING GENERAL,JUSTICE OF THE SUPREME COURT,NONPARTISAN,SCATTERING,545,0
2006,APRIL,SHEBOYGAN,SHEBOYGAN TOWN WARDS 5 - 7,SPRING GENERAL,JUSTICE OF THE SUPREME COURT,NONPARTISAN,PATRICK CROOKS,588,586
2006,APRIL,SHEBOYGAN,SHEBOYGAN TOWN WARDS 5 - 7,SPRING GENERAL,JUSTICE OF THE SUPREME COURT,NONPARTISAN,SCATTERING,588,2
2006,APRIL,SHEBOYGAN,SHEBOYGAN FALLS TOWN WARDS 1 & 2,SPRING GENERAL,JUSTICE OF THE SUPREME COURT,NONPARTISAN,PATRICK CROOKS,479,479
2006,APRIL,SHEBOYGAN,SHEBOYGAN FALLS TOWN WARDS 1 & 2,SPRING GENERAL,JUSTICE OF THE SUPREME COURT,NONPARTISAN,SCATTERING,479,0
2006,APRIL,SHEBOYGAN,SHERMAN TOWN WARDS 1 & 2,SPRING GENERAL,JUSTICE OF THE SUPREME COURT,NONPARTISAN,PATRICK CROOKS,342,341
2006,APRIL,SHEBOYGAN,SHERMAN TOWN WARDS 1 & 2,SPRING GENERAL,JUSTICE OF THE SUPREME COURT,NONPARTISAN,SCATTERING,342,1
2006,APRIL,SHEBOYGAN,WILSON TOWN WARDS 1 - 4,SPRING GENERAL,JUSTICE OF THE SUPREME COURT,NONPARTISAN,PATRICK CROOKS,401,398
2006,APRIL,SHEBOYGAN,WILSON TOWN WARDS 1 - 4,SPRING GENERAL,JUSTICE OF THE SUPREME COURT,NONPARTISAN,SCATTERING,401,3
2006,APRIL,SHEBOYGAN,ADELL VILLAGE WARD 1,SPRING GENERAL,JUSTICE OF THE SUPREME COURT,NONPARTISAN,PATRICK CROOKS,127,127
2006,APRIL,SHEBOYGAN,ADELL VILLAGE WARD 1,SPRING GENERAL,JUSTICE OF THE SUPREME COURT,NONPARTISAN,SCATTERING,127,0
2006,APRIL,SHEBOYGAN,CASCADE VILLAGE WARD 1,SPRING GENERAL,JUSTICE OF THE SUPREME COURT,NONPARTISAN,PATRICK CROOKS,105,104
2006,APRIL,SHEBOYGAN,CASCADE VILLAGE WARD 1,SPRING GENERAL,JUSTICE OF THE SUPREME COURT,NONPARTISAN,SCATTERING,105,1
2006,APRIL,SHEBOYGAN,CEDAR GROVE VILLAGE WARDS 1 & 2,SPRING GENERAL,JUSTICE OF THE SUPREME COURT,NONPARTISAN,PATRICK CROOKS,162,161
2006,APRIL,SHEBOYGAN,CEDAR GROVE VILLAGE WARDS 1 & 2,SPRING GENERAL,JUSTICE OF THE SUPREME COURT,NONPARTISAN,SCATTERING,162,1
2006,APRIL,SHEBOYGAN,ELKHART LAKE VILLAGE WARDS 1 - 3,SPRING GENERAL,JUSTICE OF THE SUPREME COURT,NONPARTISAN,PATRICK CROOKS,208,208
2006,APRIL,SHEBOYGAN,ELKHART LAKE VILLAGE WARDS 1 - 3,SPRING GENERAL,JUSTICE OF THE SUPREME COURT,NONPARTISAN,SCATTERING,208,0
2006,APRIL,SHEBOYGAN,GLENBEULAH VILLAGE WARD 1,SPRING GENERAL,JUSTICE OF THE SUPREME COURT,NONPARTISAN,PATRICK CROOKS,74,74
2006,APRIL,SHEBOYGAN,GLENBEULAH VILLAGE WARD 1,SPRING GENERAL,JUSTICE OF THE SUPREME COURT,NONPARTISAN,SCATTERING,74,0
2006,APRIL,SHEBOYGAN,HOWARDS GROVE VILLAGE WARDS 1 - 3,SPRING GENERAL,JUSTICE OF THE SUPREME COURT,NONPARTISAN,PATRICK CROOKS,259,259
2006,APRIL,SHEBOYGAN,HOWARDS GROVE VILLAGE WARDS 1 - 3,SPRING GENERAL,JUSTICE OF THE SUPREME COURT,NONPARTISAN,SCATTERING,259,0
2006,APRIL,SHEBOYGAN,KOHLER VILLAGE WARDS 1 - 3,SPRING GENERAL,JUSTICE OF THE SUPREME COURT,NONPARTISAN,PATRICK CROOKS,438,437
2006,APRIL,SHEBOYGAN,KOHLER VILLAGE WARDS 1 - 3,SPRING GENERAL,JUSTICE OF THE SUPREME COURT,NONPARTISAN,SCATTERING,438,1
2006,APRIL,SHEBOYGAN,OOSTBURG VILLAGE WARDS 1 - 4,SPRING GENERAL,JUSTICE OF THE SUPREME COURT,NONPARTISAN,PATRICK CROOKS,1066,1064
2006,APRIL,SHEBOYGAN,OOSTBURG VILLAGE WARDS 1 - 4,SPRING GENERAL,JUSTICE OF THE SUPREME COURT,NONPARTISAN,SCATTERING,1066,2
2006,APRIL,SHEBOYGAN,RANDOM LAKE VILLAGE WARDS 1 & 2,SPRING GENERAL,JUSTICE OF THE SUPREME COURT,NONPARTISAN,PATRICK CROOKS,356,356
2006,APRIL,SHEBOYGAN,RANDOM LAKE VILLAGE WARDS 1 & 2,SPRING GENERAL,JUSTICE OF THE SUPREME COURT,NONPARTISAN,SCATTERING,356,0
2006,APRIL,SHEBOYGAN,WALDO VILLAGE WARD 1,SPRING GENERAL,JUSTICE OF THE SUPREME COURT,NONPARTISAN,PATRICK CROOKS,116,116
2006,APRIL,SHEBOYGAN,WALDO VILLAGE WARD 1,SPRING GENERAL,JUSTICE OF THE SUPREME COURT,NONPARTISAN,SCATTERING,116,0
2006,APRIL,SHEBOYGAN,PLYMOUTH CITY WARDS 1 - 3,SPRING GENERAL,JUSTICE OF THE SUPREME COURT,NONPARTISAN,PATRICK CROOKS,332,330
2006,APRIL,SHEBOYGAN,PLYMOUTH CITY WARDS 1 - 3,SPRING GENERAL,JUSTICE OF THE SUPREME COURT,NONPARTISAN,SCATTERING,332,2
2006,APRIL,SHEBOYGAN,PLYMOUTH CITY WARDS 4 & 5,SPRING GENERAL,JUSTICE OF THE SUPREME COURT,NONPARTISAN,PATRICK CROOKS,366,363
2006,APRIL,SHEBOYGAN,PLYMOUTH CITY WARDS 4 & 5,SPRING GENERAL,JUSTICE OF THE SUPREME COURT,NONPARTISAN,SCATTERING,366,3
2006,APRIL,SHEBOYGAN,PLYMOUTH CITY WARDS 6 - 8,SPRING GENERAL,JUSTICE OF THE SUPREME COURT,NONPARTISAN,PATRICK CROOKS,464,464
2006,APRIL,SHEBOYGAN,PLYMOUTH CITY WARDS 6 - 8,SPRING GENERAL,JUSTICE OF THE SUPREME COURT,NONPARTISAN,SCATTERING,464,0
2006,APRIL,SHEBOYGAN,PLYMOUTH CITY WARDS 9 & 10,SPRING GENERAL,JUSTICE OF THE SUPREME COURT,NONPARTISAN,PATRICK CROOKS,343,341
2006,APRIL,SHEBOYGAN,PLYMOUTH CITY WARDS 9 & 10,SPRING GENERAL,JUSTICE OF THE SUPREME COURT,NONPARTISAN,SCATTERING,343,2
2006,APRIL,SHEBOYGAN,SHEBOYGAN CITY WARD 1,SPRING GENERAL,JUSTICE OF THE SUPREME COURT,NONPARTISAN,PATRICK CROOKS,467,467
2006,APRIL,SHEBOYGAN,SHEBOYGAN CITY WARD 1,SPRING GENERAL,JUSTICE OF THE SUPREME COURT,NONPARTISAN,SCATTERING,467,0
2006,APRIL,SHEBOYGAN,SHEBOYGAN CITY WARD 2,SPRING GENERAL,JUSTICE OF THE SUPREME COURT,NONPARTISAN,PATRICK CROOKS,429,427
2006,APRIL,SHEBOYGAN,SHEBOYGAN CITY WARD 2,SPRING GENERAL,JUSTICE OF THE SUPREME COURT,NONPARTISAN,SCATTERING,429,2
2006,APRIL,SHEBOYGAN,SHEBOYGAN CITY WARD 3,SPRING GENERAL,JUSTICE OF THE SUPREME COURT,NONPARTISAN,PATRICK CROOKS,296,295
2006,APRIL,SHEBOYGAN,SHEBOYGAN CITY WARD 3,SPRING GENERAL,JUSTICE OF THE SUPREME COURT,NONPARTISAN,SCATTERING,296,1
2006,APRIL,SHEBOYGAN,SHEBOYGAN CITY WARD 4,SPRING GENERAL,JUSTICE OF THE SUPREME COURT,NONPARTISAN,PATRICK CROOKS,300,300
2006,APRIL,SHEBOYGAN,SHEBOYGAN CITY WARD 4,SPRING GENERAL,JUSTICE OF THE SUPREME COURT,NONPARTISAN,SCATTERING,300,0
2006,APRIL,SHEBOYGAN,SHEBOYGAN CITY WARD 5,SPRING GENERAL,JUSTICE OF THE SUPREME COURT,NONPARTISAN,PATRICK CROOKS,200,199
2006,APRIL,SHEBOYGAN,SHEBOYGAN CITY WARD 5,SPRING GENERAL,JUSTICE OF THE SUPREME COURT,NONPARTISAN,SCATTERING,200,1
2006,APRIL,SHEBOYGAN,SHEBOYGAN CITY WARD 6,SPRING GENERAL,JUSTICE OF THE SUPREME COURT,NONPARTISAN,PATRICK CROOKS,527,527
2006,APRIL,SHEBOYGAN,SHEBOYGAN CITY WARD 6,SPRING GENERAL,JUSTICE OF THE SUPREME COURT,NONPARTISAN,SCATTERING,527,0
2006,APRIL,SHEBOYGAN,SHEBOYGAN CITY WARD 7,SPRING GENERAL,JUSTICE OF THE SUPREME COURT,NONPARTISAN,PATRICK CROOKS,339,337
2006,APRIL,SHEBOYGAN,SHEBOYGAN CITY WARD 7,SPRING GENERAL,JUSTICE OF THE SUPREME COURT,NONPARTISAN,SCATTERING,339,2
2006,APRIL,SHEBOYGAN,SHEBOYGAN CITY WARD 8,SPRING GENERAL,JUSTICE OF THE SUPREME COURT,NONPARTISAN,PATRICK CROOKS,579,575
2006,APRIL,SHEBOYGAN,SHEBOYGAN CITY WARD 8,SPRING GENERAL,JUSTICE OF THE SUPREME COURT,NONPARTISAN,SCATTERING,579,4
2006,APRIL,SHEBOYGAN,SHEBOYGAN CITY WARD 9,SPRING GENERAL,JUSTICE OF THE SUPREME COURT,NONPARTISAN,PATRICK CROOKS,442,436
2006,APRIL,SHEBOYGAN,SHEBOYGAN CITY WARD 9,SPRING GENERAL,JUSTICE OF THE SUPREME COURT,NONPARTISAN,SCATTERING,442,6
2006,APRIL,SHEBOYGAN,SHEBOYGAN CITY WARD 10,SPRING GENERAL,JUSTICE OF THE SUPREME COURT,NONPARTISAN,PATRICK CROOKS,493,492
2006,APRIL,SHEBOYGAN,SHEBOYGAN CITY WARD 10,SPRING GENERAL,JUSTICE OF THE SUPREME COURT,NONPARTISAN,SCATTERING,493,1
2006,APRIL,SHEBOYGAN,SHEBOYGAN CITY WARD 11,SPRING GENERAL,JUSTICE OF THE SUPREME COURT,NONPARTISAN,PATRICK CROOKS,460,459
2006,APRIL,SHEBOYGAN,SHEBOYGAN CITY WARD 11,SPRING GENERAL,JUSTICE OF THE SUPREME COURT,NONPARTISAN,SCATTERING,460,1
2006,APRIL,SHEBOYGAN,SHEBOYGAN CITY WARD 12,SPRING GENERAL,JUSTICE OF THE SUPREME COURT,NONPARTISAN,PATRICK CROOKS,343,343
2006,APRIL,SHEBOYGAN,SHEBOYGAN CITY WARD 12,SPRING GENERAL,JUSTICE OF THE SUPREME COURT,NONPARTISAN,SCATTERING,343,0
2006,APRIL,SHEBOYGAN,SHEBOYGAN CITY WARD 13,SPRING GENERAL,JUSTICE OF THE SUPREME COURT,NONPARTISAN,PATRICK CROOKS,569,569
2006,APRIL,SHEBOYGAN,SHEBOYGAN CITY WARD 13,SPRING GENERAL,JUSTICE OF THE SUPREME COURT,NONPARTISAN,SCATTERING,569,0
2006,APRIL,SHEBOYGAN,SHEBOYGAN CITY WARD 14,SPRING GENERAL,JUSTICE OF THE SUPREME COURT,NONPARTISAN,PATRICK CROOKS,536,535
2006,APRIL,SHEBOYGAN,SHEBOYGAN CITY WARD 14,SPRING GENERAL,JUSTICE OF THE SUPREME COURT,NONPARTISAN,SCATTERING,536,1
2006,APRIL,SHEBOYGAN,SHEBOYGAN CITY WARD 15,SPRING GENERAL,JUSTICE OF THE SUPREME COURT,NONPARTISAN,PATRICK CROOKS,372,371
2006,APRIL,SHEBOYGAN,SHEBOYGAN CITY WARD 15,SPRING GENERAL,JUSTICE OF THE SUPREME COURT,NONPARTISAN,SCATTERING,372,1
2006,APRIL,SHEBOYGAN,SHEBOYGAN CITY WARD 16,SPRING GENERAL,JUSTICE OF THE SUPREME COURT,NONPARTISAN,PATRICK CROOKS,250,248
2006,APRIL,SHEBOYGAN,SHEBOYGAN CITY WARD 16,SPRING GENERAL,JUSTICE OF THE SUPREME COURT,NONPARTISAN,SCATTERING,250,2
2006,APRIL,SHEBOYGAN,SHEBOYGAN CITY WARD 17,SPRING GENERAL,JUSTICE OF THE SUPREME COURT,NONPARTISAN,PATRICK CROOKS,0,0
2006,APRIL,SHEBOYGAN,SHEBOYGAN CITY WARD 17,SPRING GENERAL,JUSTICE OF THE SUPREME COURT,NONPARTISAN,SCATTERING,0,0
2006,APRIL,SHEBOYGAN,SHEBOYGAN CITY WARD 18,SPRING GENERAL,JUSTICE OF THE SUPREME COURT,NONPARTISAN,PATRICK CROOKS,0,0
2006,APRIL,SHEBOYGAN,SHEBOYGAN CITY WARD 18,SPRING GENERAL,JUSTICE OF THE SUPREME COURT,NONPARTISAN,SCATTERING,0,0
2006,APRIL,SHEBOYGAN,SHEBOYGAN CITY WARD 19,SPRING GENERAL,JUSTICE OF THE SUPREME COURT,NONPARTISAN,PATRICK CROOKS,1,1
2006,APRIL,SHEBOYGAN,SHEBOYGAN CITY WARD 19,SPRING GENERAL,JUSTICE OF THE SUPREME COURT,NONPARTISAN,SCATTERING,1,0
2006,APRIL,SHEBOYGAN,SHEBOYGAN CITY WARD 20,SPRING GENERAL,JUSTICE OF THE SUPREME COURT,NONPARTISAN,PATRICK CROOKS,1,1
2006,APRIL,SHEBOYGAN,SHEBOYGAN CITY WARD 20,SPRING GENERAL,JUSTICE OF THE SUPREME COURT,NONPARTISAN,SCATTERING,1,0
2006,APRIL,SHEBOYGAN,SHEBOYGAN CITY WARD 21,SPRING GENERAL,JUSTICE OF THE SUPREME COURT,NONPARTISAN,PATRICK CROOKS,2,2
2006,APRIL,SHEBOYGAN,SHEBOYGAN CITY WARD 21,SPRING GENERAL,JUSTICE OF THE SUPREME COURT,NONPARTISAN,SCATTERING,2,0
2006,APRIL,SHEBOYGAN,SHEBOYGAN CITY WARD 22,SPRING GENERAL,JUSTICE OF THE SUPREME COURT,NONPARTISAN,PATRICK CROOKS,2,2
2006,APRIL,SHEBOYGAN,SHEBOYGAN CITY WARD 22,SPRING GENERAL,JUSTICE OF THE SUPREME COURT,NONPARTISAN,SCATTERING,2,0
2006,APRIL,SHEBOYGAN,SHEBOYGAN CITY WARD 23,SPRING GENERAL,JUSTICE OF THE SUPREME COURT,NONPARTISAN,PATRICK CROOKS,0,0
2006,APRIL,SHEBOYGAN,SHEBOYGAN CITY WARD 23,SPRING GENERAL,JUSTICE OF THE SUPREME COURT,NONPARTISAN,SCATTERING,0,0
2006,APRIL,SHEBOYGAN,SHEBOYGAN CITY WARD 24,SPRING GENERAL,JUSTICE OF THE SUPREME COURT,NONPARTISAN,PATRICK CROOKS,0,0
2006,APRIL,SHEBOYGAN,SHEBOYGAN CITY WARD 24,SPRING GENERAL,JUSTICE OF THE SUPREME COURT,NONPARTISAN,SCATTERING,0,0
2006,APRIL,SHEBOYGAN,SHEBOYGAN CITY WARD 25,SPRING GENERAL,JUSTICE OF THE SUPREME COURT,NONPARTISAN,PATRICK CROOKS,0,0
2006,APRIL,SHEBOYGAN,SHEBOYGAN CITY WARD 25,SPRING GENERAL,JUSTICE OF THE SUPREME COURT,NONPARTISAN,SCATTERING,0,0
2006,APRIL,SHEBOYGAN,"SHEBOYGAN FALLS CITY WARDS 1, 2 & 9",SPRING GENERAL,JUSTICE OF THE SUPREME COURT,NONPARTISAN,PATRICK CROOKS,960,960
2006,APRIL,SHEBOYGAN,"SHEBOYGAN FALLS CITY WARDS 1, 2 & 9",SPRING GENERAL,JUSTICE OF THE SUPREME COURT,NONPARTISAN,SCATTERING,960,0
2006,APRIL,SHEBOYGAN,"SHEBOYGAN FALLS CITY WARDS 3, 4 & 10",SPRING GENERAL,JUSTICE OF THE SUPREME COURT,NONPARTISAN,PATRICK CROOKS,581,581
2006,APRIL,SHEBOYGAN,"SHEBOYGAN FALLS CITY WARDS 3, 4 & 10",SPRING GENERAL,JUSTICE OF THE SUPREME COURT,NONPARTISAN,SCATTERING,581,0
2006,APRIL,SHEBOYGAN,SHEBOYGAN FALLS CITY WARDS 5 - 8,SPRING GENERAL,JUSTICE OF THE SUPREME COURT,NONPARTISAN,PATRICK CROOKS,516,516
2006,APRIL,SHEBOYGAN,SHEBOYGAN FALLS CITY WARDS 5 - 8,SPRING GENERAL,JUSTICE OF THE SUPREME COURT,NONPARTISAN,SCATTERING,516,0
2006,APRIL,ST. CROIX,BALDWIN TOWN WARD 1,SPRING GENERAL,JUSTICE OF THE SUPREME COURT,NONPARTISAN,PATRICK CROOKS,94,93
2006,APRIL,ST. CROIX,BALDWIN TOWN WARD 1,SPRING GENERAL,JUSTICE OF THE SUPREME COURT,NONPARTISAN,SCATTERING,94,1
2006,APRIL,ST. CROIX,CADY TOWN WARD 1,SPRING GENERAL,JUSTICE OF THE SUPREME COURT,NONPARTISAN,PATRICK CROOKS,43,43
2006,APRIL,ST. CROIX,CADY TOWN WARD 1,SPRING GENERAL,JUSTICE OF THE SUPREME COURT,NONPARTISAN,SCATTERING,43,0
2006,APRIL,ST. CROIX,CYLON TOWN WARD 1,SPRING GENERAL,JUSTICE OF THE SUPREME COURT,NONPARTISAN,PATRICK CROOKS,69,69
2006,APRIL,ST. CROIX,CYLON TOWN WARD 1,SPRING GENERAL,JUSTICE OF THE SUPREME COURT,NONPARTISAN,SCATTERING,69,0
2006,APRIL,ST. CROIX,EAU GALLE TOWN WARDS 1 & 2,SPRING GENERAL,JUSTICE OF THE SUPREME COURT,NONPARTISAN,PATRICK CROOKS,81,81
2006,APRIL,ST. CROIX,EAU GALLE TOWN WARDS 1 & 2,SPRING GENERAL,JUSTICE OF THE SUPREME COURT,NONPARTISAN,SCATTERING,81,0
2006,APRIL,ST. CROIX,EMERALD TOWN WARDS 1 & 2,SPRING GENERAL,JUSTICE OF THE SUPREME COURT,NONPARTISAN,PATRICK CROOKS,49,49
2006,APRIL,ST. CROIX,EMERALD TOWN WARDS 1 & 2,SPRING GENERAL,JUSTICE OF THE SUPREME COURT,NONPARTISAN,SCATTERING,49,0
2006,APRIL,ST. CROIX,ERIN PRAIRIE TOWN WARD 1,SPRING GENERAL,JUSTICE OF THE SUPREME COURT,NONPARTISAN,PATRICK CROOKS,93,93
2006,APRIL,ST. CROIX,ERIN PRAIRIE TOWN WARD 1,SPRING GENERAL,JUSTICE OF THE SUPREME COURT,NONPARTISAN,SCATTERING,93,0
2006,APRIL,ST. CROIX,FOREST TOWN WARD 1,SPRING GENERAL,JUSTICE OF THE SUPREME COURT,NONPARTISAN,PATRICK CROOKS,46,46
2006,APRIL,ST. CROIX,FOREST TOWN WARD 1,SPRING GENERAL,JUSTICE OF THE SUPREME COURT,NONPARTISAN,SCATTERING,46,0
2006,APRIL,ST. CROIX,GLENWOOD TOWN WARD 1,SPRING GENERAL,JUSTICE OF THE SUPREME COURT,NONPARTISAN,PATRICK CROOKS,30,30
2006,APRIL,ST. CROIX,GLENWOOD TOWN WARD 1,SPRING GENERAL,JUSTICE OF THE SUPREME COURT,NONPARTISAN,SCATTERING,30,0
2006,APRIL,ST. CROIX,HAMMOND TOWN WARD 1,SPRING GENERAL,JUSTICE OF THE SUPREME COURT,NONPARTISAN,PATRICK CROOKS,63,63
2006,APRIL,ST. CROIX,HAMMOND TOWN WARD 1,SPRING GENERAL,JUSTICE OF THE SUPREME COURT,NONPARTISAN,SCATTERING,63,0
2006,APRIL,ST. CROIX,HUDSON TOWN WARDS 1 - 11,SPRING GENERAL,JUSTICE OF THE SUPREME COURT,NONPARTISAN,PATRICK CROOKS,696,694
2006,APRIL,ST. CROIX,HUDSON TOWN WARDS 1 - 11,SPRING GENERAL,JUSTICE OF THE SUPREME COURT,NONPARTISAN,SCATTERING,696,2
2006,APRIL,ST. CROIX,KINNICKINNIC TOWN WARDS 1 - 3,SPRING GENERAL,JUSTICE OF THE SUPREME COURT,NONPARTISAN,PATRICK CROOKS,80,80
2006,APRIL,ST. CROIX,KINNICKINNIC TOWN WARDS 1 - 3,SPRING GENERAL,JUSTICE OF THE SUPREME COURT,NONPARTISAN,SCATTERING,80,0
2006,APRIL,ST. CROIX,PLEASANT VALLEY TOWN WARD 1,SPRING GENERAL,JUSTICE OF THE SUPREME COURT,NONPARTISAN,PATRICK CROOKS,55,54
2006,APRIL,ST. CROIX,PLEASANT VALLEY TOWN WARD 1,SPRING GENERAL,JUSTICE OF THE SUPREME COURT,NONPARTISAN,SCATTERING,55,1
2006,APRIL,ST. CROIX,RICHMOND TOWN WARDS 1 - 3,SPRING GENERAL,JUSTICE OF THE SUPREME COURT,NONPARTISAN,PATRICK CROOKS,278,275
2006,APRIL,ST. CROIX,RICHMOND TOWN WARDS 1 - 3,SPRING GENERAL,JUSTICE OF THE SUPREME COURT,NONPARTISAN,SCATTERING,278,3
2006,APRIL,ST. CROIX,RUSH RIVER TOWN WARD 1,SPRING GENERAL,JUSTICE OF THE SUPREME COURT,NONPARTISAN,PATRICK CROOKS,38,38
2006,APRIL,ST. CROIX,RUSH RIVER TOWN WARD 1,SPRING GENERAL,JUSTICE OF THE SUPREME COURT,NONPARTISAN,SCATTERING,38,0
2006,APRIL,ST. CROIX,ST JOSEPH TOWN WARDS 1 - 7,SPRING GENERAL,JUSTICE OF THE SUPREME COURT,NONPARTISAN,PATRICK CROOKS,367,362
2006,APRIL,ST. CROIX,ST JOSEPH TOWN WARDS 1 - 7,SPRING GENERAL,JUSTICE OF THE SUPREME COURT,NONPARTISAN,SCATTERING,367,5
2006,APRIL,ST. CROIX,SOMERSET TOWN WARDS 1 - 5,SPRING GENERAL,JUSTICE OF THE SUPREME COURT,NONPARTISAN,PATRICK CROOKS,658,652
2006,APRIL,ST. CROIX,SOMERSET TOWN WARDS 1 - 5,SPRING GENERAL,JUSTICE OF THE SUPREME COURT,NONPARTISAN,SCATTERING,658,6
2006,APRIL,ST. CROIX,SPRINGFIELD TOWN WARD 1,SPRING GENERAL,JUSTICE OF THE SUPREME COURT,NONPARTISAN,PATRICK CROOKS,36,36
2006,APRIL,ST. CROIX,SPRINGFIELD TOWN WARD 1,SPRING GENERAL,JUSTICE OF THE SUPREME COURT,NONPARTISAN,SCATTERING,36,0
2006,APRIL,ST. CROIX,STANTON TOWN WARDS 1 & 2,SPRING GENERAL,JUSTICE OF THE SUPREME COURT,NONPARTISAN,PATRICK CROOKS,150,150
2006,APRIL,ST. CROIX,STANTON TOWN WARDS 1 & 2,SPRING GENERAL,JUSTICE OF THE SUPREME COURT,NONPARTISAN,SCATTERING,150,0
2006,APRIL,ST. CROIX,STAR PRAIRIE TOWN WARDS 1 - 5,SPRING GENERAL,JUSTICE OF THE SUPREME COURT,NONPARTISAN,PATRICK CROOKS,454,452
2006,APRIL,ST. CROIX,STAR PRAIRIE TOWN WARDS 1 - 5,SPRING GENERAL,JUSTICE OF THE SUPREME COURT,NONPARTISAN,SCATTERING,454,2
2006,APRIL,ST. CROIX,TROY TOWN WARDS 1 - 7,SPRING GENERAL,JUSTICE OF THE SUPREME COURT,NONPARTISAN,PATRICK CROOKS,253,253
2006,APRIL,ST. CROIX,TROY TOWN WARDS 1 - 7,SPRING GENERAL,JUSTICE OF THE SUPREME COURT,NONPARTISAN,SCATTERING,253,0
2006,APRIL,ST. CROIX,WARREN TOWN WARDS 1 & 2,SPRING GENERAL,JUSTICE OF THE SUPREME COURT,NONPARTISAN,PATRICK CROOKS,84,84
2006,APRIL,ST. CROIX,WARREN TOWN WARDS 1 & 2,SPRING GENERAL,JUSTICE OF THE SUPREME COURT,NONPARTISAN,SCATTERING,84,0
2006,APRIL,ST. CROIX,BALDWIN VILLAGE WARDS 1 - 5,SPRING GENERAL,JUSTICE OF THE SUPREME COURT,NONPARTISAN,PATRICK CROOKS,132,132
2006,APRIL,ST. CROIX,BALDWIN VILLAGE WARDS 1 - 5,SPRING GENERAL,JUSTICE OF THE SUPREME COURT,NONPARTISAN,SCATTERING,132,0
2006,APRIL,ST. CROIX,DEER PARK VILLAGE WARD 1,SPRING GENERAL,JUSTICE OF THE SUPREME COURT,NONPARTISAN,PATRICK CROOKS,23,23
2006,APRIL,ST. CROIX,DEER PARK VILLAGE WARD 1,SPRING GENERAL,JUSTICE OF THE SUPREME COURT,NONPARTISAN,SCATTERING,23,0
2006,APRIL,ST. CROIX,HAMMOND VILLAGE WARDS 1 & 2,SPRING GENERAL,JUSTICE OF THE SUPREME COURT,NONPARTISAN,PATRICK CROOKS,110,109
2006,APRIL,ST. CROIX,HAMMOND VILLAGE WARDS 1 & 2,SPRING GENERAL,JUSTICE OF THE SUPREME COURT,NONPARTISAN,SCATTERING,110,1
2006,APRIL,ST. CROIX,NORTH HUDSON VILLAGE WARDS 1 - 6,SPRING GENERAL,JUSTICE OF THE SUPREME COURT,NONPARTISAN,PATRICK CROOKS,379,378
2006,APRIL,ST. CROIX,NORTH HUDSON VILLAGE WARDS 1 - 6,SPRING GENERAL,JUSTICE OF THE SUPREME COURT,NONPARTISAN,SCATTERING,379,1
2006,APRIL,ST. CROIX,ROBERTS VILLAGE WARDS 1 & 2,SPRING GENERAL,JUSTICE OF THE SUPREME COURT,NONPARTISAN,PATRICK CROOKS,120,119
2006,APRIL,ST. CROIX,ROBERTS VILLAGE WARDS 1 & 2,SPRING GENERAL,JUSTICE OF THE SUPREME COURT,NONPARTISAN,SCATTERING,120,1
2006,APRIL,ST. CROIX,SOMERSET VILLAGE WARDS 1 & 2,SPRING GENERAL,JUSTICE OF THE SUPREME COURT,NONPARTISAN,PATRICK CROOKS,291,284
2006,APRIL,ST. CROIX,SOMERSET VILLAGE WARDS 1 & 2,SPRING GENERAL,JUSTICE OF THE SUPREME COURT,NONPARTISAN,SCATTERING,291,7
2006,APRIL,ST. CROIX,STAR PRAIRIE VILLAGE WARD 1,SPRING GENERAL,JUSTICE OF THE SUPREME COURT,NONPARTISAN,PATRICK CROOKS,67,67
2006,APRIL,ST. CROIX,STAR PRAIRIE VILLAGE WARD 1,SPRING GENERAL,JUSTICE OF THE SUPREME COURT,NONPARTISAN,SCATTERING,67,0
2006,APRIL,ST. CROIX,SPRING VALLEY VILLAGE WARD 3,SPRING GENERAL,JUSTICE OF THE SUPREME COURT,NONPARTISAN,PATRICK CROOKS,0,0
2006,APRIL,ST. CROIX,SPRING VALLEY VILLAGE WARD 3,SPRING GENERAL,JUSTICE OF THE SUPREME COURT,NONPARTISAN,SCATTERING,0,0
2006,APRIL,ST. CROIX,WILSON VILLAGE WARD 1,SPRING GENERAL,JUSTICE OF THE SUPREME COURT,NONPARTISAN,PATRICK CROOKS,59,59
2006,APRIL,ST. CROIX,WILSON VILLAGE WARD 1,SPRING GENERAL,JUSTICE OF THE SUPREME COURT,NONPARTISAN,SCATTERING,59,0
2006,APRIL,ST. CROIX,WOODVILLE VILLAGE WARDS 1 & 2,SPRING GENERAL,JUSTICE OF THE SUPREME COURT,NONPARTISAN,PATRICK CROOKS,97,96
2006,APRIL,ST. CROIX,WOODVILLE VILLAGE WARDS 1 & 2,SPRING GENERAL,JUSTICE OF THE SUPREME COURT,NONPARTISAN,SCATTERING,97,1
2006,APRIL,ST. CROIX,GLENWOOD CITY CITY WARDS 1 & 2,SPRING GENERAL,JUSTICE OF THE SUPREME COURT,NONPARTISAN,PATRICK CROOKS,197,197
2006,APRIL,ST. CROIX,GLENWOOD CITY CITY WARDS 1 & 2,SPRING GENERAL,JUSTICE OF THE SUPREME COURT,NONPARTISAN,SCATTERING,197,0
2006,APRIL,ST. CROIX,HUDSON CITY WARD 1,SPRING GENERAL,JUSTICE OF THE SUPREME COURT,NONPARTISAN,PATRICK CROOKS,36,36
2006,APRIL,ST. CROIX,HUDSON CITY WARD 1,SPRING GENERAL,JUSTICE OF THE SUPREME COURT,NONPARTISAN,SCATTERING,36,0
2006,APRIL,ST. CROIX,HUDSON CITY WARDS 2 & 11,SPRING GENERAL,JUSTICE OF THE SUPREME COURT,NONPARTISAN,PATRICK CROOKS,164,164
2006,APRIL,ST. CROIX,HUDSON CITY WARDS 2 & 11,SPRING GENERAL,JUSTICE OF THE SUPREME COURT,NONPARTISAN,SCATTERING,164,0
2006,APRIL,ST. CROIX,HUDSON CITY WARD 3,SPRING GENERAL,JUSTICE OF THE SUPREME COURT,NONPARTISAN,PATRICK CROOKS,77,76
2006,APRIL,ST. CROIX,HUDSON CITY WARD 3,SPRING GENERAL,JUSTICE OF THE SUPREME COURT,NONPARTISAN,SCATTERING,77,1
2006,APRIL,ST. CROIX,HUDSON CITY WARDS 4 & 5,SPRING GENERAL,JUSTICE OF THE SUPREME COURT,NONPARTISAN,PATRICK CROOKS,131,131
2006,APRIL,ST. CROIX,HUDSON CITY WARDS 4 & 5,SPRING GENERAL,JUSTICE OF THE SUPREME COURT,NONPARTISAN,SCATTERING,131,0
2006,APRIL,ST. CROIX,HUDSON CITY WARDS 6 & 7,SPRING GENERAL,JUSTICE OF THE SUPREME COURT,NONPARTISAN,PATRICK CROOKS,350,348
2006,APRIL,ST. CROIX,HUDSON CITY WARDS 6 & 7,SPRING GENERAL,JUSTICE OF THE SUPREME COURT,NONPARTISAN,SCATTERING,350,2
2006,APRIL,ST. CROIX,HUDSON CITY WARDS 8 - 10,SPRING GENERAL,JUSTICE OF THE SUPREME COURT,NONPARTISAN,PATRICK CROOKS,246,240
2006,APRIL,ST. CROIX,HUDSON CITY WARDS 8 - 10,SPRING GENERAL,JUSTICE OF THE SUPREME COURT,NONPARTISAN,SCATTERING,246,6
2006,APRIL,ST. CROIX,HUDSON CITY WARD 12,SPRING GENERAL,JUSTICE OF THE SUPREME COURT,NONPARTISAN,PATRICK CROOKS,104,103
2006,APRIL,ST. CROIX,HUDSON CITY WARD 12,SPRING GENERAL,JUSTICE OF THE SUPREME COURT,NONPARTISAN,SCATTERING,104,1
2006,APRIL,ST. CROIX,HUDSON CITY WARDS 13 & 14,SPRING GENERAL,JUSTICE OF THE SUPREME COURT,NONPARTISAN,PATRICK CROOKS,318,314
2006,APRIL,ST. CROIX,HUDSON CITY WARDS 13 & 14,SPRING GENERAL,JUSTICE OF THE SUPREME COURT,NONPARTISAN,SCATTERING,318,4
2006,APRIL,ST. CROIX,NEW RICHMOND CITY WARDS 1 & 2,SPRING GENERAL,JUSTICE OF THE SUPREME COURT,NONPARTISAN,PATRICK CROOKS,117,114
2006,APRIL,ST. CROIX,NEW RICHMOND CITY WARDS 1 & 2,SPRING GENERAL,JUSTICE OF THE SUPREME COURT,NONPARTISAN,SCATTERING,117,3
2006,APRIL,ST. CROIX,NEW RICHMOND CITY WARD 3,SPRING GENERAL,JUSTICE OF THE SUPREME COURT,NONPARTISAN,PATRICK CROOKS,52,51
2006,APRIL,ST. CROIX,NEW RICHMOND CITY WARD 3,SPRING GENERAL,JUSTICE OF THE SUPREME COURT,NONPARTISAN,SCATTERING,52,1
2006,APRIL,ST. CROIX,NEW RICHMOND CITY WARD 4,SPRING GENERAL,JUSTICE OF THE SUPREME COURT,NONPARTISAN,PATRICK CROOKS,77,76
2006,APRIL,ST. CROIX,NEW RICHMOND CITY WARD 4,SPRING GENERAL,JUSTICE OF THE SUPREME COURT,NONPARTISAN,SCATTERING,77,1
2006,APRIL,ST. CROIX,NEW RICHMOND CITY WARDS 5 & 6,SPRING GENERAL,JUSTICE OF THE SUPREME COURT,NONPARTISAN,PATRICK CROOKS,95,94
2006,APRIL,ST. CROIX,NEW RICHMOND CITY WARDS 5 & 6,SPRING GENERAL,JUSTICE OF THE SUPREME COURT,NONPARTISAN,SCATTERING,95,1
2006,APRIL,ST. CROIX,NEW RICHMOND CITY WARD 7,SPRING GENERAL,JUSTICE OF THE SUPREME COURT,NONPARTISAN,PATRICK CROOKS,79,79
2006,APRIL,ST. CROIX,NEW RICHMOND CITY WARD 7,SPRING GENERAL,JUSTICE OF THE SUPREME COURT,NONPARTISAN,SCATTERING,79,0
2006,APRIL,ST. CROIX,NEW RICHMOND CITY WARD 8,SPRING GENERAL,JUSTICE OF THE SUPREME COURT,NONPARTISAN,PATRICK CROOKS,75,74
2006,APRIL,ST. CROIX,NEW RICHMOND CITY WARD 8,SPRING GENERAL,JUSTICE OF THE SUPREME COURT,NONPARTISAN,SCATTERING,75,1
2006,APRIL,ST. CROIX,NEW RICHMOND CITY WARDS 9 & 10,SPRING GENERAL,JUSTICE OF THE SUPREME COURT,NONPARTISAN,PATRICK CROOKS,202,201
2006,APRIL,ST. CROIX,NEW RICHMOND CITY WARDS 9 & 10,SPRING GENERAL,JUSTICE OF THE SUPREME COURT,NONPARTISAN,SCATTERING,202,1
2006,APRIL,ST. CROIX,NEW RICHMOND CITY WARD 11,SPRING GENERAL,JUSTICE OF THE SUPREME COURT,NONPARTISAN,PATRICK CROOKS,68,66
2006,APRIL,ST. CROIX,NEW RICHMOND CITY WARD 11,SPRING GENERAL,JUSTICE OF THE SUPREME COURT,NONPARTISAN,SCATTERING,68,2
2006,APRIL,ST. CROIX,NEW RICHMOND CITY WARD 12,SPRING GENERAL,JUSTICE OF THE SUPREME COURT,NONPARTISAN,PATRICK CROOKS,19,19
2006,APRIL,ST. CROIX,NEW RICHMOND CITY WARD 12,SPRING GENERAL,JUSTICE OF THE SUPREME COURT,NONPARTISAN,SCATTERING,19,0
2006,APRIL,ST. CROIX,NEW RICHMOND CITY WARD 13,SPRING GENERAL,JUSTICE OF THE SUPREME COURT,NONPARTISAN,PATRICK CROOKS,114,114
2006,APRIL,ST. CROIX,NEW RICHMOND CITY WARD 13,SPRING GENERAL,JUSTICE OF THE SUPREME COURT,NONPARTISAN,SCATTERING,114,0
2006,APRIL,ST. CROIX,RIVER FALLS CITY WARDS 1 & 2,SPRING GENERAL,JUSTICE OF THE SUPREME COURT,NONPARTISAN,PATRICK CROOKS,103,102
2006,APRIL,ST. CROIX,RIVER FALLS CITY WARDS 1 & 2,SPRING GENERAL,JUSTICE OF THE SUPREME COURT,NONPARTISAN,SCATTERING,103,1
2006,APRIL,TAYLOR,AURORA TOWN WARD 1,SPRING GENERAL,JUSTICE OF THE SUPREME COURT,NONPARTISAN,PATRICK CROOKS,58,58
2006,APRIL,TAYLOR,AURORA TOWN WARD 1,SPRING GENERAL,JUSTICE OF THE SUPREME COURT,NONPARTISAN,SCATTERING,58,0
2006,APRIL,TAYLOR,BROWNING TOWN WARD 1,SPRING GENERAL,JUSTICE OF THE SUPREME COURT,NONPARTISAN,PATRICK CROOKS,60,58
2006,APRIL,TAYLOR,BROWNING TOWN WARD 1,SPRING GENERAL,JUSTICE OF THE SUPREME COURT,NONPARTISAN,SCATTERING,60,2
2006,APRIL,TAYLOR,BROWNING TOWN WARD 2,SPRING GENERAL,JUSTICE OF THE SUPREME COURT,NONPARTISAN,PATRICK CROOKS,11,11
2006,APRIL,TAYLOR,BROWNING TOWN WARD 2,SPRING GENERAL,JUSTICE OF THE SUPREME COURT,NONPARTISAN,SCATTERING,11,0
2006,APRIL,TAYLOR,CHELSEA TOWN WARD 1,SPRING GENERAL,JUSTICE OF THE SUPREME COURT,NONPARTISAN,PATRICK CROOKS,60,60
2006,APRIL,TAYLOR,CHELSEA TOWN WARD 1,SPRING GENERAL,JUSTICE OF THE SUPREME COURT,NONPARTISAN,SCATTERING,60,0
2006,APRIL,TAYLOR,CLEVELAND TOWN WARD 1,SPRING GENERAL,JUSTICE OF THE SUPREME COURT,NONPARTISAN,PATRICK CROOKS,51,51
2006,APRIL,TAYLOR,CLEVELAND TOWN WARD 1,SPRING GENERAL,JUSTICE OF THE SUPREME COURT,NONPARTISAN,SCATTERING,51,0
2006,APRIL,TAYLOR,DEER CREEK TOWN WARD 1,SPRING GENERAL,JUSTICE OF THE SUPREME COURT,NONPARTISAN,PATRICK CROOKS,24,24
2006,APRIL,TAYLOR,DEER CREEK TOWN WARD 1,SPRING GENERAL,JUSTICE OF THE SUPREME COURT,NONPARTISAN,SCATTERING,24,0
2006,APRIL,TAYLOR,DEER CREEK TOWN WARD 2,SPRING GENERAL,JUSTICE OF THE SUPREME COURT,NONPARTISAN,PATRICK CROOKS,4,4
2006,APRIL,TAYLOR,DEER CREEK TOWN WARD 2,SPRING GENERAL,JUSTICE OF THE SUPREME COURT,NONPARTISAN,SCATTERING,4,0
2006,APRIL,TAYLOR,FORD TOWN WARD 1,SPRING GENERAL,JUSTICE OF THE SUPREME COURT,NONPARTISAN,PATRICK CROOKS,52,52
2006,APRIL,TAYLOR,FORD TOWN WARD 1,SPRING GENERAL,JUSTICE OF THE SUPREME COURT,NONPARTISAN,SCATTERING,52,0
2006,APRIL,TAYLOR,GOODRICH TOWN WARD 1,SPRING GENERAL,JUSTICE OF THE SUPREME COURT,NONPARTISAN,PATRICK CROOKS,27,27
2006,APRIL,TAYLOR,GOODRICH TOWN WARD 1,SPRING GENERAL,JUSTICE OF THE SUPREME COURT,NONPARTISAN,SCATTERING,27,0
2006,APRIL,TAYLOR,GREENWOOD TOWN WARD 1,SPRING GENERAL,JUSTICE OF THE SUPREME COURT,NONPARTISAN,PATRICK CROOKS,135,135
2006,APRIL,TAYLOR,GREENWOOD TOWN WARD 1,SPRING GENERAL,JUSTICE OF THE SUPREME COURT,NONPARTISAN,SCATTERING,135,0
2006,APRIL,TAYLOR,GROVER TOWN WARD 1,SPRING GENERAL,JUSTICE OF THE SUPREME COURT,NONPARTISAN,PATRICK CROOKS,17,17
2006,APRIL,TAYLOR,GROVER TOWN WARD 1,SPRING GENERAL,JUSTICE OF THE SUPREME COURT,NONPARTISAN,SCATTERING,17,0
2006,APRIL,TAYLOR,HAMMEL TOWN WARD 1,SPRING GENERAL,JUSTICE OF THE SUPREME COURT,NONPARTISAN,PATRICK CROOKS,32,32
2006,APRIL,TAYLOR,HAMMEL TOWN WARD 1,SPRING GENERAL,JUSTICE OF THE SUPREME COURT,NONPARTISAN,SCATTERING,32,0
2006,APRIL,TAYLOR,HAMMEL TOWN WARD 2,SPRING GENERAL,JUSTICE OF THE SUPREME COURT,NONPARTISAN,PATRICK CROOKS,9,9
2006,APRIL,TAYLOR,HAMMEL TOWN WARD 2,SPRING GENERAL,JUSTICE OF THE SUPREME COURT,NONPARTISAN,SCATTERING,9,0
2006,APRIL,TAYLOR,HOLWAY TOWN WARD 1,SPRING GENERAL,JUSTICE OF THE SUPREME COURT,NONPARTISAN,PATRICK CROOKS,29,29
2006,APRIL,TAYLOR,HOLWAY TOWN WARD 1,SPRING GENERAL,JUSTICE OF THE SUPREME COURT,NONPARTISAN,SCATTERING,29,0
2006,APRIL,TAYLOR,JUMP RIVER TOWN WARD 1,SPRING GENERAL,JUSTICE OF THE SUPREME COURT,NONPARTISAN,PATRICK CROOKS,37,37
2006,APRIL,TAYLOR,JUMP RIVER TOWN WARD 1,SPRING GENERAL,JUSTICE OF THE SUPREME COURT,NONPARTISAN,SCATTERING,37,0
2006,APRIL,TAYLOR,LITTLE BLACK TOWN WARDS 1 & 2,SPRING GENERAL,JUSTICE OF THE SUPREME COURT,NONPARTISAN,PATRICK CROOKS,61,61
2006,APRIL,TAYLOR,LITTLE BLACK TOWN WARDS 1 & 2,SPRING GENERAL,JUSTICE OF THE SUPREME COURT,NONPARTISAN,SCATTERING,61,0
2006,APRIL,TAYLOR,MAPLEHURST TOWN WARD 1,SPRING GENERAL,JUSTICE OF THE SUPREME COURT,NONPARTISAN,PATRICK CROOKS,19,19
2006,APRIL,TAYLOR,MAPLEHURST TOWN WARD 1,SPRING GENERAL,JUSTICE OF THE SUPREME COURT,NONPARTISAN,SCATTERING,19,0
2006,APRIL,TAYLOR,MAPLEHURST TOWN WARD 2,SPRING GENERAL,JUSTICE OF THE SUPREME COURT,NONPARTISAN,PATRICK CROOKS,11,11
2006,APRIL,TAYLOR,MAPLEHURST TOWN WARD 2,SPRING GENERAL,JUSTICE OF THE SUPREME COURT,NONPARTISAN,SCATTERING,11,0
2006,APRIL,TAYLOR,MCKINLEY TOWN WARD 1,SPRING GENERAL,JUSTICE OF THE SUPREME COURT,NONPARTISAN,PATRICK CROOKS,24,24
2006,APRIL,TAYLOR,MCKINLEY TOWN WARD 1,SPRING GENERAL,JUSTICE OF THE SUPREME COURT,NONPARTISAN,SCATTERING,24,0
2006,APRIL,TAYLOR,MEDFORD TOWN WARD 1,SPRING GENERAL,JUSTICE OF THE SUPREME COURT,NONPARTISAN,PATRICK CROOKS,26,26
2006,APRIL,TAYLOR,MEDFORD TOWN WARD 1,SPRING GENERAL,JUSTICE OF THE SUPREME COURT,NONPARTISAN,SCATTERING,26,0
2006,APRIL,TAYLOR,MEDFORD TOWN WARD 2,SPRING GENERAL,JUSTICE OF THE SUPREME COURT,NONPARTISAN,PATRICK CROOKS,74,74
2006,APRIL,TAYLOR,MEDFORD TOWN WARD 2,SPRING GENERAL,JUSTICE OF THE SUPREME COURT,NONPARTISAN,SCATTERING,74,0
2006,APRIL,TAYLOR,MEDFORD TOWN WARD 3,SPRING GENERAL,JUSTICE OF THE SUPREME COURT,NONPARTISAN,PATRICK CROOKS,28,28
2006,APRIL,TAYLOR,MEDFORD TOWN WARD 3,SPRING GENERAL,JUSTICE OF THE SUPREME COURT,NONPARTISAN,SCATTERING,28,0
2006,APRIL,TAYLOR,MOLITOR TOWN WARD 1,SPRING GENERAL,JUSTICE OF THE SUPREME COURT,NONPARTISAN,PATRICK CROOKS,32,32
2006,APRIL,TAYLOR,MOLITOR TOWN WARD 1,SPRING GENERAL,JUSTICE OF THE SUPREME COURT,NONPARTISAN,SCATTERING,32,0
2006,APRIL,TAYLOR,PERSHING TOWN WARD 1,SPRING GENERAL,JUSTICE OF THE SUPREME COURT,NONPARTISAN,PATRICK CROOKS,32,32
2006,APRIL,TAYLOR,PERSHING TOWN WARD 1,SPRING GENERAL,JUSTICE OF THE SUPREME COURT,NONPARTISAN,SCATTERING,32,0
2006,APRIL,TAYLOR,RIB LAKE TOWN WARD 1,SPRING GENERAL,JUSTICE OF THE SUPREME COURT,NONPARTISAN,PATRICK CROOKS,127,127
2006,APRIL,TAYLOR,RIB LAKE TOWN WARD 1,SPRING GENERAL,JUSTICE OF THE SUPREME COURT,NONPARTISAN,SCATTERING,127,0
2006,APRIL,TAYLOR,RIB LAKE TOWN WARD 2,SPRING GENERAL,JUSTICE OF THE SUPREME COURT,NONPARTISAN,PATRICK CROOKS,90,90
2006,APRIL,TAYLOR,RIB LAKE TOWN WARD 2,SPRING GENERAL,JUSTICE OF THE SUPREME COURT,NONPARTISAN,SCATTERING,90,0
2006,APRIL,TAYLOR,ROOSEVELT TOWN WARD 1,SPRING GENERAL,JUSTICE OF THE SUPREME COURT,NONPARTISAN,PATRICK CROOKS,38,38
2006,APRIL,TAYLOR,ROOSEVELT TOWN WARD 1,SPRING GENERAL,JUSTICE OF THE SUPREME COURT,NONPARTISAN,SCATTERING,38,0
2006,APRIL,TAYLOR,TAFT TOWN WARD 1,SPRING GENERAL,JUSTICE OF THE SUPREME COURT,NONPARTISAN,PATRICK CROOKS,42,42
2006,APRIL,TAYLOR,TAFT TOWN WARD 1,SPRING GENERAL,JUSTICE OF THE SUPREME COURT,NONPARTISAN,SCATTERING,42,0
2006,APRIL,TAYLOR,WESTBORO TOWN WARD 1,SPRING GENERAL,JUSTICE OF THE SUPREME COURT,NONPARTISAN,PATRICK CROOKS,154,154
2006,APRIL,TAYLOR,WESTBORO TOWN WARD 1,SPRING GENERAL,JUSTICE OF THE SUPREME COURT,NONPARTISAN,SCATTERING,154,0
2006,APRIL,TAYLOR,GILMAN VILLAGE WARD 1,SPRING GENERAL,JUSTICE OF THE SUPREME COURT,NONPARTISAN,PATRICK CROOKS,81,79
2006,APRIL,TAYLOR,GILMAN VILLAGE WARD 1,SPRING GENERAL,JUSTICE OF THE SUPREME COURT,NONPARTISAN,SCATTERING,81,2
2006,APRIL,TAYLOR,LUBLIN VILLAGE WARD 1,SPRING GENERAL,JUSTICE OF THE SUPREME COURT,NONPARTISAN,PATRICK CROOKS,20,20
2006,APRIL,TAYLOR,LUBLIN VILLAGE WARD 1,SPRING GENERAL,JUSTICE OF THE SUPREME COURT,NONPARTISAN,SCATTERING,20,0
2006,APRIL,TAYLOR,RIB LAKE VILLAGE WARD 1,SPRING GENERAL,JUSTICE OF THE SUPREME COURT,NONPARTISAN,PATRICK CROOKS,184,184
2006,APRIL,TAYLOR,RIB LAKE VILLAGE WARD 1,SPRING GENERAL,JUSTICE OF THE SUPREME COURT,NONPARTISAN,SCATTERING,184,0
2006,APRIL,TAYLOR,STETSONVILLE VILLAGE WARD 1,SPRING GENERAL,JUSTICE OF THE SUPREME COURT,NONPARTISAN,PATRICK CROOKS,50,50
2006,APRIL,TAYLOR,STETSONVILLE VILLAGE WARD 1,SPRING GENERAL,JUSTICE OF THE SUPREME COURT,NONPARTISAN,SCATTERING,50,0
2006,APRIL,TAYLOR,MEDFORD CITY WARDS 1 & 2,SPRING GENERAL,JUSTICE OF THE SUPREME COURT,NONPARTISAN,PATRICK CROOKS,78,78
2006,APRIL,TAYLOR,MEDFORD CITY WARDS 1 & 2,SPRING GENERAL,JUSTICE OF THE SUPREME COURT,NONPARTISAN,SCATTERING,78,0
2006,APRIL,TAYLOR,MEDFORD CITY WARDS 3 & 4,SPRING GENERAL,JUSTICE OF THE SUPREME COURT,NONPARTISAN,PATRICK CROOKS,70,68
2006,APRIL,TAYLOR,MEDFORD CITY WARDS 3 & 4,SPRING GENERAL,JUSTICE OF THE SUPREME COURT,NONPARTISAN,SCATTERING,70,2
2006,APRIL,TAYLOR,MEDFORD CITY WARDS 5 & 6,SPRING GENERAL,JUSTICE OF THE SUPREME COURT,NONPARTISAN,PATRICK CROOKS,53,52
2006,APRIL,TAYLOR,MEDFORD CITY WARDS 5 & 6,SPRING GENERAL,JUSTICE OF THE SUPREME COURT,NONPARTISAN,SCATTERING,53,1
2006,APRIL,TAYLOR,MEDFORD CITY WARDS 7 & 8,SPRING GENERAL,JUSTICE OF THE SUPREME COURT,NONPARTISAN,PATRICK CROOKS,53,53
2006,APRIL,TAYLOR,MEDFORD CITY WARDS 7 & 8,SPRING GENERAL,JUSTICE OF THE SUPREME COURT,NONPARTISAN,SCATTERING,53,0
2006,APRIL,TREMPEALEAU,ALBION TOWN WARD 1,SPRING GENERAL,JUSTICE OF THE SUPREME COURT,NONPARTISAN,PATRICK CROOKS,30,30
2006,APRIL,TREMPEALEAU,ALBION TOWN WARD 1,SPRING GENERAL,JUSTICE OF THE SUPREME COURT,NONPARTISAN,SCATTERING,30,0
2006,APRIL,TREMPEALEAU,ALBION TOWN WARD 2,SPRING GENERAL,JUSTICE OF THE SUPREME COURT,NONPARTISAN,PATRICK CROOKS,19,19
2006,APRIL,TREMPEALEAU,ALBION TOWN WARD 2,SPRING GENERAL,JUSTICE OF THE SUPREME COURT,NONPARTISAN,SCATTERING,19,0
2006,APRIL,TREMPEALEAU,ARCADIA TOWN WARDS 1 - 3,SPRING GENERAL,JUSTICE OF THE SUPREME COURT,NONPARTISAN,PATRICK CROOKS,75,75
2006,APRIL,TREMPEALEAU,ARCADIA TOWN WARDS 1 - 3,SPRING GENERAL,JUSTICE OF THE SUPREME COURT,NONPARTISAN,SCATTERING,75,0
2006,APRIL,TREMPEALEAU,BURNSIDE TOWN WARD 1,SPRING GENERAL,JUSTICE OF THE SUPREME COURT,NONPARTISAN,PATRICK CROOKS,23,23
2006,APRIL,TREMPEALEAU,BURNSIDE TOWN WARD 1,SPRING GENERAL,JUSTICE OF THE SUPREME COURT,NONPARTISAN,SCATTERING,23,0
2006,APRIL,TREMPEALEAU,BURNSIDE TOWN WARD 2,SPRING GENERAL,JUSTICE OF THE SUPREME COURT,NONPARTISAN,PATRICK CROOKS,14,14
2006,APRIL,TREMPEALEAU,BURNSIDE TOWN WARD 2,SPRING GENERAL,JUSTICE OF THE SUPREME COURT,NONPARTISAN,SCATTERING,14,0
2006,APRIL,TREMPEALEAU,CALEDONIA TOWN WARD 1,SPRING GENERAL,JUSTICE OF THE SUPREME COURT,NONPARTISAN,PATRICK CROOKS,183,183
2006,APRIL,TREMPEALEAU,CALEDONIA TOWN WARD 1,SPRING GENERAL,JUSTICE OF THE SUPREME COURT,NONPARTISAN,SCATTERING,183,0
2006,APRIL,TREMPEALEAU,CHIMNEY ROCK TOWN WARD 1,SPRING GENERAL,JUSTICE OF THE SUPREME COURT,NONPARTISAN,PATRICK CROOKS,19,19
2006,APRIL,TREMPEALEAU,CHIMNEY ROCK TOWN WARD 1,SPRING GENERAL,JUSTICE OF THE SUPREME COURT,NONPARTISAN,SCATTERING,19,0
2006,APRIL,TREMPEALEAU,DODGE TOWN WARD 1,SPRING GENERAL,JUSTICE OF THE SUPREME COURT,NONPARTISAN,PATRICK CROOKS,33,33
2006,APRIL,TREMPEALEAU,DODGE TOWN WARD 1,SPRING GENERAL,JUSTICE OF THE SUPREME COURT,NONPARTISAN,SCATTERING,33,0
2006,APRIL,TREMPEALEAU,ETTRICK TOWN WARDS 1 & 2,SPRING GENERAL,JUSTICE OF THE SUPREME COURT,NONPARTISAN,PATRICK CROOKS,206,206
2006,APRIL,TREMPEALEAU,ETTRICK TOWN WARDS 1 & 2,SPRING GENERAL,JUSTICE OF THE SUPREME COURT,NONPARTISAN,SCATTERING,206,0
2006,APRIL,TREMPEALEAU,GALE TOWN WARD 1,SPRING GENERAL,JUSTICE OF THE SUPREME COURT,NONPARTISAN,PATRICK CROOKS,44,44
2006,APRIL,TREMPEALEAU,GALE TOWN WARD 1,SPRING GENERAL,JUSTICE OF THE SUPREME COURT,NONPARTISAN,SCATTERING,44,0
2006,APRIL,TREMPEALEAU,GALE TOWN WARD 2,SPRING GENERAL,JUSTICE OF THE SUPREME COURT,NONPARTISAN,PATRICK CROOKS,343,342
2006,APRIL,TREMPEALEAU,GALE TOWN WARD 2,SPRING GENERAL,JUSTICE OF THE SUPREME COURT,NONPARTISAN,SCATTERING,343,1
2006,APRIL,TREMPEALEAU,HALE TOWN WARDS 1 - 3,SPRING GENERAL,JUSTICE OF THE SUPREME COURT,NONPARTISAN,PATRICK CROOKS,99,99
2006,APRIL,TREMPEALEAU,HALE TOWN WARDS 1 - 3,SPRING GENERAL,JUSTICE OF THE SUPREME COURT,NONPARTISAN,SCATTERING,99,0
2006,APRIL,TREMPEALEAU,LINCOLN TOWN WARDS 1 & 2,SPRING GENERAL,JUSTICE OF THE SUPREME COURT,NONPARTISAN,PATRICK CROOKS,36,36
2006,APRIL,TREMPEALEAU,LINCOLN TOWN WARDS 1 & 2,SPRING GENERAL,JUSTICE OF THE SUPREME COURT,NONPARTISAN,SCATTERING,36,0
2006,APRIL,TREMPEALEAU,PIGEON TOWN WARDS 1 & 2,SPRING GENERAL,JUSTICE OF THE SUPREME COURT,NONPARTISAN,PATRICK CROOKS,54,54
2006,APRIL,TREMPEALEAU,PIGEON TOWN WARDS 1 & 2,SPRING GENERAL,JUSTICE OF THE SUPREME COURT,NONPARTISAN,SCATTERING,54,0
2006,APRIL,TREMPEALEAU,PRESTON TOWN WARDS 1 - 3,SPRING GENERAL,JUSTICE OF THE SUPREME COURT,NONPARTISAN,PATRICK CROOKS,50,50
2006,APRIL,TREMPEALEAU,PRESTON TOWN WARDS 1 - 3,SPRING GENERAL,JUSTICE OF THE SUPREME COURT,NONPARTISAN,SCATTERING,50,0
2006,APRIL,TREMPEALEAU,SUMNER TOWN WARD 1,SPRING GENERAL,JUSTICE OF THE SUPREME COURT,NONPARTISAN,PATRICK CROOKS,171,170
2006,APRIL,TREMPEALEAU,SUMNER TOWN WARD 1,SPRING GENERAL,JUSTICE OF THE SUPREME COURT,NONPARTISAN,SCATTERING,171,1
2006,APRIL,TREMPEALEAU,TREMPEALEAU TOWN WARDS 1 - 3,SPRING GENERAL,JUSTICE OF THE SUPREME COURT,NONPARTISAN,PATRICK CROOKS,364,362
2006,APRIL,TREMPEALEAU,TREMPEALEAU TOWN WARDS 1 - 3,SPRING GENERAL,JUSTICE OF THE SUPREME COURT,NONPARTISAN,SCATTERING,364,2
2006,APRIL,TREMPEALEAU,UNITY TOWN WARDS 1 & 2,SPRING GENERAL,JUSTICE OF THE SUPREME COURT,NONPARTISAN,PATRICK CROOKS,36,36
2006,APRIL,TREMPEALEAU,UNITY TOWN WARDS 1 & 2,SPRING GENERAL,JUSTICE OF THE SUPREME COURT,NONPARTISAN,SCATTERING,36,0
2006,APRIL,TREMPEALEAU,ELEVA VILLAGE WARD 1,SPRING GENERAL,JUSTICE OF THE SUPREME COURT,NONPARTISAN,PATRICK CROOKS,62,62
2006,APRIL,TREMPEALEAU,ELEVA VILLAGE WARD 1,SPRING GENERAL,JUSTICE OF THE SUPREME COURT,NONPARTISAN,SCATTERING,62,0
2006,APRIL,TREMPEALEAU,ETTRICK VILLAGE WARD 1,SPRING GENERAL,JUSTICE OF THE SUPREME COURT,NONPARTISAN,PATRICK CROOKS,131,131
2006,APRIL,TREMPEALEAU,ETTRICK VILLAGE WARD 1,SPRING GENERAL,JUSTICE OF THE SUPREME COURT,NONPARTISAN,SCATTERING,131,0
2006,APRIL,TREMPEALEAU,PIGEON FALLS VILLAGE WARD 1,SPRING GENERAL,JUSTICE OF THE SUPREME COURT,NONPARTISAN,PATRICK CROOKS,57,57
2006,APRIL,TREMPEALEAU,PIGEON FALLS VILLAGE WARD 1,SPRING GENERAL,JUSTICE OF THE SUPREME COURT,NONPARTISAN,SCATTERING,57,0
2006,APRIL,TREMPEALEAU,STRUM VILLAGE WARDS 1 & 2,SPRING GENERAL,JUSTICE OF THE SUPREME COURT,NONPARTISAN,PATRICK CROOKS,85,85
2006,APRIL,TREMPEALEAU,STRUM VILLAGE WARDS 1 & 2,SPRING GENERAL,JUSTICE OF THE SUPREME COURT,NONPARTISAN,SCATTERING,85,0
2006,APRIL,TREMPEALEAU,TREMPEALEAU VILLAGE WARDS 1 & 2,SPRING GENERAL,JUSTICE OF THE SUPREME COURT,NONPARTISAN,PATRICK CROOKS,355,354
2006,APRIL,TREMPEALEAU,TREMPEALEAU VILLAGE WARDS 1 & 2,SPRING GENERAL,JUSTICE OF THE SUPREME COURT,NONPARTISAN,SCATTERING,355,1
2006,APRIL,TREMPEALEAU,ARCADIA CITY WARD 1,SPRING GENERAL,JUSTICE OF THE SUPREME COURT,NONPARTISAN,PATRICK CROOKS,117,115
2006,APRIL,TREMPEALEAU,ARCADIA CITY WARD 1,SPRING GENERAL,JUSTICE OF THE SUPREME COURT,NONPARTISAN,SCATTERING,117,2
2006,APRIL,TREMPEALEAU,ARCADIA CITY WARD 2,SPRING GENERAL,JUSTICE OF THE SUPREME COURT,NONPARTISAN,PATRICK CROOKS,131,130
2006,APRIL,TREMPEALEAU,ARCADIA CITY WARD 2,SPRING GENERAL,JUSTICE OF THE SUPREME COURT,NONPARTISAN,SCATTERING,131,1
2006,APRIL,TREMPEALEAU,ARCADIA CITY WARD 3,SPRING GENERAL,JUSTICE OF THE SUPREME COURT,NONPARTISAN,PATRICK CROOKS,140,140
2006,APRIL,TREMPEALEAU,ARCADIA CITY WARD 3,SPRING GENERAL,JUSTICE OF THE SUPREME COURT,NONPARTISAN,SCATTERING,140,0
2006,APRIL,TREMPEALEAU,BLAIR CITY WARD 1,SPRING GENERAL,JUSTICE OF THE SUPREME COURT,NONPARTISAN,PATRICK CROOKS,26,25
2006,APRIL,TREMPEALEAU,BLAIR CITY WARD 1,SPRING GENERAL,JUSTICE OF THE SUPREME COURT,NONPARTISAN,SCATTERING,26,1
2006,APRIL,TREMPEALEAU,BLAIR CITY WARD 2,SPRING GENERAL,JUSTICE OF THE SUPREME COURT,NONPARTISAN,PATRICK CROOKS,37,37
2006,APRIL,TREMPEALEAU,BLAIR CITY WARD 2,SPRING GENERAL,JUSTICE OF THE SUPREME COURT,NONPARTISAN,SCATTERING,37,0
2006,APRIL,TREMPEALEAU,BLAIR CITY WARD 3,SPRING GENERAL,JUSTICE OF THE SUPREME COURT,NONPARTISAN,PATRICK CROOKS,40,40
2006,APRIL,TREMPEALEAU,BLAIR CITY WARD 3,SPRING GENERAL,JUSTICE OF THE SUPREME COURT,NONPARTISAN,SCATTERING,40,0
2006,APRIL,TREMPEALEAU,GALESVILLE CITY WARD 1,SPRING GENERAL,JUSTICE OF THE SUPREME COURT,NONPARTISAN,PATRICK CROOKS,121,119
2006,APRIL,TREMPEALEAU,GALESVILLE CITY WARD 1,SPRING GENERAL,JUSTICE OF THE SUPREME COURT,NONPARTISAN,SCATTERING,121,2
2006,APRIL,TREMPEALEAU,GALESVILLE CITY WARD 2,SPRING GENERAL,JUSTICE OF THE SUPREME COURT,NONPARTISAN,PATRICK CROOKS,129,129
2006,APRIL,TREMPEALEAU,GALESVILLE CITY WARD 2,SPRING GENERAL,JUSTICE OF THE SUPREME COURT,NONPARTISAN,SCATTERING,129,0
2006,APRIL,TREMPEALEAU,GALESVILLE CITY WARD 3,SPRING GENERAL,JUSTICE OF THE SUPREME COURT,NONPARTISAN,PATRICK CROOKS,116,113
2006,APRIL,TREMPEALEAU,GALESVILLE CITY WARD 3,SPRING GENERAL,JUSTICE OF THE SUPREME COURT,NONPARTISAN,SCATTERING,116,3
2006,APRIL,TREMPEALEAU,GALESVILLE CITY WARD 4,SPRING GENERAL,JUSTICE OF THE SUPREME COURT,NONPARTISAN,PATRICK CROOKS,17,17
2006,APRIL,TREMPEALEAU,GALESVILLE CITY WARD 4,SPRING GENERAL,JUSTICE OF THE SUPREME COURT,NONPARTISAN,SCATTERING,17,0
2006,APRIL,TREMPEALEAU,INDEPENDENCE CITY WARDS 1 - 3,SPRING GENERAL,JUSTICE OF THE SUPREME COURT,NONPARTISAN,PATRICK CROOKS,97,96
2006,APRIL,TREMPEALEAU,INDEPENDENCE CITY WARDS 1 - 3,SPRING GENERAL,JUSTICE OF THE SUPREME COURT,NONPARTISAN,SCATTERING,97,1
2006,APRIL,TREMPEALEAU,OSSEO CITY WARD 1,SPRING GENERAL,JUSTICE OF THE SUPREME COURT,NONPARTISAN,PATRICK CROOKS,109,109
2006,APRIL,TREMPEALEAU,OSSEO CITY WARD 1,SPRING GENERAL,JUSTICE OF THE SUPREME COURT,NONPARTISAN,SCATTERING,109,0
2006,APRIL,TREMPEALEAU,OSSEO CITY WARD 2,SPRING GENERAL,JUSTICE OF THE SUPREME COURT,NONPARTISAN,PATRICK CROOKS,105,105
2006,APRIL,TREMPEALEAU,OSSEO CITY WARD 2,SPRING GENERAL,JUSTICE OF THE SUPREME COURT,NONPARTISAN,SCATTERING,105,0
2006,APRIL,TREMPEALEAU,OSSEO CITY WARD 3,SPRING GENERAL,JUSTICE OF THE SUPREME COURT,NONPARTISAN,PATRICK CROOKS,75,75
2006,APRIL,TREMPEALEAU,OSSEO CITY WARD 3,SPRING GENERAL,JUSTICE OF THE SUPREME COURT,NONPARTISAN,SCATTERING,75,0
2006,APRIL,TREMPEALEAU,OSSEO CITY WARD 4,SPRING GENERAL,JUSTICE OF THE SUPREME COURT,NONPARTISAN,PATRICK CROOKS,16,16
2006,APRIL,TREMPEALEAU,OSSEO CITY WARD 4,SPRING GENERAL,JUSTICE OF THE SUPREME COURT,NONPARTISAN,SCATTERING,16,0
2006,APRIL,TREMPEALEAU,WHITEHALL CITY WARD 1,SPRING GENERAL,JUSTICE OF THE SUPREME COURT,NONPARTISAN,PATRICK CROOKS,30,30
2006,APRIL,TREMPEALEAU,WHITEHALL CITY WARD 1,SPRING GENERAL,JUSTICE OF THE SUPREME COURT,NONPARTISAN,SCATTERING,30,0
2006,APRIL,TREMPEALEAU,WHITEHALL CITY WARD 2,SPRING GENERAL,JUSTICE OF THE SUPREME COURT,NONPARTISAN,PATRICK CROOKS,90,89
2006,APRIL,TREMPEALEAU,WHITEHALL CITY WARD 2,SPRING GENERAL,JUSTICE OF THE SUPREME COURT,NONPARTISAN,SCATTERING,90,1
2006,APRIL,TREMPEALEAU,WHITEHALL CITY WARD 3,SPRING GENERAL,JUSTICE OF THE SUPREME COURT,NONPARTISAN,PATRICK CROOKS,44,44
2006,APRIL,TREMPEALEAU,WHITEHALL CITY WARD 3,SPRING GENERAL,JUSTICE OF THE SUPREME COURT,NONPARTISAN,SCATTERING,44,0
2006,APRIL,TREMPEALEAU,WHITEHALL CITY WARD 4,SPRING GENERAL,JUSTICE OF THE SUPREME COURT,NONPARTISAN,PATRICK CROOKS,2,2
2006,APRIL,TREMPEALEAU,WHITEHALL CITY WARD 4,SPRING GENERAL,JUSTICE OF THE SUPREME COURT,NONPARTISAN,SCATTERING,2,0
2006,APRIL,VERNON,BERGEN TOWN WARDS 1 - 3,SPRING GENERAL,JUSTICE OF THE SUPREME COURT,NONPARTISAN,PATRICK CROOKS,117,117
2006,APRIL,VERNON,BERGEN TOWN WARDS 1 - 3,SPRING GENERAL,JUSTICE OF THE SUPREME COURT,NONPARTISAN,SCATTERING,117,0
2006,APRIL,VERNON,CHRISTIANA TOWN WARDS 1 & 2,SPRING GENERAL,JUSTICE OF THE SUPREME COURT,NONPARTISAN,PATRICK CROOKS,98,98
2006,APRIL,VERNON,CHRISTIANA TOWN WARDS 1 & 2,SPRING GENERAL,JUSTICE OF THE SUPREME COURT,NONPARTISAN,SCATTERING,98,0
2006,APRIL,VERNON,CLINTON TOWN WARD 1,SPRING GENERAL,JUSTICE OF THE SUPREME COURT,NONPARTISAN,PATRICK CROOKS,14,14
2006,APRIL,VERNON,CLINTON TOWN WARD 1,SPRING GENERAL,JUSTICE OF THE SUPREME COURT,NONPARTISAN,SCATTERING,14,0
2006,APRIL,VERNON,CLINTON TOWN WARD 2,SPRING GENERAL,JUSTICE OF THE SUPREME COURT,NONPARTISAN,PATRICK CROOKS,23,23
2006,APRIL,VERNON,CLINTON TOWN WARD 2,SPRING GENERAL,JUSTICE OF THE SUPREME COURT,NONPARTISAN,SCATTERING,23,0
2006,APRIL,VERNON,COON TOWN WARD 1,SPRING GENERAL,JUSTICE OF THE SUPREME COURT,NONPARTISAN,PATRICK CROOKS,113,113
2006,APRIL,VERNON,COON TOWN WARD 1,SPRING GENERAL,JUSTICE OF THE SUPREME COURT,NONPARTISAN,SCATTERING,113,0
2006,APRIL,VERNON,COON TOWN WARD 2,SPRING GENERAL,JUSTICE OF THE SUPREME COURT,NONPARTISAN,PATRICK CROOKS,11,11
2006,APRIL,VERNON,COON TOWN WARD 2,SPRING GENERAL,JUSTICE OF THE SUPREME COURT,NONPARTISAN,SCATTERING,11,0
2006,APRIL,VERNON,FOREST TOWN WARD 1,SPRING GENERAL,JUSTICE OF THE SUPREME COURT,NONPARTISAN,PATRICK CROOKS,36,36
2006,APRIL,VERNON,FOREST TOWN WARD 1,SPRING GENERAL,JUSTICE OF THE SUPREME COURT,NONPARTISAN,SCATTERING,36,0
2006,APRIL,VERNON,FRANKLIN TOWN WARD 1,SPRING GENERAL,JUSTICE OF THE SUPREME COURT,NONPARTISAN,PATRICK CROOKS,76,76
2006,APRIL,VERNON,FRANKLIN TOWN WARD 1,SPRING GENERAL,JUSTICE OF THE SUPREME COURT,NONPARTISAN,SCATTERING,76,0
2006,APRIL,VERNON,GENOA TOWN WARD 1,SPRING GENERAL,JUSTICE OF THE SUPREME COURT,NONPARTISAN,PATRICK CROOKS,29,29
2006,APRIL,VERNON,GENOA TOWN WARD 1,SPRING GENERAL,JUSTICE OF THE SUPREME COURT,NONPARTISAN,SCATTERING,29,0
2006,APRIL,VERNON,GENOA TOWN WARD 2,SPRING GENERAL,JUSTICE OF THE SUPREME COURT,NONPARTISAN,PATRICK CROOKS,11,11
2006,APRIL,VERNON,GENOA TOWN WARD 2,SPRING GENERAL,JUSTICE OF THE SUPREME COURT,NONPARTISAN,SCATTERING,11,0
2006,APRIL,VERNON,GREENWOOD TOWN WARD 1,SPRING GENERAL,JUSTICE OF THE SUPREME COURT,NONPARTISAN,PATRICK CROOKS,37,37
2006,APRIL,VERNON,GREENWOOD TOWN WARD 1,SPRING GENERAL,JUSTICE OF THE SUPREME COURT,NONPARTISAN,SCATTERING,37,0
2006,APRIL,VERNON,HAMBURG TOWN WARD 1,SPRING GENERAL,JUSTICE OF THE SUPREME COURT,NONPARTISAN,PATRICK CROOKS,151,151
2006,APRIL,VERNON,HAMBURG TOWN WARD 1,SPRING GENERAL,JUSTICE OF THE SUPREME COURT,NONPARTISAN,SCATTERING,151,0
2006,APRIL,VERNON,HAMBURG TOWN WARD 2,SPRING GENERAL,JUSTICE OF THE SUPREME COURT,NONPARTISAN,PATRICK CROOKS,47,47
2006,APRIL,VERNON,HAMBURG TOWN WARD 2,SPRING GENERAL,JUSTICE OF THE SUPREME COURT,NONPARTISAN,SCATTERING,47,0
2006,APRIL,VERNON,HARMONY TOWN WARD 1,SPRING GENERAL,JUSTICE OF THE SUPREME COURT,NONPARTISAN,PATRICK CROOKS,52,52
2006,APRIL,VERNON,HARMONY TOWN WARD 1,SPRING GENERAL,JUSTICE OF THE SUPREME COURT,NONPARTISAN,SCATTERING,52,0
2006,APRIL,VERNON,HILLSBORO TOWN WARD 1,SPRING GENERAL,JUSTICE OF THE SUPREME COURT,NONPARTISAN,PATRICK CROOKS,33,33
2006,APRIL,VERNON,HILLSBORO TOWN WARD 1,SPRING GENERAL,JUSTICE OF THE SUPREME COURT,NONPARTISAN,SCATTERING,33,0
2006,APRIL,VERNON,HILLSBORO TOWN WARD 2,SPRING GENERAL,JUSTICE OF THE SUPREME COURT,NONPARTISAN,PATRICK CROOKS,12,12
2006,APRIL,VERNON,HILLSBORO TOWN WARD 2,SPRING GENERAL,JUSTICE OF THE SUPREME COURT,NONPARTISAN,SCATTERING,12,0
2006,APRIL,VERNON,JEFFERSON TOWN WARD 1,SPRING GENERAL,JUSTICE OF THE SUPREME COURT,NONPARTISAN,PATRICK CROOKS,26,26
2006,APRIL,VERNON,JEFFERSON TOWN WARD 1,SPRING GENERAL,JUSTICE OF THE SUPREME COURT,NONPARTISAN,SCATTERING,26,0
2006,APRIL,VERNON,JEFFERSON TOWN WARD 2,SPRING GENERAL,JUSTICE OF THE SUPREME COURT,NONPARTISAN,PATRICK CROOKS,14,14
2006,APRIL,VERNON,JEFFERSON TOWN WARD 2,SPRING GENERAL,JUSTICE OF THE SUPREME COURT,NONPARTISAN,SCATTERING,14,0
2006,APRIL,VERNON,JEFFERSON TOWN WARD 3,SPRING GENERAL,JUSTICE OF THE SUPREME COURT,NONPARTISAN,PATRICK CROOKS,14,14
2006,APRIL,VERNON,JEFFERSON TOWN WARD 3,SPRING GENERAL,JUSTICE OF THE SUPREME COURT,NONPARTISAN,SCATTERING,14,0
2006,APRIL,VERNON,JEFFERSON TOWN WARD 4,SPRING GENERAL,JUSTICE OF THE SUPREME COURT,NONPARTISAN,PATRICK CROOKS,7,7
2006,APRIL,VERNON,JEFFERSON TOWN WARD 4,SPRING GENERAL,JUSTICE OF THE SUPREME COURT,NONPARTISAN,SCATTERING,7,0
2006,APRIL,VERNON,KICKAPOO TOWN WARD 1,SPRING GENERAL,JUSTICE OF THE SUPREME COURT,NONPARTISAN,PATRICK CROOKS,40,40
2006,APRIL,VERNON,KICKAPOO TOWN WARD 1,SPRING GENERAL,JUSTICE OF THE SUPREME COURT,NONPARTISAN,SCATTERING,40,0
2006,APRIL,VERNON,LIBERTY TOWN WARD 1,SPRING GENERAL,JUSTICE OF THE SUPREME COURT,NONPARTISAN,PATRICK CROOKS,23,23
2006,APRIL,VERNON,LIBERTY TOWN WARD 1,SPRING GENERAL,JUSTICE OF THE SUPREME COURT,NONPARTISAN,SCATTERING,23,0
2006,APRIL,VERNON,STARK TOWN WARD 1,SPRING GENERAL,JUSTICE OF THE SUPREME COURT,NONPARTISAN,PATRICK CROOKS,35,35
2006,APRIL,VERNON,STARK TOWN WARD 1,SPRING GENERAL,JUSTICE OF THE SUPREME COURT,NONPARTISAN,SCATTERING,35,0
2006,APRIL,VERNON,STARK TOWN WARD 2,SPRING GENERAL,JUSTICE OF THE SUPREME COURT,NONPARTISAN,PATRICK CROOKS,27,27
2006,APRIL,VERNON,STARK TOWN WARD 2,SPRING GENERAL,JUSTICE OF THE SUPREME COURT,NONPARTISAN,SCATTERING,27,0
2006,APRIL,VERNON,STERLING TOWN WARD 1,SPRING GENERAL,JUSTICE OF THE SUPREME COURT,NONPARTISAN,PATRICK CROOKS,32,31
2006,APRIL,VERNON,STERLING TOWN WARD 1,SPRING GENERAL,JUSTICE OF THE SUPREME COURT,NONPARTISAN,SCATTERING,32,1
2006,APRIL,VERNON,UNION TOWN WARD 1,SPRING GENERAL,JUSTICE OF THE SUPREME COURT,NONPARTISAN,PATRICK CROOKS,33,32
2006,APRIL,VERNON,UNION TOWN WARD 1,SPRING GENERAL,JUSTICE OF THE SUPREME COURT,NONPARTISAN,SCATTERING,33,1
2006,APRIL,VERNON,UNION TOWN WARD 2,SPRING GENERAL,JUSTICE OF THE SUPREME COURT,NONPARTISAN,PATRICK CROOKS,13,13
2006,APRIL,VERNON,UNION TOWN WARD 2,SPRING GENERAL,JUSTICE OF THE SUPREME COURT,NONPARTISAN,SCATTERING,13,0
2006,APRIL,VERNON,VIROQUA TOWN WARD 1,SPRING GENERAL,JUSTICE OF THE SUPREME COURT,NONPARTISAN,PATRICK CROOKS,15,14
2006,APRIL,VERNON,VIROQUA TOWN WARD 1,SPRING GENERAL,JUSTICE OF THE SUPREME COURT,NONPARTISAN,SCATTERING,15,1
2006,APRIL,VERNON,VIROQUA TOWN WARD 2,SPRING GENERAL,JUSTICE OF THE SUPREME COURT,NONPARTISAN,PATRICK CROOKS,47,47
2006,APRIL,VERNON,VIROQUA TOWN WARD 2,SPRING GENERAL,JUSTICE OF THE SUPREME COURT,NONPARTISAN,SCATTERING,47,0
2006,APRIL,VERNON,VIROQUA TOWN WARD 3,SPRING GENERAL,JUSTICE OF THE SUPREME COURT,NONPARTISAN,PATRICK CROOKS,34,34
2006,APRIL,VERNON,VIROQUA TOWN WARD 3,SPRING GENERAL,JUSTICE OF THE SUPREME COURT,NONPARTISAN,SCATTERING,34,0
2006,APRIL,VERNON,VIROQUA TOWN WARD 4,SPRING GENERAL,JUSTICE OF THE SUPREME COURT,NONPARTISAN,PATRICK CROOKS,1,1
2006,APRIL,VERNON,VIROQUA TOWN WARD 4,SPRING GENERAL,JUSTICE OF THE SUPREME COURT,NONPARTISAN,SCATTERING,1,0
2006,APRIL,VERNON,WEBSTER TOWN WARD 1,SPRING GENERAL,JUSTICE OF THE SUPREME COURT,NONPARTISAN,PATRICK CROOKS,84,84
2006,APRIL,VERNON,WEBSTER TOWN WARD 1,SPRING GENERAL,JUSTICE OF THE SUPREME COURT,NONPARTISAN,SCATTERING,84,0
2006,APRIL,VERNON,WHEATLAND TOWN WARD 1,SPRING GENERAL,JUSTICE OF THE SUPREME COURT,NONPARTISAN,PATRICK CROOKS,22,22
2006,APRIL,VERNON,WHEATLAND TOWN WARD 1,SPRING GENERAL,JUSTICE OF THE SUPREME COURT,NONPARTISAN,SCATTERING,22,0
2006,APRIL,VERNON,WHITESTOWN TOWN WARD 1,SPRING GENERAL,JUSTICE OF THE SUPREME COURT,NONPARTISAN,PATRICK CROOKS,67,67
2006,APRIL,VERNON,WHITESTOWN TOWN WARD 1,SPRING GENERAL,JUSTICE OF THE SUPREME COURT,NONPARTISAN,SCATTERING,67,0
2006,APRIL,VERNON,CHASEBURG VILLAGE WARD 1,SPRING GENERAL,JUSTICE OF THE SUPREME COURT,NONPARTISAN,PATRICK CROOKS,82,82
2006,APRIL,VERNON,CHASEBURG VILLAGE WARD 1,SPRING GENERAL,JUSTICE OF THE SUPREME COURT,NONPARTISAN,SCATTERING,82,0
2006,APRIL,VERNON,COON VALLEY VILLAGE WARD 1,SPRING GENERAL,JUSTICE OF THE SUPREME COURT,NONPARTISAN,PATRICK CROOKS,127,127
2006,APRIL,VERNON,COON VALLEY VILLAGE WARD 1,SPRING GENERAL,JUSTICE OF THE SUPREME COURT,NONPARTISAN,SCATTERING,127,0
2006,APRIL,VERNON,DE SOTO VILLAGE WARD 1,SPRING GENERAL,JUSTICE OF THE SUPREME COURT,NONPARTISAN,PATRICK CROOKS,49,49
2006,APRIL,VERNON,DE SOTO VILLAGE WARD 1,SPRING GENERAL,JUSTICE OF THE SUPREME COURT,NONPARTISAN,SCATTERING,49,0
2006,APRIL,VERNON,GENOA VILLAGE WARD 1,SPRING GENERAL,JUSTICE OF THE SUPREME COURT,NONPARTISAN,PATRICK CROOKS,34,34
2006,APRIL,VERNON,GENOA VILLAGE WARD 1,SPRING GENERAL,JUSTICE OF THE SUPREME COURT,NONPARTISAN,SCATTERING,34,0
2006,APRIL,VERNON,LA FARGE VILLAGE WARD 1,SPRING GENERAL,JUSTICE OF THE SUPREME COURT,NONPARTISAN,PATRICK CROOKS,125,125
2006,APRIL,VERNON,LA FARGE VILLAGE WARD 1,SPRING GENERAL,JUSTICE OF THE SUPREME COURT,NONPARTISAN,SCATTERING,125,0
2006,APRIL,VERNON,ONTARIO VILLAGE WARD 1,SPRING GENERAL,JUSTICE OF THE SUPREME COURT,NONPARTISAN,PATRICK CROOKS,64,64
2006,APRIL,VERNON,ONTARIO VILLAGE WARD 1,SPRING GENERAL,JUSTICE OF THE SUPREME COURT,NONPARTISAN,SCATTERING,64,0
2006,APRIL,VERNON,READSTOWN VILLAGE WARD 1,SPRING GENERAL,JUSTICE OF THE SUPREME COURT,NONPARTISAN,PATRICK CROOKS,49,49
2006,APRIL,VERNON,READSTOWN VILLAGE WARD 1,SPRING GENERAL,JUSTICE OF THE SUPREME COURT,NONPARTISAN,SCATTERING,49,0
2006,APRIL,VERNON,STODDARD VILLAGE WARD 1,SPRING GENERAL,JUSTICE OF THE SUPREME COURT,NONPARTISAN,PATRICK CROOKS,53,53
2006,APRIL,VERNON,STODDARD VILLAGE WARD 1,SPRING GENERAL,JUSTICE OF THE SUPREME COURT,NONPARTISAN,SCATTERING,53,0
2006,APRIL,VERNON,VIOLA VILLAGE WARD 1,SPRING GENERAL,JUSTICE OF THE SUPREME COURT,NONPARTISAN,PATRICK CROOKS,44,44
2006,APRIL,VERNON,VIOLA VILLAGE WARD 1,SPRING GENERAL,JUSTICE OF THE SUPREME COURT,NONPARTISAN,SCATTERING,44,0
2006,APRIL,VERNON,HILLSBORO CITY WARDS 1 - 4,SPRING GENERAL,JUSTICE OF THE SUPREME COURT,NONPARTISAN,PATRICK CROOKS,255,255
2006,APRIL,VERNON,HILLSBORO CITY WARDS 1 - 4,SPRING GENERAL,JUSTICE OF THE SUPREME COURT,NONPARTISAN,SCATTERING,255,0
2006,APRIL,VERNON,VIROQUA CITY WARDS 1 & 2,SPRING GENERAL,JUSTICE OF THE SUPREME COURT,NONPARTISAN,PATRICK CROOKS,107,107
2006,APRIL,VERNON,VIROQUA CITY WARDS 1 & 2,SPRING GENERAL,JUSTICE OF THE SUPREME COURT,NONPARTISAN,SCATTERING,107,0
2006,APRIL,VERNON,VIROQUA CITY WARDS 3 & 4,SPRING GENERAL,JUSTICE OF THE SUPREME COURT,NONPARTISAN,PATRICK CROOKS,85,85
2006,APRIL,VERNON,VIROQUA CITY WARDS 3 & 4,SPRING GENERAL,JUSTICE OF THE SUPREME COURT,NONPARTISAN,SCATTERING,85,0
2006,APRIL,VERNON,VIROQUA CITY WARDS 5 & 6,SPRING GENERAL,JUSTICE OF THE SUPREME COURT,NONPARTISAN,PATRICK CROOKS,162,162
2006,APRIL,VERNON,VIROQUA CITY WARDS 5 & 6,SPRING GENERAL,JUSTICE OF THE SUPREME COURT,NONPARTISAN,SCATTERING,162,0
2006,APRIL,VERNON,VIROQUA CITY WARDS 7 & 8,SPRING GENERAL,JUSTICE OF THE SUPREME COURT,NONPARTISAN,PATRICK CROOKS,129,129
2006,APRIL,VERNON,VIROQUA CITY WARDS 7 & 8,SPRING GENERAL,JUSTICE OF THE SUPREME COURT,NONPARTISAN,SCATTERING,129,0
2006,APRIL,VERNON,VIROQUA CITY WARD 9,SPRING GENERAL,JUSTICE OF THE SUPREME COURT,NONPARTISAN,PATRICK CROOKS,50,50
2006,APRIL,VERNON,VIROQUA CITY WARD 9,SPRING GENERAL,JUSTICE OF THE SUPREME COURT,NONPARTISAN,SCATTERING,50,0
2006,APRIL,VERNON,WESTBY CITY WARD 1,SPRING GENERAL,JUSTICE OF THE SUPREME COURT,NONPARTISAN,PATRICK CROOKS,100,100
2006,APRIL,VERNON,WESTBY CITY WARD 1,SPRING GENERAL,JUSTICE OF THE SUPREME COURT,NONPARTISAN,SCATTERING,100,0
2006,APRIL,VERNON,WESTBY CITY WARD 2,SPRING GENERAL,JUSTICE OF THE SUPREME COURT,NONPARTISAN,PATRICK CROOKS,103,103
2006,APRIL,VERNON,WESTBY CITY WARD 2,SPRING GENERAL,JUSTICE OF THE SUPREME COURT,NONPARTISAN,SCATTERING,103,0
2006,APRIL,VERNON,WESTBY CITY WARD 3,SPRING GENERAL,JUSTICE OF THE SUPREME COURT,NONPARTISAN,PATRICK CROOKS,65,65
2006,APRIL,VERNON,WESTBY CITY WARD 3,SPRING GENERAL,JUSTICE OF THE SUPREME COURT,NONPARTISAN,SCATTERING,65,0
2006,APRIL,VERNON,WESTBY CITY WARD 4,SPRING GENERAL,JUSTICE OF THE SUPREME COURT,NONPARTISAN,PATRICK CROOKS,9,9
2006,APRIL,VERNON,WESTBY CITY WARD 4,SPRING GENERAL,JUSTICE OF THE SUPREME COURT,NONPARTISAN,SCATTERING,9,0
2006,APRIL,VERNON,WESTBY CITY WARD 5,SPRING GENERAL,JUSTICE OF THE SUPREME COURT,NONPARTISAN,PATRICK CROOKS,21,21
2006,APRIL,VERNON,WESTBY CITY WARD 5,SPRING GENERAL,JUSTICE OF THE SUPREME COURT,NONPARTISAN,SCATTERING,21,0
2006,APRIL,VILAS,ARBOR VITAE TOWN WARD 1,SPRING GENERAL,JUSTICE OF THE SUPREME COURT,NONPARTISAN,PATRICK CROOKS,43,43
2006,APRIL,VILAS,ARBOR VITAE TOWN WARD 1,SPRING GENERAL,JUSTICE OF THE SUPREME COURT,NONPARTISAN,SCATTERING,43,0
2006,APRIL,VILAS,ARBOR VITAE TOWN WARD 2,SPRING GENERAL,JUSTICE OF THE SUPREME COURT,NONPARTISAN,PATRICK CROOKS,44,44
2006,APRIL,VILAS,ARBOR VITAE TOWN WARD 2,SPRING GENERAL,JUSTICE OF THE SUPREME COURT,NONPARTISAN,SCATTERING,44,0
2006,APRIL,VILAS,ARBOR VITAE TOWN WARD 3,SPRING GENERAL,JUSTICE OF THE SUPREME COURT,NONPARTISAN,PATRICK CROOKS,50,49
2006,APRIL,VILAS,ARBOR VITAE TOWN WARD 3,SPRING GENERAL,JUSTICE OF THE SUPREME COURT,NONPARTISAN,SCATTERING,50,1
2006,APRIL,VILAS,ARBOR VITAE TOWN WARD 4,SPRING GENERAL,JUSTICE OF THE SUPREME COURT,NONPARTISAN,PATRICK CROOKS,6,6
2006,APRIL,VILAS,ARBOR VITAE TOWN WARD 4,SPRING GENERAL,JUSTICE OF THE SUPREME COURT,NONPARTISAN,SCATTERING,6,0
2006,APRIL,VILAS,BOULDER JUNCTION TOWN WARD 1,SPRING GENERAL,JUSTICE OF THE SUPREME COURT,NONPARTISAN,PATRICK CROOKS,131,129
2006,APRIL,VILAS,BOULDER JUNCTION TOWN WARD 1,SPRING GENERAL,JUSTICE OF THE SUPREME COURT,NONPARTISAN,SCATTERING,131,2
2006,APRIL,VILAS,BOULDER JUNCTION TOWN WARD 2,SPRING GENERAL,JUSTICE OF THE SUPREME COURT,NONPARTISAN,PATRICK CROOKS,53,53
2006,APRIL,VILAS,BOULDER JUNCTION TOWN WARD 2,SPRING GENERAL,JUSTICE OF THE SUPREME COURT,NONPARTISAN,SCATTERING,53,0
2006,APRIL,VILAS,CLOVERLAND TOWN WARD 1,SPRING GENERAL,JUSTICE OF THE SUPREME COURT,NONPARTISAN,PATRICK CROOKS,214,212
2006,APRIL,VILAS,CLOVERLAND TOWN WARD 1,SPRING GENERAL,JUSTICE OF THE SUPREME COURT,NONPARTISAN,SCATTERING,214,2
2006,APRIL,VILAS,CONOVER TOWN WARD 1,SPRING GENERAL,JUSTICE OF THE SUPREME COURT,NONPARTISAN,PATRICK CROOKS,261,258
2006,APRIL,VILAS,CONOVER TOWN WARD 1,SPRING GENERAL,JUSTICE OF THE SUPREME COURT,NONPARTISAN,SCATTERING,261,3
2006,APRIL,VILAS,CONOVER TOWN WARD 2,SPRING GENERAL,JUSTICE OF THE SUPREME COURT,NONPARTISAN,PATRICK CROOKS,13,13
2006,APRIL,VILAS,CONOVER TOWN WARD 2,SPRING GENERAL,JUSTICE OF THE SUPREME COURT,NONPARTISAN,SCATTERING,13,0
2006,APRIL,VILAS,CONOVER TOWN WARD 3,SPRING GENERAL,JUSTICE OF THE SUPREME COURT,NONPARTISAN,PATRICK CROOKS,19,19
2006,APRIL,VILAS,CONOVER TOWN WARD 3,SPRING GENERAL,JUSTICE OF THE SUPREME COURT,NONPARTISAN,SCATTERING,19,0
2006,APRIL,VILAS,LAC DU FLAMBEAU TOWN WARD 1,SPRING GENERAL,JUSTICE OF THE SUPREME COURT,NONPARTISAN,PATRICK CROOKS,78,78
2006,APRIL,VILAS,LAC DU FLAMBEAU TOWN WARD 1,SPRING GENERAL,JUSTICE OF THE SUPREME COURT,NONPARTISAN,SCATTERING,78,0
2006,APRIL,VILAS,LAC DU FLAMBEAU TOWN WARD 2,SPRING GENERAL,JUSTICE OF THE SUPREME COURT,NONPARTISAN,PATRICK CROOKS,92,92
2006,APRIL,VILAS,LAC DU FLAMBEAU TOWN WARD 2,SPRING GENERAL,JUSTICE OF THE SUPREME COURT,NONPARTISAN,SCATTERING,92,0
2006,APRIL,VILAS,LAC DU FLAMBEAU TOWN WARD 3,SPRING GENERAL,JUSTICE OF THE SUPREME COURT,NONPARTISAN,PATRICK CROOKS,57,57
2006,APRIL,VILAS,LAC DU FLAMBEAU TOWN WARD 3,SPRING GENERAL,JUSTICE OF THE SUPREME COURT,NONPARTISAN,SCATTERING,57,0
2006,APRIL,VILAS,LAND O'LAKES TOWN WARD 1,SPRING GENERAL,JUSTICE OF THE SUPREME COURT,NONPARTISAN,PATRICK CROOKS,320,316
2006,APRIL,VILAS,LAND O'LAKES TOWN WARD 1,SPRING GENERAL,JUSTICE OF THE SUPREME COURT,NONPARTISAN,SCATTERING,320,4
2006,APRIL,VILAS,LINCOLN TOWN WARD 1,SPRING GENERAL,JUSTICE OF THE SUPREME COURT,NONPARTISAN,PATRICK CROOKS,189,187
2006,APRIL,VILAS,LINCOLN TOWN WARD 1,SPRING GENERAL,JUSTICE OF THE SUPREME COURT,NONPARTISAN,SCATTERING,189,2
2006,APRIL,VILAS,LINCOLN TOWN WARD 2,SPRING GENERAL,JUSTICE OF THE SUPREME COURT,NONPARTISAN,PATRICK CROOKS,83,83
2006,APRIL,VILAS,LINCOLN TOWN WARD 2,SPRING GENERAL,JUSTICE OF THE SUPREME COURT,NONPARTISAN,SCATTERING,83,0
2006,APRIL,VILAS,LINCOLN TOWN WARD 3,SPRING GENERAL,JUSTICE OF THE SUPREME COURT,NONPARTISAN,PATRICK CROOKS,76,76
2006,APRIL,VILAS,LINCOLN TOWN WARD 3,SPRING GENERAL,JUSTICE OF THE SUPREME COURT,NONPARTISAN,SCATTERING,76,0
2006,APRIL,VILAS,LINCOLN TOWN WARD 4,SPRING GENERAL,JUSTICE OF THE SUPREME COURT,NONPARTISAN,PATRICK CROOKS,165,162
2006,APRIL,VILAS,LINCOLN TOWN WARD 4,SPRING GENERAL,JUSTICE OF THE SUPREME COURT,NONPARTISAN,SCATTERING,165,3
2006,APRIL,VILAS,MANITOWISH WATERS TOWN WARD 1,SPRING GENERAL,JUSTICE OF THE SUPREME COURT,NONPARTISAN,PATRICK CROOKS,125,125
2006,APRIL,VILAS,MANITOWISH WATERS TOWN WARD 1,SPRING GENERAL,JUSTICE OF THE SUPREME COURT,NONPARTISAN,SCATTERING,125,0
2006,APRIL,VILAS,PHELPS TOWN WARD 1,SPRING GENERAL,JUSTICE OF THE SUPREME COURT,NONPARTISAN,PATRICK CROOKS,136,135
2006,APRIL,VILAS,PHELPS TOWN WARD 1,SPRING GENERAL,JUSTICE OF THE SUPREME COURT,NONPARTISAN,SCATTERING,136,1
2006,APRIL,VILAS,PHELPS TOWN WARD 2,SPRING GENERAL,JUSTICE OF THE SUPREME COURT,NONPARTISAN,PATRICK CROOKS,97,95
2006,APRIL,VILAS,PHELPS TOWN WARD 2,SPRING GENERAL,JUSTICE OF THE SUPREME COURT,NONPARTISAN,SCATTERING,97,2
2006,APRIL,VILAS,PLUM LAKE TOWN WARD 1,SPRING GENERAL,JUSTICE OF THE SUPREME COURT,NONPARTISAN,PATRICK CROOKS,93,92
2006,APRIL,VILAS,PLUM LAKE TOWN WARD 1,SPRING GENERAL,JUSTICE OF THE SUPREME COURT,NONPARTISAN,SCATTERING,93,1
2006,APRIL,VILAS,PLUM LAKE TOWN WARD 2,SPRING GENERAL,JUSTICE OF THE SUPREME COURT,NONPARTISAN,PATRICK CROOKS,25,25
2006,APRIL,VILAS,PLUM LAKE TOWN WARD 2,SPRING GENERAL,JUSTICE OF THE SUPREME COURT,NONPARTISAN,SCATTERING,25,0
2006,APRIL,VILAS,PRESQUE ISLE TOWN WARD 1,SPRING GENERAL,JUSTICE OF THE SUPREME COURT,NONPARTISAN,PATRICK CROOKS,123,123
2006,APRIL,VILAS,PRESQUE ISLE TOWN WARD 1,SPRING GENERAL,JUSTICE OF THE SUPREME COURT,NONPARTISAN,SCATTERING,123,0
2006,APRIL,VILAS,ST GERMAIN TOWN WARD 1,SPRING GENERAL,JUSTICE OF THE SUPREME COURT,NONPARTISAN,PATRICK CROOKS,237,234
2006,APRIL,VILAS,ST GERMAIN TOWN WARD 1,SPRING GENERAL,JUSTICE OF THE SUPREME COURT,NONPARTISAN,SCATTERING,237,3
2006,APRIL,VILAS,ST GERMAIN TOWN WARD 2,SPRING GENERAL,JUSTICE OF THE SUPREME COURT,NONPARTISAN,PATRICK CROOKS,261,258
2006,APRIL,VILAS,ST GERMAIN TOWN WARD 2,SPRING GENERAL,JUSTICE OF THE SUPREME COURT,NONPARTISAN,SCATTERING,261,3
2006,APRIL,VILAS,WASHINGTON TOWN WARD 1,SPRING GENERAL,JUSTICE OF THE SUPREME COURT,NONPARTISAN,PATRICK CROOKS,178,178
2006,APRIL,VILAS,WASHINGTON TOWN WARD 1,SPRING GENERAL,JUSTICE OF THE SUPREME COURT,NONPARTISAN,SCATTERING,178,0
2006,APRIL,VILAS,WASHINGTON TOWN WARD 2,SPRING GENERAL,JUSTICE OF THE SUPREME COURT,NONPARTISAN,PATRICK CROOKS,136,134
2006,APRIL,VILAS,WASHINGTON TOWN WARD 2,SPRING GENERAL,JUSTICE OF THE SUPREME COURT,NONPARTISAN,SCATTERING,136,2
2006,APRIL,VILAS,WASHINGTON TOWN WARD 3,SPRING GENERAL,JUSTICE OF THE SUPREME COURT,NONPARTISAN,PATRICK CROOKS,96,96
2006,APRIL,VILAS,WASHINGTON TOWN WARD 3,SPRING GENERAL,JUSTICE OF THE SUPREME COURT,NONPARTISAN,SCATTERING,96,0
2006,APRIL,VILAS,WINCHESTER TOWN WARD 1,SPRING GENERAL,JUSTICE OF THE SUPREME COURT,NONPARTISAN,PATRICK CROOKS,120,118
2006,APRIL,VILAS,WINCHESTER TOWN WARD 1,SPRING GENERAL,JUSTICE OF THE SUPREME COURT,NONPARTISAN,SCATTERING,120,2
2006,APRIL,VILAS,EAGLE RIVER CITY WARDS 1 - 3,SPRING GENERAL,JUSTICE OF THE SUPREME COURT,NONPARTISAN,PATRICK CROOKS,170,169
2006,APRIL,VILAS,EAGLE RIVER CITY WARDS 1 - 3,SPRING GENERAL,JUSTICE OF THE SUPREME COURT,NONPARTISAN,SCATTERING,170,1
2006,APRIL,VILAS,EAGLE RIVER CITY WARDS 4 & 5,SPRING GENERAL,JUSTICE OF THE SUPREME COURT,NONPARTISAN,PATRICK CROOKS,59,59
2006,APRIL,VILAS,EAGLE RIVER CITY WARDS 4 & 5,SPRING GENERAL,JUSTICE OF THE SUPREME COURT,NONPARTISAN,SCATTERING,59,0
2006,APRIL,WALWORTH,BLOOMFIELD TOWN WARDS 1 - 7,SPRING GENERAL,JUSTICE OF THE SUPREME COURT,NONPARTISAN,PATRICK CROOKS,232,230
2006,APRIL,WALWORTH,BLOOMFIELD TOWN WARDS 1 - 7,SPRING GENERAL,JUSTICE OF THE SUPREME COURT,NONPARTISAN,SCATTERING,232,2
2006,APRIL,WALWORTH,DARIEN TOWN WARDS 1 - 6,SPRING GENERAL,JUSTICE OF THE SUPREME COURT,NONPARTISAN,PATRICK CROOKS,91,88
2006,APRIL,WALWORTH,DARIEN TOWN WARDS 1 - 6,SPRING GENERAL,JUSTICE OF THE SUPREME COURT,NONPARTISAN,SCATTERING,91,3
2006,APRIL,WALWORTH,DELAVAN TOWN WARDS 1 - 6,SPRING GENERAL,JUSTICE OF THE SUPREME COURT,NONPARTISAN,PATRICK CROOKS,662,657
2006,APRIL,WALWORTH,DELAVAN TOWN WARDS 1 - 6,SPRING GENERAL,JUSTICE OF THE SUPREME COURT,NONPARTISAN,SCATTERING,662,5
2006,APRIL,WALWORTH,EAST TROY TOWN WARDS 1 - 6,SPRING GENERAL,JUSTICE OF THE SUPREME COURT,NONPARTISAN,PATRICK CROOKS,290,287
2006,APRIL,WALWORTH,EAST TROY TOWN WARDS 1 - 6,SPRING GENERAL,JUSTICE OF THE SUPREME COURT,NONPARTISAN,SCATTERING,290,3
2006,APRIL,WALWORTH,GENEVA TOWN WARDS 1 - 8,SPRING GENERAL,JUSTICE OF THE SUPREME COURT,NONPARTISAN,PATRICK CROOKS,145,143
2006,APRIL,WALWORTH,GENEVA TOWN WARDS 1 - 8,SPRING GENERAL,JUSTICE OF THE SUPREME COURT,NONPARTISAN,SCATTERING,145,2
2006,APRIL,WALWORTH,LAFAYETTE TOWN WARDS 1 - 4,SPRING GENERAL,JUSTICE OF THE SUPREME COURT,NONPARTISAN,PATRICK CROOKS,138,138
2006,APRIL,WALWORTH,LAFAYETTE TOWN WARDS 1 - 4,SPRING GENERAL,JUSTICE OF THE SUPREME COURT,NONPARTISAN,SCATTERING,138,0
2006,APRIL,WALWORTH,LA GRANGE TOWN WARDS 1 - 3,SPRING GENERAL,JUSTICE OF THE SUPREME COURT,NONPARTISAN,PATRICK CROOKS,180,177
2006,APRIL,WALWORTH,LA GRANGE TOWN WARDS 1 - 3,SPRING GENERAL,JUSTICE OF THE SUPREME COURT,NONPARTISAN,SCATTERING,180,3
2006,APRIL,WALWORTH,"LINN TOWN WARDS 1, 2 & 4",SPRING GENERAL,JUSTICE OF THE SUPREME COURT,NONPARTISAN,PATRICK CROOKS,67,67
2006,APRIL,WALWORTH,"LINN TOWN WARDS 1, 2 & 4",SPRING GENERAL,JUSTICE OF THE SUPREME COURT,NONPARTISAN,SCATTERING,67,0
2006,APRIL,WALWORTH,LINN TOWN WARDS 3 & 5,SPRING GENERAL,JUSTICE OF THE SUPREME COURT,NONPARTISAN,PATRICK CROOKS,21,21
2006,APRIL,WALWORTH,LINN TOWN WARDS 3 & 5,SPRING GENERAL,JUSTICE OF THE SUPREME COURT,NONPARTISAN,SCATTERING,21,0
2006,APRIL,WALWORTH,LYONS TOWN WARDS 1 - 6,SPRING GENERAL,JUSTICE OF THE SUPREME COURT,NONPARTISAN,PATRICK CROOKS,91,91
2006,APRIL,WALWORTH,LYONS TOWN WARDS 1 - 6,SPRING GENERAL,JUSTICE OF THE SUPREME COURT,NONPARTISAN,SCATTERING,91,0
2006,APRIL,WALWORTH,RICHMOND TOWN WARDS 1 - 3,SPRING GENERAL,JUSTICE OF THE SUPREME COURT,NONPARTISAN,PATRICK CROOKS,150,150
2006,APRIL,WALWORTH,RICHMOND TOWN WARDS 1 - 3,SPRING GENERAL,JUSTICE OF THE SUPREME COURT,NONPARTISAN,SCATTERING,150,0
2006,APRIL,WALWORTH,SHARON TOWN WARD 1,SPRING GENERAL,JUSTICE OF THE SUPREME COURT,NONPARTISAN,PATRICK CROOKS,35,35
2006,APRIL,WALWORTH,SHARON TOWN WARD 1,SPRING GENERAL,JUSTICE OF THE SUPREME COURT,NONPARTISAN,SCATTERING,35,0
2006,APRIL,WALWORTH,SPRING PRAIRIE TOWN WARDS 1 - 4,SPRING GENERAL,JUSTICE OF THE SUPREME COURT,NONPARTISAN,PATRICK CROOKS,117,117
2006,APRIL,WALWORTH,SPRING PRAIRIE TOWN WARDS 1 - 4,SPRING GENERAL,JUSTICE OF THE SUPREME COURT,NONPARTISAN,SCATTERING,117,0
2006,APRIL,WALWORTH,SUGAR CREEK TOWN WARDS 1 - 5,SPRING GENERAL,JUSTICE OF THE SUPREME COURT,NONPARTISAN,PATRICK CROOKS,223,223
2006,APRIL,WALWORTH,SUGAR CREEK TOWN WARDS 1 - 5,SPRING GENERAL,JUSTICE OF THE SUPREME COURT,NONPARTISAN,SCATTERING,223,0
2006,APRIL,WALWORTH,TROY TOWN WARDS 1 - 3,SPRING GENERAL,JUSTICE OF THE SUPREME COURT,NONPARTISAN,PATRICK CROOKS,229,229
2006,APRIL,WALWORTH,TROY TOWN WARDS 1 - 3,SPRING GENERAL,JUSTICE OF THE SUPREME COURT,NONPARTISAN,SCATTERING,229,0
2006,APRIL,WALWORTH,WALWORTH TOWN WARDS 1 - 4,SPRING GENERAL,JUSTICE OF THE SUPREME COURT,NONPARTISAN,PATRICK CROOKS,106,106
2006,APRIL,WALWORTH,WALWORTH TOWN WARDS 1 - 4,SPRING GENERAL,JUSTICE OF THE SUPREME COURT,NONPARTISAN,SCATTERING,106,0
2006,APRIL,WALWORTH,WHITEWATER TOWN WARDS 1 - 3,SPRING GENERAL,JUSTICE OF THE SUPREME COURT,NONPARTISAN,PATRICK CROOKS,155,154
2006,APRIL,WALWORTH,WHITEWATER TOWN WARDS 1 - 3,SPRING GENERAL,JUSTICE OF THE SUPREME COURT,NONPARTISAN,SCATTERING,155,1
2006,APRIL,WALWORTH,DARIEN VILLAGE WARDS 1 & 2,SPRING GENERAL,JUSTICE OF THE SUPREME COURT,NONPARTISAN,PATRICK CROOKS,150,150
2006,APRIL,WALWORTH,DARIEN VILLAGE WARDS 1 & 2,SPRING GENERAL,JUSTICE OF THE SUPREME COURT,NONPARTISAN,SCATTERING,150,0
2006,APRIL,WALWORTH,EAST TROY VILLAGE WARDS 1 - 7,SPRING GENERAL,JUSTICE OF THE SUPREME COURT,NONPARTISAN,PATRICK CROOKS,368,365
2006,APRIL,WALWORTH,EAST TROY VILLAGE WARDS 1 - 7,SPRING GENERAL,JUSTICE OF THE SUPREME COURT,NONPARTISAN,SCATTERING,368,3
2006,APRIL,WALWORTH,FONTANA VILLAGE WARDS 1 - 4,SPRING GENERAL,JUSTICE OF THE SUPREME COURT,NONPARTISAN,PATRICK CROOKS,388,387
2006,APRIL,WALWORTH,FONTANA VILLAGE WARDS 1 - 4,SPRING GENERAL,JUSTICE OF THE SUPREME COURT,NONPARTISAN,SCATTERING,388,1
2006,APRIL,WALWORTH,GENOA CITY VILLAGE WARDS 1 - 3,SPRING GENERAL,JUSTICE OF THE SUPREME COURT,NONPARTISAN,PATRICK CROOKS,250,247
2006,APRIL,WALWORTH,GENOA CITY VILLAGE WARDS 1 - 3,SPRING GENERAL,JUSTICE OF THE SUPREME COURT,NONPARTISAN,SCATTERING,250,3
2006,APRIL,WALWORTH,MUKWONAGO VILLAGE WARD 9,SPRING GENERAL,JUSTICE OF THE SUPREME COURT,NONPARTISAN,PATRICK CROOKS,5,5
2006,APRIL,WALWORTH,MUKWONAGO VILLAGE WARD 9,SPRING GENERAL,JUSTICE OF THE SUPREME COURT,NONPARTISAN,SCATTERING,5,0
2006,APRIL,WALWORTH,SHARON VILLAGE WARDS 1 & 2,SPRING GENERAL,JUSTICE OF THE SUPREME COURT,NONPARTISAN,PATRICK CROOKS,168,167
2006,APRIL,WALWORTH,SHARON VILLAGE WARDS 1 & 2,SPRING GENERAL,JUSTICE OF THE SUPREME COURT,NONPARTISAN,SCATTERING,168,1
2006,APRIL,WALWORTH,WALWORTH VILLAGE WARDS 1 - 3,SPRING GENERAL,JUSTICE OF THE SUPREME COURT,NONPARTISAN,PATRICK CROOKS,108,106
2006,APRIL,WALWORTH,WALWORTH VILLAGE WARDS 1 - 3,SPRING GENERAL,JUSTICE OF THE SUPREME COURT,NONPARTISAN,SCATTERING,108,2
2006,APRIL,WALWORTH,WILLIAMS BAY VILLAGE WARDS 1 - 4,SPRING GENERAL,JUSTICE OF THE SUPREME COURT,NONPARTISAN,PATRICK CROOKS,76,75
2006,APRIL,WALWORTH,WILLIAMS BAY VILLAGE WARDS 1 - 4,SPRING GENERAL,JUSTICE OF THE SUPREME COURT,NONPARTISAN,SCATTERING,76,1
2006,APRIL,WALWORTH,BURLINGTON CITY WARD 17,SPRING GENERAL,JUSTICE OF THE SUPREME COURT,NONPARTISAN,PATRICK CROOKS,0,0
2006,APRIL,WALWORTH,BURLINGTON CITY WARD 17,SPRING GENERAL,JUSTICE OF THE SUPREME COURT,NONPARTISAN,SCATTERING,0,0
2006,APRIL,WALWORTH,DELAVAN CITY WARDS 1 - 11,SPRING GENERAL,JUSTICE OF THE SUPREME COURT,NONPARTISAN,PATRICK CROOKS,1113,1108
2006,APRIL,WALWORTH,DELAVAN CITY WARDS 1 - 11,SPRING GENERAL,JUSTICE OF THE SUPREME COURT,NONPARTISAN,SCATTERING,1113,5
2006,APRIL,WALWORTH,ELKHORN CITY WARDS 1 & 6,SPRING GENERAL,JUSTICE OF THE SUPREME COURT,NONPARTISAN,PATRICK CROOKS,165,165
2006,APRIL,WALWORTH,ELKHORN CITY WARDS 1 & 6,SPRING GENERAL,JUSTICE OF THE SUPREME COURT,NONPARTISAN,SCATTERING,165,0
2006,APRIL,WALWORTH,ELKHORN CITY WARDS 2 & 3,SPRING GENERAL,JUSTICE OF THE SUPREME COURT,NONPARTISAN,PATRICK CROOKS,99,99
2006,APRIL,WALWORTH,ELKHORN CITY WARDS 2 & 3,SPRING GENERAL,JUSTICE OF THE SUPREME COURT,NONPARTISAN,SCATTERING,99,0
2006,APRIL,WALWORTH,"ELKHORN CITY WARDS 4, 5 & 15",SPRING GENERAL,JUSTICE OF THE SUPREME COURT,NONPARTISAN,PATRICK CROOKS,184,184
2006,APRIL,WALWORTH,"ELKHORN CITY WARDS 4, 5 & 15",SPRING GENERAL,JUSTICE OF THE SUPREME COURT,NONPARTISAN,SCATTERING,184,0
2006,APRIL,WALWORTH,ELKHORN CITY WARDS 7 & 8,SPRING GENERAL,JUSTICE OF THE SUPREME COURT,NONPARTISAN,PATRICK CROOKS,197,196
2006,APRIL,WALWORTH,ELKHORN CITY WARDS 7 & 8,SPRING GENERAL,JUSTICE OF THE SUPREME COURT,NONPARTISAN,SCATTERING,197,1
2006,APRIL,WALWORTH,ELKHORN CITY WARDS 9 & 11,SPRING GENERAL,JUSTICE OF THE SUPREME COURT,NONPARTISAN,PATRICK CROOKS,181,181
2006,APRIL,WALWORTH,ELKHORN CITY WARDS 9 & 11,SPRING GENERAL,JUSTICE OF THE SUPREME COURT,NONPARTISAN,SCATTERING,181,0
2006,APRIL,WALWORTH,"ELKHORN CITY WARDS 10, 12 - 14",SPRING GENERAL,JUSTICE OF THE SUPREME COURT,NONPARTISAN,PATRICK CROOKS,125,123
2006,APRIL,WALWORTH,"ELKHORN CITY WARDS 10, 12 - 14",SPRING GENERAL,JUSTICE OF THE SUPREME COURT,NONPARTISAN,SCATTERING,125,2
2006,APRIL,WALWORTH,"LAKE GENEVA CITY WARDS 1, 2, 12 & 18",SPRING GENERAL,JUSTICE OF THE SUPREME COURT,NONPARTISAN,PATRICK CROOKS,241,237
2006,APRIL,WALWORTH,"LAKE GENEVA CITY WARDS 1, 2, 12 & 18",SPRING GENERAL,JUSTICE OF THE SUPREME COURT,NONPARTISAN,SCATTERING,241,4
2006,APRIL,WALWORTH,"LAKE GENEVA CITY WARDS 3, 4, 11 & 16",SPRING GENERAL,JUSTICE OF THE SUPREME COURT,NONPARTISAN,PATRICK CROOKS,144,143
2006,APRIL,WALWORTH,"LAKE GENEVA CITY WARDS 3, 4, 11 & 16",SPRING GENERAL,JUSTICE OF THE SUPREME COURT,NONPARTISAN,SCATTERING,144,1
2006,APRIL,WALWORTH,"LAKE GENEVA CITY WARDS 5, 6, 9, 10, 13, 14, 17 & 19",SPRING GENERAL,JUSTICE OF THE SUPREME COURT,NONPARTISAN,PATRICK CROOKS,208,207
2006,APRIL,WALWORTH,"LAKE GENEVA CITY WARDS 5, 6, 9, 10, 13, 14, 17 & 19",SPRING GENERAL,JUSTICE OF THE SUPREME COURT,NONPARTISAN,SCATTERING,208,1
2006,APRIL,WALWORTH,"LAKE GENEVA CITY WARDS 7, 8 & 15",SPRING GENERAL,JUSTICE OF THE SUPREME COURT,NONPARTISAN,PATRICK CROOKS,162,159
2006,APRIL,WALWORTH,"LAKE GENEVA CITY WARDS 7, 8 & 15",SPRING GENERAL,JUSTICE OF THE SUPREME COURT,NONPARTISAN,SCATTERING,162,3
2006,APRIL,WALWORTH,"WHITEWATER CITY WARDS 1, 2, 12 & 16",SPRING GENERAL,JUSTICE OF THE SUPREME COURT,NONPARTISAN,PATRICK CROOKS,139,138
2006,APRIL,WALWORTH,"WHITEWATER CITY WARDS 1, 2, 12 & 16",SPRING GENERAL,JUSTICE OF THE SUPREME COURT,NONPARTISAN,SCATTERING,139,1
2006,APRIL,WALWORTH,WHITEWATER CITY WARDS 3 & 4,SPRING GENERAL,JUSTICE OF THE SUPREME COURT,NONPARTISAN,PATRICK CROOKS,151,148
2006,APRIL,WALWORTH,WHITEWATER CITY WARDS 3 & 4,SPRING GENERAL,JUSTICE OF THE SUPREME COURT,NONPARTISAN,SCATTERING,151,3
2006,APRIL,WALWORTH,"WHITEWATER CITY WARDS 5, 6 & 13",SPRING GENERAL,JUSTICE OF THE SUPREME COURT,NONPARTISAN,PATRICK CROOKS,185,182
2006,APRIL,WALWORTH,"WHITEWATER CITY WARDS 5, 6 & 13",SPRING GENERAL,JUSTICE OF THE SUPREME COURT,NONPARTISAN,SCATTERING,185,3
2006,APRIL,WALWORTH,WHITEWATER CITY WARDS 7 & 8,SPRING GENERAL,JUSTICE OF THE SUPREME COURT,NONPARTISAN,PATRICK CROOKS,58,55
2006,APRIL,WALWORTH,WHITEWATER CITY WARDS 7 & 8,SPRING GENERAL,JUSTICE OF THE SUPREME COURT,NONPARTISAN,SCATTERING,58,3
2006,APRIL,WASHBURN,BARRONETT TOWN WARDS 1 & 2,SPRING GENERAL,JUSTICE OF THE SUPREME COURT,NONPARTISAN,PATRICK CROOKS,22,22
2006,APRIL,WASHBURN,BARRONETT TOWN WARDS 1 & 2,SPRING GENERAL,JUSTICE OF THE SUPREME COURT,NONPARTISAN,SCATTERING,22,0
2006,APRIL,WASHBURN,BASHAW TOWN WARDS 1 - 3,SPRING GENERAL,JUSTICE OF THE SUPREME COURT,NONPARTISAN,PATRICK CROOKS,82,82
2006,APRIL,WASHBURN,BASHAW TOWN WARDS 1 - 3,SPRING GENERAL,JUSTICE OF THE SUPREME COURT,NONPARTISAN,SCATTERING,82,0
2006,APRIL,WASHBURN,BASS LAKE TOWN WARD 1,SPRING GENERAL,JUSTICE OF THE SUPREME COURT,NONPARTISAN,PATRICK CROOKS,38,38
2006,APRIL,WASHBURN,BASS LAKE TOWN WARD 1,SPRING GENERAL,JUSTICE OF THE SUPREME COURT,NONPARTISAN,SCATTERING,38,0
2006,APRIL,WASHBURN,BEAVER BROOK TOWN WARDS 1 - 3,SPRING GENERAL,JUSTICE OF THE SUPREME COURT,NONPARTISAN,PATRICK CROOKS,98,98
2006,APRIL,WASHBURN,BEAVER BROOK TOWN WARDS 1 - 3,SPRING GENERAL,JUSTICE OF THE SUPREME COURT,NONPARTISAN,SCATTERING,98,0
2006,APRIL,WASHBURN,BIRCHWOOD TOWN WARDS 1 & 2,SPRING GENERAL,JUSTICE OF THE SUPREME COURT,NONPARTISAN,PATRICK CROOKS,50,50
2006,APRIL,WASHBURN,BIRCHWOOD TOWN WARDS 1 & 2,SPRING GENERAL,JUSTICE OF THE SUPREME COURT,NONPARTISAN,SCATTERING,50,0
2006,APRIL,WASHBURN,BROOKLYN TOWN WARD 1,SPRING GENERAL,JUSTICE OF THE SUPREME COURT,NONPARTISAN,PATRICK CROOKS,22,22
2006,APRIL,WASHBURN,BROOKLYN TOWN WARD 1,SPRING GENERAL,JUSTICE OF THE SUPREME COURT,NONPARTISAN,SCATTERING,22,0
2006,APRIL,WASHBURN,CASEY TOWN WARD 1,SPRING GENERAL,JUSTICE OF THE SUPREME COURT,NONPARTISAN,PATRICK CROOKS,53,53
2006,APRIL,WASHBURN,CASEY TOWN WARD 1,SPRING GENERAL,JUSTICE OF THE SUPREME COURT,NONPARTISAN,SCATTERING,53,0
2006,APRIL,WASHBURN,CHICOG TOWN WARDS 1 & 2,SPRING GENERAL,JUSTICE OF THE SUPREME COURT,NONPARTISAN,PATRICK CROOKS,22,22
2006,APRIL,WASHBURN,CHICOG TOWN WARDS 1 & 2,SPRING GENERAL,JUSTICE OF THE SUPREME COURT,NONPARTISAN,SCATTERING,22,0
2006,APRIL,WASHBURN,CRYSTAL TOWN WARDS 1 & 2,SPRING GENERAL,JUSTICE OF THE SUPREME COURT,NONPARTISAN,PATRICK CROOKS,28,28
2006,APRIL,WASHBURN,CRYSTAL TOWN WARDS 1 & 2,SPRING GENERAL,JUSTICE OF THE SUPREME COURT,NONPARTISAN,SCATTERING,28,0
2006,APRIL,WASHBURN,EVERGREEN TOWN WARDS 1 & 2,SPRING GENERAL,JUSTICE OF THE SUPREME COURT,NONPARTISAN,PATRICK CROOKS,112,110
2006,APRIL,WASHBURN,EVERGREEN TOWN WARDS 1 & 2,SPRING GENERAL,JUSTICE OF THE SUPREME COURT,NONPARTISAN,SCATTERING,112,2
2006,APRIL,WASHBURN,FROG CREEK TOWN WARD 1,SPRING GENERAL,JUSTICE OF THE SUPREME COURT,NONPARTISAN,PATRICK CROOKS,24,24
2006,APRIL,WASHBURN,FROG CREEK TOWN WARD 1,SPRING GENERAL,JUSTICE OF THE SUPREME COURT,NONPARTISAN,SCATTERING,24,0
2006,APRIL,WASHBURN,GULL LAKE TOWN WARD 1,SPRING GENERAL,JUSTICE OF THE SUPREME COURT,NONPARTISAN,PATRICK CROOKS,30,30
2006,APRIL,WASHBURN,GULL LAKE TOWN WARD 1,SPRING GENERAL,JUSTICE OF THE SUPREME COURT,NONPARTISAN,SCATTERING,30,0
2006,APRIL,WASHBURN,LONG LAKE TOWN WARD 1,SPRING GENERAL,JUSTICE OF THE SUPREME COURT,NONPARTISAN,PATRICK CROOKS,64,64
2006,APRIL,WASHBURN,LONG LAKE TOWN WARD 1,SPRING GENERAL,JUSTICE OF THE SUPREME COURT,NONPARTISAN,SCATTERING,64,0
2006,APRIL,WASHBURN,MADGE TOWN WARDS 1 - 3,SPRING GENERAL,JUSTICE OF THE SUPREME COURT,NONPARTISAN,PATRICK CROOKS,72,71
2006,APRIL,WASHBURN,MADGE TOWN WARDS 1 - 3,SPRING GENERAL,JUSTICE OF THE SUPREME COURT,NONPARTISAN,SCATTERING,72,1
2006,APRIL,WASHBURN,MINONG TOWN WARDS 1 & 2,SPRING GENERAL,JUSTICE OF THE SUPREME COURT,NONPARTISAN,PATRICK CROOKS,150,150
2006,APRIL,WASHBURN,MINONG TOWN WARDS 1 & 2,SPRING GENERAL,JUSTICE OF THE SUPREME COURT,NONPARTISAN,SCATTERING,150,0
2006,APRIL,WASHBURN,SARONA TOWN WARD 1,SPRING GENERAL,JUSTICE OF THE SUPREME COURT,NONPARTISAN,PATRICK CROOKS,29,29
2006,APRIL,WASHBURN,SARONA TOWN WARD 1,SPRING GENERAL,JUSTICE OF THE SUPREME COURT,NONPARTISAN,SCATTERING,29,0
2006,APRIL,WASHBURN,SPOONER TOWN WARDS 1 - 3,SPRING GENERAL,JUSTICE OF THE SUPREME COURT,NONPARTISAN,PATRICK CROOKS,77,76
2006,APRIL,WASHBURN,SPOONER TOWN WARDS 1 - 3,SPRING GENERAL,JUSTICE OF THE SUPREME COURT,NONPARTISAN,SCATTERING,77,1
2006,APRIL,WASHBURN,SPRINGBROOK TOWN WARD 1,SPRING GENERAL,JUSTICE OF THE SUPREME COURT,NONPARTISAN,PATRICK CROOKS,23,23
2006,APRIL,WASHBURN,SPRINGBROOK TOWN WARD 1,SPRING GENERAL,JUSTICE OF THE SUPREME COURT,NONPARTISAN,SCATTERING,23,0
2006,APRIL,WASHBURN,STINNETT TOWN WARD 1,SPRING GENERAL,JUSTICE OF THE SUPREME COURT,NONPARTISAN,PATRICK CROOKS,42,41
2006,APRIL,WASHBURN,STINNETT TOWN WARD 1,SPRING GENERAL,JUSTICE OF THE SUPREME COURT,NONPARTISAN,SCATTERING,42,1
2006,APRIL,WASHBURN,STONE LAKE TOWN WARD 1,SPRING GENERAL,JUSTICE OF THE SUPREME COURT,NONPARTISAN,PATRICK CROOKS,40,40
2006,APRIL,WASHBURN,STONE LAKE TOWN WARD 1,SPRING GENERAL,JUSTICE OF THE SUPREME COURT,NONPARTISAN,SCATTERING,40,0
2006,APRIL,WASHBURN,TREGO TOWN WARDS 1 - 3,SPRING GENERAL,JUSTICE OF THE SUPREME COURT,NONPARTISAN,PATRICK CROOKS,68,68
2006,APRIL,WASHBURN,TREGO TOWN WARDS 1 - 3,SPRING GENERAL,JUSTICE OF THE SUPREME COURT,NONPARTISAN,SCATTERING,68,0
2006,APRIL,WASHBURN,BIRCHWOOD VILLAGE WARD 1,SPRING GENERAL,JUSTICE OF THE SUPREME COURT,NONPARTISAN,PATRICK CROOKS,76,76
2006,APRIL,WASHBURN,BIRCHWOOD VILLAGE WARD 1,SPRING GENERAL,JUSTICE OF THE SUPREME COURT,NONPARTISAN,SCATTERING,76,0
2006,APRIL,WASHBURN,MINONG VILLAGE WARD 1,SPRING GENERAL,JUSTICE OF THE SUPREME COURT,NONPARTISAN,PATRICK CROOKS,60,60
2006,APRIL,WASHBURN,MINONG VILLAGE WARD 1,SPRING GENERAL,JUSTICE OF THE SUPREME COURT,NONPARTISAN,SCATTERING,60,0
2006,APRIL,WASHBURN,SPOONER CITY WARD 1,SPRING GENERAL,JUSTICE OF THE SUPREME COURT,NONPARTISAN,PATRICK CROOKS,83,82
2006,APRIL,WASHBURN,SPOONER CITY WARD 1,SPRING GENERAL,JUSTICE OF THE SUPREME COURT,NONPARTISAN,SCATTERING,83,1
2006,APRIL,WASHBURN,SPOONER CITY WARD 2,SPRING GENERAL,JUSTICE OF THE SUPREME COURT,NONPARTISAN,PATRICK CROOKS,56,56
2006,APRIL,WASHBURN,SPOONER CITY WARD 2,SPRING GENERAL,JUSTICE OF THE SUPREME COURT,NONPARTISAN,SCATTERING,56,0
2006,APRIL,WASHBURN,SPOONER CITY WARD 3,SPRING GENERAL,JUSTICE OF THE SUPREME COURT,NONPARTISAN,PATRICK CROOKS,88,88
2006,APRIL,WASHBURN,SPOONER CITY WARD 3,SPRING GENERAL,JUSTICE OF THE SUPREME COURT,NONPARTISAN,SCATTERING,88,0
2006,APRIL,WASHBURN,SPOONER CITY WARD 4,SPRING GENERAL,JUSTICE OF THE SUPREME COURT,NONPARTISAN,PATRICK CROOKS,83,83
2006,APRIL,WASHBURN,SPOONER CITY WARD 4,SPRING GENERAL,JUSTICE OF THE SUPREME COURT,NONPARTISAN,SCATTERING,83,0
2006,APRIL,WASHBURN,SHELL LAKE CITY WARD 1,SPRING GENERAL,JUSTICE OF THE SUPREME COURT,NONPARTISAN,PATRICK CROOKS,70,70
2006,APRIL,WASHBURN,SHELL LAKE CITY WARD 1,SPRING GENERAL,JUSTICE OF THE SUPREME COURT,NONPARTISAN,SCATTERING,70,0
2006,APRIL,WASHBURN,SHELL LAKE CITY WARD 2,SPRING GENERAL,JUSTICE OF THE SUPREME COURT,NONPARTISAN,PATRICK CROOKS,72,71
2006,APRIL,WASHBURN,SHELL LAKE CITY WARD 2,SPRING GENERAL,JUSTICE OF THE SUPREME COURT,NONPARTISAN,SCATTERING,72,1
2006,APRIL,WASHINGTON,ADDISON TOWN WARDS 1 - 6,SPRING GENERAL,JUSTICE OF THE SUPREME COURT,NONPARTISAN,PATRICK CROOKS,162,162
2006,APRIL,WASHINGTON,ADDISON TOWN WARDS 1 - 6,SPRING GENERAL,JUSTICE OF THE SUPREME COURT,NONPARTISAN,SCATTERING,162,0
2006,APRIL,WASHINGTON,BARTON TOWN WARDS 1 - 4,SPRING GENERAL,JUSTICE OF THE SUPREME COURT,NONPARTISAN,PATRICK CROOKS,101,101
2006,APRIL,WASHINGTON,BARTON TOWN WARDS 1 - 4,SPRING GENERAL,JUSTICE OF THE SUPREME COURT,NONPARTISAN,SCATTERING,101,0
2006,APRIL,WASHINGTON,ERIN TOWN WARDS 1 - 4,SPRING GENERAL,JUSTICE OF THE SUPREME COURT,NONPARTISAN,PATRICK CROOKS,376,375
2006,APRIL,WASHINGTON,ERIN TOWN WARDS 1 - 4,SPRING GENERAL,JUSTICE OF THE SUPREME COURT,NONPARTISAN,SCATTERING,376,1
2006,APRIL,WASHINGTON,FARMINGTON TOWN WARDS 1 - 4,SPRING GENERAL,JUSTICE OF THE SUPREME COURT,NONPARTISAN,PATRICK CROOKS,221,221
2006,APRIL,WASHINGTON,FARMINGTON TOWN WARDS 1 - 4,SPRING GENERAL,JUSTICE OF THE SUPREME COURT,NONPARTISAN,SCATTERING,221,0
2006,APRIL,WASHINGTON,GERMANTOWN TOWN WARD 1,SPRING GENERAL,JUSTICE OF THE SUPREME COURT,NONPARTISAN,PATRICK CROOKS,28,28
2006,APRIL,WASHINGTON,GERMANTOWN TOWN WARD 1,SPRING GENERAL,JUSTICE OF THE SUPREME COURT,NONPARTISAN,SCATTERING,28,0
2006,APRIL,WASHINGTON,HARTFORD TOWN WARDS 1 - 6,SPRING GENERAL,JUSTICE OF THE SUPREME COURT,NONPARTISAN,PATRICK CROOKS,305,304
2006,APRIL,WASHINGTON,HARTFORD TOWN WARDS 1 - 6,SPRING GENERAL,JUSTICE OF THE SUPREME COURT,NONPARTISAN,SCATTERING,305,1
2006,APRIL,WASHINGTON,JACKSON TOWN WARDS 1 - 5,SPRING GENERAL,JUSTICE OF THE SUPREME COURT,NONPARTISAN,PATRICK CROOKS,507,505
2006,APRIL,WASHINGTON,JACKSON TOWN WARDS 1 - 5,SPRING GENERAL,JUSTICE OF THE SUPREME COURT,NONPARTISAN,SCATTERING,507,2
2006,APRIL,WASHINGTON,KEWASKUM TOWN WARDS 1 & 2,SPRING GENERAL,JUSTICE OF THE SUPREME COURT,NONPARTISAN,PATRICK CROOKS,117,117
2006,APRIL,WASHINGTON,KEWASKUM TOWN WARDS 1 & 2,SPRING GENERAL,JUSTICE OF THE SUPREME COURT,NONPARTISAN,SCATTERING,117,0
2006,APRIL,WASHINGTON,POLK TOWN WARDS 1 - 7,SPRING GENERAL,JUSTICE OF THE SUPREME COURT,NONPARTISAN,PATRICK CROOKS,353,352
2006,APRIL,WASHINGTON,POLK TOWN WARDS 1 - 7,SPRING GENERAL,JUSTICE OF THE SUPREME COURT,NONPARTISAN,SCATTERING,353,1
2006,APRIL,WASHINGTON,RICHFIELD TOWN WARDS 1 & 8,SPRING GENERAL,JUSTICE OF THE SUPREME COURT,NONPARTISAN,PATRICK CROOKS,271,271
2006,APRIL,WASHINGTON,RICHFIELD TOWN WARDS 1 & 8,SPRING GENERAL,JUSTICE OF THE SUPREME COURT,NONPARTISAN,SCATTERING,271,0
2006,APRIL,WASHINGTON,RICHFIELD TOWN WARDS 2 - 4,SPRING GENERAL,JUSTICE OF THE SUPREME COURT,NONPARTISAN,PATRICK CROOKS,243,243
2006,APRIL,WASHINGTON,RICHFIELD TOWN WARDS 2 - 4,SPRING GENERAL,JUSTICE OF THE SUPREME COURT,NONPARTISAN,SCATTERING,243,0
2006,APRIL,WASHINGTON,"RICHFIELD TOWN WARDS 5, 6, 12 & 13",SPRING GENERAL,JUSTICE OF THE SUPREME COURT,NONPARTISAN,PATRICK CROOKS,221,221
2006,APRIL,WASHINGTON,"RICHFIELD TOWN WARDS 5, 6, 12 & 13",SPRING GENERAL,JUSTICE OF THE SUPREME COURT,NONPARTISAN,SCATTERING,221,0
2006,APRIL,WASHINGTON,"RICHFIELD TOWN WARDS 7, 9 - 11",SPRING GENERAL,JUSTICE OF THE SUPREME COURT,NONPARTISAN,PATRICK CROOKS,381,380
2006,APRIL,WASHINGTON,"RICHFIELD TOWN WARDS 7, 9 - 11",SPRING GENERAL,JUSTICE OF THE SUPREME COURT,NONPARTISAN,SCATTERING,381,1
2006,APRIL,WASHINGTON,TRENTON TOWN WARDS 1 - 7,SPRING GENERAL,JUSTICE OF THE SUPREME COURT,NONPARTISAN,PATRICK CROOKS,114,113
2006,APRIL,WASHINGTON,TRENTON TOWN WARDS 1 - 7,SPRING GENERAL,JUSTICE OF THE SUPREME COURT,NONPARTISAN,SCATTERING,114,1
2006,APRIL,WASHINGTON,WAYNE TOWN WARDS 1 - 3,SPRING GENERAL,JUSTICE OF THE SUPREME COURT,NONPARTISAN,PATRICK CROOKS,159,159
2006,APRIL,WASHINGTON,WAYNE TOWN WARDS 1 - 3,SPRING GENERAL,JUSTICE OF THE SUPREME COURT,NONPARTISAN,SCATTERING,159,0
2006,APRIL,WASHINGTON,WEST BEND TOWN WARDS 1 - 9,SPRING GENERAL,JUSTICE OF THE SUPREME COURT,NONPARTISAN,PATRICK CROOKS,177,177
2006,APRIL,WASHINGTON,WEST BEND TOWN WARDS 1 - 9,SPRING GENERAL,JUSTICE OF THE SUPREME COURT,NONPARTISAN,SCATTERING,177,0
2006,APRIL,WASHINGTON,"GERMANTOWN VILLAGE WARDS 1, 7, 15 - 17",SPRING GENERAL,JUSTICE OF THE SUPREME COURT,NONPARTISAN,PATRICK CROOKS,464,462
2006,APRIL,WASHINGTON,"GERMANTOWN VILLAGE WARDS 1, 7, 15 - 17",SPRING GENERAL,JUSTICE OF THE SUPREME COURT,NONPARTISAN,SCATTERING,464,2
2006,APRIL,WASHINGTON,"GERMANTOWN VILLAGE WARDS 2, 4 - 6",SPRING GENERAL,JUSTICE OF THE SUPREME COURT,NONPARTISAN,PATRICK CROOKS,314,311
2006,APRIL,WASHINGTON,"GERMANTOWN VILLAGE WARDS 2, 4 - 6",SPRING GENERAL,JUSTICE OF THE SUPREME COURT,NONPARTISAN,SCATTERING,314,3
2006,APRIL,WASHINGTON,"GERMANTOWN VILLAGE WARDS 3, 8 - 10 & 18",SPRING GENERAL,JUSTICE OF THE SUPREME COURT,NONPARTISAN,PATRICK CROOKS,182,181
2006,APRIL,WASHINGTON,"GERMANTOWN VILLAGE WARDS 3, 8 - 10 & 18",SPRING GENERAL,JUSTICE OF THE SUPREME COURT,NONPARTISAN,SCATTERING,182,1
2006,APRIL,WASHINGTON,GERMANTOWN VILLAGE WARDS 11 - 14,SPRING GENERAL,JUSTICE OF THE SUPREME COURT,NONPARTISAN,PATRICK CROOKS,312,312
2006,APRIL,WASHINGTON,GERMANTOWN VILLAGE WARDS 11 - 14,SPRING GENERAL,JUSTICE OF THE SUPREME COURT,NONPARTISAN,SCATTERING,312,0
2006,APRIL,WASHINGTON,JACKSON VILLAGE WARDS 1 - 12,SPRING GENERAL,JUSTICE OF THE SUPREME COURT,NONPARTISAN,PATRICK CROOKS,137,137
2006,APRIL,WASHINGTON,JACKSON VILLAGE WARDS 1 - 12,SPRING GENERAL,JUSTICE OF THE SUPREME COURT,NONPARTISAN,SCATTERING,137,0
2006,APRIL,WASHINGTON,KEWASKUM VILLAGE WARDS 1 - 4 & 6,SPRING GENERAL,JUSTICE OF THE SUPREME COURT,NONPARTISAN,PATRICK CROOKS,336,335
2006,APRIL,WASHINGTON,KEWASKUM VILLAGE WARDS 1 - 4 & 6,SPRING GENERAL,JUSTICE OF THE SUPREME COURT,NONPARTISAN,SCATTERING,336,1
2006,APRIL,WASHINGTON,NEWBURG VILLAGE WARDS 1 & 2,SPRING GENERAL,JUSTICE OF THE SUPREME COURT,NONPARTISAN,PATRICK CROOKS,50,49
2006,APRIL,WASHINGTON,NEWBURG VILLAGE WARDS 1 & 2,SPRING GENERAL,JUSTICE OF THE SUPREME COURT,NONPARTISAN,SCATTERING,50,1
2006,APRIL,WASHINGTON,SLINGER VILLAGE WARDS 1 - 10,SPRING GENERAL,JUSTICE OF THE SUPREME COURT,NONPARTISAN,PATRICK CROOKS,292,292
2006,APRIL,WASHINGTON,SLINGER VILLAGE WARDS 1 - 10,SPRING GENERAL,JUSTICE OF THE SUPREME COURT,NONPARTISAN,SCATTERING,292,0
2006,APRIL,WASHINGTON,"HARTFORD CITY WARDS 1 - 8, 18, 24, 25, 29, 32, 36 & 37",SPRING GENERAL,JUSTICE OF THE SUPREME COURT,NONPARTISAN,PATRICK CROOKS,180,179
2006,APRIL,WASHINGTON,"HARTFORD CITY WARDS 1 - 8, 18, 24, 25, 29, 32, 36 & 37",SPRING GENERAL,JUSTICE OF THE SUPREME COURT,NONPARTISAN,SCATTERING,180,1
2006,APRIL,WASHINGTON,"HARTFORD CITY WARDS 9 - 11, 23, 31 & 38",SPRING GENERAL,JUSTICE OF THE SUPREME COURT,NONPARTISAN,PATRICK CROOKS,290,289
2006,APRIL,WASHINGTON,"HARTFORD CITY WARDS 9 - 11, 23, 31 & 38",SPRING GENERAL,JUSTICE OF THE SUPREME COURT,NONPARTISAN,SCATTERING,290,1
2006,APRIL,WASHINGTON,"HARTFORD CITY WARDS 12 - 15, 17, 19 - 22, 26 - 28, 30, 33 - 35",SPRING GENERAL,JUSTICE OF THE SUPREME COURT,NONPARTISAN,PATRICK CROOKS,189,189
2006,APRIL,WASHINGTON,"HARTFORD CITY WARDS 12 - 15, 17, 19 - 22, 26 - 28, 30, 33 - 35",SPRING GENERAL,JUSTICE OF THE SUPREME COURT,NONPARTISAN,SCATTERING,189,0
2006,APRIL,WASHINGTON,MILWAUKEE CITY WARD 262,SPRING GENERAL,JUSTICE OF THE SUPREME COURT,NONPARTISAN,PATRICK CROOKS,0,0
2006,APRIL,WASHINGTON,MILWAUKEE CITY WARD 262,SPRING GENERAL,JUSTICE OF THE SUPREME COURT,NONPARTISAN,SCATTERING,0,0
2006,APRIL,WASHINGTON,"WEST BEND CITY WARDS 1, 12 & 32",SPRING GENERAL,JUSTICE OF THE SUPREME COURT,NONPARTISAN,PATRICK CROOKS,159,157
2006,APRIL,WASHINGTON,"WEST BEND CITY WARDS 1, 12 & 32",SPRING GENERAL,JUSTICE OF THE SUPREME COURT,NONPARTISAN,SCATTERING,159,2
2006,APRIL,WASHINGTON,"WEST BEND CITY WARDS 2, 3 & 5",SPRING GENERAL,JUSTICE OF THE SUPREME COURT,NONPARTISAN,PATRICK CROOKS,101,99
2006,APRIL,WASHINGTON,"WEST BEND CITY WARDS 2, 3 & 5",SPRING GENERAL,JUSTICE OF THE SUPREME COURT,NONPARTISAN,SCATTERING,101,2
2006,APRIL,WASHINGTON,"WEST BEND CITY WARDS 4, 11, 22 & 29",SPRING GENERAL,JUSTICE OF THE SUPREME COURT,NONPARTISAN,PATRICK CROOKS,105,103
2006,APRIL,WASHINGTON,"WEST BEND CITY WARDS 4, 11, 22 & 29",SPRING GENERAL,JUSTICE OF THE SUPREME COURT,NONPARTISAN,SCATTERING,105,2
2006,APRIL,WASHINGTON,WEST BEND CITY WARDS 8 - 10,SPRING GENERAL,JUSTICE OF THE SUPREME COURT,NONPARTISAN,PATRICK CROOKS,114,111
2006,APRIL,WASHINGTON,WEST BEND CITY WARDS 8 - 10,SPRING GENERAL,JUSTICE OF THE SUPREME COURT,NONPARTISAN,SCATTERING,114,3
2006,APRIL,WASHINGTON,"WEST BEND CITY WARDS 13 - 15, 28, 30 & 34",SPRING GENERAL,JUSTICE OF THE SUPREME COURT,NONPARTISAN,PATRICK CROOKS,64,64
2006,APRIL,WASHINGTON,"WEST BEND CITY WARDS 13 - 15, 28, 30 & 34",SPRING GENERAL,JUSTICE OF THE SUPREME COURT,NONPARTISAN,SCATTERING,64,0
2006,APRIL,WASHINGTON,"WEST BEND CITY WARDS 16, 18, 21 & 27",SPRING GENERAL,JUSTICE OF THE SUPREME COURT,NONPARTISAN,PATRICK CROOKS,57,57
2006,APRIL,WASHINGTON,"WEST BEND CITY WARDS 16, 18, 21 & 27",SPRING GENERAL,JUSTICE OF THE SUPREME COURT,NONPARTISAN,SCATTERING,57,0
2006,APRIL,WASHINGTON,"WEST BEND CITY WARDS 17, 19, 20, 23, 25, 26 & 33",SPRING GENERAL,JUSTICE OF THE SUPREME COURT,NONPARTISAN,PATRICK CROOKS,198,198
2006,APRIL,WASHINGTON,"WEST BEND CITY WARDS 17, 19, 20, 23, 25, 26 & 33",SPRING GENERAL,JUSTICE OF THE SUPREME COURT,NONPARTISAN,SCATTERING,198,0
2006,APRIL,WASHINGTON,"WEST BEND CITY WARDS 6, 7, 24, 31 & 35",SPRING GENERAL,JUSTICE OF THE SUPREME COURT,NONPARTISAN,PATRICK CROOKS,157,156
2006,APRIL,WASHINGTON,"WEST BEND CITY WARDS 6, 7, 24, 31 & 35",SPRING GENERAL,JUSTICE OF THE SUPREME COURT,NONPARTISAN,SCATTERING,157,1
2006,APRIL,WAUKESHA,BROOKFIELD TOWN WARDS 1 & 4,SPRING GENERAL,JUSTICE OF THE SUPREME COURT,NONPARTISAN,PATRICK CROOKS,82,80
2006,APRIL,WAUKESHA,BROOKFIELD TOWN WARDS 1 & 4,SPRING GENERAL,JUSTICE OF THE SUPREME COURT,NONPARTISAN,SCATTERING,82,2
2006,APRIL,WAUKESHA,BROOKFIELD TOWN WARDS 2 & 8,SPRING GENERAL,JUSTICE OF THE SUPREME COURT,NONPARTISAN,PATRICK CROOKS,64,62
2006,APRIL,WAUKESHA,BROOKFIELD TOWN WARDS 2 & 8,SPRING GENERAL,JUSTICE OF THE SUPREME COURT,NONPARTISAN,SCATTERING,64,2
2006,APRIL,WAUKESHA,BROOKFIELD TOWN WARDS 3 & 6,SPRING GENERAL,JUSTICE OF THE SUPREME COURT,NONPARTISAN,PATRICK CROOKS,136,136
2006,APRIL,WAUKESHA,BROOKFIELD TOWN WARDS 3 & 6,SPRING GENERAL,JUSTICE OF THE SUPREME COURT,NONPARTISAN,SCATTERING,136,0
2006,APRIL,WAUKESHA,BROOKFIELD TOWN WARDS 5 & 7,SPRING GENERAL,JUSTICE OF THE SUPREME COURT,NONPARTISAN,PATRICK CROOKS,102,102
2006,APRIL,WAUKESHA,BROOKFIELD TOWN WARDS 5 & 7,SPRING GENERAL,JUSTICE OF THE SUPREME COURT,NONPARTISAN,SCATTERING,102,0
2006,APRIL,WAUKESHA,BROOKFIELD TOWN WARDS 9 & 10,SPRING GENERAL,JUSTICE OF THE SUPREME COURT,NONPARTISAN,PATRICK CROOKS,76,76
2006,APRIL,WAUKESHA,BROOKFIELD TOWN WARDS 9 & 10,SPRING GENERAL,JUSTICE OF THE SUPREME COURT,NONPARTISAN,SCATTERING,76,0
2006,APRIL,WAUKESHA,"DELAFIELD TOWN WARDS 1, 2, 5 & 6",SPRING GENERAL,JUSTICE OF THE SUPREME COURT,NONPARTISAN,PATRICK CROOKS,201,201
2006,APRIL,WAUKESHA,"DELAFIELD TOWN WARDS 1, 2, 5 & 6",SPRING GENERAL,JUSTICE OF THE SUPREME COURT,NONPARTISAN,SCATTERING,201,0
2006,APRIL,WAUKESHA,DELAFIELD TOWN WARD 3,SPRING GENERAL,JUSTICE OF THE SUPREME COURT,NONPARTISAN,PATRICK CROOKS,83,83
2006,APRIL,WAUKESHA,DELAFIELD TOWN WARD 3,SPRING GENERAL,JUSTICE OF THE SUPREME COURT,NONPARTISAN,SCATTERING,83,0
2006,APRIL,WAUKESHA,DELAFIELD TOWN WARD 4,SPRING GENERAL,JUSTICE OF THE SUPREME COURT,NONPARTISAN,PATRICK CROOKS,29,29
2006,APRIL,WAUKESHA,DELAFIELD TOWN WARD 4,SPRING GENERAL,JUSTICE OF THE SUPREME COURT,NONPARTISAN,SCATTERING,29,0
2006,APRIL,WAUKESHA,DELAFIELD TOWN WARDS 7 & 8,SPRING GENERAL,JUSTICE OF THE SUPREME COURT,NONPARTISAN,PATRICK CROOKS,154,154
2006,APRIL,WAUKESHA,DELAFIELD TOWN WARDS 7 & 8,SPRING GENERAL,JUSTICE OF THE SUPREME COURT,NONPARTISAN,SCATTERING,154,0
2006,APRIL,WAUKESHA,DELAFIELD TOWN WARD 9,SPRING GENERAL,JUSTICE OF THE SUPREME COURT,NONPARTISAN,PATRICK CROOKS,81,81
2006,APRIL,WAUKESHA,DELAFIELD TOWN WARD 9,SPRING GENERAL,JUSTICE OF THE SUPREME COURT,NONPARTISAN,SCATTERING,81,0
2006,APRIL,WAUKESHA,DELAFIELD TOWN WARDS 10 & 11,SPRING GENERAL,JUSTICE OF THE SUPREME COURT,NONPARTISAN,PATRICK CROOKS,113,113
2006,APRIL,WAUKESHA,DELAFIELD TOWN WARDS 10 & 11,SPRING GENERAL,JUSTICE OF THE SUPREME COURT,NONPARTISAN,SCATTERING,113,0
2006,APRIL,WAUKESHA,EAGLE TOWN WARDS 1 - 4,SPRING GENERAL,JUSTICE OF THE SUPREME COURT,NONPARTISAN,PATRICK CROOKS,315,311
2006,APRIL,WAUKESHA,EAGLE TOWN WARDS 1 - 4,SPRING GENERAL,JUSTICE OF THE SUPREME COURT,NONPARTISAN,SCATTERING,315,4
2006,APRIL,WAUKESHA,"GENESEE TOWN WARDS 1, 4 & 5",SPRING GENERAL,JUSTICE OF THE SUPREME COURT,NONPARTISAN,PATRICK CROOKS,114,114
2006,APRIL,WAUKESHA,"GENESEE TOWN WARDS 1, 4 & 5",SPRING GENERAL,JUSTICE OF THE SUPREME COURT,NONPARTISAN,SCATTERING,114,0
2006,APRIL,WAUKESHA,"GENESEE TOWN WARDS 2, 3 & 10",SPRING GENERAL,JUSTICE OF THE SUPREME COURT,NONPARTISAN,PATRICK CROOKS,120,120
2006,APRIL,WAUKESHA,"GENESEE TOWN WARDS 2, 3 & 10",SPRING GENERAL,JUSTICE OF THE SUPREME COURT,NONPARTISAN,SCATTERING,120,0
2006,APRIL,WAUKESHA,GENESEE TOWN WARDS 6 - 9,SPRING GENERAL,JUSTICE OF THE SUPREME COURT,NONPARTISAN,PATRICK CROOKS,121,120
2006,APRIL,WAUKESHA,GENESEE TOWN WARDS 6 - 9,SPRING GENERAL,JUSTICE OF THE SUPREME COURT,NONPARTISAN,SCATTERING,121,1
2006,APRIL,WAUKESHA,"LISBON TOWN WARDS 1, 9, 10 & 12",SPRING GENERAL,JUSTICE OF THE SUPREME COURT,NONPARTISAN,PATRICK CROOKS,119,119
2006,APRIL,WAUKESHA,"LISBON TOWN WARDS 1, 9, 10 & 12",SPRING GENERAL,JUSTICE OF THE SUPREME COURT,NONPARTISAN,SCATTERING,119,0
2006,APRIL,WAUKESHA,"LISBON TOWN WARDS 2, 3 & 11",SPRING GENERAL,JUSTICE OF THE SUPREME COURT,NONPARTISAN,PATRICK CROOKS,94,94
2006,APRIL,WAUKESHA,"LISBON TOWN WARDS 2, 3 & 11",SPRING GENERAL,JUSTICE OF THE SUPREME COURT,NONPARTISAN,SCATTERING,94,0
2006,APRIL,WAUKESHA,LISBON TOWN WARD 4,SPRING GENERAL,JUSTICE OF THE SUPREME COURT,NONPARTISAN,PATRICK CROOKS,18,18
2006,APRIL,WAUKESHA,LISBON TOWN WARD 4,SPRING GENERAL,JUSTICE OF THE SUPREME COURT,NONPARTISAN,SCATTERING,18,0
2006,APRIL,WAUKESHA,LISBON TOWN WARD 5,SPRING GENERAL,JUSTICE OF THE SUPREME COURT,NONPARTISAN,PATRICK CROOKS,31,31
2006,APRIL,WAUKESHA,LISBON TOWN WARD 5,SPRING GENERAL,JUSTICE OF THE SUPREME COURT,NONPARTISAN,SCATTERING,31,0
2006,APRIL,WAUKESHA,LISBON TOWN WARDS 6 - 8,SPRING GENERAL,JUSTICE OF THE SUPREME COURT,NONPARTISAN,PATRICK CROOKS,76,76
2006,APRIL,WAUKESHA,LISBON TOWN WARDS 6 - 8,SPRING GENERAL,JUSTICE OF THE SUPREME COURT,NONPARTISAN,SCATTERING,76,0
2006,APRIL,WAUKESHA,MERTON TOWN WARDS 1 - 3,SPRING GENERAL,JUSTICE OF THE SUPREME COURT,NONPARTISAN,PATRICK CROOKS,139,137
2006,APRIL,WAUKESHA,MERTON TOWN WARDS 1 - 3,SPRING GENERAL,JUSTICE OF THE SUPREME COURT,NONPARTISAN,SCATTERING,139,2
2006,APRIL,WAUKESHA,MERTON TOWN WARDS 4 - 6,SPRING GENERAL,JUSTICE OF THE SUPREME COURT,NONPARTISAN,PATRICK CROOKS,122,121
2006,APRIL,WAUKESHA,MERTON TOWN WARDS 4 - 6,SPRING GENERAL,JUSTICE OF THE SUPREME COURT,NONPARTISAN,SCATTERING,122,1
2006,APRIL,WAUKESHA,MERTON TOWN WARDS 7 - 9,SPRING GENERAL,JUSTICE OF THE SUPREME COURT,NONPARTISAN,PATRICK CROOKS,97,97
2006,APRIL,WAUKESHA,MERTON TOWN WARDS 7 - 9,SPRING GENERAL,JUSTICE OF THE SUPREME COURT,NONPARTISAN,SCATTERING,97,0
2006,APRIL,WAUKESHA,"MUKWONAGO TOWN WARDS 1, 4 - 10",SPRING GENERAL,JUSTICE OF THE SUPREME COURT,NONPARTISAN,PATRICK CROOKS,106,105
2006,APRIL,WAUKESHA,"MUKWONAGO TOWN WARDS 1, 4 - 10",SPRING GENERAL,JUSTICE OF THE SUPREME COURT,NONPARTISAN,SCATTERING,106,1
2006,APRIL,WAUKESHA,MUKWONAGO TOWN WARDS 2 & 3,SPRING GENERAL,JUSTICE OF THE SUPREME COURT,NONPARTISAN,PATRICK CROOKS,31,31
2006,APRIL,WAUKESHA,MUKWONAGO TOWN WARDS 2 & 3,SPRING GENERAL,JUSTICE OF THE SUPREME COURT,NONPARTISAN,SCATTERING,31,0
2006,APRIL,WAUKESHA,"OCONOMOWOC TOWN WARDS 1, 2 & 4",SPRING GENERAL,JUSTICE OF THE SUPREME COURT,NONPARTISAN,PATRICK CROOKS,364,361
2006,APRIL,WAUKESHA,"OCONOMOWOC TOWN WARDS 1, 2 & 4",SPRING GENERAL,JUSTICE OF THE SUPREME COURT,NONPARTISAN,SCATTERING,364,3
2006,APRIL,WAUKESHA,"OCONOMOWOC TOWN WARDS 3, 6 & 7",SPRING GENERAL,JUSTICE OF THE SUPREME COURT,NONPARTISAN,PATRICK CROOKS,237,236
2006,APRIL,WAUKESHA,"OCONOMOWOC TOWN WARDS 3, 6 & 7",SPRING GENERAL,JUSTICE OF THE SUPREME COURT,NONPARTISAN,SCATTERING,237,1
2006,APRIL,WAUKESHA,"OCONOMOWOC TOWN WARDS 5, 8 & 9",SPRING GENERAL,JUSTICE OF THE SUPREME COURT,NONPARTISAN,PATRICK CROOKS,277,276
2006,APRIL,WAUKESHA,"OCONOMOWOC TOWN WARDS 5, 8 & 9",SPRING GENERAL,JUSTICE OF THE SUPREME COURT,NONPARTISAN,SCATTERING,277,1
2006,APRIL,WAUKESHA,OTTAWA TOWN WARDS 1 - 5,SPRING GENERAL,JUSTICE OF THE SUPREME COURT,NONPARTISAN,PATRICK CROOKS,367,366
2006,APRIL,WAUKESHA,OTTAWA TOWN WARDS 1 - 5,SPRING GENERAL,JUSTICE OF THE SUPREME COURT,NONPARTISAN,SCATTERING,367,1
2006,APRIL,WAUKESHA,SUMMIT TOWN WARDS 1 - 3,SPRING GENERAL,JUSTICE OF THE SUPREME COURT,NONPARTISAN,PATRICK CROOKS,97,97
2006,APRIL,WAUKESHA,SUMMIT TOWN WARDS 1 - 3,SPRING GENERAL,JUSTICE OF THE SUPREME COURT,NONPARTISAN,SCATTERING,97,0
2006,APRIL,WAUKESHA,SUMMIT TOWN WARDS 4 - 6,SPRING GENERAL,JUSTICE OF THE SUPREME COURT,NONPARTISAN,PATRICK CROOKS,126,126
2006,APRIL,WAUKESHA,SUMMIT TOWN WARDS 4 - 6,SPRING GENERAL,JUSTICE OF THE SUPREME COURT,NONPARTISAN,SCATTERING,126,0
2006,APRIL,WAUKESHA,"VERNON TOWN WARDS 1, 6 - 10",SPRING GENERAL,JUSTICE OF THE SUPREME COURT,NONPARTISAN,PATRICK CROOKS,427,427
2006,APRIL,WAUKESHA,"VERNON TOWN WARDS 1, 6 - 10",SPRING GENERAL,JUSTICE OF THE SUPREME COURT,NONPARTISAN,SCATTERING,427,0
2006,APRIL,WAUKESHA,VERNON TOWN WARDS 2 - 5,SPRING GENERAL,JUSTICE OF THE SUPREME COURT,NONPARTISAN,PATRICK CROOKS,256,256
2006,APRIL,WAUKESHA,VERNON TOWN WARDS 2 - 5,SPRING GENERAL,JUSTICE OF THE SUPREME COURT,NONPARTISAN,SCATTERING,256,0
2006,APRIL,WAUKESHA,WAUKESHA TOWN WARDS 1 - 5 & 8,SPRING GENERAL,JUSTICE OF THE SUPREME COURT,NONPARTISAN,PATRICK CROOKS,159,157
2006,APRIL,WAUKESHA,WAUKESHA TOWN WARDS 1 - 5 & 8,SPRING GENERAL,JUSTICE OF THE SUPREME COURT,NONPARTISAN,SCATTERING,159,2
2006,APRIL,WAUKESHA,"WAUKESHA TOWN WARDS 6, 7, 9 - 12",SPRING GENERAL,JUSTICE OF THE SUPREME COURT,NONPARTISAN,PATRICK CROOKS,146,144
2006,APRIL,WAUKESHA,"WAUKESHA TOWN WARDS 6, 7, 9 - 12",SPRING GENERAL,JUSTICE OF THE SUPREME COURT,NONPARTISAN,SCATTERING,146,2
2006,APRIL,WAUKESHA,BIG BEND VILLAGE WARDS 1 - 3,SPRING GENERAL,JUSTICE OF THE SUPREME COURT,NONPARTISAN,PATRICK CROOKS,60,60
2006,APRIL,WAUKESHA,BIG BEND VILLAGE WARDS 1 - 3,SPRING GENERAL,JUSTICE OF THE SUPREME COURT,NONPARTISAN,SCATTERING,60,0
2006,APRIL,WAUKESHA,BUTLER VILLAGE WARDS 1 - 3,SPRING GENERAL,JUSTICE OF THE SUPREME COURT,NONPARTISAN,PATRICK CROOKS,146,145
2006,APRIL,WAUKESHA,BUTLER VILLAGE WARDS 1 - 3,SPRING GENERAL,JUSTICE OF THE SUPREME COURT,NONPARTISAN,SCATTERING,146,1
2006,APRIL,WAUKESHA,CHENEQUA VILLAGE WARD 1,SPRING GENERAL,JUSTICE OF THE SUPREME COURT,NONPARTISAN,PATRICK CROOKS,64,64
2006,APRIL,WAUKESHA,CHENEQUA VILLAGE WARD 1,SPRING GENERAL,JUSTICE OF THE SUPREME COURT,NONPARTISAN,SCATTERING,64,0
2006,APRIL,WAUKESHA,DOUSMAN VILLAGE WARDS 1 & 2,SPRING GENERAL,JUSTICE OF THE SUPREME COURT,NONPARTISAN,PATRICK CROOKS,95,95
2006,APRIL,WAUKESHA,DOUSMAN VILLAGE WARDS 1 & 2,SPRING GENERAL,JUSTICE OF THE SUPREME COURT,NONPARTISAN,SCATTERING,95,0
2006,APRIL,WAUKESHA,EAGLE VILLAGE WARDS 1 & 2,SPRING GENERAL,JUSTICE OF THE SUPREME COURT,NONPARTISAN,PATRICK CROOKS,174,173
2006,APRIL,WAUKESHA,EAGLE VILLAGE WARDS 1 & 2,SPRING GENERAL,JUSTICE OF THE SUPREME COURT,NONPARTISAN,SCATTERING,174,1
2006,APRIL,WAUKESHA,ELM GROVE VILLAGE WARDS 1 - 4,SPRING GENERAL,JUSTICE OF THE SUPREME COURT,NONPARTISAN,PATRICK CROOKS,402,400
2006,APRIL,WAUKESHA,ELM GROVE VILLAGE WARDS 1 - 4,SPRING GENERAL,JUSTICE OF THE SUPREME COURT,NONPARTISAN,SCATTERING,402,2
2006,APRIL,WAUKESHA,ELM GROVE VILLAGE WARDS 5 - 8,SPRING GENERAL,JUSTICE OF THE SUPREME COURT,NONPARTISAN,PATRICK CROOKS,436,435
2006,APRIL,WAUKESHA,ELM GROVE VILLAGE WARDS 5 - 8,SPRING GENERAL,JUSTICE OF THE SUPREME COURT,NONPARTISAN,SCATTERING,436,1
2006,APRIL,WAUKESHA,HARTLAND VILLAGE WARDS 1 - 7,SPRING GENERAL,JUSTICE OF THE SUPREME COURT,NONPARTISAN,PATRICK CROOKS,154,154
2006,APRIL,WAUKESHA,HARTLAND VILLAGE WARDS 1 - 7,SPRING GENERAL,JUSTICE OF THE SUPREME COURT,NONPARTISAN,SCATTERING,154,0
2006,APRIL,WAUKESHA,HARTLAND VILLAGE WARDS 8 - 13,SPRING GENERAL,JUSTICE OF THE SUPREME COURT,NONPARTISAN,PATRICK CROOKS,90,90
2006,APRIL,WAUKESHA,HARTLAND VILLAGE WARDS 8 - 13,SPRING GENERAL,JUSTICE OF THE SUPREME COURT,NONPARTISAN,SCATTERING,90,0
2006,APRIL,WAUKESHA,LAC LA BELLE VILLAGE WARD 1,SPRING GENERAL,JUSTICE OF THE SUPREME COURT,NONPARTISAN,PATRICK CROOKS,24,24
2006,APRIL,WAUKESHA,LAC LA BELLE VILLAGE WARD 1,SPRING GENERAL,JUSTICE OF THE SUPREME COURT,NONPARTISAN,SCATTERING,24,0
2006,APRIL,WAUKESHA,LANNON VILLAGE WARDS 1 & 2,SPRING GENERAL,JUSTICE OF THE SUPREME COURT,NONPARTISAN,PATRICK CROOKS,51,49
2006,APRIL,WAUKESHA,LANNON VILLAGE WARDS 1 & 2,SPRING GENERAL,JUSTICE OF THE SUPREME COURT,NONPARTISAN,SCATTERING,51,2
2006,APRIL,WAUKESHA,MENOMONEE FALLS VILLAGE WARD 1,SPRING GENERAL,JUSTICE OF THE SUPREME COURT,NONPARTISAN,PATRICK CROOKS,25,25
2006,APRIL,WAUKESHA,MENOMONEE FALLS VILLAGE WARD 1,SPRING GENERAL,JUSTICE OF THE SUPREME COURT,NONPARTISAN,SCATTERING,25,0
2006,APRIL,WAUKESHA,MENOMONEE FALLS VILLAGE WARD 2,SPRING GENERAL,JUSTICE OF THE SUPREME COURT,NONPARTISAN,PATRICK CROOKS,115,115
2006,APRIL,WAUKESHA,MENOMONEE FALLS VILLAGE WARD 2,SPRING GENERAL,JUSTICE OF THE SUPREME COURT,NONPARTISAN,SCATTERING,115,0
2006,APRIL,WAUKESHA,"MENOMONEE FALLS VILLAGE WARDS 3, 9 & 10",SPRING GENERAL,JUSTICE OF THE SUPREME COURT,NONPARTISAN,PATRICK CROOKS,121,119
2006,APRIL,WAUKESHA,"MENOMONEE FALLS VILLAGE WARDS 3, 9 & 10",SPRING GENERAL,JUSTICE OF THE SUPREME COURT,NONPARTISAN,SCATTERING,121,2
2006,APRIL,WAUKESHA,"MENOMONEE FALLS VILLAGE WARDS 4, 8 & 11",SPRING GENERAL,JUSTICE OF THE SUPREME COURT,NONPARTISAN,PATRICK CROOKS,92,92
2006,APRIL,WAUKESHA,"MENOMONEE FALLS VILLAGE WARDS 4, 8 & 11",SPRING GENERAL,JUSTICE OF THE SUPREME COURT,NONPARTISAN,SCATTERING,92,0
2006,APRIL,WAUKESHA,MENOMONEE FALLS VILLAGE WARDS 5 & 6,SPRING GENERAL,JUSTICE OF THE SUPREME COURT,NONPARTISAN,PATRICK CROOKS,46,46
2006,APRIL,WAUKESHA,MENOMONEE FALLS VILLAGE WARDS 5 & 6,SPRING GENERAL,JUSTICE OF THE SUPREME COURT,NONPARTISAN,SCATTERING,46,0
2006,APRIL,WAUKESHA,MENOMONEE FALLS VILLAGE WARD 7,SPRING GENERAL,JUSTICE OF THE SUPREME COURT,NONPARTISAN,PATRICK CROOKS,44,44
2006,APRIL,WAUKESHA,MENOMONEE FALLS VILLAGE WARD 7,SPRING GENERAL,JUSTICE OF THE SUPREME COURT,NONPARTISAN,SCATTERING,44,0
2006,APRIL,WAUKESHA,MENOMONEE FALLS VILLAGE WARD 12,SPRING GENERAL,JUSTICE OF THE SUPREME COURT,NONPARTISAN,PATRICK CROOKS,53,53
2006,APRIL,WAUKESHA,MENOMONEE FALLS VILLAGE WARD 12,SPRING GENERAL,JUSTICE OF THE SUPREME COURT,NONPARTISAN,SCATTERING,53,0
2006,APRIL,WAUKESHA,MENOMONEE FALLS VILLAGE WARD 13,SPRING GENERAL,JUSTICE OF THE SUPREME COURT,NONPARTISAN,PATRICK CROOKS,26,24
2006,APRIL,WAUKESHA,MENOMONEE FALLS VILLAGE WARD 13,SPRING GENERAL,JUSTICE OF THE SUPREME COURT,NONPARTISAN,SCATTERING,26,2
2006,APRIL,WAUKESHA,"MENOMONEE FALLS VILLAGE WARDS 14, 15 & 21",SPRING GENERAL,JUSTICE OF THE SUPREME COURT,NONPARTISAN,PATRICK CROOKS,121,119
2006,APRIL,WAUKESHA,"MENOMONEE FALLS VILLAGE WARDS 14, 15 & 21",SPRING GENERAL,JUSTICE OF THE SUPREME COURT,NONPARTISAN,SCATTERING,121,2
2006,APRIL,WAUKESHA,MENOMONEE FALLS VILLAGE WARD 16,SPRING GENERAL,JUSTICE OF THE SUPREME COURT,NONPARTISAN,PATRICK CROOKS,38,37
2006,APRIL,WAUKESHA,MENOMONEE FALLS VILLAGE WARD 16,SPRING GENERAL,JUSTICE OF THE SUPREME COURT,NONPARTISAN,SCATTERING,38,1
2006,APRIL,WAUKESHA,MENOMONEE FALLS VILLAGE WARD 17,SPRING GENERAL,JUSTICE OF THE SUPREME COURT,NONPARTISAN,PATRICK CROOKS,39,39
2006,APRIL,WAUKESHA,MENOMONEE FALLS VILLAGE WARD 17,SPRING GENERAL,JUSTICE OF THE SUPREME COURT,NONPARTISAN,SCATTERING,39,0
2006,APRIL,WAUKESHA,MENOMONEE FALLS VILLAGE WARD 18,SPRING GENERAL,JUSTICE OF THE SUPREME COURT,NONPARTISAN,PATRICK CROOKS,13,13
2006,APRIL,WAUKESHA,MENOMONEE FALLS VILLAGE WARD 18,SPRING GENERAL,JUSTICE OF THE SUPREME COURT,NONPARTISAN,SCATTERING,13,0
2006,APRIL,WAUKESHA,MENOMONEE FALLS VILLAGE WARDS 19 & 24,SPRING GENERAL,JUSTICE OF THE SUPREME COURT,NONPARTISAN,PATRICK CROOKS,37,37
2006,APRIL,WAUKESHA,MENOMONEE FALLS VILLAGE WARDS 19 & 24,SPRING GENERAL,JUSTICE OF THE SUPREME COURT,NONPARTISAN,SCATTERING,37,0
2006,APRIL,WAUKESHA,MENOMONEE FALLS VILLAGE WARDS 20 & 22,SPRING GENERAL,JUSTICE OF THE SUPREME COURT,NONPARTISAN,PATRICK CROOKS,76,75
2006,APRIL,WAUKESHA,MENOMONEE FALLS VILLAGE WARDS 20 & 22,SPRING GENERAL,JUSTICE OF THE SUPREME COURT,NONPARTISAN,SCATTERING,76,1
2006,APRIL,WAUKESHA,MENOMONEE FALLS VILLAGE WARD 23,SPRING GENERAL,JUSTICE OF THE SUPREME COURT,NONPARTISAN,PATRICK CROOKS,24,24
2006,APRIL,WAUKESHA,MENOMONEE FALLS VILLAGE WARD 23,SPRING GENERAL,JUSTICE OF THE SUPREME COURT,NONPARTISAN,SCATTERING,24,0
2006,APRIL,WAUKESHA,MENOMONEE FALLS VILLAGE WARDS 25 & 26,SPRING GENERAL,JUSTICE OF THE SUPREME COURT,NONPARTISAN,PATRICK CROOKS,45,45
2006,APRIL,WAUKESHA,MENOMONEE FALLS VILLAGE WARDS 25 & 26,SPRING GENERAL,JUSTICE OF THE SUPREME COURT,NONPARTISAN,SCATTERING,45,0
2006,APRIL,WAUKESHA,MENOMONEE FALLS VILLAGE WARDS 27 & 28,SPRING GENERAL,JUSTICE OF THE SUPREME COURT,NONPARTISAN,PATRICK CROOKS,56,56
2006,APRIL,WAUKESHA,MENOMONEE FALLS VILLAGE WARDS 27 & 28,SPRING GENERAL,JUSTICE OF THE SUPREME COURT,NONPARTISAN,SCATTERING,56,0
2006,APRIL,WAUKESHA,MENOMONEE FALLS VILLAGE WARD 29,SPRING GENERAL,JUSTICE OF THE SUPREME COURT,NONPARTISAN,PATRICK CROOKS,36,36
2006,APRIL,WAUKESHA,MENOMONEE FALLS VILLAGE WARD 29,SPRING GENERAL,JUSTICE OF THE SUPREME COURT,NONPARTISAN,SCATTERING,36,0
2006,APRIL,WAUKESHA,MERTON VILLAGE WARDS 1 & 2,SPRING GENERAL,JUSTICE OF THE SUPREME COURT,NONPARTISAN,PATRICK CROOKS,72,72
2006,APRIL,WAUKESHA,MERTON VILLAGE WARDS 1 & 2,SPRING GENERAL,JUSTICE OF THE SUPREME COURT,NONPARTISAN,SCATTERING,72,0
2006,APRIL,WAUKESHA,MERTON VILLAGE WARD 3,SPRING GENERAL,JUSTICE OF THE SUPREME COURT,NONPARTISAN,PATRICK CROOKS,2,2
2006,APRIL,WAUKESHA,MERTON VILLAGE WARD 3,SPRING GENERAL,JUSTICE OF THE SUPREME COURT,NONPARTISAN,SCATTERING,2,0
2006,APRIL,WAUKESHA,MUKWONAGO VILLAGE WARDS 1 - 8,SPRING GENERAL,JUSTICE OF THE SUPREME COURT,NONPARTISAN,PATRICK CROOKS,370,370
2006,APRIL,WAUKESHA,MUKWONAGO VILLAGE WARDS 1 - 8,SPRING GENERAL,JUSTICE OF THE SUPREME COURT,NONPARTISAN,SCATTERING,370,0
2006,APRIL,WAUKESHA,MUKWONAGO VILLAGE WARD 10,SPRING GENERAL,JUSTICE OF THE SUPREME COURT,NONPARTISAN,PATRICK CROOKS,0,0
2006,APRIL,WAUKESHA,MUKWONAGO VILLAGE WARD 10,SPRING GENERAL,JUSTICE OF THE SUPREME COURT,NONPARTISAN,SCATTERING,0,0
2006,APRIL,WAUKESHA,NASHOTAH VILLAGE WARDS 1 & 2,SPRING GENERAL,JUSTICE OF THE SUPREME COURT,NONPARTISAN,PATRICK CROOKS,41,41
2006,APRIL,WAUKESHA,NASHOTAH VILLAGE WARDS 1 & 2,SPRING GENERAL,JUSTICE OF THE SUPREME COURT,NONPARTISAN,SCATTERING,41,0
2006,APRIL,WAUKESHA,NORTH PRAIRIE VILLAGE WARD 1,SPRING GENERAL,JUSTICE OF THE SUPREME COURT,NONPARTISAN,PATRICK CROOKS,31,31
2006,APRIL,WAUKESHA,NORTH PRAIRIE VILLAGE WARD 1,SPRING GENERAL,JUSTICE OF THE SUPREME COURT,NONPARTISAN,SCATTERING,31,0
2006,APRIL,WAUKESHA,NORTH PRAIRIE VILLAGE WARDS 2 & 3,SPRING GENERAL,JUSTICE OF THE SUPREME COURT,NONPARTISAN,PATRICK CROOKS,57,56
2006,APRIL,WAUKESHA,NORTH PRAIRIE VILLAGE WARDS 2 & 3,SPRING GENERAL,JUSTICE OF THE SUPREME COURT,NONPARTISAN,SCATTERING,57,1
2006,APRIL,WAUKESHA,OCONOMOWOC LAKE VILLAGE WARD 1,SPRING GENERAL,JUSTICE OF THE SUPREME COURT,NONPARTISAN,PATRICK CROOKS,46,46
2006,APRIL,WAUKESHA,OCONOMOWOC LAKE VILLAGE WARD 1,SPRING GENERAL,JUSTICE OF THE SUPREME COURT,NONPARTISAN,SCATTERING,46,0
2006,APRIL,WAUKESHA,PEWAUKEE VILLAGE WARDS 1 - 5,SPRING GENERAL,JUSTICE OF THE SUPREME COURT,NONPARTISAN,PATRICK CROOKS,442,438
2006,APRIL,WAUKESHA,PEWAUKEE VILLAGE WARDS 1 - 5,SPRING GENERAL,JUSTICE OF THE SUPREME COURT,NONPARTISAN,SCATTERING,442,4
2006,APRIL,WAUKESHA,PEWAUKEE VILLAGE WARDS 6 - 9,SPRING GENERAL,JUSTICE OF THE SUPREME COURT,NONPARTISAN,PATRICK CROOKS,263,262
2006,APRIL,WAUKESHA,PEWAUKEE VILLAGE WARDS 6 - 9,SPRING GENERAL,JUSTICE OF THE SUPREME COURT,NONPARTISAN,SCATTERING,263,1
2006,APRIL,WAUKESHA,"SUSSEX VILLAGE WARDS 1, 2, 4 & 5",SPRING GENERAL,JUSTICE OF THE SUPREME COURT,NONPARTISAN,PATRICK CROOKS,71,71
2006,APRIL,WAUKESHA,"SUSSEX VILLAGE WARDS 1, 2, 4 & 5",SPRING GENERAL,JUSTICE OF THE SUPREME COURT,NONPARTISAN,SCATTERING,71,0
2006,APRIL,WAUKESHA,"SUSSEX VILLAGE WARDS 3, 10, 11, 14, 16 & 17",SPRING GENERAL,JUSTICE OF THE SUPREME COURT,NONPARTISAN,PATRICK CROOKS,60,59
2006,APRIL,WAUKESHA,"SUSSEX VILLAGE WARDS 3, 10, 11, 14, 16 & 17",SPRING GENERAL,JUSTICE OF THE SUPREME COURT,NONPARTISAN,SCATTERING,60,1
2006,APRIL,WAUKESHA,SUSSEX VILLAGE WARDS 6 - 9,SPRING GENERAL,JUSTICE OF THE SUPREME COURT,NONPARTISAN,PATRICK CROOKS,37,36
2006,APRIL,WAUKESHA,SUSSEX VILLAGE WARDS 6 - 9,SPRING GENERAL,JUSTICE OF THE SUPREME COURT,NONPARTISAN,SCATTERING,37,1
2006,APRIL,WAUKESHA,SUSSEX VILLAGE WARDS 12 & 15,SPRING GENERAL,JUSTICE OF THE SUPREME COURT,NONPARTISAN,PATRICK CROOKS,0,0
2006,APRIL,WAUKESHA,SUSSEX VILLAGE WARDS 12 & 15,SPRING GENERAL,JUSTICE OF THE SUPREME COURT,NONPARTISAN,SCATTERING,0,0
2006,APRIL,WAUKESHA,"SUSSEX VILLAGE WARDS 13, 18 & 19",SPRING GENERAL,JUSTICE OF THE SUPREME COURT,NONPARTISAN,PATRICK CROOKS,0,0
2006,APRIL,WAUKESHA,"SUSSEX VILLAGE WARDS 13, 18 & 19",SPRING GENERAL,JUSTICE OF THE SUPREME COURT,NONPARTISAN,SCATTERING,0,0
2006,APRIL,WAUKESHA,WALES VILLAGE WARDS 1 - 3,SPRING GENERAL,JUSTICE OF THE SUPREME COURT,NONPARTISAN,PATRICK CROOKS,251,250
2006,APRIL,WAUKESHA,WALES VILLAGE WARDS 1 - 3,SPRING GENERAL,JUSTICE OF THE SUPREME COURT,NONPARTISAN,SCATTERING,251,1
2006,APRIL,WAUKESHA,BROOKFIELD CITY WARD 1,SPRING GENERAL,JUSTICE OF THE SUPREME COURT,NONPARTISAN,PATRICK CROOKS,296,294
2006,APRIL,WAUKESHA,BROOKFIELD CITY WARD 1,SPRING GENERAL,JUSTICE OF THE SUPREME COURT,NONPARTISAN,SCATTERING,296,2
2006,APRIL,WAUKESHA,BROOKFIELD CITY WARD 2,SPRING GENERAL,JUSTICE OF THE SUPREME COURT,NONPARTISAN,PATRICK CROOKS,329,329
2006,APRIL,WAUKESHA,BROOKFIELD CITY WARD 2,SPRING GENERAL,JUSTICE OF THE SUPREME COURT,NONPARTISAN,SCATTERING,329,0
2006,APRIL,WAUKESHA,BROOKFIELD CITY WARD 3,SPRING GENERAL,JUSTICE OF THE SUPREME COURT,NONPARTISAN,PATRICK CROOKS,362,361
2006,APRIL,WAUKESHA,BROOKFIELD CITY WARD 3,SPRING GENERAL,JUSTICE OF THE SUPREME COURT,NONPARTISAN,SCATTERING,362,1
2006,APRIL,WAUKESHA,BROOKFIELD CITY WARD 4,SPRING GENERAL,JUSTICE OF THE SUPREME COURT,NONPARTISAN,PATRICK CROOKS,343,341
2006,APRIL,WAUKESHA,BROOKFIELD CITY WARD 4,SPRING GENERAL,JUSTICE OF THE SUPREME COURT,NONPARTISAN,SCATTERING,343,2
2006,APRIL,WAUKESHA,BROOKFIELD CITY WARD 5,SPRING GENERAL,JUSTICE OF THE SUPREME COURT,NONPARTISAN,PATRICK CROOKS,394,390
2006,APRIL,WAUKESHA,BROOKFIELD CITY WARD 5,SPRING GENERAL,JUSTICE OF THE SUPREME COURT,NONPARTISAN,SCATTERING,394,4
2006,APRIL,WAUKESHA,BROOKFIELD CITY WARD 6,SPRING GENERAL,JUSTICE OF THE SUPREME COURT,NONPARTISAN,PATRICK CROOKS,415,415
2006,APRIL,WAUKESHA,BROOKFIELD CITY WARD 6,SPRING GENERAL,JUSTICE OF THE SUPREME COURT,NONPARTISAN,SCATTERING,415,0
2006,APRIL,WAUKESHA,BROOKFIELD CITY WARD 7,SPRING GENERAL,JUSTICE OF THE SUPREME COURT,NONPARTISAN,PATRICK CROOKS,190,190
2006,APRIL,WAUKESHA,BROOKFIELD CITY WARD 7,SPRING GENERAL,JUSTICE OF THE SUPREME COURT,NONPARTISAN,SCATTERING,190,0
2006,APRIL,WAUKESHA,BROOKFIELD CITY WARD 8,SPRING GENERAL,JUSTICE OF THE SUPREME COURT,NONPARTISAN,PATRICK CROOKS,266,266
2006,APRIL,WAUKESHA,BROOKFIELD CITY WARD 8,SPRING GENERAL,JUSTICE OF THE SUPREME COURT,NONPARTISAN,SCATTERING,266,0
2006,APRIL,WAUKESHA,BROOKFIELD CITY WARD 9,SPRING GENERAL,JUSTICE OF THE SUPREME COURT,NONPARTISAN,PATRICK CROOKS,286,284
2006,APRIL,WAUKESHA,BROOKFIELD CITY WARD 9,SPRING GENERAL,JUSTICE OF THE SUPREME COURT,NONPARTISAN,SCATTERING,286,2
2006,APRIL,WAUKESHA,BROOKFIELD CITY WARD 10,SPRING GENERAL,JUSTICE OF THE SUPREME COURT,NONPARTISAN,PATRICK CROOKS,210,209
2006,APRIL,WAUKESHA,BROOKFIELD CITY WARD 10,SPRING GENERAL,JUSTICE OF THE SUPREME COURT,NONPARTISAN,SCATTERING,210,1
2006,APRIL,WAUKESHA,BROOKFIELD CITY WARD 11,SPRING GENERAL,JUSTICE OF THE SUPREME COURT,NONPARTISAN,PATRICK CROOKS,281,279
2006,APRIL,WAUKESHA,BROOKFIELD CITY WARD 11,SPRING GENERAL,JUSTICE OF THE SUPREME COURT,NONPARTISAN,SCATTERING,281,2
2006,APRIL,WAUKESHA,BROOKFIELD CITY WARD 12,SPRING GENERAL,JUSTICE OF THE SUPREME COURT,NONPARTISAN,PATRICK CROOKS,304,302
2006,APRIL,WAUKESHA,BROOKFIELD CITY WARD 12,SPRING GENERAL,JUSTICE OF THE SUPREME COURT,NONPARTISAN,SCATTERING,304,2
2006,APRIL,WAUKESHA,BROOKFIELD CITY WARD 13,SPRING GENERAL,JUSTICE OF THE SUPREME COURT,NONPARTISAN,PATRICK CROOKS,261,260
2006,APRIL,WAUKESHA,BROOKFIELD CITY WARD 13,SPRING GENERAL,JUSTICE OF THE SUPREME COURT,NONPARTISAN,SCATTERING,261,1
2006,APRIL,WAUKESHA,BROOKFIELD CITY WARD 14,SPRING GENERAL,JUSTICE OF THE SUPREME COURT,NONPARTISAN,PATRICK CROOKS,183,182
2006,APRIL,WAUKESHA,BROOKFIELD CITY WARD 14,SPRING GENERAL,JUSTICE OF THE SUPREME COURT,NONPARTISAN,SCATTERING,183,1
2006,APRIL,WAUKESHA,BROOKFIELD CITY WARD 15,SPRING GENERAL,JUSTICE OF THE SUPREME COURT,NONPARTISAN,PATRICK CROOKS,239,237
2006,APRIL,WAUKESHA,BROOKFIELD CITY WARD 15,SPRING GENERAL,JUSTICE OF THE SUPREME COURT,NONPARTISAN,SCATTERING,239,2
2006,APRIL,WAUKESHA,BROOKFIELD CITY WARD 16,SPRING GENERAL,JUSTICE OF THE SUPREME COURT,NONPARTISAN,PATRICK CROOKS,233,232
2006,APRIL,WAUKESHA,BROOKFIELD CITY WARD 16,SPRING GENERAL,JUSTICE OF THE SUPREME COURT,NONPARTISAN,SCATTERING,233,1
2006,APRIL,WAUKESHA,BROOKFIELD CITY WARD 17,SPRING GENERAL,JUSTICE OF THE SUPREME COURT,NONPARTISAN,PATRICK CROOKS,372,372
2006,APRIL,WAUKESHA,BROOKFIELD CITY WARD 17,SPRING GENERAL,JUSTICE OF THE SUPREME COURT,NONPARTISAN,SCATTERING,372,0
2006,APRIL,WAUKESHA,BROOKFIELD CITY WARD 18,SPRING GENERAL,JUSTICE OF THE SUPREME COURT,NONPARTISAN,PATRICK CROOKS,310,310
2006,APRIL,WAUKESHA,BROOKFIELD CITY WARD 18,SPRING GENERAL,JUSTICE OF THE SUPREME COURT,NONPARTISAN,SCATTERING,310,0
2006,APRIL,WAUKESHA,BROOKFIELD CITY WARD 19,SPRING GENERAL,JUSTICE OF THE SUPREME COURT,NONPARTISAN,PATRICK CROOKS,319,319
2006,APRIL,WAUKESHA,BROOKFIELD CITY WARD 19,SPRING GENERAL,JUSTICE OF THE SUPREME COURT,NONPARTISAN,SCATTERING,319,0
2006,APRIL,WAUKESHA,BROOKFIELD CITY WARD 20,SPRING GENERAL,JUSTICE OF THE SUPREME COURT,NONPARTISAN,PATRICK CROOKS,318,317
2006,APRIL,WAUKESHA,BROOKFIELD CITY WARD 20,SPRING GENERAL,JUSTICE OF THE SUPREME COURT,NONPARTISAN,SCATTERING,318,1
2006,APRIL,WAUKESHA,BROOKFIELD CITY WARD 21,SPRING GENERAL,JUSTICE OF THE SUPREME COURT,NONPARTISAN,PATRICK CROOKS,140,140
2006,APRIL,WAUKESHA,BROOKFIELD CITY WARD 21,SPRING GENERAL,JUSTICE OF THE SUPREME COURT,NONPARTISAN,SCATTERING,140,0
2006,APRIL,WAUKESHA,BROOKFIELD CITY WARD 22,SPRING GENERAL,JUSTICE OF THE SUPREME COURT,NONPARTISAN,PATRICK CROOKS,241,240
2006,APRIL,WAUKESHA,BROOKFIELD CITY WARD 22,SPRING GENERAL,JUSTICE OF THE SUPREME COURT,NONPARTISAN,SCATTERING,241,1
2006,APRIL,WAUKESHA,BROOKFIELD CITY WARD 23,SPRING GENERAL,JUSTICE OF THE SUPREME COURT,NONPARTISAN,PATRICK CROOKS,158,158
2006,APRIL,WAUKESHA,BROOKFIELD CITY WARD 23,SPRING GENERAL,JUSTICE OF THE SUPREME COURT,NONPARTISAN,SCATTERING,158,0
2006,APRIL,WAUKESHA,BROOKFIELD CITY WARD 24,SPRING GENERAL,JUSTICE OF THE SUPREME COURT,NONPARTISAN,PATRICK CROOKS,329,327
2006,APRIL,WAUKESHA,BROOKFIELD CITY WARD 24,SPRING GENERAL,JUSTICE OF THE SUPREME COURT,NONPARTISAN,SCATTERING,329,2
2006,APRIL,WAUKESHA,DELAFIELD CITY WARD 1,SPRING GENERAL,JUSTICE OF THE SUPREME COURT,NONPARTISAN,PATRICK CROOKS,28,28
2006,APRIL,WAUKESHA,DELAFIELD CITY WARD 1,SPRING GENERAL,JUSTICE OF THE SUPREME COURT,NONPARTISAN,SCATTERING,28,0
2006,APRIL,WAUKESHA,DELAFIELD CITY WARDS 2 - 4,SPRING GENERAL,JUSTICE OF THE SUPREME COURT,NONPARTISAN,PATRICK CROOKS,251,251
2006,APRIL,WAUKESHA,DELAFIELD CITY WARDS 2 - 4,SPRING GENERAL,JUSTICE OF THE SUPREME COURT,NONPARTISAN,SCATTERING,251,0
2006,APRIL,WAUKESHA,DELAFIELD CITY WARDS 5 - 7,SPRING GENERAL,JUSTICE OF THE SUPREME COURT,NONPARTISAN,PATRICK CROOKS,213,213
2006,APRIL,WAUKESHA,DELAFIELD CITY WARDS 5 - 7,SPRING GENERAL,JUSTICE OF THE SUPREME COURT,NONPARTISAN,SCATTERING,213,0
2006,APRIL,WAUKESHA,MILWAUKEE CITY WARD 274,SPRING GENERAL,JUSTICE OF THE SUPREME COURT,NONPARTISAN,PATRICK CROOKS,0,0
2006,APRIL,WAUKESHA,MILWAUKEE CITY WARD 274,SPRING GENERAL,JUSTICE OF THE SUPREME COURT,NONPARTISAN,SCATTERING,0,0
2006,APRIL,WAUKESHA,MUSKEGO CITY WARD 1,SPRING GENERAL,JUSTICE OF THE SUPREME COURT,NONPARTISAN,PATRICK CROOKS,74,74
2006,APRIL,WAUKESHA,MUSKEGO CITY WARD 1,SPRING GENERAL,JUSTICE OF THE SUPREME COURT,NONPARTISAN,SCATTERING,74,0
2006,APRIL,WAUKESHA,MUSKEGO CITY WARDS 2 & 3,SPRING GENERAL,JUSTICE OF THE SUPREME COURT,NONPARTISAN,PATRICK CROOKS,256,256
2006,APRIL,WAUKESHA,MUSKEGO CITY WARDS 2 & 3,SPRING GENERAL,JUSTICE OF THE SUPREME COURT,NONPARTISAN,SCATTERING,256,0
2006,APRIL,WAUKESHA,MUSKEGO CITY WARDS 4 - 6,SPRING GENERAL,JUSTICE OF THE SUPREME COURT,NONPARTISAN,PATRICK CROOKS,227,224
2006,APRIL,WAUKESHA,MUSKEGO CITY WARDS 4 - 6,SPRING GENERAL,JUSTICE OF THE SUPREME COURT,NONPARTISAN,SCATTERING,227,3
2006,APRIL,WAUKESHA,MUSKEGO CITY WARDS 7 - 9,SPRING GENERAL,JUSTICE OF THE SUPREME COURT,NONPARTISAN,PATRICK CROOKS,326,326
2006,APRIL,WAUKESHA,MUSKEGO CITY WARDS 7 - 9,SPRING GENERAL,JUSTICE OF THE SUPREME COURT,NONPARTISAN,SCATTERING,326,0
2006,APRIL,WAUKESHA,MUSKEGO CITY WARDS 10 & 11,SPRING GENERAL,JUSTICE OF THE SUPREME COURT,NONPARTISAN,PATRICK CROOKS,217,216
2006,APRIL,WAUKESHA,MUSKEGO CITY WARDS 10 & 11,SPRING GENERAL,JUSTICE OF THE SUPREME COURT,NONPARTISAN,SCATTERING,217,1
2006,APRIL,WAUKESHA,MUSKEGO CITY WARDS 12 & 13,SPRING GENERAL,JUSTICE OF THE SUPREME COURT,NONPARTISAN,PATRICK CROOKS,207,204
2006,APRIL,WAUKESHA,MUSKEGO CITY WARDS 12 & 13,SPRING GENERAL,JUSTICE OF THE SUPREME COURT,NONPARTISAN,SCATTERING,207,3
2006,APRIL,WAUKESHA,MUSKEGO CITY WARD 14,SPRING GENERAL,JUSTICE OF THE SUPREME COURT,NONPARTISAN,PATRICK CROOKS,70,69
2006,APRIL,WAUKESHA,MUSKEGO CITY WARD 14,SPRING GENERAL,JUSTICE OF THE SUPREME COURT,NONPARTISAN,SCATTERING,70,1
2006,APRIL,WAUKESHA,MUSKEGO CITY WARD 15,SPRING GENERAL,JUSTICE OF THE SUPREME COURT,NONPARTISAN,PATRICK CROOKS,174,172
2006,APRIL,WAUKESHA,MUSKEGO CITY WARD 15,SPRING GENERAL,JUSTICE OF THE SUPREME COURT,NONPARTISAN,SCATTERING,174,2
2006,APRIL,WAUKESHA,MUSKEGO CITY WARDS 16 & 17,SPRING GENERAL,JUSTICE OF THE SUPREME COURT,NONPARTISAN,PATRICK CROOKS,236,236
2006,APRIL,WAUKESHA,MUSKEGO CITY WARDS 16 & 17,SPRING GENERAL,JUSTICE OF THE SUPREME COURT,NONPARTISAN,SCATTERING,236,0
2006,APRIL,WAUKESHA,NEW BERLIN CITY WARD 1,SPRING GENERAL,JUSTICE OF THE SUPREME COURT,NONPARTISAN,PATRICK CROOKS,70,69
2006,APRIL,WAUKESHA,NEW BERLIN CITY WARD 1,SPRING GENERAL,JUSTICE OF THE SUPREME COURT,NONPARTISAN,SCATTERING,70,1
2006,APRIL,WAUKESHA,NEW BERLIN CITY WARD 2,SPRING GENERAL,JUSTICE OF THE SUPREME COURT,NONPARTISAN,PATRICK CROOKS,141,140
2006,APRIL,WAUKESHA,NEW BERLIN CITY WARD 2,SPRING GENERAL,JUSTICE OF THE SUPREME COURT,NONPARTISAN,SCATTERING,141,1
2006,APRIL,WAUKESHA,NEW BERLIN CITY WARD 3,SPRING GENERAL,JUSTICE OF THE SUPREME COURT,NONPARTISAN,PATRICK CROOKS,158,157
2006,APRIL,WAUKESHA,NEW BERLIN CITY WARD 3,SPRING GENERAL,JUSTICE OF THE SUPREME COURT,NONPARTISAN,SCATTERING,158,1
2006,APRIL,WAUKESHA,NEW BERLIN CITY WARD 4,SPRING GENERAL,JUSTICE OF THE SUPREME COURT,NONPARTISAN,PATRICK CROOKS,52,52
2006,APRIL,WAUKESHA,NEW BERLIN CITY WARD 4,SPRING GENERAL,JUSTICE OF THE SUPREME COURT,NONPARTISAN,SCATTERING,52,0
2006,APRIL,WAUKESHA,NEW BERLIN CITY WARD 5,SPRING GENERAL,JUSTICE OF THE SUPREME COURT,NONPARTISAN,PATRICK CROOKS,193,192
2006,APRIL,WAUKESHA,NEW BERLIN CITY WARD 5,SPRING GENERAL,JUSTICE OF THE SUPREME COURT,NONPARTISAN,SCATTERING,193,1
2006,APRIL,WAUKESHA,NEW BERLIN CITY WARD 6,SPRING GENERAL,JUSTICE OF THE SUPREME COURT,NONPARTISAN,PATRICK CROOKS,60,60
2006,APRIL,WAUKESHA,NEW BERLIN CITY WARD 6,SPRING GENERAL,JUSTICE OF THE SUPREME COURT,NONPARTISAN,SCATTERING,60,0
2006,APRIL,WAUKESHA,NEW BERLIN CITY WARD 7,SPRING GENERAL,JUSTICE OF THE SUPREME COURT,NONPARTISAN,PATRICK CROOKS,109,109
2006,APRIL,WAUKESHA,NEW BERLIN CITY WARD 7,SPRING GENERAL,JUSTICE OF THE SUPREME COURT,NONPARTISAN,SCATTERING,109,0
2006,APRIL,WAUKESHA,NEW BERLIN CITY WARD 8,SPRING GENERAL,JUSTICE OF THE SUPREME COURT,NONPARTISAN,PATRICK CROOKS,40,39
2006,APRIL,WAUKESHA,NEW BERLIN CITY WARD 8,SPRING GENERAL,JUSTICE OF THE SUPREME COURT,NONPARTISAN,SCATTERING,40,1
2006,APRIL,WAUKESHA,NEW BERLIN CITY WARD 9,SPRING GENERAL,JUSTICE OF THE SUPREME COURT,NONPARTISAN,PATRICK CROOKS,76,76
2006,APRIL,WAUKESHA,NEW BERLIN CITY WARD 9,SPRING GENERAL,JUSTICE OF THE SUPREME COURT,NONPARTISAN,SCATTERING,76,0
2006,APRIL,WAUKESHA,NEW BERLIN CITY WARD 10,SPRING GENERAL,JUSTICE OF THE SUPREME COURT,NONPARTISAN,PATRICK CROOKS,113,112
2006,APRIL,WAUKESHA,NEW BERLIN CITY WARD 10,SPRING GENERAL,JUSTICE OF THE SUPREME COURT,NONPARTISAN,SCATTERING,113,1
2006,APRIL,WAUKESHA,NEW BERLIN CITY WARD 11,SPRING GENERAL,JUSTICE OF THE SUPREME COURT,NONPARTISAN,PATRICK CROOKS,48,48
2006,APRIL,WAUKESHA,NEW BERLIN CITY WARD 11,SPRING GENERAL,JUSTICE OF THE SUPREME COURT,NONPARTISAN,SCATTERING,48,0
2006,APRIL,WAUKESHA,NEW BERLIN CITY WARD 12,SPRING GENERAL,JUSTICE OF THE SUPREME COURT,NONPARTISAN,PATRICK CROOKS,81,81
2006,APRIL,WAUKESHA,NEW BERLIN CITY WARD 12,SPRING GENERAL,JUSTICE OF THE SUPREME COURT,NONPARTISAN,SCATTERING,81,0
2006,APRIL,WAUKESHA,NEW BERLIN CITY WARD 13,SPRING GENERAL,JUSTICE OF THE SUPREME COURT,NONPARTISAN,PATRICK CROOKS,140,140
2006,APRIL,WAUKESHA,NEW BERLIN CITY WARD 13,SPRING GENERAL,JUSTICE OF THE SUPREME COURT,NONPARTISAN,SCATTERING,140,0
2006,APRIL,WAUKESHA,NEW BERLIN CITY WARD 14,SPRING GENERAL,JUSTICE OF THE SUPREME COURT,NONPARTISAN,PATRICK CROOKS,144,143
2006,APRIL,WAUKESHA,NEW BERLIN CITY WARD 14,SPRING GENERAL,JUSTICE OF THE SUPREME COURT,NONPARTISAN,SCATTERING,144,1
2006,APRIL,WAUKESHA,NEW BERLIN CITY WARD 15,SPRING GENERAL,JUSTICE OF THE SUPREME COURT,NONPARTISAN,PATRICK CROOKS,127,126
2006,APRIL,WAUKESHA,NEW BERLIN CITY WARD 15,SPRING GENERAL,JUSTICE OF THE SUPREME COURT,NONPARTISAN,SCATTERING,127,1
2006,APRIL,WAUKESHA,NEW BERLIN CITY WARD 16,SPRING GENERAL,JUSTICE OF THE SUPREME COURT,NONPARTISAN,PATRICK CROOKS,95,95
2006,APRIL,WAUKESHA,NEW BERLIN CITY WARD 16,SPRING GENERAL,JUSTICE OF THE SUPREME COURT,NONPARTISAN,SCATTERING,95,0
2006,APRIL,WAUKESHA,NEW BERLIN CITY WARD 17,SPRING GENERAL,JUSTICE OF THE SUPREME COURT,NONPARTISAN,PATRICK CROOKS,124,123
2006,APRIL,WAUKESHA,NEW BERLIN CITY WARD 17,SPRING GENERAL,JUSTICE OF THE SUPREME COURT,NONPARTISAN,SCATTERING,124,1
2006,APRIL,WAUKESHA,NEW BERLIN CITY WARD 18,SPRING GENERAL,JUSTICE OF THE SUPREME COURT,NONPARTISAN,PATRICK CROOKS,138,137
2006,APRIL,WAUKESHA,NEW BERLIN CITY WARD 18,SPRING GENERAL,JUSTICE OF THE SUPREME COURT,NONPARTISAN,SCATTERING,138,1
2006,APRIL,WAUKESHA,NEW BERLIN CITY WARD 19,SPRING GENERAL,JUSTICE OF THE SUPREME COURT,NONPARTISAN,PATRICK CROOKS,176,176
2006,APRIL,WAUKESHA,NEW BERLIN CITY WARD 19,SPRING GENERAL,JUSTICE OF THE SUPREME COURT,NONPARTISAN,SCATTERING,176,0
2006,APRIL,WAUKESHA,NEW BERLIN CITY WARD 20,SPRING GENERAL,JUSTICE OF THE SUPREME COURT,NONPARTISAN,PATRICK CROOKS,228,227
2006,APRIL,WAUKESHA,NEW BERLIN CITY WARD 20,SPRING GENERAL,JUSTICE OF THE SUPREME COURT,NONPARTISAN,SCATTERING,228,1
2006,APRIL,WAUKESHA,NEW BERLIN CITY WARD 21,SPRING GENERAL,JUSTICE OF THE SUPREME COURT,NONPARTISAN,PATRICK CROOKS,89,89
2006,APRIL,WAUKESHA,NEW BERLIN CITY WARD 21,SPRING GENERAL,JUSTICE OF THE SUPREME COURT,NONPARTISAN,SCATTERING,89,0
2006,APRIL,WAUKESHA,NEW BERLIN CITY WARD 22,SPRING GENERAL,JUSTICE OF THE SUPREME COURT,NONPARTISAN,PATRICK CROOKS,80,79
2006,APRIL,WAUKESHA,NEW BERLIN CITY WARD 22,SPRING GENERAL,JUSTICE OF THE SUPREME COURT,NONPARTISAN,SCATTERING,80,1
2006,APRIL,WAUKESHA,NEW BERLIN CITY WARD 23,SPRING GENERAL,JUSTICE OF THE SUPREME COURT,NONPARTISAN,PATRICK CROOKS,123,119
2006,APRIL,WAUKESHA,NEW BERLIN CITY WARD 23,SPRING GENERAL,JUSTICE OF THE SUPREME COURT,NONPARTISAN,SCATTERING,123,4
2006,APRIL,WAUKESHA,NEW BERLIN CITY WARD 24,SPRING GENERAL,JUSTICE OF THE SUPREME COURT,NONPARTISAN,PATRICK CROOKS,178,178
2006,APRIL,WAUKESHA,NEW BERLIN CITY WARD 24,SPRING GENERAL,JUSTICE OF THE SUPREME COURT,NONPARTISAN,SCATTERING,178,0
2006,APRIL,WAUKESHA,NEW BERLIN CITY WARD 25,SPRING GENERAL,JUSTICE OF THE SUPREME COURT,NONPARTISAN,PATRICK CROOKS,110,109
2006,APRIL,WAUKESHA,NEW BERLIN CITY WARD 25,SPRING GENERAL,JUSTICE OF THE SUPREME COURT,NONPARTISAN,SCATTERING,110,1
2006,APRIL,WAUKESHA,NEW BERLIN CITY WARD 26,SPRING GENERAL,JUSTICE OF THE SUPREME COURT,NONPARTISAN,PATRICK CROOKS,149,149
2006,APRIL,WAUKESHA,NEW BERLIN CITY WARD 26,SPRING GENERAL,JUSTICE OF THE SUPREME COURT,NONPARTISAN,SCATTERING,149,0
2006,APRIL,WAUKESHA,NEW BERLIN CITY WARD 27,SPRING GENERAL,JUSTICE OF THE SUPREME COURT,NONPARTISAN,PATRICK CROOKS,8,8
2006,APRIL,WAUKESHA,NEW BERLIN CITY WARD 27,SPRING GENERAL,JUSTICE OF THE SUPREME COURT,NONPARTISAN,SCATTERING,8,0
2006,APRIL,WAUKESHA,NEW BERLIN CITY WARD 28,SPRING GENERAL,JUSTICE OF THE SUPREME COURT,NONPARTISAN,PATRICK CROOKS,4,4
2006,APRIL,WAUKESHA,NEW BERLIN CITY WARD 28,SPRING GENERAL,JUSTICE OF THE SUPREME COURT,NONPARTISAN,SCATTERING,4,0
2006,APRIL,WAUKESHA,"OCONOMOWOC CITY WARDS 1, 2 & 21",SPRING GENERAL,JUSTICE OF THE SUPREME COURT,NONPARTISAN,PATRICK CROOKS,364,364
2006,APRIL,WAUKESHA,"OCONOMOWOC CITY WARDS 1, 2 & 21",SPRING GENERAL,JUSTICE OF THE SUPREME COURT,NONPARTISAN,SCATTERING,364,0
2006,APRIL,WAUKESHA,OCONOMOWOC CITY WARD 3,SPRING GENERAL,JUSTICE OF THE SUPREME COURT,NONPARTISAN,PATRICK CROOKS,108,108
2006,APRIL,WAUKESHA,OCONOMOWOC CITY WARD 3,SPRING GENERAL,JUSTICE OF THE SUPREME COURT,NONPARTISAN,SCATTERING,108,0
2006,APRIL,WAUKESHA,OCONOMOWOC CITY WARDS 4 - 6,SPRING GENERAL,JUSTICE OF THE SUPREME COURT,NONPARTISAN,PATRICK CROOKS,375,375
2006,APRIL,WAUKESHA,OCONOMOWOC CITY WARDS 4 - 6,SPRING GENERAL,JUSTICE OF THE SUPREME COURT,NONPARTISAN,SCATTERING,375,0
2006,APRIL,WAUKESHA,OCONOMOWOC CITY WARDS 7 - 9,SPRING GENERAL,JUSTICE OF THE SUPREME COURT,NONPARTISAN,PATRICK CROOKS,382,382
2006,APRIL,WAUKESHA,OCONOMOWOC CITY WARDS 7 - 9,SPRING GENERAL,JUSTICE OF THE SUPREME COURT,NONPARTISAN,SCATTERING,382,0
2006,APRIL,WAUKESHA,OCONOMOWOC CITY WARDS 10 - 13,SPRING GENERAL,JUSTICE OF THE SUPREME COURT,NONPARTISAN,PATRICK CROOKS,490,490
2006,APRIL,WAUKESHA,OCONOMOWOC CITY WARDS 10 - 13,SPRING GENERAL,JUSTICE OF THE SUPREME COURT,NONPARTISAN,SCATTERING,490,0
2006,APRIL,WAUKESHA,OCONOMOWOC CITY WARD 14,SPRING GENERAL,JUSTICE OF THE SUPREME COURT,NONPARTISAN,PATRICK CROOKS,0,0
2006,APRIL,WAUKESHA,OCONOMOWOC CITY WARD 14,SPRING GENERAL,JUSTICE OF THE SUPREME COURT,NONPARTISAN,SCATTERING,0,0
2006,APRIL,WAUKESHA,OCONOMOWOC CITY WARDS 15 & 16,SPRING GENERAL,JUSTICE OF THE SUPREME COURT,NONPARTISAN,PATRICK CROOKS,1,1
2006,APRIL,WAUKESHA,OCONOMOWOC CITY WARDS 15 & 16,SPRING GENERAL,JUSTICE OF THE SUPREME COURT,NONPARTISAN,SCATTERING,1,0
2006,APRIL,WAUKESHA,OCONOMOWOC CITY WARDS 17 - 19,SPRING GENERAL,JUSTICE OF THE SUPREME COURT,NONPARTISAN,PATRICK CROOKS,0,0
2006,APRIL,WAUKESHA,OCONOMOWOC CITY WARDS 17 - 19,SPRING GENERAL,JUSTICE OF THE SUPREME COURT,NONPARTISAN,SCATTERING,0,0
2006,APRIL,WAUKESHA,OCONOMOWOC CITY WARD 20,SPRING GENERAL,JUSTICE OF THE SUPREME COURT,NONPARTISAN,PATRICK CROOKS,0,0
2006,APRIL,WAUKESHA,OCONOMOWOC CITY WARD 20,SPRING GENERAL,JUSTICE OF THE SUPREME COURT,NONPARTISAN,SCATTERING,0,0
2006,APRIL,WAUKESHA,PEWAUKEE CITY WARD 1,SPRING GENERAL,JUSTICE OF THE SUPREME COURT,NONPARTISAN,PATRICK CROOKS,106,105
2006,APRIL,WAUKESHA,PEWAUKEE CITY WARD 1,SPRING GENERAL,JUSTICE OF THE SUPREME COURT,NONPARTISAN,SCATTERING,106,1
2006,APRIL,WAUKESHA,PEWAUKEE CITY WARDS 2 & 3,SPRING GENERAL,JUSTICE OF THE SUPREME COURT,NONPARTISAN,PATRICK CROOKS,97,96
2006,APRIL,WAUKESHA,PEWAUKEE CITY WARDS 2 & 3,SPRING GENERAL,JUSTICE OF THE SUPREME COURT,NONPARTISAN,SCATTERING,97,1
2006,APRIL,WAUKESHA,PEWAUKEE CITY WARD 4,SPRING GENERAL,JUSTICE OF THE SUPREME COURT,NONPARTISAN,PATRICK CROOKS,87,87
2006,APRIL,WAUKESHA,PEWAUKEE CITY WARD 4,SPRING GENERAL,JUSTICE OF THE SUPREME COURT,NONPARTISAN,SCATTERING,87,0
2006,APRIL,WAUKESHA,PEWAUKEE CITY WARD 5,SPRING GENERAL,JUSTICE OF THE SUPREME COURT,NONPARTISAN,PATRICK CROOKS,166,162
2006,APRIL,WAUKESHA,PEWAUKEE CITY WARD 5,SPRING GENERAL,JUSTICE OF THE SUPREME COURT,NONPARTISAN,SCATTERING,166,4
2006,APRIL,WAUKESHA,PEWAUKEE CITY WARDS 6 & 7,SPRING GENERAL,JUSTICE OF THE SUPREME COURT,NONPARTISAN,PATRICK CROOKS,145,140
2006,APRIL,WAUKESHA,PEWAUKEE CITY WARDS 6 & 7,SPRING GENERAL,JUSTICE OF THE SUPREME COURT,NONPARTISAN,SCATTERING,145,5
2006,APRIL,WAUKESHA,PEWAUKEE CITY WARD 8,SPRING GENERAL,JUSTICE OF THE SUPREME COURT,NONPARTISAN,PATRICK CROOKS,102,102
2006,APRIL,WAUKESHA,PEWAUKEE CITY WARD 8,SPRING GENERAL,JUSTICE OF THE SUPREME COURT,NONPARTISAN,SCATTERING,102,0
2006,APRIL,WAUKESHA,PEWAUKEE CITY WARD 9,SPRING GENERAL,JUSTICE OF THE SUPREME COURT,NONPARTISAN,PATRICK CROOKS,39,38
2006,APRIL,WAUKESHA,PEWAUKEE CITY WARD 9,SPRING GENERAL,JUSTICE OF THE SUPREME COURT,NONPARTISAN,SCATTERING,39,1
2006,APRIL,WAUKESHA,PEWAUKEE CITY WARD 10,SPRING GENERAL,JUSTICE OF THE SUPREME COURT,NONPARTISAN,PATRICK CROOKS,61,61
2006,APRIL,WAUKESHA,PEWAUKEE CITY WARD 10,SPRING GENERAL,JUSTICE OF THE SUPREME COURT,NONPARTISAN,SCATTERING,61,0
2006,APRIL,WAUKESHA,WAUKESHA CITY WARD 1,SPRING GENERAL,JUSTICE OF THE SUPREME COURT,NONPARTISAN,PATRICK CROOKS,135,135
2006,APRIL,WAUKESHA,WAUKESHA CITY WARD 1,SPRING GENERAL,JUSTICE OF THE SUPREME COURT,NONPARTISAN,SCATTERING,135,0
2006,APRIL,WAUKESHA,WAUKESHA CITY WARD 2,SPRING GENERAL,JUSTICE OF THE SUPREME COURT,NONPARTISAN,PATRICK CROOKS,253,252
2006,APRIL,WAUKESHA,WAUKESHA CITY WARD 2,SPRING GENERAL,JUSTICE OF THE SUPREME COURT,NONPARTISAN,SCATTERING,253,1
2006,APRIL,WAUKESHA,WAUKESHA CITY WARD 3,SPRING GENERAL,JUSTICE OF THE SUPREME COURT,NONPARTISAN,PATRICK CROOKS,126,126
2006,APRIL,WAUKESHA,WAUKESHA CITY WARD 3,SPRING GENERAL,JUSTICE OF THE SUPREME COURT,NONPARTISAN,SCATTERING,126,0
2006,APRIL,WAUKESHA,WAUKESHA CITY WARD 4,SPRING GENERAL,JUSTICE OF THE SUPREME COURT,NONPARTISAN,PATRICK CROOKS,106,106
2006,APRIL,WAUKESHA,WAUKESHA CITY WARD 4,SPRING GENERAL,JUSTICE OF THE SUPREME COURT,NONPARTISAN,SCATTERING,106,0
2006,APRIL,WAUKESHA,WAUKESHA CITY WARD 5,SPRING GENERAL,JUSTICE OF THE SUPREME COURT,NONPARTISAN,PATRICK CROOKS,124,124
2006,APRIL,WAUKESHA,WAUKESHA CITY WARD 5,SPRING GENERAL,JUSTICE OF THE SUPREME COURT,NONPARTISAN,SCATTERING,124,0
2006,APRIL,WAUKESHA,WAUKESHA CITY WARD 6,SPRING GENERAL,JUSTICE OF THE SUPREME COURT,NONPARTISAN,PATRICK CROOKS,115,115
2006,APRIL,WAUKESHA,WAUKESHA CITY WARD 6,SPRING GENERAL,JUSTICE OF THE SUPREME COURT,NONPARTISAN,SCATTERING,115,0
2006,APRIL,WAUKESHA,WAUKESHA CITY WARD 7,SPRING GENERAL,JUSTICE OF THE SUPREME COURT,NONPARTISAN,PATRICK CROOKS,191,190
2006,APRIL,WAUKESHA,WAUKESHA CITY WARD 7,SPRING GENERAL,JUSTICE OF THE SUPREME COURT,NONPARTISAN,SCATTERING,191,1
2006,APRIL,WAUKESHA,WAUKESHA CITY WARD 8,SPRING GENERAL,JUSTICE OF THE SUPREME COURT,NONPARTISAN,PATRICK CROOKS,166,166
2006,APRIL,WAUKESHA,WAUKESHA CITY WARD 8,SPRING GENERAL,JUSTICE OF THE SUPREME COURT,NONPARTISAN,SCATTERING,166,0
2006,APRIL,WAUKESHA,WAUKESHA CITY WARD 9,SPRING GENERAL,JUSTICE OF THE SUPREME COURT,NONPARTISAN,PATRICK CROOKS,156,156
2006,APRIL,WAUKESHA,WAUKESHA CITY WARD 9,SPRING GENERAL,JUSTICE OF THE SUPREME COURT,NONPARTISAN,SCATTERING,156,0
2006,APRIL,WAUKESHA,WAUKESHA CITY WARD 10,SPRING GENERAL,JUSTICE OF THE SUPREME COURT,NONPARTISAN,PATRICK CROOKS,41,41
2006,APRIL,WAUKESHA,WAUKESHA CITY WARD 10,SPRING GENERAL,JUSTICE OF THE SUPREME COURT,NONPARTISAN,SCATTERING,41,0
2006,APRIL,WAUKESHA,WAUKESHA CITY WARD 11,SPRING GENERAL,JUSTICE OF THE SUPREME COURT,NONPARTISAN,PATRICK CROOKS,156,156
2006,APRIL,WAUKESHA,WAUKESHA CITY WARD 11,SPRING GENERAL,JUSTICE OF THE SUPREME COURT,NONPARTISAN,SCATTERING,156,0
2006,APRIL,WAUKESHA,WAUKESHA CITY WARD 12,SPRING GENERAL,JUSTICE OF THE SUPREME COURT,NONPARTISAN,PATRICK CROOKS,153,152
2006,APRIL,WAUKESHA,WAUKESHA CITY WARD 12,SPRING GENERAL,JUSTICE OF THE SUPREME COURT,NONPARTISAN,SCATTERING,153,1
2006,APRIL,WAUKESHA,WAUKESHA CITY WARD 13,SPRING GENERAL,JUSTICE OF THE SUPREME COURT,NONPARTISAN,PATRICK CROOKS,156,154
2006,APRIL,WAUKESHA,WAUKESHA CITY WARD 13,SPRING GENERAL,JUSTICE OF THE SUPREME COURT,NONPARTISAN,SCATTERING,156,2
2006,APRIL,WAUKESHA,WAUKESHA CITY WARD 14,SPRING GENERAL,JUSTICE OF THE SUPREME COURT,NONPARTISAN,PATRICK CROOKS,12,12
2006,APRIL,WAUKESHA,WAUKESHA CITY WARD 14,SPRING GENERAL,JUSTICE OF THE SUPREME COURT,NONPARTISAN,SCATTERING,12,0
2006,APRIL,WAUKESHA,WAUKESHA CITY WARD 15,SPRING GENERAL,JUSTICE OF THE SUPREME COURT,NONPARTISAN,PATRICK CROOKS,183,182
2006,APRIL,WAUKESHA,WAUKESHA CITY WARD 15,SPRING GENERAL,JUSTICE OF THE SUPREME COURT,NONPARTISAN,SCATTERING,183,1
2006,APRIL,WAUKESHA,WAUKESHA CITY WARD 16,SPRING GENERAL,JUSTICE OF THE SUPREME COURT,NONPARTISAN,PATRICK CROOKS,111,111
2006,APRIL,WAUKESHA,WAUKESHA CITY WARD 16,SPRING GENERAL,JUSTICE OF THE SUPREME COURT,NONPARTISAN,SCATTERING,111,0
2006,APRIL,WAUKESHA,WAUKESHA CITY WARD 17,SPRING GENERAL,JUSTICE OF THE SUPREME COURT,NONPARTISAN,PATRICK CROOKS,109,109
2006,APRIL,WAUKESHA,WAUKESHA CITY WARD 17,SPRING GENERAL,JUSTICE OF THE SUPREME COURT,NONPARTISAN,SCATTERING,109,0
2006,APRIL,WAUKESHA,WAUKESHA CITY WARD 18,SPRING GENERAL,JUSTICE OF THE SUPREME COURT,NONPARTISAN,PATRICK CROOKS,43,43
2006,APRIL,WAUKESHA,WAUKESHA CITY WARD 18,SPRING GENERAL,JUSTICE OF THE SUPREME COURT,NONPARTISAN,SCATTERING,43,0
2006,APRIL,WAUKESHA,WAUKESHA CITY WARD 19,SPRING GENERAL,JUSTICE OF THE SUPREME COURT,NONPARTISAN,PATRICK CROOKS,144,144
2006,APRIL,WAUKESHA,WAUKESHA CITY WARD 19,SPRING GENERAL,JUSTICE OF THE SUPREME COURT,NONPARTISAN,SCATTERING,144,0
2006,APRIL,WAUKESHA,WAUKESHA CITY WARD 20,SPRING GENERAL,JUSTICE OF THE SUPREME COURT,NONPARTISAN,PATRICK CROOKS,185,184
2006,APRIL,WAUKESHA,WAUKESHA CITY WARD 20,SPRING GENERAL,JUSTICE OF THE SUPREME COURT,NONPARTISAN,SCATTERING,185,1
2006,APRIL,WAUKESHA,WAUKESHA CITY WARD 21,SPRING GENERAL,JUSTICE OF THE SUPREME COURT,NONPARTISAN,PATRICK CROOKS,109,109
2006,APRIL,WAUKESHA,WAUKESHA CITY WARD 21,SPRING GENERAL,JUSTICE OF THE SUPREME COURT,NONPARTISAN,SCATTERING,109,0
2006,APRIL,WAUKESHA,WAUKESHA CITY WARD 22,SPRING GENERAL,JUSTICE OF THE SUPREME COURT,NONPARTISAN,PATRICK CROOKS,80,78
2006,APRIL,WAUKESHA,WAUKESHA CITY WARD 22,SPRING GENERAL,JUSTICE OF THE SUPREME COURT,NONPARTISAN,SCATTERING,80,2
2006,APRIL,WAUKESHA,WAUKESHA CITY WARD 23,SPRING GENERAL,JUSTICE OF THE SUPREME COURT,NONPARTISAN,PATRICK CROOKS,87,86
2006,APRIL,WAUKESHA,WAUKESHA CITY WARD 23,SPRING GENERAL,JUSTICE OF THE SUPREME COURT,NONPARTISAN,SCATTERING,87,1
2006,APRIL,WAUKESHA,WAUKESHA CITY WARD 24,SPRING GENERAL,JUSTICE OF THE SUPREME COURT,NONPARTISAN,PATRICK CROOKS,153,153
2006,APRIL,WAUKESHA,WAUKESHA CITY WARD 24,SPRING GENERAL,JUSTICE OF THE SUPREME COURT,NONPARTISAN,SCATTERING,153,0
2006,APRIL,WAUKESHA,WAUKESHA CITY WARD 25,SPRING GENERAL,JUSTICE OF THE SUPREME COURT,NONPARTISAN,PATRICK CROOKS,153,153
2006,APRIL,WAUKESHA,WAUKESHA CITY WARD 25,SPRING GENERAL,JUSTICE OF THE SUPREME COURT,NONPARTISAN,SCATTERING,153,0
2006,APRIL,WAUKESHA,WAUKESHA CITY WARD 26,SPRING GENERAL,JUSTICE OF THE SUPREME COURT,NONPARTISAN,PATRICK CROOKS,233,232
2006,APRIL,WAUKESHA,WAUKESHA CITY WARD 26,SPRING GENERAL,JUSTICE OF THE SUPREME COURT,NONPARTISAN,SCATTERING,233,1
2006,APRIL,WAUKESHA,WAUKESHA CITY WARD 27,SPRING GENERAL,JUSTICE OF THE SUPREME COURT,NONPARTISAN,PATRICK CROOKS,340,340
2006,APRIL,WAUKESHA,WAUKESHA CITY WARD 27,SPRING GENERAL,JUSTICE OF THE SUPREME COURT,NONPARTISAN,SCATTERING,340,0
2006,APRIL,WAUKESHA,WAUKESHA CITY WARD 28,SPRING GENERAL,JUSTICE OF THE SUPREME COURT,NONPARTISAN,PATRICK CROOKS,115,115
2006,APRIL,WAUKESHA,WAUKESHA CITY WARD 28,SPRING GENERAL,JUSTICE OF THE SUPREME COURT,NONPARTISAN,SCATTERING,115,0
2006,APRIL,WAUKESHA,WAUKESHA CITY WARD 29,SPRING GENERAL,JUSTICE OF THE SUPREME COURT,NONPARTISAN,PATRICK CROOKS,114,114
2006,APRIL,WAUKESHA,WAUKESHA CITY WARD 29,SPRING GENERAL,JUSTICE OF THE SUPREME COURT,NONPARTISAN,SCATTERING,114,0
2006,APRIL,WAUKESHA,WAUKESHA CITY WARD 30,SPRING GENERAL,JUSTICE OF THE SUPREME COURT,NONPARTISAN,PATRICK CROOKS,112,112
2006,APRIL,WAUKESHA,WAUKESHA CITY WARD 30,SPRING GENERAL,JUSTICE OF THE SUPREME COURT,NONPARTISAN,SCATTERING,112,0
2006,APRIL,WAUKESHA,WAUKESHA CITY WARD 31,SPRING GENERAL,JUSTICE OF THE SUPREME COURT,NONPARTISAN,PATRICK CROOKS,153,153
2006,APRIL,WAUKESHA,WAUKESHA CITY WARD 31,SPRING GENERAL,JUSTICE OF THE SUPREME COURT,NONPARTISAN,SCATTERING,153,0
2006,APRIL,WAUKESHA,WAUKESHA CITY WARD 32,SPRING GENERAL,JUSTICE OF THE SUPREME COURT,NONPARTISAN,PATRICK CROOKS,293,293
2006,APRIL,WAUKESHA,WAUKESHA CITY WARD 32,SPRING GENERAL,JUSTICE OF THE SUPREME COURT,NONPARTISAN,SCATTERING,293,0
2006,APRIL,WAUKESHA,WAUKESHA CITY WARD 33,SPRING GENERAL,JUSTICE OF THE SUPREME COURT,NONPARTISAN,PATRICK CROOKS,303,303
2006,APRIL,WAUKESHA,WAUKESHA CITY WARD 33,SPRING GENERAL,JUSTICE OF THE SUPREME COURT,NONPARTISAN,SCATTERING,303,0
2006,APRIL,WAUKESHA,WAUKESHA CITY WARD 34,SPRING GENERAL,JUSTICE OF THE SUPREME COURT,NONPARTISAN,PATRICK CROOKS,140,140
2006,APRIL,WAUKESHA,WAUKESHA CITY WARD 34,SPRING GENERAL,JUSTICE OF THE SUPREME COURT,NONPARTISAN,SCATTERING,140,0
2006,APRIL,WAUKESHA,WAUKESHA CITY WARD 35,SPRING GENERAL,JUSTICE OF THE SUPREME COURT,NONPARTISAN,PATRICK CROOKS,65,65
2006,APRIL,WAUKESHA,WAUKESHA CITY WARD 35,SPRING GENERAL,JUSTICE OF THE SUPREME COURT,NONPARTISAN,SCATTERING,65,0
2006,APRIL,WAUKESHA,WAUKESHA CITY WARD 36,SPRING GENERAL,JUSTICE OF THE SUPREME COURT,NONPARTISAN,PATRICK CROOKS,334,331
2006,APRIL,WAUKESHA,WAUKESHA CITY WARD 36,SPRING GENERAL,JUSTICE OF THE SUPREME COURT,NONPARTISAN,SCATTERING,334,3
2006,APRIL,WAUKESHA,WAUKESHA CITY WARD 37,SPRING GENERAL,JUSTICE OF THE SUPREME COURT,NONPARTISAN,PATRICK CROOKS,163,161
2006,APRIL,WAUKESHA,WAUKESHA CITY WARD 37,SPRING GENERAL,JUSTICE OF THE SUPREME COURT,NONPARTISAN,SCATTERING,163,2
2006,APRIL,WAUKESHA,WAUKESHA CITY WARD 38,SPRING GENERAL,JUSTICE OF THE SUPREME COURT,NONPARTISAN,PATRICK CROOKS,133,132
2006,APRIL,WAUKESHA,WAUKESHA CITY WARD 38,SPRING GENERAL,JUSTICE OF THE SUPREME COURT,NONPARTISAN,SCATTERING,133,1
2006,APRIL,WAUKESHA,WAUKESHA CITY WARD 39,SPRING GENERAL,JUSTICE OF THE SUPREME COURT,NONPARTISAN,PATRICK CROOKS,7,7
2006,APRIL,WAUKESHA,WAUKESHA CITY WARD 39,SPRING GENERAL,JUSTICE OF THE SUPREME COURT,NONPARTISAN,SCATTERING,7,0
2006,APRIL,WAUKESHA,WAUKESHA CITY WARD 40,SPRING GENERAL,JUSTICE OF THE SUPREME COURT,NONPARTISAN,PATRICK CROOKS,0,0
2006,APRIL,WAUKESHA,WAUKESHA CITY WARD 40,SPRING GENERAL,JUSTICE OF THE SUPREME COURT,NONPARTISAN,SCATTERING,0,0
2006,APRIL,WAUKESHA,WAUKESHA CITY WARD 41,SPRING GENERAL,JUSTICE OF THE SUPREME COURT,NONPARTISAN,PATRICK CROOKS,0,0
2006,APRIL,WAUKESHA,WAUKESHA CITY WARD 41,SPRING GENERAL,JUSTICE OF THE SUPREME COURT,NONPARTISAN,SCATTERING,0,0
2006,APRIL,WAUKESHA,WAUKESHA CITY WARD 42,SPRING GENERAL,JUSTICE OF THE SUPREME COURT,NONPARTISAN,PATRICK CROOKS,0,0
2006,APRIL,WAUKESHA,WAUKESHA CITY WARD 42,SPRING GENERAL,JUSTICE OF THE SUPREME COURT,NONPARTISAN,SCATTERING,0,0
2006,APRIL,WAUKESHA,WAUKESHA CITY WARD 43,SPRING GENERAL,JUSTICE OF THE SUPREME COURT,NONPARTISAN,PATRICK CROOKS,0,0
2006,APRIL,WAUKESHA,WAUKESHA CITY WARD 43,SPRING GENERAL,JUSTICE OF THE SUPREME COURT,NONPARTISAN,SCATTERING,0,0
2006,APRIL,WAUKESHA,WAUKESHA CITY WARD 44,SPRING GENERAL,JUSTICE OF THE SUPREME COURT,NONPARTISAN,PATRICK CROOKS,0,0
2006,APRIL,WAUKESHA,WAUKESHA CITY WARD 44,SPRING GENERAL,JUSTICE OF THE SUPREME COURT,NONPARTISAN,SCATTERING,0,0
2006,APRIL,WAUKESHA,WAUKESHA CITY WARD 45,SPRING GENERAL,JUSTICE OF THE SUPREME COURT,NONPARTISAN,PATRICK CROOKS,0,0
2006,APRIL,WAUKESHA,WAUKESHA CITY WARD 45,SPRING GENERAL,JUSTICE OF THE SUPREME COURT,NONPARTISAN,SCATTERING,0,0
2006,APRIL,WAUKESHA,WAUKESHA CITY WARD 46,SPRING GENERAL,JUSTICE OF THE SUPREME COURT,NONPARTISAN,PATRICK CROOKS,3,3
2006,APRIL,WAUKESHA,WAUKESHA CITY WARD 46,SPRING GENERAL,JUSTICE OF THE SUPREME COURT,NONPARTISAN,SCATTERING,3,0
2006,APRIL,WAUKESHA,WAUKESHA CITY WARD 47,SPRING GENERAL,JUSTICE OF THE SUPREME COURT,NONPARTISAN,PATRICK CROOKS,1,1
2006,APRIL,WAUKESHA,WAUKESHA CITY WARD 47,SPRING GENERAL,JUSTICE OF THE SUPREME COURT,NONPARTISAN,SCATTERING,1,0
2006,APRIL,WAUKESHA,WAUKESHA CITY WARD 48,SPRING GENERAL,JUSTICE OF THE SUPREME COURT,NONPARTISAN,PATRICK CROOKS,0,0
2006,APRIL,WAUKESHA,WAUKESHA CITY WARD 48,SPRING GENERAL,JUSTICE OF THE SUPREME COURT,NONPARTISAN,SCATTERING,0,0
2006,APRIL,WAUKESHA,WAUKESHA CITY WARD 49,SPRING GENERAL,JUSTICE OF THE SUPREME COURT,NONPARTISAN,PATRICK CROOKS,0,0
2006,APRIL,WAUKESHA,WAUKESHA CITY WARD 49,SPRING GENERAL,JUSTICE OF THE SUPREME COURT,NONPARTISAN,SCATTERING,0,0
2006,APRIL,WAUKESHA,WAUKESHA CITY WARD 50,SPRING GENERAL,JUSTICE OF THE SUPREME COURT,NONPARTISAN,PATRICK CROOKS,0,0
2006,APRIL,WAUKESHA,WAUKESHA CITY WARD 50,SPRING GENERAL,JUSTICE OF THE SUPREME COURT,NONPARTISAN,SCATTERING,0,0
2006,APRIL,WAUKESHA,WAUKESHA CITY WARD 51,SPRING GENERAL,JUSTICE OF THE SUPREME COURT,NONPARTISAN,PATRICK CROOKS,0,0
2006,APRIL,WAUKESHA,WAUKESHA CITY WARD 51,SPRING GENERAL,JUSTICE OF THE SUPREME COURT,NONPARTISAN,SCATTERING,0,0
2006,APRIL,WAUKESHA,WAUKESHA CITY WARD 52,SPRING GENERAL,JUSTICE OF THE SUPREME COURT,NONPARTISAN,PATRICK CROOKS,0,0
2006,APRIL,WAUKESHA,WAUKESHA CITY WARD 52,SPRING GENERAL,JUSTICE OF THE SUPREME COURT,NONPARTISAN,SCATTERING,0,0
2006,APRIL,WAUKESHA,WAUKESHA CITY WARD 53,SPRING GENERAL,JUSTICE OF THE SUPREME COURT,NONPARTISAN,PATRICK CROOKS,1,1
2006,APRIL,WAUKESHA,WAUKESHA CITY WARD 53,SPRING GENERAL,JUSTICE OF THE SUPREME COURT,NONPARTISAN,SCATTERING,1,0
2006,APRIL,WAUKESHA,WAUKESHA CITY WARD 54,SPRING GENERAL,JUSTICE OF THE SUPREME COURT,NONPARTISAN,PATRICK CROOKS,0,0
2006,APRIL,WAUKESHA,WAUKESHA CITY WARD 54,SPRING GENERAL,JUSTICE OF THE SUPREME COURT,NONPARTISAN,SCATTERING,0,0
2006,APRIL,WAUKESHA,WAUKESHA CITY WARD 55,SPRING GENERAL,JUSTICE OF THE SUPREME COURT,NONPARTISAN,PATRICK CROOKS,0,0
2006,APRIL,WAUKESHA,WAUKESHA CITY WARD 55,SPRING GENERAL,JUSTICE OF THE SUPREME COURT,NONPARTISAN,SCATTERING,0,0
2006,APRIL,WAUKESHA,WAUKESHA CITY WARD 56,SPRING GENERAL,JUSTICE OF THE SUPREME COURT,NONPARTISAN,PATRICK CROOKS,0,0
2006,APRIL,WAUKESHA,WAUKESHA CITY WARD 56,SPRING GENERAL,JUSTICE OF THE SUPREME COURT,NONPARTISAN,SCATTERING,0,0
2006,APRIL,WAUKESHA,WAUKESHA CITY WARD 57,SPRING GENERAL,JUSTICE OF THE SUPREME COURT,NONPARTISAN,PATRICK CROOKS,0,0
2006,APRIL,WAUKESHA,WAUKESHA CITY WARD 57,SPRING GENERAL,JUSTICE OF THE SUPREME COURT,NONPARTISAN,SCATTERING,0,0
2006,APRIL,WAUKESHA,WAUKESHA CITY WARD 58,SPRING GENERAL,JUSTICE OF THE SUPREME COURT,NONPARTISAN,PATRICK CROOKS,0,0
2006,APRIL,WAUKESHA,WAUKESHA CITY WARD 58,SPRING GENERAL,JUSTICE OF THE SUPREME COURT,NONPARTISAN,SCATTERING,0,0
2006,APRIL,WAUKESHA,WAUKESHA CITY WARD 59,SPRING GENERAL,JUSTICE OF THE SUPREME COURT,NONPARTISAN,PATRICK CROOKS,0,0
2006,APRIL,WAUKESHA,WAUKESHA CITY WARD 59,SPRING GENERAL,JUSTICE OF THE SUPREME COURT,NONPARTISAN,SCATTERING,0,0
2006,APRIL,WAUPACA,BEAR CREEK TOWN WARD 1,SPRING GENERAL,JUSTICE OF THE SUPREME COURT,NONPARTISAN,PATRICK CROOKS,73,73
2006,APRIL,WAUPACA,BEAR CREEK TOWN WARD 1,SPRING GENERAL,JUSTICE OF THE SUPREME COURT,NONPARTISAN,SCATTERING,73,0
2006,APRIL,WAUPACA,CALEDONIA TOWN WARDS 1 & 2,SPRING GENERAL,JUSTICE OF THE SUPREME COURT,NONPARTISAN,PATRICK CROOKS,188,188
2006,APRIL,WAUPACA,CALEDONIA TOWN WARDS 1 & 2,SPRING GENERAL,JUSTICE OF THE SUPREME COURT,NONPARTISAN,SCATTERING,188,0
2006,APRIL,WAUPACA,DAYTON TOWN WARDS 1 & 2,SPRING GENERAL,JUSTICE OF THE SUPREME COURT,NONPARTISAN,PATRICK CROOKS,208,208
2006,APRIL,WAUPACA,DAYTON TOWN WARDS 1 & 2,SPRING GENERAL,JUSTICE OF THE SUPREME COURT,NONPARTISAN,SCATTERING,208,0
2006,APRIL,WAUPACA,DAYTON TOWN WARD 3,SPRING GENERAL,JUSTICE OF THE SUPREME COURT,NONPARTISAN,PATRICK CROOKS,33,33
2006,APRIL,WAUPACA,DAYTON TOWN WARD 3,SPRING GENERAL,JUSTICE OF THE SUPREME COURT,NONPARTISAN,SCATTERING,33,0
2006,APRIL,WAUPACA,DAYTON TOWN WARD 4,SPRING GENERAL,JUSTICE OF THE SUPREME COURT,NONPARTISAN,PATRICK CROOKS,45,45
2006,APRIL,WAUPACA,DAYTON TOWN WARD 4,SPRING GENERAL,JUSTICE OF THE SUPREME COURT,NONPARTISAN,SCATTERING,45,0
2006,APRIL,WAUPACA,DUPONT TOWN WARD 1,SPRING GENERAL,JUSTICE OF THE SUPREME COURT,NONPARTISAN,PATRICK CROOKS,13,13
2006,APRIL,WAUPACA,DUPONT TOWN WARD 1,SPRING GENERAL,JUSTICE OF THE SUPREME COURT,NONPARTISAN,SCATTERING,13,0
2006,APRIL,WAUPACA,DUPONT TOWN WARD 2,SPRING GENERAL,JUSTICE OF THE SUPREME COURT,NONPARTISAN,PATRICK CROOKS,10,10
2006,APRIL,WAUPACA,DUPONT TOWN WARD 2,SPRING GENERAL,JUSTICE OF THE SUPREME COURT,NONPARTISAN,SCATTERING,10,0
2006,APRIL,WAUPACA,FARMINGTON TOWN WARDS 1 & 3,SPRING GENERAL,JUSTICE OF THE SUPREME COURT,NONPARTISAN,PATRICK CROOKS,173,172
2006,APRIL,WAUPACA,FARMINGTON TOWN WARDS 1 & 3,SPRING GENERAL,JUSTICE OF THE SUPREME COURT,NONPARTISAN,SCATTERING,173,1
2006,APRIL,WAUPACA,FARMINGTON TOWN WARD 2,SPRING GENERAL,JUSTICE OF THE SUPREME COURT,NONPARTISAN,PATRICK CROOKS,72,72
2006,APRIL,WAUPACA,FARMINGTON TOWN WARD 2,SPRING GENERAL,JUSTICE OF THE SUPREME COURT,NONPARTISAN,SCATTERING,72,0
2006,APRIL,WAUPACA,FARMINGTON TOWN WARDS 4 & 5,SPRING GENERAL,JUSTICE OF THE SUPREME COURT,NONPARTISAN,PATRICK CROOKS,133,133
2006,APRIL,WAUPACA,FARMINGTON TOWN WARDS 4 & 5,SPRING GENERAL,JUSTICE OF THE SUPREME COURT,NONPARTISAN,SCATTERING,133,0
2006,APRIL,WAUPACA,FARMINGTON TOWN WARD 6,SPRING GENERAL,JUSTICE OF THE SUPREME COURT,NONPARTISAN,PATRICK CROOKS,44,44
2006,APRIL,WAUPACA,FARMINGTON TOWN WARD 6,SPRING GENERAL,JUSTICE OF THE SUPREME COURT,NONPARTISAN,SCATTERING,44,0
2006,APRIL,WAUPACA,FREMONT TOWN WARD 1,SPRING GENERAL,JUSTICE OF THE SUPREME COURT,NONPARTISAN,PATRICK CROOKS,88,88
2006,APRIL,WAUPACA,FREMONT TOWN WARD 1,SPRING GENERAL,JUSTICE OF THE SUPREME COURT,NONPARTISAN,SCATTERING,88,0
2006,APRIL,WAUPACA,HARRISON TOWN WARD 1,SPRING GENERAL,JUSTICE OF THE SUPREME COURT,NONPARTISAN,PATRICK CROOKS,24,24
2006,APRIL,WAUPACA,HARRISON TOWN WARD 1,SPRING GENERAL,JUSTICE OF THE SUPREME COURT,NONPARTISAN,SCATTERING,24,0
2006,APRIL,WAUPACA,HELVETIA TOWN WARD 1,SPRING GENERAL,JUSTICE OF THE SUPREME COURT,NONPARTISAN,PATRICK CROOKS,21,21
2006,APRIL,WAUPACA,HELVETIA TOWN WARD 1,SPRING GENERAL,JUSTICE OF THE SUPREME COURT,NONPARTISAN,SCATTERING,21,0
2006,APRIL,WAUPACA,HELVETIA TOWN WARD 2,SPRING GENERAL,JUSTICE OF THE SUPREME COURT,NONPARTISAN,PATRICK CROOKS,11,11
2006,APRIL,WAUPACA,HELVETIA TOWN WARD 2,SPRING GENERAL,JUSTICE OF THE SUPREME COURT,NONPARTISAN,SCATTERING,11,0
2006,APRIL,WAUPACA,IOLA TOWN WARD 1,SPRING GENERAL,JUSTICE OF THE SUPREME COURT,NONPARTISAN,PATRICK CROOKS,49,49
2006,APRIL,WAUPACA,IOLA TOWN WARD 1,SPRING GENERAL,JUSTICE OF THE SUPREME COURT,NONPARTISAN,SCATTERING,49,0
2006,APRIL,WAUPACA,IOLA TOWN WARD 2,SPRING GENERAL,JUSTICE OF THE SUPREME COURT,NONPARTISAN,PATRICK CROOKS,4,4
2006,APRIL,WAUPACA,IOLA TOWN WARD 2,SPRING GENERAL,JUSTICE OF THE SUPREME COURT,NONPARTISAN,SCATTERING,4,0
2006,APRIL,WAUPACA,LARRABEE TOWN WARDS 1 & 2,SPRING GENERAL,JUSTICE OF THE SUPREME COURT,NONPARTISAN,PATRICK CROOKS,115,115
2006,APRIL,WAUPACA,LARRABEE TOWN WARDS 1 & 2,SPRING GENERAL,JUSTICE OF THE SUPREME COURT,NONPARTISAN,SCATTERING,115,0
2006,APRIL,WAUPACA,LEBANON TOWN WARDS 1 & 2,SPRING GENERAL,JUSTICE OF THE SUPREME COURT,NONPARTISAN,PATRICK CROOKS,71,71
2006,APRIL,WAUPACA,LEBANON TOWN WARDS 1 & 2,SPRING GENERAL,JUSTICE OF THE SUPREME COURT,NONPARTISAN,SCATTERING,71,0
2006,APRIL,WAUPACA,LIND TOWN WARDS 1 & 2,SPRING GENERAL,JUSTICE OF THE SUPREME COURT,NONPARTISAN,PATRICK CROOKS,133,133
2006,APRIL,WAUPACA,LIND TOWN WARDS 1 & 2,SPRING GENERAL,JUSTICE OF THE SUPREME COURT,NONPARTISAN,SCATTERING,133,0
2006,APRIL,WAUPACA,LITTLE WOLF TOWN WARD 1,SPRING GENERAL,JUSTICE OF THE SUPREME COURT,NONPARTISAN,PATRICK CROOKS,22,22
2006,APRIL,WAUPACA,LITTLE WOLF TOWN WARD 1,SPRING GENERAL,JUSTICE OF THE SUPREME COURT,NONPARTISAN,SCATTERING,22,0
2006,APRIL,WAUPACA,LITTLE WOLF TOWN WARD 2,SPRING GENERAL,JUSTICE OF THE SUPREME COURT,NONPARTISAN,PATRICK CROOKS,2,2
2006,APRIL,WAUPACA,LITTLE WOLF TOWN WARD 2,SPRING GENERAL,JUSTICE OF THE SUPREME COURT,NONPARTISAN,SCATTERING,2,0
2006,APRIL,WAUPACA,LITTLE WOLF TOWN WARD 3,SPRING GENERAL,JUSTICE OF THE SUPREME COURT,NONPARTISAN,PATRICK CROOKS,7,7
2006,APRIL,WAUPACA,LITTLE WOLF TOWN WARD 3,SPRING GENERAL,JUSTICE OF THE SUPREME COURT,NONPARTISAN,SCATTERING,7,0
2006,APRIL,WAUPACA,MATTESON TOWN WARD 1,SPRING GENERAL,JUSTICE OF THE SUPREME COURT,NONPARTISAN,PATRICK CROOKS,73,73
2006,APRIL,WAUPACA,MATTESON TOWN WARD 1,SPRING GENERAL,JUSTICE OF THE SUPREME COURT,NONPARTISAN,SCATTERING,73,0
2006,APRIL,WAUPACA,MUKWA TOWN WARD 1,SPRING GENERAL,JUSTICE OF THE SUPREME COURT,NONPARTISAN,PATRICK CROOKS,9,9
2006,APRIL,WAUPACA,MUKWA TOWN WARD 1,SPRING GENERAL,JUSTICE OF THE SUPREME COURT,NONPARTISAN,SCATTERING,9,0
2006,APRIL,WAUPACA,MUKWA TOWN WARDS 2 & 4,SPRING GENERAL,JUSTICE OF THE SUPREME COURT,NONPARTISAN,PATRICK CROOKS,82,82
2006,APRIL,WAUPACA,MUKWA TOWN WARDS 2 & 4,SPRING GENERAL,JUSTICE OF THE SUPREME COURT,NONPARTISAN,SCATTERING,82,0
2006,APRIL,WAUPACA,MUKWA TOWN WARD 3,SPRING GENERAL,JUSTICE OF THE SUPREME COURT,NONPARTISAN,PATRICK CROOKS,40,40
2006,APRIL,WAUPACA,MUKWA TOWN WARD 3,SPRING GENERAL,JUSTICE OF THE SUPREME COURT,NONPARTISAN,SCATTERING,40,0
2006,APRIL,WAUPACA,MUKWA TOWN WARD 5,SPRING GENERAL,JUSTICE OF THE SUPREME COURT,NONPARTISAN,PATRICK CROOKS,14,14
2006,APRIL,WAUPACA,MUKWA TOWN WARD 5,SPRING GENERAL,JUSTICE OF THE SUPREME COURT,NONPARTISAN,SCATTERING,14,0
2006,APRIL,WAUPACA,ROYALTON TOWN WARDS 1 & 2,SPRING GENERAL,JUSTICE OF THE SUPREME COURT,NONPARTISAN,PATRICK CROOKS,176,176
2006,APRIL,WAUPACA,ROYALTON TOWN WARDS 1 & 2,SPRING GENERAL,JUSTICE OF THE SUPREME COURT,NONPARTISAN,SCATTERING,176,0
2006,APRIL,WAUPACA,ROYALTON TOWN WARD 3,SPRING GENERAL,JUSTICE OF THE SUPREME COURT,NONPARTISAN,PATRICK CROOKS,6,6
2006,APRIL,WAUPACA,ROYALTON TOWN WARD 3,SPRING GENERAL,JUSTICE OF THE SUPREME COURT,NONPARTISAN,SCATTERING,6,0
2006,APRIL,WAUPACA,ST LAWRENCE TOWN WARD 1,SPRING GENERAL,JUSTICE OF THE SUPREME COURT,NONPARTISAN,PATRICK CROOKS,17,17
2006,APRIL,WAUPACA,ST LAWRENCE TOWN WARD 1,SPRING GENERAL,JUSTICE OF THE SUPREME COURT,NONPARTISAN,SCATTERING,17,0
2006,APRIL,WAUPACA,ST LAWRENCE TOWN WARD 2,SPRING GENERAL,JUSTICE OF THE SUPREME COURT,NONPARTISAN,PATRICK CROOKS,24,24
2006,APRIL,WAUPACA,ST LAWRENCE TOWN WARD 2,SPRING GENERAL,JUSTICE OF THE SUPREME COURT,NONPARTISAN,SCATTERING,24,0
2006,APRIL,WAUPACA,SCANDINAVIA TOWN WARDS 1 & 2,SPRING GENERAL,JUSTICE OF THE SUPREME COURT,NONPARTISAN,PATRICK CROOKS,111,111
2006,APRIL,WAUPACA,SCANDINAVIA TOWN WARDS 1 & 2,SPRING GENERAL,JUSTICE OF THE SUPREME COURT,NONPARTISAN,SCATTERING,111,0
2006,APRIL,WAUPACA,UNION TOWN WARD 1,SPRING GENERAL,JUSTICE OF THE SUPREME COURT,NONPARTISAN,PATRICK CROOKS,48,48
2006,APRIL,WAUPACA,UNION TOWN WARD 1,SPRING GENERAL,JUSTICE OF THE SUPREME COURT,NONPARTISAN,SCATTERING,48,0
2006,APRIL,WAUPACA,WAUPACA TOWN WARDS 1 & 2,SPRING GENERAL,JUSTICE OF THE SUPREME COURT,NONPARTISAN,PATRICK CROOKS,108,108
2006,APRIL,WAUPACA,WAUPACA TOWN WARDS 1 & 2,SPRING GENERAL,JUSTICE OF THE SUPREME COURT,NONPARTISAN,SCATTERING,108,0
2006,APRIL,WAUPACA,WEYAUWEGA TOWN WARD 1,SPRING GENERAL,JUSTICE OF THE SUPREME COURT,NONPARTISAN,PATRICK CROOKS,111,110
2006,APRIL,WAUPACA,WEYAUWEGA TOWN WARD 1,SPRING GENERAL,JUSTICE OF THE SUPREME COURT,NONPARTISAN,SCATTERING,111,1
2006,APRIL,WAUPACA,WYOMING TOWN WARD 1,SPRING GENERAL,JUSTICE OF THE SUPREME COURT,NONPARTISAN,PATRICK CROOKS,30,30
2006,APRIL,WAUPACA,WYOMING TOWN WARD 1,SPRING GENERAL,JUSTICE OF THE SUPREME COURT,NONPARTISAN,SCATTERING,30,0
2006,APRIL,WAUPACA,BIG FALLS VILLAGE WARD 1,SPRING GENERAL,JUSTICE OF THE SUPREME COURT,NONPARTISAN,PATRICK CROOKS,15,15
2006,APRIL,WAUPACA,BIG FALLS VILLAGE WARD 1,SPRING GENERAL,JUSTICE OF THE SUPREME COURT,NONPARTISAN,SCATTERING,15,0
2006,APRIL,WAUPACA,EMBARRASS VILLAGE WARD 1,SPRING GENERAL,JUSTICE OF THE SUPREME COURT,NONPARTISAN,PATRICK CROOKS,41,41
2006,APRIL,WAUPACA,EMBARRASS VILLAGE WARD 1,SPRING GENERAL,JUSTICE OF THE SUPREME COURT,NONPARTISAN,SCATTERING,41,0
2006,APRIL,WAUPACA,FREMONT VILLAGE WARD 1,SPRING GENERAL,JUSTICE OF THE SUPREME COURT,NONPARTISAN,PATRICK CROOKS,147,147
2006,APRIL,WAUPACA,FREMONT VILLAGE WARD 1,SPRING GENERAL,JUSTICE OF THE SUPREME COURT,NONPARTISAN,SCATTERING,147,0
2006,APRIL,WAUPACA,IOLA VILLAGE WARDS 1 - 3,SPRING GENERAL,JUSTICE OF THE SUPREME COURT,NONPARTISAN,PATRICK CROOKS,83,83
2006,APRIL,WAUPACA,IOLA VILLAGE WARDS 1 - 3,SPRING GENERAL,JUSTICE OF THE SUPREME COURT,NONPARTISAN,SCATTERING,83,0
2006,APRIL,WAUPACA,OGDENSBURG VILLAGE WARD 1,SPRING GENERAL,JUSTICE OF THE SUPREME COURT,NONPARTISAN,PATRICK CROOKS,14,14
2006,APRIL,WAUPACA,OGDENSBURG VILLAGE WARD 1,SPRING GENERAL,JUSTICE OF THE SUPREME COURT,NONPARTISAN,SCATTERING,14,0
2006,APRIL,WAUPACA,SCANDINAVIA VILLAGE WARD 1,SPRING GENERAL,JUSTICE OF THE SUPREME COURT,NONPARTISAN,PATRICK CROOKS,51,51
2006,APRIL,WAUPACA,SCANDINAVIA VILLAGE WARD 1,SPRING GENERAL,JUSTICE OF THE SUPREME COURT,NONPARTISAN,SCATTERING,51,0
2006,APRIL,WAUPACA,CLINTONVILLE CITY WARD 1,SPRING GENERAL,JUSTICE OF THE SUPREME COURT,NONPARTISAN,PATRICK CROOKS,104,104
2006,APRIL,WAUPACA,CLINTONVILLE CITY WARD 1,SPRING GENERAL,JUSTICE OF THE SUPREME COURT,NONPARTISAN,SCATTERING,104,0
2006,APRIL,WAUPACA,CLINTONVILLE CITY WARD 2,SPRING GENERAL,JUSTICE OF THE SUPREME COURT,NONPARTISAN,PATRICK CROOKS,77,75
2006,APRIL,WAUPACA,CLINTONVILLE CITY WARD 2,SPRING GENERAL,JUSTICE OF THE SUPREME COURT,NONPARTISAN,SCATTERING,77,2
2006,APRIL,WAUPACA,CLINTONVILLE CITY WARD 3,SPRING GENERAL,JUSTICE OF THE SUPREME COURT,NONPARTISAN,PATRICK CROOKS,176,176
2006,APRIL,WAUPACA,CLINTONVILLE CITY WARD 3,SPRING GENERAL,JUSTICE OF THE SUPREME COURT,NONPARTISAN,SCATTERING,176,0
2006,APRIL,WAUPACA,CLINTONVILLE CITY WARD 4,SPRING GENERAL,JUSTICE OF THE SUPREME COURT,NONPARTISAN,PATRICK CROOKS,120,119
2006,APRIL,WAUPACA,CLINTONVILLE CITY WARD 4,SPRING GENERAL,JUSTICE OF THE SUPREME COURT,NONPARTISAN,SCATTERING,120,1
2006,APRIL,WAUPACA,CLINTONVILLE CITY WARD 5,SPRING GENERAL,JUSTICE OF THE SUPREME COURT,NONPARTISAN,PATRICK CROOKS,157,156
2006,APRIL,WAUPACA,CLINTONVILLE CITY WARD 5,SPRING GENERAL,JUSTICE OF THE SUPREME COURT,NONPARTISAN,SCATTERING,157,1
2006,APRIL,WAUPACA,CLINTONVILLE CITY WARD 6,SPRING GENERAL,JUSTICE OF THE SUPREME COURT,NONPARTISAN,PATRICK CROOKS,120,118
2006,APRIL,WAUPACA,CLINTONVILLE CITY WARD 6,SPRING GENERAL,JUSTICE OF THE SUPREME COURT,NONPARTISAN,SCATTERING,120,2
2006,APRIL,WAUPACA,CLINTONVILLE CITY WARD 7,SPRING GENERAL,JUSTICE OF THE SUPREME COURT,NONPARTISAN,PATRICK CROOKS,111,111
2006,APRIL,WAUPACA,CLINTONVILLE CITY WARD 7,SPRING GENERAL,JUSTICE OF THE SUPREME COURT,NONPARTISAN,SCATTERING,111,0
2006,APRIL,WAUPACA,MANAWA CITY WARDS 1 - 3,SPRING GENERAL,JUSTICE OF THE SUPREME COURT,NONPARTISAN,PATRICK CROOKS,56,56
2006,APRIL,WAUPACA,MANAWA CITY WARDS 1 - 3,SPRING GENERAL,JUSTICE OF THE SUPREME COURT,NONPARTISAN,SCATTERING,56,0
2006,APRIL,WAUPACA,MARION CITY WARDS 1 - 3,SPRING GENERAL,JUSTICE OF THE SUPREME COURT,NONPARTISAN,PATRICK CROOKS,214,214
2006,APRIL,WAUPACA,MARION CITY WARDS 1 - 3,SPRING GENERAL,JUSTICE OF THE SUPREME COURT,NONPARTISAN,SCATTERING,214,0
2006,APRIL,WAUPACA,NEW LONDON CITY WARDS 3 & 4,SPRING GENERAL,JUSTICE OF THE SUPREME COURT,NONPARTISAN,PATRICK CROOKS,108,107
2006,APRIL,WAUPACA,NEW LONDON CITY WARDS 3 & 4,SPRING GENERAL,JUSTICE OF THE SUPREME COURT,NONPARTISAN,SCATTERING,108,1
2006,APRIL,WAUPACA,NEW LONDON CITY WARD 5,SPRING GENERAL,JUSTICE OF THE SUPREME COURT,NONPARTISAN,PATRICK CROOKS,18,18
2006,APRIL,WAUPACA,NEW LONDON CITY WARD 5,SPRING GENERAL,JUSTICE OF THE SUPREME COURT,NONPARTISAN,SCATTERING,18,0
2006,APRIL,WAUPACA,NEW LONDON CITY WARD 6,SPRING GENERAL,JUSTICE OF THE SUPREME COURT,NONPARTISAN,PATRICK CROOKS,101,101
2006,APRIL,WAUPACA,NEW LONDON CITY WARD 6,SPRING GENERAL,JUSTICE OF THE SUPREME COURT,NONPARTISAN,SCATTERING,101,0
2006,APRIL,WAUPACA,NEW LONDON CITY WARD 7,SPRING GENERAL,JUSTICE OF THE SUPREME COURT,NONPARTISAN,PATRICK CROOKS,66,66
2006,APRIL,WAUPACA,NEW LONDON CITY WARD 7,SPRING GENERAL,JUSTICE OF THE SUPREME COURT,NONPARTISAN,SCATTERING,66,0
2006,APRIL,WAUPACA,NEW LONDON CITY WARD 8,SPRING GENERAL,JUSTICE OF THE SUPREME COURT,NONPARTISAN,PATRICK CROOKS,78,78
2006,APRIL,WAUPACA,NEW LONDON CITY WARD 8,SPRING GENERAL,JUSTICE OF THE SUPREME COURT,NONPARTISAN,SCATTERING,78,0
2006,APRIL,WAUPACA,NEW LONDON CITY WARD 9,SPRING GENERAL,JUSTICE OF THE SUPREME COURT,NONPARTISAN,PATRICK CROOKS,53,53
2006,APRIL,WAUPACA,NEW LONDON CITY WARD 9,SPRING GENERAL,JUSTICE OF THE SUPREME COURT,NONPARTISAN,SCATTERING,53,0
2006,APRIL,WAUPACA,NEW LONDON CITY WARD 10,SPRING GENERAL,JUSTICE OF THE SUPREME COURT,NONPARTISAN,PATRICK CROOKS,34,33
2006,APRIL,WAUPACA,NEW LONDON CITY WARD 10,SPRING GENERAL,JUSTICE OF THE SUPREME COURT,NONPARTISAN,SCATTERING,34,1
2006,APRIL,WAUPACA,NEW LONDON CITY WARDS 11 & 12,SPRING GENERAL,JUSTICE OF THE SUPREME COURT,NONPARTISAN,PATRICK CROOKS,83,82
2006,APRIL,WAUPACA,NEW LONDON CITY WARDS 11 & 12,SPRING GENERAL,JUSTICE OF THE SUPREME COURT,NONPARTISAN,SCATTERING,83,1
2006,APRIL,WAUPACA,WAUPACA CITY WARD 1,SPRING GENERAL,JUSTICE OF THE SUPREME COURT,NONPARTISAN,PATRICK CROOKS,107,107
2006,APRIL,WAUPACA,WAUPACA CITY WARD 1,SPRING GENERAL,JUSTICE OF THE SUPREME COURT,NONPARTISAN,SCATTERING,107,0
2006,APRIL,WAUPACA,WAUPACA CITY WARD 2,SPRING GENERAL,JUSTICE OF THE SUPREME COURT,NONPARTISAN,PATRICK CROOKS,68,68
2006,APRIL,WAUPACA,WAUPACA CITY WARD 2,SPRING GENERAL,JUSTICE OF THE SUPREME COURT,NONPARTISAN,SCATTERING,68,0
2006,APRIL,WAUPACA,WAUPACA CITY WARD 3,SPRING GENERAL,JUSTICE OF THE SUPREME COURT,NONPARTISAN,PATRICK CROOKS,44,44
2006,APRIL,WAUPACA,WAUPACA CITY WARD 3,SPRING GENERAL,JUSTICE OF THE SUPREME COURT,NONPARTISAN,SCATTERING,44,0
2006,APRIL,WAUPACA,WAUPACA CITY WARD 4,SPRING GENERAL,JUSTICE OF THE SUPREME COURT,NONPARTISAN,PATRICK CROOKS,59,59
2006,APRIL,WAUPACA,WAUPACA CITY WARD 4,SPRING GENERAL,JUSTICE OF THE SUPREME COURT,NONPARTISAN,SCATTERING,59,0
2006,APRIL,WAUPACA,WAUPACA CITY WARD 5,SPRING GENERAL,JUSTICE OF THE SUPREME COURT,NONPARTISAN,PATRICK CROOKS,55,55
2006,APRIL,WAUPACA,WAUPACA CITY WARD 5,SPRING GENERAL,JUSTICE OF THE SUPREME COURT,NONPARTISAN,SCATTERING,55,0
2006,APRIL,WAUPACA,WAUPACA CITY WARD 6,SPRING GENERAL,JUSTICE OF THE SUPREME COURT,NONPARTISAN,PATRICK CROOKS,16,16
2006,APRIL,WAUPACA,WAUPACA CITY WARD 6,SPRING GENERAL,JUSTICE OF THE SUPREME COURT,NONPARTISAN,SCATTERING,16,0
2006,APRIL,WAUPACA,WAUPACA CITY WARD 7,SPRING GENERAL,JUSTICE OF THE SUPREME COURT,NONPARTISAN,PATRICK CROOKS,11,11
2006,APRIL,WAUPACA,WAUPACA CITY WARD 7,SPRING GENERAL,JUSTICE OF THE SUPREME COURT,NONPARTISAN,SCATTERING,11,0
2006,APRIL,WAUPACA,WAUPACA CITY WARD 8,SPRING GENERAL,JUSTICE OF THE SUPREME COURT,NONPARTISAN,PATRICK CROOKS,47,47
2006,APRIL,WAUPACA,WAUPACA CITY WARD 8,SPRING GENERAL,JUSTICE OF THE SUPREME COURT,NONPARTISAN,SCATTERING,47,0
2006,APRIL,WAUPACA,WAUPACA CITY WARD 9,SPRING GENERAL,JUSTICE OF THE SUPREME COURT,NONPARTISAN,PATRICK CROOKS,4,4
2006,APRIL,WAUPACA,WAUPACA CITY WARD 9,SPRING GENERAL,JUSTICE OF THE SUPREME COURT,NONPARTISAN,SCATTERING,4,0
2006,APRIL,WAUPACA,WAUPACA CITY WARD 10,SPRING GENERAL,JUSTICE OF THE SUPREME COURT,NONPARTISAN,PATRICK CROOKS,55,55
2006,APRIL,WAUPACA,WAUPACA CITY WARD 10,SPRING GENERAL,JUSTICE OF THE SUPREME COURT,NONPARTISAN,SCATTERING,55,0
2006,APRIL,WAUPACA,WAUPACA CITY WARDS 11 - 13,SPRING GENERAL,JUSTICE OF THE SUPREME COURT,NONPARTISAN,PATRICK CROOKS,0,0
2006,APRIL,WAUPACA,WAUPACA CITY WARDS 11 - 13,SPRING GENERAL,JUSTICE OF THE SUPREME COURT,NONPARTISAN,SCATTERING,0,0
2006,APRIL,WAUPACA,WEYAUWEGA CITY WARDS 1 - 3,SPRING GENERAL,JUSTICE OF THE SUPREME COURT,NONPARTISAN,PATRICK CROOKS,275,275
2006,APRIL,WAUPACA,WEYAUWEGA CITY WARDS 1 - 3,SPRING GENERAL,JUSTICE OF THE SUPREME COURT,NONPARTISAN,SCATTERING,275,0
2006,APRIL,WAUSHARA,AURORA TOWN WARD 1,SPRING GENERAL,JUSTICE OF THE SUPREME COURT,NONPARTISAN,PATRICK CROOKS,43,43
2006,APRIL,WAUSHARA,AURORA TOWN WARD 1,SPRING GENERAL,JUSTICE OF THE SUPREME COURT,NONPARTISAN,SCATTERING,43,0
2006,APRIL,WAUSHARA,BLOOMFIELD TOWN WARDS 1 & 2,SPRING GENERAL,JUSTICE OF THE SUPREME COURT,NONPARTISAN,PATRICK CROOKS,139,139
2006,APRIL,WAUSHARA,BLOOMFIELD TOWN WARDS 1 & 2,SPRING GENERAL,JUSTICE OF THE SUPREME COURT,NONPARTISAN,SCATTERING,139,0
2006,APRIL,WAUSHARA,COLOMA TOWN WARDS 1 & 2,SPRING GENERAL,JUSTICE OF THE SUPREME COURT,NONPARTISAN,PATRICK CROOKS,42,42
2006,APRIL,WAUSHARA,COLOMA TOWN WARDS 1 & 2,SPRING GENERAL,JUSTICE OF THE SUPREME COURT,NONPARTISAN,SCATTERING,42,0
2006,APRIL,WAUSHARA,DAKOTA TOWN WARDS 1 - 3,SPRING GENERAL,JUSTICE OF THE SUPREME COURT,NONPARTISAN,PATRICK CROOKS,75,75
2006,APRIL,WAUSHARA,DAKOTA TOWN WARDS 1 - 3,SPRING GENERAL,JUSTICE OF THE SUPREME COURT,NONPARTISAN,SCATTERING,75,0
2006,APRIL,WAUSHARA,DEERFIELD TOWN WARDS 1 & 2,SPRING GENERAL,JUSTICE OF THE SUPREME COURT,NONPARTISAN,PATRICK CROOKS,50,49
2006,APRIL,WAUSHARA,DEERFIELD TOWN WARDS 1 & 2,SPRING GENERAL,JUSTICE OF THE SUPREME COURT,NONPARTISAN,SCATTERING,50,1
2006,APRIL,WAUSHARA,HANCOCK TOWN WARD 1,SPRING GENERAL,JUSTICE OF THE SUPREME COURT,NONPARTISAN,PATRICK CROOKS,41,41
2006,APRIL,WAUSHARA,HANCOCK TOWN WARD 1,SPRING GENERAL,JUSTICE OF THE SUPREME COURT,NONPARTISAN,SCATTERING,41,0
2006,APRIL,WAUSHARA,LEON TOWN WARDS 1 - 3,SPRING GENERAL,JUSTICE OF THE SUPREME COURT,NONPARTISAN,PATRICK CROOKS,70,68
2006,APRIL,WAUSHARA,LEON TOWN WARDS 1 - 3,SPRING GENERAL,JUSTICE OF THE SUPREME COURT,NONPARTISAN,SCATTERING,70,2
2006,APRIL,WAUSHARA,MARION TOWN WARDS 1 - 4,SPRING GENERAL,JUSTICE OF THE SUPREME COURT,NONPARTISAN,PATRICK CROOKS,102,102
2006,APRIL,WAUSHARA,MARION TOWN WARDS 1 - 4,SPRING GENERAL,JUSTICE OF THE SUPREME COURT,NONPARTISAN,SCATTERING,102,0
2006,APRIL,WAUSHARA,MOUNT MORRIS TOWN WARDS 1 & 2,SPRING GENERAL,JUSTICE OF THE SUPREME COURT,NONPARTISAN,PATRICK CROOKS,109,109
2006,APRIL,WAUSHARA,MOUNT MORRIS TOWN WARDS 1 & 2,SPRING GENERAL,JUSTICE OF THE SUPREME COURT,NONPARTISAN,SCATTERING,109,0
2006,APRIL,WAUSHARA,OASIS TOWN WARD 1,SPRING GENERAL,JUSTICE OF THE SUPREME COURT,NONPARTISAN,PATRICK CROOKS,42,42
2006,APRIL,WAUSHARA,OASIS TOWN WARD 1,SPRING GENERAL,JUSTICE OF THE SUPREME COURT,NONPARTISAN,SCATTERING,42,0
2006,APRIL,WAUSHARA,PLAINFIELD TOWN WARD 1,SPRING GENERAL,JUSTICE OF THE SUPREME COURT,NONPARTISAN,PATRICK CROOKS,34,34
2006,APRIL,WAUSHARA,PLAINFIELD TOWN WARD 1,SPRING GENERAL,JUSTICE OF THE SUPREME COURT,NONPARTISAN,SCATTERING,34,0
2006,APRIL,WAUSHARA,POYSIPPI TOWN WARD 1,SPRING GENERAL,JUSTICE OF THE SUPREME COURT,NONPARTISAN,PATRICK CROOKS,39,39
2006,APRIL,WAUSHARA,POYSIPPI TOWN WARD 1,SPRING GENERAL,JUSTICE OF THE SUPREME COURT,NONPARTISAN,SCATTERING,39,0
2006,APRIL,WAUSHARA,RICHFORD TOWN WARDS 1 & 2,SPRING GENERAL,JUSTICE OF THE SUPREME COURT,NONPARTISAN,PATRICK CROOKS,60,60
2006,APRIL,WAUSHARA,RICHFORD TOWN WARDS 1 & 2,SPRING GENERAL,JUSTICE OF THE SUPREME COURT,NONPARTISAN,SCATTERING,60,0
2006,APRIL,WAUSHARA,ROSE TOWN WARD 1,SPRING GENERAL,JUSTICE OF THE SUPREME COURT,NONPARTISAN,PATRICK CROOKS,35,35
2006,APRIL,WAUSHARA,ROSE TOWN WARD 1,SPRING GENERAL,JUSTICE OF THE SUPREME COURT,NONPARTISAN,SCATTERING,35,0
2006,APRIL,WAUSHARA,SAXEVILLE TOWN WARDS 1 & 2,SPRING GENERAL,JUSTICE OF THE SUPREME COURT,NONPARTISAN,PATRICK CROOKS,84,84
2006,APRIL,WAUSHARA,SAXEVILLE TOWN WARDS 1 & 2,SPRING GENERAL,JUSTICE OF THE SUPREME COURT,NONPARTISAN,SCATTERING,84,0
2006,APRIL,WAUSHARA,SPRINGWATER TOWN WARDS 1 - 3,SPRING GENERAL,JUSTICE OF THE SUPREME COURT,NONPARTISAN,PATRICK CROOKS,112,112
2006,APRIL,WAUSHARA,SPRINGWATER TOWN WARDS 1 - 3,SPRING GENERAL,JUSTICE OF THE SUPREME COURT,NONPARTISAN,SCATTERING,112,0
2006,APRIL,WAUSHARA,WARREN TOWN WARD 1,SPRING GENERAL,JUSTICE OF THE SUPREME COURT,NONPARTISAN,PATRICK CROOKS,27,27
2006,APRIL,WAUSHARA,WARREN TOWN WARD 1,SPRING GENERAL,JUSTICE OF THE SUPREME COURT,NONPARTISAN,SCATTERING,27,0
2006,APRIL,WAUSHARA,WAUTOMA TOWN WARDS 1 & 2,SPRING GENERAL,JUSTICE OF THE SUPREME COURT,NONPARTISAN,PATRICK CROOKS,72,72
2006,APRIL,WAUSHARA,WAUTOMA TOWN WARDS 1 & 2,SPRING GENERAL,JUSTICE OF THE SUPREME COURT,NONPARTISAN,SCATTERING,72,0
2006,APRIL,WAUSHARA,COLOMA VILLAGE WARD 1,SPRING GENERAL,JUSTICE OF THE SUPREME COURT,NONPARTISAN,PATRICK CROOKS,76,76
2006,APRIL,WAUSHARA,COLOMA VILLAGE WARD 1,SPRING GENERAL,JUSTICE OF THE SUPREME COURT,NONPARTISAN,SCATTERING,76,0
2006,APRIL,WAUSHARA,HANCOCK VILLAGE WARD 1,SPRING GENERAL,JUSTICE OF THE SUPREME COURT,NONPARTISAN,PATRICK CROOKS,27,27
2006,APRIL,WAUSHARA,HANCOCK VILLAGE WARD 1,SPRING GENERAL,JUSTICE OF THE SUPREME COURT,NONPARTISAN,SCATTERING,27,0
2006,APRIL,WAUSHARA,LOHRVILLE VILLAGE WARD 1,SPRING GENERAL,JUSTICE OF THE SUPREME COURT,NONPARTISAN,PATRICK CROOKS,30,30
2006,APRIL,WAUSHARA,LOHRVILLE VILLAGE WARD 1,SPRING GENERAL,JUSTICE OF THE SUPREME COURT,NONPARTISAN,SCATTERING,30,0
2006,APRIL,WAUSHARA,PLAINFIELD VILLAGE WARDS 1 & 2,SPRING GENERAL,JUSTICE OF THE SUPREME COURT,NONPARTISAN,PATRICK CROOKS,84,84
2006,APRIL,WAUSHARA,PLAINFIELD VILLAGE WARDS 1 & 2,SPRING GENERAL,JUSTICE OF THE SUPREME COURT,NONPARTISAN,SCATTERING,84,0
2006,APRIL,WAUSHARA,REDGRANITE VILLAGE WARDS 1 & 2,SPRING GENERAL,JUSTICE OF THE SUPREME COURT,NONPARTISAN,PATRICK CROOKS,34,34
2006,APRIL,WAUSHARA,REDGRANITE VILLAGE WARDS 1 & 2,SPRING GENERAL,JUSTICE OF THE SUPREME COURT,NONPARTISAN,SCATTERING,34,0
2006,APRIL,WAUSHARA,WILD ROSE VILLAGE WARDS 1 & 2,SPRING GENERAL,JUSTICE OF THE SUPREME COURT,NONPARTISAN,PATRICK CROOKS,59,59
2006,APRIL,WAUSHARA,WILD ROSE VILLAGE WARDS 1 & 2,SPRING GENERAL,JUSTICE OF THE SUPREME COURT,NONPARTISAN,SCATTERING,59,0
2006,APRIL,WAUSHARA,BERLIN CITY WARD 7,SPRING GENERAL,JUSTICE OF THE SUPREME COURT,NONPARTISAN,PATRICK CROOKS,6,6
2006,APRIL,WAUSHARA,BERLIN CITY WARD 7,SPRING GENERAL,JUSTICE OF THE SUPREME COURT,NONPARTISAN,SCATTERING,6,0
2006,APRIL,WAUSHARA,WAUTOMA CITY WARDS 1 - 4,SPRING GENERAL,JUSTICE OF THE SUPREME COURT,NONPARTISAN,PATRICK CROOKS,101,101
2006,APRIL,WAUSHARA,WAUTOMA CITY WARDS 1 - 4,SPRING GENERAL,JUSTICE OF THE SUPREME COURT,NONPARTISAN,SCATTERING,101,0
2006,APRIL,WINNEBAGO,ALGOMA TOWN WARDS 1 - 12,SPRING GENERAL,JUSTICE OF THE SUPREME COURT,NONPARTISAN,PATRICK CROOKS,701,693
2006,APRIL,WINNEBAGO,ALGOMA TOWN WARDS 1 - 12,SPRING GENERAL,JUSTICE OF THE SUPREME COURT,NONPARTISAN,SCATTERING,701,8
2006,APRIL,WINNEBAGO,BLACK WOLF TOWN WARDS 1 - 3,SPRING GENERAL,JUSTICE OF THE SUPREME COURT,NONPARTISAN,PATRICK CROOKS,306,302
2006,APRIL,WINNEBAGO,BLACK WOLF TOWN WARDS 1 - 3,SPRING GENERAL,JUSTICE OF THE SUPREME COURT,NONPARTISAN,SCATTERING,306,4
2006,APRIL,WINNEBAGO,CLAYTON TOWN WARDS 1 - 4,SPRING GENERAL,JUSTICE OF THE SUPREME COURT,NONPARTISAN,PATRICK CROOKS,617,612
2006,APRIL,WINNEBAGO,CLAYTON TOWN WARDS 1 - 4,SPRING GENERAL,JUSTICE OF THE SUPREME COURT,NONPARTISAN,SCATTERING,617,5
2006,APRIL,WINNEBAGO,"MENASHA TOWN WARDS 1, 5 & 6",SPRING GENERAL,JUSTICE OF THE SUPREME COURT,NONPARTISAN,PATRICK CROOKS,449,449
2006,APRIL,WINNEBAGO,"MENASHA TOWN WARDS 1, 5 & 6",SPRING GENERAL,JUSTICE OF THE SUPREME COURT,NONPARTISAN,SCATTERING,449,0
2006,APRIL,WINNEBAGO,MENASHA TOWN WARDS 2 - 4,SPRING GENERAL,JUSTICE OF THE SUPREME COURT,NONPARTISAN,PATRICK CROOKS,535,530
2006,APRIL,WINNEBAGO,MENASHA TOWN WARDS 2 - 4,SPRING GENERAL,JUSTICE OF THE SUPREME COURT,NONPARTISAN,SCATTERING,535,5
2006,APRIL,WINNEBAGO,"MENASHA TOWN WARDS 7, 8, 10 & 13",SPRING GENERAL,JUSTICE OF THE SUPREME COURT,NONPARTISAN,PATRICK CROOKS,453,450
2006,APRIL,WINNEBAGO,"MENASHA TOWN WARDS 7, 8, 10 & 13",SPRING GENERAL,JUSTICE OF THE SUPREME COURT,NONPARTISAN,SCATTERING,453,3
2006,APRIL,WINNEBAGO,"MENASHA TOWN WARDS 9, 11 & 12",SPRING GENERAL,JUSTICE OF THE SUPREME COURT,NONPARTISAN,PATRICK CROOKS,209,207
2006,APRIL,WINNEBAGO,"MENASHA TOWN WARDS 9, 11 & 12",SPRING GENERAL,JUSTICE OF THE SUPREME COURT,NONPARTISAN,SCATTERING,209,2
2006,APRIL,WINNEBAGO,NEENAH TOWN WARDS 1 - 5,SPRING GENERAL,JUSTICE OF THE SUPREME COURT,NONPARTISAN,PATRICK CROOKS,346,342
2006,APRIL,WINNEBAGO,NEENAH TOWN WARDS 1 - 5,SPRING GENERAL,JUSTICE OF THE SUPREME COURT,NONPARTISAN,SCATTERING,346,4
2006,APRIL,WINNEBAGO,NEKIMI TOWN WARDS 1 & 2,SPRING GENERAL,JUSTICE OF THE SUPREME COURT,NONPARTISAN,PATRICK CROOKS,120,119
2006,APRIL,WINNEBAGO,NEKIMI TOWN WARDS 1 & 2,SPRING GENERAL,JUSTICE OF THE SUPREME COURT,NONPARTISAN,SCATTERING,120,1
2006,APRIL,WINNEBAGO,NEPEUSKUN TOWN WARD 1,SPRING GENERAL,JUSTICE OF THE SUPREME COURT,NONPARTISAN,PATRICK CROOKS,88,88
2006,APRIL,WINNEBAGO,NEPEUSKUN TOWN WARD 1,SPRING GENERAL,JUSTICE OF THE SUPREME COURT,NONPARTISAN,SCATTERING,88,0
2006,APRIL,WINNEBAGO,OMRO TOWN WARDS 1 - 3,SPRING GENERAL,JUSTICE OF THE SUPREME COURT,NONPARTISAN,PATRICK CROOKS,180,178
2006,APRIL,WINNEBAGO,OMRO TOWN WARDS 1 - 3,SPRING GENERAL,JUSTICE OF THE SUPREME COURT,NONPARTISAN,SCATTERING,180,2
2006,APRIL,WINNEBAGO,OSHKOSH TOWN WARDS 1 - 6,SPRING GENERAL,JUSTICE OF THE SUPREME COURT,NONPARTISAN,PATRICK CROOKS,364,360
2006,APRIL,WINNEBAGO,OSHKOSH TOWN WARDS 1 - 6,SPRING GENERAL,JUSTICE OF THE SUPREME COURT,NONPARTISAN,SCATTERING,364,4
2006,APRIL,WINNEBAGO,POYGAN TOWN WARDS 1 & 2,SPRING GENERAL,JUSTICE OF THE SUPREME COURT,NONPARTISAN,PATRICK CROOKS,335,326
2006,APRIL,WINNEBAGO,POYGAN TOWN WARDS 1 & 2,SPRING GENERAL,JUSTICE OF THE SUPREME COURT,NONPARTISAN,SCATTERING,335,9
2006,APRIL,WINNEBAGO,RUSHFORD TOWN WARDS 1 & 2,SPRING GENERAL,JUSTICE OF THE SUPREME COURT,NONPARTISAN,PATRICK CROOKS,127,127
2006,APRIL,WINNEBAGO,RUSHFORD TOWN WARDS 1 & 2,SPRING GENERAL,JUSTICE OF THE SUPREME COURT,NONPARTISAN,SCATTERING,127,0
2006,APRIL,WINNEBAGO,UTICA TOWN WARDS 1 & 2,SPRING GENERAL,JUSTICE OF THE SUPREME COURT,NONPARTISAN,PATRICK CROOKS,141,141
2006,APRIL,WINNEBAGO,UTICA TOWN WARDS 1 & 2,SPRING GENERAL,JUSTICE OF THE SUPREME COURT,NONPARTISAN,SCATTERING,141,0
2006,APRIL,WINNEBAGO,VINLAND TOWN WARDS 1 - 3,SPRING GENERAL,JUSTICE OF THE SUPREME COURT,NONPARTISAN,PATRICK CROOKS,340,339
2006,APRIL,WINNEBAGO,VINLAND TOWN WARDS 1 - 3,SPRING GENERAL,JUSTICE OF THE SUPREME COURT,NONPARTISAN,SCATTERING,340,1
2006,APRIL,WINNEBAGO,WINCHESTER TOWN WARDS 1 & 2,SPRING GENERAL,JUSTICE OF THE SUPREME COURT,NONPARTISAN,PATRICK CROOKS,592,590
2006,APRIL,WINNEBAGO,WINCHESTER TOWN WARDS 1 & 2,SPRING GENERAL,JUSTICE OF THE SUPREME COURT,NONPARTISAN,SCATTERING,592,2
2006,APRIL,WINNEBAGO,WINNECONNE TOWN WARDS 1 - 3,SPRING GENERAL,JUSTICE OF THE SUPREME COURT,NONPARTISAN,PATRICK CROOKS,760,754
2006,APRIL,WINNEBAGO,WINNECONNE TOWN WARDS 1 - 3,SPRING GENERAL,JUSTICE OF THE SUPREME COURT,NONPARTISAN,SCATTERING,760,6
2006,APRIL,WINNEBAGO,WOLF RIVER TOWN WARDS 1 & 2,SPRING GENERAL,JUSTICE OF THE SUPREME COURT,NONPARTISAN,PATRICK CROOKS,214,212
2006,APRIL,WINNEBAGO,WOLF RIVER TOWN WARDS 1 & 2,SPRING GENERAL,JUSTICE OF THE SUPREME COURT,NONPARTISAN,SCATTERING,214,2
2006,APRIL,WINNEBAGO,WINNECONNE VILLAGE WARDS 1 - 4,SPRING GENERAL,JUSTICE OF THE SUPREME COURT,NONPARTISAN,PATRICK CROOKS,762,753
2006,APRIL,WINNEBAGO,WINNECONNE VILLAGE WARDS 1 - 4,SPRING GENERAL,JUSTICE OF THE SUPREME COURT,NONPARTISAN,SCATTERING,762,9
2006,APRIL,WINNEBAGO,APPLETON CITY WARD 38,SPRING GENERAL,JUSTICE OF THE SUPREME COURT,NONPARTISAN,PATRICK CROOKS,92,90
2006,APRIL,WINNEBAGO,APPLETON CITY WARD 38,SPRING GENERAL,JUSTICE OF THE SUPREME COURT,NONPARTISAN,SCATTERING,92,2
2006,APRIL,WINNEBAGO,APPLETON CITY WARD 39,SPRING GENERAL,JUSTICE OF THE SUPREME COURT,NONPARTISAN,PATRICK CROOKS,24,24
2006,APRIL,WINNEBAGO,APPLETON CITY WARD 39,SPRING GENERAL,JUSTICE OF THE SUPREME COURT,NONPARTISAN,SCATTERING,24,0
2006,APRIL,WINNEBAGO,APPLETON CITY WARD 49,SPRING GENERAL,JUSTICE OF THE SUPREME COURT,NONPARTISAN,PATRICK CROOKS,4,4
2006,APRIL,WINNEBAGO,APPLETON CITY WARD 49,SPRING GENERAL,JUSTICE OF THE SUPREME COURT,NONPARTISAN,SCATTERING,4,0
2006,APRIL,WINNEBAGO,MENASHA CITY WARDS 1 & 2,SPRING GENERAL,JUSTICE OF THE SUPREME COURT,NONPARTISAN,PATRICK CROOKS,359,354
2006,APRIL,WINNEBAGO,MENASHA CITY WARDS 1 & 2,SPRING GENERAL,JUSTICE OF THE SUPREME COURT,NONPARTISAN,SCATTERING,359,5
2006,APRIL,WINNEBAGO,"MENASHA CITY WARDS 3, 4, 7, 12 & 13",SPRING GENERAL,JUSTICE OF THE SUPREME COURT,NONPARTISAN,PATRICK CROOKS,416,415
2006,APRIL,WINNEBAGO,"MENASHA CITY WARDS 3, 4, 7, 12 & 13",SPRING GENERAL,JUSTICE OF THE SUPREME COURT,NONPARTISAN,SCATTERING,416,1
2006,APRIL,WINNEBAGO,MENASHA CITY WARDS 5 & 6,SPRING GENERAL,JUSTICE OF THE SUPREME COURT,NONPARTISAN,PATRICK CROOKS,396,394
2006,APRIL,WINNEBAGO,MENASHA CITY WARDS 5 & 6,SPRING GENERAL,JUSTICE OF THE SUPREME COURT,NONPARTISAN,SCATTERING,396,2
2006,APRIL,WINNEBAGO,"MENASHA CITY WARDS 8 - 10, 14 & 18",SPRING GENERAL,JUSTICE OF THE SUPREME COURT,NONPARTISAN,PATRICK CROOKS,232,230
2006,APRIL,WINNEBAGO,"MENASHA CITY WARDS 8 - 10, 14 & 18",SPRING GENERAL,JUSTICE OF THE SUPREME COURT,NONPARTISAN,SCATTERING,232,2
2006,APRIL,WINNEBAGO,NEENAH CITY WARDS 1 - 4,SPRING GENERAL,JUSTICE OF THE SUPREME COURT,NONPARTISAN,PATRICK CROOKS,412,411
2006,APRIL,WINNEBAGO,NEENAH CITY WARDS 1 - 4,SPRING GENERAL,JUSTICE OF THE SUPREME COURT,NONPARTISAN,SCATTERING,412,1
2006,APRIL,WINNEBAGO,NEENAH CITY WARDS 5 - 8,SPRING GENERAL,JUSTICE OF THE SUPREME COURT,NONPARTISAN,PATRICK CROOKS,360,356
2006,APRIL,WINNEBAGO,NEENAH CITY WARDS 5 - 8,SPRING GENERAL,JUSTICE OF THE SUPREME COURT,NONPARTISAN,SCATTERING,360,4
2006,APRIL,WINNEBAGO,NEENAH CITY WARDS 9 - 12 & 30,SPRING GENERAL,JUSTICE OF THE SUPREME COURT,NONPARTISAN,PATRICK CROOKS,637,630
2006,APRIL,WINNEBAGO,NEENAH CITY WARDS 9 - 12 & 30,SPRING GENERAL,JUSTICE OF THE SUPREME COURT,NONPARTISAN,SCATTERING,637,7
2006,APRIL,WINNEBAGO,"NEENAH CITY WARDS 13 - 16, 27 & 28",SPRING GENERAL,JUSTICE OF THE SUPREME COURT,NONPARTISAN,PATRICK CROOKS,458,456
2006,APRIL,WINNEBAGO,"NEENAH CITY WARDS 13 - 16, 27 & 28",SPRING GENERAL,JUSTICE OF THE SUPREME COURT,NONPARTISAN,SCATTERING,458,2
2006,APRIL,WINNEBAGO,"NEENAH CITY WARDS 17 - 20, 29 & 32",SPRING GENERAL,JUSTICE OF THE SUPREME COURT,NONPARTISAN,PATRICK CROOKS,330,329
2006,APRIL,WINNEBAGO,"NEENAH CITY WARDS 17 - 20, 29 & 32",SPRING GENERAL,JUSTICE OF THE SUPREME COURT,NONPARTISAN,SCATTERING,330,1
2006,APRIL,WINNEBAGO,NEENAH CITY WARDS 21 - 26 & 31,SPRING GENERAL,JUSTICE OF THE SUPREME COURT,NONPARTISAN,PATRICK CROOKS,463,463
2006,APRIL,WINNEBAGO,NEENAH CITY WARDS 21 - 26 & 31,SPRING GENERAL,JUSTICE OF THE SUPREME COURT,NONPARTISAN,SCATTERING,463,0
2006,APRIL,WINNEBAGO,OMRO CITY WARDS 1 - 7,SPRING GENERAL,JUSTICE OF THE SUPREME COURT,NONPARTISAN,PATRICK CROOKS,422,422
2006,APRIL,WINNEBAGO,OMRO CITY WARDS 1 - 7,SPRING GENERAL,JUSTICE OF THE SUPREME COURT,NONPARTISAN,SCATTERING,422,0
2006,APRIL,WINNEBAGO,OSHKOSH CITY WARD 1,SPRING GENERAL,JUSTICE OF THE SUPREME COURT,NONPARTISAN,PATRICK CROOKS,192,190
2006,APRIL,WINNEBAGO,OSHKOSH CITY WARD 1,SPRING GENERAL,JUSTICE OF THE SUPREME COURT,NONPARTISAN,SCATTERING,192,2
2006,APRIL,WINNEBAGO,OSHKOSH CITY WARD 2,SPRING GENERAL,JUSTICE OF THE SUPREME COURT,NONPARTISAN,PATRICK CROOKS,186,186
2006,APRIL,WINNEBAGO,OSHKOSH CITY WARD 2,SPRING GENERAL,JUSTICE OF THE SUPREME COURT,NONPARTISAN,SCATTERING,186,0
2006,APRIL,WINNEBAGO,OSHKOSH CITY WARD 3,SPRING GENERAL,JUSTICE OF THE SUPREME COURT,NONPARTISAN,PATRICK CROOKS,184,184
2006,APRIL,WINNEBAGO,OSHKOSH CITY WARD 3,SPRING GENERAL,JUSTICE OF THE SUPREME COURT,NONPARTISAN,SCATTERING,184,0
2006,APRIL,WINNEBAGO,OSHKOSH CITY WARD 4,SPRING GENERAL,JUSTICE OF THE SUPREME COURT,NONPARTISAN,PATRICK CROOKS,69,69
2006,APRIL,WINNEBAGO,OSHKOSH CITY WARD 4,SPRING GENERAL,JUSTICE OF THE SUPREME COURT,NONPARTISAN,SCATTERING,69,0
2006,APRIL,WINNEBAGO,OSHKOSH CITY WARD 5,SPRING GENERAL,JUSTICE OF THE SUPREME COURT,NONPARTISAN,PATRICK CROOKS,26,26
2006,APRIL,WINNEBAGO,OSHKOSH CITY WARD 5,SPRING GENERAL,JUSTICE OF THE SUPREME COURT,NONPARTISAN,SCATTERING,26,0
2006,APRIL,WINNEBAGO,OSHKOSH CITY WARD 6,SPRING GENERAL,JUSTICE OF THE SUPREME COURT,NONPARTISAN,PATRICK CROOKS,19,19
2006,APRIL,WINNEBAGO,OSHKOSH CITY WARD 6,SPRING GENERAL,JUSTICE OF THE SUPREME COURT,NONPARTISAN,SCATTERING,19,0
2006,APRIL,WINNEBAGO,OSHKOSH CITY WARD 7,SPRING GENERAL,JUSTICE OF THE SUPREME COURT,NONPARTISAN,PATRICK CROOKS,176,175
2006,APRIL,WINNEBAGO,OSHKOSH CITY WARD 7,SPRING GENERAL,JUSTICE OF THE SUPREME COURT,NONPARTISAN,SCATTERING,176,1
2006,APRIL,WINNEBAGO,OSHKOSH CITY WARD 8,SPRING GENERAL,JUSTICE OF THE SUPREME COURT,NONPARTISAN,PATRICK CROOKS,359,353
2006,APRIL,WINNEBAGO,OSHKOSH CITY WARD 8,SPRING GENERAL,JUSTICE OF THE SUPREME COURT,NONPARTISAN,SCATTERING,359,6
2006,APRIL,WINNEBAGO,OSHKOSH CITY WARD 9,SPRING GENERAL,JUSTICE OF THE SUPREME COURT,NONPARTISAN,PATRICK CROOKS,139,136
2006,APRIL,WINNEBAGO,OSHKOSH CITY WARD 9,SPRING GENERAL,JUSTICE OF THE SUPREME COURT,NONPARTISAN,SCATTERING,139,3
2006,APRIL,WINNEBAGO,OSHKOSH CITY WARD 10,SPRING GENERAL,JUSTICE OF THE SUPREME COURT,NONPARTISAN,PATRICK CROOKS,164,163
2006,APRIL,WINNEBAGO,OSHKOSH CITY WARD 10,SPRING GENERAL,JUSTICE OF THE SUPREME COURT,NONPARTISAN,SCATTERING,164,1
2006,APRIL,WINNEBAGO,OSHKOSH CITY WARD 11,SPRING GENERAL,JUSTICE OF THE SUPREME COURT,NONPARTISAN,PATRICK CROOKS,201,197
2006,APRIL,WINNEBAGO,OSHKOSH CITY WARD 11,SPRING GENERAL,JUSTICE OF THE SUPREME COURT,NONPARTISAN,SCATTERING,201,4
2006,APRIL,WINNEBAGO,OSHKOSH CITY WARD 12,SPRING GENERAL,JUSTICE OF THE SUPREME COURT,NONPARTISAN,PATRICK CROOKS,98,97
2006,APRIL,WINNEBAGO,OSHKOSH CITY WARD 12,SPRING GENERAL,JUSTICE OF THE SUPREME COURT,NONPARTISAN,SCATTERING,98,1
2006,APRIL,WINNEBAGO,OSHKOSH CITY WARD 13,SPRING GENERAL,JUSTICE OF THE SUPREME COURT,NONPARTISAN,PATRICK CROOKS,14,12
2006,APRIL,WINNEBAGO,OSHKOSH CITY WARD 13,SPRING GENERAL,JUSTICE OF THE SUPREME COURT,NONPARTISAN,SCATTERING,14,2
2006,APRIL,WINNEBAGO,OSHKOSH CITY WARD 14,SPRING GENERAL,JUSTICE OF THE SUPREME COURT,NONPARTISAN,PATRICK CROOKS,20,19
2006,APRIL,WINNEBAGO,OSHKOSH CITY WARD 14,SPRING GENERAL,JUSTICE OF THE SUPREME COURT,NONPARTISAN,SCATTERING,20,1
2006,APRIL,WINNEBAGO,OSHKOSH CITY WARD 15,SPRING GENERAL,JUSTICE OF THE SUPREME COURT,NONPARTISAN,PATRICK CROOKS,88,84
2006,APRIL,WINNEBAGO,OSHKOSH CITY WARD 15,SPRING GENERAL,JUSTICE OF THE SUPREME COURT,NONPARTISAN,SCATTERING,88,4
2006,APRIL,WINNEBAGO,OSHKOSH CITY WARD 16,SPRING GENERAL,JUSTICE OF THE SUPREME COURT,NONPARTISAN,PATRICK CROOKS,81,80
2006,APRIL,WINNEBAGO,OSHKOSH CITY WARD 16,SPRING GENERAL,JUSTICE OF THE SUPREME COURT,NONPARTISAN,SCATTERING,81,1
2006,APRIL,WINNEBAGO,OSHKOSH CITY WARD 17,SPRING GENERAL,JUSTICE OF THE SUPREME COURT,NONPARTISAN,PATRICK CROOKS,295,290
2006,APRIL,WINNEBAGO,OSHKOSH CITY WARD 17,SPRING GENERAL,JUSTICE OF THE SUPREME COURT,NONPARTISAN,SCATTERING,295,5
2006,APRIL,WINNEBAGO,OSHKOSH CITY WARD 18,SPRING GENERAL,JUSTICE OF THE SUPREME COURT,NONPARTISAN,PATRICK CROOKS,130,129
2006,APRIL,WINNEBAGO,OSHKOSH CITY WARD 18,SPRING GENERAL,JUSTICE OF THE SUPREME COURT,NONPARTISAN,SCATTERING,130,1
2006,APRIL,WINNEBAGO,OSHKOSH CITY WARD 19,SPRING GENERAL,JUSTICE OF THE SUPREME COURT,NONPARTISAN,PATRICK CROOKS,178,170
2006,APRIL,WINNEBAGO,OSHKOSH CITY WARD 19,SPRING GENERAL,JUSTICE OF THE SUPREME COURT,NONPARTISAN,SCATTERING,178,8
2006,APRIL,WINNEBAGO,OSHKOSH CITY WARD 20,SPRING GENERAL,JUSTICE OF THE SUPREME COURT,NONPARTISAN,PATRICK CROOKS,146,143
2006,APRIL,WINNEBAGO,OSHKOSH CITY WARD 20,SPRING GENERAL,JUSTICE OF THE SUPREME COURT,NONPARTISAN,SCATTERING,146,3
2006,APRIL,WINNEBAGO,OSHKOSH CITY WARD 21,SPRING GENERAL,JUSTICE OF THE SUPREME COURT,NONPARTISAN,PATRICK CROOKS,126,125
2006,APRIL,WINNEBAGO,OSHKOSH CITY WARD 21,SPRING GENERAL,JUSTICE OF THE SUPREME COURT,NONPARTISAN,SCATTERING,126,1
2006,APRIL,WINNEBAGO,OSHKOSH CITY WARD 22,SPRING GENERAL,JUSTICE OF THE SUPREME COURT,NONPARTISAN,PATRICK CROOKS,154,150
2006,APRIL,WINNEBAGO,OSHKOSH CITY WARD 22,SPRING GENERAL,JUSTICE OF THE SUPREME COURT,NONPARTISAN,SCATTERING,154,4
2006,APRIL,WINNEBAGO,OSHKOSH CITY WARD 23,SPRING GENERAL,JUSTICE OF THE SUPREME COURT,NONPARTISAN,PATRICK CROOKS,182,182
2006,APRIL,WINNEBAGO,OSHKOSH CITY WARD 23,SPRING GENERAL,JUSTICE OF THE SUPREME COURT,NONPARTISAN,SCATTERING,182,0
2006,APRIL,WINNEBAGO,OSHKOSH CITY WARD 24,SPRING GENERAL,JUSTICE OF THE SUPREME COURT,NONPARTISAN,PATRICK CROOKS,267,262
2006,APRIL,WINNEBAGO,OSHKOSH CITY WARD 24,SPRING GENERAL,JUSTICE OF THE SUPREME COURT,NONPARTISAN,SCATTERING,267,5
2006,APRIL,WINNEBAGO,OSHKOSH CITY WARD 25,SPRING GENERAL,JUSTICE OF THE SUPREME COURT,NONPARTISAN,PATRICK CROOKS,61,60
2006,APRIL,WINNEBAGO,OSHKOSH CITY WARD 25,SPRING GENERAL,JUSTICE OF THE SUPREME COURT,NONPARTISAN,SCATTERING,61,1
2006,APRIL,WINNEBAGO,OSHKOSH CITY WARD 26,SPRING GENERAL,JUSTICE OF THE SUPREME COURT,NONPARTISAN,PATRICK CROOKS,296,296
2006,APRIL,WINNEBAGO,OSHKOSH CITY WARD 26,SPRING GENERAL,JUSTICE OF THE SUPREME COURT,NONPARTISAN,SCATTERING,296,0
2006,APRIL,WINNEBAGO,OSHKOSH CITY WARD 27,SPRING GENERAL,JUSTICE OF THE SUPREME COURT,NONPARTISAN,PATRICK CROOKS,213,212
2006,APRIL,WINNEBAGO,OSHKOSH CITY WARD 27,SPRING GENERAL,JUSTICE OF THE SUPREME COURT,NONPARTISAN,SCATTERING,213,1
2006,APRIL,WINNEBAGO,OSHKOSH CITY WARD 28,SPRING GENERAL,JUSTICE OF THE SUPREME COURT,NONPARTISAN,PATRICK CROOKS,313,312
2006,APRIL,WINNEBAGO,OSHKOSH CITY WARD 28,SPRING GENERAL,JUSTICE OF THE SUPREME COURT,NONPARTISAN,SCATTERING,313,1
2006,APRIL,WINNEBAGO,OSHKOSH CITY WARD 29,SPRING GENERAL,JUSTICE OF THE SUPREME COURT,NONPARTISAN,PATRICK CROOKS,295,293
2006,APRIL,WINNEBAGO,OSHKOSH CITY WARD 29,SPRING GENERAL,JUSTICE OF THE SUPREME COURT,NONPARTISAN,SCATTERING,295,2
2006,APRIL,WINNEBAGO,OSHKOSH CITY WARD 30,SPRING GENERAL,JUSTICE OF THE SUPREME COURT,NONPARTISAN,PATRICK CROOKS,159,157
2006,APRIL,WINNEBAGO,OSHKOSH CITY WARD 30,SPRING GENERAL,JUSTICE OF THE SUPREME COURT,NONPARTISAN,SCATTERING,159,2
2006,APRIL,WINNEBAGO,OSHKOSH CITY WARD 31,SPRING GENERAL,JUSTICE OF THE SUPREME COURT,NONPARTISAN,PATRICK CROOKS,267,266
2006,APRIL,WINNEBAGO,OSHKOSH CITY WARD 31,SPRING GENERAL,JUSTICE OF THE SUPREME COURT,NONPARTISAN,SCATTERING,267,1
2006,APRIL,WINNEBAGO,OSHKOSH CITY WARD 32,SPRING GENERAL,JUSTICE OF THE SUPREME COURT,NONPARTISAN,PATRICK CROOKS,261,259
2006,APRIL,WINNEBAGO,OSHKOSH CITY WARD 32,SPRING GENERAL,JUSTICE OF THE SUPREME COURT,NONPARTISAN,SCATTERING,261,2
2006,APRIL,WINNEBAGO,OSHKOSH CITY WARD 33,SPRING GENERAL,JUSTICE OF THE SUPREME COURT,NONPARTISAN,PATRICK CROOKS,259,259
2006,APRIL,WINNEBAGO,OSHKOSH CITY WARD 33,SPRING GENERAL,JUSTICE OF THE SUPREME COURT,NONPARTISAN,SCATTERING,259,0
2006,APRIL,WINNEBAGO,OSHKOSH CITY WARD 34,SPRING GENERAL,JUSTICE OF THE SUPREME COURT,NONPARTISAN,PATRICK CROOKS,1,1
2006,APRIL,WINNEBAGO,OSHKOSH CITY WARD 34,SPRING GENERAL,JUSTICE OF THE SUPREME COURT,NONPARTISAN,SCATTERING,1,0
2006,APRIL,WINNEBAGO,OSHKOSH CITY WARD 35,SPRING GENERAL,JUSTICE OF THE SUPREME COURT,NONPARTISAN,PATRICK CROOKS,3,3
2006,APRIL,WINNEBAGO,OSHKOSH CITY WARD 35,SPRING GENERAL,JUSTICE OF THE SUPREME COURT,NONPARTISAN,SCATTERING,3,0
2006,APRIL,WINNEBAGO,OSHKOSH CITY WARD 36,SPRING GENERAL,JUSTICE OF THE SUPREME COURT,NONPARTISAN,PATRICK CROOKS,0,0
2006,APRIL,WINNEBAGO,OSHKOSH CITY WARD 36,SPRING GENERAL,JUSTICE OF THE SUPREME COURT,NONPARTISAN,SCATTERING,0,0
2006,APRIL,WINNEBAGO,OSHKOSH CITY WARD 37,SPRING GENERAL,JUSTICE OF THE SUPREME COURT,NONPARTISAN,PATRICK CROOKS,0,0
2006,APRIL,WINNEBAGO,OSHKOSH CITY WARD 37,SPRING GENERAL,JUSTICE OF THE SUPREME COURT,NONPARTISAN,SCATTERING,0,0
2006,APRIL,WINNEBAGO,OSHKOSH CITY WARD 38,SPRING GENERAL,JUSTICE OF THE SUPREME COURT,NONPARTISAN,PATRICK CROOKS,0,0
2006,APRIL,WINNEBAGO,OSHKOSH CITY WARD 38,SPRING GENERAL,JUSTICE OF THE SUPREME COURT,NONPARTISAN,SCATTERING,0,0
2006,APRIL,WOOD,ARPIN TOWN WARDS 1 - 3,SPRING GENERAL,JUSTICE OF THE SUPREME COURT,NONPARTISAN,PATRICK CROOKS,63,63
2006,APRIL,WOOD,ARPIN TOWN WARDS 1 - 3,SPRING GENERAL,JUSTICE OF THE SUPREME COURT,NONPARTISAN,SCATTERING,63,0
2006,APRIL,WOOD,AUBURNDALE TOWN WARD 1,SPRING GENERAL,JUSTICE OF THE SUPREME COURT,NONPARTISAN,PATRICK CROOKS,104,104
2006,APRIL,WOOD,AUBURNDALE TOWN WARD 1,SPRING GENERAL,JUSTICE OF THE SUPREME COURT,NONPARTISAN,SCATTERING,104,0
2006,APRIL,WOOD,CAMERON TOWN WARD 1,SPRING GENERAL,JUSTICE OF THE SUPREME COURT,NONPARTISAN,PATRICK CROOKS,44,44
2006,APRIL,WOOD,CAMERON TOWN WARD 1,SPRING GENERAL,JUSTICE OF THE SUPREME COURT,NONPARTISAN,SCATTERING,44,0
2006,APRIL,WOOD,CARY TOWN WARD 1,SPRING GENERAL,JUSTICE OF THE SUPREME COURT,NONPARTISAN,PATRICK CROOKS,26,26
2006,APRIL,WOOD,CARY TOWN WARD 1,SPRING GENERAL,JUSTICE OF THE SUPREME COURT,NONPARTISAN,SCATTERING,26,0
2006,APRIL,WOOD,CRANMOOR TOWN WARD 1,SPRING GENERAL,JUSTICE OF THE SUPREME COURT,NONPARTISAN,PATRICK CROOKS,25,25
2006,APRIL,WOOD,CRANMOOR TOWN WARD 1,SPRING GENERAL,JUSTICE OF THE SUPREME COURT,NONPARTISAN,SCATTERING,25,0
2006,APRIL,WOOD,DEXTER TOWN WARD 1,SPRING GENERAL,JUSTICE OF THE SUPREME COURT,NONPARTISAN,PATRICK CROOKS,53,53
2006,APRIL,WOOD,DEXTER TOWN WARD 1,SPRING GENERAL,JUSTICE OF THE SUPREME COURT,NONPARTISAN,SCATTERING,53,0
2006,APRIL,WOOD,GRAND RAPIDS TOWN WARDS 1 - 13,SPRING GENERAL,JUSTICE OF THE SUPREME COURT,NONPARTISAN,PATRICK CROOKS,1555,1551
2006,APRIL,WOOD,GRAND RAPIDS TOWN WARDS 1 - 13,SPRING GENERAL,JUSTICE OF THE SUPREME COURT,NONPARTISAN,SCATTERING,1555,4
2006,APRIL,WOOD,HANSEN TOWN WARD 1,SPRING GENERAL,JUSTICE OF THE SUPREME COURT,NONPARTISAN,PATRICK CROOKS,112,112
2006,APRIL,WOOD,HANSEN TOWN WARD 1,SPRING GENERAL,JUSTICE OF THE SUPREME COURT,NONPARTISAN,SCATTERING,112,0
2006,APRIL,WOOD,HILES TOWN WARD 1,SPRING GENERAL,JUSTICE OF THE SUPREME COURT,NONPARTISAN,PATRICK CROOKS,31,31
2006,APRIL,WOOD,HILES TOWN WARD 1,SPRING GENERAL,JUSTICE OF THE SUPREME COURT,NONPARTISAN,SCATTERING,31,0
2006,APRIL,WOOD,LINCOLN TOWN WARDS 1 & 2,SPRING GENERAL,JUSTICE OF THE SUPREME COURT,NONPARTISAN,PATRICK CROOKS,228,227
2006,APRIL,WOOD,LINCOLN TOWN WARDS 1 & 2,SPRING GENERAL,JUSTICE OF THE SUPREME COURT,NONPARTISAN,SCATTERING,228,1
2006,APRIL,WOOD,MARSHFIELD TOWN WARD 1,SPRING GENERAL,JUSTICE OF THE SUPREME COURT,NONPARTISAN,PATRICK CROOKS,55,55
2006,APRIL,WOOD,MARSHFIELD TOWN WARD 1,SPRING GENERAL,JUSTICE OF THE SUPREME COURT,NONPARTISAN,SCATTERING,55,0
2006,APRIL,WOOD,MILLADORE TOWN WARD 1,SPRING GENERAL,JUSTICE OF THE SUPREME COURT,NONPARTISAN,PATRICK CROOKS,77,77
2006,APRIL,WOOD,MILLADORE TOWN WARD 1,SPRING GENERAL,JUSTICE OF THE SUPREME COURT,NONPARTISAN,SCATTERING,77,0
2006,APRIL,WOOD,PORT EDWARDS TOWN WARDS 1 - 3,SPRING GENERAL,JUSTICE OF THE SUPREME COURT,NONPARTISAN,PATRICK CROOKS,79,79
2006,APRIL,WOOD,PORT EDWARDS TOWN WARDS 1 - 3,SPRING GENERAL,JUSTICE OF THE SUPREME COURT,NONPARTISAN,SCATTERING,79,0
2006,APRIL,WOOD,REMINGTON TOWN WARD 1,SPRING GENERAL,JUSTICE OF THE SUPREME COURT,NONPARTISAN,PATRICK CROOKS,30,30
2006,APRIL,WOOD,REMINGTON TOWN WARD 1,SPRING GENERAL,JUSTICE OF THE SUPREME COURT,NONPARTISAN,SCATTERING,30,0
2006,APRIL,WOOD,RICHFIELD TOWN WARDS 1 & 2,SPRING GENERAL,JUSTICE OF THE SUPREME COURT,NONPARTISAN,PATRICK CROOKS,81,81
2006,APRIL,WOOD,RICHFIELD TOWN WARDS 1 & 2,SPRING GENERAL,JUSTICE OF THE SUPREME COURT,NONPARTISAN,SCATTERING,81,0
2006,APRIL,WOOD,ROCK TOWN WARD 1,SPRING GENERAL,JUSTICE OF THE SUPREME COURT,NONPARTISAN,PATRICK CROOKS,103,103
2006,APRIL,WOOD,ROCK TOWN WARD 1,SPRING GENERAL,JUSTICE OF THE SUPREME COURT,NONPARTISAN,SCATTERING,103,0
2006,APRIL,WOOD,RUDOLPH TOWN WARDS 1 & 2,SPRING GENERAL,JUSTICE OF THE SUPREME COURT,NONPARTISAN,PATRICK CROOKS,173,173
2006,APRIL,WOOD,RUDOLPH TOWN WARDS 1 & 2,SPRING GENERAL,JUSTICE OF THE SUPREME COURT,NONPARTISAN,SCATTERING,173,0
2006,APRIL,WOOD,SARATOGA TOWN WARDS 1 - 6,SPRING GENERAL,JUSTICE OF THE SUPREME COURT,NONPARTISAN,PATRICK CROOKS,355,355
2006,APRIL,WOOD,SARATOGA TOWN WARDS 1 - 6,SPRING GENERAL,JUSTICE OF THE SUPREME COURT,NONPARTISAN,SCATTERING,355,0
2006,APRIL,WOOD,SENECA TOWN WARDS 1 - 3,SPRING GENERAL,JUSTICE OF THE SUPREME COURT,NONPARTISAN,PATRICK CROOKS,135,135
2006,APRIL,WOOD,SENECA TOWN WARDS 1 - 3,SPRING GENERAL,JUSTICE OF THE SUPREME COURT,NONPARTISAN,SCATTERING,135,0
2006,APRIL,WOOD,SHERRY TOWN WARD 1,SPRING GENERAL,JUSTICE OF THE SUPREME COURT,NONPARTISAN,PATRICK CROOKS,81,81
2006,APRIL,WOOD,SHERRY TOWN WARD 1,SPRING GENERAL,JUSTICE OF THE SUPREME COURT,NONPARTISAN,SCATTERING,81,0
2006,APRIL,WOOD,SIGEL TOWN WARDS 1 - 4,SPRING GENERAL,JUSTICE OF THE SUPREME COURT,NONPARTISAN,PATRICK CROOKS,207,207
2006,APRIL,WOOD,SIGEL TOWN WARDS 1 - 4,SPRING GENERAL,JUSTICE OF THE SUPREME COURT,NONPARTISAN,SCATTERING,207,0
2006,APRIL,WOOD,WOOD TOWN WARD 1,SPRING GENERAL,JUSTICE OF THE SUPREME COURT,NONPARTISAN,PATRICK CROOKS,84,84
2006,APRIL,WOOD,WOOD TOWN WARD 1,SPRING GENERAL,JUSTICE OF THE SUPREME COURT,NONPARTISAN,SCATTERING,84,0
2006,APRIL,WOOD,ARPIN VILLAGE WARD 1,SPRING GENERAL,JUSTICE OF THE SUPREME COURT,NONPARTISAN,PATRICK CROOKS,46,46
2006,APRIL,WOOD,ARPIN VILLAGE WARD 1,SPRING GENERAL,JUSTICE OF THE SUPREME COURT,NONPARTISAN,SCATTERING,46,0
2006,APRIL,WOOD,AUBURNDALE VILLAGE WARD 1,SPRING GENERAL,JUSTICE OF THE SUPREME COURT,NONPARTISAN,PATRICK CROOKS,117,117
2006,APRIL,WOOD,AUBURNDALE VILLAGE WARD 1,SPRING GENERAL,JUSTICE OF THE SUPREME COURT,NONPARTISAN,SCATTERING,117,0
2006,APRIL,WOOD,BIRON VILLAGE WARD 1,SPRING GENERAL,JUSTICE OF THE SUPREME COURT,NONPARTISAN,PATRICK CROOKS,235,235
2006,APRIL,WOOD,BIRON VILLAGE WARD 1,SPRING GENERAL,JUSTICE OF THE SUPREME COURT,NONPARTISAN,SCATTERING,235,0
2006,APRIL,WOOD,HEWITT VILLAGE WARD 1,SPRING GENERAL,JUSTICE OF THE SUPREME COURT,NONPARTISAN,PATRICK CROOKS,76,76
2006,APRIL,WOOD,HEWITT VILLAGE WARD 1,SPRING GENERAL,JUSTICE OF THE SUPREME COURT,NONPARTISAN,SCATTERING,76,0
2006,APRIL,WOOD,MILLADORE VILLAGE WARD 1,SPRING GENERAL,JUSTICE OF THE SUPREME COURT,NONPARTISAN,PATRICK CROOKS,36,36
2006,APRIL,WOOD,MILLADORE VILLAGE WARD 1,SPRING GENERAL,JUSTICE OF THE SUPREME COURT,NONPARTISAN,SCATTERING,36,0
2006,APRIL,WOOD,PORT EDWARDS VILLAGE WARDS 1 - 3,SPRING GENERAL,JUSTICE OF THE SUPREME COURT,NONPARTISAN,PATRICK CROOKS,246,246
2006,APRIL,WOOD,PORT EDWARDS VILLAGE WARDS 1 - 3,SPRING GENERAL,JUSTICE OF THE SUPREME COURT,NONPARTISAN,SCATTERING,246,0
2006,APRIL,WOOD,RUDOLPH VILLAGE WARD 1,SPRING GENERAL,JUSTICE OF THE SUPREME COURT,NONPARTISAN,PATRICK CROOKS,87,86
2006,APRIL,WOOD,RUDOLPH VILLAGE WARD 1,SPRING GENERAL,JUSTICE OF THE SUPREME COURT,NONPARTISAN,SCATTERING,87,1
2006,APRIL,WOOD,VESPER VILLAGE WARD 1,SPRING GENERAL,JUSTICE OF THE SUPREME COURT,NONPARTISAN,PATRICK CROOKS,113,113
2006,APRIL,WOOD,VESPER VILLAGE WARD 1,SPRING GENERAL,JUSTICE OF THE SUPREME COURT,NONPARTISAN,SCATTERING,113,0
2006,APRIL,WOOD,MARSHFIELD CITY WARDS 1 & 11,SPRING GENERAL,JUSTICE OF THE SUPREME COURT,NONPARTISAN,PATRICK CROOKS,243,242
2006,APRIL,WOOD,MARSHFIELD CITY WARDS 1 & 11,SPRING GENERAL,JUSTICE OF THE SUPREME COURT,NONPARTISAN,SCATTERING,243,1
2006,APRIL,WOOD,MARSHFIELD CITY WARD 2,SPRING GENERAL,JUSTICE OF THE SUPREME COURT,NONPARTISAN,PATRICK CROOKS,249,249
2006,APRIL,WOOD,MARSHFIELD CITY WARD 2,SPRING GENERAL,JUSTICE OF THE SUPREME COURT,NONPARTISAN,SCATTERING,249,0
2006,APRIL,WOOD,"MARSHFIELD CITY WARDS 3, 13 & 23",SPRING GENERAL,JUSTICE OF THE SUPREME COURT,NONPARTISAN,PATRICK CROOKS,394,393
2006,APRIL,WOOD,"MARSHFIELD CITY WARDS 3, 13 & 23",SPRING GENERAL,JUSTICE OF THE SUPREME COURT,NONPARTISAN,SCATTERING,394,1
2006,APRIL,WOOD,"MARSHFIELD CITY WARDS 4, 14 & 24",SPRING GENERAL,JUSTICE OF THE SUPREME COURT,NONPARTISAN,PATRICK CROOKS,398,398
2006,APRIL,WOOD,"MARSHFIELD CITY WARDS 4, 14 & 24",SPRING GENERAL,JUSTICE OF THE SUPREME COURT,NONPARTISAN,SCATTERING,398,0
2006,APRIL,WOOD,MARSHFIELD CITY WARDS 5 & 15,SPRING GENERAL,JUSTICE OF THE SUPREME COURT,NONPARTISAN,PATRICK CROOKS,310,309
2006,APRIL,WOOD,MARSHFIELD CITY WARDS 5 & 15,SPRING GENERAL,JUSTICE OF THE SUPREME COURT,NONPARTISAN,SCATTERING,310,1
2006,APRIL,WOOD,MARSHFIELD CITY WARDS 6 & 16,SPRING GENERAL,JUSTICE OF THE SUPREME COURT,NONPARTISAN,PATRICK CROOKS,318,318
2006,APRIL,WOOD,MARSHFIELD CITY WARDS 6 & 16,SPRING GENERAL,JUSTICE OF THE SUPREME COURT,NONPARTISAN,SCATTERING,318,0
2006,APRIL,WOOD,"MARSHFIELD CITY WARDS 7, 17 & 27",SPRING GENERAL,JUSTICE OF THE SUPREME COURT,NONPARTISAN,PATRICK CROOKS,419,417
2006,APRIL,WOOD,"MARSHFIELD CITY WARDS 7, 17 & 27",SPRING GENERAL,JUSTICE OF THE SUPREME COURT,NONPARTISAN,SCATTERING,419,2
2006,APRIL,WOOD,"MARSHFIELD CITY WARDS 8, 12, 18 & 25",SPRING GENERAL,JUSTICE OF THE SUPREME COURT,NONPARTISAN,PATRICK CROOKS,364,363
2006,APRIL,WOOD,"MARSHFIELD CITY WARDS 8, 12, 18 & 25",SPRING GENERAL,JUSTICE OF THE SUPREME COURT,NONPARTISAN,SCATTERING,364,1
2006,APRIL,WOOD,MARSHFIELD CITY WARDS 9 & 19,SPRING GENERAL,JUSTICE OF THE SUPREME COURT,NONPARTISAN,PATRICK CROOKS,268,262
2006,APRIL,WOOD,MARSHFIELD CITY WARDS 9 & 19,SPRING GENERAL,JUSTICE OF THE SUPREME COURT,NONPARTISAN,SCATTERING,268,6
2006,APRIL,WOOD,MARSHFIELD CITY WARDS 10 & 20,SPRING GENERAL,JUSTICE OF THE SUPREME COURT,NONPARTISAN,PATRICK CROOKS,262,260
2006,APRIL,WOOD,MARSHFIELD CITY WARDS 10 & 20,SPRING GENERAL,JUSTICE OF THE SUPREME COURT,NONPARTISAN,SCATTERING,262,2
2006,APRIL,WOOD,NEKOOSA CITY WARD 1,SPRING GENERAL,JUSTICE OF THE SUPREME COURT,NONPARTISAN,PATRICK CROOKS,37,37
2006,APRIL,WOOD,NEKOOSA CITY WARD 1,SPRING GENERAL,JUSTICE OF THE SUPREME COURT,NONPARTISAN,SCATTERING,37,0
2006,APRIL,WOOD,NEKOOSA CITY WARD 2,SPRING GENERAL,JUSTICE OF THE SUPREME COURT,NONPARTISAN,PATRICK CROOKS,25,25
2006,APRIL,WOOD,NEKOOSA CITY WARD 2,SPRING GENERAL,JUSTICE OF THE SUPREME COURT,NONPARTISAN,SCATTERING,25,0
2006,APRIL,WOOD,NEKOOSA CITY WARDS 3 & 5,SPRING GENERAL,JUSTICE OF THE SUPREME COURT,NONPARTISAN,PATRICK CROOKS,64,64
2006,APRIL,WOOD,NEKOOSA CITY WARDS 3 & 5,SPRING GENERAL,JUSTICE OF THE SUPREME COURT,NONPARTISAN,SCATTERING,64,0
2006,APRIL,WOOD,NEKOOSA CITY WARDS 4 & 6,SPRING GENERAL,JUSTICE OF THE SUPREME COURT,NONPARTISAN,PATRICK CROOKS,32,32
2006,APRIL,WOOD,NEKOOSA CITY WARDS 4 & 6,SPRING GENERAL,JUSTICE OF THE SUPREME COURT,NONPARTISAN,SCATTERING,32,0
2006,APRIL,WOOD,PITTSVILLE CITY WARD 1,SPRING GENERAL,JUSTICE OF THE SUPREME COURT,NONPARTISAN,PATRICK CROOKS,56,56
2006,APRIL,WOOD,PITTSVILLE CITY WARD 1,SPRING GENERAL,JUSTICE OF THE SUPREME COURT,NONPARTISAN,SCATTERING,56,0
2006,APRIL,WOOD,PITTSVILLE CITY WARD 2,SPRING GENERAL,JUSTICE OF THE SUPREME COURT,NONPARTISAN,PATRICK CROOKS,48,48
2006,APRIL,WOOD,PITTSVILLE CITY WARD 2,SPRING GENERAL,JUSTICE OF THE SUPREME COURT,NONPARTISAN,SCATTERING,48,0
2006,APRIL,WOOD,PITTSVILLE CITY WARD 3,SPRING GENERAL,JUSTICE OF THE SUPREME COURT,NONPARTISAN,PATRICK CROOKS,34,34
2006,APRIL,WOOD,PITTSVILLE CITY WARD 3,SPRING GENERAL,JUSTICE OF THE SUPREME COURT,NONPARTISAN,SCATTERING,34,0
2006,APRIL,WOOD,WISCONSIN RAPIDS CITY WARDS 1 - 3,SPRING GENERAL,JUSTICE OF THE SUPREME COURT,NONPARTISAN,PATRICK CROOKS,380,378
2006,APRIL,WOOD,WISCONSIN RAPIDS CITY WARDS 1 - 3,SPRING GENERAL,JUSTICE OF THE SUPREME COURT,NONPARTISAN,SCATTERING,380,2
2006,APRIL,WOOD,WISCONSIN RAPIDS CITY WARDS 4 - 6,SPRING GENERAL,JUSTICE OF THE SUPREME COURT,NONPARTISAN,PATRICK CROOKS,447,446
2006,APRIL,WOOD,WISCONSIN RAPIDS CITY WARDS 4 - 6,SPRING GENERAL,JUSTICE OF THE SUPREME COURT,NONPARTISAN,SCATTERING,447,1
2006,APRIL,WOOD,WISCONSIN RAPIDS CITY WARDS 7 - 11,SPRING GENERAL,JUSTICE OF THE SUPREME COURT,NONPARTISAN,PATRICK CROOKS,580,578
2006,APRIL,WOOD,WISCONSIN RAPIDS CITY WARDS 7 - 11,SPRING GENERAL,JUSTICE OF THE SUPREME COURT,NONPARTISAN,SCATTERING,580,2
2006,APRIL,WOOD,WISCONSIN RAPIDS CITY WARDS 12 - 15,SPRING GENERAL,JUSTICE OF THE SUPREME COURT,NONPARTISAN,PATRICK CROOKS,837,836
2006,APRIL,WOOD,WISCONSIN RAPIDS CITY WARDS 12 - 15,SPRING GENERAL,JUSTICE OF THE SUPREME COURT,NONPARTISAN,SCATTERING,837,1
2006,APRIL,WOOD,WISCONSIN RAPIDS CITY WARDS 16 - 20,SPRING GENERAL,JUSTICE OF THE SUPREME COURT,NONPARTISAN,PATRICK CROOKS,592,592
2006,APRIL,WOOD,WISCONSIN RAPIDS CITY WARDS 16 - 20,SPRING GENERAL,JUSTICE OF THE SUPREME COURT,NONPARTISAN,SCATTERING,592,0
2006,APRIL,WOOD,WISCONSIN RAPIDS CITY WARDS 21 - 23,SPRING GENERAL,JUSTICE OF THE SUPREME COURT,NONPARTISAN,PATRICK CROOKS,580,578
2006,APRIL,WOOD,WISCONSIN RAPIDS CITY WARDS 21 - 23,SPRING GENERAL,JUSTICE OF THE SUPREME COURT,NONPARTISAN,SCATTERING,580,2
